# barony_id,x,y,note
# PROTOTYPE, NOT WIRED IN. Candidate barony seeds derived from the CK2
# positions.txt slots; same format as overrides/barony_seeds.csv, so a
# reviewer can copy rows across.  x,y are canvas pixels of the generated
# map_data/provinces.png, top-left origin.
# Generated by scripts/barony_seeds_from_ck2_positions.py.
# Only the slot-0 (capital/city) and slot-4 (port) rows carry a meaning
# CK2 itself gives the slot; the rest are geometry, not semantics.
# See docs/map_fidelity.md.
b_abarun,7058,1014,c_abarun tribal_holding <- slot0 capital/city
b_abreon,3233,3503,c_abreon city_holding <- slot0 capital/city
b_st_blencagolph,3253,3515,c_abreon church_holding <- slot1 (farthest free in-county slot)
b_achelar,3833,3840,c_achelar castle_holding <- slot0 capital/city
b_ravamyar_wood,3815,3851,c_achelar city_holding <- slot4 port
b_huorm,5725,3257,c_adamas_tooth city_holding <- slot0 capital/city
b_mulur,5696,3230,c_adamas_tooth castle_holding <- slot6 (farthest free in-county slot)
b_hall_of_kings,2922,498,c_adbarrim castle_holding <- slot0 capital/city
b_adbarrim,2932,488,c_adbarrim city_holding <- slot4 port
b_vetkth,4503,3638,c_addak tribal_holding <- slot0 capital/city
b_baex,4486,2344,c_adder_swamp church_holding <- slot0 capital/city
b_adder_point,4212,2665,c_adder_woods tribal_holding <- slot0 capital/city
b_adderspring,4400,2604,c_adderspring castle_holding <- slot0 capital/city
b_adhal,5275,5372,c_adhal castle_holding <- slot0 capital/city
b_yagrah,5273,5385,c_adhal city_holding <- slot4 port
b_adrila,5826,5415,c_adrila castle_holding <- slot0 capital/city
b_banyshu,5340,3251,c_aerilpar_forest tribal_holding <- slot0 capital/city
b_duhlnarim,3387,2456,c_ahlarkhem castle_holding <- slot0 capital/city
b_furrowswich,3393,2468,c_ahlarkhem city_holding <- slot4 port
b_saarlik,3372,2479,c_ahlarkhem church_holding <- slot5 (farthest free in-county slot)
b_ahma,2432,3593,c_ahma tribal_holding <- slot0 capital/city
b_ahruukar,4732,1748,c_ahruukar castle_holding <- slot0 capital/city
b_arau,4742,1739,c_ahruukar city_holding <- slot4 port
b_vardetor,4752,1760,c_ahruukar church_holding <- slot1 (farthest free in-county slot)
b_ahtitlak,4257,961,c_ahtitlak tribal_holding <- slot0 capital/city
b_takari,4308,965,c_ahtitlak church_holding <- slot4 (farthest free in-county slot)
b_aib,5586,5565,c_aib castle_holding <- slot0 capital/city
b_abu_azada,5635,5593,c_aib city_holding <- slot1 (farthest free in-county slot)
b_aina,5000,2636,c_aina castle_holding <- slot0 capital/city
b_espesha,4992,2690,c_aina city_holding <- slot5 (farthest free in-county slot)
b_airspur,4351,2198,c_airspur city_holding <- slot0 capital/city
b_akanawater,4322,2171,c_airspur church_holding <- slot6 (farthest free in-county slot)
b_the_crimson_wall,4335,2221,c_airspur castle_holding <- slot5 (farthest free in-county slot)
b_ajayib,5254,6265,c_ajayib castle_holding <- slot0 capital/city
b_buni,5240,6234,c_ajayib church_holding <- slot2 (farthest free in-county slot)
b_khamah,5256,6249,c_ajayib church_holding <- slot1 (farthest free in-county slot)
b_orodan,6012,3177,c_ajmer_forest tribal_holding <- slot0 capital/city
b_akaam,2651,3558,c_akaam castle_holding <- slot0 capital/city
b_trawich,2635,3582,c_akaam city_holding <- slot5 (farthest free in-county slot)
b_akanax,4421,2395,c_akanax castle_holding <- slot0 capital/city
b_tulach,4431,2409,c_akanax city_holding <- slot4 port
b_akararbasa,5439,2921,c_akararbasa tribal_holding <- slot0 capital/city
b_akashay,6561,2399,c_akashay tribal_holding <- slot0 capital/city
b_akshu,8021,3851,c_akshu castle_holding <- slot0 capital/city
b_mudanxing,8056,3836,c_akshu city_holding <- slot4 port
b_qingmay,8017,3818,c_akshu church_holding <- slot6 (farthest free in-county slot)
b_al_suweb,5397,5919,c_al_abib tribal_holding <- slot0 capital/city
b_al_anwahr,6026,5225,c_al_anwahr tribal_holding <- slot0 capital/city
b_al_asirr,6727,6312,c_al_asirr castle_holding <- slot0 capital/city
b_bashera,6751,6296,c_al_asirr city_holding <- slot1 (farthest free in-county slot)
b_taxal,6731,6284,c_al_asirr church_holding <- slot3 (farthest free in-county slot)
b_al_azra,5455,4699,c_al_azra castle_holding <- slot0 capital/city
b_khanala,5439,4723,c_al_azra city_holding <- slot5 (farthest free in-county slot)
b_el_khrouled,5400,5299,c_al_faddi tribal_holding <- slot0 capital/city
b_faihakus,5789,6321,c_al_faraq_islands tribal_holding <- slot0 capital/city
b_al_hanieh,6575,5835,c_al_hanieh castle_holding <- slot0 capital/city
b_al_harir,5547,4711,c_al_harir castle_holding <- slot0 capital/city
b_al_harmah,6116,6218,c_al_harmah tribal_holding <- slot0 capital/city
b_tetari,6135,6230,c_al_harmah city_holding <- slot1 (farthest free in-county slot)
b_al_haul,5764,4891,c_al_haul tribal_holding <- slot0 capital/city
b_rana,5924,4891,c_al_kidr tribal_holding <- slot0 capital/city
b_al_kurtum,6827,5972,c_al_kurtum castle_holding <- slot0 capital/city
b_al_mahabanah,5312,6157,c_al_mahabanah tribal_holding <- slot0 capital/city
b_sadul,5889,5649,c_al_malih castle_holding <- slot0 capital/city
b_arehla,5858,5653,c_al_malih city_holding <- slot4 port
b_biduraq,6090,6083,c_al_munamma castle_holding <- slot0 capital/city
b_umm_salal_barata,6110,6095,c_al_munamma church_holding <- slot1 (farthest free in-county slot)
b_al_nuziyyah,5682,5698,c_al_nuziyyah castle_holding <- slot0 capital/city
b_suwut,5678,5682,c_al_nuziyyah city_holding <- slot2 (farthest free in-county slot)
b_al_qahera,5707,2985,c_al_qahera castle_holding <- slot0 capital/city
b_abaghajin,5678,2958,c_al_qahera church_holding <- slot6 (farthest free in-county slot)
b_atao,5678,2968,c_al_qahera city_holding <- slot4 port
b_wadurah,5875,5759,c_al_sarif tribal_holding <- slot0 capital/city
b_bidbooth,5371,6415,c_al_tarik_islands tribal_holding <- slot0 capital/city
b_budiya,5510,5409,c_al_wahl castle_holding <- slot0 capital/city
b_halura,5510,5391,c_al_wahl city_holding <- slot4 port
b_qudana,5676,6609,c_al_zabdiyat castle_holding <- slot0 capital/city
b_alaghon_city,4048,2083,c_alaghon city_holding <- slot4 port
b_demstar,4023,2094,c_alaghon castle_holding <- slot0 (farthest free in-county slot)
b_karakast,4042,2106,c_alaghon church_holding <- slot1 (farthest free in-county slot)
b_alamaqu,7503,998,c_alamaqu city_holding <- slot0 capital/city
b_alamir_rock,3153,2919,c_alamirs_end castle_holding <- slot0 capital/city
b_cliffcrest,3139,2892,c_alamirs_end city_holding <- slot2 (farthest free in-county slot)
b_wensin,3137,2942,c_alamirs_end church_holding <- slot5 (farthest free in-county slot)
b_alamontyr,3847,2868,c_alamontyr castle_holding <- slot0 capital/city
b_felshroum,3839,2870,c_alamontyr church_holding <- slot1 (farthest free in-county slot)
b_morningstar_hollows,3974,2043,c_alaoreum tribal_holding <- slot0 capital/city
b_alashan,6825,2376,c_alashan castle_holding <- slot0 capital/city
b_dokpak,6796,2348,c_alashan church_holding <- slot6 (farthest free in-county slot)
b_keldam,6835,2366,c_alashan city_holding <- slot4 port
b_wangdun,6809,2399,c_alashan castle_holding <- slot5 (farthest free in-county slot)
b_aldani,1967,3396,c_aldani_basin tribal_holding <- slot0 capital/city
b_aldoman,7566,660,c_aldoman tribal_holding <- slot0 capital/city
b_aldreth,906,2767,c_aldreth city_holding <- slot0 capital/city
b_alisiwhann,3065,2645,c_alisiwhann castle_holding <- slot0 capital/city
b_adarthir,3061,2618,c_alisiwhann city_holding <- slot4 port
b_ragkyls_hold,3032,2626,c_alisiwhann city_holding <- slot3 (farthest free in-county slot)
b_marmadani,4707,5614,c_almawt tribal_holding <- slot0 capital/city
b_almorel,5676,1760,c_almorel city_holding <- slot0 capital/city
b_antoumek,5713,1746,c_almorel castle_holding <- slot4 (farthest free in-county slot)
b_almraiven,3100,2858,c_almraiven castle_holding <- slot0 capital/city
b_st_ihrvyn,3085,2882,c_almraiven church_holding <- slot5 (farthest free in-county slot)
b_barakmordin,3008,2522,c_alonmarch city_holding <- slot0 capital/city
b_st_teresa,2979,2495,c_alonmarch church_holding <- slot6 (farthest free in-county slot)
b_thrynnars_hold,2993,2546,c_alonmarch castle_holding <- slot5 (farthest free in-county slot)
b_alorev,390,2554,c_alorev tribal_holding <- slot0 capital/city
b_alphar,4087,1809,c_alphar_and_kelthan castle_holding <- slot0 capital/city
b_nishtul,3694,3935,c_aluar castle_holding <- slot0 capital/city
b_aluarim,3679,3959,c_aluar city_holding <- slot5 (farthest free in-county slot)
b_prensak,3802,1686,c_aluivyn city_holding <- slot0 capital/city
b_chimish,3772,1658,c_aluivyn church_holding <- slot6 (farthest free in-county slot)
b_obbles,3794,1672,c_aluivyn city_holding <- slot2 (farthest free in-county slot)
b_aman,5379,5610,c_aman tribal_holding <- slot0 capital/city
b_amarrev,595,2292,c_amarrev castle_holding <- slot0 capital/city
b_amassa,6378,2362,c_amassa tribal_holding <- slot0 capital/city
b_amazandar,3440,1430,c_amazandar tribal_holding <- slot0 capital/city
b_hlithal,3456,1416,c_amazandar city_holding <- slot4 port
b_ramanth,3429,1416,c_amazandar church_holding <- slot2 (farthest free in-county slot)
b_kufa,3599,6095,c_amekufa castle_holding <- slot0 capital/city
b_amekufa,3618,6107,c_amekufa city_holding <- slot1 (farthest free in-county slot)
b_amkethran,2748,2647,c_amkethran castle_holding <- slot0 capital/city
b_assar,2778,2643,c_amkethran city_holding <- slot4 port
b_kemal,2719,2651,c_amkethran church_holding <- slot5 (farthest free in-county slot)
b_ammathluir,4841,3781,c_ammathluir city_holding <- slot0 capital/city
b_wharjila,4800,3759,c_ammathluir church_holding <- slot6 (farthest free in-county slot)
b_ammathtar,4685,3789,c_ammathtar castle_holding <- slot0 capital/city
b_alarzou,4656,3761,c_ammathtar church_holding <- slot6 (farthest free in-county slot)
b_dunfeld,4650,3800,c_ammathtar city_holding <- slot4 port
b_amnwater,2795,2053,c_amnwater city_holding <- slot0 capital/city
b_ironseth,2825,2059,c_amnwater church_holding <- slot1 (farthest free in-county slot)
b_wheelarit,2815,2038,c_amnwater castle_holding <- slot4 (farthest free in-county slot)
b_yhliivast,2805,2047,c_amnwater castle_holding <- slot2 (farthest free in-county slot)
b_bargewright_inn,2373,990,c_amphail castle_holding <- slot0 capital/city
b_amphail,2391,974,c_amphail city_holding <- slot4 port
b_rundreth,2381,984,c_amphail church_holding <- slot2 (farthest free in-county slot)
b_amral,497,2716,c_amral castle_holding <- slot0 capital/city
b_amruthar,4922,1981,c_amruthar castle_holding <- slot0 capital/city
b_nethwatch,4906,1944,c_amruthar city_holding <- slot4 port
b_amry,3823,1971,c_amry castle_holding <- slot0 capital/city
b_strestead,3829,1979,c_amry city_holding <- slot1 (farthest free in-county slot)
b_trollford,2993,2118,c_amstelar castle_holding <- slot0 capital/city
b_turova,3032,2098,c_amstelar city_holding <- slot4 port
b_warging,4593,3556,c_amtar_eave tribal_holding <- slot0 capital/city
b_anarath,3167,593,c_anarath tribal_holding <- slot0 capital/city
b_anauril,3460,1379,c_anauril tribal_holding <- slot0 capital/city
b_avian_keep,329,648,c_ancients_hollow tribal_holding <- slot0 capital/city
b_angast,5066,2769,c_angast castle_holding <- slot0 capital/city
b_nimez,5037,2741,c_angast church_holding <- slot6 (farthest free in-county slot)
b_sishapesh,5062,2735,c_angast city_holding <- slot4 port
b_angol,4841,2792,c_angol castle_holding <- slot0 capital/city
b_arojas,4847,2755,c_angol city_holding <- slot4 port
b_anhaurz,4822,2018,c_anhaurz castle_holding <- slot0 capital/city
b_mithana,4832,2008,c_anhaurz city_holding <- slot4 port
b_ankatatra,6174,5825,c_ankatatra tribal_holding <- slot0 capital/city
b_ankhapur,3610,2729,c_ankhapur castle_holding <- slot0 capital/city
b_calers_hand,3581,2702,c_ankhapur church_holding <- slot6 (farthest free in-county slot)
b_st_sossor,3595,2753,c_ankhapur castle_holding <- slot5 (farthest free in-county slot)
b_yult,3630,2741,c_ankhapur city_holding <- slot1 (farthest free in-county slot)
b_ankhur,5015,2049,c_ankhur castle_holding <- slot0 capital/city
b_dranikmor,5025,2040,c_ankhur city_holding <- slot4 port
b_yadara,5035,2061,c_ankhur church_holding <- slot1 (farthest free in-county slot)
b_telgath,3733,2702,c_ankhwood tribal_holding <- slot0 capital/city
b_tall_fallunawa,5615,6400,c_anklis_and_qusur tribal_holding <- slot0 capital/city
b_anktarina,6725,4834,c_anktarina tribal_holding <- slot0 capital/city
b_ansi,7175,1442,c_ansi city_holding <- slot0 capital/city
b_ar_rasumah,5557,5821,c_ar_rasumah castle_holding <- slot0 capital/city
b_araash,542,2602,c_araash castle_holding <- slot0 capital/city
b_arabasi,2469,3568,c_arabalar castle_holding <- slot0 capital/city
b_ngube,2440,3540,c_arabalar city_holding <- slot6 (farthest free in-county slot)
b_the_citadel,3401,1643,c_arabel castle_holding <- slot0 capital/city
b_arabel,3415,1658,c_arabel city_holding <- slot4 port
b_the_ladys_hall,3399,1625,c_arabel church_holding <- slot2 (farthest free in-county slot)
b_yeoman_bridge,3395,1660,c_arabel castle_holding <- slot5 (farthest free in-county slot)
b_aradiman,479,2761,c_aradiman tribal_holding <- slot0 capital/city
b_arael,440,2890,c_arael_hills castle_holding <- slot0 capital/city
b_araksa,694,1375,c_araksa castle_holding <- slot0 capital/city
b_araneh,5275,6198,c_araneh castle_holding <- slot0 capital/city
b_sabakan,5246,6167,c_araneh church_holding <- slot2 (farthest free in-county slot)
b_arangyn,874,2522,c_arangyn castle_holding <- slot0 capital/city
b_djerad_azaurand,900,2516,c_arangyn city_holding <- slot5 (farthest free in-county slot)
b_arashand,481,2987,c_arashand tribal_holding <- slot0 capital/city
b_araugul,3323,1487,c_araugul tribal_holding <- slot0 capital/city
b_ostrav,4224,1299,c_arcata castle_holding <- slot0 capital/city
b_valls,4234,1289,c_arcata city_holding <- slot4 port
b_arch_wood,3753,1623,c_arch_wood tribal_holding <- slot0 capital/city
b_archenbridge,3718,1645,c_archenbridge castle_holding <- slot0 capital/city
b_nairning,3759,1649,c_archenbridge church_holding <- slot4 (farthest free in-county slot)
b_ramblecoats,3737,1657,c_archenbridge city_holding <- slot1 (farthest free in-county slot)
b_archtassel,3778,1592,c_archtassel castle_holding <- slot0 capital/city
b_moontassel,3759,1590,c_archtassel city_holding <- slot4 port
b_greentree_haven,2401,1084,c_ardeep_forest tribal_holding <- slot0 capital/city
b_deepening_moon,2391,1107,c_ardeep_forest church_holding <- slot5 (farthest free in-county slot)
b_glen_of_aloevan,2416,1074,c_ardeep_forest city_holding <- slot4 port
b_floshin_manor,2403,1152,c_ardeepsward castle_holding <- slot0 capital/city
b_the_selpir,2393,1127,c_ardeepsward city_holding <- slot2 (farthest free in-county slot)
b_kavu,3534,6321,c_ardhi_kavu city_holding <- slot0 capital/city
b_luvu,3561,6320,c_ardhi_kavu castle_holding <- slot1 (farthest free in-county slot)
b_aretax,286,2710,c_aretax_bay tribal_holding <- slot0 capital/city
b_argaer,878,2317,c_argaervale tribal_holding <- slot0 capital/city
b_argenmoor,3419,2208,c_argenmoor tribal_holding <- slot0 capital/city
b_argul,950,2565,c_argul castle_holding <- slot0 capital/city
b_arjol,4998,3470,c_arjol tribal_holding <- slot0 capital/city
b_armridge,4898,406,c_armridge church_holding <- slot0 capital/city
b_graevelwood,3012,634,c_arn_forest castle_holding <- slot0 capital/city
b_arnrock,3524,2825,c_arnrock castle_holding <- slot0 capital/city
b_arrabar,3868,2411,c_arrabar castle_holding <- slot0 capital/city
b_arkhelar,3870,2421,c_arrabar church_holding <- slot1 (farthest free in-county slot)
b_fort_arran,3896,2507,c_arran castle_holding <- slot0 capital/city
b_arranford,3866,2479,c_arran church_holding <- slot6 (farthest free in-county slot)
b_elburh,3896,2534,c_arran city_holding <- slot4 port
b_arthyn,3505,2948,c_arthyn city_holding <- slot0 capital/city
b_waernd,3489,2972,c_arthyn castle_holding <- slot5 (farthest free in-county slot)
b_arylon,2645,1635,c_arylon castle_holding <- slot0 capital/city
b_asbravn,3028,1743,c_asbravn city_holding <- slot0 capital/city
b_hellgate_keep,2895,720,c_ascalhorn castle_holding <- slot0 capital/city
b_ascalharla,2893,761,c_ascalhorn city_holding <- slot4 port
b_orinthae,2881,744,c_ascalhorn church_holding <- slot5 (farthest free in-county slot)
b_telkouns_tower,2901,742,c_ascalhorn castle_holding <- slot3 (farthest free in-county slot)
b_ascore_gates,3040,607,c_ascore castle_holding <- slot0 capital/city
b_ashabenford,3733,1442,c_ashabenford city_holding <- slot0 capital/city
b_mistletarn,3759,1436,c_ashabenford castle_holding <- slot1 (farthest free in-county slot)
b_the_golden_sheaf,3716,1449,c_ashabenford church_holding <- slot4 (farthest free in-county slot)
b_kannur,4902,1576,c_ashanvast tribal_holding <- slot0 capital/city
b_ashenwood,5054,1461,c_ashenwood tribal_holding <- slot0 capital/city
b_irahat,4542,2995,c_asher_plain tribal_holding <- slot0 capital/city
b_niltuk,4834,2692,c_ashfields castle_holding <- slot0 capital/city
b_gilamuth,4843,2683,c_ashfields city_holding <- slot4 port
b_aspervi,5097,1041,c_aspervi tribal_holding <- slot0 capital/city
b_assam,3513,2192,c_assam city_holding <- slot0 capital/city
b_khearan,3536,2167,c_assam castle_holding <- slot4 (farthest free in-county slot)
b_assundath,3776,4137,c_assundath castle_holding <- slot0 capital/city
b_kithala,3747,4109,c_assundath city_holding <- slot6 (farthest free in-county slot)
b_atai,7994,4029,c_atai tribal_holding <- slot0 capital/city
b_vil,3483,1256,c_atars_looking_glass tribal_holding <- slot0 capital/city
b_athab,5684,2473,c_athab_cape castle_holding <- slot0 capital/city
b_khalab,5654,2446,c_athab_cape city_holding <- slot6 (farthest free in-county slot)
b_scepter_district,2600,2053,c_athkatla city_holding <- slot0 capital/city
b_goldbridge,2614,2049,c_athkatla city_holding <- slot2 (farthest free in-county slot)
b_waukeens_promenade,2614,2057,c_athkatla church_holding <- slot1 (farthest free in-county slot)
b_atoratgins,6421,1731,c_atoratgins tribal_holding <- slot0 capital/city
b_deryks_tomb,4089,416,c_aurils_end church_holding <- slot0 capital/city
b_urt,3913,674,c_aurora tribal_holding <- slot0 capital/city
b_potong,7706,5100,c_aval tribal_holding <- slot0 capital/city
b_avax,4290,2548,c_avax castle_holding <- slot0 capital/city
b_tevilla,4269,2557,c_avax city_holding <- slot4 port
b_avyn,5639,1264,c_avyn tribal_holding <- slot0 capital/city
b_rethgaard,1750,1047,c_axard castle_holding <- slot0 capital/city
b_zhal,3972,4105,c_azhul_pass tribal_holding <- slot0 capital/city
b_azna_camp,4372,3628,c_aznawood tribal_holding <- slot0 capital/city
b_aztul,2657,3795,c_aztul castle_holding <- slot0 capital/city
b_bona,2633,3787,c_aztul city_holding <- slot2 (farthest free in-county slot)
b_azun,5000,2968,c_azun city_holding <- slot0 capital/city
b_eathbeg,4970,2941,c_azun church_holding <- slot6 (farthest free in-county slot)
b_warrington,5010,2958,c_azun city_holding <- slot4 port
b_zalazuu,3667,4119,c_azuni castle_holding <- slot0 capital/city
b_githim,3704,4111,c_azuni city_holding <- slot4 port
b_bab_al_gaba,6823,6099,c_bab_al_gaba castle_holding <- slot0 capital/city
b_gadin,6800,6073,c_bab_al_gaba city_holding <- slot2 (farthest free in-county slot)
b_babado,3116,6380,c_babado castle_holding <- slot0 capital/city
b_lino,3122,6384,c_babado city_holding <- slot1 (farthest free in-county slot)
b_baelrah,1881,3038,c_baelrah city_holding <- slot0 capital/city
b_anchoril,1865,3062,c_baelrah castle_holding <- slot5 (farthest free in-county slot)
b_bahat,6301,1166,c_bahat castle_holding <- slot0 capital/city
b_bakhuk,6481,1492,c_bakhuk tribal_holding <- slot0 capital/city
b_balaj,4642,3331,c_balaj tribal_holding <- slot0 capital/city
b_high_hall,2576,1676,c_baldurs_gate city_holding <- slot0 capital/city
b_bloomridge,2557,1651,c_baldurs_gate city_holding <- slot2 (farthest free in-county slot)
b_twin_songs,2571,1660,c_baldurs_gate church_holding <- slot3 (farthest free in-county slot)
b_ulgoths_beard,2574,1660,c_baldurs_gate castle_holding <- slot1 (farthest free in-county slot)
b_bamas,3237,3685,c_bamas tribal_holding <- slot0 capital/city
b_banai,7835,1309,c_banai tribal_holding <- slot0 capital/city
b_banda,6919,2012,c_banda tribal_holding <- slot0 capital/city
b_banlm,6079,1666,c_banlm tribal_holding <- slot0 capital/city
b_sago,6032,1647,c_banlm city_holding <- slot4 port
b_banu,5998,2335,c_banu castle_holding <- slot0 capital/city
b_dar_al_kalif,5973,2341,c_banu city_holding <- slot4 port
b_nimrikki,5985,2313,c_banu church_holding <- slot2 (farthest free in-county slot)
b_bara,7407,1434,c_bara tribal_holding <- slot0 capital/city
b_anshola,6268,3441,c_barbarians_road tribal_holding <- slot0 capital/city
b_saharkhan,2698,2475,c_bardshyr castle_holding <- slot0 capital/city
b_alemanders_needle,2688,2497,c_bardshyr city_holding <- slot4 port
b_castle_tethir,2717,2487,c_bardshyr castle_holding <- slot1 (farthest free in-county slot)
b_bariya,6993,1344,c_bariya tribal_holding <- slot0 capital/city
b_peldans_helm,3681,1453,c_barrowfield city_holding <- slot0 capital/city
b_oakengrove,3698,1444,c_barrowfield church_holding <- slot4 (farthest free in-county slot)
b_duindelve,3999,1035,c_barze tribal_holding <- slot0 capital/city
b_bathme,3534,3898,c_bathme castle_holding <- slot0 capital/city
b_thom,3544,3888,c_bathme city_holding <- slot4 port
b_batiri,2018,3480,c_batiriland tribal_holding <- slot0 capital/city
b_keep_of_pale_night,3112,1477,c_battle_of_bones castle_holding <- slot0 capital/city
b_the_mantle,2666,546,c_bauthwaf castle_holding <- slot0 capital/city
b_beacon_cairn,5418,1735,c_beacon_cairn castle_holding <- slot0 capital/city
b_star_beacon,1871,4072,c_beacon_rocks castle_holding <- slot0 capital/city
b_beast_country,3634,1477,c_beast_country tribal_holding <- slot0 capital/city
b_karat,5475,3415,c_beast_lands tribal_holding <- slot0 capital/city
b_ihyrennstar,3800,1348,c_beast_marches tribal_holding <- slot0 capital/city
b_garnets_pure,3831,1363,c_beast_marches church_holding <- slot1 (farthest free in-county slot)
b_north_post,4519,3853,c_beastburn tribal_holding <- slot0 capital/city
b_olodel,3174,2747,c_beasts_coast tribal_holding <- slot0 capital/city
b_beland,5234,2987,c_beland tribal_holding <- slot0 capital/city
b_beldenshyn,2573,1569,c_beldenshyn castle_holding <- slot0 capital/city
b_belhancol,4484,5680,c_belhancol castle_holding <- slot0 capital/city
b_morosi,4529,5702,c_belhancol city_holding <- slot4 port
b_mtwabako,4503,5692,c_belhancol church_holding <- slot1 (farthest free in-county slot)
b_beliard,2463,892,c_beliard city_holding <- slot0 capital/city
b_gladestone,2504,879,c_beliard castle_holding <- slot4 (farthest free in-county slot)
b_belintholme,393,1756,c_belintholme castle_holding <- slot0 capital/city
b_bellakh,864,2569,c_bellakh castle_holding <- slot0 capital/city
b_belprins_hold,974,2692,c_belprins_hold castle_holding <- slot0 capital/city
b_beluir,4926,3843,c_beluir city_holding <- slot0 capital/city
b_chaibrook,4896,3816,c_beluir church_holding <- slot6 (farthest free in-county slot)
b_helmsong,4910,3867,c_beluir city_holding <- slot5 (farthest free in-county slot)
b_nalukkhath,4912,3814,c_beluir castle_holding <- slot2 (farthest free in-county slot)
b_tall_kuthah,7265,6478,c_bender_adewah tribal_holding <- slot0 capital/city
b_el_gamahimiya,7341,6359,c_bender_berdh tribal_holding <- slot0 capital/city
b_beowood,6546,4580,c_beowood tribal_holding <- slot0 capital/city
b_berdusk,2946,1778,c_berdusk castle_holding <- slot0 capital/city
b_evensong_tower,2977,1772,c_berdusk church_holding <- slot1 (farthest free in-county slot)
b_qheldins_mask,2967,1793,c_berdusk city_holding <- slot4 port
b_cragmyr_keep,2600,1873,c_beregost city_holding <- slot0 capital/city
b_beregost,2639,1926,c_beregost city_holding <- slot1 (farthest free in-county slot)
b_song_of_the_morning,2604,1938,c_beregost church_holding <- slot5 (farthest free in-county slot)
b_bezantur,5006,2102,c_bezantur castle_holding <- slot0 capital/city
b_balber,4976,2075,c_bezantur castle_holding <- slot6 (farthest free in-county slot)
b_hexcidon,5035,2100,c_bezantur church_holding <- slot1 (farthest free in-county slot)
b_thrakhos,4990,2126,c_bezantur city_holding <- slot5 (farthest free in-county slot)
b_unnakan,5013,2090,c_bezantur city_holding <- slot2 (farthest free in-county slot)
b_bezentil,4769,1436,c_bezentil city_holding <- slot0 capital/city
b_bhaerlith,3346,1217,c_bhaerlith tribal_holding <- slot0 capital/city
b_bhaluin,5848,2323,c_bhaluin castle_holding <- slot0 capital/city
b_bhaulaea,3583,718,c_bhaulaea castle_holding <- slot0 capital/city
b_bidnop_so,7593,4166,c_bidnop_so castle_holding <- slot0 capital/city
b_hun_chao,7603,4156,c_bidnop_so city_holding <- slot4 port
b_lii,7564,4139,c_bidnop_so church_holding <- slot6 (farthest free in-county slot)
b_bildoobaris,4881,1307,c_bildoobaris tribal_holding <- slot0 capital/city
b_runalundr,4851,1279,c_bildoobaris church_holding <- slot6 (farthest free in-county slot)
b_rambut,7908,4938,c_binatang castle_holding <- slot0 capital/city
b_bisatare,6245,6355,c_bisatare tribal_holding <- slot0 capital/city
b_byoranga,6245,6323,c_bisatare church_holding <- slot2 (farthest free in-county slot)
b_bisoturi,6540,1287,c_bisoturi tribal_holding <- slot0 capital/city
b_charig,7011,2094,c_bitter_well tribal_holding <- slot0 capital/city
b_meadhall,6643,4627,c_bjeoerns_pass tribal_holding <- slot0 capital/city
b_ashenstars,4611,2702,c_black_ash_plain tribal_holding <- slot0 capital/city
b_blackfeather_bridge,3831,1549,c_blackfeather_bridge castle_holding <- slot0 capital/city
b_blackford,2238,539,c_blackford tribal_holding <- slot0 capital/city
b_icemelt,2211,554,c_blackford city_holding <- slot4 port
b_blackhold,706,2262,c_blackhold city_holding <- slot0 capital/city
b_caraemar,675,2251,c_blackhold castle_holding <- slot4 (farthest free in-county slot)
b_kaz,3012,3675,c_blackvale castle_holding <- slot0 capital/city
b_jahaai,5443,5135,c_bladed_coast tribal_holding <- slot0 capital/city
b_bloodhawk_hold,2592,1616,c_bloodhawk_hold castle_holding <- slot0 capital/city
b_faeniel,5146,3341,c_bloodlake tribal_holding <- slot0 capital/city
b_bloodstone,4242,1178,c_bloodstone castle_holding <- slot0 capital/city
b_engsbar,4265,1188,c_bloodstone city_holding <- slot4 port
b_fort_blumantle,6276,3103,c_blumantle_pass tribal_holding <- slot0 capital/city
b_bridgefort,2748,1475,c_boareskyr_bridge castle_holding <- slot0 capital/city
b_boorva,5520,1901,c_boorva tribal_holding <- slot0 capital/city
b_borich,6135,1895,c_borich tribal_holding <- slot0 capital/city
b_moortown,4140,1098,c_bottomless_bog tribal_holding <- slot0 capital/city
b_giants_stone,4159,1109,c_bottomless_bog church_holding <- slot1 (farthest free in-county slot)
b_kond,4120,1105,c_bottomless_bog city_holding <- slot4 port
b_bowshot,2471,1221,c_bowshot castle_holding <- slot0 capital/city
b_gillians_hill,2487,1209,c_bowshot city_holding <- slot4 port
b_roosting_griffon,2442,1193,c_bowshot church_holding <- slot6 (farthest free in-county slot)
b_braleuz,5690,1592,c_braleuz tribal_holding <- slot0 capital/city
b_goliad,4288,1215,c_brandiar castle_holding <- slot0 capital/city
b_omskar,4298,1205,c_brandiar city_holding <- slot4 port
b_mariphim,1091,2591,c_bregenduth castle_holding <- slot0 capital/city
b_llewellyn,2035,1660,c_bregonshire castle_holding <- slot0 capital/city
b_brightfields,4714,3017,c_brightfields tribal_holding <- slot0 capital/city
b_brittlebone_well,644,2888,c_brittlebone_coast tribal_holding <- slot0 capital/city
b_fenders_run,3401,2102,c_broadfields tribal_holding <- slot0 capital/city
b_broaspu,5629,2786,c_broaspu castle_holding <- slot0 capital/city
b_swordsbane,3425,3662,c_broken_swords tribal_holding <- slot0 capital/city
b_luntse_dzong,6991,2391,c_broken_wall_pass castle_holding <- slot0 capital/city
b_barkhul,7001,2382,c_broken_wall_pass city_holding <- slot4 port
b_broken_well,2291,441,c_broken_well castle_holding <- slot0 capital/city
b_unjhur,6628,5063,c_bronze_falcon castle_holding <- slot0 capital/city
b_tiliggal,6624,5088,c_bronze_falcon city_holding <- slot4 port
b_bronzehelms,3774,2208,c_bronzehelms castle_holding <- slot0 capital/city
b_bigwahr,3784,2198,c_bronzehelms city_holding <- slot4 port
b_brost,2799,2227,c_brost castle_holding <- slot0 capital/city
b_imnesvale,2809,2217,c_brost city_holding <- slot4 port
b_duras_vale,4157,1635,c_brynwood tribal_holding <- slot0 capital/city
b_budais_cleft,6354,3226,c_budais_cleft castle_holding <- slot0 capital/city
b_kerrechi,6325,3198,c_budais_cleft church_holding <- slot6 (farthest free in-county slot)
b_bukhouk,6583,1838,c_bukhouk tribal_holding <- slot0 capital/city
b_bukitega,6636,5294,c_bukitega tribal_holding <- slot0 capital/city
b_bulaantaro,6892,918,c_bulaantaro tribal_holding <- slot0 capital/city
b_bulangalant,6645,1160,c_bulangalant tribal_holding <- slot0 capital/city
b_buldamar,5146,2933,c_buldamar city_holding <- slot0 capital/city
b_bulobo,2072,3417,c_bulobo castle_holding <- slot0 capital/city
b_bunsha,7878,896,c_bunsha tribal_holding <- slot0 capital/city
b_bunshin,6911,1588,c_bunshin tribal_holding <- slot0 capital/city
b_burich,6501,1146,c_burich tribal_holding <- slot0 capital/city
b_burj,5989,6089,c_burj castle_holding <- slot0 capital/city
b_bahlalah,5973,6114,c_burj city_holding <- slot4 port
b_shaga,6008,6101,c_burj church_holding <- slot1 (farthest free in-county slot)
b_surardaha,6180,4682,c_burning_shore tribal_holding <- slot0 capital/city
b_bynua,5670,1840,c_bynua tribal_holding <- slot0 capital/city
b_caer_moray,1760,1641,c_caer_moray castle_holding <- slot0 capital/city
b_fortress_of_the_five_vultures,4056,1518,c_calaunt castle_holding <- slot0 capital/city
b_calaunt,4116,1498,c_calaunt city_holding <- slot1 (farthest free in-county slot)
b_moonsilver_house,4099,1492,c_calaunt church_holding <- slot2 (farthest free in-county slot)
b_zenitrag,2612,2720,c_calim_desert tribal_holding <- slot0 capital/city
b_dallabad,2637,2735,c_calim_desert city_holding <- slot4 port
b_calim_river,2727,2749,c_calim_river castle_holding <- slot0 capital/city
b_calimban_knoll,2631,2671,c_calimban castle_holding <- slot0 capital/city
b_daraqadim,2651,2579,c_calimmon castle_holding <- slot0 capital/city
b_fort_agis,2700,2610,c_calimmon church_holding <- slot1 (farthest free in-county slot)
b_memnonnar,2635,2602,c_calimmon city_holding <- slot5 (farthest free in-county slot)
b_pashas_sabban,2653,2763,c_calimport castle_holding <- slot0 capital/city
b_calephs_court,2637,2786,c_calimport city_holding <- slot5 (farthest free in-county slot)
b_calimport,2645,2753,c_calimport church_holding <- slot2 (farthest free in-county slot)
b_khandaq,2664,2765,c_calimport city_holding <- slot1 (farthest free in-county slot)
b_calimstone,2696,2671,c_calimstone tribal_holding <- slot0 capital/city
b_caer_callidyrr,2006,1524,c_callidyrr castle_holding <- slot0 capital/city
b_llandeilo,2012,1533,c_callidyrr castle_holding <- slot1 (farthest free in-county slot)
b_noanars_hold,2578,769,c_calling_horns castle_holding <- slot0 capital/city
b_calling_horns,2551,775,c_calling_horns city_holding <- slot4 port
b_darkhorn_castle,1955,1698,c_cambro castle_holding <- slot0 capital/city
b_cambro,1945,1678,c_cambro city_holding <- slot2 (farthest free in-county slot)
b_candlekeep,2531,1858,c_candlekeep castle_holding <- slot0 capital/city
b_exhaltation,2541,1897,c_candlekeep church_holding <- slot3 (farthest free in-county slot)
b_rokmond_gate,4460,3996,c_caraguir castle_holding <- slot0 capital/city
b_ravensburg,4288,1322,c_carmathan castle_holding <- slot0 capital/city
b_vladistone,4298,1313,c_carmathan city_holding <- slot4 port
b_tibold,3272,2446,c_carrelath castle_holding <- slot0 capital/city
b_golconda,3282,2436,c_carrelath city_holding <- slot4 port
b_carwyth_hold,4656,1494,c_carwyth castle_holding <- slot0 capital/city
b_evreltheds_hill,4666,1485,c_carwyth city_holding <- slot4 port
b_cathyr,4699,4049,c_cathyr castle_holding <- slot0 capital/city
b_angoman,4642,3990,c_cathyr castle_holding <- slot6 (farthest free in-county slot)
b_lahyrst,4656,4041,c_cathyr city_holding <- slot5 (farthest free in-county slot)
b_melina,4671,4017,c_cathyr church_holding <- slot2 (farthest free in-county slot)
b_cedarsproke,3737,2042,c_cedarvale church_holding <- slot0 capital/city
b_cennuroth,5326,2286,c_cennuroth castle_holding <- slot0 capital/city
b_qikkha,5320,2264,c_cennuroth church_holding <- slot4 (farthest free in-county slot)
b_nordahaeril,2735,969,c_centaur_run tribal_holding <- slot0 capital/city
b_far_forount,2719,992,c_centaur_run church_holding <- slot5 (farthest free in-county slot)
b_morynarth,2725,986,c_centaur_run city_holding <- slot4 port
b_chaikou,7792,2509,c_chaikou_hills tribal_holding <- slot0 capital/city
b_taronerdist,1093,2153,c_chain_of_broken_dreams tribal_holding <- slot0 capital/city
b_chama,7505,830,c_chama tribal_holding <- slot0 capital/city
b_chan,7058,750,c_chan tribal_holding <- slot0 capital/city
b_chan_liu_shui,6628,1412,c_chan_liu_shui tribal_holding <- slot0 capital/city
b_chandlerscross,3903,1569,c_chandlerscross castle_holding <- slot0 capital/city
b_wyverns_rift,3909,1584,c_chandlerscross castle_holding <- slot1 (farthest free in-county slot)
b_changdao,7630,3087,c_changdao tribal_holding <- slot0 capital/city
b_hartvold,3997,3361,c_channath_rise castle_holding <- slot0 capital/city
b_rochdale,4028,3345,c_channath_rise city_holding <- slot4 port
b_channathgate,4027,3421,c_channathgate castle_holding <- slot0 capital/city
b_lordsthrone,4073,3408,c_channathgate city_holding <- slot4 port
b_rosebridge,4103,3406,c_channathgate church_holding <- slot3 (farthest free in-county slot)
b_yeshi,4089,3331,c_channathwood tribal_holding <- slot0 capital/city
b_chao_yang,7830,1825,c_chao_yang castle_holding <- slot0 capital/city
b_jiaxian,7865,1797,c_chao_yang church_holding <- slot4 (farthest free in-county slot)
b_yincha,7800,1797,c_chao_yang city_holding <- slot6 (farthest free in-county slot)
b_ched_nasad,2920,861,c_ched_nasad castle_holding <- slot0 capital/city
b_chegoyui,7474,1254,c_chegoyui city_holding <- slot0 capital/city
b_dunkapple_castle,2952,1273,c_chelimber castle_holding <- slot0 capital/city
b_chiem,5551,3054,c_chiem castle_holding <- slot0 capital/city
b_akkadash,3743,976,c_chilled_plain tribal_holding <- slot0 capital/city
b_wyrms_crossing,2627,1682,c_chionthar castle_holding <- slot0 capital/city
b_rivington,2625,1700,c_chionthar city_holding <- slot4 port
b_cholta,7015,521,c_cholta tribal_holding <- slot0 capital/city
b_chowok,7634,4524,c_chowok tribal_holding <- slot0 capital/city
b_barit,7910,5294,c_chulacca tribal_holding <- slot0 capital/city
b_chulq,7705,910,c_chulq tribal_holding <- slot0 capital/city
b_branestria,2375,1744,c_cimarine_isles castle_holding <- slot0 capital/city
b_palace_of_the_sceptanar,4425,2237,c_cimbar castle_holding <- slot0 capital/city
b_new_cimbar,4410,2260,c_cimbar city_holding <- slot5 (farthest free in-county slot)
b_old_cimbar,4445,2249,c_cimbar church_holding <- slot1 (farthest free in-county slot)
b_telos,4210,1135,c_cinnabar city_holding <- slot0 capital/city
b_cinnabar_wastes,4255,1107,c_cinnabar castle_holding <- slot3 (farthest free in-county slot)
b_dead_mans_bridge,4240,1131,c_cinnabar church_holding <- slot5 (farthest free in-county slot)
b_iron_sky,4228,1113,c_cinnabar castle_holding <- slot2 (farthest free in-county slot)
b_citadel_adbar,2934,533,c_citadel_adbar castle_holding <- slot0 capital/city
b_dragonspikes,2952,545,c_citadel_adbar castle_holding <- slot1 (farthest free in-county slot)
b_citadel_of_the_raven,3747,1213,c_citadel_of_the_raven castle_holding <- slot0 capital/city
b_camnods_cairn,3735,1191,c_citadel_of_the_raven city_holding <- slot4 port
b_citadel_rashemar,5287,1516,c_citadel_rashemar castle_holding <- slot0 capital/city
b_clearflow_keep,5404,1866,c_clearflow_vale castle_holding <- slot0 capital/city
b_borlyth,2524,1797,c_cloak_bay church_holding <- slot0 capital/city
b_brown_bear_lodge,2541,1748,c_cloakwood church_holding <- slot0 capital/city
b_lupeiros,3393,2536,c_cloven_hills tribal_holding <- slot0 capital/city
b_yllenora,3368,2550,c_cloven_hills city_holding <- slot4 port
b_clovis_fields,2932,2546,c_clovis_fields castle_holding <- slot0 capital/city
b_ezzagard,2905,2544,c_clovis_fields city_holding <- slot4 port
b_friendly_arm_inn,2616,1770,c_coast_way castle_holding <- slot0 capital/city
b_temple_of_wisdom,2586,1743,c_coast_way church_holding <- slot6 (farthest free in-county slot)
b_codscove,1896,1651,c_codsbay castle_holding <- slot0 capital/city
b_serpar,3094,3599,c_coilvines tribal_holding <- slot0 capital/city
b_cold_field,3929,1528,c_cold_field castle_holding <- slot0 capital/city
b_meruindelve,2868,541,c_cold_vale tribal_holding <- slot0 capital/city
b_frosteeth,1079,232,c_coldcrag tribal_holding <- slot0 capital/city
b_arrlaur,444,2219,c_coldlight_cliffs tribal_holding <- slot0 capital/city
b_thradulf,2840,470,c_coldwood tribal_holding <- slot0 capital/city
b_colletro,4240,2303,c_colletro city_holding <- slot0 capital/city
b_galb,4259,2315,c_colletro castle_holding <- slot1 (farthest free in-county slot)
b_timarl,4372,4097,c_conaluil castle_holding <- slot0 capital/city
b_madia,4310,4070,c_conaluil city_holding <- slot6 (farthest free in-county slot)
b_umes,4324,4121,c_conaluil church_holding <- slot5 (farthest free in-county slot)
b_condish,4212,4043,c_conaluil_range tribal_holding <- slot0 capital/city
b_phandalin,2262,838,c_cony_gap castle_holding <- slot0 capital/city
b_axeholm,2244,853,c_cony_gap tribal_holding <- slot4 (farthest free in-county slot)
b_ieirithymbul,2277,824,c_cony_gap city_holding <- slot1 (farthest free in-county slot)
b_umbrage_hill,2250,822,c_cony_gap city_holding <- slot2 (farthest free in-county slot)
b_conyberry,2365,793,c_conyberry city_holding <- slot0 capital/city
b_corellons_grove,384,1332,c_corellons_grove castle_holding <- slot0 capital/city
b_lynrion,378,1359,c_corellons_grove city_holding <- slot5 (farthest free in-county slot)
b_nythle_serin,403,1344,c_corellons_grove church_holding <- slot1 (farthest free in-county slot)
b_corm_orp,3051,1586,c_corm_orp city_holding <- slot0 capital/city
b_cokhis,1072,2444,c_cormanda castle_holding <- slot0 capital/city
b_valash,3128,2151,c_cortrynn castle_holding <- slot0 capital/city
b_kingard,3137,2141,c_cortrynn city_holding <- slot4 port
b_dynnatt,1910,1770,c_corwell city_holding <- slot2 (farthest free in-county slot)
b_kalax,1924,3456,c_couatl_wilds tribal_holding <- slot0 capital/city
b_feathered_port,605,5131,c_couatls_landing tribal_holding <- slot0 capital/city
b_hillgard,4881,2991,c_council_hills church_holding <- slot0 capital/city
b_azil,4847,2991,c_council_hills city_holding <- slot4 port
b_raerest,2485,1827,c_crab_reach tribal_holding <- slot0 capital/city
b_cragmaw,2250,781,c_cragmaw castle_holding <- slot0 capital/city
b_crimmor,2660,2022,c_crimmor city_holding <- slot0 capital/city
b_chaunteas_cradle,2680,2034,c_crimmor church_holding <- slot1 (farthest free in-county slot)
b_crytrapper,2670,2012,c_crimmor castle_holding <- slot4 (farthest free in-county slot)
b_culmaster,4621,1758,c_culmaster castle_holding <- slot0 capital/city
b_thassalra,4591,1731,c_culmaster city_holding <- slot6 (farthest free in-county slot)
b_curstallyon,1355,4318,c_curstallyon castle_holding <- slot0 capital/city
b_esdul,1326,4291,c_curstallyon city_holding <- slot6 (farthest free in-county slot)
b_tethmore,1375,4330,c_curstallyon church_holding <- slot1 (farthest free in-county slot)
b_al_sisarran,5484,6476,c_dabab tribal_holding <- slot0 capital/city
b_daerlun,3577,1743,c_daerlun city_holding <- slot0 capital/city
b_bergun_hall,3583,1717,c_daerlun city_holding <- slot4 port
b_griffonfang_bridge,3546,1739,c_daerlun castle_holding <- slot2 (farthest free in-county slot)
b_house_of_firehair,3556,1760,c_daerlun church_holding <- slot3 (farthest free in-county slot)
b_daerr,861,2487,c_daerr castle_holding <- slot0 capital/city
b_corglaak,876,2440,c_daerr city_holding <- slot5 (farthest free in-county slot)
b_castle_daggerdale,3620,1301,c_dagger_falls castle_holding <- slot0 capital/city
b_dagger_falls,3632,1285,c_dagger_falls city_holding <- slot4 port
b_white_chalk_hollow,3612,1346,c_daggerdale city_holding <- slot0 capital/city
b_dordrien_keep,3583,1328,c_daggerdale castle_holding <- slot2 (farthest free in-county slot)
b_teshmere,3630,1336,c_daggerdale castle_holding <- slot1 (farthest free in-county slot)
b_ducal_castle,2440,1152,c_daggerford castle_holding <- slot0 capital/city
b_daggerford,2457,1125,c_daggerford city_holding <- slot4 port
b_morninglow_tower,2451,1139,c_daggerford church_holding <- slot1 (farthest free in-county slot)
b_al_fujinat,5082,5426,c_dahab_island tribal_holding <- slot0 capital/city
b_dakan,5983,6013,c_dakan castle_holding <- slot0 capital/city
b_hamail,5963,6024,c_dakan church_holding <- slot3 (farthest free in-county slot)
b_dalath,4740,2589,c_dalath castle_holding <- slot0 capital/city
b_nidunch,4759,2600,c_dalath church_holding <- slot1 (farthest free in-county slot)
b_talukad,4750,2579,c_dalath city_holding <- slot4 port
b_fort_dalton,4071,1361,c_daltonsvale castle_holding <- slot0 capital/city
b_maskyrs_trail,4091,1373,c_daltonsvale tribal_holding <- slot1 (farthest free in-county slot)
b_ashavasa,6428,3453,c_dalvind tribal_holding <- slot0 capital/city
b_emu,4285,6042,c_damu tribal_holding <- slot0 capital/city
b_dolphin_waters,4658,4139,c_dancing_dolphins castle_holding <- slot0 capital/city
b_daong,7585,3187,c_daong_forest tribal_holding <- slot0 capital/city
b_dapplegate,3491,3062,c_dapplegate city_holding <- slot0 capital/city
b_gallard,3475,3085,c_dapplegate city_holding <- slot5 (farthest free in-county slot)
b_selpt,3481,3052,c_dapplegate castle_holding <- slot2 (farthest free in-county slot)
b_darabjind,5858,2520,c_darabjind castle_holding <- slot0 capital/city
b_apashann,5877,2532,c_darabjind church_holding <- slot1 (farthest free in-county slot)
b_darakh,6448,2124,c_darakh tribal_holding <- slot0 capital/city
b_taynligola,6405,2139,c_darakh city_holding <- slot4 port
b_dareth_citadel,5135,679,c_dareth tribal_holding <- slot0 capital/city
b_dark_arrow_keep,2645,484,c_dark_arrow castle_holding <- slot0 capital/city
b_darkhold,3096,1651,c_darkhold castle_holding <- slot0 capital/city
b_far_hills_post,3118,1666,c_darkhold city_holding <- slot4 port
b_ink_dell,3081,1674,c_darkhold church_holding <- slot5 (farthest free in-county slot)
b_arnda,337,2733,c_darkturret castle_holding <- slot0 capital/city
b_minauthkeep,3888,1397,c_darkwoods castle_holding <- slot0 capital/city
b_darmesh,4566,4213,c_darmesh castle_holding <- slot0 capital/city
b_far_outpost,4578,4185,c_darmesh city_holding <- slot1 (farthest free in-county slot)
b_darmshall,4187,1180,c_darmshall city_holding <- slot0 capital/city
b_iron_divide,4204,1176,c_darmshall castle_holding <- slot1 (farthest free in-county slot)
b_maur_eturo,4187,1164,c_darmshall castle_holding <- slot2 (farthest free in-county slot)
b_nigels_ford,4200,1176,c_darmshall church_holding <- slot4 (farthest free in-county slot)
b_darrawn,743,2182,c_darrawn castle_holding <- slot0 capital/city
b_kor_tera,775,2186,c_darrawn city_holding <- slot1 (farthest free in-county slot)
b_mrorg,755,2174,c_darrawn church_holding <- slot2 (farthest free in-county slot)
b_black_quarter,2916,2491,c_darromar city_holding <- slot4 port
b_darromar,2873,2487,c_darromar city_holding <- slot2 (farthest free in-county slot)
b_garden_of_rhinda,2895,2505,c_darromar church_holding <- slot1 (farthest free in-county slot)
b_queens_market,2907,2499,c_darromar castle_holding <- slot0 (farthest free in-county slot)
b_dashadjen,2559,2683,c_dashadjen tribal_holding <- slot0 capital/city
b_altar_of_the_air,2578,2694,c_dashadjen church_holding <- slot1 (farthest free in-county slot)
b_daunting,4427,3163,c_daunting castle_holding <- slot0 capital/city
b_sagat,6444,6065,c_dawihi_island tribal_holding <- slot0 capital/city
b_parnast,2946,1086,c_dawn_pass city_holding <- slot0 capital/city
b_dawn_pass,2987,1117,c_dawn_pass castle_holding <- slot3 (farthest free in-county slot)
b_dawngleam,3454,1770,c_dawngleam castle_holding <- slot0 capital/city
b_kirinwood,3473,1774,c_dawngleam city_holding <- slot1 (farthest free in-county slot)
b_daynk,6708,2327,c_daynk tribal_holding <- slot0 capital/city
b_dead_orc_pass,2883,582,c_dead_orc_pass tribal_holding <- slot0 capital/city
b_wasterun,3675,3546,c_deadstars tribal_holding <- slot0 capital/city
b_planners_citadel,5400,1270,c_deep_imaskar castle_holding <- slot0 capital/city
b_deep_imaskar,5434,1275,c_deep_imaskar city_holding <- slot4 port
b_purple_library,5383,1273,c_deep_imaskar church_holding <- slot5 (farthest free in-county slot)
b_dekanter,2938,1127,c_dekanter tribal_holding <- slot0 capital/city
b_dethdor,2948,1117,c_dekanter city_holding <- slot4 port
b_dekar,6428,3714,c_dekar city_holding <- slot0 capital/city
b_pyra,6399,3687,c_dekar castle_holding <- slot6 (farthest free in-county slot)
b_delbyl,5428,2399,c_delbyl castle_holding <- slot0 capital/city
b_tjenni,5447,2411,c_delbyl church_holding <- slot1 (farthest free in-county slot)
b_delliun,8084,1774,c_delliun castle_holding <- slot0 capital/city
b_darkvale,8093,1764,c_delliun city_holding <- slot4 port
b_pingliang,8103,1786,c_delliun church_holding <- slot1 (farthest free in-county slot)
b_procalith,2971,3529,c_delphin tribal_holding <- slot0 capital/city
b_delrune,5670,3191,c_delrune tribal_holding <- slot0 capital/city
b_delselar,2668,3748,c_delselar city_holding <- slot0 capital/city
b_chamba,2653,3771,c_delselar church_holding <- slot5 (farthest free in-county slot)
b_chiko,2657,3736,c_delselar city_holding <- slot2 (farthest free in-county slot)
b_deltar,2475,3802,c_deltar city_holding <- slot0 capital/city
b_mpashi,2459,3826,c_deltar castle_holding <- slot5 (farthest free in-county slot)
b_delthuntle,4417,1997,c_delthuntle city_holding <- slot0 capital/city
b_tyrnakaia,4388,1969,c_delthuntle castle_holding <- slot6 (farthest free in-county slot)
b_delzimmer,4711,3615,c_delzimmer city_holding <- slot0 capital/city
b_avasta,4697,3589,c_delzimmer church_holding <- slot6 (farthest free in-county slot)
b_sacoth,4736,3607,c_delzimmer castle_holding <- slot4 (farthest free in-county slot)
b_denderdale,4695,1352,c_denderdale tribal_holding <- slot0 capital/city
b_denzar,5250,1862,c_denzar city_holding <- slot0 capital/city
b_chur_gathos,5226,1821,c_denzar castle_holding <- slot2 (farthest free in-county slot)
b_deraala,5424,1483,c_deraala tribal_holding <- slot0 capital/city
b_deraiairgak,7198,1608,c_deraiairgak tribal_holding <- slot0 capital/city
b_derlusk,3712,2913,c_derlusk city_holding <- slot0 capital/city
b_luthbaern,3704,2880,c_derlusk city_holding <- slot4 port
b_splondar,3696,2937,c_derlusk castle_holding <- slot5 (farthest free in-county slot)
b_doncastle,2002,1569,c_dernall castle_holding <- slot0 capital/city
b_aithelar,1986,1582,c_dernall city_holding <- slot4 port
b_des,5866,3400,c_des church_holding <- slot0 capital/city
b_despair,5850,3423,c_des city_holding <- slot5 (farthest free in-county slot)
b_nisich,5885,3412,c_des city_holding <- slot1 (farthest free in-county slot)
b_izots_tomb,4890,3386,c_despond tribal_holding <- slot0 capital/city
b_saridang,7789,5213,c_detar_land tribal_holding <- slot0 capital/city
b_dharvil,4904,634,c_dharvil church_holding <- slot0 capital/city
b_dhaztanar,5821,2466,c_dhaztanar castle_holding <- slot0 capital/city
b_baduraya,5791,2438,c_dhaztanar church_holding <- slot6 (farthest free in-county slot)
b_hunam,5805,2489,c_dhaztanar city_holding <- slot5 (farthest free in-county slot)
b_kili,5840,2477,c_dhaztanar castle_holding <- slot1 (farthest free in-county slot)
b_dihliz,6297,6286,c_dihliz castle_holding <- slot0 capital/city
b_jura,6272,6255,c_dihliz church_holding <- slot2 (farthest free in-county slot)
b_tescahaqd,6286,6269,c_dihliz city_holding <- slot3 (farthest free in-county slot)
b_dilpur,4402,1682,c_dilpur castle_holding <- slot0 capital/city
b_red_bluffs,4394,1668,c_dilpur city_holding <- slot2 (farthest free in-county slot)
b_djerad_dimee,1087,2514,c_dimee_moor castle_holding <- slot0 capital/city
b_saasakhoura,5897,6620,c_dirs tribal_holding <- slot0 capital/city
b_djerad_harngha,274,2810,c_djerad_harngha tribal_holding <- slot0 capital/city
b_arora,288,2780,c_djerad_harngha city_holding <- slot5 (farthest free in-county slot)
b_dlusk,4675,1934,c_dlusk castle_holding <- slot0 capital/city
b_mesring,4646,1907,c_dlusk city_holding <- slot6 (farthest free in-county slot)
b_dmir,4943,1819,c_dmir castle_holding <- slot0 capital/city
b_alharera,5012,1811,c_dmir church_holding <- slot4 (farthest free in-county slot)
b_komikor,4927,1842,c_dmir city_holding <- slot5 (farthest free in-county slot)
b_quental,6655,3916,c_doegenflow castle_holding <- slot0 capital/city
b_agapu,6690,3896,c_doegenflow city_holding <- slot4 port
b_iuham,6536,3849,c_doegwood castle_holding <- slot0 capital/city
b_masinamu,6507,3822,c_doegwood city_holding <- slot6 (farthest free in-county slot)
b_dolblunde,2334,1023,c_dolblunde tribal_holding <- slot0 capital/city
b_dolselgar,2723,3701,c_dolsel_gap castle_holding <- slot0 capital/city
b_arechar,900,2215,c_dragonbones castle_holding <- slot0 capital/city
b_dragonbones,306,345,c_dragongrounds tribal_holding <- slot0 capital/city
b_immurks_hold,3999,1866,c_dragonisle castle_holding <- slot0 capital/city
b_dragonspear_castle,2659,1389,c_dragonspear church_holding <- slot0 capital/city
b_dralpur,6245,3327,c_dralpur castle_holding <- slot0 capital/city
b_mabagan,6284,3314,c_dralpur city_holding <- slot4 port
b_zart,6215,3300,c_dralpur church_holding <- slot6 (farthest free in-county slot)
b_draya,7476,3613,c_draya castle_holding <- slot0 capital/city
b_fij,7540,3582,c_draya city_holding <- slot4 port
b_drelagara,313,1627,c_drelagara tribal_holding <- slot0 capital/city
b_drik_hargunen,3772,2231,c_drik_hargunen castle_holding <- slot0 capital/city
b_frostrill,2756,461,c_druarwood castle_holding <- slot0 capital/city
b_drubiev,5488,1784,c_drubiev city_holding <- slot0 capital/city
b_dubegat,5606,5403,c_dubegat castle_holding <- slot0 capital/city
b_duirtanal,6002,2395,c_duirtanal castle_holding <- slot0 capital/city
b_khalis,6012,2386,c_duirtanal city_holding <- slot4 port
b_wadieskab,5973,2368,c_duirtanal church_holding <- slot6 (farthest free in-county slot)
b_dunland,3493,3443,c_dun_hills castle_holding <- slot0 capital/city
b_dun_orthass,4370,1629,c_dun_orthass castle_holding <- slot0 capital/city
b_dun_tharos,4625,1381,c_dun_tharos church_holding <- slot0 capital/city
b_dunod,2860,2427,c_dunod castle_holding <- slot0 capital/city
b_pansemil,2870,2417,c_dunod city_holding <- slot4 port
b_dunspeirrin,3790,2253,c_dunspeirrin castle_holding <- slot0 capital/city
b_dag_nast,4627,1438,c_dunwood church_holding <- slot0 capital/city
b_durgach,5656,3421,c_durgach castle_holding <- slot0 capital/city
b_gust,5641,3445,c_durgach city_holding <- slot5 (farthest free in-county slot)
b_durlags_tower,2692,1848,c_durlags_tower castle_holding <- slot0 capital/city
b_dusklan,653,2815,c_dusklan city_holding <- slot0 capital/city
b_rondim,663,2839,c_dusklan church_holding <- slot5 (farthest free in-county slot)
b_cointoll,5125,3109,c_dust_road tribal_holding <- slot0 capital/city
b_bralizzar,5819,3195,c_dustwall tribal_holding <- slot0 capital/city
b_lexx,5905,2622,c_dustwaves castle_holding <- slot0 capital/city
b_nulbundum,5875,2595,c_dustwaves city_holding <- slot6 (farthest free in-county slot)
b_dwarven_valley,2123,402,c_dwarven_valley castle_holding <- slot0 capital/city
b_termalaine,2105,378,c_dwarven_valley castle_holding <- slot4 (farthest free in-county slot)
b_dynnegall,1777,1666,c_dynnegall castle_holding <- slot0 capital/city
b_dzoulins_cradle,2500,341,c_dzoulins_cradle tribal_holding <- slot0 capital/city
b_helespa,341,1399,c_eagle_hills castle_holding <- slot0 capital/city
b_uadinsa,347,1418,c_eagle_hills city_holding <- slot4 port
b_eartheart,4535,3394,c_eartheart castle_holding <- slot0 capital/city
b_lowstair,4505,3367,c_eartheart church_holding <- slot6 (farthest free in-county slot)
b_riftedge,4544,3384,c_eartheart city_holding <- slot4 port
b_earthfast,4306,1602,c_earthfast castle_holding <- slot0 capital/city
b_halrunedar,4298,1614,c_earthfast city_holding <- slot4 port
b_tomrav,4275,1420,c_earthwood castle_holding <- slot0 capital/city
b_east_keep,2909,945,c_east_keep castle_holding <- slot0 capital/city
b_mithril_pick_hall,2895,943,c_east_keep church_holding <- slot2 (farthest free in-county slot)
b_wyrmstrike_mines,2911,931,c_east_keep city_holding <- slot4 port
b_nanath,5146,3689,c_east_lluirwood tribal_holding <- slot0 capital/city
b_myth_valorthae,4736,2507,c_east_methwood tribal_holding <- slot0 capital/city
b_yuanqihar,8031,2122,c_east_rendai castle_holding <- slot0 capital/city
b_shanshan,8041,2112,c_east_rendai city_holding <- slot4 port
b_tengcheng,8050,2133,c_east_rendai church_holding <- slot1 (farthest free in-county slot)
b_rekkavik,4617,1137,c_east_soravia tribal_holding <- slot0 capital/city
b_hillfort_keshla,3065,2172,c_east_tejarn castle_holding <- slot0 capital/city
b_junest,3075,2163,c_east_tejarn city_holding <- slot4 port
b_tanglefoot,3874,2004,c_eastgulth church_holding <- slot0 capital/city
b_easting,3118,1848,c_easting castle_holding <- slot0 capital/city
b_eastwood,2823,937,c_eastwood castle_holding <- slot0 capital/city
b_karscragg,2832,928,c_eastwood city_holding <- slot4 port
b_starpoint,2829,904,c_eastwood church_holding <- slot2 (farthest free in-county slot)
b_al_bariya,6055,6443,c_eayan_aljunun tribal_holding <- slot0 capital/city
b_ebenfar,2684,1316,c_ebenfar tribal_holding <- slot0 capital/city
b_hark,2694,1307,c_ebenfar city_holding <- slot4 port
b_edenvale,6792,3841,c_edenvale castle_holding <- slot0 capital/city
b_akarin,6763,3836,c_edenvale city_holding <- slot4 port
b_myizapu,6739,3881,c_edenvale church_holding <- slot5 (farthest free in-county slot)
b_edouura,3692,3783,c_edouura castle_holding <- slot0 capital/city
b_alathil,3663,3755,c_edouura church_holding <- slot6 (farthest free in-county slot)
b_hamphal,3702,3773,c_edouura city_holding <- slot4 port
b_eghagu,4492,871,c_eghagu tribal_holding <- slot0 capital/city
b_cassiddifel,5647,2057,c_ejen_horo tribal_holding <- slot0 capital/city
b_ekwong,7771,3824,c_ekwong tribal_holding <- slot0 capital/city
b_elbencort,3202,2343,c_elbencort castle_holding <- slot0 capital/city
b_tagarath,3219,2325,c_elbencort city_holding <- slot4 port
b_elbulder,3960,2538,c_elbulder city_holding <- slot0 capital/city
b_eveshades,4013,2528,c_elbulder castle_holding <- slot4 (farthest free in-county slot)
b_perlshaw,3968,2567,c_elbulder church_holding <- slot5 (farthest free in-county slot)
b_elchul,3808,3953,c_elchulmarch castle_holding <- slot0 capital/city
b_everspree,3759,3970,c_elchulmarch city_holding <- slot4 port
b_eldaths_water,2563,1252,c_eldaths_water tribal_holding <- slot0 capital/city
b_eldersvale,4144,2712,c_eldergroves tribal_holding <- slot0 capital/city
b_eldrinfar,6620,3939,c_eldrinfar castle_holding <- slot0 capital/city
b_alarpo,6577,3933,c_eldrinfar church_holding <- slot6 (farthest free in-county slot)
b_anylpe,6626,3972,c_eldrinfar city_holding <- slot1 (farthest free in-county slot)
b_elahi,6606,3961,c_eldrinfar castle_holding <- slot2 (farthest free in-county slot)
b_myratma,2672,2536,c_elemetar city_holding <- slot0 capital/city
b_khaarysaim,2702,2530,c_elemetar castle_holding <- slot4 (farthest free in-county slot)
b_elghal,4259,2468,c_elghal city_holding <- slot0 capital/city
b_latun_stronghold,4230,2440,c_elghal castle_holding <- slot6 (farthest free in-county slot)
b_craulnober_keep,337,1285,c_elion castle_holding <- slot0 capital/city
b_elion,356,1297,c_elion city_holding <- slot1 (farthest free in-county slot)
b_elmwood,4011,1356,c_elmwood city_holding <- slot0 capital/city
b_littleford,4034,1375,c_elmwood church_holding <- slot1 (farthest free in-county slot)
b_elne,6364,6206,c_elne castle_holding <- slot0 capital/city
b_eltabbar,5074,1868,c_eltabbar castle_holding <- slot0 capital/city
b_daerath,5080,1895,c_eltabbar city_holding <- slot4 port
b_pargethos,5058,1891,c_eltabbar castle_holding <- slot5 (farthest free in-county slot)
b_elturel,2813,1643,c_elturel castle_holding <- slot0 capital/city
b_chesseni,2829,1616,c_elturel city_holding <- slot4 port
b_ferngul,2838,1637,c_elturel church_holding <- slot1 (farthest free in-county slot)
b_fort_morninglord,2819,1625,c_elturel castle_holding <- slot2 (farthest free in-county slot)
b_elven_court,3962,1397,c_elven_court castle_holding <- slot0 capital/city
b_xenphal,3933,1369,c_elven_court church_holding <- slot6 (farthest free in-county slot)
b_elven_port,2852,812,c_elven_port castle_holding <- slot0 capital/city
b_nar_kerymhoarth,2815,836,c_elven_port church_holding <- slot5 (farthest free in-county slot)
b_elventree,3935,1330,c_elventree castle_holding <- slot0 capital/city
b_halls_of_the_unicorn,3962,1354,c_elventree church_holding <- slot1 (farthest free in-county slot)
b_moonstorm_house,3309,1854,c_elversult castle_holding <- slot0 capital/city
b_elversult,3280,1827,c_elversult city_holding <- slot6 (farthest free in-county slot)
b_temple_hill,3294,1877,c_elversult church_holding <- slot5 (farthest free in-county slot)
b_the_fair,3323,1862,c_elversult city_holding <- slot1 (farthest free in-county slot)
b_elveswatch,4584,3712,c_elveswatch castle_holding <- slot0 capital/city
b_emmech,4709,1893,c_emmech castle_holding <- slot0 capital/city
b_viedana,4679,1866,c_emmech city_holding <- slot6 (farthest free in-county slot)
b_end_of_light,3974,375,c_end_of_light tribal_holding <- slot0 capital/city
b_deathpines,3958,347,c_end_of_light city_holding <- slot4 port
b_endar_aglandtor,3004,1342,c_endar_aglandtor church_holding <- slot0 capital/city
b_mansfield,2977,1348,c_endar_aglandtor castle_holding <- slot4 (farthest free in-county slot)
b_fir_palace,2942,390,c_endless_blizzard church_holding <- slot0 capital/city
b_storming_gorge,2961,402,c_endless_blizzard castle_holding <- slot1 (farthest free in-county slot)
b_tikana,6585,4860,c_enlightened_ring castle_holding <- slot0 capital/city
b_dattaramopahe,6567,4883,c_enlightened_ring city_holding <- slot4 port
b_gafolh,5508,3531,c_envarl castle_holding <- slot0 capital/city
b_mangori,5525,3546,c_envarl city_holding <- slot4 port
b_erebos,4498,2229,c_erebos castle_holding <- slot0 capital/city
b_amalin,4494,2217,c_erebos city_holding <- slot2 (farthest free in-county slot)
b_boscara,4507,2235,c_erebos church_holding <- slot1 (farthest free in-county slot)
b_julrish,5045,1305,c_erech_forest tribal_holding <- slot0 capital/city
b_errusk,5178,3429,c_errusk tribal_holding <- slot0 capital/city
b_edgelight,5617,3501,c_erum castle_holding <- slot0 capital/city
b_cedtarzahs_rock,5643,3480,c_erum city_holding <- slot4 port
b_eryndlyn,2592,1221,c_eryndlyn castle_holding <- slot0 capital/city
b_five_pillars,2602,1211,c_eryndlyn city_holding <- slot4 port
b_esbresh,6086,3527,c_esbresh city_holding <- slot0 capital/city
b_charinc,6057,3499,c_esbresh castle_holding <- slot6 (farthest free in-county slot)
b_sharenda,6071,3550,c_esbresh church_holding <- slot5 (farthest free in-county slot)
b_escalant,4785,2069,c_escalant castle_holding <- slot0 capital/city
b_asha_masdak,4781,2051,c_escalant city_holding <- slot2 (farthest free in-county slot)
b_stal_masdak,4795,2067,c_escalant church_holding <- slot1 (farthest free in-county slot)
b_eshpurta,3036,2055,c_eshpurta castle_holding <- slot0 capital/city
b_golden_fortress,3012,2059,c_eshpurta castle_holding <- slot2 (farthest free in-county slot)
b_towers_of_the_vengeful_hand,3032,2071,c_eshpurta church_holding <- slot1 (farthest free in-county slot)
b_towers_of_willful_suffering,3022,2049,c_eshpurta church_holding <- slot4 (farthest free in-county slot)
b_true_eskat,4666,3476,c_eskat tribal_holding <- slot0 capital/city
b_esmeltaran,2801,2104,c_esmeltaran city_holding <- slot0 capital/city
b_kings_arch,2827,2088,c_esmeltaran city_holding <- slot4 port
b_essembra,3769,1516,c_essembra castle_holding <- slot0 capital/city
b_oaknoll,3759,1471,c_essembra city_holding <- slot4 port
b_tangled_trees,3761,1492,c_essembra church_holding <- slot1 (farthest free in-county slot)
b_erath,6018,2176,c_estan castle_holding <- slot0 capital/city
b_alech,6004,2212,c_estan city_holding <- slot4 port
b_ethvale,4748,1821,c_ethvale castle_holding <- slot0 capital/city
b_avargand,4775,1807,c_ethvale city_holding <- slot4 port
b_eveningstar,3325,1629,c_eveningstar castle_holding <- slot0 capital/city
b_espar,3356,1635,c_eveningstar city_holding <- slot4 port
b_harkstead,3313,1653,c_eveningstar castle_holding <- slot5 (farthest free in-county slot)
b_tyrluk,3315,1621,c_eveningstar church_holding <- slot2 (farthest free in-county slot)
b_cloudcrown,3102,1316,c_evereska castle_holding <- slot0 capital/city
b_evereska,3112,1307,c_evereska city_holding <- slot4 port
b_fountainheart_of_shimmering_gold,3073,1289,c_evereska church_holding <- slot6 (farthest free in-county slot)
b_shaeradim,3087,1340,c_evereska castle_holding <- slot5 (farthest free in-county slot)
b_the_sisters,3087,1303,c_evereska city_holding <- slot2 (farthest free in-county slot)
b_hall_of_the_elders,2711,683,c_everlund castle_holding <- slot0 capital/city
b_everlund,2729,674,c_everlund city_holding <- slot4 port
b_moongleam,2690,664,c_everlund church_holding <- slot6 (farthest free in-county slot)
b_evermelt,2211,373,c_evermelt tribal_holding <- slot0 capital/city
b_alhanar,5010,3355,c_everwide church_holding <- slot0 capital/city
b_fortress_eyegad,2574,466,c_eyegad castle_holding <- slot0 capital/city
b_faeressar,2848,2677,c_faeressar castle_holding <- slot0 capital/city
b_fahhas,5914,6013,c_fahhas castle_holding <- slot0 capital/city
b_sabam,5932,6038,c_fahhas city_holding <- slot1 (farthest free in-county slot)
b_shamai,5910,6024,c_fahhas church_holding <- slot2 (farthest free in-county slot)
b_blackstone,2059,1465,c_fairheight castle_holding <- slot0 capital/city
b_white_rock,2045,1471,c_fairheight city_holding <- slot1 (farthest free in-county slot)
b_negarath,3393,990,c_fallen_giant_rift tribal_holding <- slot0 capital/city
b_saharelgard,2958,937,c_fallen_lands tribal_holding <- slot0 capital/city
b_dry_hills,2954,978,c_fallen_lands city_holding <- slot4 port
b_ustark,2977,949,c_fallen_lands church_holding <- slot1 (farthest free in-county slot)
b_open_fields,7363,2974,c_fallow_steppe castle_holding <- slot0 capital/city
b_ixxim,5058,1231,c_falls_of_erech tribal_holding <- slot0 capital/city
b_fanedown,939,2839,c_fanedown city_holding <- slot0 capital/city
b_mraelarneka,917,2821,c_fanedown castle_holding <- slot5 (farthest free in-county slot)
b_haantamm,1009,2262,c_fangmoor castle_holding <- slot0 capital/city
b_fanus,5871,6226,c_fanus castle_holding <- slot0 capital/city
b_haralus,5907,6220,c_fanus city_holding <- slot1 (farthest free in-county slot)
b_taerymdoom,2952,775,c_far_forest castle_holding <- slot0 capital/city
b_far_nemoree,6012,4277,c_far_nemoree castle_holding <- slot0 capital/city
b_shaqu,7450,365,c_far_ulhai tribal_holding <- slot0 capital/city
b_farpoint,993,4592,c_farhaven castle_holding <- slot0 capital/city
b_torlar_under_sun,984,4613,c_farhaven church_holding <- slot4 (farthest free in-county slot)
b_oakmere,3251,1584,c_farsea_marsh castle_holding <- slot0 capital/city
b_asple,4120,2182,c_farshore city_holding <- slot0 capital/city
b_gildensails,4138,2184,c_farshore church_holding <- slot4 (farthest free in-county slot)
b_torl,4105,2172,c_farshore castle_holding <- slot2 (farthest free in-county slot)
b_fasriul,4969,3738,c_fasriul city_holding <- slot0 capital/city
b_crimmel,5008,3744,c_fasriul castle_holding <- slot1 (farthest free in-county slot)
b_paerzula,4992,3722,c_fasriul church_holding <- slot2 (farthest free in-county slot)
b_fatuta_chuba,7105,2851,c_fatuta_chuba castle_holding <- slot0 capital/city
b_feifeng,8107,3970,c_feifeng castle_holding <- slot0 capital/city
b_itu,8093,3933,c_feifeng city_holding <- slot4 port
b_citadel_felbarr,2772,574,c_felbarr castle_holding <- slot0 capital/city
b_felbarr_fields,2788,562,c_felbarr city_holding <- slot4 port
b_shallows,2588,494,c_fell_pass tribal_holding <- slot0 capital/city
b_castle_of_illusion,2614,509,c_fell_pass castle_holding <- slot1 (farthest free in-county slot)
b_fendarls_gate,2999,1844,c_fendarls_gate castle_holding <- slot0 capital/city
b_kaleth,6067,2278,c_fergana castle_holding <- slot0 capital/city
b_far_amegal,6081,2303,c_fergana city_holding <- slot4 port
b_meiliang,7621,2438,c_fertile_moon tribal_holding <- slot0 capital/city
b_fida,5062,6009,c_fida tribal_holding <- slot0 capital/city
b_nimjammir,5256,2270,c_fields_of_ganath castle_holding <- slot0 capital/city
b_punjwar,5230,2262,c_fields_of_ganath city_holding <- slot4 port
b_kesker,5350,2464,c_fields_of_kesk castle_holding <- slot0 capital/city
b_ghujel,5359,2454,c_fields_of_kesk city_holding <- slot4 port
b_fields_of_nun,4130,2323,c_fields_of_nun castle_holding <- slot0 capital/city
b_aktyn,4804,2251,c_fields_of_pryollus castle_holding <- slot0 capital/city
b_gonnach,4824,2262,c_fields_of_pryollus city_holding <- slot1 (farthest free in-county slot)
b_eski,3665,552,c_fields_of_rime tribal_holding <- slot0 capital/city
b_tonglish,7640,2309,c_fields_of_salt tribal_holding <- slot0 capital/city
b_tighyshi,6585,4729,c_fiends_wing castle_holding <- slot0 capital/city
b_raladha,6593,4709,c_fiends_wing city_holding <- slot4 port
b_chapterhouse,2729,2182,c_finger_pass tribal_holding <- slot0 capital/city
b_dragon_falls,4157,1582,c_fire_river castle_holding <- slot0 capital/city
b_goldenford,4130,1576,c_fire_river city_holding <- slot4 port
b_firealm_tower,6718,3548,c_firealm castle_holding <- slot0 capital/city
b_vorshtish,6682,3574,c_firealm city_holding <- slot4 port
b_millvulthan,2360,2215,c_firedrake castle_holding <- slot0 capital/city
b_the_stoneblade,2401,2212,c_firedrake castle_holding <- slot1 (farthest free in-county slot)
b_tordraken,2328,2206,c_firedrake church_holding <- slot4 (farthest free in-county slot)
b_velen,2377,2192,c_firedrake city_holding <- slot2 (farthest free in-county slot)
b_fireforges,4750,2217,c_fireforges castle_holding <- slot0 capital/city
b_chund_peak,4759,2208,c_fireforges city_holding <- slot4 port
b_siremun,5998,1807,c_firepeaks castle_holding <- slot0 capital/city
b_diarintarj,5969,1780,c_firepeaks church_holding <- slot6 (farthest free in-county slot)
b_natoigo,5981,1825,c_firepeaks city_holding <- slot4 port
b_windlyne_fort,2047,531,c_fireshear castle_holding <- slot0 capital/city
b_fireshear,2031,554,c_fireshear city_holding <- slot5 (farthest free in-county slot)
b_imval_vale,3978,2931,c_firesteap_hills tribal_holding <- slot0 capital/city
b_firepost,4091,2839,c_firesteap_woods tribal_holding <- slot0 capital/city
b_firetrees,4736,2663,c_firetrees castle_holding <- slot0 capital/city
b_kingsarch,4746,2653,c_firetrees city_holding <- slot4 port
b_sige,4755,2675,c_firetrees church_holding <- slot1 (farthest free in-county slot)
b_firewine_bridge,2735,1905,c_firewine castle_holding <- slot0 capital/city
b_gullykin,2702,1915,c_firewine city_holding <- slot4 port
b_flamsterd,1783,1819,c_flamsterd castle_holding <- slot0 capital/city
b_flatshield_rise,4023,3537,c_flatshield tribal_holding <- slot0 capital/city
b_flint_rock,2488,732,c_flint_rock tribal_holding <- slot0 capital/city
b_terva,6667,1770,c_flowery_well tribal_holding <- slot0 capital/city
b_flyndagol,6125,3109,c_flyndagol castle_holding <- slot0 capital/city
b_dispura,6096,3081,c_flyndagol city_holding <- slot6 (farthest free in-county slot)
b_serpents_cowl,2844,1473,c_forest_of_wyrms tribal_holding <- slot0 capital/city
b_jianggong,7800,3071,c_forests_edge tribal_holding <- slot0 capital/city
b_forgefires,708,2219,c_forgefires tribal_holding <- slot0 capital/city
b_oaksong_tower,2991,1207,c_forgotten_forest tribal_holding <- slot0 capital/city
b_forharn,3782,1047,c_forharn castle_holding <- slot0 capital/city
b_geshun,3800,1037,c_forharn city_holding <- slot4 port
b_kossuths_ire,3810,1059,c_forharn church_holding <- slot1 (farthest free in-county slot)
b_firehammer_hold,2492,1051,c_forlorn_hills tribal_holding <- slot0 capital/city
b_house_of_taeros,2465,1033,c_forlorn_hills city_holding <- slot4 port
b_torstultok,2492,1094,c_forlorn_hills church_holding <- slot5 (farthest free in-county slot)
b_keldsgar,4341,3843,c_fornaluit_plain tribal_holding <- slot0 capital/city
b_forol,4711,3109,c_forol tribal_holding <- slot0 capital/city
b_earalnst,6370,3372,c_free_heights tribal_holding <- slot0 capital/city
b_freedale,3657,1430,c_freedale city_holding <- slot0 capital/city
b_rogarsheim,1769,1465,c_frostfenn castle_holding <- slot0 capital/city
b_frozen_flindyke,3858,949,c_frozen_flindyke tribal_holding <- slot0 capital/city
b_gartthalt,3761,705,c_frozen_forest tribal_holding <- slot0 capital/city
b_acks,5352,2772,c_fuirgar castle_holding <- slot0 capital/city
b_telser,5338,2802,c_fuirgar city_holding <- slot4 port
b_vasherjar,5322,2745,c_fuirgar church_holding <- slot6 (farthest free in-county slot)
b_fujegat,5952,5849,c_fujegat castle_holding <- slot0 capital/city
b_banad,5922,5862,c_fujegat church_holding <- slot4 (farthest free in-county slot)
b_fukiow,8004,1635,c_fukiow castle_holding <- slot0 capital/city
b_donggyi,7974,1657,c_fukiow city_holding <- slot4 port
b_fusselflow,4460,2720,c_fussellshade castle_holding <- slot0 capital/city
b_ari_avelba,4421,2733,c_fussellshade city_holding <- slot4 port
b_fustat,6151,2368,c_fustat castle_holding <- slot0 capital/city
b_yarkamm,6129,2358,c_fustat city_holding <- slot4 port
b_jhaansciim,2496,2257,c_fyraven castle_holding <- slot0 capital/city
b_honourguard,2481,2280,c_fyraven church_holding <- slot5 (farthest free in-county slot)
b_khalids_wall,2516,2268,c_fyraven castle_holding <- slot1 (farthest free in-county slot)
b_vangsland,3778,566,c_gaethluntar tribal_holding <- slot0 capital/city
b_kinbrace,4396,1156,c_galena_snake castle_holding <- slot0 capital/city
b_kinnery,4425,1188,c_galena_snake church_holding <- slot1 (farthest free in-county slot)
b_sulasspryn,4109,1252,c_galenarr castle_holding <- slot0 capital/city
b_gallads_garden,2664,382,c_gallads_garden tribal_holding <- slot0 capital/city
b_galuka,5586,1373,c_galuka tribal_holding <- slot0 capital/city
b_gamruhan,5627,5790,c_gamruhan tribal_holding <- slot0 capital/city
b_gana,5479,6218,c_gana castle_holding <- slot0 capital/city
b_kache,5463,6177,c_gana city_holding <- slot2 (farthest free in-county slot)
b_wad_menar,5481,6189,c_gana church_holding <- slot1 (farthest free in-county slot)
b_shendra,5277,2204,c_ganathwood castle_holding <- slot0 capital/city
b_imasq,5287,2194,c_ganathwood city_holding <- slot4 port
b_nathong,6567,4815,c_gate_of_heaven castle_holding <- slot0 capital/city
b_taranvanp,6577,4828,c_gate_of_heaven city_holding <- slot4 port
b_gauros_keep,5221,1737,c_gauros castle_holding <- slot0 capital/city
b_achnizu,5230,1760,c_gauros city_holding <- slot4 port
b_geman,5336,890,c_geman castle_holding <- slot0 capital/city
b_ermani,7617,1565,c_generals_stand tribal_holding <- slot0 capital/city
b_genies_garden,6079,4995,c_genies_garden tribal_holding <- slot0 capital/city
b_genval,3776,3142,c_genval tribal_holding <- slot0 capital/city
b_bexel,5750,2153,c_ghaastwood tribal_holding <- slot0 capital/city
b_ghajar,5375,4850,c_ghajar castle_holding <- slot0 capital/city
b_borah,3491,3970,c_ghalagar castle_holding <- slot0 capital/city
b_gheldaneth,5012,2587,c_gheldaneth castle_holding <- slot0 capital/city
b_azala,5060,2591,c_gheldaneth church_holding <- slot1 (farthest free in-county slot)
b_dazarqash,5041,2579,c_gheldaneth castle_holding <- slot2 (farthest free in-county slot)
b_delgora,5025,2602,c_gheldaneth city_holding <- slot5 (farthest free in-county slot)
b_ings,6442,4733,c_ghost_leopard castle_holding <- slot0 capital/city
b_narmuli,6424,4735,c_ghost_leopard city_holding <- slot4 port
b_giant_gap,4537,1256,c_giant_gap tribal_holding <- slot0 capital/city
b_iisilmark,3290,2088,c_giants_run castle_holding <- slot0 capital/city
b_gildenglade,3980,2180,c_gildenglade city_holding <- slot0 capital/city
b_banathar,3999,2192,c_gildenglade church_holding <- slot1 (farthest free in-county slot)
b_merrydell,3989,2171,c_gildenglade castle_holding <- slot4 (farthest free in-county slot)
b_gimise,6401,5508,c_gimise tribal_holding <- slot0 capital/city
b_giniracha,6860,5852,c_giniracha tribal_holding <- slot0 capital/city
b_giteyosha,3053,6284,c_giteyosha castle_holding <- slot0 capital/city
b_godaayacado,3073,6290,c_giteyosha city_holding <- slot1 (farthest free in-county slot)
b_kibongari,3055,6278,c_giteyosha church_holding <- slot2 (farthest free in-county slot)
b_mount_wormlook,4197,1395,c_glacier_of_the_white_worm tribal_holding <- slot0 capital/city
b_glakis,3145,885,c_glakis tribal_holding <- slot0 capital/city
b_glarn,935,2460,c_glarn castle_holding <- slot0 capital/city
b_tyebar,923,2479,c_glarn city_holding <- slot4 port
b_glaurachyndaar,2932,715,c_glaurachyndaar castle_holding <- slot0 capital/city
b_star_mausoleum,2926,742,c_glaurachyndaar church_holding <- slot4 (farthest free in-county slot)
b_talgotha,2918,705,c_glaurachyndaar city_holding <- slot2 (farthest free in-county slot)
b_tuerel,2928,726,c_glaurachyndaar castle_holding <- slot5 (farthest free in-county slot)
b_kustaelau,401,2620,c_glaurflow tribal_holding <- slot0 capital/city
b_glister,4009,1154,c_glister castle_holding <- slot0 capital/city
b_glitterdelve,4396,3132,c_glitterdelve castle_holding <- slot0 capital/city
b_gnarhelm,2012,1445,c_gnarhelm castle_holding <- slot0 capital/city
b_deaths_door,2000,1430,c_gnarhelm city_holding <- slot2 (farthest free in-county slot)
b_ouargh,4462,3736,c_gnollhomes tribal_holding <- slot0 capital/city
b_lundar,3270,1533,c_goblin_marches tribal_holding <- slot0 capital/city
b_aurinstrat,4015,2630,c_golden_crossing tribal_holding <- slot0 capital/city
b_fereej_al_amail,6028,5510,c_golden_falcon tribal_holding <- slot0 capital/city
b_ganak,5807,3462,c_golden_fields castle_holding <- slot0 capital/city
b_sish,5762,3478,c_golden_fields city_holding <- slot4 port
b_nagaford,3909,2618,c_golden_road tribal_holding <- slot0 capital/city
b_pharus,5047,2382,c_golden_shore castle_holding <- slot0 capital/city
b_zassatam,5090,2397,c_golden_shore city_holding <- slot1 (farthest free in-county slot)
b_goldenfields,2381,1031,c_goldenfields church_holding <- slot0 capital/city
b_harvesthome,2391,1021,c_goldenfields church_holding <- slot4 (farthest free in-county slot)
b_gomwenk,4548,746,c_gomwenk tribal_holding <- slot0 capital/city
b_gondistho,993,2210,c_gondistho castle_holding <- slot0 capital/city
b_gontal,327,2782,c_gontal tribal_holding <- slot0 capital/city
b_areyn,304,2784,c_gontal church_holding <- slot5 (farthest free in-county slot)
b_sanda,311,2767,c_gontal city_holding <- slot2 (farthest free in-county slot)
b_djerad_saari,436,2790,c_gontal_pass castle_holding <- slot0 capital/city
b_gracklstugh,2479,697,c_gracklstugh castle_holding <- slot0 capital/city
b_atag,4810,3931,c_granuin_forest tribal_holding <- slot0 capital/city
b_graskynar,4595,1293,c_graskynar castle_holding <- slot0 capital/city
b_tavwurn,4613,1301,c_graskynar church_holding <- slot1 (farthest free in-county slot)
b_yaughsonn,4605,1283,c_graskynar city_holding <- slot4 port
b_graulthanc,362,2462,c_graulthanc castle_holding <- slot0 capital/city
b_graxan,534,2915,c_graxan_forest tribal_holding <- slot0 capital/city
b_maatar,3225,1299,c_great_sands tribal_holding <- slot0 capital/city
b_thruldar,5047,3623,c_great_traders_way tribal_holding <- slot0 capital/city
b_astranar,2813,1819,c_green_fields tribal_holding <- slot0 capital/city
b_thurgabanteth,4130,2401,c_green_shadows castle_holding <- slot0 capital/city
b_tempushrine,4163,2415,c_green_shadows church_holding <- slot1 (farthest free in-county slot)
b_greenest,2885,1832,c_greenest castle_holding <- slot0 capital/city
b_millstone,2903,1809,c_greenest city_holding <- slot4 port
b_kirgard,2625,2325,c_greenshores castle_holding <- slot0 capital/city
b_kirlyntar,2619,2305,c_greenshores city_holding <- slot3 (farthest free in-county slot)
b_st_domin,2625,2305,c_greenshores church_holding <- slot1 (farthest free in-county slot)
b_greengrove,3731,1340,c_greentree tribal_holding <- slot0 capital/city
b_kerymiir,3757,1350,c_greentree church_holding <- slot1 (farthest free in-county slot)
b_ushaalnoth,3747,1328,c_greentree city_holding <- slot4 port
b_urhar,6618,4096,c_grendel castle_holding <- slot0 capital/city
b_bemame,6645,4133,c_grendel city_holding <- slot5 (farthest free in-county slot)
b_caerenvalt,4243,1670,c_grey_wood tribal_holding <- slot0 capital/city
b_greyhome,3069,1260,c_greycloak_hills castle_holding <- slot0 capital/city
b_halfway_inn,3079,1250,c_greycloak_hills city_holding <- slot4 port
b_grimroost,876,2167,c_grimroost castle_holding <- slot0 capital/city
b_arsthar,925,2172,c_grimroost city_holding <- slot5 (farthest free in-county slot)
b_arndtbergon,1795,1537,c_grondsgrunn tribal_holding <- slot0 capital/city
b_grunwald,2358,611,c_grunwald tribal_holding <- slot0 capital/city
b_guihar,7963,2325,c_guihar tribal_holding <- slot0 capital/city
b_guilmarl,4247,4195,c_guilmarl castle_holding <- slot0 capital/city
b_coibal,4283,4203,c_guilmarl city_holding <- slot4 port
b_gukh,6442,1086,c_gukh castle_holding <- slot0 capital/city
b_gull_nest,1410,1873,c_gullrocks castle_holding <- slot0 capital/city
b_gundar_kanga,5563,3605,c_gundar_forest castle_holding <- slot0 capital/city
b_gundbarg,1726,730,c_gundarlun tribal_holding <- slot0 capital/city
b_gurvandene,6974,842,c_gurvandene tribal_holding <- slot0 capital/city
b_guth,2662,3662,c_guth city_holding <- slot0 capital/city
b_olmfarth,2647,3685,c_guth city_holding <- slot5 (farthest free in-county slot)
b_hillsafar_hall,4128,1193,c_haatar_baen castle_holding <- slot0 capital/city
b_black_hole,4144,1180,c_haatar_baen city_holding <- slot4 port
b_mt_throndor,4093,1168,c_haatar_baen church_holding <- slot2 (farthest free in-county slot)
b_haelev,253,1444,c_haelwood castle_holding <- slot0 capital/city
b_afen_allanar,272,1455,c_haelwood church_holding <- slot1 (farthest free in-county slot)
b_onorar,255,1465,c_haelwood city_holding <- slot5 (farthest free in-county slot)
b_hafaya,5889,4826,c_hafaya castle_holding <- slot0 capital/city
b_dammaydah,5873,4850,c_hafaya castle_holding <- slot5 (farthest free in-county slot)
b_umm_gafago,5909,4838,c_hafaya church_holding <- slot1 (farthest free in-county slot)
b_hahami,5864,6048,c_hahami castle_holding <- slot0 capital/city
b_hai,7810,3251,c_hai_jungle tribal_holding <- slot0 capital/city
b_hakim,5361,6001,c_hakim tribal_holding <- slot0 capital/city
b_halagard,3503,4045,c_halagard castle_holding <- slot0 capital/city
b_kithymm,3473,4017,c_halagard city_holding <- slot6 (farthest free in-county slot)
b_talmost,2442,1078,c_halangorn tribal_holding <- slot0 capital/city
b_hardstone,2440,1045,c_halangorn church_holding <- slot3 (farthest free in-county slot)
b_loghann,2463,1064,c_halangorn city_holding <- slot4 port
b_mathass,3438,3861,c_halar_hills castle_holding <- slot0 capital/city
b_nuundal,3378,3867,c_halar_hills church_holding <- slot6 (farthest free in-county slot)
b_halarahh,3606,3943,c_halarahh castle_holding <- slot0 capital/city
b_halabar,3591,3967,c_halarahh church_holding <- slot5 (farthest free in-county slot)
b_lath,3624,3939,c_halarahh city_holding <- slot1 (farthest free in-county slot)
b_mardala,3610,3927,c_halarahh castle_holding <- slot2 (farthest free in-county slot)
b_halaze,3470,4101,c_halaze castle_holding <- slot0 capital/city
b_maezoun,3440,4074,c_halaze city_holding <- slot6 (farthest free in-county slot)
b_broken_helms,4015,3664,c_halruaan_heights tribal_holding <- slot0 capital/city
b_guizen,8066,4154,c_halu tribal_holding <- slot0 capital/city
b_halwa,5969,5591,c_halwa castle_holding <- slot0 capital/city
b_qurtai,5953,5610,c_halwa city_holding <- slot4 port
b_shinuraiq,5983,5608,c_halwa church_holding <- slot3 (farthest free in-county slot)
b_hame,7279,2771,c_hame castle_holding <- slot0 capital/city
b_hamid,5508,5735,c_hamid tribal_holding <- slot0 capital/city
b_arnise,2594,2020,c_hamlar_hills castle_holding <- slot0 capital/city
b_st_carwells_vale,2586,2010,c_hamlar_hills church_holding <- slot2 (farthest free in-county slot)
b_hammer_hall,2819,1156,c_hammer_hall castle_holding <- slot0 capital/city
b_surireb,5995,5378,c_hand_of_the_sky tribal_holding <- slot0 capital/city
b_laou,7310,4486,c_hanya_maut tribal_holding <- slot0 capital/city
b_hap,3815,1504,c_hap city_holding <- slot0 capital/city
b_tower_of_dracandros,3835,1516,c_hap castle_holding <- slot1 (farthest free in-county slot)
b_askamal,5907,2129,c_haqar castle_holding <- slot0 capital/city
b_harb,5944,2313,c_harb castle_holding <- slot0 capital/city
b_shahar,5928,2337,c_harb church_holding <- slot5 (farthest free in-county slot)
b_uman,5944,2317,c_harb city_holding <- slot1 (farthest free in-county slot)
b_hardangheight,1961,1467,c_hardang tribal_holding <- slot0 capital/city
b_hardcastle,4482,2903,c_hardcastle castle_holding <- slot0 capital/city
b_bilgunar,4453,2876,c_hardcastle church_holding <- slot6 (farthest free in-county slot)
b_naporia,4492,2894,c_hardcastle city_holding <- slot4 port
b_harglast,843,2913,c_harglast city_holding <- slot0 capital/city
b_ironguard,870,2911,c_harglast castle_holding <- slot5 (farthest free in-county slot)
b_akalentar,1034,2526,c_hargleth_forest tribal_holding <- slot0 capital/city
b_harheldur,5264,2120,c_harheldur castle_holding <- slot0 capital/city
b_firedelves,5283,2131,c_harheldur church_holding <- slot1 (farthest free in-county slot)
b_mordinsonn,5273,2110,c_harheldur city_holding <- slot4 port
b_harlending,4535,3247,c_harlending castle_holding <- slot0 capital/city
b_nulukkhol,4554,3259,c_harlending church_holding <- slot1 (farthest free in-county slot)
b_orpool,4544,3238,c_harlending city_holding <- slot4 port
b_harngel,5297,3445,c_harngel tribal_holding <- slot0 capital/city
b_harrowdale,3974,1500,c_harrowdale city_holding <- slot0 capital/city
b_two_rocks,3991,1479,c_harrowdale castle_holding <- slot1 (farthest free in-county slot)
b_stagwick,3001,474,c_hartsvale castle_holding <- slot0 capital/city
b_shasira,3864,6017,c_hasira castle_holding <- slot0 capital/city
b_kashira,3833,5974,c_hasira city_holding <- slot4 port
b_hatgiainli,7191,996,c_hatgiainli tribal_holding <- slot0 capital/city
b_havraquoar,306,244,c_havraquoar tribal_holding <- slot0 capital/city
b_hawa,5389,4760,c_hawa castle_holding <- slot0 capital/city
b_diraraht,5359,4733,c_hawa church_holding <- slot6 (farthest free in-county slot)
b_safe_cove,5373,4783,c_hawa city_holding <- slot5 (farthest free in-county slot)
b_tissemgara,5408,4772,c_hawa castle_holding <- slot1 (farthest free in-county slot)
b_hawksroost,3925,1160,c_hawksroost tribal_holding <- slot0 capital/city
b_haxkhun,7359,1129,c_haxkhun city_holding <- slot0 capital/city
b_hayyir,5754,5565,c_hayyir castle_holding <- slot0 capital/city
b_busaib,5785,5575,c_hayyir city_holding <- slot1 (farthest free in-county slot)
b_jahrarak,5766,5563,c_hayyir church_holding <- slot2 (farthest free in-county slot)
b_mourning_stones,3083,2427,c_hazamarch castle_holding <- slot0 capital/city
b_chevangard,3077,2442,c_hazamarch city_holding <- slot4 port
b_hazuth,4748,3974,c_hazuth castle_holding <- slot0 capital/city
b_geddye,4703,3918,c_hazuth city_holding <- slot6 (farthest free in-county slot)
b_hashimi,4732,3945,c_hazuth church_holding <- slot2 (farthest free in-county slot)
b_lhuve,2803,877,c_heartblood tribal_holding <- slot0 capital/city
b_karse,2746,896,c_heartblood castle_holding <- slot5 (farthest free in-county slot)
b_standing_stone,3825,1408,c_heartwood castle_holding <- slot0 capital/city
b_greatstone,3833,1397,c_heartwood city_holding <- slot4 port
b_heldapan,5842,3281,c_heldar city_holding <- slot0 capital/city
b_agankmu,5813,3253,c_heldar church_holding <- slot6 (farthest free in-county slot)
b_ramumbua,5862,3292,c_heldar castle_holding <- slot1 (farthest free in-county slot)
b_nighthawk_tower,4791,1365,c_helenas_wood church_holding <- slot0 capital/city
b_heliogabalus,4367,1262,c_heliogabalus castle_holding <- slot0 capital/city
b_rosekeep,4388,1250,c_heliogabalus church_holding <- slot4 (farthest free in-county slot)
b_iouloum,3452,1117,c_helm_rift tribal_holding <- slot0 capital/city
b_helms_hold,2213,808,c_helms_hold city_holding <- slot0 capital/city
b_crossroad_keep,2209,789,c_helms_hold castle_holding <- slot2 (farthest free in-county slot)
b_helms_cathedral,2215,816,c_helms_hold church_holding <- slot1 (farthest free in-county slot)
b_hengfena,7605,2581,c_hengfena tribal_holding <- slot0 capital/city
b_heptios,4607,2405,c_heptios castle_holding <- slot0 capital/city
b_nekala,4627,2417,c_heptios church_holding <- slot1 (farthest free in-county slot)
b_herath,4292,3982,c_herath castle_holding <- slot0 capital/city
b_gramander,4267,3998,c_herath city_holding <- slot4 port
b_po,7908,3697,c_herders_crook castle_holding <- slot0 capital/city
b_tanggong,7943,3707,c_herders_crook city_holding <- slot4 port
b_funashi,6776,4692,c_hernes_wood castle_holding <- slot0 capital/city
b_heroes_height,4904,734,c_heroes_height tribal_holding <- slot0 capital/city
b_hethar,4398,4215,c_hethar castle_holding <- slot0 capital/city
b_gahyrst,4361,4168,c_hethar city_holding <- slot6 (farthest free in-county slot)
b_ghikuli,4390,4195,c_hethar church_holding <- slot2 (farthest free in-county slot)
b_hidden_hopes,1496,3404,c_hidden_hopes castle_holding <- slot0 capital/city
b_hidden_vale,3614,1660,c_hidden_vale city_holding <- slot0 capital/city
b_obrynns_landing,2915,892,c_high_gap castle_holding <- slot0 capital/city
b_lothamar,2907,875,c_high_gap church_holding <- slot2 (farthest free in-county slot)
b_high_horn,3260,1639,c_high_horn castle_holding <- slot0 capital/city
b_huthduth,3249,1623,c_high_horn church_holding <- slot2 (farthest free in-county slot)
b_marts_keep,3356,1569,c_high_moors castle_holding <- slot0 capital/city
b_ankherhome,5326,2149,c_high_valley tribal_holding <- slot0 capital/city
b_highcastle,3651,1670,c_highcastle city_holding <- slot0 capital/city
b_dancing_place,3608,1682,c_highcastle church_holding <- slot2 (farthest free in-county slot)
b_helmsdale,4369,1197,c_highcountry castle_holding <- slot0 capital/city
b_highmoon,3696,1608,c_highmoon city_holding <- slot0 capital/city
b_bristar,3724,1604,c_highmoon church_holding <- slot1 (farthest free in-county slot)
b_highplume_station,2170,341,c_highplume_station tribal_holding <- slot0 capital/city
b_kemva,6534,3726,c_highstars castle_holding <- slot0 capital/city
b_thufuj,6577,3724,c_highstars city_holding <- slot4 port
b_hills_edge,3010,1569,c_hills_edge city_holding <- slot0 capital/city
b_gilting,2971,1571,c_hills_edge church_holding <- slot4 (farthest free in-county slot)
b_elahzad,3366,1281,c_hills_of_scent tribal_holding <- slot0 capital/city
b_bhyanaga,4597,3929,c_hills_of_the_dead_kings castle_holding <- slot0 capital/city
b_mithyme,4570,3918,c_hills_of_the_dead_kings city_holding <- slot4 port
b_castle_maalthiir,3876,1332,c_hillsfar castle_holding <- slot0 capital/city
b_hillsfar,3894,1311,c_hillsfar city_holding <- slot4 port
b_tailings_bay,3896,1344,c_hillsfar church_holding <- slot1 (farthest free in-county slot)
b_hilm,5998,5935,c_hilm castle_holding <- slot0 capital/city
b_as_bidbiyat,6018,5946,c_hilm church_holding <- slot1 (farthest free in-county slot)
b_hisari,2240,3488,c_hisari castle_holding <- slot0 capital/city
b_aggen,2217,3486,c_hisari city_holding <- slot4 port
b_sibbaqiyah,5783,6044,c_hitan_island castle_holding <- slot0 capital/city
b_hiyal,5543,5456,c_hiyal castle_holding <- slot0 capital/city
b_hamuwa,5529,5430,c_hiyal church_holding <- slot2 (farthest free in-county slot)
b_jurdaiya,5568,5452,c_hiyal city_holding <- slot4 port
b_sabus,5549,5440,c_hiyal church_holding <- slot1 (farthest free in-county slot)
b_hlammach,4347,1674,c_hlammach castle_holding <- slot0 capital/city
b_amgoth,4370,1688,c_hlammach city_holding <- slot6 (farthest free in-county slot)
b_pick_and_axe,4361,1662,c_hlammach church_holding <- slot2 (farthest free in-county slot)
b_hlath,4189,2225,c_hlath city_holding <- slot0 capital/city
b_alatar,4212,2217,c_hlath church_holding <- slot1 (farthest free in-county slot)
b_skasar,4197,2206,c_hlath castle_holding <- slot2 (farthest free in-county slot)
b_hlaungadath,3075,589,c_hlaungadath tribal_holding <- slot0 capital/city
b_hlintar,4124,1531,c_hlintar city_holding <- slot0 capital/city
b_hlondeth,3839,2317,c_hlondeth castle_holding <- slot0 capital/city
b_amphisbaena,3802,2303,c_hlondeth church_holding <- slot2 (farthest free in-county slot)
b_halfling_vale,3835,2294,c_hlondeth city_holding <- slot3 (farthest free in-county slot)
b_tanarspear,3823,2309,c_hlondeth city_holding <- slot1 (farthest free in-county slot)
b_hluthvar,3038,1684,c_hluthvar church_holding <- slot0 capital/city
b_hoarbridge,4914,1096,c_hoarbridge tribal_holding <- slot0 capital/city
b_holdensword,4056,2147,c_holdensword city_holding <- slot0 capital/city
b_obelners_well,4075,2159,c_holdensword castle_holding <- slot1 (farthest free in-county slot)
b_hollow_mountain,4167,1440,c_hollow_mountain tribal_holding <- slot0 capital/city
b_deepfires,4177,1430,c_hollow_mountain castle_holding <- slot4 (farthest free in-county slot)
b_glimmering_swords,4171,1445,c_hollow_mountain castle_holding <- slot1 (farthest free in-county slot)
b_horaholm,5217,1158,c_horaholm castle_holding <- slot0 capital/city
b_cerrek,4146,2970,c_horizons tribal_holding <- slot0 capital/city
b_horn_of_afyal,6657,6247,c_horn_of_afyal castle_holding <- slot0 capital/city
b_wazikkar,6694,6247,c_horn_of_afyal city_holding <- slot1 (farthest free in-county slot)
b_bogon,7107,1926,c_horseshoe_oasis church_holding <- slot0 capital/city
b_mirar_green,2105,558,c_hosttower_of_the_arcane tribal_holding <- slot0 capital/city
b_central_spire,2086,560,c_hosttower_of_the_arcane castle_holding <- slot5 (farthest free in-county slot)
b_istafa,6235,2563,c_howling_gap tribal_holding <- slot0 capital/city
b_hrakhamar,1824,3480,c_hrakhamar castle_holding <- slot0 capital/city
b_wyrmheart,1836,3462,c_hrakhamar church_holding <- slot4 (farthest free in-county slot)
b_huai,7687,2853,c_huai castle_holding <- slot0 capital/city
b_hudariyah,6729,5849,c_hudariyah tribal_holding <- slot0 capital/city
b_huddagh,3653,1750,c_huddagh city_holding <- slot0 capital/city
b_halfknot,3673,1762,c_huddagh castle_holding <- slot1 (farthest free in-county slot)
b_kulta,3663,1741,c_huddagh church_holding <- slot4 (farthest free in-county slot)
b_hudid,5975,6183,c_hudid castle_holding <- slot0 capital/city
b_araitan,5959,6177,c_hudid city_holding <- slot2 (farthest free in-county slot)
b_hususan,5979,6189,c_hudid church_holding <- slot1 (farthest free in-county slot)
b_hulan,7527,1490,c_hulan tribal_holding <- slot0 capital/city
b_griffonwatch_keep,4052,1250,c_hulburg castle_holding <- slot0 capital/city
b_hulburg,4036,1273,c_hulburg city_holding <- slot5 (farthest free in-county slot)
b_tethgard,3513,1625,c_hullack_forest castle_holding <- slot0 capital/city
b_wyvernstones,3499,1647,c_hullack_forest city_holding <- slot4 port
b_hulm,5168,5612,c_hulm tribal_holding <- slot0 capital/city
b_hundelstone,2060,496,c_hundelstone castle_holding <- slot0 capital/city
b_chevlarin,2070,486,c_hundelstone city_holding <- slot4 port
b_hundred_spears,5244,2827,c_hundred_spears tribal_holding <- slot0 capital/city
b_huplik,4660,654,c_huplik tribal_holding <- slot0 capital/city
b_huzuz,5785,5806,c_huzuz castle_holding <- slot0 capital/city
b_gamremah,5805,5796,c_huzuz church_holding <- slot1 (farthest free in-county slot)
b_marirah,5795,5804,c_huzuz city_holding <- slot3 (farthest free in-county slot)
b_hykopgrok,4412,951,c_hykopgrok tribal_holding <- slot0 capital/city
b_ibelgrak,4754,906,c_ibelgrak tribal_holding <- slot0 capital/city
b_ibreb,5185,6488,c_ibreb castle_holding <- slot0 capital/city
b_icelace,4847,1002,c_icelace tribal_holding <- slot0 capital/city
b_bura,6634,1041,c_iceroot_forest tribal_holding <- slot0 capital/city
b_icespire_peak,2303,808,c_icespire_peak tribal_holding <- slot0 capital/city
b_peltarch,4712,1221,c_icetail tribal_holding <- slot0 capital/city
b_icewind_coast,2232,273,c_icewind_coast tribal_holding <- slot0 capital/city
b_igenghack,4574,973,c_igenghack tribal_holding <- slot0 capital/city
b_iirgar,3851,3593,c_iirgar tribal_holding <- slot0 capital/city
b_makthar,4705,1926,c_ikemmu castle_holding <- slot0 capital/city
b_pyton,4734,1934,c_ikemmu city_holding <- slot4 port
b_sapra,4189,2102,c_ilighon church_holding <- slot0 capital/city
b_ilimar,4101,3980,c_ilimar tribal_holding <- slot0 capital/city
b_ilinvur,3909,1111,c_ilinvur city_holding <- slot0 capital/city
b_aetherglen,3876,1092,c_ilinvur church_holding <- slot2 (farthest free in-county slot)
b_verrunmill,3896,1103,c_ilinvur castle_holding <- slot1 (farthest free in-county slot)
b_iliphanar,5936,2557,c_iliphanar castle_holding <- slot0 capital/city
b_kel_erish,5907,2530,c_iliphanar city_holding <- slot6 (farthest free in-county slot)
b_ilipur,3303,1815,c_ilipur city_holding <- slot0 capital/city
b_bloodtower,3274,1787,c_ilipur castle_holding <- slot6 (farthest free in-county slot)
b_iljak,3984,2370,c_iljak city_holding <- slot0 capital/city
b_illuks,4165,2542,c_illuks tribal_holding <- slot0 capital/city
b_everwinter,2197,652,c_illuskwood tribal_holding <- slot0 capital/city
b_ilmwatch,4484,1502,c_ilmwatch castle_holding <- slot0 capital/city
b_cairnpur,4468,1526,c_ilmwatch city_holding <- slot5 (farthest free in-county slot)
b_maracath,4474,1483,c_ilmwatch church_holding <- slot2 (farthest free in-county slot)
b_imajuvisik,4177,832,c_imajuvisik tribal_holding <- slot0 capital/city
b_imdolphyn,876,2892,c_imdolphyn city_holding <- slot0 capital/city
b_dexal,888,2907,c_imdolphyn castle_holding <- slot5 (farthest free in-county slot)
b_hillmarch,3462,1617,c_immerflow castle_holding <- slot0 capital/city
b_masoners_bridge,3464,1639,c_immerflow city_holding <- slot4 port
b_immilmar,5072,1402,c_immilmar castle_holding <- slot0 capital/city
b_trancana,5041,1406,c_immilmar city_holding <- slot4 port
b_imnescar,2686,2139,c_imnescar city_holding <- slot0 capital/city
b_battlescarred_bard,2660,2104,c_imnescar church_holding <- slot6 (farthest free in-county slot)
b_hydcont_hall,2694,2102,c_imnescar castle_holding <- slot4 (farthest free in-county slot)
b_carradoon_isle,3255,2300,c_impresk castle_holding <- slot0 capital/city
b_caradoon,3262,2258,c_impresk city_holding <- slot4 port
b_castle_trinity,3239,2323,c_impresk castle_holding <- slot5 (farthest free in-county slot)
b_spirit_soaring,3264,2286,c_impresk church_holding <- slot3 (farthest free in-county slot)
b_imroley,5510,2731,c_imroley castle_holding <- slot0 capital/city
b_ingdals_arm,4408,1948,c_ingdals_arm castle_holding <- slot0 capital/city
b_cardended,4427,1959,c_ingdals_arm city_holding <- slot1 (farthest free in-county slot)
b_ingmur,5422,2122,c_ingmur tribal_holding <- slot0 capital/city
b_majma,6548,4453,c_inkelvale castle_holding <- slot0 capital/city
b_qamisha,6571,4463,c_inkelvale city_holding <- slot4 port
b_inkrath,4967,2833,c_inkrath castle_holding <- slot0 capital/city
b_mesa,4976,2823,c_inkrath city_holding <- slot4 port
b_innarlith,3984,2806,c_innarlith city_holding <- slot0 capital/city
b_eamford,3954,2778,c_innarlith castle_holding <- slot6 (farthest free in-county slot)
b_stathmore,4003,2817,c_innarlith church_holding <- slot1 (farthest free in-county slot)
b_kengarun,7869,482,c_inner_ama tribal_holding <- slot0 capital/city
b_intibah,5185,6263,c_intibah castle_holding <- slot0 capital/city
b_noubin,5199,6234,c_intibah city_holding <- slot4 port
b_inupras,5756,2808,c_inupras castle_holding <- slot0 capital/city
b_iomaport,2186,2245,c_ioma castle_holding <- slot0 capital/city
b_ompalarn,2162,2223,c_ioma church_holding <- slot6 (farthest free in-county slot)
b_evth,4232,3650,c_irestone tribal_holding <- slot0 capital/city
b_the_tor,3045,1821,c_iriaebor castle_holding <- slot0 capital/city
b_blacktalon,3087,1799,c_iriaebor church_holding <- slot4 (farthest free in-county slot)
b_dragonrise_keep,3061,1801,c_iriaebor castle_holding <- slot2 (farthest free in-county slot)
b_iriaebor,3075,1809,c_iriaebor city_holding <- slot1 (farthest free in-county slot)
b_saintkho,6274,2169,c_iris_spring castle_holding <- slot0 capital/city
b_iritasker,3098,1698,c_iritasker castle_holding <- slot0 capital/city
b_ironfang_deep,3737,2157,c_ironfang_deep castle_holding <- slot0 capital/city
b_dhoggari,3722,2180,c_ironfang_deep castle_holding <- slot5 (farthest free in-county slot)
b_thogh,3747,2147,c_ironfang_deep city_holding <- slot4 port
b_zigila,3726,2141,c_ironfang_deep church_holding <- slot2 (farthest free in-county slot)
b_ironfang_keep,4156,1330,c_ironfang_keep castle_holding <- slot0 capital/city
b_eastwall,4136,1311,c_ironfang_keep city_holding <- slot4 port
b_tel_verinal,4163,1340,c_ironfang_keep church_holding <- slot1 (farthest free in-county slot)
b_ironmaster,2035,455,c_ironmaster castle_holding <- slot0 capital/city
b_firestone,2019,478,c_ironmaster city_holding <- slot5 (farthest free in-county slot)
b_ironspur,4398,1105,c_ironspur castle_holding <- slot0 capital/city
b_justins_mine,4406,1117,c_ironspur city_holding <- slot4 port
b_samek,4392,1117,c_ironspur church_holding <- slot5 (farthest free in-county slot)
b_jokkursbay,2254,2169,c_irphong castle_holding <- slot0 capital/city
b_isfasan,5537,2280,c_isfasan castle_holding <- slot0 capital/city
b_eveh,5570,2288,c_isfasan city_holding <- slot4 port
b_laho,5508,2253,c_isfasan church_holding <- slot6 (farthest free in-county slot)
b_ishamar,896,3015,c_ishamar_isles tribal_holding <- slot0 capital/city
b_ishau,2227,3433,c_ishau tribal_holding <- slot0 capital/city
b_iskashyoll,2928,2610,c_iskashyoll castle_holding <- slot0 capital/city
b_khanall,2901,2624,c_iskashyoll city_holding <- slot4 port
b_badest,3901,1844,c_isle_of_prespur castle_holding <- slot0 capital/city
b_sana,5107,3828,c_isle_of_quelthiir tribal_holding <- slot0 capital/city
b_ithal_pass,3104,2616,c_ithal_pass castle_holding <- slot0 capital/city
b_formithlind,3114,2606,c_ithal_pass city_holding <- slot4 port
b_ithan,458,2386,c_ithan castle_holding <- slot0 capital/city
b_ithmong,3350,3404,c_ithmong city_holding <- slot0 capital/city
b_rabluff,3335,3427,c_ithmong castle_holding <- slot5 (farthest free in-county slot)
b_loranse,2789,2499,c_ithmonn castle_holding <- slot0 capital/city
b_hostim,2823,2497,c_ithmonn city_holding <- slot4 port
b_itiraf,5905,6114,c_itiraf castle_holding <- slot0 capital/city
b_badais,5928,6122,c_itiraf church_holding <- slot1 (farthest free in-county slot)
b_samaybi,5909,6110,c_itiraf church_holding <- slot2 (farthest free in-county slot)
b_ixinos,4216,2135,c_ixinos castle_holding <- slot0 capital/city
b_iyrandrar,4273,2630,c_iyrandrar city_holding <- slot0 capital/city
b_jaasa_hold,3503,3130,c_jaasa city_holding <- slot0 capital/city
b_demongulch,3473,3103,c_jaasa church_holding <- slot6 (farthest free in-county slot)
b_great_stronghold,3487,3154,c_jaasa castle_holding <- slot5 (farthest free in-county slot)
b_jab,5561,2907,c_jab church_holding <- slot0 capital/city
b_jabal_sarahin,5942,5282,c_jabal_sarahin castle_holding <- slot0 capital/city
b_jade_gate,7458,2026,c_jade_gate castle_holding <- slot0 capital/city
b_panchun,7488,2010,c_jade_gate city_holding <- slot4 port
b_askix,4693,2309,c_jade_hills city_holding <- slot0 capital/city
b_bratun,4664,2282,c_jade_hills castle_holding <- slot6 (farthest free in-county slot)
b_leeside,4677,2333,c_jade_hills church_holding <- slot5 (farthest free in-county slot)
b_jahaka,1838,3386,c_jahaka_bay castle_holding <- slot0 capital/city
b_kengabar,1822,3410,c_jahaka_bay city_holding <- slot5 (farthest free in-county slot)
b_jajam,4066,625,c_jajam tribal_holding <- slot0 capital/city
b_thapadan,8031,5061,c_jakadiri tribal_holding <- slot0 capital/city
b_jalanthar,2776,691,c_jalanthar city_holding <- slot0 capital/city
b_moon_pass,2795,703,c_jalanthar castle_holding <- slot1 (farthest free in-county slot)
b_jamal,5400,5766,c_jamal tribal_holding <- slot0 capital/city
b_jaria,7771,779,c_jaria tribal_holding <- slot0 capital/city
b_jarir,6051,2020,c_jarir tribal_holding <- slot0 capital/city
b_tujul,6116,4803,c_jasan_pass castle_holding <- slot0 capital/city
b_suralah,5221,6607,c_jazayir_al_alfar tribal_holding <- slot0 capital/city
b_jelnesh,6503,2497,c_jelnesh tribal_holding <- slot0 capital/city
b_hedrun,4212,3275,c_jelvak church_holding <- slot0 capital/city
b_jelvym,4720,1295,c_jelvym tribal_holding <- slot0 capital/city
b_jeradin,4726,2919,c_jeradin tribal_holding <- slot0 capital/city
b_jeranjah,6813,5663,c_jeranjah tribal_holding <- slot0 capital/city
b_jebafi,7191,6300,c_jezarh_jadew tribal_holding <- slot0 capital/city
b_amudani,6921,6501,c_jezarh_mah_alewd tribal_holding <- slot0 capital/city
b_dawarout,6798,6452,c_jezarh_mar tribal_holding <- slot0 capital/city
b_karza,6882,6597,c_jezarh_restakhaz tribal_holding <- slot0 capital/city
b_al_qusanawat,7255,6341,c_jezarh_shemshar tribal_holding <- slot0 capital/city
b_jhalhoran,5174,2544,c_jhalhoran castle_holding <- slot0 capital/city
b_dimish,5168,2513,c_jhalhoran city_holding <- slot4 port
b_jhalolokati,6802,4971,c_jhalolokati tribal_holding <- slot0 capital/city
b_haimaq,5879,5548,c_jibal_al_taif tribal_holding <- slot0 capital/city
b_jinutt,6546,6298,c_jinutt tribal_holding <- slot0 capital/city
b_aprech,6526,6327,c_jinutt church_holding <- slot2 (farthest free in-county slot)
b_sarhak,6546,6329,c_jinutt city_holding <- slot1 (farthest free in-county slot)
b_jorhat_shan,6350,2677,c_jorhat_shan castle_holding <- slot0 capital/city
b_joums,2289,3716,c_joums castle_holding <- slot0 capital/city
b_degai,2315,3699,c_joums city_holding <- slot4 port
b_joya,7935,4209,c_joya castle_holding <- slot0 capital/city
b_jugicha,7566,1197,c_jugicha city_holding <- slot0 capital/city
b_athgard_keep,2528,1131,c_julkoun castle_holding <- slot0 capital/city
b_julkoun,2494,1127,c_julkoun city_holding <- slot4 port
b_jumlat,5629,6128,c_jumlat castle_holding <- slot0 capital/city
b_dibba_qorewah,5580,6107,c_jumlat church_holding <- slot2 (farthest free in-county slot)
b_zaralfa,5596,6124,c_jumlat church_holding <- slot3 (farthest free in-county slot)
b_caldarth,3423,3038,c_jundarwood church_holding <- slot0 capital/city
b_arak,266,4928,c_jungled_approach tribal_holding <- slot0 capital/city
b_kaarekh,3335,3615,c_kaarekh tribal_holding <- slot0 capital/city
b_olah_raga,7505,4889,c_kabus_highlands tribal_holding <- slot0 capital/city
b_utara,7583,4731,c_kabut tribal_holding <- slot0 capital/city
b_kadarasto,6249,6165,c_kadarasto castle_holding <- slot0 capital/city
b_milaydah,6231,6177,c_kadarasto city_holding <- slot4 port
b_salname,6217,6167,c_kadarasto church_holding <- slot2 (farthest free in-county slot)
b_taqqa,6235,6181,c_kadarasto church_holding <- slot1 (farthest free in-county slot)
b_kaget,7310,4699,c_kaget_valley tribal_holding <- slot0 capital/city
b_kai_shan,8115,3433,c_kai_shan city_holding <- slot0 capital/city
b_donghua,8086,3406,c_kai_shan church_holding <- slot6 (farthest free in-county slot)
b_guijiang,8107,3456,c_kai_shan city_holding <- slot4 port
b_qinggong,8134,3445,c_kai_shan castle_holding <- slot1 (farthest free in-county slot)
b_kajiaruti,6667,5776,c_kajiaruti tribal_holding <- slot0 capital/city
b_kalathtyr,2596,2120,c_kalathtyr city_holding <- slot0 capital/city
b_ankara,2617,2108,c_kalathtyr city_holding <- slot2 (farthest free in-county slot)
b_sassalt,2608,2116,c_kalathtyr castle_holding <- slot3 (farthest free in-county slot)
b_wulen,2617,2118,c_kalathtyr church_holding <- slot1 (farthest free in-county slot)
b_kalish,5201,1324,c_kalish castle_holding <- slot0 capital/city
b_kalmins_grove,2727,2356,c_kalmins_grove castle_holding <- slot0 capital/city
b_hunters_tree,2698,2329,c_kalmins_grove church_holding <- slot6 (farthest free in-county slot)
b_old_oak_dell,2752,2343,c_kalmins_grove city_holding <- slot4 port
b_way_of_the_powrie,3876,996,c_kalterland tribal_holding <- slot0 capital/city
b_kaluth,857,2401,c_kaluth castle_holding <- slot0 capital/city
b_kanaglym,2737,1365,c_kanaglym castle_holding <- slot0 capital/city
b_hunnabar,2709,1371,c_kanaglym church_holding <- slot4 (farthest free in-county slot)
b_nepenthe_basin,2756,1377,c_kanaglym city_holding <- slot1 (farthest free in-county slot)
b_kangste,8017,1328,c_kangste castle_holding <- slot0 capital/city
b_anzhoun,7994,1340,c_kangste city_holding <- slot4 port
b_kaoll,4943,2665,c_kaoll castle_holding <- slot0 capital/city
b_chiosina,4953,2638,c_kaoll city_holding <- slot4 port
b_kapuli,6360,5892,c_kapuli tribal_holding <- slot0 capital/city
b_quarrelshigh,3094,1969,c_karlyns_vale tribal_holding <- slot0 capital/city
b_karmhold,3207,2059,c_karmsteppe tribal_holding <- slot0 capital/city
b_toshayuy,8009,720,c_karoah tribal_holding <- slot0 capital/city
b_karon,4212,1573,c_karondar tribal_holding <- slot0 capital/city
b_karzuwa,5582,5489,c_karzuwa tribal_holding <- slot0 capital/city
b_kasal,6692,6148,c_kasal castle_holding <- slot0 capital/city
b_lyareka,6727,6159,c_kasal church_holding <- slot1 (farthest free in-county slot)
b_kaslaib,5336,5501,c_kaslaib tribal_holding <- slot0 capital/city
b_kasper,6229,3230,c_kasper castle_holding <- slot0 capital/city
b_etedin,6258,3220,c_kasper city_holding <- slot4 port
b_kassa_stand,2809,3798,c_kassa_bay castle_holding <- slot0 capital/city
b_penshan,6387,2985,c_katakoro_pass tribal_holding <- slot0 capital/city
b_fengze,7189,2960,c_katakoro_tundra tribal_holding <- slot0 capital/city
b_kayari,7792,613,c_kayari tribal_holding <- slot0 capital/city
b_keczulla,2915,2071,c_keczulla castle_holding <- slot0 capital/city
b_karlyn_bridge,2944,2059,c_keczulla city_holding <- slot4 port
b_kelazzan,6045,3462,c_kelazzan castle_holding <- slot0 capital/city
b_naguda,6016,3435,c_kelazzan city_holding <- slot6 (farthest free in-county slot)
b_kelereng,7343,4789,c_kelereng_valley tribal_holding <- slot0 capital/city
b_kellesar,6213,3511,c_kellesar tribal_holding <- slot0 capital/city
b_keltar,2746,2726,c_keltar castle_holding <- slot0 capital/city
b_evenstar,2764,2694,c_keltar city_holding <- slot4 port
b_yuram,2766,2729,c_keltar church_holding <- slot1 (farthest free in-county slot)
b_penong,8025,4582,c_keluh tribal_holding <- slot0 capital/city
b_keluthar,5094,1791,c_keluthar castle_holding <- slot0 capital/city
b_bez_eska,5131,1789,c_keluthar city_holding <- slot4 port
b_naldiskor,5160,1797,c_keluthar church_holding <- slot1 (farthest free in-county slot)
b_kelvins_cairn,2152,382,c_kelvins_cairn castle_holding <- slot0 capital/city
b_kemati,7208,4264,c_kemati_valley church_holding <- slot0 capital/city
b_lobcha,7228,4271,c_kemati_valley city_holding <- slot4 port
b_durkon,8052,4416,c_kera castle_holding <- slot0 capital/city
b_shokan,8082,4373,c_kera city_holding <- slot4 port
b_asham,5228,2483,c_kesh castle_holding <- slot0 capital/city
b_sumelel,5238,2473,c_kesh city_holding <- slot4 port
b_ket_bel,5533,2516,c_ket_bel tribal_holding <- slot0 capital/city
b_selatan,7597,4828,c_ketcheel tribal_holding <- slot0 capital/city
b_kethid,4111,4109,c_kethid tribal_holding <- slot0 capital/city
b_khaa,5891,1725,c_khaa tribal_holding <- slot0 capital/city
b_khaelud,4564,2645,c_khaelud castle_holding <- slot0 capital/city
b_axebite,4574,2636,c_khaelud church_holding <- slot4 (farthest free in-county slot)
b_khedvallahir,2410,486,c_khedrun_valley tribal_holding <- slot0 capital/city
b_shield_way,2377,488,c_khedrun_valley city_holding <- slot4 port
b_khelas,6552,4352,c_khelas castle_holding <- slot0 capital/city
b_sammal,6518,4391,c_khelas city_holding <- slot5 (farthest free in-county slot)
b_kheldrivver,2590,1440,c_kheldrivver castle_holding <- slot0 capital/city
b_khivak,8037,371,c_khivak tribal_holding <- slot0 capital/city
b_khol,6766,1479,c_khol tribal_holding <- slot0 capital/city
b_murmaan,5803,1203,c_kholaa tribal_holding <- slot0 capital/city
b_kholassa,7089,1727,c_kholassa tribal_holding <- slot0 capital/city
b_kholtar,4386,3308,c_kholtar city_holding <- slot0 capital/city
b_basincross,4429,3312,c_kholtar castle_holding <- slot4 (farthest free in-county slot)
b_narakib,4404,3316,c_kholtar church_holding <- slot1 (farthest free in-county slot)
b_buukhinkh,5879,1975,c_khopet_dag tribal_holding <- slot0 capital/city
b_khuld,5621,2608,c_khuld tribal_holding <- slot0 capital/city
b_muinach,5670,2626,c_khuld church_holding <- slot4 (farthest free in-county slot)
b_kiasia,3110,6320,c_kiasia castle_holding <- slot0 capital/city
b_gisetara,3079,6316,c_kiasia church_holding <- slot2 (farthest free in-county slot)
b_maligi,3130,6304,c_kiasia city_holding <- slot4 port
b_kilastann,5643,2253,c_kilastann castle_holding <- slot0 capital/city
b_sughra,5672,2243,c_kilastann city_holding <- slot4 port
b_kindle,4208,3505,c_kindle tribal_holding <- slot0 capital/city
b_waymoot,3335,1676,c_kings_forest castle_holding <- slot0 capital/city
b_stag_steads,3362,1682,c_kings_forest city_holding <- slot4 port
b_kings_reach,4206,1508,c_kings_reach castle_holding <- slot0 capital/city
b_swords_pool,4216,1498,c_kings_reach city_holding <- slot4 port
b_kingsbay,1975,1766,c_kingsbay castle_holding <- slot0 capital/city
b_macsheehan,1984,1758,c_kingsbay church_holding <- slot1 (farthest free in-county slot)
b_gapure,5285,3658,c_kingshore castle_holding <- slot0 capital/city
b_nerahu,5256,3630,c_kingshore city_holding <- slot6 (farthest free in-county slot)
b_kinyo,2830,3718,c_kinyo tribal_holding <- slot0 capital/city
b_kitbezi,6344,5792,c_kitbezi tribal_holding <- slot0 capital/city
b_kituzeelal,6307,1637,c_kituzeelal tribal_holding <- slot0 capital/city
b_klionna,5395,3625,c_klionna castle_holding <- slot0 capital/city
b_chavyondat,5379,3636,c_klionna city_holding <- slot4 port
b_helshagar,5441,3611,c_klionna castle_holding <- slot3 (farthest free in-county slot)
b_tammat,5389,3601,c_klionna church_holding <- slot2 (farthest free in-county slot)
b_klondor,5199,2643,c_klondor castle_holding <- slot0 capital/city
b_nindur,5183,2653,c_klondor city_holding <- slot4 port
b_panas,8011,4479,c_kobar tribal_holding <- slot0 capital/city
b_kochar_steppe,2932,2741,c_kochar_steppe tribal_holding <- slot0 capital/city
b_two_falls_end,2952,2753,c_kochar_steppe church_holding <- slot1 (farthest free in-county slot)
b_zains_crossing,2942,2731,c_kochar_steppe castle_holding <- slot4 (farthest free in-county slot)
b_kochung,7789,3525,c_kochung church_holding <- slot0 capital/city
b_hengwei,7855,3503,c_kochung castle_holding <- slot4 (farthest free in-county slot)
b_kolapur,5645,3556,c_kolapur castle_holding <- slot0 capital/city
b_zelar,5629,3580,c_kolapur church_holding <- slot5 (farthest free in-county slot)
b_zhiyanyi,5656,3564,c_kolapur city_holding <- slot1 (farthest free in-county slot)
b_kolium,4965,1264,c_kolium tribal_holding <- slot0 capital/city
b_kollyat,4306,3206,c_kollyat tribal_holding <- slot0 capital/city
b_konigstadt,6653,4357,c_konig_hills castle_holding <- slot0 capital/city
b_ushalab,6643,4393,c_konig_hills city_holding <- slot4 port
b_konigheim,6596,4260,c_konigheim castle_holding <- slot0 capital/city
b_natiasa,6581,4213,c_konigheim church_holding <- slot6 (farthest free in-county slot)
b_rurmpo,6630,4252,c_konigheim castle_holding <- slot1 (farthest free in-county slot)
b_sivuzkma,6610,4240,c_konigheim city_holding <- slot2 (farthest free in-county slot)
b_korar,386,2757,c_korar_hills tribal_holding <- slot0 capital/city
b_djerad_arandal,393,2716,c_korar_hills city_holding <- slot2 (farthest free in-county slot)
b_caftenor,2031,1303,c_korinn castle_holding <- slot0 capital/city
b_kormul,3810,3271,c_kormul castle_holding <- slot0 capital/city
b_boyhill,3796,3228,c_kormul church_holding <- slot6 (farthest free in-county slot)
b_kinbarukth,3819,3302,c_kormul city_holding <- slot4 port
b_kothask,1025,2948,c_kothask tribal_holding <- slot0 capital/city
b_kouangi,5371,1637,c_kouangi castle_holding <- slot0 capital/city
b_kourmira,6217,1531,c_kourmira tribal_holding <- slot0 capital/city
b_balenulalik,6211,1500,c_kourmira city_holding <- slot4 port
b_nanshark,6233,1582,c_kourmira castle_holding <- slot3 (farthest free in-county slot)
b_tenji,6204,1555,c_kourmira church_holding <- slot6 (farthest free in-county slot)
b_krak_al_mazhar,6167,5155,c_krak_al_mazhar castle_holding <- slot0 capital/city
b_krak_al_niraan,5858,5174,c_krak_al_niraan castle_holding <- slot0 capital/city
b_ghaliha,5836,5204,c_krak_al_niraan city_holding <- slot4 port
b_krak_al_sajjaan,6174,6171,c_krak_al_sajjaan castle_holding <- slot0 capital/city
b_qudsamanah,6176,6128,c_krak_al_sajjaan city_holding <- slot4 port
b_touinana,6182,6148,c_krak_al_sajjaan church_holding <- slot1 (farthest free in-county slot)
b_krak_al_shidda,5539,6189,c_krak_al_shidda tribal_holding <- slot0 capital/city
b_krak_al_uruj,6213,5931,c_krak_al_uruj castle_holding <- slot0 capital/city
b_sahala,6188,5909,c_krak_al_uruj city_holding <- slot4 port
b_kresttet,4269,509,c_kresttet tribal_holding <- slot0 capital/city
b_kront,4896,1401,c_kront castle_holding <- slot0 capital/city
b_southkrypt,2322,894,c_kryptgarden_forest tribal_holding <- slot0 capital/city
b_ku_akh,5051,2518,c_ku_akh castle_holding <- slot0 capital/city
b_panalu,5051,2544,c_ku_akh city_holding <- slot4 port
b_taicheng,8074,2642,c_kuan_road castle_holding <- slot0 capital/city
b_mudanramay,8093,2653,c_kuan_road church_holding <- slot1 (farthest free in-county slot)
b_nangong,8084,2632,c_kuan_road city_holding <- slot4 port
b_zhouramay,7875,1608,c_kuang_chu_road castle_holding <- slot0 capital/city
b_shanchun,7869,1635,c_kuang_chu_road city_holding <- slot4 port
b_sumitra,7546,4688,c_kumandang church_holding <- slot0 capital/city
b_simbilan,7615,5024,c_kuning tribal_holding <- slot0 capital/city
b_kuo_meilan,8070,1569,c_kuo_meilan castle_holding <- slot0 capital/city
b_kupote,4116,5942,c_kupoteza tribal_holding <- slot0 capital/city
b_kuraakim,3896,3496,c_kuraakim tribal_holding <- slot0 capital/city
b_kurrsh,3933,2706,c_kurrsh city_holding <- slot0 capital/city
b_kurth,4116,1418,c_kurth castle_holding <- slot0 capital/city
b_maskyrs_eye,4109,1430,c_kurth city_holding <- slot4 port
b_kushk,6454,2602,c_kushk castle_holding <- slot0 capital/city
b_dabterm,6516,2610,c_kushk church_holding <- slot4 (farthest free in-county slot)
b_shama,6497,2614,c_kushk city_holding <- slot1 (farthest free in-county slot)
b_kwachow,7333,1666,c_kwachow castle_holding <- slot0 capital/city
b_kzelter,3167,2667,c_kzelter castle_holding <- slot0 capital/city
b_xora,3200,2651,c_kzelter city_holding <- slot4 port
b_laas,2125,3707,c_laas tribal_holding <- slot0 capital/city
b_easthaven,2135,431,c_lac_dinneshere city_holding <- slot0 capital/city
b_caer_dineval,2115,435,c_lac_dinneshere castle_holding <- slot5 (farthest free in-county slot)
b_lachom,3614,2403,c_lachom city_holding <- slot0 capital/city
b_lagiluri,6637,2491,c_lagiluri castle_holding <- slot0 capital/city
b_namuto,6624,2497,c_lagiluri city_holding <- slot4 port
b_lahib,5103,5352,c_lahib_island castle_holding <- slot0 capital/city
b_laila,3554,3333,c_laila church_holding <- slot0 capital/city
b_hila,3538,3357,c_laila city_holding <- slot5 (farthest free in-county slot)
b_laiwei,7921,2929,c_laiwei castle_holding <- slot0 capital/city
b_jiangyi,7908,2946,c_laiwei city_holding <- slot4 port
b_lajang,7329,4952,c_lajang castle_holding <- slot0 capital/city
b_minsor_vale,2746,2022,c_lake_weng tribal_holding <- slot0 capital/city
b_citadel_rashturl,2758,2030,c_lake_weng castle_holding <- slot1 (farthest free in-county slot)
b_lion_rock,171,416,c_lammasus_plain tribal_holding <- slot0 capital/city
b_lamrar,911,2360,c_lamrar castle_holding <- slot0 capital/city
b_maura_rauth,941,2352,c_lamrar city_holding <- slot4 port
b_pyraxia,2039,3607,c_land_of_ash_and_smoke tribal_holding <- slot0 capital/city
b_landithust,505,2434,c_landithust tribal_holding <- slot0 capital/city
b_langdarma,7185,4146,c_langdarma church_holding <- slot0 capital/city
b_gahong,7210,4144,c_langdarma city_holding <- slot4 port
b_kamsoperi,7185,4178,c_langdarma castle_holding <- slot5 (farthest free in-county slot)
b_kirtilamai,7171,4127,c_langdarma church_holding <- slot6 (farthest free in-county slot)
b_laothkund,4566,2045,c_laothkund castle_holding <- slot0 capital/city
b_enus,4587,2047,c_laothkund city_holding <- slot1 (farthest free in-county slot)
b_lapaalis_waters,3032,3779,c_lapaalis castle_holding <- slot0 capital/city
b_lapalgard,3413,3478,c_lapalgard castle_holding <- slot0 capital/city
b_glouto,3393,3494,c_lapalgard city_holding <- slot4 port
b_lapalstar,2924,3824,c_lapalgulph tribal_holding <- slot0 capital/city
b_laphe,3653,3228,c_laphe tribal_holding <- slot0 capital/city
b_todahling,3620,3224,c_laphe city_holding <- slot4 port
b_larut,7576,4293,c_larut castle_holding <- slot0 capital/city
b_lashghar,6718,2966,c_lashghar castle_holding <- slot0 capital/city
b_lashloc,3573,660,c_lashloc tribal_holding <- slot0 capital/city
b_lastarr,5406,3435,c_lastarr tribal_holding <- slot0 capital/city
b_laviguer,4296,1516,c_laviguer castle_holding <- slot0 capital/city
b_leaping_hold,4312,2931,c_leaping_grasses tribal_holding <- slot0 capital/city
b_five_guard,4996,3107,c_legionsway tribal_holding <- slot0 capital/city
b_leilon,2211,871,c_leilon castle_holding <- slot0 capital/city
b_highcliff,2229,885,c_leilon city_holding <- slot1 (farthest free in-county slot)
b_baytown,4445,1455,c_lenchvale castle_holding <- slot0 capital/city
b_lenchford,4461,1441,c_lenchvale city_holding <- slot4 port
b_bidburaq,7140,6615,c_leneta tribal_holding <- slot0 capital/city
b_leopard_shan,6387,2497,c_leopard_shan tribal_holding <- slot0 capital/city
b_lethtar,1754,2882,c_leth city_holding <- slot6 (farthest free in-county slot)
b_myth_iiscar,1808,2915,c_leth castle_holding <- slot1 (farthest free in-county slot)
b_moonstone_palace,362,1502,c_leuthilspar castle_holding <- slot0 capital/city
b_leuthilspar,382,1514,c_leuthilspar city_holding <- slot1 (farthest free in-county slot)
b_sunstone_common,350,1512,c_leuthilspar city_holding <- slot5 (farthest free in-county slot)
b_lhair,3382,4029,c_lhair castle_holding <- slot0 capital/city
b_nuulatha,3352,4002,c_lhair city_holding <- slot6 (farthest free in-county slot)
b_lheshayl,3366,2325,c_lheshayl castle_holding <- slot0 capital/city
b_lothia,3337,2323,c_lheshayl city_holding <- slot4 port
b_khephal,3925,3214,c_lhespenbog castle_holding <- slot0 capital/city
b_lhesper,3882,3120,c_lhesper tribal_holding <- slot0 capital/city
b_li_raz,7467,1142,c_li_raz city_holding <- slot0 capital/city
b_liham,5385,5215,c_liham castle_holding <- slot0 capital/city
b_al_sari,5402,5245,c_liham city_holding <- slot3 (farthest free in-county slot)
b_rabali,5369,5239,c_liham castle_holding <- slot5 (farthest free in-county slot)
b_umm_rahud,5404,5223,c_liham church_holding <- slot1 (farthest free in-county slot)
b_lilinuk,4425,662,c_lilinuk tribal_holding <- slot0 capital/city
b_daroush,3954,2262,c_lilit_pass city_holding <- slot0 capital/city
b_aelor,3980,2255,c_lilit_pass castle_holding <- slot1 (farthest free in-county slot)
b_limjung,6684,5645,c_limjung tribal_holding <- slot0 capital/city
b_lipo,6350,4553,c_lipo castle_holding <- slot0 capital/city
b_kawa,6297,4537,c_lipo city_holding <- slot6 (farthest free in-county slot)
b_halvans_wood,4009,1428,c_liswood tribal_holding <- slot0 capital/city
b_cromms_hold,2432,1219,c_lizard_marsh tribal_holding <- slot0 capital/city
b_rock_island,2420,1207,c_lizard_marsh city_holding <- slot2 (farthest free in-county slot)
b_goulous,5215,5448,c_lizards_tongue_pass tribal_holding <- slot0 capital/city
b_llorkh,2842,1064,c_llorkh city_holding <- slot0 capital/city
b_iron_hill,2813,1037,c_llorkh castle_holding <- slot6 (farthest free in-county slot)
b_al_tana,4853,3707,c_lluirwood church_holding <- slot0 capital/city
b_llurth_dreier,4390,3021,c_llurth_dreier church_holding <- slot0 capital/city
b_mudflats,4367,3040,c_llurth_dreier city_holding <- slot4 port
b_overflowing_pit,4410,2991,c_llurth_dreier castle_holding <- slot5 (farthest free in-county slot)
b_lo_tu,7157,2264,c_lo_tu castle_holding <- slot0 capital/city
b_xumay,7177,2319,c_lo_tu church_holding <- slot4 (farthest free in-county slot)
b_zoachong,7128,2237,c_lo_tu city_holding <- slot6 (farthest free in-county slot)
b_deadstone_cleft,2862,990,c_loagrann tribal_holding <- slot0 capital/city
b_orlbar,2850,1010,c_loagrann city_holding <- slot4 port
b_lomatra,4263,2382,c_lomatra city_holding <- slot0 capital/city
b_lomoli,4283,2393,c_lomatra castle_holding <- slot1 (farthest free in-county slot)
b_lonefang,2602,228,c_lonefang tribal_holding <- slot0 capital/city
b_aumvors_castle,3053,1197,c_lonely_moor castle_holding <- slot0 capital/city
b_last_stop,481,468,c_lonely_rock tribal_holding <- slot0 capital/city
b_kens_rise,3450,1993,c_long_arm tribal_holding <- slot0 capital/city
b_port_orlam,3387,1977,c_long_arm castle_holding <- slot6 (farthest free in-county slot)
b_mossy_stone,1099,2931,c_long_marsh tribal_holding <- slot0 capital/city
b_longsaddle,2358,672,c_longsaddle castle_holding <- slot0 capital/city
b_harpell_hill,2381,674,c_longsaddle city_holding <- slot4 port
b_gorag_citadel,206,4447,c_lopango tribal_holding <- slot0 capital/city
b_djerad_tarora,511,2278,c_lost_land tribal_holding <- slot0 capital/city
b_morndinvuddrin,2639,793,c_lost_peaks castle_holding <- slot0 capital/city
b_grandfather_tree,2623,816,c_lost_peaks church_holding <- slot5 (farthest free in-county slot)
b_rornfaern,2659,804,c_lost_peaks city_holding <- slot1 (farthest free in-county slot)
b_tarkhaldarth,3546,1369,c_lost_vale tribal_holding <- slot0 capital/city
b_lothen,2606,824,c_lothen castle_holding <- slot0 capital/city
b_aelyth,2586,830,c_lothen city_holding <- slot4 port
b_loudwater,2756,1041,c_loudwater city_holding <- slot0 capital/city
b_kauth,2789,1027,c_loudwater castle_holding <- slot4 (farthest free in-county slot)
b_veltienorethal,2741,1064,c_loudwater church_holding <- slot5 (farthest free in-county slot)
b_loulan,7871,1979,c_loulan castle_holding <- slot0 capital/city
b_putai,7880,1969,c_loulan city_holding <- slot4 port
b_suizhou,7890,1991,c_loulan church_holding <- slot1 (farthest free in-county slot)
b_orantrax,419,2481,c_lower_glaur tribal_holding <- slot0 capital/city
b_padang,7998,4729,c_lower_kayu tribal_holding <- slot0 capital/city
b_barat,7636,4797,c_lower_kuning tribal_holding <- slot0 capital/city
b_rarila,6571,5030,c_lower_red_goat castle_holding <- slot0 capital/city
b_kanabris,6544,5024,c_lower_red_goat church_holding <- slot2 (farthest free in-county slot)
b_temphish,6696,4230,c_lower_terrace castle_holding <- slot0 capital/city
b_tharig,6720,4262,c_lower_terrace city_holding <- slot4 port
b_biliduda,6636,4879,c_lower_wing castle_holding <- slot0 capital/city
b_apragada,6637,4842,c_lower_wing city_holding <- slot4 port
b_midstride,3864,3425,c_lowfork tribal_holding <- slot0 capital/city
b_luenath,4517,4049,c_luenath castle_holding <- slot0 capital/city
b_alamplon,4503,3994,c_luenath city_holding <- slot3 (farthest free in-county slot)
b_shaing,4535,4010,c_luenath church_holding <- slot1 (farthest free in-county slot)
b_lugabi,3208,6220,c_lugabi castle_holding <- slot0 capital/city
b_mabansenyi,3188,6216,c_lugabi church_holding <- slot2 (farthest free in-county slot)
b_nyachedo,3208,6228,c_lugabi city_holding <- slot1 (farthest free in-county slot)
b_lugotak,4079,748,c_lugotak tribal_holding <- slot0 capital/city
b_vestil,5054,1158,c_luirbrech tribal_holding <- slot0 capital/city
b_krenatir,5025,3883,c_luirund city_holding <- slot0 capital/city
b_shibiki,5010,3906,c_luirund church_holding <- slot5 (farthest free in-county slot)
b_lundeth,3214,1473,c_lundeth castle_holding <- slot0 capital/city
b_old_lundeth,2604,3644,c_lundeth_bay city_holding <- slot0 capital/city
b_vestilun,2592,3634,c_lundeth_bay city_holding <- slot2 (farthest free in-county slot)
b_tapakgan,7869,5090,c_lunru tribal_holding <- slot0 capital/city
b_halanaskarr,2430,556,c_lurkwood tribal_holding <- slot0 capital/city
b_maraks_tor,2473,552,c_lurkwood church_holding <- slot4 (farthest free in-county slot)
b_lushpool,3446,3370,c_lushpool city_holding <- slot0 capital/city
b_beacastle,3430,3394,c_lushpool church_holding <- slot5 (farthest free in-county slot)
b_beda,3466,3382,c_lushpool castle_holding <- slot1 (farthest free in-county slot)
b_captains_court,2137,588,c_luskan castle_holding <- slot0 capital/city
b_whitesails_harbour,2154,578,c_luskan city_holding <- slot2 (farthest free in-county slot)
b_winter_palace,2135,570,c_luskan church_holding <- slot3 (farthest free in-county slot)
b_war_college,4572,2364,c_luthcheq castle_holding <- slot0 capital/city
b_house_of_tchazzar,4570,2407,c_luthcheq church_holding <- slot3 (farthest free in-county slot)
b_luthcheq,4539,2382,c_luthcheq city_holding <- slot2 (farthest free in-county slot)
b_lylkara,839,2255,c_lylkara_valley tribal_holding <- slot0 capital/city
b_lylorn,562,2714,c_lylorn city_holding <- slot0 capital/city
b_arombar,530,2694,c_lylorn castle_holding <- slot2 (farthest free in-county slot)
b_lyndar,335,2632,c_lyndar tribal_holding <- slot0 capital/city
b_port_wyn,2150,605,c_lyntara tribal_holding <- slot0 capital/city
b_valarholm,2182,597,c_lyntara city_holding <- slot2 (farthest free in-county slot)
b_lyrabar,4310,1678,c_lyrabar castle_holding <- slot0 capital/city
b_bertiholm,4320,1647,c_lyrabar church_holding <- slot5 (farthest free in-county slot)
b_moranay,4304,1653,c_lyrabar city_holding <- slot2 (farthest free in-county slot)
b_maarlith,4584,4080,c_maarlith castle_holding <- slot0 capital/city
b_adrinden,4546,4041,c_maarlith city_holding <- slot6 (farthest free in-county slot)
b_mabasha,6876,660,c_mabasha tribal_holding <- slot0 capital/city
b_mache,7470,3718,c_mache_gap tribal_holding <- slot0 capital/city
b_maelar,5197,2395,c_maelar castle_holding <- slot0 capital/city
b_gemijo,5207,2386,c_maelar city_holding <- slot4 port
b_maelevarar,1099,2712,c_maelevarar city_holding <- slot0 capital/city
b_blindwood,1128,2681,c_maelevarar castle_holding <- slot4 (farthest free in-county slot)
b_maer_dualdon,2100,421,c_maer_dualdon city_holding <- slot0 capital/city
b_jarlmoot,2076,433,c_maer_dualdon castle_holding <- slot5 (farthest free in-county slot)
b_maerch,4574,2499,c_maerch castle_holding <- slot0 capital/city
b_egarama,4580,2532,c_maerch city_holding <- slot4 port
b_maerchlin,4496,2511,c_maerchlin castle_holding <- slot0 capital/city
b_alexandis,4515,2514,c_maerchlin city_holding <- slot4 port
b_calmaersor,4470,2583,c_maerchwoods castle_holding <- slot0 capital/city
b_maerduuth,4455,2454,c_maerduuth castle_holding <- slot0 capital/city
b_saden,4474,2466,c_maerduuth church_holding <- slot1 (farthest free in-county slot)
b_uslin,4464,2444,c_maerduuth city_holding <- slot4 port
b_castle_maerimydra,3694,1483,c_maerimydra castle_holding <- slot0 capital/city
b_maeruhal,3898,3970,c_maeruhal castle_holding <- slot0 capital/city
b_orbedal,3872,3963,c_maeruhal city_holding <- slot4 port
b_chelms_roost,4378,2534,c_maerwatch castle_holding <- slot0 capital/city
b_mantan,4388,2524,c_maerwatch city_holding <- slot4 port
b_maerzalar,3862,4058,c_maerzalar castle_holding <- slot0 capital/city
b_zaralara,3808,4064,c_maerzalar city_holding <- slot4 port
b_djerad_aramazath,763,2471,c_maeynda castle_holding <- slot0 capital/city
b_mafrad,6272,6017,c_mafrad castle_holding <- slot0 capital/city
b_anaah,6231,5997,c_mafrad church_holding <- slot2 (farthest free in-county slot)
b_hutan,6247,6032,c_mafrad city_holding <- slot4 port
b_magis_tor,3004,2606,c_magis_tor castle_holding <- slot0 capital/city
b_magrib,5707,5827,c_magrib castle_holding <- slot0 capital/city
b_bareel,5682,5825,c_magrib church_holding <- slot2 (farthest free in-county slot)
b_jeral,5701,5837,c_magrib city_holding <- slot1 (farthest free in-county slot)
b_mahabba,6059,6157,c_mahabba castle_holding <- slot0 capital/city
b_hamz_al_jasrail,6049,6144,c_mahabba city_holding <- slot2 (farthest free in-county slot)
b_khaligat,6069,6155,c_mahabba church_holding <- slot1 (farthest free in-county slot)
b_maharas_vale,5787,4987,c_maharas_vale castle_holding <- slot0 capital/city
b_mahazaka,6266,5895,c_mahazaka tribal_holding <- slot0 capital/city
b_mahligwi,7804,4658,c_mahligwi castle_holding <- slot0 capital/city
b_makaxar,3178,3531,c_makaxar city_holding <- slot0 capital/city
b_hohai,3149,3503,c_makaxar church_holding <- slot6 (farthest free in-county slot)
b_kyani,3163,3554,c_makaxar castle_holding <- slot5 (farthest free in-county slot)
b_malaarar,462,2341,c_malaarar tribal_holding <- slot0 capital/city
b_maldali,7232,664,c_maldali tribal_holding <- slot0 capital/city
b_malualti,5449,5532,c_malualti tribal_holding <- slot0 capital/city
b_manass,6927,2343,c_manass castle_holding <- slot0 capital/city
b_dampab,6936,2333,c_manass city_holding <- slot4 port
b_ngdengp,6946,2354,c_manass church_holding <- slot1 (farthest free in-county slot)
b_mangale,4183,3384,c_mangale tribal_holding <- slot0 capital/city
b_mangangan,5488,1236,c_mangangan tribal_holding <- slot0 capital/city
b_al_hamim,5654,6460,c_manhus_and_saliam tribal_holding <- slot0 capital/city
b_manshaka,2805,2774,c_manshaka castle_holding <- slot0 capital/city
b_faerinstar,2825,2786,c_manshaka castle_holding <- slot1 (farthest free in-county slot)
b_sessemal,2789,2774,c_manshaka city_holding <- slot5 (farthest free in-county slot)
b_marangor,904,2401,c_marangor castle_holding <- slot0 capital/city
b_araxaur,929,2399,c_marangor church_holding <- slot4 (farthest free in-county slot)
b_oriph,884,2389,c_marangor city_holding <- slot5 (farthest free in-county slot)
b_sumedhimiya,5078,5927,c_marching_camels_road tribal_holding <- slot0 capital/city
b_samak,5617,6003,c_maribar_island castle_holding <- slot0 capital/city
b_marrauk,618,2667,c_marrauk city_holding <- slot0 capital/city
b_marsember,3399,1756,c_marsember city_holding <- slot0 capital/city
b_antanmarans_isle,3380,1735,c_marsember castle_holding <- slot2 (farthest free in-county slot)
b_kings_tower,3397,1741,c_marsember castle_holding <- slot3 (farthest free in-county slot)
b_sharmran_isle,3399,1748,c_marsember church_holding <- slot1 (farthest free in-county slot)
b_wyrmhall,3196,1686,c_marsh_of_tun tribal_holding <- slot0 capital/city
b_threetrees,3190,1658,c_marsh_of_tun city_holding <- slot4 port
b_maskana,5404,2681,c_maskana tribal_holding <- slot0 capital/city
b_maskath,1005,2884,c_maskath tribal_holding <- slot0 capital/city
b_bandar_al_saadat,5557,6607,c_masud_jazayir castle_holding <- slot0 capital/city
b_mata_bol,6415,1250,c_mata tribal_holding <- slot0 capital/city
b_matolo,1978,3243,c_matolo tribal_holding <- slot0 capital/city
b_maviddi,7107,3107,c_maviddi_forest tribal_holding <- slot0 capital/city
b_mazat,5547,5196,c_mazat castle_holding <- slot0 capital/city
b_mbala,1982,3298,c_mbala castle_holding <- slot0 capital/city
b_medang_perang,7320,4606,c_medang_perang castle_holding <- slot0 capital/city
b_akota,4969,5958,c_medina_akota castle_holding <- slot0 capital/city
b_regdaruk,4990,5958,c_medina_akota church_holding <- slot1 (farthest free in-county slot)
b_yawoon,4970,5946,c_medina_akota city_holding <- slot2 (farthest free in-county slot)
b_medina_al_afyal,6725,6056,c_medina_al_afyal castle_holding <- slot0 capital/city
b_gimba,6766,6069,c_medina_al_afyal city_holding <- slot1 (farthest free in-county slot)
b_kayunhunga,6747,6058,c_medina_al_afyal church_holding <- slot2 (farthest free in-county slot)
b_medinat_muskawoon,5897,2817,c_medinat_muskawoon castle_holding <- slot0 capital/city
b_meinan,8070,3259,c_meinan castle_holding <- slot0 capital/city
b_coryllvol,2920,2159,c_meiritin castle_holding <- slot0 capital/city
b_shimmalshyr,2930,2149,c_meiritin city_holding <- slot4 port
b_mekebat,2946,6386,c_mekebat castle_holding <- slot0 capital/city
b_indole,2983,6357,c_mekebat church_holding <- slot3 (farthest free in-county slot)
b_kinana,2967,6392,c_mekebat city_holding <- slot1 (farthest free in-county slot)
b_mella,2778,3625,c_mella castle_holding <- slot0 capital/city
b_asberyth,3946,1238,c_melvaunt church_holding <- slot0 capital/city
b_melvaunt,3935,1227,c_melvaunt city_holding <- slot2 (farthest free in-county slot)
b_memnon,2600,2632,c_memnon city_holding <- slot0 capital/city
b_scarlet_gate,2584,2655,c_memnon castle_holding <- slot5 (farthest free in-county slot)
b_vesparal,2578,2640,c_memnon city_holding <- slot2 (farthest free in-county slot)
b_quellarzorl,2645,570,c_menzoberranzan castle_holding <- slot0 capital/city
b_uthtower,2248,943,c_mere_of_dead_men church_holding <- slot0 capital/city
b_west_harbor,2250,922,c_mere_of_dead_men city_holding <- slot2 (farthest free in-county slot)
b_kilad,6637,6347,c_mergu tribal_holding <- slot0 capital/city
b_madirah,7026,6497,c_mergu_saah tribal_holding <- slot0 capital/city
b_merkun,4470,1246,c_merkungard tribal_holding <- slot0 capital/city
b_messemprar,4847,2327,c_messemprar castle_holding <- slot0 capital/city
b_dotho,4818,2300,c_messemprar church_holding <- slot6 (farthest free in-county slot)
b_kenna,4838,2300,c_messemprar castle_holding <- slot2 (farthest free in-county slot)
b_thamor,4855,2319,c_messemprar city_holding <- slot1 (farthest free in-county slot)
b_methwood,4644,2565,c_methwood tribal_holding <- slot0 capital/city
b_kuthnuk,4830,1567,c_mettledale castle_holding <- slot0 capital/city
b_mevarand,563,2526,c_mevarand castle_holding <- slot0 capital/city
b_mezro,2168,3279,c_mezro castle_holding <- slot0 capital/city
b_agwux,2137,3277,c_mezro castle_holding <- slot2 (farthest free in-county slot)
b_deda,2158,3304,c_mezro church_holding <- slot5 (farthest free in-county slot)
b_kanu,2191,3286,c_mezro city_holding <- slot4 port
b_nkinge,2154,3290,c_mezro castle_holding <- slot1 (farthest free in-county slot)
b_rotheha,2168,3288,c_mezro church_holding <- slot3 (farthest free in-county slot)
b_mhaelos,3567,1248,c_mhaelos castle_holding <- slot0 capital/city
b_addas_babar,3587,1260,c_mhaelos church_holding <- slot1 (farthest free in-county slot)
b_mhair_pass,3325,3814,c_mhair_pass tribal_holding <- slot0 capital/city
b_mhairhetel,3145,4060,c_mhairhetel city_holding <- slot0 capital/city
b_amahtal,3116,4033,c_mhairhetel castle_holding <- slot6 (farthest free in-county slot)
b_burpond,3130,4084,c_mhairhetel church_holding <- slot5 (farthest free in-county slot)
b_mhairling,3124,3798,c_mhairling tribal_holding <- slot0 capital/city
b_mhiilamniir,2725,832,c_mhiilamnir tribal_holding <- slot0 capital/city
b_fhaorkerymkiir,2768,824,c_mhiilamnir city_holding <- slot4 port
b_xeler,2696,804,c_mhiilamnir church_holding <- slot6 (farthest free in-county slot)
b_mal,4394,1510,c_middenlands castle_holding <- slot0 capital/city
b_black_rose,4394,1543,c_middenlands church_holding <- slot1 (farthest free in-county slot)
b_mortling,4996,3685,c_middle_longwood tribal_holding <- slot0 capital/city
b_shengyi,7849,2128,c_middle_rendai tribal_holding <- slot0 capital/city
b_jellik,4748,1543,c_middlewoods church_holding <- slot0 capital/city
b_midnight_waters,6282,5401,c_midnight_waters tribal_holding <- slot0 capital/city
b_midstone,3112,2763,c_midvale castle_holding <- slot0 capital/city
b_tervish,5441,3243,c_midways tribal_holding <- slot0 capital/city
b_narer,5426,3169,c_midwinter_pass tribal_holding <- slot0 capital/city
b_miirsar,3503,1320,c_miir tribal_holding <- slot0 capital/city
b_milvarune,4627,1832,c_milvarune castle_holding <- slot0 capital/city
b_marbelaga,4652,1832,c_milvarune church_holding <- slot1 (farthest free in-county slot)
b_mimph,3823,2427,c_mimph city_holding <- slot0 capital/city
b_emeralda,3794,2399,c_mimph castle_holding <- slot6 (farthest free in-county slot)
b_vale_vassara,3821,2399,c_mimph castle_holding <- slot4 (farthest free in-county slot)
b_mina,5180,5389,c_mina castle_holding <- slot0 capital/city
b_gokorhisar,5146,5385,c_mina church_holding <- slot5 (farthest free in-county slot)
b_muyar,5178,5362,c_mina city_holding <- slot2 (farthest free in-county slot)
b_minlow,8109,2217,c_minlow castle_holding <- slot0 capital/city
b_edgeforest,8129,2229,c_minlow church_holding <- slot1 (farthest free in-county slot)
b_tangqihar,8119,2208,c_minlow city_holding <- slot4 port
b_stharelle,3307,2655,c_minta_vale tribal_holding <- slot0 capital/city
b_mintar,3270,2716,c_mintar castle_holding <- slot0 capital/city
b_delliam,3241,2688,c_mintar city_holding <- slot6 (farthest free in-county slot)
b_mintarn,2209,1420,c_mintarn city_holding <- slot0 capital/city
b_mirabar,2297,515,c_mirabar city_holding <- slot0 capital/city
b_alemaster,2342,494,c_mirabar church_holding <- slot3 (farthest free in-county slot)
b_crag_creek,2268,488,c_mirabar castle_holding <- slot6 (farthest free in-county slot)
b_duronds_town,2317,496,c_mirabar city_holding <- slot4 port
b_mirande,980,2366,c_mirande city_holding <- slot0 capital/city
b_djerad_laxand,1005,2360,c_mirande castle_holding <- slot4 (farthest free in-county slot)
b_etuabe,4122,971,c_mirror_lake tribal_holding <- slot0 capital/city
b_misbahd,6467,6380,c_misbahd castle_holding <- slot0 capital/city
b_adaba,6444,6400,c_misbahd church_holding <- slot2 (farthest free in-county slot)
b_lakar,6462,6398,c_misbahd city_holding <- slot1 (farthest free in-county slot)
b_mishan,7830,2978,c_mishan castle_holding <- slot0 capital/city
b_hangping,7839,2968,c_mishan city_holding <- slot4 port
b_mishtan,5160,2745,c_mishtan castle_holding <- slot0 capital/city
b_azalhar,5140,2733,c_mishtan city_holding <- slot4 port
b_nishal,5142,2755,c_mishtan church_holding <- slot5 (farthest free in-county slot)
b_olyseserin,3722,2554,c_misted_court tribal_holding <- slot0 capital/city
b_misthaul,800,2348,c_mistfells castle_holding <- slot0 capital/city
b_mistshaws,933,2659,c_mistshaws castle_holding <- slot0 capital/city
b_altand,2524,1188,c_misty_forest tribal_holding <- slot0 capital/city
b_elderstone,2561,1172,c_misty_forest city_holding <- slot4 port
b_stawindis,3671,2661,c_misty_plains tribal_holding <- slot0 capital/city
b_misty_keep,3573,3433,c_misty_vale tribal_holding <- slot0 capital/city
b_mithel,3595,4094,c_mithel castle_holding <- slot0 capital/city
b_letharr,3565,4066,c_mithel city_holding <- slot6 (farthest free in-county slot)
b_mithral_hall,2629,535,c_mithral_hall castle_holding <- slot0 capital/city
b_fourthpeak,2639,525,c_mithral_hall city_holding <- slot4 port
b_morgu,4243,6169,c_mnyama tribal_holding <- slot0 capital/city
b_chuapli,646,4903,c_mokalonni_islands castle_holding <- slot0 capital/city
b_maju,646,4953,c_mokalonni_islands church_holding <- slot5 (farthest free in-county slot)
b_molken,4308,3736,c_molken tribal_holding <- slot0 capital/city
b_monksblade,3472,1733,c_monksblade castle_holding <- slot0 capital/city
b_juniril,3456,1735,c_monksblade city_holding <- slot4 port
b_pelmarin,2846,2559,c_monteshi castle_holding <- slot0 capital/city
b_ruba,2866,2561,c_monteshi city_holding <- slot4 port
b_st_rucir,2817,2532,c_monteshi castle_holding <- slot6 (farthest free in-county slot)
b_st_sarils,2829,2583,c_monteshi church_holding <- slot3 (farthest free in-county slot)
b_eights_tree,2940,2372,c_moonglade castle_holding <- slot0 capital/city
b_eldaths_gate,2918,2358,c_moonglade church_holding <- slot4 (farthest free in-county slot)
b_zoastrias_stand,2961,2360,c_moonglade city_holding <- slot1 (farthest free in-county slot)
b_moonrise_towers,2770,1631,c_moonrise castle_holding <- slot0 capital/city
b_selunes_sanctum,2760,1596,c_moonrise church_holding <- slot4 (farthest free in-county slot)
b_moonkind,3088,3931,c_moonvales tribal_holding <- slot0 capital/city
b_quaervarr,2686,545,c_moonwood tribal_holding <- slot0 capital/city
b_moraan,4296,5839,c_moraan castle_holding <- slot0 capital/city
b_babondo,4285,5835,c_moraan church_holding <- slot2 (farthest free in-county slot)
b_rini,4306,5845,c_moraan city_holding <- slot1 (farthest free in-county slot)
b_moradask,6081,5106,c_moradask castle_holding <- slot0 capital/city
b_sugola,6092,5114,c_moradask city_holding <- slot1 (farthest free in-county slot)
b_mordulkin,4638,2290,c_mordulkin castle_holding <- slot0 capital/city
b_toreus,4650,2296,c_mordulkin city_holding <- slot1 (farthest free in-county slot)
b_morninggold_keep,3171,2409,c_morninggold castle_holding <- slot0 capital/city
b_lyllburg,3139,2446,c_morninggold city_holding <- slot4 port
b_mt_noblesse,3141,2382,c_morninggold church_holding <- slot6 (farthest free in-county slot)
b_morrowikik,4601,459,c_morrowikik tribal_holding <- slot0 capital/city
b_qaini,4621,433,c_morrowikik city_holding <- slot4 port
b_morten,5533,2172,c_mortens_gap tribal_holding <- slot0 capital/city
b_chethel,4969,3884,c_mortik_swamp tribal_holding <- slot0 capital/city
b_morvar,6000,3259,c_morvar city_holding <- slot0 capital/city
b_carmuel,5985,3283,c_morvar castle_holding <- slot5 (farthest free in-county slot)
b_fasianad,6020,3271,c_morvar church_holding <- slot1 (farthest free in-county slot)
b_arauvuddelve,3710,1496,c_mosstrunks tribal_holding <- slot0 capital/city
b_the_old_stone,3720,1487,c_mosstrunks city_holding <- slot4 port
b_moszabbar,5201,2059,c_moszabbar castle_holding <- slot0 capital/city
b_thazar,5221,2071,c_moszabbar castle_holding <- slot1 (farthest free in-county slot)
b_treys_anchorage,1777,3173,c_mother_of_mists tribal_holding <- slot0 capital/city
b_motra,7888,4146,c_motra castle_holding <- slot0 capital/city
b_talung,7851,4148,c_motra city_holding <- slot4 port
b_illefarn_keep,2481,1156,c_mount_illefarn tribal_holding <- slot0 capital/city
b_laughing_hollow,2490,1146,c_mount_illefarn city_holding <- slot4 port
b_mount_sar,2309,1031,c_mount_sar castle_holding <- slot0 capital/city
b_sarengard_keep,3010,2659,c_mount_sarengard castle_holding <- slot0 capital/city
b_vault_of_cloaked_midnight,3028,2673,c_mount_sarengard church_holding <- slot1 (farthest free in-county slot)
b_sundabar_citadel,5049,674,c_mount_sundabar tribal_holding <- slot0 capital/city
b_ubarka,6862,507,c_mountain_of_iron tribal_holding <- slot0 capital/city
b_mourktar,4884,2270,c_mourktar castle_holding <- slot0 capital/city
b_broken_shield,4869,2260,c_mourktar church_holding <- slot2 (farthest free in-county slot)
b_oros,4884,2274,c_mourktar city_holding <- slot1 (farthest free in-county slot)
b_ara_mraar,1031,2825,c_mraar_forest tribal_holding <- slot0 capital/city
b_mratanga,980,2489,c_mratanga castle_holding <- slot0 capital/city
b_mreyelundar,605,2831,c_mreyelundar city_holding <- slot0 capital/city
b_dragonwing,614,2810,c_mreyelundar church_holding <- slot4 (farthest free in-county slot)
b_msalin,5373,6192,c_msalin castle_holding <- slot0 capital/city
b_glaurimm_keep,2234,668,c_mt_hotenow castle_holding <- slot0 capital/city
b_gauntlgrym,2246,652,c_mt_hotenow castle_holding <- slot4 (farthest free in-county slot)
b_muara,7450,5010,c_muara castle_holding <- slot0 capital/city
b_mulharahold,5330,2370,c_mulharahold castle_holding <- slot0 capital/city
b_sidu,5340,2360,c_mulharahold city_holding <- slot4 port
b_mulhessen,3728,1719,c_mulhessen city_holding <- slot0 capital/city
b_olturret,3747,1721,c_mulhessen city_holding <- slot4 port
b_mulmaster,4109,1342,c_mulmaster city_holding <- slot0 capital/city
b_black_altar,4118,1352,c_mulmaster church_holding <- slot1 (farthest free in-county slot)
b_mulptan,5148,1387,c_mulptan castle_holding <- slot0 capital/city
b_mulp_phim,5131,1373,c_mulptan city_holding <- slot4 port
b_mulsantir,5058,1584,c_mulsantir castle_holding <- slot0 capital/city
b_arashamar,5043,1563,c_mulsantir city_holding <- slot4 port
b_rikthana,5185,1643,c_mulsanyaar tribal_holding <- slot0 capital/city
b_muluk,5604,4918,c_muluk castle_holding <- slot0 capital/city
b_ashfah,5651,4924,c_muluk city_holding <- slot1 (farthest free in-county slot)
b_athuw,5602,4885,c_muluk church_holding <- slot6 (farthest free in-county slot)
b_munli,6944,1244,c_munli tribal_holding <- slot0 capital/city
b_murann,2596,2196,c_murann castle_holding <- slot0 capital/city
b_ommlur_hills,2631,2214,c_murann city_holding <- slot1 (farthest free in-county slot)
b_murbant,4845,2085,c_murbant castle_holding <- slot0 capital/city
b_pytharigla,4816,2057,c_murbant city_holding <- slot6 (farthest free in-county slot)
b_muren_tso,6813,2880,c_muren_tso castle_holding <- slot0 capital/city
b_murghyr,5383,2262,c_murghyr castle_holding <- slot0 capital/city
b_desarwin,5354,2235,c_murghyr church_holding <- slot6 (farthest free in-county slot)
b_shavshannar,5367,2268,c_murghyr city_holding <- slot4 port
b_murpeth,3456,2372,c_murpeth tribal_holding <- slot0 capital/city
b_tulhaspyr,3479,2380,c_murpeth city_holding <- slot4 port
b_murr,5365,6099,c_murr tribal_holding <- slot0 capital/city
b_admash,4939,1510,c_murthil tribal_holding <- slot0 capital/city
b_mussum,3931,2393,c_mussum tribal_holding <- slot0 capital/city
b_house_of_holy_suffering,3929,2372,c_mussum church_holding <- slot4 (farthest free in-county slot)
b_deepglen,1892,1694,c_myrloch_vale castle_holding <- slot0 capital/city
b_blackhoof,1902,1684,c_myrloch_vale church_holding <- slot4 (farthest free in-county slot)
b_myrmyr,5897,3441,c_myrmyr church_holding <- slot0 capital/city
b_kulpurai,5881,3464,c_myrmyr city_holding <- slot5 (farthest free in-county slot)
b_castle_cormanthor,3798,1391,c_myth_drannor castle_holding <- slot0 capital/city
b_cormanthor,3776,1397,c_myth_drannor city_holding <- slot4 port
b_dlabraddath,3778,1379,c_myth_drannor city_holding <- slot2 (farthest free in-county slot)
b_kerradunath,3814,1385,c_myth_drannor castle_holding <- slot5 (farthest free in-county slot)
b_sheshyrinnam,3796,1383,c_myth_drannor church_holding <- slot3 (farthest free in-county slot)
b_myth_dyraalis,3083,2694,c_myth_dyraalis city_holding <- slot0 capital/city
b_argentor,3049,2696,c_myth_dyraalis castle_holding <- slot5 (farthest free in-county slot)
b_myth_telvondial,4578,1328,c_myth_telvondial tribal_holding <- slot0 capital/city
b_myth_rhynn,2748,2282,c_mytharan_woods castle_holding <- slot0 capital/city
b_cairn_wheel,2774,2272,c_mytharan_woods city_holding <- slot4 port
b_iphlain,3847,2585,c_naga_plain tribal_holding <- slot0 capital/city
b_thalep,3833,2679,c_nagaflow tribal_holding <- slot0 capital/city
b_nagai,7310,1772,c_nagai_terrace tribal_holding <- slot0 capital/city
b_nagarana,4900,2864,c_nagarana tribal_holding <- slot0 capital/city
b_nagarr,3747,2612,c_nagarr city_holding <- slot0 capital/city
b_nagoo,7335,1985,c_nagoo tribal_holding <- slot0 capital/city
b_nahr_al_fil,6806,6204,c_nahr_al_fil castle_holding <- slot0 capital/city
b_bahandri,6788,6177,c_nahr_al_fil city_holding <- slot3 (farthest free in-county slot)
b_naiganga,5756,1408,c_naiganga tribal_holding <- slot0 capital/city
b_ssthartissssum,2881,1379,c_najara castle_holding <- slot0 capital/city
b_namtan,7454,4271,c_namtan tribal_holding <- slot0 capital/city
b_nangalore,2117,3441,c_nangalore tribal_holding <- slot0 capital/city
b_nanhu,6532,2258,c_nanhu tribal_holding <- slot0 capital/city
b_nanxun,7480,2866,c_nanxun castle_holding <- slot0 capital/city
b_yueh,7527,2886,c_nanxun city_holding <- slot4 port
b_naon,8054,2952,c_naon castle_holding <- slot0 capital/city
b_naqayna,4914,5749,c_naqayna tribal_holding <- slot0 capital/city
b_al_ralilah,5873,6531,c_naqq_and_qutil tribal_holding <- slot0 capital/city
b_nar_ormpur,4787,1219,c_nar_ormpur tribal_holding <- slot0 capital/city
b_narari,6808,5151,c_narari tribal_holding <- slot0 capital/city
b_fortress_narder,4836,1479,c_narderwood church_holding <- slot0 capital/city
b_narodara,6772,5311,c_narodara tribal_holding <- slot0 capital/city
b_narubel,2408,3509,c_narubel castle_holding <- slot0 capital/city
b_tradewind,2393,3533,c_narubel city_holding <- slot5 (farthest free in-county slot)
b_narvarr,1027,2411,c_narvarr castle_holding <- slot0 capital/city
b_thera,1052,2393,c_narvarr city_holding <- slot4 port
b_nashkel,2655,1965,c_nashkel city_holding <- slot0 capital/city
b_high_song,2627,1963,c_nashkel church_holding <- slot6 (farthest free in-county slot)
b_achernath,3966,3771,c_nath_pass tribal_holding <- slot0 capital/city
b_nathenje,6755,5516,c_nathenje tribal_holding <- slot0 capital/city
b_nathlekh,3503,2004,c_nathlekh city_holding <- slot0 capital/city
b_kesstar,3487,2028,c_nathlekh castle_holding <- slot5 (farthest free in-county slot)
b_nathoud,5309,1250,c_nathoud castle_holding <- slot0 capital/city
b_naupau,5219,539,c_naupau castle_holding <- slot0 capital/city
b_aktokisasaq,5189,511,c_naupau church_holding <- slot6 (farthest free in-county slot)
b_immuyak,5242,515,c_naupau city_holding <- slot1 (farthest free in-county slot)
b_rrinlurgh,2909,1150,c_naurogloth tribal_holding <- slot0 capital/city
b_sstharalam,2870,1156,c_naurogloth city_holding <- slot4 port
b_sstissamuun,2930,1158,c_naurogloth church_holding <- slot1 (farthest free in-county slot)
b_nawal,6485,5602,c_nawal tribal_holding <- slot0 capital/city
b_naysabur,6114,2540,c_naysabur castle_holding <- slot0 capital/city
b_quas_al_hasani,6081,2550,c_naysabur city_holding <- slot4 port
b_morgala,4552,5829,c_ndoto tribal_holding <- slot0 capital/city
b_neachal_fountain,7009,2731,c_neachal castle_holding <- slot0 capital/city
b_moranth,6966,2720,c_neachal city_holding <- slot4 port
b_sarketh,3972,2454,c_nearwoods tribal_holding <- slot0 capital/city
b_neldorild,4965,2554,c_neldorild castle_holding <- slot0 capital/city
b_akimarkia,4998,2559,c_neldorild church_holding <- slot1 (farthest free in-county slot)
b_azarota,4980,2544,c_neldorild city_holding <- slot2 (farthest free in-county slot)
b_nember,2854,1961,c_nember tribal_holding <- slot0 capital/city
b_nemessor,2244,2227,c_nemessor castle_holding <- slot0 capital/city
b_nemoree_high,6145,4314,c_nemoree_isles tribal_holding <- slot0 capital/city
b_nenvar,5158,1240,c_nenvar castle_holding <- slot0 capital/city
b_nerth,1699,1217,c_nerth castle_holding <- slot0 capital/city
b_neryudzhan,5316,1059,c_neryudzhan tribal_holding <- slot0 capital/city
b_nesme,2518,644,c_nesme city_holding <- slot0 capital/city
b_mornbryns_shield,2520,672,c_nesme castle_holding <- slot4 (farthest free in-county slot)
b_nethentir,4810,1875,c_nethentir castle_holding <- slot0 capital/city
b_the_fanfare,4818,1850,c_nethentir city_holding <- slot4 port
b_nether_keep,2950,687,c_nether_mountains tribal_holding <- slot0 capital/city
b_ammarindar,2959,677,c_nether_mountains city_holding <- slot4 port
b_aerithaes_rest,3518,926,c_netheril_river castle_holding <- slot0 capital/city
b_nethjet,4824,1918,c_nethjet castle_holding <- slot0 capital/city
b_eshyas,4828,1930,c_nethjet city_holding <- slot4 port
b_melmas,4810,1913,c_nethjet church_holding <- slot2 (farthest free in-county slot)
b_nethra,4496,2024,c_nethra castle_holding <- slot0 capital/city
b_teth,4523,2030,c_nethra city_holding <- slot1 (farthest free in-county slot)
b_castle_never,2178,748,c_neverwinter castle_holding <- slot0 capital/city
b_blacklake,2188,767,c_neverwinter city_holding <- slot5 (farthest free in-county slot)
b_neverdeath,2197,754,c_neverwinter church_holding <- slot2 (farthest free in-county slot)
b_the_academy,2189,754,c_neverwinter castle_holding <- slot3 (farthest free in-county slot)
b_thundertree,2223,724,c_neverwinter_wood tribal_holding <- slot0 capital/city
b_charwood,2248,746,c_neverwinter_wood city_holding <- slot4 port
b_xinlenal,2246,724,c_neverwinter_wood castle_holding <- slot6 (farthest free in-county slot)
b_new_sarshel,4570,1574,c_new_sarshel castle_holding <- slot0 capital/city
b_nezras,5303,2671,c_nezras castle_holding <- slot0 capital/city
b_ni_ko,6321,1432,c_ni_ko tribal_holding <- slot0 capital/city
b_beorunnas_well,2764,517,c_night_trees castle_holding <- slot0 capital/city
b_nimlith,270,1524,c_nimlith castle_holding <- slot0 capital/city
b_alens,276,1547,c_nimlith church_holding <- slot5 (farthest free in-county slot)
b_jave_alari,286,1537,c_nimlith city_holding <- slot1 (farthest free in-county slot)
b_nimpeth,3726,2407,c_nimpeth castle_holding <- slot0 capital/city
b_acham,3710,2430,c_nimpeth castle_holding <- slot5 (farthest free in-county slot)
b_kelgeth,3749,2407,c_nimpeth church_holding <- slot1 (farthest free in-county slot)
b_woren,3728,2387,c_nimpeth city_holding <- slot2 (farthest free in-county slot)
b_nimsur,1302,4185,c_nimsur castle_holding <- slot0 capital/city
b_vessyral,1285,4158,c_nimsur church_holding <- slot2 (farthest free in-county slot)
b_vindal,1287,4209,c_nimsur city_holding <- slot5 (farthest free in-county slot)
b_nisalin,5113,2456,c_nisalin castle_holding <- slot0 capital/city
b_alirmote,5090,2452,c_nisalin city_holding <- slot4 port
b_nixning,6751,4516,c_nix tribal_holding <- slot0 capital/city
b_njast,4865,1223,c_njast tribal_holding <- slot0 capital/city
b_nleeth,3878,2280,c_nleeth_and_amah city_holding <- slot0 capital/city
b_amah,3864,2264,c_nleeth_and_amah castle_holding <- slot2 (farthest free in-county slot)
b_nogoonraat,6905,1059,c_nogoonraat tribal_holding <- slot0 capital/city
b_nolin,3538,1784,c_nolin city_holding <- slot0 capital/city
b_jarliel,3516,1774,c_nolin city_holding <- slot5 (farthest free in-county slot)
b_nonthal,3976,2112,c_nonthal city_holding <- slot0 capital/city
b_peldrathans_pool,3995,2124,c_nonthal church_holding <- slot1 (farthest free in-county slot)
b_sambryntyn,3985,2102,c_nonthal church_holding <- slot4 (farthest free in-county slot)
b_noondai,6124,1217,c_noondai castle_holding <- slot0 capital/city
b_hammerstaad,1881,1356,c_norheim castle_holding <- slot0 capital/city
b_nornglast,931,2604,c_nornglast castle_holding <- slot0 capital/city
b_sethemyne,4144,3765,c_north_fornaluit tribal_holding <- slot0 capital/city
b_north_peak,2918,803,c_north_peak castle_holding <- slot0 capital/city
b_fellridge,2926,814,c_north_peak city_holding <- slot4 port
b_vigilant_towers,2940,834,c_north_peak church_holding <- slot5 (farthest free in-county slot)
b_quickwinds,2946,1616,c_north_reaching_wood tribal_holding <- slot0 capital/city
b_coniferia,3681,1098,c_north_rystall tribal_holding <- slot0 capital/city
b_misthome,3704,2466,c_north_winterwood tribal_holding <- slot0 capital/city
b_drawn_swords,2987,1522,c_northdark_woods tribal_holding <- slot0 capital/city
b_graystaad,1928,1367,c_northwind castle_holding <- slot0 capital/city
b_nouarada,5117,5501,c_nouarada tribal_holding <- slot0 capital/city
b_kir_sabal,2146,3423,c_nsi castle_holding <- slot0 capital/city
b_edieh,2160,3423,c_nsi city_holding <- slot1 (farthest free in-county slot)
b_nun,4181,2276,c_nun church_holding <- slot0 capital/city
b_horlord,4200,2288,c_nun castle_holding <- slot1 (farthest free in-county slot)
b_st_vale,4242,2251,c_nunwood tribal_holding <- slot0 capital/city
b_nuthretos,5043,1965,c_nuthretos castle_holding <- slot0 capital/city
b_hurkh,5060,1938,c_nuthretos city_holding <- slot4 port
b_mophur,5027,1989,c_nuthretos church_holding <- slot5 (farthest free in-county slot)
b_chalasam,4658,5954,c_nyangumi castle_holding <- slot0 capital/city
b_port_nyanzaru,2082,3241,c_nyanzaru castle_holding <- slot0 capital/city
b_agwun,2053,3214,c_nyanzaru castle_holding <- slot6 (farthest free in-county slot)
b_babyth,2066,3265,c_nyanzaru church_holding <- slot5 (farthest free in-county slot)
b_nykkar,2887,2696,c_nykkar castle_holding <- slot0 capital/city
b_olympus_dag,2913,2683,c_nykkar castle_holding <- slot4 (farthest free in-county slot)
b_st_faelar,2883,2679,c_nykkar church_holding <- slot2 (farthest free in-county slot)
b_nymphwood,2887,2298,c_nymphwood tribal_holding <- slot0 capital/city
b_nyth,4589,1637,c_nyth city_holding <- slot0 capital/city
b_ethdale,4560,1610,c_nyth castle_holding <- slot6 (farthest free in-county slot)
b_obarval,3186,1950,c_obarval tribal_holding <- slot0 capital/city
b_oceansigh,1150,2286,c_oceans_sigh castle_holding <- slot0 capital/city
b_ochoq,5238,720,c_ochoq tribal_holding <- slot0 capital/city
b_qugong,7269,2454,c_ochre_hills church_holding <- slot0 capital/city
b_battachi,7165,4901,c_odesh castle_holding <- slot0 capital/city
b_citadel_oghrann,3133,1731,c_oghrann tribal_holding <- slot0 capital/city
b_ohmai,7787,4295,c_ohmai castle_holding <- slot0 capital/city
b_pabex,7796,4285,c_ohmai city_holding <- slot4 port
b_mount_okk,4114,933,c_okk church_holding <- slot0 capital/city
b_ice_castle,4144,957,c_okk castle_holding <- slot1 (farthest free in-county slot)
b_olafstaad,1945,1492,c_olafstaad castle_holding <- slot0 capital/city
b_norcaster,1935,1463,c_olafstaad city_holding <- slot5 (farthest free in-county slot)
b_olattan,7597,492,c_olattan tribal_holding <- slot0 capital/city
b_drivendelve,3788,2110,c_old_drivendelve tribal_holding <- slot0 capital/city
b_khagkohldur,3798,2100,c_old_drivendelve city_holding <- slot4 port
b_tolling_hill,4070,2776,c_old_road tribal_holding <- slot0 capital/city
b_old_well,3010,1928,c_old_well tribal_holding <- slot0 capital/city
b_olomaa,3233,1225,c_olomaa castle_holding <- slot0 capital/city
b_olstone,6731,3783,c_olstone castle_holding <- slot0 capital/city
b_pebrook,6696,3773,c_olstone city_holding <- slot4 port
b_olum,4095,2575,c_olum tribal_holding <- slot0 capital/city
b_olung,2096,3345,c_olung castle_holding <- slot0 capital/city
b_olyniak,4415,418,c_olyniak tribal_holding <- slot0 capital/city
b_omm,6581,3626,c_ommvale castle_holding <- slot0 capital/city
b_orurva,6546,3626,c_ommvale city_holding <- slot4 port
b_omu,1980,3527,c_omu castle_holding <- slot0 capital/city
b_aataz_yklawzi,2019,3535,c_omu city_holding <- slot4 port
b_bibiwe,1961,3517,c_omu church_holding <- slot3 (farthest free in-county slot)
b_biloga,2000,3527,c_omu castle_holding <- slot2 (farthest free in-county slot)
b_ondathel,3722,1023,c_ondathel tribal_holding <- slot0 capital/city
b_brightfalls,3755,1029,c_ondathel church_holding <- slot4 (farthest free in-county slot)
b_esham,3741,1025,c_ondathel city_holding <- slot1 (farthest free in-county slot)
b_ondene,7730,1229,c_ondene tribal_holding <- slot0 capital/city
b_arselyndaar,2598,890,c_ong_woods tribal_holding <- slot0 capital/city
b_caelpiir,2596,875,c_ong_woods city_holding <- slot4 port
b_sylfaaril,2631,853,c_ong_woods church_holding <- slot5 (farthest free in-county slot)
b_oostar,3258,3593,c_oostar tribal_holding <- slot0 capital/city
b_seatower_of_ilinyth,2465,1303,c_open_marches tribal_holding <- slot0 capital/city
b_moon_isle,2483,1305,c_open_marches church_holding <- slot1 (farthest free in-county slot)
b_scathril,2467,1289,c_open_marches city_holding <- slot2 (farthest free in-county slot)
b_maranetha,581,2952,c_oraundil tribal_holding <- slot0 capital/city
b_orbedal_tower,2496,1389,c_orbedal castle_holding <- slot0 capital/city
b_little_orbrekh,3628,2108,c_orbrekh_hills tribal_holding <- slot0 capital/city
b_kenvale,3511,2088,c_orbrekhland tribal_holding <- slot0 capital/city
b_ordulin,3815,1619,c_ordulin city_holding <- slot0 capital/city
b_bower_of_the_lady,3841,1602,c_ordulin church_holding <- slot4 (farthest free in-county slot)
b_ornstar,3800,1643,c_ordulin city_holding <- slot5 (farthest free in-county slot)
b_oreme,3137,1090,c_oreme castle_holding <- slot0 capital/city
b_orgymist,950,2907,c_orgymist tribal_holding <- slot0 capital/city
b_orithar,4589,1911,c_orithar castle_holding <- slot0 capital/city
b_dahst,4560,1883,c_orithar city_holding <- slot6 (farthest free in-county slot)
b_furthinghome,4609,1922,c_orithar church_holding <- slot1 (farthest free in-county slot)
b_orlil,1906,2939,c_orlil city_holding <- slot0 capital/city
b_orlumbor,2428,1358,c_orlumbor castle_holding <- slot0 capital/city
b_ormath,3509,2296,c_ormath castle_holding <- slot0 capital/city
b_stessarun,3557,2282,c_ormath city_holding <- slot4 port
b_ormen,1300,4268,c_ormen castle_holding <- slot0 capital/city
b_kengers,1271,4240,c_ormen castle_holding <- slot6 (farthest free in-county slot)
b_ovrdal,1289,4248,c_ormen church_holding <- slot2 (farthest free in-county slot)
b_promasur,1304,4258,c_ormen city_holding <- slot1 (farthest free in-county slot)
b_ormpe,5582,3398,c_ormpe city_holding <- slot0 capital/city
b_chanyist,5553,3370,c_ormpe church_holding <- slot6 (farthest free in-county slot)
b_muramba,5602,3410,c_ormpe castle_holding <- slot1 (farthest free in-county slot)
b_ormpetarr,3829,2503,c_ormpetarr castle_holding <- slot0 capital/city
b_glukharks_delve,3814,2526,c_ormpetarr church_holding <- slot5 (farthest free in-county slot)
b_tillisetr,3841,2520,c_ormpetarr city_holding <- slot4 port
b_xems,3849,2503,c_ormpetarr city_holding <- slot1 (farthest free in-county slot)
b_ormpur,3522,3210,c_ormpur city_holding <- slot0 capital/city
b_makath_jaam,3493,3183,c_ormpur castle_holding <- slot6 (farthest free in-county slot)
b_orogoth,2750,1234,c_orogoth castle_holding <- slot0 capital/city
b_orolunga,1892,3326,c_orolunga tribal_holding <- slot0 capital/city
b_oroth,1017,2667,c_oroth tribal_holding <- slot0 capital/city
b_orphar,3028,3824,c_orphar tribal_holding <- slot0 capital/city
b_orpher,5565,3228,c_orpher city_holding <- slot0 capital/city
b_vurpar,5535,3200,c_orpher castle_holding <- slot6 (farthest free in-county slot)
b_orvyltar,6133,3441,c_orvyltar castle_holding <- slot0 capital/city
b_anksal,6104,3413,c_orvyltar city_holding <- slot6 (farthest free in-county slot)
b_asbalt,6118,3464,c_orvyltar church_holding <- slot5 (farthest free in-county slot)
b_monyri,6153,3453,c_orvyltar castle_holding <- slot1 (farthest free in-county slot)
b_oryndoll,3688,2184,c_oryndoll castle_holding <- slot0 capital/city
b_ring_caverns,3698,2174,c_oryndoll city_holding <- slot4 port
b_thrall_caverns,3708,2196,c_oryndoll church_holding <- slot1 (farthest free in-county slot)
b_oslin,4335,2452,c_oslin city_holding <- slot0 capital/city
b_fel_atas,4306,2425,c_oslin castle_holding <- slot6 (farthest free in-county slot)
b_stormsteer,3663,2352,c_ospkur castle_holding <- slot0 capital/city
b_praka,4339,1324,c_ostel castle_holding <- slot0 capital/city
b_brotha,4339,1346,c_ostel city_holding <- slot4 port
b_portith,4331,1303,c_ostel church_holding <- slot2 (farthest free in-county slot)
b_otennath,5006,3789,c_otennath city_holding <- slot0 capital/city
b_shoun,4976,3761,c_otennath church_holding <- slot6 (farthest free in-county slot)
b_othars_hand,392,1584,c_othars_hand castle_holding <- slot0 capital/city
b_springshadow,372,1574,c_othars_hand church_holding <- slot2 (farthest free in-county slot)
b_thilvetheas,413,1584,c_othars_hand city_holding <- slot5 (farthest free in-county slot)
b_outer_reghed,2461,265,c_outer_reghed tribal_holding <- slot0 capital/city
b_vephal,4073,3828,c_outlaw_waste tribal_holding <- slot0 capital/city
b_thelaena,5320,1916,c_oyargh tribal_holding <- slot0 capital/city
b_byongab,7785,973,c_palevash church_holding <- slot0 capital/city
b_palischuk,4320,1074,c_palischuk city_holding <- slot0 capital/city
b_howling_kupuk,4312,1086,c_palischuk castle_holding <- slot1 (farthest free in-county slot)
b_ishe,4329,1064,c_palischuk church_holding <- slot4 (farthest free in-county slot)
b_panforza,5703,1940,c_panforza tribal_holding <- slot0 capital/city
b_kanori,8000,5297,c_panjang_river tribal_holding <- slot0 capital/city
b_panjuis,7411,562,c_panjuis castle_holding <- slot0 capital/city
b_pasar,7927,4596,c_pasar city_holding <- slot0 capital/city
b_tempat,7949,4633,c_pasar church_holding <- slot4 (farthest free in-county slot)
b_patatak,4435,754,c_patatak tribal_holding <- slot0 capital/city
b_pazar,5993,2991,c_pazar tribal_holding <- slot0 capital/city
b_sule,5993,2950,c_pazar city_holding <- slot4 port
b_durrar,5557,6320,c_pearl_banks castle_holding <- slot0 capital/city
b_mytran,3262,2600,c_pehrrifaal castle_holding <- slot0 capital/city
b_pelandar,988,2303,c_pelandar tribal_holding <- slot0 capital/city
b_bridge_of_kin,4023,949,c_pelauvir tribal_holding <- slot0 capital/city
b_peldvale,2703,1731,c_peldvale church_holding <- slot0 capital/city
b_gavelstone,3049,1402,c_pelleors_prairie tribal_holding <- slot0 capital/city
b_penuh_susak,7787,4768,c_penuh_susak castle_holding <- slot0 capital/city
b_peqqir,7445,1064,c_peqqir city_holding <- slot0 capital/city
b_castle_perilous,4243,1066,c_perilous castle_holding <- slot0 capital/city
b_daerthe,4253,1057,c_perilous city_holding <- slot4 port
b_lugsaas_slopes,4255,1074,c_perilous tribal_holding <- slot1 (farthest free in-county slot)
b_perpustakaan,7728,4688,c_perpustakaan castle_holding <- slot0 capital/city
b_peskar,5570,3128,c_peskar tribal_holding <- slot0 capital/city
b_phannaskul,5559,2350,c_phannaskul castle_holding <- slot0 capital/city
b_dorosi,5529,2323,c_phannaskul castle_holding <- slot6 (farthest free in-county slot)
b_madan,5578,2362,c_phannaskul city_holding <- slot1 (farthest free in-county slot)
b_banshee_hold,6921,4127,c_phantom_pass castle_holding <- slot0 capital/city
b_pharren,2635,1025,c_pharren tribal_holding <- slot0 capital/city
b_phelajarama,3452,1330,c_phelajarama castle_holding <- slot0 capital/city
b_orolin,3438,1340,c_phelajarama church_holding <- slot4 (farthest free in-county slot)
b_phelzol,5891,2405,c_phelzol castle_holding <- slot0 capital/city
b_nihawand,5875,2428,c_phelzol church_holding <- slot5 (farthest free in-county slot)
b_saaid,5867,2395,c_phelzol city_holding <- slot2 (farthest free in-county slot)
b_phent,4673,1717,c_phent city_holding <- slot0 capital/city
b_inkra,4701,1703,c_phent castle_holding <- slot4 (farthest free in-county slot)
b_valjevo_castle,3866,1236,c_phlan castle_holding <- slot0 capital/city
b_phlan,3851,1260,c_phlan city_holding <- slot5 (farthest free in-county slot)
b_sokol_keep,3851,1232,c_phlan church_holding <- slot2 (farthest free in-county slot)
b_carthag,6002,2858,c_phoenix tribal_holding <- slot0 capital/city
b_akhir,5995,2894,c_phoenix city_holding <- slot4 port
b_phsant,4750,1678,c_phsant city_holding <- slot0 capital/city
b_klonna,4734,1701,c_phsant castle_holding <- slot5 (farthest free in-county slot)
b_phutan,7392,4135,c_phutan tribal_holding <- slot0 capital/city
b_taria,7341,1291,c_pigeon_rock tribal_holding <- slot0 capital/city
b_pike_hold,3685,2315,c_pikemans_folly castle_holding <- slot0 capital/city
b_troll_bridge,3749,2335,c_pikemans_folly city_holding <- slot4 port
b_deadfels,5881,2249,c_plain_of_heroes castle_holding <- slot0 capital/city
b_cutholme,5852,2221,c_plain_of_heroes city_holding <- slot6 (farthest free in-county slot)
b_tower_of_the_talon,5412,2583,c_plain_of_the_talon tribal_holding <- slot0 capital/city
b_talvannir,2834,2720,c_plainsmarch castle_holding <- slot0 capital/city
b_carteneg,2809,2731,c_plainsmarch church_holding <- slot5 (farthest free in-county slot)
b_urkest,2813,2722,c_plainsmarch city_holding <- slot4 port
b_haimang,7462,3957,c_po_yul_dzayul tribal_holding <- slot0 capital/city
b_withermeet,4384,1297,c_polten castle_holding <- slot0 capital/city
b_daleport,4406,1326,c_polten city_holding <- slot4 port
b_tellerth,4372,1328,c_polten church_holding <- slot6 (farthest free in-county slot)
b_halriden,4415,1369,c_poltensmark castle_holding <- slot0 capital/city
b_port_ghast,5688,2278,c_port_ghast castle_holding <- slot0 capital/city
b_graumot,5672,2301,c_port_ghast church_holding <- slot5 (farthest free in-county slot)
b_taj,5707,2290,c_port_ghast city_holding <- slot1 (farthest free in-county slot)
b_port_llast,2156,687,c_port_llast city_holding <- slot0 capital/city
b_graths_hold,2158,672,c_port_llast castle_holding <- slot2 (farthest free in-county slot)
b_prastuil,4396,4023,c_prastuil castle_holding <- slot0 capital/city
b_albang,4333,4011,c_prastuil church_holding <- slot5 (farthest free in-county slot)
b_suuriris,4369,4000,c_prastuil city_holding <- slot1 (farthest free in-county slot)
b_priapurl,3212,1877,c_priapurl castle_holding <- slot0 capital/city
b_mindulgulph,3182,1850,c_priapurl castle_holding <- slot6 (farthest free in-county slot)
b_prints_floe,2317,423,c_prints_floe tribal_holding <- slot0 capital/city
b_procampur,4109,1678,c_procampur castle_holding <- slot0 capital/city
b_maerstar,4093,1701,c_procampur church_holding <- slot5 (farthest free in-county slot)
b_proskur,3210,1797,c_proskur city_holding <- slot0 capital/city
b_illimpakh,3194,1821,c_proskur castle_holding <- slot5 (farthest free in-county slot)
b_protain,6069,3240,c_protain city_holding <- slot0 capital/city
b_vanamu,6088,3263,c_protain castle_holding <- slot4 (farthest free in-county slot)
b_eyrie,2152,3613,c_pterafolk_eyries tribal_holding <- slot0 capital/city
b_punakha_dzong,6782,2681,c_punakha_dzong church_holding <- slot0 capital/city
b_ulf_of_thuger,1406,646,c_purple_rocks tribal_holding <- slot0 capital/city
b_purskul,2690,2071,c_purskul castle_holding <- slot0 capital/city
b_karastra,2717,2053,c_purskul city_holding <- slot4 port
b_pyrados,5117,2042,c_pyarados castle_holding <- slot0 capital/city
b_delluk,5137,2053,c_pyarados castle_holding <- slot1 (farthest free in-county slot)
b_eracaz,5127,2032,c_pyarados church_holding <- slot4 (farthest free in-county slot)
b_pyratar,5723,3433,c_pyratar castle_holding <- slot0 capital/city
b_angarany,5707,3456,c_pyratar church_holding <- slot5 (farthest free in-county slot)
b_jeeti,5742,3445,c_pyratar city_holding <- slot1 (farthest free in-county slot)
b_qadib,5735,4832,c_qadib castle_holding <- slot0 capital/city
b_fort_ilbratha,3102,2042,c_qadim_hills tribal_holding <- slot0 capital/city
b_qanadad,6481,5714,c_qanadad tribal_holding <- slot0 capital/city
b_qantun,6753,1301,c_qantun tribal_holding <- slot0 capital/city
b_qaragar,1058,2343,c_qaragar castle_holding <- slot0 capital/city
b_djerad_rorgaechara,1050,2362,c_qaragar city_holding <- slot4 port
b_qarintg,5584,1092,c_qarintg tribal_holding <- slot0 capital/city
b_qarlondrar,6223,2315,c_qarlondrar castle_holding <- slot0 capital/city
b_cave_of_sighs,6233,2305,c_qarlondrar city_holding <- slot4 port
b_gorfaern,6243,2327,c_qarlondrar church_holding <- slot1 (farthest free in-county slot)
b_qinyi,7282,2606,c_qinyi castle_holding <- slot0 capital/city
b_qorkh,6667,2020,c_qorkh tribal_holding <- slot0 capital/city
b_qosodera,6137,6290,c_qosodera tribal_holding <- slot0 capital/city
b_qota,3198,3797,c_qota tribal_holding <- slot0 capital/city
b_quaraband,6489,1948,c_quaraband tribal_holding <- slot0 capital/city
b_quaraqand,7658,1131,c_quaraqand city_holding <- slot0 capital/city
b_firecaverns,4386,3185,c_quarat castle_holding <- slot0 capital/city
b_quarat,4396,3175,c_quarat city_holding <- slot4 port
b_vendy,4357,3157,c_quarat church_holding <- slot6 (farthest free in-county slot)
b_lions_eye,3210,1391,c_quarter_of_emptiness tribal_holding <- slot0 capital/city
b_quaver,3026,836,c_quaver tribal_holding <- slot0 capital/city
b_quchang,8062,2784,c_quchang tribal_holding <- slot0 capital/city
b_qudalla,6254,6204,c_qudalla castle_holding <- slot0 capital/city
b_wad_bangola,6266,6222,c_qudalla city_holding <- slot4 port
b_qudao,7773,1477,c_qudao tribal_holding <- slot0 capital/city
b_qudra,5244,5333,c_qudra castle_holding <- slot0 capital/city
b_ain_smafarik,5260,5340,c_qudra castle_holding <- slot1 (farthest free in-county slot)
b_hamsaad,5238,5344,c_qudra city_holding <- slot5 (farthest free in-county slot)
b_jawfah,5240,5327,c_qudra church_holding <- slot2 (farthest free in-county slot)
b_selmast,4603,1244,c_quistrade tribal_holding <- slot0 capital/city
b_quli,7220,416,c_quli tribal_holding <- slot0 capital/city
b_shinalel,5252,3245,c_quorat tribal_holding <- slot0 capital/city
b_quretta,4896,2618,c_quretta castle_holding <- slot0 capital/city
b_qurthing,3651,2944,c_qurth_forest tribal_holding <- slot0 capital/city
b_nar_sek_qutel,4787,1125,c_qutel tribal_holding <- slot0 capital/city
b_ragado,6112,6372,c_ragado tribal_holding <- slot0 capital/city
b_rago,5441,5507,c_rago castle_holding <- slot0 capital/city
b_rainbow_falls,6651,2556,c_rainbow_falls castle_holding <- slot0 capital/city
b_dakten,6620,2571,c_rainbow_falls church_holding <- slot5 (farthest free in-county slot)
b_nyangyenda,6649,2559,c_rainbow_falls city_holding <- slot4 port
b_rulasuu,3409,4150,c_ralasuu_isle tribal_holding <- slot0 capital/city
b_ramekho,896,2872,c_ramekho city_holding <- slot0 capital/city
b_rashaflow,5086,1514,c_rashaflow castle_holding <- slot0 capital/city
b_raskuldin,5866,3120,c_raskuldin castle_holding <- slot0 capital/city
b_gorduun,5875,3111,c_raskuldin city_holding <- slot4 port
b_skull_peak,5885,3132,c_raskuldin church_holding <- slot1 (farthest free in-county slot)
b_rassalantars_keep,2348,1055,c_rassalantar castle_holding <- slot0 capital/city
b_maidens_tomb_tor,2361,1039,c_rassalantar church_holding <- slot4 (farthest free in-county slot)
b_rassalantar,2360,1059,c_rassalantar city_holding <- slot1 (farthest free in-county slot)
b_rassatan,2317,3802,c_rassatan castle_holding <- slot0 capital/city
b_diboyo,2305,3783,c_rassatan city_holding <- slot2 (farthest free in-county slot)
b_rastaal,5481,3482,c_rastaal castle_holding <- slot0 capital/city
b_thossos,4896,1772,c_rathmar castle_holding <- slot0 capital/city
b_rauder,5780,2655,c_rauder castle_holding <- slot0 capital/city
b_raurokh,1052,2645,c_raurokh tribal_holding <- slot0 capital/city
b_equan,5115,2335,c_rauthgor castle_holding <- slot0 capital/city
b_narqa,5125,2325,c_rauthgor city_holding <- slot4 port
b_narvi,5135,2346,c_rauthgor city_holding <- slot1 (farthest free in-county slot)
b_rauthil,5223,2331,c_rauthil castle_holding <- slot0 capital/city
b_ninki,5232,2321,c_rauthil city_holding <- slot4 port
b_ravendark_castle,4068,1621,c_ravens_bluff castle_holding <- slot0 capital/city
b_altarside,4089,1621,c_ravens_bluff church_holding <- slot1 (farthest free in-county slot)
b_bitterstone,4077,1627,c_ravens_bluff city_holding <- slot3 (farthest free in-county slot)
b_seaglimpse,4058,1617,c_ravens_bluff castle_holding <- slot2 (farthest free in-county slot)
b_raziz,5303,5852,c_raziz tribal_holding <- slot0 capital/city
b_reachgard,2977,1692,c_reaching_wood tribal_holding <- slot0 capital/city
b_hespheira,2285,1029,c_red_cliffs castle_holding <- slot0 capital/city
b_shimundra,6505,4875,c_red_goat castle_holding <- slot0 capital/city
b_rakaranf,6509,4895,c_red_goat city_holding <- slot4 port
b_sinelin,6522,4946,c_red_goat church_holding <- slot3 (farthest free in-county slot)
b_red_larch,2378,930,c_red_larch city_holding <- slot0 capital/city
b_helvenblade,2391,900,c_red_larch church_holding <- slot4 (farthest free in-county slot)
b_westbridge,2361,908,c_red_larch castle_holding <- slot2 (farthest free in-county slot)
b_red_haven,4849,2520,c_red_shores castle_holding <- slot0 capital/city
b_burbo,4820,2493,c_red_shores city_holding <- slot6 (farthest free in-county slot)
b_sisud,4834,2544,c_red_shores church_holding <- slot5 (farthest free in-county slot)
b_reddansyr,3464,1872,c_reddansyr city_holding <- slot0 capital/city
b_castle_kilgrave,3415,1612,c_redspring castle_holding <- slot0 capital/city
b_castle_crag,3384,1598,c_redspring castle_holding <- slot2 (farthest free in-county slot)
b_redspring,3401,1606,c_redspring church_holding <- slot1 (farthest free in-county slot)
b_bloodstark,5322,3308,c_redstar castle_holding <- slot0 capital/city
b_redwater,3561,1879,c_redwater_dale castle_holding <- slot0 capital/city
b_good_mead,2107,449,c_redwaters church_holding <- slot0 capital/city
b_dougans_hole,2088,451,c_redwaters city_holding <- slot4 port
b_redwaters,2072,457,c_redwaters tribal_holding <- slot5 (farthest free in-county slot)
b_regdasaid,5236,6364,c_regdasaid tribal_holding <- slot0 capital/city
b_royal_hall,4492,1971,c_relkaths_foot castle_holding <- slot0 capital/city
b_house_of_the_leaflord,4511,1983,c_relkaths_foot church_holding <- slot1 (farthest free in-county slot)
b_relkaths_foot,4501,1961,c_relkaths_foot city_holding <- slot4 port
b_bluestone,3767,840,c_remorhaz_ride tribal_holding <- slot0 capital/city
b_reth,4267,2194,c_reth city_holding <- slot0 capital/city
b_sleeping_dragons,4279,2157,c_reth castle_holding <- slot2 (farthest free in-county slot)
b_mudhill,4083,4226,c_rethild_shore tribal_holding <- slot0 capital/city
b_rethmar,3900,3341,c_rethmar city_holding <- slot0 capital/city
b_teewick,3880,3298,c_rethmar castle_holding <- slot6 (farthest free in-county slot)
b_riatavin,3085,2245,c_riatavin castle_holding <- slot0 capital/city
b_rhianna,3104,2257,c_riatavin church_holding <- slot1 (farthest free in-county slot)
b_tannithall,3094,2235,c_riatavin castle_holding <- slot4 (farthest free in-county slot)
b_shuruppak,4660,2456,c_riders_to_the_sky castle_holding <- slot0 capital/city
b_riftwood,4777,3378,c_riftwood castle_holding <- slot0 capital/city
b_aerilon,4748,3396,c_riftwood city_holding <- slot4 port
b_riimlost,450,2640,c_riimlost tribal_holding <- slot0 capital/city
b_bleak_pass,444,2655,c_riimlost city_holding <- slot4 port
b_rimba,7789,4969,c_rimba castle_holding <- slot0 capital/city
b_rimlost,626,2161,c_rimlost church_holding <- slot0 capital/city
b_rimmator,4542,3290,c_rimmator castle_holding <- slot0 capital/city
b_nalatho,4527,3314,c_rimmator church_holding <- slot5 (farthest free in-county slot)
b_nargabuz,4535,3312,c_rimmator city_holding <- slot4 port
b_al_jarracha,5807,6239,c_risha tribal_holding <- slot0 capital/city
b_keltash,3264,677,c_riven_frost tribal_holding <- slot0 capital/city
b_ulphish,4822,2350,c_river_of_metals castle_holding <- slot0 capital/city
b_zembral,4802,2341,c_river_of_metals city_holding <- slot2 (farthest free in-county slot)
b_rivermoot,2600,599,c_rivermoot city_holding <- slot0 capital/city
b_winter_edge,2578,605,c_rivermoot city_holding <- slot4 port
b_ashanva,4044,3171,c_riverride tribal_holding <- slot0 capital/city
b_rivers_run,4210,2346,c_rivers_run tribal_holding <- slot0 capital/city
b_anatras,4195,2370,c_rivers_run church_holding <- slot5 (farthest free in-county slot)
b_kalamata,4230,2358,c_rivers_run city_holding <- slot1 (farthest free in-county slot)
b_lhestyns_hearth,2918,2454,c_rivershire castle_holding <- slot0 capital/city
b_st_ostus,2938,2454,c_rivershire city_holding <- slot4 port
b_kasawak,6753,2495,c_road_less_traveled castle_holding <- slot0 capital/city
b_satsote,6786,2501,c_road_less_traveled city_holding <- slot4 port
b_imkath,4732,2757,c_road_of_dust castle_holding <- slot0 capital/city
b_uluzam,4742,2747,c_road_of_dust city_holding <- slot4 port
b_roaringshore,2494,1492,c_roaringshore city_holding <- slot0 capital/city
b_lathtarls_lantern,2522,1502,c_roaringshore castle_holding <- slot1 (farthest free in-county slot)
b_rodanar,4388,2301,c_rodanar castle_holding <- slot0 capital/city
b_thurik,4398,2292,c_rodanar city_holding <- slot4 port
b_rogosto,6360,5991,c_rogosto castle_holding <- slot0 capital/city
b_hadirma,6358,6026,c_rogosto city_holding <- slot1 (farthest free in-county slot)
b_taleik,6338,6015,c_rogosto church_holding <- slot2 (farthest free in-county slot)
b_rokthorl,696,2323,c_rokthorl castle_holding <- slot0 capital/city
b_harone_thar,675,2317,c_rokthorl city_holding <- slot5 (farthest free in-county slot)
b_rondeval,878,2624,c_rondeval castle_holding <- slot0 capital/city
b_frosthold,456,175,c_roof_of_the_world tribal_holding <- slot0 capital/city
b_roraari,438,2284,c_roraari castle_holding <- slot0 capital/city
b_rorst,1036,2737,c_rorst city_holding <- slot0 capital/city
b_ruathym,1711,1125,c_ruathym castle_holding <- slot0 capital/city
b_hastor,1681,1098,c_ruathym church_holding <- slot6 (farthest free in-county slot)
b_al_maralem,6397,6462,c_rubbans_tears tribal_holding <- slot0 capital/city
b_rucien_xan,4126,2448,c_rucien_xan castle_holding <- slot0 capital/city
b_villia,4103,2470,c_rucien_xan city_holding <- slot4 port
b_lighthouse_keep,397,1461,c_ruith castle_holding <- slot0 capital/city
b_ruith,446,1461,c_ruith city_holding <- slot4 port
b_the_thousand_trees,388,1485,c_ruith church_holding <- slot5 (farthest free in-county slot)
b_rume,5518,2423,c_rume castle_holding <- slot0 capital/city
b_amsa,5527,2413,c_rume city_holding <- slot4 port
b_nisudu,5537,2434,c_rume church_holding <- slot1 (farthest free in-county slot)
b_rurikar,2356,328,c_ruriks_end tribal_holding <- slot0 capital/city
b_snowmantle,3645,1223,c_rystall_wood city_holding <- slot0 capital/city
b_sabrasha,4924,5872,c_sabrasha tribal_holding <- slot0 capital/city
b_sadamzar,4787,2405,c_sadamzar castle_holding <- slot0 capital/city
b_outava,4795,2386,c_sadamzar city_holding <- slot4 port
b_sadazeh,5027,5854,c_sadazeh tribal_holding <- slot0 capital/city
b_saekolath,6026,3126,c_saekolath castle_holding <- slot0 capital/city
b_place_of_shade,6045,3138,c_saekolath church_holding <- slot1 (farthest free in-county slot)
b_vinetrunks,6036,3116,c_saekolath city_holding <- slot4 port
b_saelmur,3421,2714,c_saelmur castle_holding <- slot0 capital/city
b_vodariim,3391,2686,c_saelmur city_holding <- slot6 (farthest free in-county slot)
b_saerb,3673,1700,c_saerb city_holding <- slot0 capital/city
b_fairhaven,3683,1690,c_saerb city_holding <- slot4 port
b_saerloon,3757,1760,c_saerloon city_holding <- slot0 capital/city
b_aria,3716,1754,c_saerloon castle_holding <- slot2 (farthest free in-county slot)
b_dolphin_market,3739,1768,c_saerloon city_holding <- slot1 (farthest free in-county slot)
b_safaq,5567,6243,c_safaq castle_holding <- slot0 capital/city
b_rawdat_azizair,5561,6206,c_safaq city_holding <- slot2 (farthest free in-county slot)
b_saichik,4279,718,c_saichik tribal_holding <- slot0 capital/city
b_saigai,7652,3580,c_saigai church_holding <- slot0 capital/city
b_hunhai,7693,3576,c_saigai church_holding <- slot4 (farthest free in-county slot)
b_tenghai,7622,3552,c_saigai castle_holding <- slot6 (farthest free in-county slot)
b_saikhoi,6745,2536,c_saikhoi castle_holding <- slot0 capital/city
b_chongye,6722,2565,c_saikhoi church_holding <- slot5 (farthest free in-county slot)
b_gyamam,6741,2557,c_saikhoi castle_holding <- slot3 (farthest free in-county slot)
b_sangmm,6751,2548,c_saikhoi city_holding <- slot4 port
b_sakh,7095,1174,c_sakh tribal_holding <- slot0 capital/city
b_talv,5684,4991,c_sakina tribal_holding <- slot0 capital/city
b_salira,6258,1815,c_salira tribal_holding <- slot0 capital/city
b_natangoj,6290,1860,c_salira city_holding <- slot4 port
b_bumi_gerak,7814,4471,c_salju tribal_holding <- slot0 capital/city
b_salpir,1242,4322,c_salpir castle_holding <- slot0 capital/city
b_bromtor,1226,4346,c_salpir church_holding <- slot5 (farthest free in-county slot)
b_suthaven,1261,4334,c_salpir city_holding <- slot1 (farthest free in-county slot)
b_samagard,2455,3742,c_samagard city_holding <- slot0 capital/city
b_chada,2440,3765,c_samagard castle_holding <- slot5 (farthest free in-county slot)
b_samargol,2236,3765,c_samargol castle_holding <- slot0 capital/city
b_gemhar,2207,3738,c_samargol castle_holding <- slot6 (farthest free in-county slot)
b_ingress,2256,3777,c_samargol city_holding <- slot1 (farthest free in-county slot)
b_sambar,1857,2933,c_sambar city_holding <- slot0 capital/city
b_illul,1867,2915,c_sambar castle_holding <- slot2 (farthest free in-county slot)
b_perlinvast,1863,2941,c_sambar church_holding <- slot1 (farthest free in-county slot)
b_sambral,906,2927,c_sambral castle_holding <- slot0 capital/city
b_the_high_rise,947,2933,c_sambral city_holding <- slot5 (farthest free in-county slot)
b_sammaresh,3106,3537,c_sammaresh city_holding <- slot0 capital/city
b_mafor_tower,3090,3560,c_sammaresh church_holding <- slot5 (farthest free in-county slot)
b_tule,3126,3548,c_sammaresh castle_holding <- slot1 (farthest free in-county slot)
b_samphos,6841,5737,c_samphos tribal_holding <- slot0 capital/city
b_sampranasz,4951,2495,c_sampranasz castle_holding <- slot0 capital/city
b_akisath,4953,2473,c_sampranasz city_holding <- slot2 (farthest free in-county slot)
b_samra,4015,2346,c_samra city_holding <- slot0 capital/city
b_cormins,4036,2341,c_samra church_holding <- slot4 (farthest free in-county slot)
b_orbrech,4025,2352,c_samra castle_holding <- slot1 (farthest free in-county slot)
b_sandsrun,5930,3300,c_sandsrun city_holding <- slot0 capital/city
b_pharsul,5901,3273,c_sandsrun castle_holding <- slot6 (farthest free in-county slot)
b_sant,5846,1829,c_sant tribal_holding <- slot0 capital/city
b_bindra,2324,3435,c_sapphire_shores castle_holding <- slot0 capital/city
b_adeoyen,2367,3419,c_sapphire_shores city_holding <- slot4 port
b_ophat,2944,3611,c_saraath tribal_holding <- slot0 capital/city
b_saraq,5770,5847,c_saraq castle_holding <- slot0 capital/city
b_dirhan,5758,5831,c_saraq church_holding <- slot2 (farthest free in-county slot)
b_mahan,5778,5849,c_saraq city_holding <- slot1 (farthest free in-county slot)
b_sarenestar_glade,3045,2737,c_sarenestar tribal_holding <- slot0 capital/city
b_sariban,6577,5696,c_sariban tribal_holding <- slot0 capital/city
b_sarrukoth,5101,3001,c_sarrukoth castle_holding <- slot0 capital/city
b_khuzdar_hall,5121,3013,c_sarrukoth church_holding <- slot1 (farthest free in-county slot)
b_sarshel,4453,1592,c_sarshel castle_holding <- slot0 capital/city
b_arns_cove,4437,1616,c_sarshel church_holding <- slot5 (farthest free in-county slot)
b_thelnam,4472,1604,c_sarshel city_holding <- slot1 (farthest free in-county slot)
b_sarara,354,2927,c_sartha_coast tribal_holding <- slot0 capital/city
b_sathadech,352,2413,c_sathadech castle_holding <- slot0 capital/city
b_satous,5377,1336,c_satous tribal_holding <- slot0 capital/city
b_holyheart_house,4048,2468,c_satyr_road tribal_holding <- slot0 capital/city
b_sawsh,882,2698,c_sawsh tribal_holding <- slot0 capital/city
b_mahaireb,5340,6374,c_sayf tribal_holding <- slot0 capital/city
b_scardale_town,3931,1573,c_scardale castle_holding <- slot0 capital/city
b_scar_harbor,3964,1553,c_scardale city_holding <- slot2 (farthest free in-county slot)
b_scarsdeep,3941,1588,c_scardale church_holding <- slot5 (farthest free in-county slot)
b_peshaj,6649,3011,c_scarlet_jungle tribal_holding <- slot0 capital/city
b_schamedar,2893,2792,c_schamedar castle_holding <- slot0 capital/city
b_bakkals_sabban,2913,2804,c_schamedar city_holding <- slot1 (farthest free in-county slot)
b_scornubel,2881,1623,c_scornubel city_holding <- slot0 capital/city
b_scornubel_hall,2852,1596,c_scornubel castle_holding <- slot6 (farthest free in-county slot)
b_teths_stand,3507,3585,c_scrabbleground tribal_holding <- slot0 capital/city
b_khor_biligat,6059,5159,c_sea_of_salt castle_holding <- slot0 capital/city
b_sebben,4058,3249,c_sebben tribal_holding <- slot0 capital/city
b_undarls_tower,2580,1105,c_secomber castle_holding <- slot0 capital/city
b_secomber,2580,1084,c_secomber city_holding <- slot4 port
b_sefriszar,5033,1737,c_sefriszar castle_holding <- slot0 capital/city
b_thaldax,5035,1743,c_sefriszar city_holding <- slot4 port
b_zuldana,5017,1760,c_sefriszar church_holding <- slot5 (farthest free in-county slot)
b_adapra,6929,4869,c_segaran_swamp castle_holding <- slot0 capital/city
b_seikung,8088,3691,c_seikung castle_holding <- slot0 capital/city
b_meiyuan,8058,3664,c_seikung castle_holding <- slot6 (farthest free in-county slot)
b_mianxiang,8107,3673,c_seikung city_holding <- slot4 port
b_shizuiguan,8072,3714,c_seikung church_holding <- slot5 (farthest free in-county slot)
b_sekola_atas,7728,4858,c_sekola_atas castle_holding <- slot0 capital/city
b_sekras,4970,2743,c_sekras castle_holding <- slot0 capital/city
b_oss,4949,2747,c_sekras church_holding <- slot2 (farthest free in-county slot)
b_ruinspoke,4959,2737,c_sekras city_holding <- slot4 port
b_selgaunt,3804,1748,c_selgaunt city_holding <- slot0 capital/city
b_firehairs_house,3771,1703,c_selgaunt church_holding <- slot6 (farthest free in-county slot)
b_oxblood,3786,1725,c_selgaunt city_holding <- slot2 (farthest free in-county slot)
b_palace_of_the_hulorn,3784,1754,c_selgaunt castle_holding <- slot5 (farthest free in-county slot)
b_the_high_bridge,3802,1739,c_selgaunt city_holding <- slot1 (farthest free in-county slot)
b_andalbruin,2555,558,c_selskar_vale tribal_holding <- slot0 capital/city
b_sembabule,3337,6329,c_sembabule castle_holding <- slot0 capital/city
b_karuyaga,3288,6302,c_sembabule church_holding <- slot2 (farthest free in-county slot)
b_sember,3651,1535,c_semberholme tribal_holding <- slot0 capital/city
b_caer_cadrin,3636,1559,c_semberholme church_holding <- slot5 (farthest free in-county slot)
b_zulmas,3661,1526,c_semberholme city_holding <- slot4 port
b_semkhrun,5975,2501,c_semkhrun castle_holding <- slot0 capital/city
b_ubbaresh,6024,2522,c_semkhrun city_holding <- slot4 port
b_darrabhar,5752,2563,c_semphar_water castle_holding <- slot0 capital/city
b_fars,5737,2587,c_semphar_water city_holding <- slot5 (farthest free in-county slot)
b_qumis,5938,2473,c_sempharin castle_holding <- slot0 capital/city
b_babis,5924,2448,c_sempharin church_holding <- slot6 (farthest free in-county slot)
b_siniyat,5914,2464,c_sempharin city_holding <- slot4 port
b_sendalam,6243,6134,c_sendalam castle_holding <- slot0 capital/city
b_metawet,6270,6130,c_sendalam city_holding <- slot4 port
b_senia,7124,4590,c_senia_plateau tribal_holding <- slot0 capital/city
b_sentinel_stand,491,5170,c_sentinel_island tribal_holding <- slot0 capital/city
b_fortress_of_the_old_man,6167,2071,c_sentinel_spire church_holding <- slot0 capital/city
b_budaarcha,6198,2059,c_sentinel_spire castle_holding <- slot4 (farthest free in-county slot)
b_chintshen,6151,2094,c_sentinel_spire church_holding <- slot5 (farthest free in-county slot)
b_sskhanaja,2821,1340,c_serpent_hills tribal_holding <- slot0 capital/city
b_jevall,6825,3722,c_serpent_valley castle_holding <- slot0 capital/city
b_alahita,6804,3748,c_serpent_valley city_holding <- slot4 port
b_kasidikals_keep,2862,1250,c_serpents_tail castle_holding <- slot0 capital/city
b_al_salakamah,6874,6388,c_serzeman_bamar tribal_holding <- slot0 capital/city
b_seshano,6112,1369,c_seshano tribal_holding <- slot0 capital/city
b_sesserash,2932,3730,c_sesserash tribal_holding <- slot0 capital/city
b_sessrenglade,3630,1602,c_sessrenglade tribal_holding <- slot0 capital/city
b_oversember_vale,3614,1604,c_sessrenglade city_holding <- slot4 port
b_settlestone,2596,578,c_settlestone castle_holding <- slot0 capital/city
b_keepers_dale,2606,568,c_settlestone city_holding <- slot4 port
b_gers,3497,816,c_seventon tribal_holding <- slot0 capital/city
b_severed_hand,2094,484,c_severed_hand castle_holding <- slot0 capital/city
b_vale_of_shadows,2102,500,c_severed_hand church_holding <- slot6 (farthest free in-county slot)
b_sezilinta,5645,3253,c_sezilinta city_holding <- slot0 capital/city
b_narba,5615,3226,c_sezilinta church_holding <- slot6 (farthest free in-county slot)
b_ssundyl,5629,3277,c_sezilinta castle_holding <- slot5 (farthest free in-county slot)
b_estacell,3786,3423,c_shaareach_forest tribal_holding <- slot0 capital/city
b_shaargald,4191,3150,c_shaargald tribal_holding <- slot0 capital/city
b_shaarmid,3991,3050,c_shaarmid city_holding <- slot0 capital/city
b_hurtlepool,4034,3028,c_shaarmid church_holding <- slot4 (farthest free in-county slot)
b_stewich,3962,3023,c_shaarmid castle_holding <- slot6 (farthest free in-county slot)
b_rausrawna,3450,1475,c_shaddath tribal_holding <- slot0 capital/city
b_twisted_tower,3630,1391,c_shadowdale castle_holding <- slot0 capital/city
b_elminster_tower,3618,1412,c_shadowdale castle_holding <- slot4 (farthest free in-county slot)
b_shadowdale,3640,1369,c_shadowdale city_holding <- slot1 (farthest free in-county slot)
b_xilberos_ridge,3673,3634,c_shadowed_grave tribal_holding <- slot0 capital/city
b_shadowglade,3679,1369,c_shadowglade city_holding <- slot0 capital/city
b_hall_of_echoes,4415,3257,c_shadows_end castle_holding <- slot0 capital/city
b_jurunvalt,4400,3281,c_shadows_end church_holding <- slot5 (farthest free in-county slot)
b_oldfast,4439,3247,c_shadows_end city_holding <- slot4 port
b_summer_palace,319,1520,c_shaelyn castle_holding <- slot0 capital/city
b_shaelynsrun,354,1549,c_shaelyn city_holding <- slot4 port
b_yessael,321,1549,c_shaelyn church_holding <- slot5 (farthest free in-county slot)
b_shakham,5672,5483,c_shakham castle_holding <- slot0 capital/city
b_wubufi,5721,5487,c_shakham church_holding <- slot1 (farthest free in-county slot)
b_shakkak,4294,447,c_shakkak tribal_holding <- slot0 capital/city
b_khlarsamryn,3329,2419,c_shalanar castle_holding <- slot0 capital/city
b_ellhimars_tower,3300,2391,c_shalanar church_holding <- slot6 (farthest free in-county slot)
b_llorbauth,3317,2399,c_shalanar city_holding <- slot4 port
b_shamandra,4341,2006,c_shamandra city_holding <- slot0 capital/city
b_shamph,4050,2382,c_shamph city_holding <- slot0 capital/city
b_taranth,4070,2393,c_shamph church_holding <- slot1 (farthest free in-county slot)
b_timindar,4060,2372,c_shamph castle_holding <- slot4 (farthest free in-county slot)
b_shan_sao,7439,3128,c_shan_sao tribal_holding <- slot0 capital/city
b_shandaular,4937,1354,c_shandaular tribal_holding <- slot0 capital/city
b_shangtao,8129,3062,c_shangtao castle_holding <- slot0 capital/city
b_qindong,8138,3052,c_shangtao city_holding <- slot4 port
b_shannath,4748,578,c_shannath castle_holding <- slot0 capital/city
b_shanshu,7380,2176,c_shanshu castle_holding <- slot0 capital/city
b_xuanchai,7378,2214,c_shanshu city_holding <- slot4 port
b_blackbarn,3515,3005,c_shantal city_holding <- slot0 capital/city
b_sharandar,2272,707,c_sharandar tribal_holding <- slot0 capital/city
b_eveninglight,2281,697,c_sharandar city_holding <- slot4 port
b_sharawood,5123,3216,c_sharawood tribal_holding <- slot0 capital/city
b_farahah,4742,5704,c_sharira tribal_holding <- slot0 capital/city
b_heroes_helm,3540,1033,c_shattered_tower tribal_holding <- slot0 capital/city
b_port_castigliar,2191,3226,c_shatterwave castle_holding <- slot0 capital/city
b_akhrasut_nath,5846,1551,c_shay_hills tribal_holding <- slot0 capital/city
b_shederran_grove,2293,758,c_shederran_grove tribal_holding <- slot0 capital/city
b_sheirtalar,3515,3284,c_sheirtalar city_holding <- slot0 capital/city
b_bifars_hold,3499,3308,c_sheirtalar castle_holding <- slot5 (farthest free in-county slot)
b_gashags,3534,3296,c_sheirtalar castle_holding <- slot1 (farthest free in-county slot)
b_shentsa,7728,3443,c_shentsa castle_holding <- slot0 capital/city
b_shey_chorten,6952,2624,c_shey_chorten castle_holding <- slot0 capital/city
b_shih_tuh,7155,2706,c_shih_tuh castle_holding <- slot0 capital/city
b_naxu,7202,2677,c_shih_tuh city_holding <- slot4 port
b_shihfang,7548,2694,c_shihfang castle_holding <- slot0 capital/city
b_zhongzhou,7576,2741,c_shihfang city_holding <- slot4 port
b_shilku,1824,3548,c_shilku_bay castle_holding <- slot0 capital/city
b_jeboye,1795,3513,c_shilku_bay city_holding <- slot6 (farthest free in-county slot)
b_fort_mirasandoral,3192,2227,c_shilmista castle_holding <- slot0 capital/city
b_evus,4134,3660,c_shining_gap tribal_holding <- slot0 capital/city
b_shining_white,2485,617,c_shining_white tribal_holding <- slot0 capital/city
b_tannath,5952,3396,c_ship_isle city_holding <- slot0 capital/city
b_eye_of_insight,4898,2415,c_ship_of_the_gods castle_holding <- slot0 capital/city
b_shipgrave,3556,4340,c_shipgrave_isles castle_holding <- slot0 capital/city
b_shirc,6790,1021,c_shirc tribal_holding <- slot0 capital/city
b_coldsand,593,185,c_shivering_coast tribal_holding <- slot0 capital/city
b_sister_of_rains,3411,1315,c_shoal_of_thirst tribal_holding <- slot0 capital/city
b_ioriere,3374,1354,c_shoal_of_thirst castle_holding <- slot4 (farthest free in-county slot)
b_oracakon,3397,1342,c_shoal_of_thirst city_holding <- slot1 (farthest free in-county slot)
b_fort_teqlar,2782,2597,c_shoonach castle_holding <- slot0 capital/city
b_agis,2758,2597,c_shoonach city_holding <- slot4 port
b_debukkher,2795,2604,c_shoonach castle_holding <- slot1 (farthest free in-county slot)
b_iltakar,2752,2589,c_shoonach church_holding <- slot6 (farthest free in-county slot)
b_shota,7003,1496,c_shota tribal_holding <- slot0 capital/city
b_shou_kuan,7822,2655,c_shou_kuan castle_holding <- slot0 capital/city
b_xinging,7832,2645,c_shou_kuan city_holding <- slot4 port
b_xutou,7792,2628,c_shou_kuan church_holding <- slot6 (farthest free in-county slot)
b_fenton,1861,1729,c_shrouded_lands castle_holding <- slot0 capital/city
b_shussel,4828,2428,c_shussel castle_holding <- slot0 capital/city
b_hawold,4812,2452,c_shussel city_holding <- slot5 (farthest free in-county slot)
b_kapidum,4816,2415,c_shussel church_holding <- slot2 (farthest free in-county slot)
b_fortress_clymph,4501,1350,c_sidewinder_wood tribal_holding <- slot0 capital/city
b_sidi,6338,6321,c_sidi_island castle_holding <- slot0 capital/city
b_sierrak,372,2679,c_sierrak tribal_holding <- slot0 capital/city
b_sigram,6739,5702,c_sigram tribal_holding <- slot0 capital/city
b_siiluth_keep,368,1655,c_siiluth castle_holding <- slot0 capital/city
b_esela,386,1617,c_siiluth church_holding <- slot5 (farthest free in-county slot)
b_minarisa,390,1651,c_siiluth castle_holding <- slot1 (farthest free in-county slot)
b_sikak,5568,6034,c_sikak castle_holding <- slot0 capital/city
b_al_tudah,5567,6062,c_sikak church_holding <- slot1 (farthest free in-county slot)
b_sahazz,5547,6050,c_sikak city_holding <- slot2 (farthest free in-county slot)
b_siksuv,4439,511,c_siksuv tribal_holding <- slot0 capital/city
b_silapathar,6688,5184,c_silapathar tribal_holding <- slot0 capital/city
b_everantha,306,1408,c_silver_hills castle_holding <- slot0 capital/city
b_fyfe_ortheiad,296,1375,c_silver_hills church_holding <- slot5 (farthest free in-county slot)
b_tyathalael,306,1440,c_silver_hills city_holding <- slot4 port
b_hawks_nest,2760,629,c_silvermoon_pass castle_holding <- slot0 capital/city
b_auvandell,2770,619,c_silvermoon_pass city_holding <- slot4 port
b_deckon_thar,2750,625,c_silvermoon_pass castle_holding <- slot2 (farthest free in-county slot)
b_olostins_hold,2664,656,c_silverwood tribal_holding <- slot0 capital/city
b_silverymoon,2698,627,c_silverymoon city_holding <- slot0 capital/city
b_khelb,2709,611,c_silverymoon city_holding <- slot4 port
b_ladys_hand,2684,609,c_silverymoon church_holding <- slot2 (farthest free in-county slot)
b_rauvinwatch,2703,629,c_silverymoon castle_holding <- slot1 (farthest free in-county slot)
b_simbaya,5561,5024,c_simbaya castle_holding <- slot0 capital/city
b_ghumra,5623,5041,c_simbaya city_holding <- slot1 (farthest free in-county slot)
b_khapo,8072,582,c_sinking_palace tribal_holding <- slot0 capital/city
b_sinna,5252,5946,c_sinna tribal_holding <- slot0 capital/city
b_helvara,3503,1397,c_sixstreams tribal_holding <- slot0 capital/city
b_skadaurak,2039,1256,c_skadaurak tribal_holding <- slot0 capital/city
b_skarou,6851,2419,c_skarou castle_holding <- slot0 capital/city
b_shonang,6860,2409,c_skarou city_holding <- slot4 port
b_skeskia,3700,3060,c_skeska tribal_holding <- slot0 capital/city
b_skouth,4673,3210,c_skouth tribal_holding <- slot0 capital/city
b_skuld,5004,2456,c_skuld castle_holding <- slot0 capital/city
b_donar,5070,2456,c_skuld church_holding <- slot3 (farthest free in-county slot)
b_ganathari,5054,2479,c_skuld city_holding <- slot5 (farthest free in-county slot)
b_selag,5027,2442,c_skuld castle_holding <- slot2 (farthest free in-county slot)
b_uthragkan,5049,2464,c_skuld city_holding <- slot1 (farthest free in-county slot)
b_southshore,2866,1719,c_skuldusk castle_holding <- slot0 capital/city
b_skurrukh,3239,2442,c_skurrukh tribal_holding <- slot0 capital/city
b_mount_turbold,3241,2411,c_skurrukh church_holding <- slot4 (farthest free in-county slot)
b_ravimors_cave,3245,2438,c_skurrukh city_holding <- slot1 (farthest free in-county slot)
b_jiaoguan,7404,2692,c_sky_fields castle_holding <- slot0 capital/city
b_changzhou,7327,2712,c_sky_fields church_holding <- slot5 (farthest free in-county slot)
b_sharbei,7421,2729,c_sky_fields city_holding <- slot4 port
b_skytower_shelter,2240,461,c_skytower_shelter tribal_holding <- slot0 capital/city
b_chamar,7273,4025,c_skyvale church_holding <- slot0 capital/city
b_archerpost,4265,3028,c_skywall church_holding <- slot0 capital/city
b_gunala,4255,3044,c_skywall city_holding <- slot4 port
b_noriande,4308,2987,c_skywall church_holding <- slot3 (farthest free in-county slot)
b_urumph,3438,625,c_smokeholes tribal_holding <- slot0 capital/city
b_smokespire,3040,1995,c_smokespire tribal_holding <- slot0 capital/city
b_arsof,4673,2628,c_smoking_mountains castle_holding <- slot0 capital/city
b_citadel_of_black_ash,4646,2632,c_smoking_mountains castle_holding <- slot2 (farthest free in-county slot)
b_boar_pike,2983,2014,c_snakewood tribal_holding <- slot0 capital/city
b_belit,2037,3668,c_snapping_turtle_bay tribal_holding <- slot0 capital/city
b_snokkok,4537,664,c_snokkok tribal_holding <- slot0 capital/city
b_temmah,2156,3812,c_snout_of_omgar tribal_holding <- slot0 capital/city
b_sokkar,5938,5086,c_sokkar castle_holding <- slot0 capital/city
b_maracrath,4525,1444,c_soleineflow castle_holding <- slot0 capital/city
b_guidodale,4509,1467,c_soleineflow city_holding <- slot5 (farthest free in-county slot)
b_solon,6227,2737,c_solon castle_holding <- slot0 capital/city
b_salarijab,6202,2763,c_solon city_holding <- slot4 port
b_tatsalarana,6198,2710,c_solon church_holding <- slot6 (farthest free in-county slot)
b_sombor,1240,4207,c_sombor castle_holding <- slot0 capital/city
b_arevar,1210,4180,c_sombor church_holding <- slot6 (farthest free in-county slot)
b_nimith,1224,4230,c_sombor city_holding <- slot5 (farthest free in-county slot)
b_somraggah,5594,2471,c_somraggah castle_holding <- slot0 capital/city
b_kishorc,5565,2444,c_somraggah church_holding <- slot6 (farthest free in-county slot)
b_wakirnayskul,5617,2462,c_somraggah city_holding <- slot4 port
b_songfarla,5354,1805,c_songfarla castle_holding <- slot0 capital/city
b_covarrkar_cave,5373,1817,c_songfarla church_holding <- slot1 (farthest free in-county slot)
b_gilded_nugget,5363,1795,c_songfarla city_holding <- slot4 port
b_songhal,4421,1643,c_songhal castle_holding <- slot0 capital/city
b_filfur,4441,1655,c_songhal church_holding <- slot1 (farthest free in-county slot)
b_soolabax,4660,2358,c_soolabax castle_holding <- slot0 capital/city
b_heptics,4630,2331,c_soolabax church_holding <- slot6 (farthest free in-county slot)
b_samnur,4679,2370,c_soolabax city_holding <- slot1 (farthest free in-county slot)
b_soorenar,4468,2280,c_soorenar castle_holding <- slot0 capital/city
b_arikrlundr,4505,2272,c_soorenar church_holding <- slot4 (farthest free in-county slot)
b_pleham,4453,2303,c_soorenar city_holding <- slot5 (farthest free in-county slot)
b_soranda,5598,1496,c_soranda tribal_holding <- slot0 capital/city
b_lo_pan,7431,2384,c_sorghum_fields castle_holding <- slot0 capital/city
b_xinhai,7423,2407,c_sorghum_fields city_holding <- slot4 port
b_sorib,6262,6419,c_sorib tribal_holding <- slot0 capital/city
b_sorl,2352,3754,c_sorl castle_holding <- slot0 capital/city
b_fairgrasp,2387,3750,c_sorl city_holding <- slot4 port
b_sossvaal,5097,337,c_sossvaal church_holding <- slot0 capital/city
b_kainiq,5068,310,c_sossvaal castle_holding <- slot6 (farthest free in-county slot)
b_sepusang,7959,4852,c_soto tribal_holding <- slot0 capital/city
b_soubar,2789,1531,c_soubar castle_holding <- slot0 capital/city
b_lyrans_hold,2748,1506,c_soubar church_holding <- slot3 (farthest free in-county slot)
b_soussal,2365,3673,c_soussal castle_holding <- slot0 capital/city
b_rewold,2408,3669,c_soussal city_holding <- slot4 port
b_blue_pana,4202,3875,c_south_fornaluit tribal_holding <- slot0 capital/city
b_chestam,3630,2567,c_south_winterwood tribal_holding <- slot0 capital/city
b_southern_shandaular,4933,2997,c_southern_shandaular tribal_holding <- slot0 capital/city
b_mere,390,2978,c_southspar tribal_holding <- slot0 capital/city
b_southhome,702,5282,c_southwatch tribal_holding <- slot0 capital/city
b_highluthholt,2743,1115,c_southwood tribal_holding <- slot0 capital/city
b_spandeliyon,4343,1915,c_spandeliyon city_holding <- slot0 capital/city
b_spearhead,413,595,c_spearhead_point tribal_holding <- slot0 capital/city
b_spearsmouth,4761,1617,c_spearsmouth_dale castle_holding <- slot0 capital/city
b_arglith,4771,1608,c_spearsmouth_dale city_holding <- slot4 port
b_spellgard,3026,1014,c_spellgard castle_holding <- slot0 capital/city
b_toralath,3008,2321,c_spellshire castle_holding <- slot0 capital/city
b_shildamere,3018,2300,c_spellshire city_holding <- slot4 port
b_ajhuutal,3044,2849,c_spider_swamp tribal_holding <- slot0 capital/city
b_finders_keep,3579,1432,c_spiderhaunt_woods castle_holding <- slot0 capital/city
b_stormpenhauder,3557,1424,c_spiderhaunt_woods city_holding <- slot4 port
b_djerad_axatar,1163,2616,c_spiteful_isles tribal_holding <- slot0 capital/city
b_adamantine_palace,2795,973,c_splendarrmornn castle_holding <- slot0 capital/city
b_splendarrmornn,2788,992,c_splendarrmornn castle_holding <- slot4 (farthest free in-county slot)
b_sragadha,6342,4465,c_sragadha castle_holding <- slot0 capital/city
b_house_of_lolth,3305,1688,c_sschindylryn church_holding <- slot0 capital/city
b_ssensval,3636,3148,c_ssensval tribal_holding <- slot0 capital/city
b_sshamath,3106,1616,c_sshamath castle_holding <- slot0 capital/city
b_zorrbauth,3116,1606,c_sshamath city_holding <- slot4 port
b_ssintar,4789,2557,c_ssintar castle_holding <- slot0 capital/city
b_ssrenshen,3683,1573,c_ssrenshen tribal_holding <- slot0 capital/city
b_stagford,1984,1535,c_stagford castle_holding <- slot0 capital/city
b_holyhead,1992,1543,c_stagford city_holding <- slot2 (farthest free in-county slot)
b_hartblood_spring,2698,877,c_star_mounts tribal_holding <- slot0 capital/city
b_chatlarhune,3075,1879,c_starfields tribal_holding <- slot0 capital/city
b_starmantle,3700,1948,c_starmantle city_holding <- slot0 capital/city
b_inske,3651,1946,c_starmantle church_holding <- slot3 (farthest free in-county slot)
b_vamars_tower,3685,1971,c_starmantle castle_holding <- slot5 (farthest free in-county slot)
b_beruns_hill,2334,720,c_starmetal_hills church_holding <- slot0 capital/city
b_twilight_tor,2340,746,c_starmetal_hills city_holding <- slot4 port
b_djerad_kurar,558,2450,c_starspire tribal_holding <- slot0 capital/city
b_zazesspur,2627,2403,c_starspur castle_holding <- slot0 capital/city
b_karlaggar,2655,2409,c_starspur castle_holding <- slot5 (farthest free in-county slot)
b_oldspire,2625,2386,c_starspur city_holding <- slot2 (farthest free in-county slot)
b_st_ramedar,2643,2403,c_starspur church_holding <- slot1 (farthest free in-county slot)
b_granite_tower,4077,1113,c_stillmoors castle_holding <- slot0 capital/city
b_stingvale,4826,3507,c_stingfields tribal_holding <- slot0 capital/city
b_blythe,2037,1610,c_stirgewick castle_holding <- slot0 capital/city
b_regents_field,2053,1608,c_stirgewick city_holding <- slot1 (farthest free in-county slot)
b_skull_crag,3257,1721,c_storm_horns castle_holding <- slot0 capital/city
b_greatgaunt,3266,1711,c_storm_horns city_holding <- slot4 port
b_stormhelm,870,2653,c_stormhelm castle_holding <- slot0 capital/city
b_djerad_tauro,990,2612,c_stormslough tribal_holding <- slot0 capital/city
b_stormy_high,6550,3398,c_stormy_high tribal_holding <- slot0 capital/city
b_sulaziir,3683,4025,c_sulaziir castle_holding <- slot0 capital/city
b_marrass,3653,3998,c_sulaziir city_holding <- slot6 (farthest free in-county slot)
b_suldanessellar,2842,2372,c_suldanessellar castle_holding <- slot0 capital/city
b_kinbranch,2817,2362,c_suldanessellar city_holding <- slot4 port
b_kings_tree,2846,2346,c_suldanessellar church_holding <- slot2 (farthest free in-county slot)
b_nebulae_pool,2862,2370,c_suldanessellar castle_holding <- slot1 (farthest free in-county slot)
b_swanmays_glade,2830,2370,c_suldanessellar city_holding <- slot5 (farthest free in-county slot)
b_suldolphor,3278,2919,c_suldolphor castle_holding <- slot0 capital/city
b_sultim,5092,2243,c_sultim castle_holding <- slot0 capital/city
b_haripan,5144,2260,c_sultim church_holding <- slot1 (farthest free in-county slot)
b_vursanj,5076,2266,c_sultim city_holding <- slot5 (farthest free in-county slot)
b_scarlet_moon_hall,2412,918,c_sumber_hills city_holding <- slot0 capital/city
b_rivergard,2406,924,c_sumber_hills tribal_holding <- slot3 (farthest free in-county slot)
b_sacred_stone,2404,920,c_sumber_hills church_holding <- slot1 (farthest free in-county slot)
b_sumbrar,515,1578,c_sumbrar castle_holding <- slot0 capital/city
b_sumbria,4261,2325,c_sumbria city_holding <- slot0 capital/city
b_geguna,4281,2337,c_sumbria church_holding <- slot1 (farthest free in-county slot)
b_kirenzia,4279,2315,c_sumbria castle_holding <- slot4 (farthest free in-county slot)
b_alarah,5811,6138,c_sumuk_island castle_holding <- slot0 capital/city
b_masters_hall_sbr,2836,650,c_sundabar castle_holding <- slot0 capital/city
b_hall_of_vigilance,2858,623,c_sundabar church_holding <- slot4 (farthest free in-county slot)
b_newfort,2868,644,c_sundabar castle_holding <- slot1 (farthest free in-county slot)
b_sundabar,2848,632,c_sundabar city_holding <- slot2 (farthest free in-county slot)
b_sundasz,4488,3175,c_sundasz castle_holding <- slot0 capital/city
b_sunderstaad,2014,1404,c_sunder castle_holding <- slot0 capital/city
b_sundice,5058,545,c_sundice castle_holding <- slot0 capital/city
b_sundrah,1830,2853,c_sundrah city_holding <- slot0 capital/city
b_orostling,1801,2825,c_sundrah castle_holding <- slot6 (farthest free in-county slot)
b_sunglade,4644,1983,c_sunglade castle_holding <- slot0 capital/city
b_rotimur,1091,2880,c_sunrise_hills tribal_holding <- slot0 capital/city
b_kash,6432,4596,c_suns_eye castle_holding <- slot0 capital/city
b_aguland,6385,4621,c_suns_eye city_holding <- slot4 port
b_sunset,1687,1694,c_sunset tribal_holding <- slot0 capital/city
b_thandril,3180,1551,c_sunset_foothills tribal_holding <- slot0 capital/city
b_mordyr,5686,3363,c_sunset_rocks city_holding <- slot0 capital/city
b_suntar,6065,3408,c_suntar castle_holding <- slot0 capital/city
b_carish,6049,3431,c_suntar church_holding <- slot5 (farthest free in-county slot)
b_khis,6084,3419,c_suntar city_holding <- slot1 (farthest free in-county slot)
b_suormpar,6167,3177,c_suormpar castle_holding <- slot0 capital/city
b_jata,6151,3200,c_suormpar church_holding <- slot5 (farthest free in-county slot)
b_ravvan,6186,3189,c_suormpar city_holding <- slot1 (farthest free in-county slot)
b_surag,5127,1940,c_surag castle_holding <- slot0 capital/city
b_kurkha,5094,1971,c_surag church_holding <- slot5 (farthest free in-county slot)
b_thazrumaros,5117,1974,c_surag city_holding <- slot4 port
b_surbar,6143,3324,c_surbar castle_holding <- slot0 capital/city
b_halahanyl,6114,3296,c_surbar city_holding <- slot6 (farthest free in-county slot)
b_shandan,6127,3347,c_surbar church_holding <- slot5 (farthest free in-county slot)
b_griffons_nest,2420,658,c_surbrin_hills tribal_holding <- slot0 capital/city
b_surbroar,5123,2612,c_surbroar castle_holding <- slot0 capital/city
b_arshe,5094,2585,c_surbroar church_holding <- slot6 (farthest free in-county slot)
b_azanana,5103,2632,c_surbroar city_holding <- slot4 port
b_surcross,4818,1727,c_surcross city_holding <- slot0 capital/city
b_saradush,3114,2534,c_surkazar castle_holding <- slot0 capital/city
b_colbertann,3085,2540,c_surkazar city_holding <- slot4 port
b_spires_against_the_stars,3085,2507,c_surkazar church_holding <- slot6 (farthest free in-county slot)
b_surkh,3481,2419,c_surkh castle_holding <- slot0 capital/city
b_ulken,3419,2403,c_surkh city_holding <- slot4 port
b_dagleth,5029,1672,c_surmarsh castle_holding <- slot0 capital/city
b_surraer,476,2579,c_surraer tribal_holding <- slot0 capital/city
b_surtowers,5058,1672,c_surthay castle_holding <- slot0 capital/city
b_true_surthay,5119,1674,c_surthay church_holding <- slot4 (farthest free in-county slot)
b_westsulkh,5043,1696,c_surthay city_holding <- slot5 (farthest free in-county slot)
b_azoun_palace,3339,1741,c_suzail castle_holding <- slot0 capital/city
b_hilp,3323,1717,c_suzail church_holding <- slot2 (farthest free in-county slot)
b_jesters_green,3343,1725,c_suzail castle_holding <- slot3 (farthest free in-county slot)
b_suzail,3343,1731,c_suzail city_holding <- slot1 (farthest free in-county slot)
b_suzhai,7683,1918,c_suzhai castle_holding <- slot0 capital/city
b_svardborg,1838,392,c_svardborg castle_holding <- slot0 capital/city
b_ouranalathas_tower,5631,1678,c_syevyer_forest tribal_holding <- slot0 capital/city
b_argen_tellirynd,1950,1744,c_synnoria castle_holding <- slot0 capital/city
b_szant,317,2825,c_szant tribal_holding <- slot0 capital/city
b_achaurax,307,2804,c_szant city_holding <- slot5 (farthest free in-county slot)
b_szith_morcane,3585,1363,c_szith_morcane church_holding <- slot0 capital/city
b_szul,4974,1930,c_szul castle_holding <- slot0 capital/city
b_rautham,4998,1938,c_szul city_holding <- slot4 port
b_taam,5455,6126,c_taam tribal_holding <- slot0 capital/city
b_tadabbur,6542,5602,c_tadabbur tribal_holding <- slot0 capital/city
b_al_hamidiyah,6581,5587,c_tadabbur castle_holding <- slot4 (farthest free in-county slot)
b_ronralal,6575,5604,c_tadabbur city_holding <- slot1 (farthest free in-county slot)
b_nhobel,3292,4078,c_taertal_gates castle_holding <- slot0 capital/city
b_grasmere,3313,4053,c_taertal_gates city_holding <- slot4 port
b_taham,5608,5327,c_taham castle_holding <- slot0 capital/city
b_al_qufag,5643,5321,c_taham city_holding <- slot4 port
b_taikho,7417,1721,c_taikho_gaze tribal_holding <- slot0 capital/city
b_taishan,7767,3650,c_taishan castle_holding <- slot0 capital/city
b_nanxing,7755,3681,c_taishan city_holding <- slot4 port
b_tajar,5438,5917,c_tajar castle_holding <- slot0 capital/city
b_miladis,5461,5915,c_tajar church_holding <- slot1 (farthest free in-county slot)
b_takeyef,5426,5825,c_takeyef castle_holding <- slot0 capital/city
b_takrit,6174,2466,c_takrit castle_holding <- slot0 capital/city
b_dayr,6139,2471,c_takrit church_holding <- slot4 (farthest free in-county slot)
b_simman,6159,2489,c_takrit city_holding <- slot5 (farthest free in-county slot)
b_sangal,7032,2505,c_takt_muren castle_holding <- slot0 capital/city
b_talab,6084,5948,c_talab castle_holding <- slot0 capital/city
b_jurdabis,6094,5938,c_talab city_holding <- slot4 port
b_zabrila,6104,5960,c_talab church_holding <- slot1 (farthest free in-county slot)
b_ataz_muhaha,2197,3345,c_talacoast castle_holding <- slot0 capital/city
b_hastou,2143,3339,c_talacoast city_holding <- slot6 (farthest free in-county slot)
b_kunnya,2172,3367,c_talacoast church_holding <- slot3 (farthest free in-county slot)
b_talagbar,4290,1125,c_talagbar castle_holding <- slot0 capital/city
b_the_rock,4300,1115,c_talagbar city_holding <- slot4 port
b_talara,399,2360,c_talaran_highlands tribal_holding <- slot0 capital/city
b_hundard,3692,3468,c_talarvale tribal_holding <- slot0 capital/city
b_talathgard,3589,3728,c_talathgard church_holding <- slot0 capital/city
b_achathila,3559,3701,c_talathgard castle_holding <- slot6 (farthest free in-county slot)
b_talath_pass,3599,3718,c_talathgard city_holding <- slot4 port
b_oeble,3624,3011,c_talduth_vale city_holding <- slot0 capital/city
b_emrys,3610,3030,c_talduth_vale city_holding <- slot4 port
b_ogden,2043,1559,c_talffolk castle_holding <- slot0 capital/city
b_cobh,2027,1582,c_talffolk city_holding <- slot5 (farthest free in-county slot)
b_torriage_wood,2049,1571,c_talffolk church_holding <- slot1 (farthest free in-county slot)
b_taliat,5269,5292,c_taliat castle_holding <- slot0 capital/city
b_omidihreza,5301,5286,c_taliat city_holding <- slot1 (farthest free in-county slot)
b_qatimis,5285,5274,c_taliat castle_holding <- slot2 (farthest free in-county slot)
b_teuveamanthaar,2821,746,c_tall_trees church_holding <- slot0 capital/city
b_kerymnaar,2788,783,c_tall_trees castle_holding <- slot6 (farthest free in-county slot)
b_morkermhoarth,2842,728,c_tall_trees city_holding <- slot4 port
b_vale_of_memory,2803,736,c_tall_trees church_holding <- slot2 (farthest free in-county slot)
b_taltempla,413,1387,c_taltempla castle_holding <- slot0 capital/city
b_grove_of_the_four_winds,386,1404,c_taltempla church_holding <- slot5 (farthest free in-county slot)
b_the_green_paths,433,1399,c_taltempla city_holding <- slot1 (farthest free in-county slot)
b_talukhi,5316,1379,c_talukhi tribal_holding <- slot0 capital/city
b_tammar,4836,1649,c_tammar city_holding <- slot0 capital/city
b_simbath,4806,1621,c_tammar castle_holding <- slot6 (farthest free in-county slot)
b_tane,5504,1625,c_tane tribal_holding <- slot0 capital/city
b_tangkap,7468,4590,c_tangkap tribal_holding <- slot0 capital/city
b_the_tangled_trees,3890,1471,c_tangled_trees tribal_holding <- slot0 capital/city
b_gielaph,3860,1444,c_tangled_trees castle_holding <- slot6 (farthest free in-county slot)
b_five_spears_hold,3258,2520,c_tanistan castle_holding <- slot0 capital/city
b_praskallest,3239,2534,c_tanistan city_holding <- slot4 port
b_rivenshield,3286,2532,c_tanistan castle_holding <- slot1 (farthest free in-county slot)
b_tantay,7720,355,c_tantay tribal_holding <- slot0 capital/city
b_highbank_forest,4066,1586,c_tantras city_holding <- slot0 (farthest free in-county slot)
b_house_of_glory,4097,1580,c_tantras church_holding <- slot1 (farthest free in-county slot)
b_orlimmin,4075,1571,c_tantras castle_holding <- slot2 (farthest free in-county slot)
b_tantras,4070,1569,c_tantras city_holding <- slot3 (farthest free in-county slot)
b_jinchou,8064,1948,c_taotie castle_holding <- slot0 capital/city
b_guanghai,8035,1948,c_taotie city_holding <- slot4 port
b_tapenga,7589,3005,c_tapenga castle_holding <- slot0 capital/city
b_guangqiu,7599,2995,c_tapenga city_holding <- slot4 port
b_suchun,7560,2978,c_tapenga church_holding <- slot6 (farthest free in-county slot)
b_taran,534,2356,c_taranmire castle_holding <- slot0 capital/city
b_tariatooroi,6809,1270,c_tariatooroi tribal_holding <- slot0 capital/city
b_kharaifat,5281,6476,c_tarikat_island tribal_holding <- slot0 capital/city
b_tarmalune,884,2815,c_tarmalune city_holding <- slot0 capital/city
b_arendenmore,902,2806,c_tarmalune castle_holding <- slot5 (farthest free in-county slot)
b_tarnhall,4472,3202,c_tarnhall castle_holding <- slot0 capital/city
b_hithlade,4482,3193,c_tarnhall city_holding <- slot4 port
b_nargabar,4492,3214,c_tarnhall church_holding <- slot1 (farthest free in-county slot)
b_tarsith,528,2821,c_tarsith city_holding <- slot0 capital/city
b_kust,571,2833,c_tarsith castle_holding <- slot5 (farthest free in-county slot)
b_taruin,2307,3634,c_taruin castle_holding <- slot0 capital/city
b_ash_kaba,2342,3638,c_taruin church_holding <- slot4 (farthest free in-county slot)
b_tangath,2832,3576,c_tashan_gap tribal_holding <- slot0 capital/city
b_tashluta,2741,3544,c_tashluta city_holding <- slot0 capital/city
b_kondo,2760,3556,c_tashluta church_holding <- slot1 (farthest free in-county slot)
b_taskaunt,4726,2072,c_taskaunt castle_holding <- slot0 capital/city
b_lasdur,4752,2055,c_taskaunt city_holding <- slot1 (farthest free in-county slot)
b_tatanulgts,6882,2217,c_tatanulgts tribal_holding <- slot0 capital/city
b_sunrise_peak,3954,502,c_taurax tribal_holding <- slot0 capital/city
b_tauros,3237,1010,c_tauros tribal_holding <- slot0 capital/city
b_tayabuk,6663,5532,c_tayabuk tribal_holding <- slot0 capital/city
b_tayaraan,6454,5823,c_tayaraan castle_holding <- slot0 capital/city
b_momayo,6481,5870,c_tayaraan city_holding <- slot4 port
b_senza,6473,5835,c_tayaraan church_holding <- slot1 (farthest free in-county slot)
b_tchinggult,2528,3644,c_tching castle_holding <- slot0 capital/city
b_heyt,2492,3650,c_tching city_holding <- slot4 port
b_moba,2498,3617,c_tching church_holding <- slot6 (farthest free in-county slot)
b_tegals_mark,3786,1561,c_tegals_mark castle_holding <- slot0 capital/city
b_tasselheart,3800,1580,c_tegals_mark city_holding <- slot4 port
b_the_just_hammer,3790,1541,c_tegals_mark church_holding <- slot5 (farthest free in-county slot)
b_tehing,7869,4770,c_tehing tribal_holding <- slot0 capital/city
b_teladem,4967,5614,c_teladem tribal_holding <- slot0 capital/city
b_telah,5225,5548,c_telah tribal_holding <- slot0 capital/city
b_telflamm,4609,1682,c_telflamm city_holding <- slot0 capital/city
b_castle_balindre,4593,1705,c_telflamm castle_holding <- slot5 (farthest free in-county slot)
b_hall_of_the_avenging_hammer,4628,1694,c_telflamm church_holding <- slot1 (farthest free in-county slot)
b_telox,462,2831,c_telox tribal_holding <- slot0 capital/city
b_telpir,3937,1942,c_telpir city_holding <- slot0 capital/city
b_st_caham,3952,1965,c_telpir church_holding <- slot1 (farthest free in-county slot)
b_tembasi,1926,3566,c_tembasi tribal_holding <- slot0 capital/city
b_tempat_larang,7493,4793,c_tempat_larang castle_holding <- slot0 capital/city
b_cirik,4413,3070,c_tensteps tribal_holding <- slot0 capital/city
b_tera_dur,599,2376,c_tera_dur tribal_holding <- slot0 capital/city
b_terbakar,5877,2970,c_terbakar castle_holding <- slot0 capital/city
b_teri,6806,1879,c_teri tribal_holding <- slot0 capital/city
b_teshburl,2537,2724,c_teshburl castle_holding <- slot0 capital/city
b_ibinhalt,2522,2747,c_teshburl castle_holding <- slot5 (farthest free in-county slot)
b_st_litwans,2557,2735,c_teshburl church_holding <- slot1 (farthest free in-county slot)
b_teshwave,3686,1279,c_teshwave castle_holding <- slot0 capital/city
b_teshwave_manor,3665,1272,c_teshwave city_holding <- slot4 port
b_teshyll,2674,2726,c_teshyll castle_holding <- slot0 capital/city
b_tethyamar,3556,1303,c_tethyamar castle_holding <- slot0 capital/city
b_helgrinns_arch,3579,1295,c_tethyamar castle_holding <- slot4 (farthest free in-county slot)
b_ironthrone,3579,1311,c_tethyamar city_holding <- slot1 (farthest free in-county slot)
b_tezarbal,3868,2984,c_tezarbal tribal_holding <- slot0 capital/city
b_teziir,3401,1858,c_teziir city_holding <- slot0 capital/city
b_daragang,3386,1881,c_teziir castle_holding <- slot5 (farthest free in-county slot)
b_noum,3393,1848,c_teziir church_holding <- slot2 (farthest free in-county slot)
b_tezir_on_the_marsh,5019,1641,c_tezir city_holding <- slot0 capital/city
b_thandyl,5451,2339,c_thandyl castle_holding <- slot0 capital/city
b_alzayat,5426,2313,c_thandyl city_holding <- slot4 port
b_fangjaws_hold,3960,1195,c_thar tribal_holding <- slot0 capital/city
b_thargill,2723,2382,c_thargill tribal_holding <- slot0 capital/city
b_tharkar,6192,3578,c_tharkar city_holding <- slot0 capital/city
b_dasoda,6163,3550,c_tharkar castle_holding <- slot6 (farthest free in-county slot)
b_dimu,6211,3589,c_tharkar castle_holding <- slot1 (farthest free in-county slot)
b_urbeth,3098,3236,c_tharsult castle_holding <- slot0 capital/city
b_aunthurr,3083,3259,c_tharsult city_holding <- slot5 (farthest free in-county slot)
b_chastel,3083,3224,c_tharsult castle_holding <- slot2 (farthest free in-county slot)
b_funearil,3104,3234,c_tharsult church_holding <- slot1 (farthest free in-county slot)
b_thasselen,4926,2114,c_thasselen castle_holding <- slot0 capital/city
b_nishkashes,4910,2137,c_thasselen church_holding <- slot5 (farthest free in-county slot)
b_sekbrax,4945,2126,c_thasselen city_holding <- slot1 (farthest free in-county slot)
b_shevel,5180,1506,c_thasunta castle_holding <- slot0 capital/city
b_thasunta,5164,1510,c_thasunta city_holding <- slot4 port
b_thaymount_citadel,4988,1885,c_thaymount castle_holding <- slot0 capital/city
b_bolchal,5015,1895,c_thaymount church_holding <- slot1 (farthest free in-county slot)
b_csim,5015,1887,c_thaymount city_holding <- slot4 port
b_thazar_keep,5201,2006,c_thazar castle_holding <- slot0 capital/city
b_hebe,5168,1979,c_thazar city_holding <- slot4 port
b_thazar_pass,5277,2008,c_thazar_pass castle_holding <- slot0 capital/city
b_krenlith,5137,2110,c_thazarim castle_holding <- slot0 capital/city
b_zunthra,5168,2128,c_thazarim city_holding <- slot1 (farthest free in-county slot)
b_thund_greatharbor_anchorage,4988,2210,c_the_alaor castle_holding <- slot0 capital/city
b_five_lions,3849,2161,c_the_allascar tribal_holding <- slot0 capital/city
b_marikor,3858,2151,c_the_allascar city_holding <- slot4 port
b_shaus,3868,2172,c_the_allascar castle_holding <- slot1 (farthest free in-county slot)
b_jockteleg,3604,853,c_the_alley tribal_holding <- slot0 capital/city
b_portage,450,230,c_the_anchorage tribal_holding <- slot0 capital/city
b_al_tir,5312,5104,c_the_bird castle_holding <- slot0 capital/city
b_twilight_hold,3090,421,c_the_bleak_plain tribal_holding <- slot0 capital/city
b_truespir,3122,419,c_the_bleak_plain church_holding <- slot1 (farthest free in-county slot)
b_chanth,3366,1434,c_the_burn tribal_holding <- slot0 capital/city
b_the_calves,6843,6222,c_the_calves castle_holding <- slot0 capital/city
b_ravenwing,5226,4776,c_the_camels_hump castle_holding <- slot0 capital/city
b_muzefroun,5180,4711,c_the_chador castle_holding <- slot0 capital/city
b_chova_step,2189,3554,c_the_chultengar castle_holding <- slot0 capital/city
b_orglaunt,2264,588,c_the_crags tribal_holding <- slot0 capital/city
b_al_raqsa,5205,5079,c_the_dancer castle_holding <- slot0 capital/city
b_kerkejez,5176,5051,c_the_dancer city_holding <- slot6 (farthest free in-county slot)
b_keep_of_dawn,2350,3298,c_the_dawn_warrior tribal_holding <- slot0 capital/city
b_daoine_dun,3227,2151,c_the_dells castle_holding <- slot0 capital/city
b_jarazah,5338,4692,c_the_dune city_holding <- slot0 (farthest free in-county slot)
b_hesparin,3800,2931,c_the_duskwood tribal_holding <- slot0 capital/city
b_startop,2565,660,c_the_evermoors tribal_holding <- slot0 capital/city
b_al_oyun,5490,4826,c_the_eyes castle_holding <- slot0 capital/city
b_alarara,5520,4824,c_the_eyes church_holding <- slot1 (farthest free in-county slot)
b_djerad_madara,612,2556,c_the_fang tribal_holding <- slot0 capital/city
b_dauntshield,3909,2126,c_the_faraway city_holding <- slot0 capital/city
b_ravilars_cloak,3929,2137,c_the_faraway castle_holding <- slot1 (farthest free in-county slot)
b_farmeadows,261,1354,c_the_farmeadows castle_holding <- slot0 capital/city
b_ullhonoris,251,1328,c_the_farmeadows city_holding <- slot2 (farthest free in-county slot)
b_blackstars,2193,511,c_the_fell_wood tribal_holding <- slot0 capital/city
b_argent_rock,3159,1434,c_the_flats tribal_holding <- slot0 capital/city
b_seaspray,2158,2081,c_the_flint castle_holding <- slot1 (farthest free in-county slot)
b_deadsnows,2956,603,c_the_fork tribal_holding <- slot0 capital/city
b_al_qalat,5178,5227,c_the_fortress castle_holding <- slot0 capital/city
b_kuldahar,2166,455,c_the_great_oak church_holding <- slot0 capital/city
b_treley,6051,560,c_the_great_spire castle_holding <- slot0 capital/city
b_the_icefields,2289,349,c_the_icefields tribal_holding <- slot0 capital/city
b_aurilssbarg,1896,511,c_the_icepeak city_holding <- slot0 capital/city
b_esford,2803,2153,c_the_imnescourse city_holding <- slot0 capital/city
b_shepardston,2741,2139,c_the_imnescourse castle_holding <- slot4 (farthest free in-county slot)
b_harnor,4058,1893,c_the_jaws castle_holding <- slot0 capital/city
b_fenzorwyn,3855,3769,c_the_nath church_holding <- slot0 capital/city
b_ranraths_run,3391,2919,c_the_neth_stand tribal_holding <- slot0 capital/city
b_starshadow,2557,969,c_the_old_trees tribal_holding <- slot0 capital/city
b_old_trees,2555,988,c_the_old_trees city_holding <- slot4 port
b_pearlhouse,2379,2728,c_the_pearls castle_holding <- slot0 capital/city
b_tarnring,3909,2061,c_the_perloush tribal_holding <- slot0 capital/city
b_red_cove,3995,4391,c_the_red_giant castle_holding <- slot0 capital/city
b_halfhap,3495,1551,c_the_ride castle_holding <- slot0 capital/city
b_darkenshield,3477,1545,c_the_ride city_holding <- slot4 port
b_geneva_lake,3479,1574,c_the_ride castle_holding <- slot5 (farthest free in-county slot)
b_orlsfall,2873,2016,c_the_ridge castle_holding <- slot0 capital/city
b_burrowville,2916,2016,c_the_ridge city_holding <- slot4 port
b_the_rift,2207,445,c_the_rift tribal_holding <- slot0 capital/city
b_greenleaf_vale,2682,1178,c_the_rockshaws tribal_holding <- slot0 capital/city
b_the_rookery,2145,2143,c_the_rookery castle_holding <- slot0 capital/city
b_orofin,3321,1375,c_the_saiyaddar tribal_holding <- slot0 capital/city
b_samargard,2207,3695,c_the_samarlogh castle_holding <- slot0 capital/city
b_flatdrift,2178,3668,c_the_samarlogh church_holding <- slot6 (farthest free in-county slot)
b_jullatgrave,4800,3251,c_the_scarland tribal_holding <- slot0 capital/city
b_sendail,4146,3073,c_the_shaarwood tribal_holding <- slot0 capital/city
b_council_glade,2664,2294,c_the_shield castle_holding <- slot0 capital/city
b_tall_trees,2684,2292,c_the_shield city_holding <- slot4 port
b_mermaid_cove,2494,2634,c_the_singing_rocks castle_holding <- slot0 capital/city
b_eldathyn,2678,933,c_the_sisters tribal_holding <- slot0 capital/city
b_darmaerthe,2653,881,c_the_sisters church_holding <- slot6 (farthest free in-county slot)
b_khlecayre,2655,928,c_the_sisters city_holding <- slot4 port
b_talon_tower,2686,920,c_the_sisters castle_holding <- slot1 (farthest free in-county slot)
b_needlespires,3378,1533,c_the_stonelands tribal_holding <- slot0 capital/city
b_stormcliffs,3354,4269,c_the_stormtails castle_holding <- slot0 capital/city
b_onnaghi,5174,1922,c_the_surague castle_holding <- slot0 capital/city
b_ishtamir,5201,1918,c_the_surague city_holding <- slot4 port
b_the_swordpoint,3305,1102,c_the_swordpoint tribal_holding <- slot0 capital/city
b_muirenon,4957,1182,c_the_teardrops tribal_holding <- slot0 capital/city
b_barth,1371,2059,c_the_teeth castle_holding <- slot0 capital/city
b_delia,3550,1189,c_the_throat castle_holding <- slot0 capital/city
b_the_way_inn,2574,1336,c_the_tradeway city_holding <- slot0 capital/city
b_trollclaw_ford,2645,1494,c_the_trollclaws tribal_holding <- slot0 capital/city
b_borammur,2476,2322,c_the_tusks castle_holding <- slot0 capital/city
b_hammer_and_anvil,4445,3372,c_the_vensal city_holding <- slot0 capital/city
b_hellash,4415,3345,c_the_vensal castle_holding <- slot6 (farthest free in-county slot)
b_shizdusharb,4419,3386,c_the_vensal church_holding <- slot4 (farthest free in-county slot)
b_kelpar,4292,1797,c_the_wayrock tribal_holding <- slot0 capital/city
b_urml,3614,2202,c_the_wetwoods tribal_holding <- slot0 capital/city
b_finback,1969,1115,c_the_whalebones castle_holding <- slot0 capital/city
b_waterhouse,1500,3636,c_the_whales_flukes castle_holding <- slot0 capital/city
b_white_rocks,5459,3949,c_the_white_rocks castle_holding <- slot0 capital/city
b_ghadal,5686,4713,c_the_wizards_reach castle_holding <- slot0 capital/city
b_kaha,5670,4737,c_the_wizards_reach city_holding <- slot5 (farthest free in-county slot)
b_aratha_hold,3665,3302,c_the_wormbones tribal_holding <- slot0 capital/city
b_wyrmbone,3790,3499,c_the_wyrmbones tribal_holding <- slot0 capital/city
b_themasulter,3432,2960,c_themasulter castle_holding <- slot0 capital/city
b_watchlords_tower,3999,1268,c_thentia castle_holding <- slot0 capital/city
b_house_of_the_moon,3984,1254,c_thentia church_holding <- slot2 (farthest free in-county slot)
b_thentia,4003,1270,c_thentia city_holding <- slot1 (farthest free in-county slot)
b_theymarsh,3362,2964,c_theymarsh castle_holding <- slot0 capital/city
b_thilzoun,3507,3802,c_thilzoun castle_holding <- slot0 capital/city
b_erulala,3477,3775,c_thilzoun castle_holding <- slot6 (farthest free in-county slot)
b_mairb,3491,3826,c_thilzoun church_holding <- slot5 (farthest free in-county slot)
b_ssorsil,3516,3793,c_thilzoun city_holding <- slot4 port
b_thindar,2506,3716,c_thindar city_holding <- slot0 capital/city
b_buta,2477,3689,c_thindar church_holding <- slot6 (farthest free in-county slot)
b_gurdeth,2537,3722,c_thindar city_holding <- slot4 port
b_askam,2582,3701,c_thingulphar city_holding <- slot0 capital/city
b_chionga,2569,3685,c_thingulphar castle_holding <- slot2 (farthest free in-county slot)
b_tholvarr,2700,447,c_tholvarr tribal_holding <- slot0 capital/city
b_thommardale,5963,3120,c_thommar castle_holding <- slot0 capital/city
b_ahatk,5926,3154,c_thommar city_holding <- slot4 port
b_thonns_fist,4320,1969,c_thonns_fist city_holding <- slot0 capital/city
b_elderbay,2344,2442,c_thordentor castle_holding <- slot0 capital/city
b_thornhold,2262,971,c_thornhold castle_holding <- slot0 capital/city
b_esparaal,3561,2632,c_thornwash_vale tribal_holding <- slot0 capital/city
b_temish,3421,2599,c_thornwood tribal_holding <- slot0 capital/city
b_three_horns,4361,1442,c_three_horns castle_holding <- slot0 capital/city
b_borgars_mill,4382,1445,c_three_horns city_holding <- slot4 port
b_three_rivers,3733,1561,c_three_rivers city_holding <- slot0 capital/city
b_three_swords,4331,3400,c_three_swords city_holding <- slot0 capital/city
b_al_dawhawa,6077,6503,c_thueban tribal_holding <- slot0 capital/city
b_thulbane,4734,2262,c_thulbane castle_holding <- slot0 capital/city
b_rosymorn_monastery,2682,1571,c_thundars_ride church_holding <- slot0 capital/city
b_gaernwood,2702,1582,c_thundars_ride tribal_holding <- slot1 (farthest free in-county slot)
b_thunderlun,3559,1635,c_thunder_gap castle_holding <- slot0 capital/city
b_volkumburgh,3573,1596,c_thunder_gap city_holding <- slot4 port
b_zoachang,7964,1162,c_thunder_hills tribal_holding <- slot0 capital/city
b_thunderholme,3608,1639,c_thunderholme castle_holding <- slot0 capital/city
b_thunderstone,3520,1680,c_thunderstone castle_holding <- slot0 capital/city
b_besert,3491,1694,c_thunderstone city_holding <- slot4 port
b_ghars,3493,1674,c_thunderstone church_holding <- slot2 (farthest free in-county slot)
b_thur,3587,2935,c_thur city_holding <- slot0 capital/city
b_blackalblade,3557,2907,c_thur church_holding <- slot6 (farthest free in-county slot)
b_tilbrand,4632,2055,c_tilbrand city_holding <- slot0 capital/city
b_ritherhithe,4662,2053,c_tilbrand castle_holding <- slot1 (farthest free in-county slot)
b_tilvers_gap,3599,1533,c_tilvers_gap castle_holding <- slot0 capital/city
b_tilverton,3544,1502,c_tilverton castle_holding <- slot0 capital/city
b_griffon_hill,3563,1490,c_tilverton city_holding <- slot4 port
b_tinnir,5137,1574,c_tinnir castle_holding <- slot0 capital/city
b_rence,5119,1578,c_tinnir city_holding <- slot4 port
b_tiry,5815,3523,c_tiry castle_holding <- slot0 capital/city
b_shivpure,5783,3507,c_tiry city_holding <- slot2 (farthest free in-county slot)
b_titan_peaks,4009,908,c_titan_peaks tribal_holding <- slot0 capital/city
b_toa,3155,3920,c_toa tribal_holding <- slot0 capital/city
b_toaridge_at_the_suns_setting,2186,1952,c_toaridge_at_the_suns_setting castle_holding <- slot0 capital/city
b_tocpe,7544,4414,c_tocpe castle_holding <- slot0 capital/city
b_tokard,4478,1127,c_tokards_cross tribal_holding <- slot0 capital/city
b_tomai,6122,2933,c_tomai tribal_holding <- slot0 capital/city
b_nuz,4804,2630,c_tomb_hills castle_holding <- slot0 capital/city
b_tell_keggri,4814,2620,c_tomb_hills city_holding <- slot4 port
b_unzez_os,4824,2642,c_tomb_hills church_holding <- slot1 (farthest free in-county slot)
b_toming,8047,3116,c_toming castle_holding <- slot0 capital/city
b_guusai,8056,3107,c_toming city_holding <- slot4 port
b_jiangjin,8017,3089,c_toming church_holding <- slot6 (farthest free in-county slot)
b_kakhi,8011,830,c_tomyris church_holding <- slot0 capital/city
b_tongchun,8080,2387,c_tongchun castle_holding <- slot0 capital/city
b_shizuiliang,8090,2378,c_tongchun city_holding <- slot4 port
b_shizuitong,8099,2399,c_tongchun church_holding <- slot1 (farthest free in-county slot)
b_tonge,5602,2204,c_tonge tribal_holding <- slot0 capital/city
b_tonli,6716,1576,c_tonli tribal_holding <- slot0 capital/city
b_toraldur,2735,312,c_toraldur tribal_holding <- slot0 capital/city
b_torsch,4247,2841,c_torsch castle_holding <- slot0 capital/city
b_araric,4216,2829,c_torsch city_holding <- slot4 port
b_traaskl_thorog,4369,2692,c_traaskl_thorog tribal_holding <- slot0 capital/city
b_trademeet,2682,2202,c_trademeet castle_holding <- slot0 capital/city
b_bormton,2692,2192,c_trademeet city_holding <- slot4 port
b_twin_towers,2702,2214,c_trademeet church_holding <- slot1 (farthest free in-county slot)
b_karsus_keep,3495,1905,c_traders_road castle_holding <- slot0 capital/city
b_smugglers_bank,3563,1920,c_traders_road city_holding <- slot1 (farthest free in-county slot)
b_trailstone,2944,2247,c_trailstone castle_holding <- slot0 capital/city
b_spulzeer,2963,2258,c_trailstone castle_holding <- slot1 (farthest free in-county slot)
b_spulzeer_vale,2954,2237,c_trailstone church_holding <- slot4 (farthest free in-county slot)
b_caspias,2444,1531,c_treacherous_isles tribal_holding <- slot0 capital/city
b_treggiland,6407,4469,c_treggi_jungle castle_holding <- slot0 capital/city
b_gerns_hold,3450,2659,c_treshla tribal_holding <- slot0 capital/city
b_triboar,2393,799,c_triboar city_holding <- slot0 capital/city
b_lost_moon,2406,777,c_triboar church_holding <- slot4 (farthest free in-county slot)
b_westpharl,2416,799,c_triboar castle_holding <- slot1 (farthest free in-county slot)
b_hardbuckler,2891,1551,c_trielta_hills castle_holding <- slot0 capital/city
b_watchtower_of_syorathil,2496,1352,c_trollbark_forest tribal_holding <- slot0 capital/city
b_banshee_woods,2518,1367,c_trollbark_forest church_holding <- slot1 (farthest free in-county slot)
b_tsagang,7550,3474,c_tsagang church_holding <- slot0 capital/city
b_tsan,1816,3011,c_tsan city_holding <- slot0 capital/city
b_darluj,1801,3034,c_tsan castle_holding <- slot5 (farthest free in-county slot)
b_dtakkar,1836,3003,c_tsan church_holding <- slot2 (farthest free in-county slot)
b_tsaparang,6964,2845,c_tsaparang castle_holding <- slot0 capital/city
b_wanpa,6964,2868,c_tsaparang city_holding <- slot4 port
b_tsetsu,7744,4076,c_tsetu church_holding <- slot0 capital/city
b_tshalkha,6936,4715,c_tshalkha castle_holding <- slot0 capital/city
b_tsurlagol,4163,1680,c_tsurlagol city_holding <- slot0 capital/city
b_graypike,4148,1703,c_tsurlagol church_holding <- slot5 (farthest free in-county slot)
b_sevencho,4179,1688,c_tsurlagol castle_holding <- slot1 (farthest free in-county slot)
b_uttersea,1234,447,c_tuern tribal_holding <- slot0 capital/city
b_tulbegh,3901,1719,c_tulbeghoth city_holding <- slot0 capital/city
b_highpoint,3872,1692,c_tulbeghoth castle_holding <- slot6 (farthest free in-county slot)
b_tulmene,2389,2266,c_tulmene castle_holding <- slot0 capital/city
b_monguldarath,2399,2239,c_tulmene castle_holding <- slot2 (farthest free in-county slot)
b_sultans_citadel,3264,2878,c_tulmon castle_holding <- slot0 capital/city
b_skullspire,3329,2894,c_tulmon church_holding <- slot5 (farthest free in-county slot)
b_tulmon,3315,2886,c_tulmon city_holding <- slot4 port
b_tuma,6784,2036,c_tuma tribal_holding <- slot0 capital/city
b_zorastyl_keep,3182,1723,c_tun tribal_holding <- slot0 capital/city
b_malorens_rest,3198,1741,c_tun church_holding <- slot4 (farthest free in-county slot)
b_tun,3165,1717,c_tun city_holding <- slot2 (farthest free in-county slot)
b_tungtairira,6895,1778,c_tungtairira tribal_holding <- slot0 capital/city
b_turab,5508,5964,c_turab castle_holding <- slot0 capital/city
b_al_manurah,5482,5974,c_turab church_holding <- slot2 (farthest free in-county slot)
b_el_boudouaou,5502,5985,c_turab church_holding <- slot1 (farthest free in-county slot)
b_turelve,5504,3279,c_turelve city_holding <- slot0 capital/city
b_atalans,5488,3302,c_turelve castle_holding <- slot5 (farthest free in-county slot)
b_citadel_of_the_mists,2721,744,c_turlangs_wood castle_holding <- slot0 capital/city
b_darkmaidens_leap,2750,752,c_turlangs_wood castle_holding <- slot3 (farthest free in-county slot)
b_orlgotha,2750,742,c_turlangs_wood city_holding <- slot4 port
b_shilrua,2711,769,c_turlangs_wood church_holding <- slot5 (farthest free in-county slot)
b_turmans,4855,3118,c_turmans tribal_holding <- slot0 capital/city
b_aefarn_citadel,3726,933,c_turnback_mountain church_holding <- slot0 capital/city
b_aefarn,3745,945,c_turnback_mountain castle_holding <- slot1 (farthest free in-county slot)
b_house_of_gold,3735,924,c_turnback_mountain city_holding <- slot4 port
b_two_stars,4986,1582,c_two_stars castle_holding <- slot0 capital/city
b_klinthruk,4947,1616,c_two_stars church_holding <- slot4 (farthest free in-county slot)
b_mulsantir_ferry,4949,1580,c_two_stars city_holding <- slot2 (farthest free in-county slot)
b_tetath,1140,2415,c_tymanchebar castle_holding <- slot0 capital/city
b_mandisk,1115,2413,c_tymanchebar city_holding <- slot5 (farthest free in-county slot)
b_tyraturos,5070,2004,c_tyraturos castle_holding <- slot0 capital/city
b_belizir,5093,1999,c_tyraturos church_holding <- slot4 (farthest free in-county slot)
b_delabbar,5090,2016,c_tyraturos city_holding <- slot1 (farthest free in-county slot)
b_ubar,6153,5282,c_ubar castle_holding <- slot0 capital/city
b_akhmedo,6163,5251,c_ubar church_holding <- slot4 (farthest free in-county slot)
b_baqarm,6172,5272,c_ubar city_holding <- slot1 (farthest free in-county slot)
b_uchan,7581,4041,c_uchan church_holding <- slot0 capital/city
b_ji,7591,4031,c_uchan city_holding <- slot4 port
b_pokarr,7552,4013,c_uchan castle_holding <- slot6 (farthest free in-county slot)
b_uzbeg,5565,1760,c_ugewood tribal_holding <- slot0 capital/city
b_uhon_tsa,7714,4398,c_uhon_tsa castle_holding <- slot0 capital/city
b_uitoril,6086,2782,c_uitoril tribal_holding <- slot0 capital/city
b_ulara,5334,3554,c_ulara castle_holding <- slot0 capital/city
b_thancha,5354,3521,c_ulara city_holding <- slot4 port
b_ulark,966,2772,c_ulark city_holding <- slot0 capital/city
b_uldoon_post,2870,1897,c_uldoon tribal_holding <- slot0 capital/city
b_merrydales,2823,1918,c_uldoon city_holding <- slot4 port
b_ulguum,3311,3742,c_ulguum castle_holding <- slot0 capital/city
b_uluran_keep,2721,2407,c_uluran castle_holding <- slot0 capital/city
b_tresper_hall,2752,2423,c_uluran city_holding <- slot4 port
b_uluvin,2559,1045,c_uluvin castle_holding <- slot0 capital/city
b_starshadow_vale,2590,1039,c_uluvin city_holding <- slot4 port
b_ulvarr,820,2450,c_ulvarr castle_holding <- slot0 capital/city
b_ulzel,5103,2679,c_ulzel castle_holding <- slot0 capital/city
b_sisan,5133,2675,c_ulzel city_holding <- slot4 port
b_umara,5514,5082,c_umara castle_holding <- slot0 capital/city
b_khenlal,5592,5108,c_umara city_holding <- slot1 (farthest free in-county slot)
b_rinina,5557,5120,c_umara church_holding <- slot5 (farthest free in-county slot)
b_umarah,5768,2251,c_umarah castle_holding <- slot0 capital/city
b_talathat,5752,2274,c_umarah city_holding <- slot5 (farthest free in-county slot)
b_umbarra,3155,3224,c_umbarra castle_holding <- slot0 capital/city
b_autumant,4775,1985,c_umber_marsh tribal_holding <- slot0 capital/city
b_byog,6233,1342,c_umberwood castle_holding <- slot0 capital/city
b_halorar,333,2544,c_umbral_murk tribal_holding <- slot0 capital/city
b_umbthal,4920,1893,c_umbthal castle_holding <- slot0 capital/city
b_eltab,4937,1907,c_umbthal city_holding <- slot4 port
b_umratharos,5094,1737,c_umratharos castle_holding <- slot0 capital/city
b_gulduk,5142,1737,c_umratharos church_holding <- slot1 (farthest free in-county slot)
b_umatula,5127,1733,c_umratharos city_holding <- slot4 port
b_umukek,1687,355,c_umukek tribal_holding <- slot0 capital/city
b_the_gates,4492,3310,c_underhome castle_holding <- slot0 capital/city
b_scaaminter,4474,3292,c_underhome church_holding <- slot2 (farthest free in-county slot)
b_tumar,4470,3314,c_underhome castle_holding <- slot4 (farthest free in-county slot)
b_underhome,4498,3302,c_underhome city_holding <- slot1 (farthest free in-county slot)
b_undraeth,4079,2182,c_undraeth castle_holding <- slot0 capital/city
b_ungaran,7871,4651,c_ungaran tribal_holding <- slot0 capital/city
b_caerilcarn,2670,967,c_unicorn_run tribal_holding <- slot0 capital/city
b_ellatharion,2639,969,c_unicorn_run city_holding <- slot4 port
b_unthalass,4853,2583,c_unthalass castle_holding <- slot0 capital/city
b_barina,4896,2577,c_unthalass castle_holding <- slot4 (farthest free in-county slot)
b_narr,4849,2569,c_unthalass church_holding <- slot2 (farthest free in-county slot)
b_rijath,4867,2579,c_unthalass city_holding <- slot1 (farthest free in-county slot)
b_untrivven,3571,570,c_untrivven castle_holding <- slot0 capital/city
b_achal,3595,550,c_untrivven city_holding <- slot4 port
b_uphold,4349,1492,c_uplands castle_holding <- slot0 capital/city
b_ithfel,4337,1514,c_uplands city_holding <- slot4 port
b_melganavin,7226,269,c_upper_ama tribal_holding <- slot0 capital/city
b_fasa,6049,2638,c_upper_goldenflow castle_holding <- slot0 capital/city
b_aranare,6081,2626,c_upper_goldenflow city_holding <- slot4 port
b_upper_khedrun,2461,488,c_upper_khedrun tribal_holding <- slot0 capital/city
b_illix,5383,2002,c_upper_murghol tribal_holding <- slot0 capital/city
b_norgrim,6804,4379,c_upper_nix tribal_holding <- slot0 capital/city
b_lan,7538,3810,c_upper_pass church_holding <- slot0 capital/city
b_wyrms_hamlet,3409,1909,c_upper_reddan city_holding <- slot0 capital/city
b_amithiph,7097,4723,c_upper_sempadan castle_holding <- slot0 capital/city
b_urling,5139,1459,c_urlingwood castle_holding <- slot0 capital/city
b_taporan,5129,1475,c_urlingwood city_holding <- slot4 port
b_urmlaspyr,3614,1791,c_urmlaspyr city_holding <- slot0 capital/city
b_sentry_hill,3642,1803,c_urmlaspyr church_holding <- slot1 (farthest free in-county slot)
b_waham,3622,1791,c_urmlaspyr city_holding <- slot2 (farthest free in-county slot)
b_uruk,6542,6382,c_uruk tribal_holding <- slot0 capital/city
b_jemdet,6526,6407,c_uruk city_holding <- slot1 (farthest free in-county slot)
b_warka,6544,6361,c_uruk church_holding <- slot2 (farthest free in-county slot)
b_urula,3718,3376,c_urula tribal_holding <- slot0 capital/city
b_urve,4472,1934,c_urve castle_holding <- slot0 capital/city
b_urst,4492,1946,c_urve city_holding <- slot1 (farthest free in-county slot)
b_baenth,2674,2364,c_ust_natha city_holding <- slot0 (farthest free in-county slot)
b_ichein,2694,2376,c_ust_natha church_holding <- slot1 (farthest free in-county slot)
b_ustann,5615,2411,c_ustann_and_tuulish castle_holding <- slot0 capital/city
b_aransum,5586,2384,c_ustann_and_tuulish church_holding <- slot6 (farthest free in-county slot)
b_tuulish,5600,2434,c_ustann_and_tuulish city_holding <- slot5 (farthest free in-county slot)
b_varstoth,5635,2423,c_ustann_and_tuulish castle_holding <- slot1 (farthest free in-county slot)
b_usurr,3296,3492,c_usurr church_holding <- slot0 capital/city
b_arcorht_hill,3266,3464,c_usurr castle_holding <- slot6 (farthest free in-county slot)
b_mayanjo,3280,3515,c_usurr city_holding <- slot5 (farthest free in-county slot)
b_utaqa,6012,4756,c_utaqa castle_holding <- slot0 capital/city
b_khaniw,6010,4789,c_utaqa church_holding <- slot5 (farthest free in-county slot)
b_muqdawja,6036,4764,c_utaqa city_holding <- slot1 (farthest free in-county slot)
b_uthangol,4625,2806,c_uthangol castle_holding <- slot0 capital/city
b_ari_ethos,4642,2778,c_uthangol city_holding <- slot4 port
b_uthmere,4576,1510,c_uthmere castle_holding <- slot0 capital/city
b_hall_of_the_just,4546,1483,c_uthmere church_holding <- slot6 (farthest free in-county slot)
b_lords_palace,4560,1533,c_uthmere castle_holding <- slot5 (farthest free in-county slot)
b_maubergs_oak,4595,1522,c_uthmere city_holding <- slot1 (farthest free in-county slot)
b_utuerth,5264,2731,c_utuerth castle_holding <- slot0 capital/city
b_white_sand,5273,2722,c_utuerth city_holding <- slot4 port
b_utui,4703,804,c_utui tribal_holding <- slot0 capital/city
b_uysos,6249,2884,c_uysos castle_holding <- slot0 capital/city
b_vaelan,5484,3355,c_vaelan city_holding <- slot0 capital/city
b_assur,5455,3327,c_vaelan castle_holding <- slot6 (farthest free in-county slot)
b_atarem,5469,3378,c_vaelan church_holding <- slot5 (farthest free in-county slot)
b_caer_dusk,3112,2333,c_valashar castle_holding <- slot0 capital/city
b_nomerritin,3098,2317,c_valashar city_holding <- slot4 port
b_clouds_on_high,6833,3136,c_vale_of_clouds castle_holding <- slot0 capital/city
b_vale_of_lost_voices,3798,1453,c_vale_of_lost_voices tribal_holding <- slot0 capital/city
b_lin,3503,2554,c_vale_of_the_reaver tribal_holding <- slot0 capital/city
b_stanish,3534,2538,c_vale_of_the_reaver city_holding <- slot4 port
b_klossolo,2309,3562,c_valley_of_dread tribal_holding <- slot0 capital/city
b_aataz_kahakla,2105,3519,c_valley_of_embers tribal_holding <- slot0 capital/city
b_klaidson,2518,500,c_valley_of_klaidson tribal_holding <- slot0 capital/city
b_ataaz_yklwazi,1887,3511,c_valley_of_lost_honor castle_holding <- slot0 capital/city
b_valshada,2952,2698,c_valshada castle_holding <- slot0 capital/city
b_st_doblas,2979,2706,c_valshada church_holding <- slot1 (farthest free in-county slot)
b_traispek,2928,2698,c_valshada city_holding <- slot4 port
b_vanorva,5465,2290,c_vanorva castle_holding <- slot0 capital/city
b_ebbaresh,5479,2313,c_vanorva city_holding <- slot4 port
b_karns,4331,3529,c_vargath tribal_holding <- slot0 capital/city
b_brackhill,5281,3124,c_varshum tribal_holding <- slot0 capital/city
b_tor_arcana,3008,2432,c_varyth castle_holding <- slot0 capital/city
b_sulduskooner,2987,2438,c_varyth city_holding <- slot4 port
b_lost_refuge,3528,1713,c_vast_swamp tribal_holding <- slot0 capital/city
b_vaults_of_record,5154,2966,c_vaults_of_record castle_holding <- slot0 capital/city
b_aris_castle,3180,1621,c_veilstone castle_holding <- slot0 capital/city
b_vekkak,4326,836,c_vekkak tribal_holding <- slot0 capital/city
b_velandilmur,390,2833,c_velandilmur tribal_holding <- slot0 capital/city
b_djerad_thar_ghul,397,2810,c_velandilmur city_holding <- slot5 (farthest free in-county slot)
b_velarswood,3946,1487,c_velarswood city_holding <- slot0 capital/city
b_harvest_moon,3980,1465,c_velarswood church_holding <- slot1 (farthest free in-county slot)
b_velprintalar,4527,1920,c_velprintalar castle_holding <- slot0 capital/city
b_corth,4546,1932,c_velprintalar church_holding <- slot1 (farthest free in-county slot)
b_velsit,4290,2763,c_velsit tribal_holding <- slot0 capital/city
b_venasci,6778,4187,c_venasca castle_holding <- slot0 capital/city
b_venne,3886,2765,c_venne city_holding <- slot0 capital/city
b_hyge_castle,3857,2737,c_venne castle_holding <- slot6 (farthest free in-county slot)
b_vercy_hold,3942,1082,c_vercy_wood tribal_holding <- slot0 capital/city
b_verdigris,3843,1180,c_verdigris city_holding <- slot0 capital/city
b_castle_of_the_twins,3845,1154,c_verdigris castle_holding <- slot4 (farthest free in-county slot)
b_veshit,2571,3585,c_veshit castle_holding <- slot0 capital/city
b_ghawa,2555,3609,c_veshit city_holding <- slot5 (farthest free in-county slot)
b_vintal,5148,2174,c_vintal castle_holding <- slot0 capital/city
b_kethar,5191,2174,c_vintal city_holding <- slot3 (farthest free in-county slot)
b_vineshade,2619,2489,c_vintor castle_holding <- slot0 capital/city
b_barrowsmorn,2604,2513,c_vintor city_holding <- slot5 (farthest free in-county slot)
b_st_rhyndas,2625,2511,c_vintor church_holding <- slot1 (farthest free in-county slot)
b_volothamp,2973,2817,c_volothamp castle_holding <- slot0 capital/city
b_awagadust,2958,2841,c_volothamp church_holding <- slot5 (farthest free in-county slot)
b_dainar,2993,2829,c_volothamp city_holding <- slot1 (farthest free in-county slot)
b_voonlar,3726,1293,c_voonlar city_holding <- slot0 capital/city
b_vordrorn,3030,570,c_vordrorn_forest castle_holding <- slot0 capital/city
b_vral,6307,1999,c_vral tribal_holding <- slot0 capital/city
b_vrandaks_grave,3636,970,c_vrandaks_grave tribal_holding <- slot0 capital/city
b_vuerthyl,3145,1180,c_vuerthyl castle_holding <- slot0 capital/city
b_wisteria_vale,2756,1686,c_vyridian_forest tribal_holding <- slot0 capital/city
b_wanrifa,3999,5921,c_wahasha tribal_holding <- slot0 capital/city
b_wakrawa,5166,5862,c_wakrawa tribal_holding <- slot0 capital/city
b_wang,7951,3195,c_wang castle_holding <- slot0 capital/city
b_qinshu,7975,3208,c_wang city_holding <- slot4 port
b_wards_port,4134,4365,c_wards_islands tribal_holding <- slot0 capital/city
b_wemskall,4969,3243,c_warfields tribal_holding <- slot0 capital/city
b_warmshores,3300,1746,c_warmshores castle_holding <- slot0 capital/city
b_zundle,3296,1754,c_warmshores city_holding <- slot1 (farthest free in-county slot)
b_wasat,5725,5641,c_wasat castle_holding <- slot0 capital/city
b_huwaga,5746,5644,c_wasat church_holding <- slot1 (farthest free in-county slot)
b_qalat,5735,5639,c_wasat castle_holding <- slot3 (farthest free in-county slot)
b_wusan,5726,5631,c_wasat city_holding <- slot2 (farthest free in-county slot)
b_drakelight,4640,2237,c_watchers_cape castle_holding <- slot0 capital/city
b_thayguard,4742,1961,c_watchwall castle_holding <- slot0 capital/city
b_glarondar,4712,1952,c_watchwall castle_holding <- slot2 (farthest free in-county slot)
b_castle_waterdeep,2344,1098,c_waterdeep castle_holding <- slot0 capital/city
b_castle_ward,2330,1076,c_waterdeep castle_holding <- slot2 (farthest free in-county slot)
b_north_ward,2338,1086,c_waterdeep city_holding <- slot1 (farthest free in-county slot)
b_sea_ward,2342,1109,c_waterdeep city_holding <- slot6 (farthest free in-county slot)
b_tower_of_storms,1419,1377,c_wave_rocks castle_holding <- slot0 capital/city
b_queen_of_the_water,4251,2112,c_wavecrest church_holding <- slot0 capital/city
b_veska,3004,1068,c_weathercote_wood tribal_holding <- slot0 capital/city
b_juloth,2975,1041,c_weathercote_wood church_holding <- slot6 (farthest free in-county slot)
b_tamm,3002,1047,c_weathercote_wood city_holding <- slot4 port
b_weifei,7925,3615,c_weifei castle_holding <- slot0 capital/city
b_hengliang,7984,3609,c_weifei church_holding <- slot1 (farthest free in-county slot)
b_zhaojing,7964,3623,c_weifei city_holding <- slot4 port
b_well_of_dragons,3108,1528,c_well_of_dragons city_holding <- slot0 capital/city
b_lady_dove,3079,1500,c_well_of_dragons castle_holding <- slot6 (farthest free in-county slot)
b_skull_gorge,3092,1551,c_well_of_dragons church_holding <- slot5 (farthest free in-county slot)
b_beijiangm,7865,2774,c_wellspring_hills tribal_holding <- slot0 capital/city
b_wertikak,4183,582,c_wertikak tribal_holding <- slot0 capital/city
b_lethywald,4644,1569,c_west_lethyr church_holding <- slot0 capital/city
b_adzha,8035,947,c_west_nanayok castle_holding <- slot0 capital/city
b_tongwei,7609,2088,c_west_rendai tribal_holding <- slot0 capital/city
b_qingliang,7679,1686,c_west_road castle_holding <- slot0 capital/city
b_guangtou,7718,1674,c_west_road city_holding <- slot4 port
b_hillfort_torbold,2944,2200,c_west_tejarn castle_holding <- slot0 capital/city
b_archring,2954,2190,c_west_tejarn city_holding <- slot4 port
b_st_xanvalor,4861,3626,c_west_toadsquat tribal_holding <- slot0 capital/city
b_westbay,4451,4088,c_westbay castle_holding <- slot0 capital/city
b_unan,4431,4092,c_westbay city_holding <- slot5 (farthest free in-county slot)
b_mistfells,2631,1215,c_westfells tribal_holding <- slot0 capital/city
b_crownhall,3548,1838,c_westgate castle_holding <- slot0 capital/city
b_spirestone,3511,1813,c_westgate church_holding <- slot6 (farthest free in-county slot)
b_tidetown,3509,1838,c_westgate city_holding <- slot2 (farthest free in-county slot)
b_westarend,3528,1850,c_westgate castle_holding <- slot1 (farthest free in-county slot)
b_gurnth,3612,2004,c_westgulth church_holding <- slot0 capital/city
b_estafern,3341,2219,c_westmark tribal_holding <- slot0 capital/city
b_caer_westphal,2047,1756,c_westphal castle_holding <- slot0 capital/city
b_kheldell,2328,992,c_westwood church_holding <- slot0 capital/city
b_shark_point,788,373,c_whalers_end tribal_holding <- slot0 capital/city
b_jurash,5623,2325,c_white_coast castle_holding <- slot0 capital/city
b_isa,5643,2337,c_white_coast city_holding <- slot1 (farthest free in-county slot)
b_white_ford,3688,1645,c_white_ford city_holding <- slot0 capital/city
b_zhouang,8023,3537,c_white_hills castle_holding <- slot0 capital/city
b_guaoun,8015,3564,c_white_hills city_holding <- slot4 port
b_shutong,7994,3509,c_white_hills church_holding <- slot6 (farthest free in-county slot)
b_whitehorn,3761,1072,c_whitehorn city_holding <- slot0 capital/city
b_rokstang,7599,3705,c_wide_cascades castle_holding <- slot0 capital/city
b_qord,3278,1954,c_widestep tribal_holding <- slot0 capital/city
b_white_tree,2305,631,c_wild_hills tribal_holding <- slot0 capital/city
b_loeng,6583,2880,c_wild_yak_meadows tribal_holding <- slot0 capital/city
b_caronal,3716,1410,c_wildergroves tribal_holding <- slot0 capital/city
b_stareyes,3671,1389,c_wildergroves church_holding <- slot6 (farthest free in-county slot)
b_trenahess,3743,1389,c_wildergroves city_holding <- slot4 port
b_port_beluarian,2143,3181,c_wildstorm_vale tribal_holding <- slot0 capital/city
b_markais,4523,2614,c_winding_river castle_holding <- slot0 capital/city
b_hillfort_ishla,2834,2178,c_windspear_hills castle_holding <- slot0 capital/city
b_zinner,2850,2167,c_windspear_hills city_holding <- slot4 port
b_marghu,632,2343,c_windswept_plain tribal_holding <- slot0 capital/city
b_wintercloak_keep,3761,2526,c_wintercloak tribal_holding <- slot0 capital/city
b_citadel_umbra,1955,1639,c_winterglen castle_holding <- slot0 capital/city
b_taeya,1926,1612,c_winterglen city_holding <- slot6 (farthest free in-county slot)
b_winterkeep,6032,1467,c_winterkeep castle_holding <- slot0 capital/city
b_tharitesh,2803,386,c_winters_edge tribal_holding <- slot0 capital/city
b_wintersburn,3806,392,c_wintersburn tribal_holding <- slot0 capital/city
b_helmsa,4470,3509,c_wolfwoods tribal_holding <- slot0 capital/city
b_womford,2434,994,c_womford castle_holding <- slot0 capital/city
b_ganstars_creek,2457,978,c_womford city_holding <- slot4 port
b_flamhold,4695,1604,c_wood_of_flam church_holding <- slot0 capital/city
b_stepping_stones,2739,1782,c_wood_of_sharp_teeth tribal_holding <- slot0 capital/city
b_qamaphut,1124,2784,c_wrecking_coast castle_holding <- slot0 capital/city
b_wrights_ferry,3866,1561,c_wrights_ferry city_holding <- slot0 capital/city
b_wyngate,1847,1809,c_wyngate castle_holding <- slot0 capital/city
b_graystone,1832,1832,c_wyngate city_holding <- slot5 (farthest free in-county slot)
b_wyrmdoom_crag,2242,449,c_wyrmdoom_crag tribal_holding <- slot0 capital/city
b_wyrms_tooth,2125,476,c_wyrms_tooth castle_holding <- slot0 capital/city
b_dorns_deep,2135,466,c_wyrms_tooth city_holding <- slot4 port
b_wheloon,3413,1705,c_wyvernwater city_holding <- slot0 capital/city
b_immersea,3382,1684,c_wyvernwater church_holding <- slot6 (farthest free in-county slot)
b_redstone,3391,1701,c_wyvernwater castle_holding <- slot2 (farthest free in-county slot)
b_xair,7630,1373,c_xair tribal_holding <- slot0 capital/city
b_xiltor,5400,3331,c_xiltor tribal_holding <- slot0 capital/city
b_xirev,585,2223,c_xirev tribal_holding <- slot0 capital/city
b_xoraar,622,2628,c_xoraar castle_holding <- slot0 capital/city
b_handia,663,2638,c_xoraar city_holding <- slot5 (farthest free in-county slot)
b_xorhun,3896,2217,c_xorhun city_holding <- slot0 capital/city
b_ulvers_lance,3915,2229,c_xorhun castle_holding <- slot1 (farthest free in-county slot)
b_xuheing,7705,2653,c_xuheing castle_holding <- slot0 capital/city
b_xul_jarak,4013,1215,c_xul_jarak castle_holding <- slot0 capital/city
b_gray_citadel,4023,1205,c_xul_jarak city_holding <- slot4 port
b_alhala,6428,4973,c_yaks_horn castle_holding <- slot0 capital/city
b_dammi,6464,4969,c_yaks_horn city_holding <- slot4 port
b_yallasch,3389,3005,c_yallasch castle_holding <- slot0 capital/city
b_myrinjar,3374,3028,c_yallasch city_holding <- slot5 (farthest free in-county slot)
b_yao_sai,8011,3392,c_yao_sai castle_holding <- slot0 capital/city
b_baohou,7984,3415,c_yao_sai city_holding <- slot4 port
b_yarlhang_la,6616,2708,c_yarlhang_la tribal_holding <- slot0 capital/city
b_yarrat,5137,5759,c_yarrat tribal_holding <- slot0 capital/city
b_waterbarons_hall,2467,787,c_yartar castle_holding <- slot0 capital/city
b_shield_tower,2461,830,c_yartar castle_holding <- slot5 (farthest free in-county slot)
b_two_hap_fort_hall,2490,803,c_yartar church_holding <- slot1 (farthest free in-county slot)
b_yartar,2487,797,c_yartar city_holding <- slot4 port
b_yarthrain,2971,1420,c_yarthrain tribal_holding <- slot0 capital/city
b_zoulalah,3905,4219,c_yaulazna city_holding <- slot0 capital/city
b_citadel_yaunoroth,2873,1129,c_yaunoroth tribal_holding <- slot0 capital/city
b_yaunoroth,2883,1119,c_yaunoroth city_holding <- slot4 port
b_yegororyanen,6679,2188,c_yegororyanen tribal_holding <- slot0 capital/city
b_jingong,7140,2487,c_yellow_serpent castle_holding <- slot0 capital/city
b_yenching,7429,2556,c_yenching castle_holding <- slot0 capital/city
b_mianqihar,7400,2528,c_yenching church_holding <- slot6 (farthest free in-county slot)
b_pude,7413,2579,c_yenching castle_holding <- slot5 (farthest free in-county slot)
b_shaozuishan,7398,2544,c_yenching city_holding <- slot4 port
b_yeshpek,3221,2856,c_yeshpek city_holding <- slot0 capital/city
b_bezrim_bay,3192,2829,c_yeshpek castle_holding <- slot6 (farthest free in-county slot)
b_roadkeep,3898,1631,c_yhaunn castle_holding <- slot0 capital/city
b_moonshadow_hall,3882,1655,c_yhaunn church_holding <- slot5 (farthest free in-county slot)
b_stiltways,3878,1619,c_yhaunn city_holding <- slot2 (farthest free in-county slot)
b_yhaunn,3896,1633,c_yhaunn city_holding <- slot1 (farthest free in-county slot)
b_yhep,3759,2771,c_yhep castle_holding <- slot0 capital/city
b_forvane,3729,2743,c_yhep city_holding <- slot6 (farthest free in-county slot)
b_yidyn,7300,857,c_yidyn tribal_holding <- slot0 capital/city
b_yinazzil,6344,6110,c_yinazzil castle_holding <- slot0 capital/city
b_ar_rahiriyah,6311,6110,c_yinazzil church_holding <- slot2 (farthest free in-county slot)
b_hasdames,6331,6122,c_yinazzil city_holding <- slot1 (farthest free in-county slot)
b_ylraphon,4073,1436,c_ylraphon city_holding <- slot0 capital/city
b_tavilar,4058,1459,c_ylraphon castle_holding <- slot5 (farthest free in-county slot)
b_yohun,7404,1617,c_yohun_fields tribal_holding <- slot0 capital/city
b_yorash,4578,3159,c_yorash tribal_holding <- slot0 capital/city
b_yorduul,3219,3974,c_yorduul tribal_holding <- slot0 capital/city
b_ysawis,6204,6259,c_ysawis castle_holding <- slot0 capital/city
b_areef,6215,6275,c_ysawis city_holding <- slot1 (farthest free in-county slot)
b_qurirah,6196,6263,c_ysawis church_holding <- slot2 (farthest free in-county slot)
b_yudol,6985,2966,c_yudol castle_holding <- slot0 capital/city
b_yuirin,4587,1973,c_yuirwood castle_holding <- slot0 capital/city
b_caer_malla,4597,1963,c_yuirwood city_holding <- slot4 port
b_enens,4607,1985,c_yuirwood church_holding <- slot1 (farthest free in-county slot)
b_yulash,3825,1309,c_yulash city_holding <- slot0 capital/city
b_abarats_folly,3796,1281,c_yulash church_holding <- slot6 (farthest free in-county slot)
b_maidens_loss,3808,1293,c_yulash castle_holding <- slot2 (farthest free in-county slot)
b_yumbu_citadel,6784,2458,c_yumbu_shan castle_holding <- slot0 capital/city
b_sasho,6798,2458,c_yumbu_shan city_holding <- slot1 (farthest free in-county slot)
b_zabad,6084,2434,c_zabad castle_holding <- slot0 capital/city
b_anbar,6079,2460,c_zabad city_holding <- slot4 port
b_kelareth,6055,2407,c_zabad castle_holding <- slot6 (farthest free in-county slot)
b_taquasma,6104,2446,c_zabad church_holding <- slot1 (farthest free in-county slot)
b_zabbasz,5426,3648,c_zabbasz castle_holding <- slot0 capital/city
b_hurambash,5475,3626,c_zabbasz church_holding <- slot1 (farthest free in-county slot)
b_perambapur,5410,3671,c_zabbasz city_holding <- slot5 (farthest free in-county slot)
b_zada,5498,2010,c_zada tribal_holding <- slot0 capital/city
b_zamazda,2836,3523,c_zamazda city_holding <- slot0 capital/city
b_garmsbar,2807,3496,c_zamazda castle_holding <- slot6 (farthest free in-county slot)
b_zams,4417,2798,c_zamsgrove tribal_holding <- slot0 capital/city
b_zanda_tholing,6800,2784,c_zanda_tholing church_holding <- slot0 capital/city
b_castle_zanhoriloch,3855,1500,c_zanhoriloch castle_holding <- slot0 capital/city
b_zanhoriloch,3847,1508,c_zanhoriloch city_holding <- slot4 port
b_zanzazzar,3159,3675,c_zanzazzar castle_holding <- slot0 capital/city
b_zarif,5883,5688,c_zarif castle_holding <- slot0 capital/city
b_rawdat_thematah,5864,5706,c_zarif city_holding <- slot4 port
b_shahaid,5905,5698,c_zarif church_holding <- slot1 (farthest free in-county slot)
b_zayir,5858,5835,c_zayir castle_holding <- slot0 capital/city
b_farwuraq,5858,5813,c_zayir city_holding <- slot2 (farthest free in-county slot)
b_zaym,5420,6060,c_zaym tribal_holding <- slot0 capital/city
b_khaldun,5430,6038,c_zaym church_holding <- slot4 (farthest free in-county slot)
b_marakir,2645,2440,c_zaz_in_vintor castle_holding <- slot0 capital/city
b_hhune,2625,2442,c_zaz_in_vintor city_holding <- slot2 (farthest free in-county slot)
b_venazir,2643,2456,c_zaz_in_vintor church_holding <- slot1 (farthest free in-county slot)
b_zeibiley,3415,6202,c_zeibiley castle_holding <- slot0 capital/city
b_byri,3364,6185,c_zeibiley church_holding <- slot2 (farthest free in-county slot)
b_cyanbungo,3403,6234,c_zeibiley city_holding <- slot3 (farthest free in-county slot)
b_zelbross,2655,1090,c_zelbross castle_holding <- slot0 capital/city
b_gallywal,2625,1062,c_zelbross church_holding <- slot6 (farthest free in-county slot)
b_urmish,2684,1066,c_zelbross city_holding <- slot4 port
b_zelpir,5783,3400,c_zelpir church_holding <- slot0 capital/city
b_abam,5768,3423,c_zelpir city_holding <- slot5 (farthest free in-county slot)
b_zendar,6315,3650,c_zendar city_holding <- slot0 capital/city
b_fivirah,6329,3652,c_zendar castle_holding <- slot1 (farthest free in-county slot)
b_saury,6309,3640,c_zendar church_holding <- slot2 (farthest free in-county slot)
b_zendum,6366,3583,c_zendum city_holding <- slot0 capital/city
b_devysurys,6409,3585,c_zendum church_holding <- slot4 (farthest free in-county slot)
b_henvafa,6337,3556,c_zendum castle_holding <- slot6 (farthest free in-county slot)
b_muspil,6385,3595,c_zendum castle_holding <- slot1 (farthest free in-county slot)
b_zhentil_keep,3790,1256,c_zhentil_keep castle_holding <- slot0 capital/city
b_linitra,3761,1252,c_zhentil_keep castle_holding <- slot2 (farthest free in-county slot)
b_lone_tower,3774,1279,c_zhentil_keep church_holding <- slot5 (farthest free in-county slot)
b_thargate,3772,1264,c_zhentil_keep city_holding <- slot1 (farthest free in-county slot)
b_zhoman,7761,2231,c_zhoman tribal_holding <- slot0 capital/city
b_zill,5785,5684,c_zill castle_holding <- slot0 capital/city
b_abrura,5805,5680,c_zill city_holding <- slot1 (farthest free in-county slot)
b_zoahua,7531,1813,c_zoahua castle_holding <- slot0 capital/city
b_jiaoyang,7529,1850,c_zoahua city_holding <- slot4 port
b_zoajing,8009,2524,c_zoajing castle_holding <- slot0 capital/city
b_guirao,8019,2514,c_zoajing city_holding <- slot4 port
b_shangxing,8029,2536,c_zoajing church_holding <- slot1 (farthest free in-county slot)
b_zolum,4945,2020,c_zolum castle_holding <- slot0 capital/city
b_arkira,4955,2010,c_zolum city_holding <- slot4 port
b_solzepar,4929,2043,c_zolum city_holding <- slot5 (farthest free in-county slot)
b_zoundar,3391,3927,c_zoundar castle_holding <- slot0 capital/city
b_zoy_zando,5883,1434,c_zoy_zando tribal_holding <- slot0 capital/city
b_rat_hills,2360,1121,c_zundbridge church_holding <- slot0 (farthest free in-county slot)
b_roaring_dragon_house,2397,1123,c_zundbridge city_holding <- slot5 (farthest free in-county slot)
b_zutria,4324,2301,c_zutria city_holding <- slot0 capital/city
b_nisse,4343,2313,c_zutria castle_holding <- slot1 (farthest free in-county slot)
b_zuwaruk,5365,5452,c_zuwaruk castle_holding <- slot0 capital/city
b_zzuntal,3618,3843,c_zzuntal castle_holding <- slot0 capital/city
b_eru,3628,3834,c_zzuntal city_holding <- slot4 port
