county,barony,holding,built_date,seed_source,pixels,status,ck2_province,ck2_province_name,capital,later_bookmark
c_tarmalune,b_tarmalune,city_holding,initial,capital_position,847,placed,1638,Tarmalune,yes,no
c_tarmalune,b_arendenmore,castle_holding,initial,sampled,815,placed,1638,Tarmalune,no,no
c_tarmalune,b_dawnside,city_holding,initial,port_position,816,placed,1638,Tarmalune,no,no
c_tarmalune,b_maerhavel,church_holding,initial,sampled,1040,placed,1638,Tarmalune,no,no
c_ramekho,b_ramekho,city_holding,initial,capital_position,1079,placed,1630,Ramekho,yes,no
c_imdolphyn,b_imdolphyn,city_holding,initial,capital_position,799,placed,1628,Imdolphyn,yes,no
c_imdolphyn,b_dexal,castle_holding,initial,sampled,416,placed,1628,Imdolphyn,no,no
c_harglast,b_harglast,city_holding,initial,capital_position,1437,placed,1625,Harglast,yes,no
c_harglast,b_ironguard,castle_holding,initial,sampled,802,placed,1625,Harglast,no,no
c_fanedown,b_fanedown,city_holding,initial,capital_position,2919,placed,1637,Fanedown,yes,no
c_fanedown,b_mraelarneka,castle_holding,initial,sampled,1247,placed,1637,Fanedown,no,no
c_orgymist,b_orgymist,tribal_holding,initial,capital_position,3159,placed,1629,Orgymist,yes,no
c_maskath,b_maskath,tribal_holding,initial,capital_position,3092,placed,1631,Maskath,yes,no
c_sambral,b_sambral,castle_holding,initial,capital_position,2255,placed,1626,Sambral,yes,no
c_sambral,b_the_high_rise,city_holding,initial,port_position,1067,placed,1626,Sambral,no,no
c_ishamar_isles,b_ishamar,tribal_holding,initial,capital_position,3057,placed,1627,Ishamar Isles,yes,no
c_lylorn,b_lylorn,city_holding,initial,capital_position,2559,placed,2150,Lylorn,yes,no
c_lylorn,b_arombar,castle_holding,initial,sampled,1677,placed,2150,Lylorn,no,no
c_marrauk,b_marrauk,city_holding,initial,capital_position,4335,placed,2151,Marrauk,yes,no
c_amral,b_amral,castle_holding,initial,capital_position,4821,placed,2394,Amral,yes,no
c_tarsith,b_tarsith,city_holding,initial,capital_position,3093,placed,2146,Tarsith,yes,no
c_tarsith,b_kust,castle_holding,initial,sampled,1569,placed,2146,Tarsith,no,no
c_telox,b_telox,tribal_holding,initial,capital_position,3616,placed,2145,Telox,yes,no
c_gontal_pass,b_djerad_saari,castle_holding,initial,capital_position,2439,placed,2148,Gontal Pass,yes,no
c_aradiman,b_aradiman,tribal_holding,initial,capital_position,4032,placed,2149,Aradiman,yes,no
c_mreyelundar,b_mreyelundar,city_holding,initial,capital_position,2464,placed,2147,Mreyelundar,yes,no
c_mreyelundar,b_dragonwing,church_holding,initial,sampled,1075,placed,2147,Mreyelundar,no,no
c_dusklan,b_dusklan,city_holding,initial,capital_position,1006,placed,2154,Dusklan,yes,no
c_dusklan,b_rondim,church_holding,initial,sampled,404,placed,2154,Dusklan,no,no
c_brittlebone_coast,b_brittlebone_well,tribal_holding,initial,capital_position,2894,placed,2155,Brittlebone Coast,yes,no
c_oraundil,b_maranetha,tribal_holding,initial,capital_position,1977,placed,2156,Oraundil,yes,no
c_graxan_forest,b_graxan,tribal_holding,initial,capital_position,7231,placed,2157,Graxan Forest,yes,no
c_arashand,b_arashand,tribal_holding,initial,capital_position,4350,placed,2158,Arashand,yes,no
c_marangor,b_marangor,castle_holding,initial,capital_position,1201,placed,1665,Marangor,yes,no
c_marangor,b_oriph,city_holding,initial,port_position,838,placed,1665,Marangor,no,no
c_marangor,b_araxaur,church_holding,initial,sampled,763,placed,1665,Marangor,no,no
c_kaluth,b_kaluth,castle_holding,initial,capital_position,2584,placed,1666,Kaluth,yes,no
c_lamrar,b_lamrar,castle_holding,initial,capital_position,1238,placed,1663,Lamrar,yes,no
c_lamrar,b_maura_rauth,city_holding,initial,port_position,1069,placed,1663,Lamrar,no,no
c_daerr,b_daerr,castle_holding,initial,capital_position,2997,placed,1667,Daerr,yes,no
c_daerr,b_corglaak,city_holding,initial,port_position,1151,placed,1667,Daerr,no,no
c_ulvarr,b_ulvarr,castle_holding,initial,capital_position,2616,placed,1668,Ulvarr,yes,no
c_maeynda,b_djerad_aramazath,castle_holding,initial,capital_position,2902,placed,1669,Maeynda,yes,no
c_glarn,b_glarn,castle_holding,initial,capital_position,3769,placed,1657,Glarn,yes,no
c_glarn,b_tyebar,city_holding,initial,port_position,1601,placed,1657,Glarn,no,no
c_arangyn,b_arangyn,castle_holding,initial,capital_position,1779,placed,1656,Arangyn,yes,no
c_arangyn,b_djerad_azaurand,city_holding,initial,port_position,631,placed,1656,Arangyn,no,no
c_mratanga,b_mratanga,castle_holding,initial,capital_position,4934,placed,1658,Mratanga,yes,no
c_tymanchebar,b_tetath,castle_holding,initial,capital_position,2007,placed,1660,Tymanchebar,yes,no
c_tymanchebar,b_mandisk,city_holding,initial,port_position,0,demoted,1660,Tymanchebar,no,no
c_narvarr,b_narvarr,castle_holding,initial,capital_position,2938,placed,1659,Narvarr,yes,no
c_narvarr,b_thera,city_holding,initial,port_position,1766,placed,1659,Narvarr,no,no
c_cormanda,b_cokhis,castle_holding,initial,capital_position,3094,placed,2393,Cormanda,yes,no
c_mirande,b_mirande,city_holding,initial,capital_position,3309,placed,1664,Mirande,yes,no
c_mirande,b_djerad_laxand,castle_holding,initial,sampled,1695,placed,1664,Mirande,no,no
c_qaragar,b_qaragar,castle_holding,initial,capital_position,2790,placed,1662,Qaragar,yes,no
c_qaragar,b_djerad_rorgaechara,city_holding,initial,port_position,851,placed,1662,Qaragar,no,no
c_oceans_sigh,b_oceansigh,castle_holding,initial,capital_position,4175,placed,1661,Oceans Sigh,yes,no
c_stormhelm,b_stormhelm,castle_holding,initial,capital_position,1053,placed,1647,Stormhelm,yes,no
c_stormhelm,b_djerad_koraa,city_holding,initial,port_position,0,demoted,1647,Stormhelm,no,no
c_rondeval,b_rondeval,castle_holding,initial,capital_position,2631,placed,1648,Rondeval,yes,no
c_bellakh,b_bellakh,castle_holding,initial,capital_position,4163,placed,1653,Bellakh,yes,no
c_nornglast,b_nornglast,castle_holding,initial,capital_position,3205,placed,1649,Nornglast,yes,no
c_sawsh,b_sawsh,tribal_holding,initial,capital_position,5940,placed,1643,Sawsh,yes,no
c_mistshaws,b_mistshaws,castle_holding,initial,capital_position,2575,placed,1646,Mistshaws,yes,no
c_belprins_hold,b_belprins_hold,castle_holding,initial,capital_position,4604,placed,1644,Belprins Hold,yes,no
c_stormslough,b_djerad_tauro,tribal_holding,initial,capital_position,3945,placed,1650,Stormslough,yes,no
c_hargleth_forest,b_akalentar,tribal_holding,initial,capital_position,5028,placed,1655,Hargleth Forest,yes,no
c_argul,b_argul,castle_holding,initial,capital_position,2841,placed,1654,Argul,yes,no
c_raurokh,b_raurokh,tribal_holding,initial,capital_position,2408,placed,1645,Raurokh,yes,no
c_oroth,b_oroth,tribal_holding,initial,capital_position,2333,placed,2517,Oroth,yes,no
c_bregenduth,b_mariphim,castle_holding,initial,capital_position,7422,placed,1651,Bregenduth,yes,no
c_spiteful_isles,b_djerad_axatar,tribal_holding,initial,capital_position,645,placed,1652,Spiteful Isles,yes,no
c_dimee_moor,b_djerad_dimee,castle_holding,initial,capital_position,2384,placed,2395,Dimee Moor,yes,no
c_gontal,b_gontal,tribal_holding,initial,capital_position,903,placed,2141,Gontal,yes,no
c_gontal,b_sanda,city_holding,1388.1.1,port_position,832,placed,2141,Gontal,no,yes
c_gontal,b_areyn,church_holding,1388.1.1,sampled,814,placed,2141,Gontal,no,yes
c_szant,b_szant,tribal_holding,initial,capital_position,2084,placed,2140,Szant,yes,no
c_szant,b_achaurax,city_holding,1388.1.1,port_position,1070,placed,2140,Szant,no,yes
c_aretax_bay,b_aretax,tribal_holding,initial,capital_position,4235,placed,2138,Aretax Bay,yes,no
c_djerad_harngha,b_djerad_harngha,tribal_holding,initial,capital_position,2949,placed,2139,Djerad Harngha,yes,no
c_djerad_harngha,b_arora,city_holding,1385.4.29,port_position,705,placed,2139,Djerad Harngha,no,yes
c_darkturret,b_arnda,castle_holding,initial,capital_position,3213,placed,2142,Darkturret,yes,no
c_sierrak,b_sierrak,tribal_holding,initial,capital_position,4670,placed,2137,Sierrak,yes,no
c_alorev,b_alorev,tribal_holding,initial,capital_position,4182,placed,2133,Alorev,yes,no
c_lyndar,b_lyndar,tribal_holding,initial,capital_position,6203,placed,2135,Lyndar,yes,no
c_umbral_murk,b_halorar,tribal_holding,initial,capital_position,5224,placed,2134,Umbral Murk,yes,no
c_glaurflow,b_kustaelau,tribal_holding,initial,capital_position,2683,placed,2136,Glaurflow,yes,no
c_riimlost,b_riimlost,tribal_holding,initial,capital_position,1278,placed,2132,Riimlost,yes,no
c_riimlost,b_arauth,church_holding,1420.1.1,sampled,0,demoted,2132,Riimlost,no,yes
c_riimlost,b_bleak_pass,city_holding,1420.1.1,port_position,641,placed,2132,Riimlost,no,yes
c_korar_hills,b_korar,tribal_holding,initial,capital_position,2852,placed,2143,Korar Hills,yes,no
c_korar_hills,b_djerad_arandal,city_holding,1388.1.1,port_position,457,placed,2143,Korar Hills,no,yes
c_surraer,b_surraer,tribal_holding,initial,capital_position,2019,placed,2131,Surraer,yes,no
c_velandilmur,b_velandilmur,tribal_holding,initial,capital_position,2260,placed,2144,Velandilmur,yes,no
c_velandilmur,b_djerad_thar_ghul,city_holding,1388.1.1,port_position,611,placed,2144,Velandilmur,no,yes
c_sartha_coast,b_sarara,tribal_holding,initial,capital_position,4527,placed,2161,Sartha Coast,yes,no
c_southspar,b_mere,tribal_holding,initial,capital_position,7690,placed,2160,Southspar,yes,no
c_arael_hills,b_arael,castle_holding,initial,capital_position,4237,placed,2159,Arael Hills,yes,no
c_graulthanc,b_graulthanc,castle_holding,initial,capital_position,6406,placed,1689,Graulthanc,yes,no
c_sathadech,b_sathadech,castle_holding,initial,capital_position,6064,placed,1617,Sathadech,yes,no
c_lower_glaur,b_orantrax,tribal_holding,initial,capital_position,7246,placed,2130,Lower Glaur,yes,no
c_starspire,b_djerad_kurar,tribal_holding,initial,capital_position,5687,placed,1691,Starspire,yes,no
c_landithust,b_landithust,tribal_holding,initial,capital_position,5664,placed,1690,Landithust,yes,no
c_mevarand,b_mevarand,castle_holding,initial,capital_position,5838,placed,1540,Mevarand,yes,no
c_ithan,b_ithan,castle_holding,initial,capital_position,3053,placed,1616,Ithan,yes,no
c_the_fang,b_djerad_madara,tribal_holding,initial,capital_position,4442,placed,2129,The Fang,yes,no
c_xoraar,b_xoraar,castle_holding,initial,capital_position,1748,placed,2152,Xoraar,yes,no
c_xoraar,b_handia,city_holding,initial,port_position,808,placed,2152,Xoraar,no,no
c_araash,b_araash,castle_holding,initial,capital_position,4630,placed,2153,Araash,yes,no
c_malaarar,b_malaarar,tribal_holding,initial,capital_position,4391,placed,1687,Malaarar,yes,no
c_talaran_highlands,b_talara,tribal_holding,initial,capital_position,2939,placed,1688,Talaran Highlands,yes,no
c_roraari,b_roraari,castle_holding,initial,capital_position,3402,placed,1681,Roraari,yes,no
c_coldlight_cliffs,b_arrlaur,tribal_holding,initial,capital_position,3271,placed,1680,Coldlight Cliffs,yes,no
c_tera_dur,b_tera_dur,tribal_holding,initial,capital_position,4944,placed,1685,Tera-Dur,yes,no
c_taranmire,b_taran,castle_holding,initial,capital_position,4646,placed,1686,Taranmire,yes,no
c_lost_land,b_djerad_tarora,tribal_holding,initial,capital_position,6997,placed,1682,Lost Land,yes,no
c_windswept_plain,b_marghu,tribal_holding,initial,capital_position,2112,placed,2391,Windswept Plain,yes,no
c_aldreth,b_aldreth,city_holding,initial,capital_position,1215,placed,1639,Aldreth,yes,no
c_aldreth,b_duthim,castle_holding,initial,sampled,0,demoted,1639,Aldreth,no,no
c_ulark,b_ulark,city_holding,initial,capital_position,4204,placed,1640,Ulark,yes,no
c_rorst,b_rorst,city_holding,initial,capital_position,5919,placed,1641,Rorst,yes,no
c_mraar_forest,b_ara_mraar,tribal_holding,initial,capital_position,6335,placed,1636,Mraar Forest,yes,no
c_maelevarar,b_maelevarar,city_holding,initial,capital_position,4462,placed,1642,Maelevarar,yes,no
c_maelevarar,b_blindwood,castle_holding,initial,sampled,1729,placed,1642,Maelevarar,no,no
c_wrecking_coast,b_qamaphut,castle_holding,initial,capital_position,4094,placed,1635,Wrecking Coast,yes,no
c_kothask,b_kothask,tribal_holding,initial,capital_position,7628,placed,1632,Kothask,yes,no
c_sunrise_hills,b_rotimur,tribal_holding,initial,capital_position,5066,placed,1634,Sunrise Hills,yes,no
c_long_marsh,b_mossy_stone,tribal_holding,initial,capital_position,3999,placed,1633,Long Marsh,yes,no
c_rokthorl,b_rokthorl,castle_holding,initial,capital_position,2295,placed,1684,Rokthorl,yes,no
c_rokthorl,b_harone_thar,city_holding,initial,port_position,845,placed,1684,Rokthorl,no,no
c_argaervale,b_argaer,tribal_holding,initial,capital_position,4954,placed,1671,Argaervale,yes,no
c_mistfells,b_misthaul,castle_holding,initial,capital_position,4563,placed,1670,Mistfells,yes,no
c_amarrev,b_amarrev,castle_holding,initial,capital_position,6746,placed,1683,Amarrev,yes,no
c_darrawn,b_darrawn,castle_holding,initial,capital_position,2971,placed,1678,Darrawn,yes,no
c_darrawn,b_kor_tera,city_holding,initial,port_position,2112,placed,1678,Darrawn,no,no
c_darrawn,b_mrorg,church_holding,initial,sampled,2278,placed,1678,Darrawn,no,no
c_rimlost,b_rimlost,church_holding,initial,capital_position,3351,placed,1679,Rimlost,yes,no
c_dragonbones,b_arechar,castle_holding,initial,capital_position,5454,placed,1676,Dragonbones,yes,no
c_grimroost,b_grimroost,castle_holding,initial,capital_position,1838,placed,1677,Grimroost,yes,no
c_grimroost,b_arsthar,city_holding,initial,port_position,1321,placed,1677,Grimroost,no,no
c_blackhold,b_blackhold,city_holding,initial,capital_position,2266,placed,2387,Blackhold,yes,no
c_blackhold,b_caraemar,castle_holding,initial,sampled,1400,placed,2387,Blackhold,no,no
c_forgefires,b_forgefires,tribal_holding,initial,capital_position,2403,placed,2392,Forgefires,yes,no
c_xirev,b_xirev,tribal_holding,initial,capital_position,3624,placed,2386,Xirev,yes,no
c_pelandar,b_pelandar,tribal_holding,initial,capital_position,4968,placed,1672,Pelandar,yes,no
c_fangmoor,b_haantamm,castle_holding,initial,capital_position,4319,placed,1673,Fangmoor,yes,no
c_lylkara_valley,b_lylkara,tribal_holding,initial,capital_position,4471,placed,2388,Lylkara Valley,yes,no
c_gondistho,b_gondistho,castle_holding,initial,capital_position,5276,placed,1674,Gondistho,yes,no
c_chain_of_broken_dreams,b_taronerdist,tribal_holding,initial,capital_position,3305,placed,1675,Chain of Broken Dreams,yes,no
c_mountain_of_iron,b_ubarka,tribal_holding,initial,capital_position,18606,placed,2408,Mountain of Iron,yes,no
c_mabasha,b_mabasha,tribal_holding,initial,capital_position,33631,placed,1221,Mabasha,yes,no
c_chan,b_chan,tribal_holding,initial,capital_position,27566,placed,907,Chan,yes,no
c_cholta,b_cholta,tribal_holding,initial,capital_position,42811,placed,910,Cholta,yes,no
c_peqqir,b_peqqir,city_holding,initial,capital_position,17992,placed,874,Peqqir,yes,no
c_alamaqu,b_alamaqu,city_holding,initial,capital_position,15746,placed,1332,Alamaqu,yes,no
c_yidyn,b_yidyn,tribal_holding,initial,capital_position,45605,placed,908,Yidyn,yes,no
c_maldali,b_maldali,tribal_holding,initial,capital_position,51759,placed,1781,Maldali,yes,no
c_panjuis,b_panjuis,castle_holding,initial,capital_position,46109,placed,1333,Panjuis,yes,no
c_far_ulhai,b_shaqu,tribal_holding,initial,capital_position,48918,placed,1414,Far Ulhai,yes,no
c_quli,b_quli,tribal_holding,initial,capital_position,57925,placed,909,Quli,yes,no
c_upper_ama,b_melganavin,tribal_holding,initial,capital_position,27801,placed,2407,Upper Ama,yes,no
c_chama,b_chama,tribal_holding,initial,capital_position,55121,placed,890,Chama,yes,no
c_jaria,b_jaria,tribal_holding,initial,capital_position,35611,placed,1385,Jaria,yes,no
c_chulq,b_chulq,tribal_holding,initial,capital_position,17614,placed,1388,Chulq,yes,no
c_aldoman,b_aldoman,tribal_holding,initial,capital_position,37605,placed,2396,Aldoman,yes,no
c_tomyris,b_kakhi,church_holding,initial,capital_position,23041,placed,2404,Tomyris,yes,no
c_west_nanayok,b_adzha,castle_holding,initial,capital_position,22953,placed,2405,West Nanayok,yes,no
c_palevash,b_byongab,church_holding,initial,capital_position,13429,placed,2406,Palevash,yes,no
c_bunsha,b_bunsha,tribal_holding,initial,capital_position,23929,placed,1384,Bunsha,yes,no
c_inner_ama,b_kengarun,tribal_holding,initial,capital_position,48783,placed,2400,Inner Ama,yes,no
c_olattan,b_olattan,tribal_holding,initial,capital_position,27413,placed,2397,Olattan,yes,no
c_tantay,b_tantay,tribal_holding,initial,capital_position,32717,placed,2398,Tantay,yes,no
c_khivak,b_khivak,tribal_holding,initial,capital_position,35650,placed,2399,Khivak,yes,no
c_sinking_palace,b_khapo,tribal_holding,initial,capital_position,31055,placed,2401,Sinking Palace,yes,no
c_kayari,b_kayari,tribal_holding,initial,capital_position,33008,placed,2402,Kayari,yes,no
c_karoah,b_toshayuy,tribal_holding,initial,capital_position,29817,placed,2403,Karoah,yes,no
c_athkatla,b_scepter_district,city_holding,initial,capital_position,974,placed,74,Athkatla,yes,no
c_athkatla,b_docks_district,city_holding,150.1.1,port_position,0,demoted,74,Athkatla,no,no
c_athkatla,b_waukeens_promenade,church_holding,320.1.1,sampled,631,placed,74,Athkatla,no,no
c_athkatla,b_alandor,castle_holding,400.1.1,sampled,0,demoted,74,Athkatla,no,no
c_athkatla,b_goldbridge,city_holding,450.1.1,sampled,472,placed,74,Athkatla,no,no
c_kalathtyr,b_kalathtyr,city_holding,initial,capital_position,1482,placed,75,Kalathtyr,yes,no
c_kalathtyr,b_ankara,city_holding,350.1.1,port_position,0,demoted,75,Kalathtyr,no,no
c_kalathtyr,b_wulen,church_holding,500.1.1,sampled,1123,placed,75,Kalathtyr,no,no
c_kalathtyr,b_sassalt,castle_holding,700.1.1,sampled,1055,placed,75,Kalathtyr,no,no
c_purskul,b_purskul,castle_holding,initial,capital_position,2352,placed,237,Purskul,yes,no
c_purskul,b_karastra,city_holding,250.1.1,port_position,1407,placed,237,Purskul,no,no
c_crimmor,b_crimmor,city_holding,initial,capital_position,800,placed,77,Crimmor,yes,no
c_crimmor,b_crytrapper,castle_holding,1000.1.1,sampled,622,placed,77,Crimmor,no,no
c_crimmor,b_chaunteas_cradle,church_holding,400.1.1,sampled,546,placed,77,Crimmor,no,no
c_hamlar_hills,b_arnise,castle_holding,initial,capital_position,1643,placed,1571,Hamlar Hills,yes,no
c_hamlar_hills,b_st_carwells_vale,church_holding,500.1.1,sampled,1335,placed,1571,Hamlar Hills,no,no
c_nashkel,b_nashkel,city_holding,initial,capital_position,3201,placed,64,Nashkel,yes,no
c_nashkel,b_high_song,church_holding,1000.1.1,sampled,962,placed,64,Nashkel,no,no
c_lake_weng,b_minsor_vale,tribal_holding,initial,capital_position,2425,placed,2531,Lake Weng,yes,no
c_lake_weng,b_citadel_rashturl,castle_holding,1107.1.1,sampled,832,placed,2531,Lake Weng,no,no
c_eshpurta,b_eshpurta,castle_holding,initial,capital_position,1082,placed,78,Eshpurta,yes,no
c_eshpurta,b_golden_fortress,castle_holding,1000.1.1,sampled,1227,placed,78,Eshpurta,no,no
c_eshpurta,b_towers_of_the_vengeful_hand,church_holding,550.1.1,sampled,1047,placed,78,Eshpurta,no,no
c_eshpurta,b_towers_of_willful_suffering,church_holding,760.1.1,sampled,660,placed,78,Eshpurta,no,no
c_amstelar,b_trollford,castle_holding,initial,capital_position,5756,placed,2530,Amstelar,yes,no
c_amstelar,b_turova,city_holding,523.1.1,port_position,2874,placed,2530,Amstelar,no,no
c_qadim_hills,b_fort_ilbratha,tribal_holding,initial,capital_position,6219,placed,1709,Qadim Hills,yes,no
c_snakewood,b_boar_pike,tribal_holding,initial,capital_position,6077,placed,583,Snakewood,yes,no
c_shilmista,b_fort_mirasandoral,castle_holding,initial,capital_position,8002,placed,89,Shilmista,yes,no
c_the_dells,b_daoine_dun,castle_holding,initial,capital_position,7242,placed,1710,The Dells,yes,no
c_esmeltaran,b_esmeltaran,city_holding,initial,capital_position,3777,placed,76,Esmeltaran,yes,no
c_esmeltaran,b_kings_arch,city_holding,300.1.1,port_position,1671,placed,76,Esmeltaran,no,no
c_keczulla,b_keczulla,castle_holding,initial,capital_position,5689,placed,81,Keczulla,yes,no
c_keczulla,b_karlyn_bridge,city_holding,430.1.1,port_position,2533,placed,81,Keczulla,no,no
c_amnwater,b_amnwater,city_holding,initial,capital_position,1388,placed,80,Amnwater,yes,no
c_amnwater,b_wheelarit,castle_holding,1107.1.1,sampled,1541,placed,80,Amnwater,no,no
c_amnwater,b_ironseth,church_holding,1333.1.1,sampled,1275,placed,80,Amnwater,no,no
c_amnwater,b_yhliivast,castle_holding,1333.1.1,sampled,910,placed,80,Amnwater,no,no
c_the_ridge,b_orlsfall,castle_holding,initial,capital_position,2898,placed,2534,The Ridge,yes,no
c_the_ridge,b_burrowville,city_holding,523.1.1,port_position,1194,placed,2534,The Ridge,no,no
c_imnescar,b_imnescar,city_holding,initial,capital_position,2545,placed,79,Imnescar,yes,no
c_imnescar,b_hydcont_hall,castle_holding,initial,sampled,1669,placed,79,Imnescar,no,no
c_imnescar,b_battlescarred_bard,church_holding,400.1.1,sampled,1396,placed,79,Imnescar,no,no
c_the_imnescourse,b_esford,city_holding,initial,capital_position,1461,placed,2434,The Imnescourse,yes,no
c_the_imnescourse,b_shepardston,castle_holding,initial,sampled,1485,placed,2434,The Imnescourse,no,no
c_windspear_hills,b_hillfort_ishla,castle_holding,initial,capital_position,2679,placed,2535,Windspear Hills,yes,no
c_windspear_hills,b_zinner,city_holding,523.1.1,port_position,1326,placed,2535,Windspear Hills,no,no
c_west_tejarn,b_hillfort_torbold,castle_holding,initial,capital_position,5595,placed,136,West Tejarn,yes,no
c_west_tejarn,b_archring,city_holding,523.1.1,port_position,3315,placed,136,West Tejarn,no,no
c_east_tejarn,b_hillfort_keshla,castle_holding,initial,capital_position,3507,placed,87,East Tejarn,yes,no
c_east_tejarn,b_junest,city_holding,523.1.1,port_position,1525,placed,87,East Tejarn,no,no
c_meiritin,b_coryllvol,castle_holding,initial,capital_position,2986,placed,86,Meiritin,yes,no
c_meiritin,b_shimmalshyr,city_holding,523.1.1,port_position,1365,placed,86,Meiritin,no,no
c_cortrynn,b_valash,castle_holding,initial,capital_position,4683,placed,200,Cortrynn,yes,no
c_cortrynn,b_kingard,city_holding,491.1.1,port_position,3008,placed,200,Cortrynn,no,no
c_murann,b_murann,castle_holding,initial,capital_position,2058,placed,82,Murann,yes,no
c_murann,b_ommlur_hills,city_holding,460.1.1,port_position,2125,placed,82,Murann,no,no
c_brost,b_brost,castle_holding,initial,capital_position,4097,placed,84,Brost,yes,no
c_brost,b_imnesvale,city_holding,initial,port_position,2755,placed,84,Brost,no,no
c_trademeet,b_trademeet,castle_holding,initial,capital_position,2149,placed,83,Trademeet,yes,no
c_trademeet,b_bormton,city_holding,360.1.1,port_position,1441,placed,83,Trademeet,no,no
c_trademeet,b_twin_towers,church_holding,920.1.1,sampled,2001,placed,83,Trademeet,no,no
c_finger_pass,b_chapterhouse,tribal_holding,1089.1.1,capital_position,1157,placed,2551,Finger Pass,yes,no
c_finger_pass,b_finger_pass,city_holding,initial,port_position,0,demoted,2551,Finger Pass,no,no
c_riatavin,b_riatavin,castle_holding,initial,capital_position,2890,placed,1234,Riatavin,yes,no
c_riatavin,b_tannitton,city_holding,340.1.1,port_position,1979,placed,1234,Riatavin,no,no
c_riatavin,b_rhianna,church_holding,450.1.1,sampled,2551,placed,1234,Riatavin,no,no
c_riatavin,b_tannithall,castle_holding,800.1.1,sampled,2156,placed,1234,Riatavin,no,no
c_trailstone,b_trailstone,castle_holding,initial,capital_position,2313,placed,88,Trailstone,yes,no
c_trailstone,b_spulzeer,castle_holding,370.1.1,sampled,2056,placed,88,Trailstone,no,no
c_trailstone,b_spulzeer_vale,church_holding,600.1.1,sampled,2508,placed,88,Trailstone,no,no
c_ioma,b_iomaport,castle_holding,initial,capital_position,1614,placed,176,Ioma,yes,no
c_ioma,b_skaug,city_holding,initial,port_position,1019,placed,176,Ioma,no,no
c_ioma,b_ompalarn,church_holding,initial,sampled,0,demoted,176,Ioma,no,no
c_toaridge_at_the_suns_setting,b_toaridge_at_the_suns_setting,castle_holding,initial,capital_position,320,placed,180,Toaridge-at-the-Suns-Setting,yes,no
c_toaridge_at_the_suns_setting,b_beach_of_stars,city_holding,initial,,0,demoted,180,Toaridge-at-the-Suns-Setting,no,no
c_the_flint,b_seaspray,castle_holding,initial,capital_position,1374,placed,181,The Flint,yes,no
c_the_flint,b_point_hardship,city_holding,initial,port_position,755,placed,181,The Flint,no,no
c_the_rookery,b_the_rookery,castle_holding,initial,capital_position,1043,placed,179,The Rookery,yes,no
c_the_rookery,b_horgal,city_holding,initial,port_position,0,demoted,179,The Rookery,no,no
c_nemessor,b_nemessor,castle_holding,initial,capital_position,1108,placed,1574,Nemessor,yes,no
c_irphong,b_jokkursbay,castle_holding,initial,capital_position,804,placed,177,Irphong,yes,no
c_irphong,b_telzoun,city_holding,initial,port_position,0,demoted,177,Irphong,no,no
c_thordentor,b_elderbay,castle_holding,initial,capital_position,1258,placed,178,Thordentor,yes,no
c_thordentor,b_pelagor,city_holding,initial,port_position,0,demoted,178,Thordentor,no,no
c_the_pearls,b_pearlhouse,castle_holding,initial,capital_position,444,placed,1126,The Pearls,yes,no
c_the_pearls,b_ssundala,city_holding,initial,,0,demoted,1126,The Pearls,no,no
c_the_singing_rocks,b_mermaid_cove,castle_holding,initial,capital_position,271,placed,183,The Singing Rocks,yes,no
c_the_singing_rocks,b_careening_shore,city_holding,initial,,0,demoted,183,The Singing Rocks,no,no
c_the_tusks,b_borammur,castle_holding,initial,capital_position,217,placed,182,The Tusks,yes,no
c_the_tusks,b_iyritrastrul,city_holding,initial,,0,demoted,182,The Tusks,no,no
c_shoal_of_thirst,b_sister_of_rains,tribal_holding,initial,capital_position,542,placed,1099,Shoal of Thirst,yes,no
c_shoal_of_thirst,b_oracakon,city_holding,1372.1.1,port_position,868,placed,1099,Shoal of Thirst,no,yes
c_shoal_of_thirst,b_sehaedi,church_holding,1372.1.1,sampled,893,placed,1099,Shoal of Thirst,no,yes
c_shoal_of_thirst,b_oyripan,castle_holding,1372.1.1,sampled,887,placed,1099,Shoal of Thirst,no,yes
c_shoal_of_thirst,b_ioriere,castle_holding,1372.1.1,sampled,580,placed,1099,Shoal of Thirst,no,yes
c_hills_of_scent,b_elahzad,tribal_holding,initial,capital_position,5620,placed,1096,Hills of Scent,yes,no
c_the_saiyaddar,b_orofin,tribal_holding,initial,capital_position,6096,placed,1102,The Saiyaddar,yes,no
c_bhaerlith,b_bhaerlith,tribal_holding,initial,capital_position,11900,placed,1068,Bhaerlith,yes,no
c_olomaa,b_olomaa,castle_holding,initial,capital_position,10626,placed,1097,Olomaa,yes,no
c_vuerthyl,b_vuerthyl,castle_holding,initial,capital_position,11300,placed,1065,Vuerthyl,yes,no
c_the_throat,b_delia,castle_holding,initial,capital_position,7870,placed,1066,The Throat,yes,no
c_lundeth,b_lundeth,castle_holding,initial,capital_position,4648,placed,1103,Lundeth,yes,no
c_great_sands,b_maatar,tribal_holding,initial,capital_position,14995,placed,1101,Great Sands,yes,no
c_quarter_of_emptiness,b_lions_eye,tribal_holding,initial,capital_position,14407,placed,1105,Quarter of Emptiness,yes,no
c_the_flats,b_argent_rock,tribal_holding,initial,capital_position,5867,placed,2411,The Flats,yes,no
c_amazandar,b_amazandar,tribal_holding,initial,capital_position,1476,placed,1104,Amazandar,yes,no
c_amazandar,b_hlithal,city_holding,initial,port_position,1109,placed,1104,Amazandar,no,no
c_amazandar,b_ramanth,church_holding,initial,sampled,933,placed,1104,Amazandar,no,no
c_anauril,b_anauril,tribal_holding,initial,capital_position,3515,placed,1100,Anauril,yes,no
c_sixstreams,b_helvara,tribal_holding,initial,capital_position,2770,placed,378,Sixstreams,yes,no
c_the_burn,b_chanth,tribal_holding,initial,capital_position,9114,placed,2416,The Burn,yes,no
c_phelajarama,b_phelajarama,castle_holding,initial,capital_position,1916,placed,2414,Phelajarama,yes,no
c_phelajarama,b_orolin,church_holding,initial,sampled,1016,placed,2414,Phelajarama,no,no
c_miir,b_miirsar,tribal_holding,initial,capital_position,2563,placed,283,Miir,yes,no
c_lost_vale,b_tarkhaldarth,tribal_holding,initial,capital_position,2269,placed,2422,Lost Vale,yes,no
c_mhaelos,b_mhaelos,castle_holding,initial,capital_position,3915,placed,1226,Mhaelos,yes,no
c_mhaelos,b_addas_babar,church_holding,initial,sampled,1037,placed,1226,Mhaelos,no,no
c_atars_looking_glass,b_vil,tribal_holding,initial,capital_position,7486,placed,1067,Atars Looking Glass,yes,no
c_araugul,b_araugul,tribal_holding,initial,capital_position,4958,placed,373,Araugul,yes,no
c_farsea_marsh,b_oakmere,castle_holding,initial,capital_position,4077,placed,375,Farsea Marsh,yes,no
c_goblin_marches,b_lundar,tribal_holding,initial,capital_position,8151,placed,374,Goblin Marches,yes,no
c_sunset_foothills,b_thandril,tribal_holding,initial,capital_position,3500,placed,2412,Sunset Foothills,yes,no
c_the_stonelands,b_needlespires,tribal_holding,initial,capital_position,6237,placed,376,The Stonelands,yes,no
c_shaddath,b_rausrawna,tribal_holding,initial,capital_position,4754,placed,377,Shaddath,yes,no
c_high_moors,b_marts_keep,castle_holding,initial,capital_position,2767,placed,2413,High Moors,yes,no
c_tilverton,b_tilverton,castle_holding,initial,capital_position,4207,placed,328,Tilverton,yes,no
c_tilverton,b_griffon_hill,city_holding,1100.1.1,port_position,1359,placed,328,Tilverton,no,no
c_the_ride,b_halfhap,castle_holding,initial,capital_position,2769,placed,330,The Ride,yes,no
c_the_ride,b_darkenshield,city_holding,1210.1.1,port_position,1711,placed,330,The Ride,no,no
c_the_ride,b_geneva_lake,castle_holding,1356.1.1,sampled,1470,placed,330,The Ride,no,no
c_hlaungadath,b_hlaungadath,tribal_holding,initial,capital_position,12822,placed,1091,Hlaungadath,yes,no
c_anarath,b_anarath,tribal_holding,initial,capital_position,20867,placed,1260,Anarath,yes,no
c_riven_frost,b_keltash,tribal_holding,initial,capital_position,26970,placed,1264,Riven Frost,yes,no
c_oreme,b_oreme,castle_holding,initial,capital_position,11583,placed,1093,Oreme,yes,no
c_glakis,b_glakis,tribal_holding,initial,capital_position,21338,placed,1095,Glakis,yes,no
c_quaver,b_quaver,tribal_holding,initial,capital_position,18067,placed,1094,Quaver,yes,no
c_spellgard,b_spellgard,castle_holding,initial,capital_position,13641,placed,1092,Spellgard,yes,no
c_untrivven,b_untrivven,castle_holding,initial,capital_position,5558,placed,1262,Untrivven,yes,no
c_untrivven,b_achal,city_holding,initial,port_position,3816,placed,1262,Untrivven,no,no
c_bhaulaea,b_bhaulaea,castle_holding,initial,capital_position,12837,placed,1261,Bhaulaea,yes,no
c_smokeholes,b_urumph,tribal_holding,initial,capital_position,24972,placed,1263,Smokeholes,yes,no
c_lashloc,b_lashloc,tribal_holding,initial,capital_position,7896,placed,2605,Lashloc,yes,no
c_fallen_giant_rift,b_negarath,tribal_holding,initial,capital_position,18353,placed,1060,Fallen Giant Rift,yes,no
c_tauros,b_tauros,tribal_holding,initial,capital_position,22904,placed,1063,Tauros,yes,no
c_helm_rift,b_iouloum,tribal_holding,initial,capital_position,13440,placed,1064,Helm Rift,yes,no
c_the_swordpoint,b_the_swordpoint,tribal_holding,initial,capital_position,22738,placed,1062,The Swordpoint,yes,no
c_seventon,b_gers,tribal_holding,initial,capital_position,13709,placed,2476,Seventon,yes,no
c_netheril_river,b_aerithaes_rest,castle_holding,initial,capital_position,15713,placed,1061,Netheril River,yes,no
c_shattered_tower,b_heroes_helm,tribal_holding,initial,capital_position,19123,placed,1098,Shattered Tower,yes,no
c_the_alley,b_jockteleg,tribal_holding,initial,capital_position,15265,placed,1106,The Alley,yes,no
c_vrandaks_grave,b_vrandaks_grave,tribal_holding,initial,capital_position,15840,placed,1438,Vrandaks Grave,yes,no
c_calimport,b_pashas_sabban,castle_holding,initial,capital_position,681,placed,142,Calimport,yes,no
c_calimport,b_calephs_court,city_holding,initial,port_position,567,placed,142,Calimport,no,no
c_calimport,b_raor_bakkal,church_holding,initial,sampled,486,placed,142,Calimport,no,no
c_calimport,b_muzad,castle_holding,initial,sampled,681,placed,142,Calimport,no,no
c_calimport,b_khandaq,city_holding,initial,sampled,683,placed,142,Calimport,no,no
c_calimport,b_calimport,church_holding,initial,sampled,452,placed,142,Calimport,no,no
c_keltar,b_keltar,castle_holding,initial,capital_position,1400,placed,147,Keltar,yes,no
c_keltar,b_evenstar,city_holding,initial,port_position,1040,placed,147,Keltar,no,no
c_keltar,b_yuram,church_holding,initial,sampled,597,placed,147,Keltar,no,no
c_teshburl,b_teshburl,castle_holding,initial,capital_position,1571,placed,143,Teshburl,yes,no
c_teshburl,b_st_noradnars,city_holding,initial,port_position,1112,placed,143,Teshburl,no,no
c_teshburl,b_st_litwans,church_holding,initial,sampled,1917,placed,143,Teshburl,no,no
c_teshburl,b_ibinhalt,castle_holding,initial,sampled,1477,placed,143,Teshburl,no,no
c_calim_river,b_calim_river,castle_holding,initial,capital_position,1745,placed,2590,Calim River,yes,no
c_teshyll,b_teshyll,castle_holding,initial,capital_position,2737,placed,2599,Teshyll,yes,no
c_calim_desert,b_zenitrag,tribal_holding,initial,capital_position,1991,placed,146,Calim Desert,yes,no
c_calim_desert,b_dallabad,city_holding,1385.4.29,port_position,1223,placed,146,Calim Desert,no,yes
c_dashadjen,b_dashadjen,tribal_holding,initial,capital_position,2644,placed,2597,Dashadjen,yes,no
c_dashadjen,b_altar_of_the_air,church_holding,1060.1.1,sampled,955,placed,2597,Dashadjen,no,no
c_calimstone,b_calimstone,tribal_holding,initial,capital_position,3996,placed,2600,Calimstone,yes,no
c_memnon,b_memnon,city_holding,initial,capital_position,750,placed,144,Memnon,yes,no
c_memnon,b_naval_sabban,castle_holding,initial,sampled,0,demoted,144,Memnon,no,no
c_memnon,b_golden_grove,church_holding,initial,sampled,0,demoted,144,Memnon,no,no
c_memnon,b_scarlet_gate,castle_holding,initial,sampled,874,placed,144,Memnon,no,no
c_memnon,b_vesparal,city_holding,initial,port_position,789,placed,144,Memnon,no,no
c_amkethran,b_amkethran,castle_holding,initial,capital_position,2504,placed,235,Amkethran,yes,no
c_amkethran,b_assar,city_holding,initial,port_position,2165,placed,235,Amkethran,no,no
c_amkethran,b_kemal,church_holding,initial,sampled,1074,placed,235,Amkethran,no,no
c_calimban,b_calimban_knoll,castle_holding,initial,capital_position,3145,placed,2598,Calimban,yes,no
c_manshaka,b_manshaka,castle_holding,initial,capital_position,1265,placed,145,Manshaka,yes,no
c_manshaka,b_sessemal,city_holding,initial,port_position,1847,placed,145,Manshaka,no,no
c_manshaka,b_st_tarils,church_holding,initial,sampled,1160,placed,145,Manshaka,no,no
c_manshaka,b_faerinstar,castle_holding,initial,sampled,1079,placed,145,Manshaka,no,no
c_plainsmarch,b_talvannir,castle_holding,initial,capital_position,1514,placed,153,Plainsmarch,yes,no
c_plainsmarch,b_urkest,city_holding,initial,port_position,1380,placed,153,Plainsmarch,no,no
c_plainsmarch,b_carteneg,church_holding,initial,sampled,1195,placed,153,Plainsmarch,no,no
c_schamedar,b_schamedar,castle_holding,initial,capital_position,2974,placed,149,Schamedar,yes,no
c_schamedar,b_bakkals_sabban,city_holding,initial,port_position,1772,placed,149,Schamedar,no,no
c_schamedar,b_jessimal,church_holding,initial,sampled,2194,placed,149,Schamedar,no,no
c_volothamp,b_volothamp,castle_holding,initial,capital_position,1371,placed,150,Volothamp,yes,no
c_volothamp,b_dainar,city_holding,initial,port_position,1611,placed,150,Volothamp,no,no
c_volothamp,b_awagadust,church_holding,initial,sampled,1775,placed,150,Volothamp,no,no
c_volothamp,b_marratesh,castle_holding,initial,sampled,1701,placed,150,Volothamp,no,no
c_almraiven,b_almraiven,castle_holding,initial,capital_position,4421,placed,151,Almraiven,yes,no
c_almraiven,b_st_fanal,church_holding,initial,sampled,0,demoted,151,Almraiven,no,no
c_almraiven,b_st_ihrvyn,church_holding,initial,sampled,2481,placed,151,Almraiven,no,no
c_alamirs_end,b_alamir_rock,castle_holding,initial,capital_position,3609,placed,161,Alamirs End,yes,no
c_alamirs_end,b_cliffcrest,city_holding,initial,port_position,1164,placed,161,Alamirs End,no,no
c_alamirs_end,b_wensin,church_holding,initial,sampled,1850,placed,161,Alamirs End,no,no
c_spider_swamp,b_ajhuutal,tribal_holding,initial,capital_position,3448,placed,1198,Spider Swamp,yes,no
c_nykkar,b_nykkar,castle_holding,initial,capital_position,749,placed,2592,Nykkar,yes,no
c_nykkar,b_st_faelar,church_holding,1277.1.1,sampled,577,placed,2592,Nykkar,no,no
c_nykkar,b_olympus_dag,castle_holding,1385.4.29,sampled,511,placed,2592,Nykkar,no,yes
c_kochar_steppe,b_kochar_steppe,tribal_holding,initial,capital_position,2307,placed,2593,Kochar Steppe,yes,no
c_kochar_steppe,b_zains_crossing,castle_holding,1467.1.1,sampled,1638,placed,2593,Kochar Steppe,no,yes
c_kochar_steppe,b_two_falls_end,church_holding,1467.1.1,sampled,1755,placed,2593,Kochar Steppe,no,yes
c_faeressar,b_faeressar,castle_holding,initial,capital_position,2190,placed,2591,Faeressar,yes,no
c_valshada,b_valshada,castle_holding,initial,capital_position,1194,placed,148,Valshada,yes,no
c_valshada,b_traispek,city_holding,initial,port_position,783,placed,148,Valshada,no,no
c_valshada,b_st_doblas,church_holding,initial,sampled,1413,placed,148,Valshada,no,no
c_mintar,b_mintar,castle_holding,initial,capital_position,3925,placed,167,Mintar,yes,no
c_mintar,b_delliam,city_holding,320.1.1,port_position,1620,placed,167,Mintar,no,no
c_ankhapur,b_ankhapur,castle_holding,initial,capital_position,3249,placed,173,Ankhapur,yes,no
c_ankhapur,b_yult,city_holding,450.1.1,port_position,2807,placed,173,Ankhapur,no,no
c_ankhapur,b_calers_hand,church_holding,500.1.1,sampled,2916,placed,173,Ankhapur,no,no
c_ankhapur,b_st_sossor,castle_holding,902.1.1,sampled,3665,placed,173,Ankhapur,no,no
c_saelmur,b_saelmur,castle_holding,initial,capital_position,8163,placed,172,Saelmur,yes,no
c_saelmur,b_vodariim,city_holding,450.1.1,port_position,4090,placed,172,Saelmur,no,no
c_yhep,b_yhep,castle_holding,initial,capital_position,9718,placed,174,Yhep,yes,no
c_yhep,b_forvane,city_holding,300.1.1,port_position,4961,placed,174,Yhep,no,no
c_arnrock,b_arnrock,castle_holding,initial,capital_position,328,placed,2308,Arnrock,yes,no
c_suldolphor,b_suldolphor,castle_holding,initial,capital_position,3157,placed,159,Suldolphor,yes,no
c_suldolphor,b_talagath,city_holding,initial,port_position,1330,placed,159,Suldolphor,no,no
c_beasts_coast,b_olodel,tribal_holding,initial,capital_position,2360,placed,1197,Beasts Coast,yes,no
c_yeshpek,b_yeshpek,city_holding,initial,capital_position,3669,placed,160,Yeshpek,yes,no
c_yeshpek,b_bezrim_bay,castle_holding,initial,sampled,1742,placed,160,Yeshpek,no,no
c_tulmon,b_sultans_citadel,castle_holding,initial,capital_position,1489,placed,2569,Tulmon,yes,no
c_tulmon,b_tulmon,city_holding,initial,port_position,761,placed,2569,Tulmon,no,no
c_tulmon,b_skullspire,church_holding,initial,sampled,1017,placed,2569,Tulmon,no,no
c_innarlith,b_innarlith,city_holding,initial,capital_position,4524,placed,499,Innarlith,yes,no
c_innarlith,b_eamford,castle_holding,450.1.1,sampled,3131,placed,499,Innarlith,no,no
c_innarlith,b_stathmore,church_holding,1251.1.1,sampled,3136,placed,499,Innarlith,no,no
c_venne,b_venne,city_holding,initial,capital_position,4679,placed,496,Venne,yes,no
c_venne,b_hyge_castle,castle_holding,900.1.1,sampled,2013,placed,496,Venne,no,no
c_misty_plains,b_stawindis,tribal_holding,initial,capital_position,6941,placed,1130,Misty Plains,yes,no
c_ankhwood,b_telgath,tribal_holding,initial,capital_position,7568,placed,604,Ankhwood,yes,no
c_thornwood,b_temish,tribal_holding,initial,capital_position,12150,placed,175,Thornwood,yes,no
c_vale_of_the_reaver,b_lin,tribal_holding,initial,capital_position,4746,placed,1132,Vale of the Reaver,yes,no
c_vale_of_the_reaver,b_stanish,city_holding,227.1.1,port_position,3374,placed,1132,Vale of the Reaver,no,no
c_cloven_hills,b_lupeiros,tribal_holding,initial,capital_position,4302,placed,1697,Cloven Hills,yes,no
c_cloven_hills,b_yllenora,city_holding,227.1.1,port_position,1865,placed,1697,Cloven Hills,no,no
c_minta_vale,b_stharelle,tribal_holding,initial,capital_position,9967,placed,1131,Minta Vale,yes,no
c_thornwash_vale,b_esparaal,tribal_holding,initial,capital_position,7055,placed,568,Thornwash Vale,yes,no
c_treshla,b_gerns_hold,tribal_holding,initial,capital_position,6786,placed,1133,Treshla,yes,no
c_themasulter,b_themasulter,castle_holding,initial,capital_position,3992,placed,475,Themasulter,yes,no
c_arthyn,b_arthyn,city_holding,initial,capital_position,3159,placed,1193,Arthyn,yes,no
c_arthyn,b_waernd,castle_holding,291.1.1,sampled,1482,placed,1193,Arthyn,no,no
c_the_neth_stand,b_ranraths_run,tribal_holding,initial,capital_position,3390,placed,1192,The Neth Stand,yes,no
c_thur,b_thur,city_holding,initial,capital_position,4634,placed,497,Thur,yes,no
c_thur,b_blackalblade,church_holding,1000.1.1,sampled,1311,placed,497,Thur,no,no
c_theymarsh,b_theymarsh,castle_holding,initial,capital_position,2283,placed,476,Theymarsh,yes,no
c_jundarwood,b_caldarth,church_holding,initial,capital_position,6484,placed,1196,Jundarwood,yes,no
c_yallasch,b_yallasch,castle_holding,initial,capital_position,1483,placed,477,Yallasch,yes,no
c_yallasch,b_myrinjar,city_holding,initial,port_position,920,placed,477,Yallasch,no,no
c_dapplegate,b_dapplegate,city_holding,initial,capital_position,1785,placed,495,Dapplegate,yes,no
c_dapplegate,b_gallard,city_holding,990.1.1,port_position,1188,placed,495,Dapplegate,no,no
c_dapplegate,b_selpt,castle_holding,500.1.1,sampled,1173,placed,495,Dapplegate,no,no
c_shantal,b_blackbarn,city_holding,initial,capital_position,3972,placed,1195,Shantal,yes,no
c_talduth_vale,b_oeble,city_holding,500.1.1,capital_position,6612,placed,1194,Talduth Vale,yes,no
c_talduth_vale,b_emrys,city_holding,initial,port_position,3951,placed,1194,Talduth Vale,no,no
c_derlusk,b_derlusk,city_holding,initial,capital_position,3962,placed,504,Derlusk,yes,no
c_derlusk,b_splondar,castle_holding,440.1.1,sampled,1053,placed,504,Derlusk,no,no
c_derlusk,b_luthbaern,city_holding,1000.1.1,port_position,1250,placed,504,Derlusk,no,no
c_alamontyr,b_alamontyr,castle_holding,initial,capital_position,864,placed,498,Alamontyr,yes,no
c_alamontyr,b_ythtym,city_holding,450.1.1,port_position,1405,placed,498,Alamontyr,no,no
c_alamontyr,b_felshroum,church_holding,500.1.1,sampled,1634,placed,498,Alamontyr,no,no
c_qurth_forest,b_qurthing,tribal_holding,initial,capital_position,5622,placed,546,Qurth Forest,yes,no
c_the_duskwood,b_hesparin,tribal_holding,initial,capital_position,9849,placed,542,The Duskwood,yes,no
c_magis_tor,b_magis_tor,castle_holding,initial,capital_position,3811,placed,2596,Magis Tor,yes,no
c_iskashyoll,b_iskashyoll,castle_holding,initial,capital_position,5781,placed,139,Iskashyoll,yes,no
c_iskashyoll,b_khanall,city_holding,initial,port_position,2668,placed,139,Iskashyoll,no,no
c_alisiwhann,b_alisiwhann,castle_holding,initial,capital_position,1384,placed,140,Alisiwhann,yes,no
c_alisiwhann,b_adarthir,city_holding,initial,port_position,734,placed,140,Alisiwhann,no,no
c_alisiwhann,b_ragkyls_hold,city_holding,initial,sampled,734,placed,140,Alisiwhann,no,no
c_ithal_pass,b_ithal_pass,castle_holding,initial,capital_position,3645,placed,141,Ithal Pass,yes,no
c_ithal_pass,b_formithlind,city_holding,300.1.1,port_position,2031,placed,141,Ithal Pass,no,no
c_myth_dyraalis,b_myth_dyraalis,city_holding,initial,capital_position,2849,placed,2595,Myth Dyraalis,yes,no
c_myth_dyraalis,b_argentor,castle_holding,initial,sampled,1434,placed,2595,Myth Dyraalis,no,no
c_sarenestar,b_sarenestar_glade,tribal_holding,initial,capital_position,9465,placed,152,Sarenestar,yes,no
c_kzelter,b_kzelter,castle_holding,initial,capital_position,6090,placed,166,Kzelter,yes,no
c_kzelter,b_xora,city_holding,300.1.1,port_position,3102,placed,166,Kzelter,no,no
c_midvale,b_midstone,castle_holding,initial,capital_position,6169,placed,168,Midvale,yes,no
c_tharsult,b_urbeth,castle_holding,initial,capital_position,1450,placed,247,Tharsult,yes,no
c_tharsult,b_aunthurr,city_holding,initial,port_position,634,placed,247,Tharsult,no,no
c_tharsult,b_funearil,church_holding,initial,sampled,1298,placed,247,Tharsult,no,no
c_tharsult,b_chastel,castle_holding,initial,sampled,681,placed,247,Tharsult,no,no
c_umbarra,b_umbarra,castle_holding,initial,capital_position,201,placed,1217,Umbarra,yes,no
c_umbarra,b_liphdar,city_holding,initial,,0,demoted,1217,Umbarra,no,no
c_arrabar,b_arrabar,castle_holding,initial,capital_position,876,placed,210,Arrabar,yes,no
c_arrabar,b_thelgauble,city_holding,80.1.1,port_position,638,placed,210,Arrabar,no,no
c_arrabar,b_arkhelar,church_holding,80.1.1,sampled,899,placed,210,Arrabar,no,no
c_arrabar,b_iphash,castle_holding,200.1.1,sampled,639,placed,210,Arrabar,no,no
c_mussum,b_mussum,tribal_holding,initial,capital_position,2023,placed,2542,Mussum,yes,no
c_mussum,b_house_of_holy_suffering,church_holding,1256.1.1,sampled,1082,placed,2542,Mussum,no,no
c_iljak,b_iljak,city_holding,initial,capital_position,954,placed,1236,Iljak,yes,no
c_iljak,b_mlietar,church_holding,1000.1.1,sampled,0,demoted,1236,Iljak,no,no
c_iljak,b_blork,city_holding,50.1.1,,0,demoted,1236,Iljak,no,no
c_samra,b_samra,city_holding,initial,capital_position,1244,placed,1237,Samra,yes,no
c_samra,b_orbrech,castle_holding,120.1.1,sampled,819,placed,1237,Samra,no,no
c_samra,b_cormins,church_holding,400.1.1,sampled,757,placed,1237,Samra,no,no
c_shamph,b_shamph,city_holding,initial,capital_position,1765,placed,573,Shamph,yes,no
c_shamph,b_timindar,castle_holding,150.1.1,sampled,1820,placed,573,Shamph,no,no
c_shamph,b_taranth,church_holding,150.1.1,sampled,1628,placed,573,Shamph,no,no
c_ilighon,b_sapra,church_holding,initial,capital_position,616,placed,1207,Ilighon,yes,no
c_ilighon,b_ellios,castle_holding,374.1.1,,0,demoted,1207,Ilighon,no,no
c_ilighon,b_saphros,city_holding,374.1.1,,0,demoted,1207,Ilighon,no,no
c_ixinos,b_ixinos,castle_holding,initial,capital_position,154,placed,581,Ixinos,yes,no
c_ixinos,b_gerydame,city_holding,initial,,0,demoted,581,Ixinos,no,no
c_wavecrest,b_queen_of_the_water,church_holding,initial,capital_position,238,placed,1208,Wavecrest,yes,no
c_nun,b_nun,church_holding,initial,capital_position,1614,placed,574,Nun,yes,no
c_nun,b_horlord,castle_holding,267.1.1,sampled,805,placed,574,Nun,no,no
c_fields_of_nun,b_fields_of_nun,castle_holding,initial,capital_position,6683,placed,2543,Fields of Nun,yes,no
c_hlath,b_hlath,city_holding,initial,capital_position,1473,placed,577,Hlath,yes,no
c_hlath,b_skasar,castle_holding,310.1.1,sampled,684,placed,577,Hlath,no,no
c_hlath,b_alatar,church_holding,600.1.1,sampled,640,placed,577,Hlath,no,no
c_nunwood,b_st_vale,tribal_holding,initial,capital_position,5302,placed,576,Nunwood,yes,no
c_reth,b_reth,city_holding,initial,capital_position,1697,placed,1442,Reth,yes,no
c_reth,b_sleeping_dragons,castle_holding,initial,sampled,1740,placed,1442,Reth,no,no
c_sumbria,b_sumbria,city_holding,initial,capital_position,635,placed,611,Sumbria,yes,no
c_sumbria,b_kirenzia,castle_holding,1017.1.1,sampled,877,placed,611,Sumbria,no,no
c_sumbria,b_geguna,church_holding,1017.1.1,sampled,763,placed,611,Sumbria,no,no
c_zutria,b_zutria,city_holding,initial,capital_position,3023,placed,2431,Zutria,yes,no
c_zutria,b_nisse,castle_holding,1017.1.1,sampled,1323,placed,2431,Zutria,no,no
c_colletro,b_colletro,city_holding,initial,capital_position,1384,placed,2430,Colletro,yes,no
c_colletro,b_galb,castle_holding,1017.1.1,sampled,676,placed,2430,Colletro,no,no
c_lomatra,b_lomatra,city_holding,initial,capital_position,1835,placed,612,Lomatra,yes,no
c_lomatra,b_lomoli,castle_holding,1017.1.1,sampled,930,placed,612,Lomatra,no,no
c_elghal,b_elghal,city_holding,initial,capital_position,6353,placed,616,Elghal,yes,no
c_elghal,b_latun_stronghold,castle_holding,1017.1.1,sampled,2060,placed,616,Elghal,no,no
c_oslin,b_oslin,city_holding,initial,capital_position,4799,placed,615,Oslin,yes,no
c_oslin,b_fel_atas,castle_holding,initial,sampled,2878,placed,615,Oslin,no,no
c_rivers_run,b_rivers_run,tribal_holding,initial,capital_position,2714,placed,613,Rivers Run,yes,no
c_rivers_run,b_kalamata,city_holding,initial,port_position,1215,placed,613,Rivers Run,no,no
c_rivers_run,b_anatras,church_holding,initial,sampled,2302,placed,613,Rivers Run,no,no
c_alaghon,b_the_assembly,city_holding,initial,capital_position,476,placed,238,Alaghon,yes,no
c_alaghon,b_alaghon_city,city_holding,initial,port_position,490,placed,238,Alaghon,no,no
c_alaghon,b_karakast,church_holding,initial,sampled,641,placed,238,Alaghon,no,no
c_alaghon,b_demstar,castle_holding,initial,sampled,734,placed,238,Alaghon,no,no
c_alaghon,b_turmistir,city_holding,initial,sampled,0,demoted,238,Alaghon,no,no
c_alaoreum,b_morningstar_hollows,tribal_holding,initial,capital_position,3873,placed,239,Alaoreum,yes,no
c_holdensword,b_holdensword,city_holding,initial,capital_position,2501,placed,241,Holdensword,yes,no
c_holdensword,b_obelners_well,castle_holding,initial,sampled,983,placed,241,Holdensword,no,no
c_gildenglade,b_gildenglade,city_holding,initial,capital_position,1554,placed,240,Gildenglade,yes,no
c_gildenglade,b_merrydell,castle_holding,initial,sampled,1702,placed,240,Gildenglade,no,no
c_gildenglade,b_banathar,church_holding,initial,sampled,1475,placed,240,Gildenglade,no,no
c_gildenglade,b_zustild,church_holding,initial,sampled,1367,placed,240,Gildenglade,no,no
c_nonthal,b_nonthal,city_holding,initial,capital_position,809,placed,242,Nonthal,yes,no
c_nonthal,b_zendath,castle_holding,initial,sampled,899,placed,242,Nonthal,no,no
c_nonthal,b_sambryntyn,church_holding,initial,sampled,957,placed,242,Nonthal,no,no
c_nonthal,b_peldrathans_pool,church_holding,initial,sampled,875,placed,242,Nonthal,no,no
c_the_perloush,b_tarnring,tribal_holding,initial,capital_position,3390,placed,245,The Perloush,yes,no
c_the_faraway,b_dauntshield,city_holding,initial,capital_position,4291,placed,243,The Faraway,yes,no
c_the_faraway,b_ravilars_cloak,castle_holding,initial,sampled,2159,placed,243,The Faraway,no,no
c_xorhun,b_xorhun,city_holding,initial,capital_position,5101,placed,244,Xorhun,yes,no
c_xorhun,b_ulvers_lance,castle_holding,initial,sampled,1941,placed,244,Xorhun,no,no
c_the_allascar,b_five_lions,tribal_holding,512.3.1,capital_position,2952,placed,246,The Allascar,yes,no
c_the_allascar,b_shaus,castle_holding,initial,sampled,824,placed,246,The Allascar,no,no
c_the_allascar,b_marikor,city_holding,initial,port_position,864,placed,246,The Allascar,no,no
c_hlondeth,b_hlondeth,castle_holding,initial,capital_position,668,placed,205,Hlondeth,yes,no
c_hlondeth,b_tanarspear,city_holding,50.1.1,port_position,650,placed,205,Hlondeth,no,no
c_hlondeth,b_amphisbaena,church_holding,50.1.1,sampled,1034,placed,205,Hlondeth,no,no
c_hlondeth,b_halfling_vale,city_holding,50.1.1,sampled,1102,placed,205,Hlondeth,no,no
c_ospkur,b_stormsteer,castle_holding,initial,capital_position,2553,placed,1432,Ospkur,yes,no
c_pikemans_folly,b_pike_hold,castle_holding,initial,capital_position,5495,placed,209,Pikemans Folly,yes,no
c_pikemans_folly,b_troll_bridge,city_holding,initial,port_position,4574,placed,209,Pikemans Folly,no,no
c_nleeth_and_amah,b_nleeth,city_holding,initial,capital_position,2160,placed,1573,Nleeth and Amah,yes,no
c_nleeth_and_amah,b_amah,castle_holding,320.1.1,sampled,1319,placed,1573,Nleeth and Amah,no,no
c_farshore,b_asple,city_holding,initial,capital_position,1485,placed,302,Farshore,yes,no
c_farshore,b_torl,castle_holding,50.1.1,sampled,1386,placed,302,Farshore,no,no
c_farshore,b_gildensails,church_holding,50.1.1,sampled,968,placed,302,Farshore,no,no
c_lilit_pass,b_daroush,city_holding,initial,capital_position,1902,placed,575,Lilit Pass,yes,no
c_lilit_pass,b_aelor,castle_holding,50.1.1,sampled,875,placed,575,Lilit Pass,no,no
c_lheshayl,b_lheshayl,castle_holding,initial,capital_position,8269,placed,163,Lheshayl,yes,no
c_lheshayl,b_lothia,city_holding,initial,port_position,3240,placed,163,Lheshayl,no,no
c_murpeth,b_murpeth,tribal_holding,initial,capital_position,3499,placed,198,Murpeth,yes,no
c_murpeth,b_tulhaspyr,city_holding,227.1.1,port_position,4855,placed,198,Murpeth,no,no
c_surkh,b_surkh,castle_holding,initial,capital_position,2843,placed,199,Surkh,yes,no
c_surkh,b_ulken,city_holding,328.1.1,port_position,3101,placed,199,Surkh,no,no
c_nathlekh,b_nathlekh,city_holding,initial,capital_position,3110,placed,194,Nathlekh,yes,no
c_nathlekh,b_kesstar,castle_holding,1050.1.1,sampled,1255,placed,194,Nathlekh,no,no
c_long_arm,b_kens_rise,tribal_holding,initial,capital_position,5071,placed,202,Long Arm,yes,no
c_long_arm,b_port_orlam,castle_holding,1486.1.1,sampled,3300,placed,202,Long Arm,no,yes
c_orbrekhland,b_kenvale,tribal_holding,initial,capital_position,10676,placed,569,Orbrekhland,yes,no
c_ormath,b_ormath,castle_holding,initial,capital_position,10759,placed,197,Ormath,yes,no
c_ormath,b_stessarun,city_holding,initial,port_position,6424,placed,197,Ormath,no,no
c_the_wetwoods,b_urml,tribal_holding,initial,capital_position,11688,placed,206,The Wetwoods,yes,no
c_assam,b_assam,city_holding,initial,capital_position,5806,placed,195,Assam,yes,no
c_assam,b_khearan,castle_holding,initial,sampled,3985,placed,195,Assam,no,no
c_karlyns_vale,b_quarrelshigh,tribal_holding,initial,capital_position,2163,placed,192,Karlyns Vale,yes,no
c_giants_run,b_iisilmark,castle_holding,initial,capital_position,12080,placed,201,Giants Run,yes,no
c_karmsteppe,b_karmhold,tribal_holding,initial,capital_position,12193,placed,1711,Karmsteppe,yes,no
c_widestep,b_qord,tribal_holding,initial,capital_position,10326,placed,193,Widestep,yes,no
c_obarval,b_obarval,tribal_holding,initial,capital_position,11494,placed,1712,Obarval,yes,no
c_broadfields,b_fenders_run,tribal_holding,initial,capital_position,10736,placed,204,Broadfields,yes,no
c_westmark,b_estafern,tribal_holding,initial,capital_position,10855,placed,203,Westmark,yes,no
c_argenmoor,b_argenmoor,tribal_holding,initial,capital_position,11954,placed,1713,Argenmoor,yes,no
c_rucien_xan,b_rucien_xan,castle_holding,initial,capital_position,2806,placed,584,Rucien-Xan,yes,no
c_rucien_xan,b_villia,city_holding,initial,port_position,2171,placed,584,Rucien-Xan,no,no
c_green_shadows,b_thurgabanteth,castle_holding,initial,capital_position,4204,placed,2533,Green Shadows,yes,no
c_green_shadows,b_tempushrine,church_holding,initial,sampled,4332,placed,2533,Green Shadows,no,no
c_nearwoods,b_sarketh,tribal_holding,initial,capital_position,9980,placed,595,Nearwoods,yes,no
c_satyr_road,b_holyheart_house,tribal_holding,initial,capital_position,6473,placed,594,Satyr Road,yes,no
c_olum,b_olum,tribal_holding,initial,capital_position,11245,placed,596,Olum,yes,no
c_illuks,b_illuks,tribal_holding,initial,capital_position,8811,placed,597,Illuks,yes,no
c_iyrandrar,b_iyrandrar,city_holding,initial,capital_position,5408,placed,2436,Iyrandrar,yes,no
c_adder_woods,b_adder_point,tribal_holding,initial,capital_position,12069,placed,598,Adder Woods,yes,no
c_velsit,b_velsit,tribal_holding,initial,capital_position,12907,placed,599,Velsit,yes,no
c_zamsgrove,b_zams,tribal_holding,initial,capital_position,18876,placed,610,Zamsgrove,yes,no
c_ormpetarr,b_ormpetarr,castle_holding,initial,capital_position,1046,placed,606,Ormpetarr,yes,no
c_ormpetarr,b_xems,city_holding,210.1.1,port_position,1139,placed,606,Ormpetarr,no,no
c_ormpetarr,b_glukharks_delve,church_holding,400.1.1,sampled,1279,placed,606,Ormpetarr,no,no
c_ormpetarr,b_tillisetr,city_holding,640.1.1,sampled,751,placed,606,Ormpetarr,no,no
c_arran,b_fort_arran,castle_holding,initial,capital_position,2425,placed,607,Arran,yes,no
c_arran,b_arranford,church_holding,250.1.1,sampled,2101,placed,607,Arran,no,no
c_arran,b_elburh,city_holding,902.1.1,port_position,1707,placed,607,Arran,no,no
c_naga_plain,b_iphlain,tribal_holding,initial,capital_position,5947,placed,1239,Naga Plain,yes,no
c_elbulder,b_elbulder,city_holding,initial,capital_position,4863,placed,608,Elbulder,yes,no
c_elbulder,b_eveshades,castle_holding,300.1.1,sampled,2830,placed,608,Elbulder,no,no
c_elbulder,b_perlshaw,church_holding,779.1.1,sampled,2754,placed,608,Elbulder,no,no
c_golden_road,b_nagaford,tribal_holding,initial,capital_position,8810,placed,609,Golden Road,yes,no
c_golden_crossing,b_aurinstrat,tribal_holding,initial,capital_position,9483,placed,1719,Golden Crossing,yes,no
c_torsch,b_torsch,castle_holding,initial,capital_position,6055,placed,547,Torsch,yes,no
c_torsch,b_araric,city_holding,1250.1.1,port_position,2765,placed,547,Torsch,no,no
c_old_road,b_tolling_hill,tribal_holding,initial,capital_position,10836,placed,548,Old Road,yes,no
c_firesteap_woods,b_firepost,tribal_holding,initial,capital_position,7145,placed,1721,Firesteap Woods,yes,no
c_eldergroves,b_eldersvale,tribal_holding,initial,capital_position,19150,placed,1720,Eldergroves,yes,no
c_nagarr,b_nagarr,city_holding,initial,capital_position,3381,placed,600,Nagarr,yes,no
c_kurrsh,b_kurrsh,city_holding,initial,capital_position,8053,placed,605,Kurrsh,yes,no
c_nagaflow,b_thalep,tribal_holding,initial,capital_position,5445,placed,1129,Nagaflow,yes,no
c_wintercloak,b_wintercloak_keep,tribal_holding,initial,capital_position,6259,placed,601,Wintercloak,yes,no
c_nimpeth,b_nimpeth,castle_holding,initial,capital_position,1796,placed,208,Nimpeth,yes,no
c_nimpeth,b_woren,city_holding,285.1.1,port_position,1564,placed,208,Nimpeth,no,no
c_nimpeth,b_kelgeth,church_holding,285.1.1,sampled,1394,placed,208,Nimpeth,no,no
c_nimpeth,b_acham,castle_holding,600.1.1,sampled,1677,placed,208,Nimpeth,no,no
c_lachom,b_lachom,city_holding,initial,capital_position,4280,placed,207,Lachom,yes,no
c_mimph,b_mimph,city_holding,initial,capital_position,1293,placed,1199,Mimph,yes,no
c_mimph,b_vale_vassara,castle_holding,350.1.1,sampled,1061,placed,1199,Mimph,no,no
c_mimph,b_emeralda,castle_holding,500.1.1,sampled,1104,placed,1199,Mimph,no,no
c_north_winterwood,b_misthome,tribal_holding,initial,capital_position,8239,placed,602,North Winterwood,yes,no
c_south_winterwood,b_chestam,tribal_holding,initial,capital_position,13573,placed,603,South Winterwood,yes,no
c_misted_court,b_olyseserin,tribal_holding,initial,capital_position,7595,placed,1718,Misted Court,yes,no
c_mezro,b_mezro,castle_holding,initial,capital_position,913,placed,441,Mezro,yes,no
c_mezro,b_kanu,city_holding,initial,port_position,0,demoted,441,Mezro,no,no
c_mezro,b_rotheha,church_holding,initial,sampled,441,placed,441,Mezro,no,no
c_mezro,b_nkinge,castle_holding,initial,sampled,516,placed,441,Mezro,no,no
c_mezro,b_obian,city_holding,initial,sampled,468,placed,441,Mezro,no,no
c_mezro,b_deda,church_holding,initial,sampled,541,placed,441,Mezro,no,no
c_mezro,b_agwux,castle_holding,initial,sampled,517,placed,441,Mezro,no,no
c_shatterwave,b_port_castigliar,castle_holding,initial,capital_position,4970,placed,455,Shatterwave,yes,no
c_talacoast,b_ataz_muhaha,castle_holding,initial,capital_position,1641,placed,443,Talacoast,yes,no
c_talacoast,b_hastou,city_holding,initial,port_position,935,placed,443,Talacoast,no,no
c_talacoast,b_kunnya,church_holding,initial,sampled,2060,placed,443,Talacoast,no,no
c_nyanzaru,b_port_nyanzaru,castle_holding,initial,capital_position,3939,placed,452,Nyanzaru,yes,no
c_nyanzaru,b_agwun,castle_holding,1400.1.1,sampled,1932,placed,452,Nyanzaru,no,yes
c_nyanzaru,b_babyth,church_holding,1400.1.1,sampled,2061,placed,452,Nyanzaru,no,yes
c_olung,b_olung,castle_holding,initial,capital_position,6309,placed,454,Olung,yes,no
c_wildstorm_vale,b_port_beluarian,tribal_holding,initial,capital_position,7957,placed,458,Wildstorm Vale,yes,no
c_nangalore,b_nangalore,tribal_holding,initial,capital_position,2792,placed,463,Nangalore,yes,no
c_bulobo,b_bulobo,castle_holding,initial,capital_position,6858,placed,459,Bulobo,yes,no
c_nsi,b_kir_sabal,castle_holding,initial,capital_position,2342,placed,464,Nsi,yes,no
c_nsi,b_edieh,city_holding,initial,port_position,1853,placed,464,Nsi,no,no
c_jahaka_bay,b_jahaka,castle_holding,initial,capital_position,3699,placed,461,Jahaka Bay,yes,no
c_jahaka_bay,b_kengabar,city_holding,initial,port_position,1000,placed,461,Jahaka Bay,no,no
c_mbala,b_mbala,castle_holding,initial,capital_position,10567,placed,453,Mbala,yes,no
c_orolunga,b_orolunga,tribal_holding,initial,capital_position,9429,placed,460,Orolunga,yes,no
c_matolo,b_matolo,tribal_holding,initial,capital_position,4741,placed,465,Matolo,yes,no
c_aldani_basin,b_aldani,tribal_holding,initial,capital_position,8328,placed,456,Aldani Basin,yes,no
c_ishau,b_ishau,tribal_holding,initial,capital_position,3692,placed,444,Ishau,yes,no
c_hisari,b_hisari,castle_holding,initial,capital_position,5548,placed,448,Hisari,yes,no
c_hisari,b_aggen,city_holding,initial,port_position,2498,placed,448,Hisari,no,no
c_sapphire_shores,b_bindra,castle_holding,initial,capital_position,4096,placed,445,Sapphire Shores,yes,no
c_sapphire_shores,b_adeoyen,city_holding,initial,port_position,2487,placed,445,Sapphire Shores,no,no
c_the_chultengar,b_chova_step,castle_holding,initial,capital_position,7339,placed,446,The Chultengar,yes,no
c_pterafolk_eyries,b_eyrie,tribal_holding,initial,capital_position,5922,placed,1420,Pterafolk Eyries,yes,no
c_valley_of_dread,b_klossolo,tribal_holding,initial,capital_position,9844,placed,447,Valley of Dread,yes,no
c_batiriland,b_batiri,tribal_holding,initial,capital_position,5871,placed,1421,Batiriland,yes,no
c_omu,b_omu,castle_holding,initial,capital_position,2869,placed,1566,Omu,yes,no
c_omu,b_aataz_yklawzi,city_holding,initial,port_position,1760,placed,1566,Omu,no,no
c_omu,b_bibiwe,church_holding,initial,sampled,1374,placed,1566,Omu,no,no
c_omu,b_biloga,castle_holding,initial,sampled,1186,placed,1566,Omu,no,no
c_valley_of_embers,b_aataz_kahakla,tribal_holding,initial,capital_position,5709,placed,1565,Valley of Embers,yes,no
c_shilku_bay,b_shilku,castle_holding,initial,capital_position,1767,placed,449,Shilku Bay,yes,no
c_shilku_bay,b_jeboye,city_holding,initial,port_position,1648,placed,449,Shilku Bay,no,no
c_hrakhamar,b_hrakhamar,castle_holding,initial,capital_position,1364,placed,2128,Hrakhamar,yes,no
c_hrakhamar,b_wyrmheart,church_holding,initial,sampled,781,placed,2128,Hrakhamar,no,no
c_valley_of_lost_honor,b_ataaz_yklwazi,castle_holding,initial,capital_position,6335,placed,450,Valley of Lost Honor,yes,no
c_couatl_wilds,b_kalax,tribal_holding,initial,capital_position,8171,placed,451,Couatl Wilds,yes,no
c_snapping_turtle_bay,b_belit,tribal_holding,initial,capital_position,5197,placed,462,Snapping Turtle Bay,yes,no
c_tembasi,b_tembasi,tribal_holding,initial,capital_position,6257,placed,419,Tembasi,yes,no
c_land_of_ash_and_smoke,b_pyraxia,tribal_holding,initial,capital_position,9078,placed,457,Land of Ash and Smoke,yes,no
c_samargol,b_samargol,castle_holding,initial,capital_position,1876,placed,392,Samargol,yes,no
c_samargol,b_ingress,city_holding,initial,port_position,1395,placed,392,Samargol,no,no
c_samargol,b_samar_stone,church_holding,initial,sampled,2243,placed,392,Samargol,no,no
c_samargol,b_gemhar,castle_holding,initial,sampled,1065,placed,392,Samargol,no,no
c_laas,b_laas,tribal_holding,initial,capital_position,3794,placed,410,Laas,yes,no
c_rassatan,b_rassatan,castle_holding,initial,capital_position,2638,placed,397,Rassatan,yes,no
c_rassatan,b_diboyo,city_holding,initial,port_position,1400,placed,397,Rassatan,no,no
c_snout_of_omgar,b_temmah,tribal_holding,initial,capital_position,2780,placed,396,Snout of Omgar,yes,no
c_the_samarlogh,b_samargard,castle_holding,initial,capital_position,5676,placed,442,The Samarlogh,yes,no
c_the_samarlogh,b_flatdrift,church_holding,initial,sampled,2510,placed,442,The Samarlogh,no,no
c_sorl,b_sorl,castle_holding,initial,capital_position,3318,placed,398,Sorl,yes,no
c_sorl,b_fairgrasp,city_holding,initial,port_position,2379,placed,398,Sorl,no,no
c_joums,b_joums,castle_holding,initial,capital_position,4207,placed,408,Joums,yes,no
c_joums,b_degai,city_holding,initial,port_position,2325,placed,408,Joums,no,no
c_soussal,b_soussal,castle_holding,initial,capital_position,4044,placed,409,Soussal,yes,no
c_soussal,b_rewold,city_holding,initial,port_position,3183,placed,409,Soussal,no,no
c_taruin,b_taruin,castle_holding,initial,capital_position,4632,placed,399,Taruin,yes,no
c_taruin,b_ash_kaba,church_holding,initial,sampled,2267,placed,399,Taruin,no,no
c_thindar,b_thindar,city_holding,initial,capital_position,3128,placed,430,Thindar,yes,no
c_thindar,b_gurdeth,city_holding,initial,port_position,1448,placed,430,Thindar,no,no
c_thindar,b_buta,church_holding,initial,sampled,1506,placed,430,Thindar,no,no
c_deltar,b_deltar,city_holding,initial,capital_position,3752,placed,432,Deltar,yes,no
c_deltar,b_mpashi,castle_holding,initial,sampled,2909,placed,432,Deltar,no,no
c_samagard,b_samagard,city_holding,initial,capital_position,3156,placed,433,Samagard,yes,no
c_samagard,b_chada,castle_holding,initial,sampled,1698,placed,433,Samagard,no,no
c_narubel,b_narubel,castle_holding,initial,capital_position,3774,placed,416,Narubel,yes,no
c_narubel,b_tradewind,city_holding,29.1.1,port_position,1259,placed,416,Narubel,no,no
c_ahma,b_ahma,tribal_holding,initial,capital_position,8028,placed,418,Ahma,yes,no
c_arabalar,b_arabasi,castle_holding,initial,capital_position,2746,placed,417,Arabalar,yes,no
c_arabalar,b_ngube,city_holding,initial,port_position,1336,placed,417,Arabalar,no,no
c_thingulphar,b_askam,city_holding,initial,capital_position,3013,placed,440,Thingulphar,yes,no
c_thingulphar,b_chionga,castle_holding,initial,sampled,934,placed,440,Thingulphar,no,no
c_lundeth_bay,b_old_lundeth,city_holding,initial,capital_position,2425,placed,434,Lundeth Bay,yes,no
c_lundeth_bay,b_vestilun,city_holding,initial,port_position,1543,placed,434,Lundeth Bay,no,no
c_tching,b_tchinggult,castle_holding,initial,capital_position,2727,placed,439,Tching,yes,no
c_tching,b_heyt,city_holding,initial,port_position,1833,placed,439,Tching,no,no
c_tching,b_moba,church_holding,initial,sampled,1843,placed,439,Tching,no,no
c_delselar,b_delselar,city_holding,initial,capital_position,2013,placed,435,Delselar,yes,no
c_delselar,b_chiko,city_holding,initial,port_position,584,placed,435,Delselar,no,no
c_delselar,b_chamba,church_holding,initial,sampled,653,placed,435,Delselar,no,no
c_aztul,b_aztul,castle_holding,initial,capital_position,2921,placed,436,Aztul,yes,no
c_aztul,b_bona,city_holding,initial,port_position,917,placed,436,Aztul,no,no
c_dolsel_gap,b_dolselgar,castle_holding,initial,capital_position,9396,placed,437,Dolsel Gap,yes,no
c_guth,b_guth,city_holding,initial,capital_position,3670,placed,438,Guth,yes,no
c_guth,b_olmfarth,city_holding,initial,port_position,1272,placed,438,Guth,no,no
c_heliogabalus,b_heliogabalus,castle_holding,initial,capital_position,968,placed,370,Heliogabalus,yes,no
c_heliogabalus,b_morovar,city_holding,initial,port_position,545,placed,370,Heliogabalus,no,no
c_heliogabalus,b_rosekeep,church_holding,initial,sampled,401,placed,370,Heliogabalus,no,no
c_heliogabalus,b_faymeadow,castle_holding,initial,sampled,0,demoted,370,Heliogabalus,no,no
c_heliogabalus,b_turza,city_holding,initial,,0,demoted,370,Heliogabalus,no,no
c_polten,b_withermeet,castle_holding,initial,capital_position,2112,placed,369,Polten,yes,no
c_polten,b_daleport,city_holding,initial,port_position,1447,placed,369,Polten,no,no
c_polten,b_tellerth,church_holding,initial,sampled,1257,placed,369,Polten,no,no
c_poltensmark,b_halriden,castle_holding,initial,capital_position,5607,placed,1577,Poltensmark,yes,no
c_carmathan,b_ravensburg,castle_holding,initial,capital_position,3120,placed,363,Carmathan,yes,no
c_carmathan,b_vladistone,city_holding,initial,port_position,3719,placed,363,Carmathan,no,no
c_ostel,b_praka,castle_holding,initial,capital_position,1450,placed,371,Ostel,yes,no
c_ostel,b_brotha,city_holding,initial,port_position,1277,placed,371,Ostel,no,no
c_ostel,b_portith,church_holding,initial,sampled,2215,placed,371,Ostel,no,no
c_galena_snake,b_kinbrace,castle_holding,initial,capital_position,2943,placed,1578,Galena Snake,yes,no
c_galena_snake,b_kinnery,church_holding,initial,sampled,2807,placed,1578,Galena Snake,no,no
c_ironspur,b_ironspur,castle_holding,initial,capital_position,1941,placed,2565,Ironspur,yes,no
c_ironspur,b_justins_mine,city_holding,initial,port_position,1172,placed,2565,Ironspur,no,no
c_ironspur,b_samek,church_holding,initial,sampled,1453,placed,2565,Ironspur,no,no
c_highcountry,b_helmsdale,castle_holding,initial,capital_position,3749,placed,365,Highcountry,yes,no
c_east_soravia,b_rekkavik,tribal_holding,initial,capital_position,19655,placed,368,East Soravia,yes,no
c_tokards_cross,b_tokard,tribal_holding,initial,capital_position,16393,placed,367,Tokards Cross,yes,no
c_brandiar,b_goliad,castle_holding,initial,capital_position,4984,placed,364,Brandiar,yes,no
c_brandiar,b_omskar,city_holding,initial,port_position,3226,placed,364,Brandiar,no,no
c_bloodstone,b_bloodstone,castle_holding,initial,capital_position,1167,placed,362,Bloodstone,yes,no
c_bloodstone,b_engsbar,city_holding,1236.1.1,port_position,682,placed,362,Bloodstone,no,no
c_arcata,b_ostrav,castle_holding,initial,capital_position,6802,placed,361,Arcata,yes,no
c_arcata,b_valls,city_holding,initial,port_position,4255,placed,361,Arcata,no,no
c_earthwood,b_tomrav,castle_holding,initial,capital_position,3267,placed,1181,Earthwood,yes,no
c_zhentil_keep,b_zhentil_keep,castle_holding,initial,capital_position,817,placed,266,Zhentil Keep,yes,no
c_zhentil_keep,b_thargate,city_holding,748.1.1,port_position,598,placed,266,Zhentil Keep,no,no
c_zhentil_keep,b_lone_tower,church_holding,753.1.1,sampled,989,placed,266,Zhentil Keep,no,no
c_zhentil_keep,b_linitra,castle_holding,775.1.1,sampled,1038,placed,266,Zhentil Keep,no,no
c_phlan,b_valjevo_castle,castle_holding,367.1.1,capital_position,1641,placed,341,Phlan,yes,no
c_phlan,b_phlan,city_holding,initial,port_position,1539,placed,341,Phlan,no,no
c_phlan,b_sokol_keep,church_holding,1340.1.1,sampled,2049,placed,341,Phlan,no,no
c_yulash,b_yulash,city_holding,initial,capital_position,1871,placed,267,Yulash,yes,no
c_yulash,b_maidens_loss,castle_holding,800.1.1,sampled,1238,placed,267,Yulash,no,no
c_yulash,b_abarats_folly,church_holding,800.1.1,sampled,1065,placed,267,Yulash,no,no
c_rystall_wood,b_snowmantle,city_holding,initial,capital_position,9145,placed,350,Rystall Wood,yes,no
c_north_rystall,b_coniferia,tribal_holding,initial,capital_position,8904,placed,347,North Rystall,yes,no
c_hillsfar,b_castle_maalthiir,castle_holding,900.1.1,capital_position,2130,placed,268,Hillsfar,yes,no
c_hillsfar,b_hillsfar,city_holding,initial,port_position,528,placed,268,Hillsfar,no,no
c_hillsfar,b_tailings_bay,church_holding,1100.1.1,sampled,799,placed,268,Hillsfar,no,no
c_elventree,b_elventree,castle_holding,initial,capital_position,1135,placed,269,Elventree,yes,no
c_elventree,b_halls_of_the_unicorn,church_holding,702.1.1,sampled,831,placed,269,Elventree,no,no
c_elmwood,b_elmwood,city_holding,initial,capital_position,1119,placed,2468,Elmwood,yes,no
c_elmwood,b_littleford,church_holding,initial,sampled,795,placed,2468,Elmwood,no,no
c_melvaunt,b_asberyth,church_holding,900.1.1,capital_position,1243,placed,342,Melvaunt,yes,no
c_melvaunt,b_melvaunt,city_holding,initial,port_position,0,demoted,342,Melvaunt,no,no
c_melvaunt,b_nanther_keep,city_holding,900.1.1,sampled,683,placed,342,Melvaunt,no,no
c_hulburg,b_griffonwatch_keep,castle_holding,initial,capital_position,1794,placed,344,Hulburg,yes,no
c_hulburg,b_hulburg,city_holding,940.1.1,port_position,435,placed,344,Hulburg,no,no
c_thentia,b_watchlords_tower,castle_holding,800.1.1,capital_position,1010,placed,346,Thentia,yes,no
c_thentia,b_thentia,city_holding,initial,port_position,730,placed,346,Thentia,no,no
c_thentia,b_house_of_the_moon,church_holding,800.1.1,sampled,961,placed,346,Thentia,no,no
c_mulmaster,b_mulmaster,city_holding,initial,capital_position,1083,placed,270,Mulmaster,yes,no
c_mulmaster,b_point_iron,castle_holding,934.1.1,sampled,0,demoted,270,Mulmaster,no,no
c_mulmaster,b_black_altar,church_holding,934.1.1,sampled,896,placed,270,Mulmaster,no,no
c_mulmaster,b_tower_of_the_blade,castle_holding,1080.1.1,sampled,1194,placed,270,Mulmaster,no,no
c_daltonsvale,b_fort_dalton,castle_holding,initial,capital_position,1763,placed,383,Daltonsvale,yes,no
c_daltonsvale,b_maskyrs_trail,tribal_holding,1200.1.1,sampled,828,placed,383,Daltonsvale,no,no
c_ironfang_keep,b_ironfang_keep,castle_holding,initial,capital_position,1757,placed,2470,Ironfang Keep,yes,no
c_ironfang_keep,b_eastwall,city_holding,initial,port_position,612,placed,2470,Ironfang Keep,no,no
c_ironfang_keep,b_tel_verinal,church_holding,initial,sampled,681,placed,2470,Ironfang Keep,no,no
c_galenarr,b_sulasspryn,castle_holding,initial,capital_position,1748,placed,343,Galenarr,yes,no
c_glacier_of_the_white_worm,b_mount_wormlook,tribal_holding,initial,capital_position,2695,placed,2350,Glacier of the White Worm,yes,no
c_citadel_of_the_raven,b_citadel_of_the_raven,castle_holding,initial,capital_position,2233,placed,349,Citadel of the Raven,yes,no
c_citadel_of_the_raven,b_camnods_cairn,city_holding,initial,port_position,2703,placed,349,Citadel of the Raven,no,no
c_whitehorn,b_whitehorn,city_holding,initial,capital_position,9572,placed,352,Whitehorn,yes,no
c_verdigris,b_verdigris,city_holding,initial,capital_position,3215,placed,2467,Verdigris,yes,no
c_verdigris,b_castle_of_the_twins,castle_holding,975.1.1,sampled,3743,placed,2467,Verdigris,no,no
c_ilinvur,b_ilinvur,city_holding,initial,capital_position,2917,placed,351,Ilinvur,yes,no
c_ilinvur,b_aetherglen,church_holding,1340.1.1,sampled,2463,placed,351,Ilinvur,no,no
c_ilinvur,b_verrunmill,castle_holding,1340.1.1,sampled,2332,placed,351,Ilinvur,no,no
c_barze,b_duindelve,tribal_holding,initial,capital_position,8587,placed,354,Barze,yes,no
c_vercy_wood,b_vercy_hold,tribal_holding,initial,capital_position,5193,placed,1431,Vercy Wood,yes,no
c_pelauvir,b_bridge_of_kin,tribal_holding,initial,capital_position,4901,placed,2466,Pelauvir,yes,no
c_thar,b_fangjaws_hold,tribal_holding,initial,capital_position,3893,placed,345,Thar,yes,no
c_xul_jarak,b_xul_jarak,castle_holding,initial,capital_position,2132,placed,2546,Xul-Jarak,yes,no
c_xul_jarak,b_gray_citadel,city_holding,initial,port_position,1015,placed,2546,Xul-Jarak,no,no
c_hawksroost,b_hawksroost,tribal_holding,initial,capital_position,4364,placed,348,Hawksroost,yes,no
c_glister,b_glister,castle_holding,initial,capital_position,3284,placed,1584,Glister,yes,no
c_mirror_lake,b_etuabe,tribal_holding,initial,capital_position,7868,placed,360,Mirror Lake,yes,no
c_bottomless_bog,b_moortown,tribal_holding,initial,capital_position,3880,placed,384,Bottomless Bog,yes,no
c_bottomless_bog,b_kond,city_holding,1441.1.1,port_position,2004,placed,384,Bottomless Bog,no,yes
c_bottomless_bog,b_giants_stone,church_holding,1453.1.1,sampled,2642,placed,384,Bottomless Bog,no,yes
c_stillmoors,b_granite_tower,castle_holding,initial,capital_position,5682,placed,358,Stillmoors,yes,no
c_darmshall,b_darmshall,city_holding,initial,capital_position,681,placed,357,Darmshall,yes,no
c_darmshall,b_maur_eturo,castle_holding,initial,sampled,1009,placed,357,Darmshall,no,no
c_darmshall,b_nigels_ford,church_holding,1400.1.1,sampled,690,placed,357,Darmshall,no,yes
c_darmshall,b_iron_divide,castle_holding,1450.1.1,sampled,527,placed,357,Darmshall,no,yes
c_haatar_baen,b_hillsafar_hall,castle_holding,initial,capital_position,2367,placed,1575,Haatar Baen,yes,no
c_haatar_baen,b_black_hole,city_holding,initial,port_position,1491,placed,1575,Haatar Baen,no,no
c_haatar_baen,b_mt_throndor,church_holding,initial,sampled,3014,placed,1575,Haatar Baen,no,no
c_cinnabar,b_telos,city_holding,1430.1.1,capital_position,1800,placed,359,Cinnabar,yes,yes
c_cinnabar,b_iron_sky,castle_holding,1430.1.1,sampled,1592,placed,359,Cinnabar,no,yes
c_cinnabar,b_cinnabar_wastes,castle_holding,initial,sampled,1474,placed,359,Cinnabar,no,no
c_cinnabar,b_dead_mans_bridge,church_holding,1430.1.1,sampled,1564,placed,359,Cinnabar,no,yes
c_perilous,b_castle_perilous,castle_holding,1347.1.1,capital_position,1444,placed,2554,Perilous,yes,no
c_perilous,b_daerthe,city_holding,1347.1.1,port_position,915,placed,2554,Perilous,no,no
c_perilous,b_wings_of_the_queen_reborn,church_holding,1347.1.1,sampled,1428,placed,2554,Perilous,no,no
c_perilous,b_lugsaas_slopes,tribal_holding,initial,sampled,1020,placed,2554,Perilous,no,no
c_palischuk,b_palischuk,city_holding,initial,capital_position,1714,placed,2555,Palischuk,yes,no
c_palischuk,b_ishe,church_holding,1430.1.1,sampled,1036,placed,2555,Palischuk,no,yes
c_palischuk,b_howling_kupuk,castle_holding,1368.1.1,sampled,915,placed,2555,Palischuk,no,yes
c_talagbar,b_talagbar,castle_holding,initial,capital_position,1952,placed,2556,Talagbar,yes,no
c_talagbar,b_the_rock,city_holding,initial,port_position,726,placed,2556,Talagbar,no,no
c_lilinuk,b_lilinuk,tribal_holding,initial,capital_position,12932,placed,1242,Lilinuk,yes,no
c_imajuvisik,b_imajuvisik,tribal_holding,initial,capital_position,18570,placed,1247,Imajuvisik,yes,no
c_lugotak,b_lugotak,tribal_holding,initial,capital_position,27623,placed,1265,Lugotak,yes,no
c_saichik,b_saichik,tribal_holding,initial,capital_position,25235,placed,1244,Saichik,yes,no
c_vekkak,b_vekkak,tribal_holding,initial,capital_position,13116,placed,1243,Vekkak,yes,no
c_morrowikik,b_morrowikik,tribal_holding,initial,capital_position,9757,placed,1268,Morrowikik,yes,no
c_morrowikik,b_qaini,city_holding,1371.1.1,port_position,5624,placed,1268,Morrowikik,no,yes
c_huplik,b_huplik,tribal_holding,initial,capital_position,21892,placed,1253,Huplik,yes,no
c_shannath,b_shannath,castle_holding,initial,capital_position,24474,placed,1254,Shannath,yes,no
c_ibelgrak,b_ibelgrak,tribal_holding,initial,capital_position,19217,placed,1266,Ibelgrak,yes,no
c_utui,b_utui,tribal_holding,initial,capital_position,29499,placed,1251,Utui,yes,no
c_igenghack,b_igenghack,tribal_holding,initial,capital_position,22035,placed,1252,Igenghack,yes,no
c_wertikak,b_wertikak,tribal_holding,initial,capital_position,11301,placed,1256,Wertikak,yes,no
c_jajam,b_jajam,tribal_holding,initial,capital_position,9476,placed,1258,Jajam,yes,no
c_hykopgrok,b_hykopgrok,tribal_holding,initial,capital_position,15925,placed,1245,Hykopgrok,yes,no
c_ahtitlak,b_ahtitlak,tribal_holding,initial,capital_position,11248,placed,1267,Ahtitlak,yes,no
c_ahtitlak,b_takari,church_holding,1455.1.1,sampled,5219,placed,1267,Ahtitlak,no,yes
c_eghagu,b_eghagu,tribal_holding,initial,capital_position,8296,placed,1246,Eghagu,yes,no
c_okk,b_mount_okk,church_holding,initial,capital_position,2776,placed,2564,Okk,yes,no
c_okk,b_ice_castle,castle_holding,1141.1.1,sampled,1856,placed,2564,Okk,no,no
c_kresttet,b_kresttet,tribal_holding,initial,capital_position,14345,placed,1255,Kresttet,yes,no
c_olyniak,b_olyniak,tribal_holding,initial,capital_position,9164,placed,1270,Olyniak,yes,no
c_shakkak,b_shakkak,tribal_holding,initial,capital_position,3838,placed,1269,Shakkak,yes,no
c_siksuv,b_siksuv,tribal_holding,initial,capital_position,13282,placed,1257,Siksuv,yes,no
c_gomwenk,b_gomwenk,tribal_holding,initial,capital_position,7575,placed,1250,Gomwenk,yes,no
c_patatak,b_patatak,tribal_holding,initial,capital_position,6942,placed,1248,Patatak,yes,no
c_snokkok,b_snokkok,tribal_holding,initial,capital_position,5712,placed,1249,Snokkok,yes,no
c_naupau,b_naupau,castle_holding,initial,capital_position,9455,placed,1157,Naupau,yes,no
c_naupau,b_immuyak,city_holding,initial,port_position,4409,placed,1157,Naupau,no,no
c_naupau,b_aktokisasaq,church_holding,initial,sampled,10472,placed,1157,Naupau,no,no
c_sossvaal,b_sossvaal,church_holding,initial,capital_position,32841,placed,1161,Sossvaal,yes,no
c_sossvaal,b_kainiq,castle_holding,initial,sampled,14133,placed,1161,Sossvaal,no,no
c_sundice,b_sundice,castle_holding,initial,capital_position,33299,placed,1158,Sundice,yes,no
c_dharvil,b_dharvil,church_holding,initial,capital_position,26009,placed,1159,Dharvil,yes,no
c_armridge,b_armridge,church_holding,initial,capital_position,34465,placed,1160,Armridge,yes,no
c_dareth,b_dareth_citadel,tribal_holding,initial,capital_position,5569,placed,2515,Dareth,yes,no
c_mount_sundabar,b_sundabar_citadel,tribal_holding,initial,capital_position,8393,placed,2514,Mount Sundabar,yes,no
c_heroes_height,b_heroes_height,tribal_holding,initial,capital_position,10626,placed,2323,Heroes Height,yes,no
c_fields_of_rime,b_eski,tribal_holding,initial,capital_position,27531,placed,1090,Fields of Rime,yes,no
c_gaethluntar,b_vangsland,tribal_holding,initial,capital_position,13957,placed,389,Gaethluntar,yes,no
c_wintersburn,b_wintersburn,tribal_holding,initial,capital_position,38438,placed,390,Wintersburn,yes,no
c_taurax,b_sunrise_peak,tribal_holding,initial,capital_position,31570,placed,388,Taurax,yes,no
c_end_of_light,b_end_of_light,tribal_holding,initial,capital_position,14718,placed,1089,End-of-Light,yes,no
c_end_of_light,b_deathpines,city_holding,initial,port_position,12927,placed,1089,End-of-Light,no,no
c_aurils_end,b_deryks_tomb,church_holding,initial,capital_position,30199,placed,1788,Aurils End,yes,no
c_frozen_flindyke,b_frozen_flindyke,tribal_holding,initial,capital_position,7141,placed,355,Frozen Flindyke,yes,no
c_kalterland,b_way_of_the_powrie,tribal_holding,initial,capital_position,11983,placed,2465,Kalterland,yes,no
c_chilled_plain,b_akkadash,tribal_holding,initial,capital_position,13231,placed,2472,Chilled Plain,yes,no
c_titan_peaks,b_titan_peaks,tribal_holding,initial,capital_position,8004,placed,2563,Titan Peaks,yes,no
c_remorhaz_ride,b_bluestone,tribal_holding,initial,capital_position,18212,placed,386,Remorhaz Ride,yes,no
c_aurora,b_urt,tribal_holding,initial,capital_position,14337,placed,1259,Aurora,yes,no
c_frozen_forest,b_gartthalt,tribal_holding,initial,capital_position,27247,placed,387,Frozen Forest,yes,no
c_myth_drannor,b_castle_cormanthor,castle_holding,initial,capital_position,701,placed,338,Myth Drannor,yes,no
c_myth_drannor,b_cormanthor,city_holding,initial,port_position,505,placed,338,Myth Drannor,no,no
c_myth_drannor,b_sheshyrinnam,church_holding,initial,sampled,655,placed,338,Myth Drannor,no,no
c_myth_drannor,b_kerradunath,castle_holding,initial,sampled,457,placed,338,Myth Drannor,no,no
c_myth_drannor,b_dlabraddath,city_holding,initial,sampled,469,placed,338,Myth Drannor,no,no
c_beast_marches,b_ihyrennstar,tribal_holding,initial,capital_position,1819,placed,2420,Beast Marches,yes,no
c_beast_marches,b_garnets_pure,church_holding,initial,sampled,1381,placed,2420,Beast Marches,no,no
c_greentree,b_greengrove,tribal_holding,initial,capital_position,1479,placed,1155,Greentree,yes,no
c_greentree,b_ushaalnoth,city_holding,initial,port_position,1631,placed,1155,Greentree,no,no
c_greentree,b_kerymiir,church_holding,initial,sampled,1336,placed,1155,Greentree,no,no
c_wildergroves,b_caronal,tribal_holding,initial,capital_position,1376,placed,1153,Wildergroves,yes,no
c_wildergroves,b_trenahess,city_holding,initial,port_position,1597,placed,1153,Wildergroves,no,no
c_wildergroves,b_stareyes,church_holding,initial,sampled,996,placed,1153,Wildergroves,no,no
c_elven_court,b_elven_court,castle_holding,initial,capital_position,3668,placed,335,Elven Court,yes,no
c_elven_court,b_xenphal,church_holding,initial,sampled,1543,placed,335,Elven Court,no,no
c_darkwoods,b_minauthkeep,castle_holding,initial,capital_position,4673,placed,339,Darkwoods,yes,no
c_liswood,b_halvans_wood,tribal_holding,initial,capital_position,4670,placed,340,Liswood,yes,no
c_tangled_trees,b_the_tangled_trees,tribal_holding,initial,capital_position,4204,placed,336,Tangled Trees,yes,no
c_tangled_trees,b_gielaph,castle_holding,initial,sampled,2413,placed,336,Tangled Trees,no,no
c_heartwood,b_standing_stone,castle_holding,initial,capital_position,2272,placed,2419,Heartwood,yes,no
c_heartwood,b_greatstone,city_holding,initial,port_position,1298,placed,2419,Heartwood,no,no
c_vale_of_lost_voices,b_vale_of_lost_voices,tribal_holding,initial,capital_position,3629,placed,337,Vale of Lost Voices,yes,no
c_semberholme,b_sember,tribal_holding,initial,capital_position,679,placed,333,Semberholme,yes,no
c_semberholme,b_zulmas,city_holding,initial,port_position,1095,placed,333,Semberholme,no,no
c_semberholme,b_caer_cadrin,church_holding,initial,sampled,786,placed,333,Semberholme,no,no
c_mosstrunks,b_arauvuddelve,tribal_holding,initial,capital_position,2223,placed,334,Mosstrunks,yes,no
c_mosstrunks,b_the_old_stone,city_holding,initial,port_position,1689,placed,334,Mosstrunks,no,no
c_ssrenshen,b_ssrenshen,tribal_holding,initial,capital_position,3837,placed,1154,Ssrenshen,yes,no
c_beast_country,b_beast_country,tribal_holding,initial,capital_position,3225,placed,2606,Beast Country,yes,no
c_spiderhaunt_woods,b_finders_keep,castle_holding,initial,capital_position,3546,placed,372,Spiderhaunt Woods,yes,no
c_spiderhaunt_woods,b_stormpenhauder,city_holding,1130.1.1,port_position,1814,placed,372,Spiderhaunt Woods,no,no
c_highmoon,b_highmoon,city_holding,1070.1.1,capital_position,1301,placed,275,Highmoon,yes,no
c_highmoon,b_bristar,church_holding,initial,sampled,860,placed,275,Highmoon,no,no
c_three_rivers,b_three_rivers,city_holding,initial,capital_position,2601,placed,2573,Three Rivers,yes,no
c_tegals_mark,b_tegals_mark,castle_holding,initial,capital_position,1530,placed,284,Tegal's Mark,yes,no
c_tegals_mark,b_the_just_hammer,church_holding,980.1.1,sampled,560,placed,284,Tegal's Mark,no,no
c_tegals_mark,b_tasselheart,city_holding,1030.1.1,port_position,431,placed,284,Tegal's Mark,no,no
c_archtassel,b_archtassel,castle_holding,initial,capital_position,681,placed,2574,Archtassel,yes,no
c_archtassel,b_moontassel,city_holding,1352.1.1,port_position,642,placed,2574,Archtassel,no,no
c_harrowdale,b_harrowdale,city_holding,initial,capital_position,1132,placed,277,Harrowdale,yes,no
c_harrowdale,b_two_rocks,castle_holding,1356.11.1,sampled,605,placed,277,Harrowdale,no,no
c_harrowdale,b_lanfroe,church_holding,1428.1.1,sampled,0,demoted,277,Harrowdale,no,yes
c_velarswood,b_velarswood,city_holding,initial,capital_position,961,placed,2601,Velarswood,yes,no
c_velarswood,b_harvest_moon,church_holding,1365.1.1,sampled,1212,placed,2601,Velarswood,no,yes
c_cold_field,b_cold_field,castle_holding,initial,capital_position,3371,placed,2602,Cold Field,yes,no
c_shadowdale,b_twisted_tower,castle_holding,initial,capital_position,873,placed,282,Shadowdale,yes,no
c_shadowdale,b_shadowdale,city_holding,940.1.1,port_position,721,placed,282,Shadowdale,no,no
c_shadowdale,b_elminster_tower,castle_holding,941.1.1,sampled,612,placed,282,Shadowdale,no,no
c_shadowdale,b_castle_grimstead,church_holding,1000.1.1,sampled,0,demoted,282,Shadowdale,no,no
c_freedale,b_freedale,city_holding,initial,capital_position,2811,placed,2603,Freedale,yes,no
c_shadowglade,b_shadowglade,city_holding,initial,capital_position,3611,placed,2604,Shadowglade,yes,no
c_ashabenford,b_ashabenford,city_holding,1040.1.1,capital_position,652,placed,279,Ashabenford,yes,no
c_ashabenford,b_mistletarn,castle_holding,initial,sampled,667,placed,279,Ashabenford,no,no
c_ashabenford,b_the_golden_sheaf,church_holding,1100.1.1,sampled,467,placed,279,Ashabenford,no,no
c_barrowfield,b_peldans_helm,city_holding,initial,capital_position,1049,placed,2607,Barrowfield,yes,no
c_barrowfield,b_oakengrove,church_holding,initial,sampled,414,placed,2607,Barrowfield,no,no
c_essembra,b_essembra,castle_holding,initial,capital_position,1556,placed,272,Essembra,yes,no
c_essembra,b_tangled_trees,church_holding,1050.1.1,sampled,517,placed,272,Essembra,no,no
c_essembra,b_oaknoll,city_holding,1030.1.1,port_position,883,placed,272,Essembra,no,no
c_hap,b_hap,city_holding,initial,capital_position,1587,placed,2608,Hap,yes,no
c_hap,b_tower_of_dracandros,castle_holding,1354.1.1,sampled,836,placed,2608,Hap,no,no
c_scardale,b_scardale_town,castle_holding,initial,capital_position,574,placed,280,Scardale,yes,no
c_scardale,b_scarsdeep,church_holding,950.1.1,sampled,777,placed,280,Scardale,no,no
c_scardale,b_scar_harbor,city_holding,950.1.1,port_position,620,placed,280,Scardale,no,no
c_chandlerscross,b_chandlerscross,castle_holding,initial,capital_position,1214,placed,2611,Chandlerscross,yes,no
c_chandlerscross,b_wyverns_rift,castle_holding,1358.1.1,sampled,641,placed,2611,Chandlerscross,no,yes
c_wrights_ferry,b_wrights_ferry,city_holding,initial,capital_position,2687,placed,2610,Wright's Ferry,yes,no
c_blackfeather_bridge,b_blackfeather_bridge,castle_holding,initial,capital_position,1753,placed,276,Blackfeather Bridge,yes,no
c_daggerdale,b_white_chalk_hollow,city_holding,1000.1.1,capital_position,1207,placed,274,Daggerdale,yes,no
c_daggerdale,b_teshmere,castle_holding,initial,sampled,686,placed,274,Daggerdale,no,no
c_daggerdale,b_dordrien_keep,castle_holding,850.1.1,sampled,652,placed,274,Daggerdale,no,no
c_dagger_falls,b_castle_daggerdale,castle_holding,initial,capital_position,2232,placed,2612,Dagger Falls,yes,no
c_dagger_falls,b_dagger_falls,city_holding,initial,port_position,1377,placed,2612,Dagger Falls,no,no
c_teshwave,b_teshwave,castle_holding,initial,capital_position,2070,placed,285,Teshwave,yes,no
c_teshwave,b_teshwave_manor,city_holding,initial,port_position,1063,placed,285,Teshwave,no,no
c_voonlar,b_voonlar,city_holding,initial,capital_position,4024,placed,2613,Voonlar,yes,no
c_archenbridge,b_archenbridge,castle_holding,initial,capital_position,673,placed,273,Archenbridge,yes,no
c_archenbridge,b_ramblecoats,city_holding,900.1.1,port_position,869,placed,273,Archenbridge,no,no
c_archenbridge,b_nairning,church_holding,1100.1.1,sampled,591,placed,273,Archenbridge,no,no
c_white_ford,b_white_ford,city_holding,initial,capital_position,2070,placed,2576,White Ford,yes,no
c_ordulin,b_ordulin,city_holding,initial,capital_position,3096,placed,260,Ordulin,yes,no
c_ordulin,b_bower_of_the_lady,church_holding,1140.1.1,sampled,1239,placed,260,Ordulin,no,no
c_ordulin,b_ornstar,city_holding,1070.1.1,port_position,1269,placed,260,Ordulin,no,no
c_arch_wood,b_arch_wood,tribal_holding,initial,capital_position,1634,placed,2575,Arch Wood,yes,no
c_highcastle,b_highcastle,city_holding,initial,capital_position,878,placed,278,Highcastle,yes,no
c_highcastle,b_high_castle,castle_holding,700.1.1,sampled,0,demoted,278,Highcastle,no,no
c_highcastle,b_dancing_place,church_holding,1370.1.1,sampled,939,placed,278,Highcastle,no,yes
c_hidden_vale,b_hidden_vale,city_holding,initial,capital_position,882,placed,2577,Hidden Vale,yes,no
c_sessrenglade,b_sessrenglade,tribal_holding,initial,capital_position,2021,placed,281,Sessrenglade,yes,no
c_sessrenglade,b_oversember_vale,city_holding,880.1.1,port_position,1442,placed,281,Sessrenglade,no,no
c_tilvers_gap,b_tilvers_gap,castle_holding,initial,capital_position,3542,placed,2572,Tilver's Gap,yes,no
c_leuthilspar,b_moonstone_palace,castle_holding,initial,capital_position,780,placed,1107,Leuthilspar,yes,no
c_leuthilspar,b_leuthilspar,city_holding,initial,port_position,550,placed,1107,Leuthilspar,no,no
c_leuthilspar,b_temple_of_the_seldarine,church_holding,initial,sampled,590,placed,1107,Leuthilspar,no,no
c_leuthilspar,b_the_glade,castle_holding,initial,sampled,766,placed,1107,Leuthilspar,no,no
c_leuthilspar,b_sunstone_common,city_holding,initial,sampled,447,placed,1107,Leuthilspar,no,no
c_eagle_hills,b_helespa,castle_holding,initial,capital_position,2451,placed,1117,Eagle Hills,yes,no
c_eagle_hills,b_uadinsa,city_holding,initial,port_position,950,placed,1117,Eagle Hills,no,no
c_shaelyn,b_summer_palace,castle_holding,initial,capital_position,1364,placed,1143,Shaelyn,yes,no
c_shaelyn,b_shaelynsrun,city_holding,initial,port_position,1443,placed,1143,Shaelyn,no,no
c_shaelyn,b_yessael,church_holding,initial,sampled,1563,placed,1143,Shaelyn,no,no
c_silver_hills,b_everantha,castle_holding,initial,capital_position,1800,placed,1116,Silver Hills,yes,no
c_silver_hills,b_tyathalael,city_holding,initial,port_position,1896,placed,1116,Silver Hills,no,no
c_silver_hills,b_fyfe_ortheiad,church_holding,initial,sampled,1995,placed,1116,Silver Hills,no,no
c_ruith,b_lighthouse_keep,castle_holding,initial,capital_position,3275,placed,1113,Ruith,yes,no
c_ruith,b_ruith,city_holding,initial,port_position,1088,placed,1113,Ruith,no,no
c_ruith,b_the_thousand_trees,church_holding,initial,sampled,1842,placed,1113,Ruith,no,no
c_corellons_grove,b_corellons_grove,castle_holding,initial,capital_position,2158,placed,1119,Corellons Grove,yes,no
c_corellons_grove,b_lynrion,city_holding,initial,port_position,2067,placed,1119,Corellons Grove,no,no
c_corellons_grove,b_nythle_serin,church_holding,initial,sampled,1556,placed,1119,Corellons Grove,no,no
c_elion,b_craulnober_keep,castle_holding,initial,capital_position,2156,placed,1118,Elion,yes,no
c_elion,b_elion,city_holding,initial,port_position,1253,placed,1118,Elion,no,no
c_elion,b_thelmbel,church_holding,initial,sampled,1214,placed,1118,Elion,no,no
c_taltempla,b_taltempla,castle_holding,initial,capital_position,3576,placed,1115,Taltempla,yes,no
c_taltempla,b_grove_of_the_four_winds,church_holding,initial,sampled,1230,placed,1115,Taltempla,no,no
c_taltempla,b_the_green_paths,city_holding,initial,port_position,1249,placed,1115,Taltempla,no,no
c_drelagara,b_drelagara,tribal_holding,initial,capital_position,9272,placed,1111,Drelagara,yes,no
c_othars_hand,b_othars_hand,castle_holding,initial,capital_position,1323,placed,1205,Othars Hand,yes,no
c_othars_hand,b_thilvetheas,city_holding,initial,port_position,1455,placed,1205,Othars Hand,no,no
c_othars_hand,b_springshadow,church_holding,initial,sampled,1232,placed,1205,Othars Hand,no,no
c_siiluth,b_siiluth_keep,castle_holding,initial,capital_position,893,placed,1108,Siiluth,yes,no
c_siiluth,b_nyfh,city_holding,initial,port_position,840,placed,1108,Siiluth,no,no
c_siiluth,b_esela,church_holding,initial,sampled,926,placed,1108,Siiluth,no,no
c_siiluth,b_minarisa,castle_holding,initial,sampled,883,placed,1108,Siiluth,no,no
c_sumbrar,b_sumbrar,castle_holding,initial,capital_position,614,placed,1110,Sumbrar,yes,no
c_sumbrar,b_raholona,city_holding,initial,port_position,462,placed,1110,Sumbrar,no,no
c_sumbrar,b_alumm,church_holding,initial,,0,demoted,1110,Sumbrar,no,no
c_sumbrar,b_lilian,castle_holding,initial,,0,demoted,1110,Sumbrar,no,no
c_araksa,b_araksa,castle_holding,initial,capital_position,266,placed,1120,Araksa,yes,no
c_araksa,b_ann_lenora,city_holding,initial,,0,demoted,1120,Araksa,no,no
c_araksa,b_nyhashara,church_holding,initial,,0,demoted,1120,Araksa,no,no
c_belintholme,b_belintholme,castle_holding,initial,capital_position,1431,placed,1112,Belintholme,yes,no
c_belintholme,b_gaenor,city_holding,initial,port_position,629,placed,1112,Belintholme,no,no
c_nimlith,b_nimlith,castle_holding,initial,capital_position,2830,placed,1109,Nimlith,yes,no
c_nimlith,b_jave_alari,city_holding,initial,port_position,981,placed,1109,Nimlith,no,no
c_nimlith,b_alens,church_holding,initial,sampled,1462,placed,1109,Nimlith,no,no
c_haelwood,b_haelev,castle_holding,initial,capital_position,2267,placed,1204,Haelwood,yes,no
c_haelwood,b_onorar,city_holding,initial,port_position,1380,placed,1204,Haelwood,no,no
c_haelwood,b_afen_allanar,church_holding,initial,sampled,1555,placed,1204,Haelwood,no,no
c_the_farmeadows,b_farmeadows,castle_holding,initial,capital_position,2361,placed,1114,The Farmeadows,yes,no
c_the_farmeadows,b_ullhonoris,city_holding,initial,port_position,1178,placed,1114,The Farmeadows,no,no
c_suzail,b_azoun_palace,castle_holding,initial,capital_position,635,placed,249,Suzail,yes,no
c_suzail,b_suzail,city_holding,26.1.2,port_position,0,demoted,249,Suzail,no,no
c_suzail,b_hilp,church_holding,376.1.1,sampled,612,placed,249,Suzail,no,no
c_suzail,b_jesters_green,castle_holding,432.1.1,sampled,447,placed,249,Suzail,no,no
c_suzail,b_gray_oaks,city_holding,1019.1.1,sampled,524,placed,249,Suzail,no,no
c_wyvernwater,b_wheloon,city_holding,250.1.1,capital_position,844,placed,250,Wyvernwater,yes,no
c_wyvernwater,b_redstone,castle_holding,initial,sampled,628,placed,250,Wyvernwater,no,no
c_wyvernwater,b_immersea,church_holding,900.1.1,sampled,596,placed,250,Wyvernwater,no,no
c_warmshores,b_warmshores,castle_holding,initial,capital_position,1544,placed,255,Warmshores,yes,no
c_warmshores,b_zundle,city_holding,500.1.1,port_position,0,demoted,255,Warmshores,no,no
c_kings_forest,b_waymoot,castle_holding,initial,capital_position,2285,placed,301,Kings Forest,yes,no
c_kings_forest,b_stag_steads,city_holding,250.1.1,port_position,1691,placed,301,Kings Forest,no,no
c_marsember,b_marsember,city_holding,initial,capital_position,406,placed,252,Marsember,yes,no
c_marsember,b_sharmran_isle,church_holding,230.1.1,sampled,557,placed,252,Marsember,no,no
c_marsember,b_antanmarans_isle,castle_holding,230.1.1,sampled,526,placed,252,Marsember,no,no
c_marsember,b_kings_tower,castle_holding,initial,sampled,432,placed,252,Marsember,no,no
c_marsember,b_blustich,city_holding,1430.1.1,,0,demoted,252,Marsember,no,yes
c_dawngleam,b_dawngleam,castle_holding,initial,capital_position,1309,placed,254,Dawngleam,yes,no
c_dawngleam,b_kirinwood,city_holding,initial,port_position,1130,placed,254,Dawngleam,no,no
c_monksblade,b_monksblade,castle_holding,initial,capital_position,1893,placed,478,Monksblade,yes,no
c_monksblade,b_juniril,city_holding,initial,port_position,1095,placed,478,Monksblade,no,no
c_thunderstone,b_thunderstone,castle_holding,initial,capital_position,1322,placed,332,Thunderstone,yes,no
c_thunderstone,b_besert,city_holding,initial,port_position,1278,placed,332,Thunderstone,no,no
c_thunderstone,b_ghars,church_holding,720.1.1,sampled,943,placed,332,Thunderstone,no,no
c_vast_swamp,b_lost_refuge,tribal_holding,initial,capital_position,2841,placed,1564,Vast Swamp,yes,no
c_thunder_gap,b_thunderlun,castle_holding,initial,capital_position,1690,placed,1391,Thunder Gap,yes,no
c_thunder_gap,b_volkumburgh,city_holding,1115.1.1,port_position,1676,placed,1391,Thunder Gap,no,no
c_hullack_forest,b_tethgard,castle_holding,initial,capital_position,3392,placed,329,Hullack Forest,yes,no
c_hullack_forest,b_wyvernstones,city_holding,1115.1.1,port_position,2173,placed,329,Hullack Forest,no,no
c_immerflow,b_hillmarch,castle_holding,initial,capital_position,1830,placed,466,Immerflow,yes,no
c_immerflow,b_masoners_bridge,city_holding,300.1.1,port_position,1068,placed,466,Immerflow,no,no
c_arabel,b_the_citadel,castle_holding,initial,capital_position,975,placed,253,Arabel,yes,no
c_arabel,b_arabel,city_holding,300.1.1,port_position,1085,placed,253,Arabel,no,no
c_arabel,b_the_ladys_hall,church_holding,670.1.1,sampled,828,placed,253,Arabel,no,no
c_arabel,b_yeoman_bridge,castle_holding,1360.1.1,sampled,864,placed,253,Arabel,no,yes
c_redspring,b_castle_kilgrave,castle_holding,initial,capital_position,1170,placed,331,Redspring,yes,no
c_redspring,b_castle_crag,castle_holding,1357.1.1,sampled,1214,placed,331,Redspring,no,no
c_redspring,b_redspring,church_holding,1160.1.1,sampled,1097,placed,331,Redspring,no,no
c_eveningstar,b_eveningstar,castle_holding,initial,capital_position,850,placed,251,Eveningstar,yes,no
c_eveningstar,b_espar,city_holding,310.1.1,port_position,681,placed,251,Eveningstar,no,no
c_eveningstar,b_tyrluk,church_holding,810.1.1,sampled,789,placed,251,Eveningstar,no,no
c_eveningstar,b_harkstead,castle_holding,1410.1.1,sampled,547,placed,251,Eveningstar,no,yes
c_high_horn,b_high_horn,castle_holding,initial,capital_position,2006,placed,2516,High Horn,yes,no
c_high_horn,b_huthduth,church_holding,237.1.1,sampled,877,placed,2516,High Horn,no,no
c_storm_horns,b_skull_crag,castle_holding,initial,capital_position,2097,placed,286,Storm Horns,yes,no
c_storm_horns,b_greatgaunt,city_holding,1018.1.1,port_position,1039,placed,286,Storm Horns,no,no
c_lyrabar,b_lyrabar,castle_holding,initial,capital_position,1220,placed,400,Lyrabar,yes,no
c_lyrabar,b_moranay,city_holding,initial,port_position,936,placed,400,Lyrabar,no,no
c_lyrabar,b_bertiholm,church_holding,initial,sampled,1430,placed,400,Lyrabar,no,no
c_hlammach,b_hlammach,castle_holding,initial,capital_position,523,placed,1585,Hlammach,yes,no
c_hlammach,b_amgoth,city_holding,initial,port_position,435,placed,1585,Hlammach,no,no
c_hlammach,b_pick_and_axe,church_holding,initial,sampled,931,placed,1585,Hlammach,no,no
c_dilpur,b_dilpur,castle_holding,initial,capital_position,1198,placed,391,Dilpur,yes,no
c_dilpur,b_red_bluffs,city_holding,initial,port_position,483,placed,391,Dilpur,no,no
c_songhal,b_songhal,castle_holding,initial,capital_position,2098,placed,407,Songhal,yes,no
c_songhal,b_filfur,church_holding,initial,sampled,1471,placed,407,Songhal,no,no
c_dun_orthass,b_dun_orthass,castle_holding,initial,capital_position,2414,placed,2537,Dun-Orthass,yes,no
c_ilmwatch,b_ilmwatch,castle_holding,initial,capital_position,1886,placed,401,Ilmwatch,yes,no
c_ilmwatch,b_cairnpur,city_holding,initial,port_position,1319,placed,401,Ilmwatch,no,no
c_ilmwatch,b_maracath,church_holding,initial,sampled,1734,placed,401,Ilmwatch,no,no
c_lenchvale,b_baytown,castle_holding,initial,capital_position,3175,placed,393,Lenchvale,yes,no
c_lenchvale,b_lenchford,city_holding,initial,port_position,2062,placed,393,Lenchvale,no,no
c_soleineflow,b_maracrath,castle_holding,initial,capital_position,2766,placed,394,Soleineflow,yes,no
c_soleineflow,b_guidodale,city_holding,initial,port_position,887,placed,394,Soleineflow,no,no
c_sarshel,b_sarshel,castle_holding,initial,capital_position,2741,placed,403,Sarshel,yes,no
c_sarshel,b_thelnam,city_holding,initial,port_position,2186,placed,403,Sarshel,no,no
c_sarshel,b_arns_cove,church_holding,initial,sampled,1867,placed,403,Sarshel,no,no
c_laviguer,b_laviguer,castle_holding,initial,capital_position,1836,placed,405,Laviguer,yes,no
c_three_horns,b_three_horns,castle_holding,initial,capital_position,1918,placed,402,Three Horns,yes,no
c_three_horns,b_borgars_mill,city_holding,initial,port_position,835,placed,402,Three Horns,no,no
c_middenlands,b_mal,castle_holding,initial,capital_position,3268,placed,1580,Middenlands,yes,no
c_middenlands,b_black_rose,church_holding,initial,sampled,3492,placed,1580,Middenlands,no,no
c_uplands,b_uphold,castle_holding,initial,capital_position,4480,placed,406,Uplands,yes,no
c_uplands,b_ithfel,city_holding,initial,port_position,2607,placed,406,Uplands,no,no
c_velprintalar,b_velprintalar,castle_holding,initial,capital_position,533,placed,1024,Velprintalar,yes,no
c_velprintalar,b_findar,city_holding,initial,port_position,714,placed,1024,Velprintalar,no,no
c_velprintalar,b_corth,church_holding,initial,sampled,617,placed,1024,Velprintalar,no,no
c_velprintalar,b_tahirba,castle_holding,initial,sampled,495,placed,1024,Velprintalar,no,no
c_orithar,b_orithar,castle_holding,initial,capital_position,1828,placed,1026,Orithar,yes,no
c_orithar,b_dahst,city_holding,initial,port_position,1875,placed,1026,Orithar,no,no
c_orithar,b_furthinghome,church_holding,initial,sampled,1453,placed,1026,Orithar,no,no
c_urve,b_urve,castle_holding,initial,capital_position,1362,placed,1027,Urve,yes,no
c_urve,b_urst,city_holding,initial,port_position,814,placed,1027,Urve,no,no
c_emmech,b_emmech,castle_holding,initial,capital_position,1236,placed,1028,Emmech,yes,no
c_emmech,b_viedana,city_holding,initial,port_position,1149,placed,1028,Emmech,no,no
c_dlusk,b_dlusk,castle_holding,initial,capital_position,1849,placed,1025,Dlusk,yes,no
c_dlusk,b_mesring,city_holding,initial,port_position,1612,placed,1025,Dlusk,no,no
c_watchwall,b_thayguard,castle_holding,initial,capital_position,850,placed,1427,Watchwall,yes,no
c_watchwall,b_glarondar,castle_holding,initial,sampled,574,placed,1427,Watchwall,no,no
c_watchwall,b_shyver_pass,castle_holding,initial,sampled,0,demoted,1427,Watchwall,no,no
c_relkaths_foot,b_royal_hall,castle_holding,initial,capital_position,1508,placed,2437,Relkaths Foot,yes,no
c_relkaths_foot,b_relkaths_foot,city_holding,initial,port_position,1846,placed,2437,Relkaths Foot,no,no
c_relkaths_foot,b_house_of_the_leaflord,church_holding,initial,sampled,1498,placed,2437,Relkaths Foot,no,no
c_sunglade,b_sunglade,castle_holding,initial,capital_position,5313,placed,1241,Sunglade,yes,no
c_yuirwood,b_yuirin,castle_holding,initial,capital_position,2461,placed,1057,Yuirwood,yes,no
c_yuirwood,b_caer_malla,city_holding,initial,port_position,2475,placed,1057,Yuirwood,no,no
c_yuirwood,b_enens,church_holding,initial,sampled,2476,placed,1057,Yuirwood,no,no
c_isle_of_prespur,b_badest,castle_holding,initial,capital_position,755,placed,1134,Isle of Prespur,yes,no
c_isle_of_prespur,b_frowinor,city_holding,1335.1.1,,0,demoted,1134,Isle of Prespur,no,no
c_alphar_and_kelthan,b_alphar,castle_holding,initial,capital_position,970,placed,1137,Alphar and Kelthan,yes,no
c_alphar_and_kelthan,b_sart,city_holding,initial,port_position,0,demoted,1137,Alphar and Kelthan,no,no
c_dragonisle,b_immurks_hold,castle_holding,initial,capital_position,784,placed,1136,Dragonisle,yes,no
c_dragonisle,b_larth,city_holding,initial,,0,demoted,1136,Dragonisle,no,no
c_the_jaws,b_harnor,castle_holding,initial,capital_position,812,placed,1138,The Jaws,yes,no
c_the_jaws,b_mumpel,city_holding,initial,port_position,0,demoted,1138,The Jaws,no,no
c_the_wayrock,b_kelpar,tribal_holding,initial,capital_position,268,placed,1146,The Wayrock,yes,no
c_whamite_isles,b_sthega,castle_holding,initial,capital_position,128,placed,1135,Whamite Isles,yes,no
c_whamite_isles,b_seckha,city_holding,initial,,0,demoted,1135,Whamite Isles,no,no
c_westgate,b_crownhall,castle_holding,initial,capital_position,913,placed,190,Westgate,yes,no
c_westgate,b_westgate,city_holding,initial,port_position,0,demoted,190,Westgate,no,no
c_westgate,b_tidetown,city_holding,initial,sampled,789,placed,190,Westgate,no,no
c_westgate,b_spirestone,church_holding,initial,sampled,885,placed,190,Westgate,no,no
c_westgate,b_westarend,castle_holding,initial,sampled,716,placed,190,Westgate,no,no
c_traders_road,b_karsus_keep,castle_holding,initial,capital_position,3132,placed,1227,Traders Road,yes,no
c_traders_road,b_smugglers_bank,city_holding,initial,port_position,3778,placed,1227,Traders Road,no,no
c_redwater_dale,b_redwater,castle_holding,initial,capital_position,2927,placed,189,Redwater Dale,yes,no
c_elversult,b_moonstorm_house,castle_holding,initial,capital_position,1313,placed,185,Elversult,yes,no
c_elversult,b_elversult,city_holding,1090.1.1,port_position,1415,placed,185,Elversult,no,no
c_elversult,b_temple_hill,church_holding,1170.1.1,sampled,1459,placed,185,Elversult,no,no
c_elversult,b_the_fair,city_holding,1300.1.1,sampled,1432,placed,185,Elversult,no,no
c_ilipur,b_ilipur,city_holding,initial,capital_position,1107,placed,1430,Ilipur,yes,no
c_ilipur,b_bloodtower,castle_holding,initial,sampled,1126,placed,1430,Ilipur,no,no
c_priapurl,b_priapurl,castle_holding,initial,capital_position,5347,placed,186,Priapurl,yes,no
c_priapurl,b_mindulgulph,castle_holding,1345.1.1,sampled,2518,placed,186,Priapurl,no,no
c_proskur,b_proskur,city_holding,initial,capital_position,5476,placed,184,Proskur,yes,no
c_proskur,b_illimpakh,castle_holding,1310.1.1,sampled,1826,placed,184,Proskur,no,no
c_cedarvale,b_cedarsproke,church_holding,initial,capital_position,8885,placed,570,Cedarvale,yes,no
c_eastgulth,b_tanglefoot,church_holding,initial,capital_position,8127,placed,572,Eastgulth,yes,no
c_westgulth,b_gurnth,church_holding,initial,capital_position,12567,placed,571,Westgulth,yes,no
c_orbrekh_hills,b_little_orbrekh,tribal_holding,initial,capital_position,9226,placed,1714,Orbrekh Hills,yes,no
c_teziir,b_teziir,city_holding,initial,capital_position,2204,placed,187,Teziir,yes,no
c_teziir,b_daragang,castle_holding,1312.1.1,sampled,2137,placed,187,Teziir,no,no
c_teziir,b_noum,church_holding,1312.1.1,sampled,1086,placed,187,Teziir,no,no
c_reddansyr,b_reddansyr,city_holding,initial,capital_position,4417,placed,188,Reddansyr,yes,no
c_upper_reddan,b_wyrms_hamlet,city_holding,initial,capital_position,5084,placed,2409,Upper Reddan,yes,no
c_starmantle,b_starmantle,city_holding,initial,capital_position,2786,placed,191,Starmantle,yes,no
c_starmantle,b_vamars_tower,castle_holding,300.1.1,sampled,2257,placed,191,Starmantle,no,no
c_starmantle,b_inske,church_holding,500.1.1,sampled,1387,placed,191,Starmantle,no,no
c_amry,b_amry,castle_holding,initial,capital_position,2183,placed,303,Amry,yes,no
c_amry,b_strestead,city_holding,initial,port_position,1306,placed,303,Amry,no,no
c_telpir,b_telpir,city_holding,initial,capital_position,2230,placed,248,Telpir,yes,no
c_telpir,b_st_caham,church_holding,initial,sampled,1052,placed,248,Telpir,no,no
c_tantras,b_the_sea_tower,castle_holding,initial,capital_position,421,placed,262,Tantras,yes,no
c_tantras,b_tantras,city_holding,initial,port_position,595,placed,262,Tantras,no,no
c_tantras,b_house_of_glory,church_holding,initial,sampled,546,placed,262,Tantras,no,no
c_tantras,b_orlimmin,castle_holding,initial,sampled,0,demoted,262,Tantras,no,no
c_tantras,b_highbank_forest,city_holding,initial,sampled,470,placed,262,Tantras,no,no
c_calaunt,b_fortress_of_the_five_vultures,castle_holding,initial,capital_position,938,placed,264,Calaunt,yes,no
c_calaunt,b_calaunt,city_holding,initial,port_position,0,demoted,264,Calaunt,no,no
c_calaunt,b_moonsilver_house,church_holding,initial,sampled,1845,placed,264,Calaunt,no,no
c_ravens_bluff,b_ravendark_castle,castle_holding,initial,capital_position,620,placed,263,Ravens Bluff,yes,no
c_ravens_bluff,b_altarside,church_holding,initial,sampled,746,placed,263,Ravens Bluff,no,no
c_ravens_bluff,b_bitterstone,city_holding,initial,port_position,771,placed,263,Ravens Bluff,no,no
c_ravens_bluff,b_seaglimpse,castle_holding,initial,sampled,615,placed,263,Ravens Bluff,no,no
c_hlintar,b_hlintar,city_holding,initial,capital_position,4739,placed,381,Hlintar,yes,no
c_fire_river,b_dragon_falls,castle_holding,initial,capital_position,2435,placed,379,Fire River,yes,no
c_fire_river,b_goldenford,city_holding,1242.1.1,port_position,954,placed,379,Fire River,no,no
c_procampur,b_procampur,castle_holding,initial,capital_position,3083,placed,265,Procampur,yes,no
c_procampur,b_high_haspur,city_holding,initial,port_position,1302,placed,265,Procampur,no,no
c_procampur,b_maerstar,church_holding,initial,sampled,0,demoted,265,Procampur,no,no
c_grey_wood,b_caerenvalt,tribal_holding,initial,capital_position,5994,placed,1202,Grey Wood,yes,no
c_tsurlagol,b_tsurlagol,city_holding,initial,capital_position,1324,placed,404,Tsurlagol,yes,no
c_tsurlagol,b_sevencho,castle_holding,initial,sampled,1253,placed,404,Tsurlagol,no,no
c_tsurlagol,b_graypike,church_holding,initial,sampled,834,placed,404,Tsurlagol,no,no
c_brynwood,b_duras_vale,tribal_holding,initial,capital_position,3634,placed,1582,Brynwood,yes,no
c_kings_reach,b_kings_reach,castle_holding,initial,capital_position,6219,placed,380,Kings Reach,yes,no
c_kings_reach,b_swords_pool,city_holding,initial,port_position,2658,placed,380,Kings Reach,no,no
c_karondar,b_karon,tribal_holding,initial,capital_position,6262,placed,1581,Karondar,yes,no
c_earthfast,b_earthfast,castle_holding,initial,capital_position,999,placed,1569,Earthfast,yes,no
c_earthfast,b_halrunedar,city_holding,initial,port_position,500,placed,1569,Earthfast,no,no
c_ylraphon,b_ylraphon,city_holding,initial,capital_position,2889,placed,271,Ylraphon,yes,no
c_ylraphon,b_tavilar,castle_holding,initial,sampled,1069,placed,271,Ylraphon,no,no
c_kurth,b_kurth,castle_holding,initial,capital_position,2818,placed,382,Kurth,yes,no
c_kurth,b_maskyrs_eye,city_holding,initial,port_position,1075,placed,382,Kurth,no,no
c_hollow_mountain,b_hollow_mountain,tribal_holding,initial,capital_position,777,placed,2471,Hollow Mountain,yes,no
c_hollow_mountain,b_deepfires,castle_holding,initial,sampled,607,placed,2471,Hollow Mountain,no,no
c_hollow_mountain,b_glimmering_swords,castle_holding,initial,sampled,581,placed,2471,Hollow Mountain,no,no
c_selgaunt,b_selgaunt,city_holding,initial,capital_position,566,placed,256,Selgaunt,yes,no
c_selgaunt,b_palace_of_the_hulorn,castle_holding,900.1.1,sampled,844,placed,256,Selgaunt,no,no
c_selgaunt,b_the_high_bridge,city_holding,1100.1.1,port_position,574,placed,256,Selgaunt,no,no
c_selgaunt,b_oxblood,city_holding,500.1.1,sampled,605,placed,256,Selgaunt,no,no
c_selgaunt,b_firehairs_house,church_holding,700.1.1,sampled,613,placed,256,Selgaunt,no,no
c_saerloon,b_saerloon,city_holding,initial,capital_position,1813,placed,258,Saerloon,yes,no
c_saerloon,b_dolphin_market,city_holding,500.1.1,port_position,1020,placed,258,Saerloon,no,no
c_saerloon,b_house_of_the_high_one,church_holding,1000.1.1,sampled,1518,placed,258,Saerloon,no,no
c_saerloon,b_aria,castle_holding,1470.1.1,sampled,999,placed,258,Saerloon,no,yes
c_mulhessen,b_mulhessen,city_holding,initial,capital_position,1583,placed,304,Mulhessen,yes,no
c_mulhessen,b_olturret,city_holding,720.1.1,port_position,1099,placed,304,Mulhessen,no,no
c_saerb,b_saerb,city_holding,initial,capital_position,2625,placed,2421,Saerb,yes,no
c_saerb,b_fairhaven,city_holding,720.1.1,port_position,1325,placed,2421,Saerb,no,no
c_daerlun,b_daerlun,city_holding,initial,capital_position,1261,placed,259,Daerlun,yes,no
c_daerlun,b_bergun_hall,city_holding,610.1.1,port_position,1430,placed,259,Daerlun,no,no
c_daerlun,b_house_of_firehair,church_holding,750.1.1,sampled,698,placed,259,Daerlun,no,no
c_daerlun,b_griffonfang_bridge,castle_holding,1100.1.1,sampled,1208,placed,259,Daerlun,no,no
c_huddagh,b_huddagh,city_holding,initial,capital_position,2230,placed,327,Huddagh,yes,no
c_huddagh,b_halfknot,castle_holding,800.1.1,sampled,1872,placed,327,Huddagh,no,no
c_huddagh,b_kulta,church_holding,1200.1.1,sampled,1535,placed,327,Huddagh,no,no
c_urmlaspyr,b_urmlaspyr,city_holding,initial,capital_position,1591,placed,257,Urmlaspyr,yes,no
c_urmlaspyr,b_waham,city_holding,700.1.1,port_position,1277,placed,257,Urmlaspyr,no,no
c_urmlaspyr,b_sentry_hill,church_holding,1390.1.1,sampled,1538,placed,257,Urmlaspyr,no,yes
c_nolin,b_nolin,city_holding,initial,capital_position,2247,placed,2418,Nolin,yes,no
c_nolin,b_jarliel,city_holding,610.1.1,port_position,1090,placed,2418,Nolin,no,no
c_yhaunn,b_roadkeep,castle_holding,913.1.1,capital_position,3601,placed,261,Yhaunn,yes,no
c_yhaunn,b_yhaunn,city_holding,initial,port_position,1508,placed,261,Yhaunn,no,no
c_yhaunn,b_moonshadow_hall,church_holding,400.1.1,sampled,689,placed,261,Yhaunn,no,no
c_yhaunn,b_stiltways,city_holding,1350.1.1,sampled,1126,placed,261,Yhaunn,no,no
c_aluivyn,b_prensak,city_holding,initial,capital_position,2036,placed,1206,Aluivyn,yes,no
c_aluivyn,b_obbles,city_holding,720.1.1,port_position,2129,placed,1206,Aluivyn,no,no
c_aluivyn,b_chimish,church_holding,913.1.1,sampled,1876,placed,1206,Aluivyn,no,no
c_tulbeghoth,b_tulbegh,city_holding,initial,capital_position,3332,placed,231,Tulbeghoth,yes,no
c_tulbeghoth,b_highpoint,castle_holding,920.1.1,sampled,1607,placed,231,Tulbeghoth,no,no
c_klionna,b_klionna,castle_holding,initial,capital_position,1290,placed,748,Klionna,yes,no
c_klionna,b_chavyondat,city_holding,initial,port_position,829,placed,748,Klionna,no,no
c_klionna,b_tammat,church_holding,initial,sampled,1446,placed,748,Klionna,no,no
c_klionna,b_helshagar,castle_holding,initial,sampled,1950,placed,748,Klionna,no,no
c_kingshore,b_gapure,castle_holding,initial,capital_position,8120,placed,734,Kingshore,yes,no
c_kingshore,b_nerahu,city_holding,initial,port_position,3476,placed,734,Kingshore,no,no
c_the_white_rocks,b_white_rocks,castle_holding,initial,capital_position,243,placed,1125,The White Rocks,yes,no
c_zabbasz,b_zabbasz,castle_holding,initial,capital_position,2925,placed,1212,Zabbasz,yes,no
c_zabbasz,b_perambapur,city_holding,initial,port_position,1586,placed,1212,Zabbasz,no,no
c_zabbasz,b_hurambash,church_holding,initial,sampled,2391,placed,1212,Zabbasz,no,no
c_ulara,b_ulara,castle_holding,initial,capital_position,14961,placed,749,Ulara,yes,no
c_ulara,b_thancha,city_holding,initial,port_position,7336,placed,749,Ulara,no,no
c_envarl,b_gafolh,castle_holding,initial,capital_position,4681,placed,751,Envarl,yes,no
c_envarl,b_mangori,city_holding,initial,port_position,2842,placed,751,Envarl,no,no
c_gundar_forest,b_gundar_kanga,castle_holding,initial,capital_position,4426,placed,752,Gundar Forest,yes,no
c_rastaal,b_rastaal,castle_holding,initial,capital_position,7230,placed,750,Rastaal,yes,no
c_heldar,b_heldapan,city_holding,initial,capital_position,1819,placed,771,Heldar,yes,no
c_heldar,b_seldazar,castle_holding,initial,sampled,2061,placed,771,Heldar,no,no
c_heldar,b_agankmu,church_holding,initial,sampled,2405,placed,771,Heldar,no,no
c_heldar,b_ramumbua,castle_holding,initial,sampled,1916,placed,771,Heldar,no,no
c_heldar,b_sradiga,city_holding,initial,port_position,1627,placed,771,Heldar,no,no
c_adamas_tooth,b_huorm,city_holding,initial,capital_position,3310,placed,765,Adamas Tooth,yes,no
c_adamas_tooth,b_mulur,castle_holding,initial,sampled,1419,placed,765,Adamas Tooth,no,no
c_orpher,b_orpher,city_holding,initial,capital_position,4214,placed,767,Orpher,yes,no
c_orpher,b_vurpar,castle_holding,initial,sampled,2505,placed,767,Orpher,no,no
c_sezilinta,b_sezilinta,city_holding,initial,capital_position,1834,placed,766,Sezilinta,yes,no
c_sezilinta,b_ssundyl,castle_holding,initial,sampled,1259,placed,766,Sezilinta,no,no
c_sezilinta,b_narba,church_holding,initial,sampled,1174,placed,766,Sezilinta,no,no
c_dustwall,b_bralizzar,tribal_holding,initial,capital_position,11397,placed,770,Dustwall,yes,no
c_delrune,b_delrune,tribal_holding,initial,capital_position,11385,placed,1790,Delrune,yes,no
c_thommar,b_thommardale,castle_holding,initial,capital_position,5260,placed,1145,Thommar,yes,no
c_thommar,b_ahatk,city_holding,initial,port_position,5403,placed,1145,Thommar,no,no
c_morvar,b_morvar,city_holding,initial,capital_position,1669,placed,774,Morvar,yes,no
c_morvar,b_carmuel,castle_holding,initial,sampled,1602,placed,774,Morvar,no,no
c_morvar,b_fasianad,church_holding,initial,sampled,1132,placed,774,Morvar,no,no
c_ajmer_forest,b_orodan,tribal_holding,initial,capital_position,10198,placed,775,Ajmer Forest,yes,no
c_protain,b_protain,city_holding,initial,capital_position,2708,placed,776,Protain,yes,no
c_protain,b_vanamu,castle_holding,initial,sampled,862,placed,776,Protain,no,no
c_sandsrun,b_sandsrun,city_holding,initial,capital_position,4610,placed,773,Sandsrun,yes,no
c_sandsrun,b_pharsul,castle_holding,initial,sampled,2258,placed,773,Sandsrun,no,no
c_saekolath,b_saekolath,castle_holding,initial,capital_position,2395,placed,2552,Saekolath,yes,no
c_saekolath,b_place_of_shade,church_holding,initial,sampled,664,placed,2552,Saekolath,no,no
c_saekolath,b_vinetrunks,city_holding,initial,port_position,766,placed,2552,Saekolath,no,no
c_vaelan,b_vaelan,city_holding,initial,capital_position,2075,placed,764,Vaelan,yes,no
c_vaelan,b_assur,castle_holding,1103.1.1,sampled,1494,placed,764,Vaelan,no,no
c_vaelan,b_atarem,church_holding,1103.1.1,sampled,1283,placed,764,Vaelan,no,no
c_durgach,b_durgach,castle_holding,initial,capital_position,2566,placed,772,Durgach,yes,no
c_durgach,b_gust,city_holding,initial,port_position,1090,placed,772,Durgach,no,no
c_ormpe,b_ormpe,city_holding,initial,capital_position,1834,placed,769,Ormpe,yes,no
c_ormpe,b_muramba,castle_holding,1103.1.1,sampled,1806,placed,769,Ormpe,no,no
c_ormpe,b_chanyist,church_holding,1103.1.1,sampled,1622,placed,769,Ormpe,no,no
c_turelve,b_turelve,city_holding,initial,capital_position,4804,placed,768,Turelve,yes,no
c_turelve,b_atalans,castle_holding,initial,sampled,2143,placed,768,Turelve,no,no
c_terbakar,b_terbakar,castle_holding,initial,capital_position,25541,placed,1069,Terbakar,yes,no
c_al_qahera,b_al_qahera,castle_holding,initial,capital_position,15854,placed,1075,al-Qahera,yes,no
c_al_qahera,b_atao,city_holding,initial,port_position,10885,placed,1075,al-Qahera,no,no
c_al_qahera,b_abaghajin,church_holding,initial,sampled,12409,placed,1075,al-Qahera,no,no
c_pazar,b_pazar,tribal_holding,initial,capital_position,9350,placed,1076,Pazar,yes,no
c_pazar,b_sule,city_holding,initial,port_position,4017,placed,1076,Pazar,no,no
c_phoenix,b_carthag,tribal_holding,initial,capital_position,6297,placed,1128,Phoenix,yes,no
c_phoenix,b_akhir,city_holding,initial,port_position,3013,placed,1128,Phoenix,no,no
c_fuirgar,b_acks,castle_holding,initial,capital_position,5696,placed,724,Fuirgar,yes,no
c_fuirgar,b_telser,city_holding,initial,port_position,2947,placed,724,Fuirgar,no,no
c_fuirgar,b_vasherjar,church_holding,initial,sampled,3699,placed,724,Fuirgar,no,no
c_nezras,b_nezras,castle_holding,initial,capital_position,10783,placed,725,Nezras,yes,no
c_hundred_spears,b_hundred_spears,tribal_holding,initial,capital_position,16012,placed,556,Hundred Spears,yes,no
c_imroley,b_imroley,castle_holding,initial,capital_position,19764,placed,1079,Imroley,yes,no
c_maskana,b_maskana,tribal_holding,initial,capital_position,12032,placed,1080,Maskana,yes,no
c_jab,b_jab,church_holding,initial,capital_position,21516,placed,1071,Jab,yes,no
c_chiem,b_chiem,castle_holding,initial,capital_position,25898,placed,1083,Chiem,yes,no
c_peskar,b_peskar,tribal_holding,initial,capital_position,11792,placed,1084,Peskar,yes,no
c_akararbasa,b_akararbasa,tribal_holding,initial,capital_position,21288,placed,1758,Akararbasa,yes,no
c_khuld,b_khuld,tribal_holding,initial,capital_position,15367,placed,1078,Khuld,yes,no
c_khuld,b_muinach,church_holding,1385.7.1,sampled,9975,placed,1078,Khuld,no,yes
c_plain_of_the_talon,b_tower_of_the_talon,tribal_holding,initial,capital_position,21656,placed,1087,Plain of the Talon,yes,no
c_rauder,b_rauder,castle_holding,initial,capital_position,16595,placed,1088,Rauder,yes,no
c_ket_bel,b_ket_bel,tribal_holding,initial,capital_position,16863,placed,1757,Ket-Bel,yes,no
c_solon,b_solon,castle_holding,initial,capital_position,8277,placed,1077,Solon,yes,no
c_solon,b_salarijab,city_holding,initial,port_position,4971,placed,1077,Solon,no,no
c_solon,b_tatsalarana,church_holding,initial,sampled,7456,placed,1077,Solon,no,no
c_jorhat_shan,b_jorhat_shan,castle_holding,initial,capital_position,18138,placed,825,Jorhat Shan,yes,no
c_tomai,b_tomai,tribal_holding,initial,capital_position,26184,placed,1070,Tomai,yes,no
c_uitoril,b_uitoril,tribal_holding,initial,capital_position,21222,placed,1082,Uitoril,yes,no
c_uysos,b_uysos,castle_holding,initial,capital_position,18936,placed,1081,Uysos,yes,no
c_medinat_muskawoon,b_medinat_muskawoon,castle_holding,initial,capital_position,20607,placed,1072,Medinat Muskawoon,yes,no
c_broaspu,b_broaspu,castle_holding,initial,capital_position,16104,placed,1074,Broaspu,yes,no
c_inupras,b_inupras,castle_holding,initial,capital_position,28101,placed,1073,Inupras,yes,no
c_orvyltar,b_orvyltar,castle_holding,initial,capital_position,1227,placed,779,Orvyltar,yes,no
c_orvyltar,b_anksal,city_holding,initial,port_position,1230,placed,779,Orvyltar,no,no
c_orvyltar,b_asbalt,church_holding,initial,sampled,1406,placed,779,Orvyltar,no,no
c_orvyltar,b_monyri,castle_holding,initial,sampled,1168,placed,779,Orvyltar,no,no
c_orvyltar,b_puresha,city_holding,initial,sampled,1202,placed,779,Orvyltar,no,no
c_kelazzan,b_kelazzan,castle_holding,initial,capital_position,2847,placed,790,Kelazzan,yes,no
c_kelazzan,b_naguda,city_holding,initial,port_position,1320,placed,790,Kelazzan,no,no
c_kellesar,b_kellesar,tribal_holding,initial,capital_position,8620,placed,788,Kellesar,yes,no
c_suntar,b_suntar,castle_holding,initial,capital_position,1897,placed,791,Suntar,yes,no
c_suntar,b_khis,city_holding,initial,port_position,873,placed,791,Suntar,no,no
c_suntar,b_carish,church_holding,initial,sampled,962,placed,791,Suntar,no,no
c_surbar,b_surbar,castle_holding,initial,capital_position,3793,placed,780,Surbar,yes,no
c_surbar,b_halahanyl,city_holding,initial,port_position,2962,placed,780,Surbar,no,no
c_surbar,b_shandan,church_holding,initial,sampled,2817,placed,780,Surbar,no,no
c_dralpur,b_dralpur,castle_holding,initial,capital_position,5152,placed,781,Dralpur,yes,no
c_dralpur,b_mabagan,city_holding,initial,port_position,5231,placed,781,Dralpur,no,no
c_dralpur,b_zart,church_holding,initial,sampled,4319,placed,781,Dralpur,no,no
c_budais_cleft,b_budais_cleft,castle_holding,initial,capital_position,7076,placed,1211,Budais Cleft,yes,no
c_budais_cleft,b_kerrechi,church_holding,initial,sampled,3867,placed,1211,Budais Cleft,no,no
c_kasper,b_kasper,castle_holding,initial,capital_position,6461,placed,784,Kasper,yes,no
c_kasper,b_etedin,city_holding,initial,port_position,3648,placed,784,Kasper,no,no
c_free_heights,b_earalnst,tribal_holding,initial,capital_position,17825,placed,1760,Free Heights,yes,no
c_barbarians_road,b_anshola,tribal_holding,initial,capital_position,18656,placed,782,Barbarians Road,yes,no
c_dalvind,b_ashavasa,tribal_holding,initial,capital_position,13399,placed,787,Dalvind,yes,no
c_stormy_high,b_stormy_high,tribal_holding,initial,capital_position,25077,placed,1220,Stormy High,yes,no
c_suormpar,b_suormpar,castle_holding,initial,capital_position,2518,placed,783,Suormpar,yes,no
c_suormpar,b_ravvan,city_holding,initial,port_position,2137,placed,783,Suormpar,no,no
c_suormpar,b_jata,church_holding,initial,sampled,2546,placed,783,Suormpar,no,no
c_blumantle_pass,b_fort_blumantle,tribal_holding,initial,capital_position,15942,placed,786,Blumantle Pass,yes,no
c_flyndagol,b_flyndagol,castle_holding,initial,capital_position,9449,placed,785,Flyndagol,yes,no
c_flyndagol,b_dispura,city_holding,initial,port_position,3988,placed,785,Flyndagol,no,no
c_pyratar,b_pyratar,castle_holding,initial,capital_position,1036,placed,753,Pyratar,yes,no
c_pyratar,b_jeeti,city_holding,initial,port_position,999,placed,753,Pyratar,no,no
c_pyratar,b_angarany,church_holding,initial,sampled,868,placed,753,Pyratar,no,no
c_pyratar,b_pura,castle_holding,initial,sampled,732,placed,753,Pyratar,no,no
c_des,b_des,church_holding,initial,capital_position,1415,placed,754,Des,yes,no
c_des,b_nisich,city_holding,initial,port_position,1076,placed,754,Des,no,no
c_des,b_despair,city_holding,initial,sampled,1169,placed,754,Des,no,no
c_myrmyr,b_myrmyr,church_holding,initial,capital_position,3248,placed,755,Myrmyr,yes,no
c_myrmyr,b_kulpurai,city_holding,initial,port_position,1002,placed,755,Myrmyr,no,no
c_zelpir,b_zelpir,church_holding,initial,capital_position,2888,placed,759,Zelpir,yes,no
c_zelpir,b_abam,city_holding,initial,port_position,1286,placed,759,Zelpir,no,no
c_kolapur,b_kolapur,castle_holding,initial,capital_position,2465,placed,756,Kolapur,yes,no
c_kolapur,b_zhiyanyi,city_holding,initial,port_position,3084,placed,756,Kolapur,no,no
c_kolapur,b_zelar,church_holding,initial,sampled,2779,placed,756,Kolapur,no,no
c_golden_fields,b_ganak,castle_holding,initial,capital_position,5447,placed,758,Golden Fields,yes,no
c_golden_fields,b_sish,city_holding,initial,port_position,3841,placed,758,Golden Fields,no,no
c_tiry,b_tiry,castle_holding,initial,capital_position,6005,placed,757,Tiry,yes,no
c_tiry,b_shivpure,city_holding,initial,port_position,3024,placed,757,Tiry,no,no
c_erum,b_edgelight,castle_holding,initial,capital_position,6115,placed,1759,Erum,yes,no
c_erum,b_cedtarzahs_rock,city_holding,initial,port_position,4205,placed,1759,Erum,no,no
c_ship_isle,b_tannath,city_holding,initial,capital_position,672,placed,800,Ship Isle,yes,no
c_ship_isle,b_munthana,castle_holding,initial,,0,demoted,800,Ship Isle,no,no
c_sunset_rocks,b_mordyr,city_holding,initial,capital_position,466,placed,1140,Sunset Rocks,yes,no
c_sunset_rocks,b_vathel,castle_holding,initial,,0,demoted,1140,Sunset Rocks,no,no
c_errusk,b_errusk,tribal_holding,initial,capital_position,19394,placed,550,Errusk,yes,no
c_harngel,b_harngel,tribal_holding,initial,capital_position,16020,placed,1744,Harngel,yes,no
c_redstar,b_bloodstark,castle_holding,initial,capital_position,17246,placed,558,Redstar,yes,no
c_beast_lands,b_karat,tribal_holding,initial,capital_position,7341,placed,763,Beast Lands,yes,no
c_xiltor,b_xiltor,tribal_holding,initial,capital_position,4492,placed,760,Xiltor,yes,no
c_lastarr,b_lastarr,tribal_holding,initial,capital_position,7896,placed,761,Lastarr,yes,no
c_bloodlake,b_faeniel,tribal_holding,initial,capital_position,13363,placed,1745,Bloodlake,yes,no
c_sharawood,b_sharawood,tribal_holding,initial,capital_position,13243,placed,486,Sharawood,yes,no
c_everwide,b_alhanar,church_holding,initial,capital_position,19094,placed,549,Everwide,yes,no
c_quorat,b_shinalel,tribal_holding,initial,capital_position,13927,placed,1746,Quorat,yes,no
c_aerilpar_forest,b_banyshu,tribal_holding,initial,capital_position,3232,placed,762,Aerilpar Forest,yes,no
c_varshum,b_brackhill,tribal_holding,initial,capital_position,17425,placed,1747,Varshum,yes,no
c_midways,b_tervish,tribal_holding,initial,capital_position,10489,placed,1144,Midways,yes,no
c_midwinter_pass,b_narer,tribal_holding,initial,capital_position,6320,placed,777,Midwinter Pass,yes,no
c_tharkar,b_tharkar,city_holding,initial,capital_position,3618,placed,792,Tharkar,yes,no
c_tharkar,b_dasoda,castle_holding,initial,sampled,3431,placed,792,Tharkar,no,no
c_tharkar,b_keton,church_holding,initial,sampled,2756,placed,792,Tharkar,no,no
c_tharkar,b_dimu,castle_holding,initial,sampled,2385,placed,792,Tharkar,no,no
c_esbresh,b_esbresh,city_holding,initial,capital_position,3844,placed,789,Esbresh,yes,no
c_esbresh,b_charinc,castle_holding,initial,sampled,3510,placed,789,Esbresh,no,no
c_esbresh,b_sharenda,church_holding,initial,sampled,2409,placed,789,Esbresh,no,no
c_dekar,b_dekar,city_holding,initial,capital_position,12764,placed,803,Dekar,yes,no
c_dekar,b_pyra,castle_holding,initial,sampled,6186,placed,803,Dekar,no,no
c_zendar,b_zendar,city_holding,initial,capital_position,2359,placed,805,Zendar,yes,no
c_zendar,b_fivirah,castle_holding,initial,sampled,2437,placed,805,Zendar,no,no
c_zendar,b_saury,church_holding,initial,sampled,2073,placed,805,Zendar,no,no
c_zendum,b_zendum,city_holding,initial,capital_position,4279,placed,804,Zendum,yes,no
c_zendum,b_henvafa,castle_holding,initial,sampled,3394,placed,804,Zendum,no,no
c_zendum,b_devysurys,church_holding,initial,sampled,4508,placed,804,Zendum,no,no
c_zendum,b_muspil,castle_holding,initial,sampled,3947,placed,804,Zendum,no,no
c_ommvale,b_omm,castle_holding,initial,capital_position,12879,placed,821,Ommvale,yes,no
c_ommvale,b_orurva,city_holding,initial,port_position,5657,placed,821,Ommvale,no,no
c_firealm,b_firealm_tower,castle_holding,initial,capital_position,6535,placed,1232,Firealm,yes,no
c_firealm,b_vorshtish,city_holding,initial,port_position,4083,placed,1232,Firealm,no,no
c_highstars,b_kemva,castle_holding,initial,capital_position,8796,placed,814,Highstars,yes,no
c_highstars,b_thufuj,city_holding,initial,port_position,5475,placed,814,Highstars,no,no
c_eldrinfar,b_eldrinfar,castle_holding,initial,capital_position,2350,placed,806,Eldrinfar,yes,no
c_eldrinfar,b_anylpe,city_holding,initial,port_position,1792,placed,806,Eldrinfar,no,no
c_eldrinfar,b_alarpo,church_holding,initial,sampled,1760,placed,806,Eldrinfar,no,no
c_eldrinfar,b_elahi,castle_holding,initial,sampled,1539,placed,806,Eldrinfar,no,no
c_doegenflow,b_quental,castle_holding,initial,capital_position,5410,placed,807,Doegenflow,yes,no
c_doegenflow,b_agapu,city_holding,initial,port_position,6283,placed,807,Doegenflow,no,no
c_doegwood,b_iuham,castle_holding,initial,capital_position,15895,placed,808,Doegwood,yes,no
c_doegwood,b_masinamu,city_holding,initial,port_position,5549,placed,808,Doegwood,no,no
c_grendel,b_urhar,castle_holding,initial,capital_position,13703,placed,809,Grendel,yes,no
c_grendel,b_bemame,city_holding,initial,port_position,7199,placed,809,Grendel,no,no
c_edenvale,b_edenvale,castle_holding,initial,capital_position,4542,placed,811,Edenvale,yes,no
c_edenvale,b_akarin,city_holding,initial,port_position,2718,placed,811,Edenvale,no,no
c_edenvale,b_myizapu,church_holding,initial,sampled,2515,placed,811,Edenvale,no,no
c_olstone,b_olstone,castle_holding,initial,capital_position,4215,placed,813,Olstone,yes,no
c_olstone,b_pebrook,city_holding,initial,port_position,3235,placed,813,Olstone,no,no
c_serpent_valley,b_jevall,castle_holding,initial,capital_position,8255,placed,812,Serpent Valley,yes,no
c_serpent_valley,b_alahita,city_holding,initial,port_position,6968,placed,812,Serpent Valley,no,no
c_venasca,b_venasci,castle_holding,initial,capital_position,14054,placed,822,Venasca,yes,no
c_lower_terrace,b_temphish,castle_holding,initial,capital_position,9549,placed,1191,Lower Terrace,yes,no
c_lower_terrace,b_tharig,city_holding,initial,port_position,7909,placed,1191,Lower Terrace,no,no
c_phantom_pass,b_banshee_hold,castle_holding,initial,capital_position,15723,placed,1188,Phantom Pass,yes,no
c_konigheim,b_konigheim,castle_holding,initial,capital_position,6931,placed,816,Konigheim,yes,no
c_konigheim,b_sivuzkma,city_holding,initial,port_position,1793,placed,816,Konigheim,no,no
c_konigheim,b_natiasa,church_holding,initial,sampled,4553,placed,816,Konigheim,no,no
c_konigheim,b_rurmpo,castle_holding,initial,sampled,3967,placed,816,Konigheim,no,no
c_khelas,b_khelas,castle_holding,initial,capital_position,4488,placed,817,Khelas,yes,no
c_khelas,b_sammal,city_holding,initial,port_position,3193,placed,817,Khelas,no,no
c_treggi_jungle,b_treggiland,castle_holding,initial,capital_position,9419,placed,1187,Treggi Jungle,yes,no
c_beowood,b_beowood,tribal_holding,initial,capital_position,12918,placed,1184,Beowood,yes,no
c_konig_hills,b_konigstadt,castle_holding,initial,capital_position,8996,placed,1186,Konig Hills,yes,no
c_konig_hills,b_ushalab,city_holding,initial,port_position,5643,placed,1186,Konig Hills,no,no
c_inkelvale,b_majma,castle_holding,initial,capital_position,8081,placed,955,Inkelvale,yes,no
c_inkelvale,b_qamisha,city_holding,initial,port_position,3750,placed,955,Inkelvale,no,no
c_bjeoerns_pass,b_meadhall,tribal_holding,initial,capital_position,9763,placed,1185,Bjeoerns Pass,yes,no
c_nix,b_nixning,tribal_holding,initial,capital_position,12546,placed,1189,Nix,yes,no
c_upper_nix,b_norgrim,tribal_holding,initial,capital_position,7943,placed,1446,Upper Nix,yes,no
c_gate_of_heaven,b_nathong,castle_holding,initial,capital_position,1355,placed,956,Gate of Heaven,yes,no
c_gate_of_heaven,b_taranvanp,city_holding,initial,port_position,614,placed,956,Gate of Heaven,no,no
c_enlightened_ring,b_tikana,castle_holding,initial,capital_position,4704,placed,957,Enlightened Ring,yes,no
c_enlightened_ring,b_dattaramopahe,city_holding,initial,port_position,2693,placed,957,Enlightened Ring,no,no
c_lipo,b_lipo,castle_holding,initial,capital_position,7608,placed,819,Lipo,yes,no
c_lipo,b_kawa,city_holding,initial,port_position,5037,placed,819,Lipo,no,no
c_sragadha,b_sragadha,castle_holding,initial,capital_position,5506,placed,818,Sragadha,yes,no
c_suns_eye,b_kash,castle_holding,initial,capital_position,17253,placed,820,Suns Eye,yes,no
c_suns_eye,b_aguland,city_holding,initial,port_position,11634,placed,820,Suns Eye,no,no
c_ghost_leopard,b_ings,castle_holding,initial,capital_position,21259,placed,961,Ghost Leopard,yes,no
c_ghost_leopard,b_narmuli,city_holding,initial,port_position,7009,placed,961,Ghost Leopard,no,no
c_red_goat,b_shimundra,castle_holding,initial,capital_position,7323,placed,963,Red Goat,yes,no
c_red_goat,b_rakaranf,city_holding,initial,port_position,2632,placed,963,Red Goat,no,no
c_red_goat,b_sinelin,church_holding,initial,sampled,2628,placed,963,Red Goat,no,no
c_lower_red_goat,b_rarila,castle_holding,initial,capital_position,6946,placed,2174,Lower Red Goat,yes,no
c_lower_red_goat,b_kanabris,church_holding,initial,sampled,6084,placed,2174,Lower Red Goat,no,no
c_yaks_horn,b_alhala,castle_holding,initial,capital_position,14656,placed,962,Yaks Horn,yes,no
c_yaks_horn,b_dammi,city_holding,initial,port_position,9057,placed,962,Yaks Horn,no,no
c_fiends_wing,b_tighyshi,castle_holding,initial,capital_position,9253,placed,958,Fiends Wing,yes,no
c_fiends_wing,b_raladha,city_holding,initial,port_position,5709,placed,958,Fiends Wing,no,no
c_bronze_falcon,b_unjhur,castle_holding,initial,capital_position,12411,placed,964,Bronze Falcon,yes,no
c_bronze_falcon,b_tiliggal,city_holding,initial,port_position,6969,placed,964,Bronze Falcon,no,no
c_lower_wing,b_biliduda,castle_holding,initial,capital_position,4253,placed,1223,Lower Wing,yes,no
c_lower_wing,b_apragada,city_holding,initial,port_position,3295,placed,1223,Lower Wing,no,no
c_ormen,b_ormen,castle_holding,initial,capital_position,1389,placed,295,Ormen,yes,no
c_ormen,b_promasur,city_holding,initial,port_position,463,placed,295,Ormen,no,no
c_ormen,b_ovrdal,church_holding,initial,sampled,1759,placed,295,Ormen,no,no
c_ormen,b_kengers,castle_holding,initial,sampled,450,placed,295,Ormen,no,no
c_curstallyon,b_curstallyon,castle_holding,initial,capital_position,3406,placed,296,Curstallyon,yes,no
c_curstallyon,b_esdul,city_holding,initial,port_position,1276,placed,296,Curstallyon,no,no
c_curstallyon,b_tethmore,church_holding,initial,sampled,1136,placed,296,Curstallyon,no,no
c_nimsur,b_nimsur,castle_holding,initial,capital_position,3353,placed,1203,Nimsur,yes,no
c_nimsur,b_vindal,city_holding,initial,port_position,1172,placed,1203,Nimsur,no,no
c_nimsur,b_vessyral,church_holding,initial,sampled,1744,placed,1203,Nimsur,no,no
c_salpir,b_salpir,castle_holding,initial,capital_position,3548,placed,294,Salpir,yes,no
c_salpir,b_suthaven,city_holding,initial,port_position,1092,placed,294,Salpir,no,no
c_salpir,b_bromtor,church_holding,initial,sampled,1150,placed,294,Salpir,no,no
c_sombor,b_sombor,castle_holding,initial,capital_position,3061,placed,297,Sombor,yes,no
c_sombor,b_nimith,city_holding,initial,port_position,1465,placed,297,Sombor,no,no
c_sombor,b_arevar,church_holding,initial,sampled,1493,placed,297,Sombor,no,no
c_farhaven,b_farpoint,castle_holding,initial,capital_position,1681,placed,2383,Farhaven,yes,no
c_farhaven,b_torlar_under_sun,church_holding,initial,sampled,520,placed,2383,Farhaven,no,no
c_beacon_rocks,b_star_beacon,castle_holding,initial,capital_position,582,placed,298,Beacon Rocks,yes,no
c_the_whales_flukes,b_waterhouse,castle_holding,initial,capital_position,646,placed,299,The Whales Flukes,yes,no
c_sambar,b_sambar,city_holding,initial,capital_position,1505,placed,287,Sambar,yes,no
c_sambar,b_illul,castle_holding,initial,sampled,730,placed,287,Sambar,no,no
c_sambar,b_perlinvast,church_holding,initial,sampled,958,placed,287,Sambar,no,no
c_sambar,b_quergorl,city_holding,initial,port_position,827,placed,287,Sambar,no,no
c_leth,b_lethtar,city_holding,initial,capital_position,4100,placed,288,Leth,yes,no
c_leth,b_myth_iiscar,castle_holding,initial,sampled,1518,placed,288,Leth,no,no
c_orlil,b_orlil,city_holding,initial,capital_position,514,placed,1233,Orlil,yes,no
c_orlil,b_vempal,castle_holding,initial,,0,demoted,1233,Orlil,no,no
c_sundrah,b_sundrah,city_holding,initial,capital_position,4168,placed,289,Sundrah,yes,no
c_sundrah,b_orostling,castle_holding,initial,sampled,1627,placed,289,Sundrah,no,no
c_mother_of_mists,b_treys_anchorage,tribal_holding,initial,capital_position,374,placed,292,Mother-of-Mists,yes,no
c_hidden_hopes,b_hidden_hopes,castle_holding,initial,capital_position,362,placed,1214,Hidden Hopes,yes,no
c_the_dawn_warrior,b_keep_of_dawn,tribal_holding,initial,capital_position,540,placed,293,The Dawn Warrior,yes,no
c_tsan,b_tsan,city_holding,initial,capital_position,1407,placed,290,Tsan,yes,no
c_tsan,b_darluj,castle_holding,initial,sampled,1626,placed,290,Tsan,no,no
c_tsan,b_dtakkar,church_holding,initial,sampled,1289,placed,290,Tsan,no,no
c_baelrah,b_baelrah,city_holding,initial,capital_position,2786,placed,291,Baelrah,yes,no
c_baelrah,b_anchoril,castle_holding,initial,sampled,1436,placed,291,Baelrah,no,no
c_lopango,b_gorag_citadel,tribal_holding,initial,capital_position,9168,placed,2380,Lopango,yes,no
c_jungled_approach,b_arak,tribal_holding,initial,capital_position,9597,placed,2578,Jungled Approach,yes,no
c_mokalonni_islands,b_chuapli,castle_holding,initial,capital_position,13761,placed,2384,Mokalonni Islands,yes,no
c_mokalonni_islands,b_maju,church_holding,initial,sampled,5390,placed,2384,Mokalonni Islands,no,no
c_sentinel_island,b_sentinel_stand,tribal_holding,initial,capital_position,7058,placed,2385,Sentinel Island,yes,no
c_southwatch,b_southhome,tribal_holding,initial,capital_position,4420,placed,2579,Southwatch,yes,no
c_couatls_landing,b_feathered_port,tribal_holding,initial,capital_position,4043,placed,2580,Couatl's Landing,yes,no
c_fatuta_chuba,b_fatuta_chuba,castle_holding,initial,capital_position,17293,placed,975,Fatuta Chuba,yes,no
c_neachal,b_neachal_fountain,castle_holding,initial,capital_position,14046,placed,976,Neachal,yes,no
c_neachal,b_moranth,city_holding,initial,port_position,6434,placed,976,Neachal,no,no
c_shih_tuh,b_shih_tuh,castle_holding,initial,capital_position,7910,placed,1274,Shih Tuh,yes,no
c_shih_tuh,b_naxu,city_holding,initial,port_position,4577,placed,1274,Shih Tuh,no,no
c_tsaparang,b_tsaparang,castle_holding,initial,capital_position,9404,placed,966,Tsaparang,yes,no
c_tsaparang,b_wanpa,city_holding,1460.1.1,port_position,3978,placed,966,Tsaparang,no,yes
c_zanda_tholing,b_zanda_tholing,church_holding,initial,capital_position,23188,placed,965,Zanda Tholing,yes,no
c_fallow_steppe,b_open_fields,castle_holding,initial,capital_position,25000,placed,1320,Fallow Steppe,yes,no
c_hai_jungle,b_hai,tribal_holding,initial,capital_position,49182,placed,1321,Hai Jungle,yes,no
c_shan_sao,b_shan_sao,tribal_holding,initial,capital_position,33104,placed,1330,Shan Sao,yes,no
c_daong_forest,b_daong,tribal_holding,initial,capital_position,25649,placed,1694,Daong Forest,yes,no
c_katakoro_pass,b_penshan,tribal_holding,initial,capital_position,10075,placed,1225,Katakoro Pass,yes,no
c_maviddi_forest,b_maviddi,tribal_holding,initial,capital_position,52346,placed,1201,Maviddi Forest,yes,no
c_scarlet_jungle,b_peshaj,tribal_holding,initial,capital_position,34250,placed,972,Scarlet Jungle,yes,no
c_vale_of_clouds,b_clouds_on_high,castle_holding,initial,capital_position,20664,placed,1219,Vale of Clouds,yes,no
c_lashghar,b_lashghar,castle_holding,initial,capital_position,23681,placed,971,Lashghar,yes,no
c_katakoro_tundra,b_fengze,tribal_holding,initial,capital_position,20766,placed,968,Katakoro Tundra,yes,no
c_muren_tso,b_muren_tso,castle_holding,initial,capital_position,15657,placed,970,Muren Tso,yes,no
c_wild_yak_meadows,b_loeng,tribal_holding,initial,capital_position,29193,placed,969,Wild Yak Meadows,yes,no
c_yudol,b_yudol,castle_holding,initial,capital_position,37019,placed,1764,Yudol,yes,no
c_punakha_dzong,b_punakha_dzong,church_holding,initial,capital_position,18149,placed,967,Punakha Dzong,yes,no
c_shey_chorten,b_shey_chorten,castle_holding,initial,capital_position,17732,placed,973,Shey Chorten,yes,no
c_takt_muren,b_sangal,castle_holding,initial,capital_position,26295,placed,988,Takt Muren,yes,no
c_yarlhang_la,b_yarlhang_la,tribal_holding,initial,capital_position,19580,placed,974,Yarlhang La,yes,no
c_alashan,b_alashan,castle_holding,initial,capital_position,1312,placed,977,Alashan,yes,no
c_alashan,b_keldam,city_holding,initial,port_position,749,placed,977,Alashan,no,no
c_alashan,b_dokpak,church_holding,initial,sampled,1416,placed,977,Alashan,no,no
c_alashan,b_wangdun,castle_holding,initial,sampled,660,placed,977,Alashan,no,no
c_broken_wall_pass,b_luntse_dzong,castle_holding,initial,capital_position,5182,placed,980,Broken Wall Pass,yes,no
c_broken_wall_pass,b_barkhul,city_holding,initial,port_position,2677,placed,980,Broken Wall Pass,no,no
c_manass,b_manass,castle_holding,initial,capital_position,1591,placed,979,Manass,yes,no
c_manass,b_dampab,city_holding,initial,port_position,1852,placed,979,Manass,no,no
c_manass,b_ngdengp,church_holding,initial,sampled,1280,placed,979,Manass,no,no
c_skarou,b_skarou,castle_holding,initial,capital_position,5295,placed,978,Skarou,yes,no
c_skarou,b_shonang,city_holding,initial,port_position,3000,placed,978,Skarou,no,no
c_saikhoi,b_saikhoi,castle_holding,initial,capital_position,1857,placed,981,Saikhoi,yes,no
c_saikhoi,b_sangmm,city_holding,initial,port_position,1052,placed,981,Saikhoi,no,no
c_saikhoi,b_chongye,church_holding,initial,sampled,1067,placed,981,Saikhoi,no,no
c_saikhoi,b_gyamam,castle_holding,initial,sampled,1387,placed,981,Saikhoi,no,no
c_lagiluri,b_lagiluri,castle_holding,initial,capital_position,3152,placed,823,Lagiluri,yes,no
c_lagiluri,b_namuto,city_holding,initial,port_position,0,demoted,823,Lagiluri,no,no
c_rainbow_falls,b_rainbow_falls,castle_holding,initial,capital_position,5048,placed,982,Rainbow Falls,yes,no
c_rainbow_falls,b_nyangyenda,city_holding,initial,port_position,2155,placed,982,Rainbow Falls,no,no
c_rainbow_falls,b_dakten,church_holding,initial,sampled,1540,placed,982,Rainbow Falls,no,no
c_road_less_traveled,b_kasawak,castle_holding,initial,capital_position,2882,placed,984,Road Less Traveled,yes,no
c_road_less_traveled,b_satsote,city_holding,initial,port_position,1636,placed,984,Road Less Traveled,no,no
c_yumbu_shan,b_yumbu_citadel,castle_holding,initial,capital_position,1339,placed,983,Yumbu Shan,yes,no
c_yumbu_shan,b_sasho,city_holding,initial,port_position,758,placed,983,Yumbu Shan,no,no
c_kushk,b_kushk,castle_holding,initial,capital_position,1928,placed,985,Kushk,yes,no
c_kushk,b_shama,city_holding,initial,port_position,1005,placed,985,Kushk,no,no
c_kushk,b_dabterm,church_holding,initial,sampled,1321,placed,985,Kushk,no,no
c_sheirtalar,b_sheirtalar,city_holding,initial,capital_position,2056,placed,425,Sheirtalar,yes,no
c_sheirtalar,b_gashags,castle_holding,initial,sampled,1778,placed,425,Sheirtalar,no,no
c_sheirtalar,b_runswire,church_holding,initial,sampled,1095,placed,425,Sheirtalar,no,no
c_sheirtalar,b_bifars_hold,castle_holding,initial,sampled,1239,placed,425,Sheirtalar,no,no
c_jaasa,b_jaasa_hold,city_holding,initial,capital_position,2496,placed,518,Jaasa,yes,no
c_jaasa,b_great_stronghold,castle_holding,initial,sampled,2500,placed,518,Jaasa,no,no
c_jaasa,b_demongulch,church_holding,initial,sampled,2518,placed,518,Jaasa,no,no
c_ormpur,b_ormpur,city_holding,initial,capital_position,5350,placed,426,Ormpur,yes,no
c_ormpur,b_makath_jaam,castle_holding,initial,sampled,2235,placed,426,Ormpur,no,no
c_ithmong,b_ithmong,city_holding,initial,capital_position,5197,placed,421,Ithmong,yes,no
c_ithmong,b_rabluff,castle_holding,initial,sampled,2233,placed,421,Ithmong,no,no
c_lapalgard,b_lapalgard,castle_holding,initial,capital_position,8284,placed,427,Lapalgard,yes,no
c_lapalgard,b_glouto,city_holding,initial,port_position,4433,placed,427,Lapalgard,no,no
c_lushpool,b_lushpool,city_holding,initial,capital_position,3769,placed,424,Lushpool,yes,no
c_lushpool,b_beda,castle_holding,initial,sampled,1636,placed,424,Lushpool,no,no
c_lushpool,b_beacastle,church_holding,initial,sampled,1600,placed,424,Lushpool,no,no
c_usurr,b_usurr,church_holding,initial,capital_position,3424,placed,428,Usurr,yes,no
c_usurr,b_mayanjo,city_holding,initial,port_position,3371,placed,428,Usurr,no,no
c_usurr,b_arcorht_hill,castle_holding,initial,sampled,3720,placed,428,Usurr,no,no
c_makaxar,b_makaxar,city_holding,initial,capital_position,1788,placed,429,Makaxar,yes,no
c_makaxar,b_kyani,castle_holding,initial,sampled,1163,placed,429,Makaxar,no,no
c_makaxar,b_hohai,church_holding,initial,sampled,1205,placed,429,Makaxar,no,no
c_abreon,b_abreon,city_holding,initial,capital_position,2841,placed,423,Abreon,yes,no
c_abreon,b_st_blencagolph,church_holding,initial,sampled,1185,placed,423,Abreon,no,no
c_sammaresh,b_sammaresh,city_holding,initial,capital_position,1794,placed,422,Sammaresh,yes,no
c_sammaresh,b_tule,castle_holding,initial,sampled,1231,placed,422,Sammaresh,no,no
c_sammaresh,b_mafor_tower,church_holding,initial,sampled,1554,placed,422,Sammaresh,no,no
c_laila,b_laila,church_holding,initial,capital_position,2843,placed,500,Laila,yes,no
c_laila,b_hila,city_holding,initial,port_position,1747,placed,500,Laila,no,no
c_dun_hills,b_dunland,castle_holding,initial,capital_position,9348,placed,501,Dun Hills,yes,no
c_laphe,b_laphe,tribal_holding,initial,capital_position,7419,placed,519,Laphe,yes,no
c_laphe,b_todahling,city_holding,initial,port_position,3568,placed,519,Laphe,no,no
c_the_wormbones,b_aratha_hold,tribal_holding,initial,capital_position,11244,placed,1726,The Wormbones,yes,no
c_mhairhetel,b_mhairhetel,city_holding,initial,capital_position,5331,placed,513,Mhairhetel,yes,no
c_mhairhetel,b_amahtal,castle_holding,initial,sampled,5258,placed,513,Mhairhetel,no,no
c_mhairhetel,b_burpond,church_holding,initial,sampled,4037,placed,513,Mhairhetel,no,no
c_mhairling,b_mhairling,tribal_holding,initial,capital_position,6494,placed,469,Mhairling,yes,no
c_moonvales,b_moonkind,tribal_holding,initial,capital_position,7941,placed,511,Moonvales,yes,no
c_toa,b_toa,tribal_holding,initial,capital_position,10443,placed,509,Toa,yes,no
c_ulguum,b_ulguum,castle_holding,initial,capital_position,11194,placed,1730,Ulguum,yes,no
c_qota,b_qota,tribal_holding,initial,capital_position,13641,placed,508,Qota,yes,no
c_yorduul,b_yorduul,tribal_holding,initial,capital_position,12080,placed,1731,Yorduul,yes,no
c_mhair_pass,b_mhair_pass,tribal_holding,initial,capital_position,4537,placed,2499,Mhair Pass,yes,no
c_kassa_bay,b_kassa_stand,castle_holding,initial,capital_position,12201,placed,516,Kassa Bay,yes,no
c_kinyo,b_kinyo,tribal_holding,initial,capital_position,12784,placed,517,Kinyo,yes,no
c_saraath,b_ophat,tribal_holding,initial,capital_position,11294,placed,502,Saraath,yes,no
c_mella,b_mella,castle_holding,initial,capital_position,9399,placed,2127,Mella,yes,no
c_lapalgulph,b_lapalstar,tribal_holding,initial,capital_position,7702,placed,467,Lapalgulph,yes,no
c_blackvale,b_kaz,castle_holding,initial,capital_position,5349,placed,431,Blackvale,yes,no
c_lapaalis,b_lapaalis_waters,castle_holding,initial,capital_position,8094,placed,514,Lapaalis,yes,no
c_orphar,b_orphar,tribal_holding,initial,capital_position,7000,placed,512,Orphar,yes,no
c_sesserash,b_sesserash,tribal_holding,initial,capital_position,9246,placed,515,Sesserash,yes,no
c_kaarekh,b_kaarekh,tribal_holding,initial,capital_position,9674,placed,505,Kaarekh,yes,no
c_bamas,b_bamas,tribal_holding,initial,capital_position,10381,placed,506,Bamas,yes,no
c_coilvines,b_serpar,tribal_holding,initial,capital_position,12711,placed,503,Coilvines,yes,no
c_oostar,b_oostar,tribal_holding,initial,capital_position,9672,placed,507,Oostar,yes,no
c_zanzazzar,b_zanzazzar,castle_holding,initial,capital_position,10862,placed,474,Zanzazzar,yes,no
c_tashluta,b_tashluta,city_holding,initial,capital_position,2456,placed,411,Tashluta,yes,no
c_tashluta,b_culcheth,castle_holding,initial,sampled,0,demoted,411,Tashluta,no,no
c_tashluta,b_kondo,church_holding,initial,sampled,1401,placed,411,Tashluta,no,no
c_delphin,b_procalith,tribal_holding,initial,capital_position,6539,placed,413,Delphin,yes,no
c_tashan_gap,b_tangath,tribal_holding,initial,capital_position,6362,placed,420,Tashan Gap,yes,no
c_zamazda,b_zamazda,city_holding,initial,capital_position,3430,placed,412,Zamazda,yes,no
c_zamazda,b_garmsbar,castle_holding,initial,sampled,1693,placed,412,Zamazda,no,no
c_akaam,b_akaam,castle_holding,initial,capital_position,3139,placed,414,Akaam,yes,no
c_akaam,b_trawich,city_holding,initial,port_position,1607,placed,414,Akaam,no,no
c_veshit,b_veshit,castle_holding,initial,capital_position,1946,placed,415,Veshit,yes,no
c_veshit,b_ghawa,city_holding,initial,port_position,980,placed,415,Veshit,no,no
c_skuld,b_skuld,castle_holding,initial,capital_position,754,placed,680,Skuld,yes,no
c_skuld,b_uthragkan,city_holding,initial,port_position,752,placed,680,Skuld,no,no
c_skuld,b_donar,church_holding,initial,sampled,1241,placed,680,Skuld,no,no
c_skuld,b_selag,castle_holding,initial,sampled,915,placed,680,Skuld,no,no
c_skuld,b_ganathari,city_holding,initial,sampled,1037,placed,680,Skuld,no,no
c_golden_shore,b_pharus,castle_holding,initial,capital_position,7003,placed,2457,Golden Shore,yes,no
c_golden_shore,b_zassatam,city_holding,initial,port_position,1474,placed,2457,Golden Shore,no,no
c_rauthgor,b_equan,castle_holding,initial,capital_position,1759,placed,684,Rauthgor,yes,no
c_rauthgor,b_narvi,city_holding,initial,port_position,1574,placed,684,Rauthgor,no,no
c_rauthgor,b_narqa,city_holding,1403.1.1,sampled,1341,placed,684,Rauthgor,no,yes
c_nisalin,b_nisalin,castle_holding,initial,capital_position,3891,placed,1756,Nisalin,yes,no
c_nisalin,b_alirmote,city_holding,initial,port_position,2543,placed,1756,Nisalin,no,no
c_mulharahold,b_mulharahold,castle_holding,initial,capital_position,7764,placed,687,Mulharahold,yes,no
c_mulharahold,b_sidu,city_holding,initial,port_position,3714,placed,687,Mulharahold,no,no
c_rauthil,b_rauthil,castle_holding,initial,capital_position,3613,placed,686,Rauthil,yes,no
c_rauthil,b_ninki,city_holding,initial,port_position,1754,placed,686,Rauthil,no,no
c_maelar,b_maelar,castle_holding,initial,capital_position,8189,placed,688,Maelar,yes,no
c_maelar,b_gemijo,city_holding,initial,port_position,4007,placed,688,Maelar,no,no
c_angast,b_angast,castle_holding,initial,capital_position,5852,placed,674,Angast,yes,no
c_angast,b_sishapesh,city_holding,initial,port_position,4404,placed,674,Angast,no,no
c_angast,b_nimez,church_holding,initial,sampled,6454,placed,674,Angast,no,no
c_klondor,b_klondor,castle_holding,initial,capital_position,5169,placed,676,Klondor,yes,no
c_klondor,b_nindur,city_holding,initial,port_position,1642,placed,676,Klondor,no,no
c_mishtan,b_mishtan,castle_holding,initial,capital_position,2390,placed,675,Mishtan,yes,no
c_mishtan,b_azalhar,city_holding,initial,port_position,2691,placed,675,Mishtan,no,no
c_mishtan,b_nishal,church_holding,initial,sampled,3287,placed,675,Mishtan,no,no
c_surbroar,b_surbroar,castle_holding,initial,capital_position,2786,placed,677,Surbroar,yes,no
c_surbroar,b_azanana,city_holding,initial,port_position,2475,placed,677,Surbroar,no,no
c_surbroar,b_arshe,church_holding,initial,sampled,2961,placed,677,Surbroar,no,no
c_ulzel,b_ulzel,castle_holding,initial,capital_position,3001,placed,1441,Ulzel,yes,no
c_ulzel,b_sisan,city_holding,initial,port_position,3063,placed,1441,Ulzel,no,no
c_fields_of_kesk,b_kesker,castle_holding,initial,capital_position,8384,placed,689,Fields of Kesk,yes,no
c_fields_of_kesk,b_ghujel,city_holding,initial,port_position,4286,placed,689,Fields of Kesk,no,no
c_jhalhoran,b_jhalhoran,castle_holding,initial,capital_position,6050,placed,681,Jhalhoran,yes,no
c_jhalhoran,b_dimish,city_holding,initial,port_position,3517,placed,681,Jhalhoran,no,no
c_kesh,b_asham,castle_holding,initial,capital_position,6546,placed,1142,Kesh,yes,no
c_kesh,b_sumelel,city_holding,initial,port_position,3721,placed,1142,Kesh,no,no
c_sultim,b_sultim,castle_holding,initial,capital_position,2119,placed,683,Sultim,yes,no
c_sultim,b_vursanj,city_holding,initial,port_position,2555,placed,683,Sultim,no,no
c_sultim,b_haripan,church_holding,initial,sampled,4539,placed,683,Sultim,no,no
c_vintal,b_vintal,castle_holding,initial,capital_position,2184,placed,682,Vintal,yes,no
c_vintal,b_kethar,city_holding,initial,port_position,2830,placed,682,Vintal,no,no
c_neldorild,b_neldorild,castle_holding,initial,capital_position,1694,placed,657,Neldorild,yes,no
c_neldorild,b_azarota,city_holding,initial,port_position,1181,placed,657,Neldorild,no,no
c_neldorild,b_akimarkia,church_holding,initial,sampled,1880,placed,657,Neldorild,no,no
c_aina,b_aina,castle_holding,initial,capital_position,3566,placed,678,Aina,yes,no
c_aina,b_espesha,city_holding,initial,port_position,4867,placed,678,Aina,no,no
c_gheldaneth,b_gheldaneth,castle_holding,initial,capital_position,1227,placed,679,Gheldaneth,yes,no
c_gheldaneth,b_delgora,city_holding,initial,port_position,0,demoted,679,Gheldaneth,no,no
c_gheldaneth,b_azala,church_holding,initial,sampled,1657,placed,679,Gheldaneth,no,no
c_gheldaneth,b_dazarqash,castle_holding,initial,sampled,1527,placed,679,Gheldaneth,no,no
c_sampranasz,b_sampranasz,castle_holding,initial,capital_position,2503,placed,1440,Sampranasz,yes,no
c_sampranasz,b_akisath,city_holding,initial,port_position,1914,placed,1440,Sampranasz,no,no
c_ku_akh,b_ku_akh,castle_holding,initial,capital_position,3237,placed,1755,Ku-Akh,yes,no
c_ku_akh,b_panalu,city_holding,initial,port_position,2240,placed,1755,Ku-Akh,no,no
c_phannaskul,b_phannaskul,castle_holding,initial,capital_position,1652,placed,690,Phannaskul,yes,no
c_phannaskul,b_madan,city_holding,initial,port_position,1210,placed,690,Phannaskul,no,no
c_phannaskul,b_ninsid,church_holding,1409.1.1,sampled,1005,placed,690,Phannaskul,no,yes
c_phannaskul,b_dorosi,castle_holding,1450.1.1,sampled,818,placed,690,Phannaskul,no,yes
c_isfasan,b_isfasan,castle_holding,initial,capital_position,3186,placed,691,Isfasan,yes,no
c_isfasan,b_eveh,city_holding,initial,port_position,2345,placed,691,Isfasan,no,no
c_isfasan,b_laho,church_holding,initial,sampled,2314,placed,691,Isfasan,no,no
c_murghyr,b_murghyr,castle_holding,initial,capital_position,2105,placed,697,Murghyr,yes,no
c_murghyr,b_shavshannar,city_holding,initial,port_position,1510,placed,697,Murghyr,no,no
c_murghyr,b_desarwin,church_holding,initial,sampled,2278,placed,697,Murghyr,no,no
c_thandyl,b_thandyl,castle_holding,initial,capital_position,3886,placed,696,Thandyl,yes,no
c_thandyl,b_alzayat,city_holding,initial,port_position,1932,placed,696,Thandyl,no,no
c_vanorva,b_vanorva,castle_holding,initial,capital_position,4307,placed,1141,Vanorva,yes,no
c_vanorva,b_ebbaresh,city_holding,initial,port_position,1623,placed,1141,Vanorva,no,no
c_cennuroth,b_cennuroth,castle_holding,initial,capital_position,2246,placed,2455,Cennuroth,yes,no
c_cennuroth,b_qikkha,church_holding,initial,sampled,2029,placed,2455,Cennuroth,no,no
c_fields_of_ganath,b_nimjammir,castle_holding,initial,capital_position,3134,placed,1173,Fields of Ganath,yes,no
c_fields_of_ganath,b_punjwar,city_holding,initial,port_position,2869,placed,1173,Fields of Ganath,no,no
c_ganathwood,b_shendra,castle_holding,initial,capital_position,7272,placed,685,Ganathwood,yes,no
c_ganathwood,b_imasq,city_holding,initial,port_position,2971,placed,685,Ganathwood,no,no
c_high_valley,b_ankherhome,tribal_holding,initial,capital_position,5844,placed,698,High Valley,yes,no
c_port_ghast,b_port_ghast,castle_holding,initial,capital_position,1199,placed,693,Port Ghast,yes,no
c_port_ghast,b_taj,city_holding,initial,port_position,1144,placed,693,Port Ghast,no,no
c_port_ghast,b_graumot,church_holding,initial,sampled,1100,placed,693,Port Ghast,no,no
c_kilastann,b_kilastann,castle_holding,initial,capital_position,3677,placed,694,Kilastann,yes,no
c_kilastann,b_sughra,city_holding,initial,port_position,1724,placed,694,Kilastann,no,no
c_umarah,b_umarah,castle_holding,initial,capital_position,5894,placed,705,Umarah,yes,no
c_umarah,b_talathat,city_holding,initial,port_position,2482,placed,705,Umarah,no,no
c_white_coast,b_jurash,castle_holding,initial,capital_position,2777,placed,692,White Coast,yes,no
c_white_coast,b_isa,city_holding,initial,port_position,1315,placed,692,White Coast,no,no
c_ustann_and_tuulish,b_ustann,castle_holding,initial,capital_position,1871,placed,703,Ustann and Tuulish,yes,no
c_ustann_and_tuulish,b_tuulish,city_holding,initial,port_position,1130,placed,703,Ustann and Tuulish,no,no
c_ustann_and_tuulish,b_aransum,church_holding,initial,sampled,1810,placed,703,Ustann and Tuulish,no,no
c_ustann_and_tuulish,b_varstoth,castle_holding,initial,sampled,1621,placed,703,Ustann and Tuulish,no,no
c_athab_cape,b_athab,castle_holding,initial,capital_position,4342,placed,704,Athab Cape,yes,no
c_athab_cape,b_khalab,city_holding,initial,port_position,1476,placed,704,Athab Cape,no,no
c_rume,b_rume,castle_holding,initial,capital_position,2393,placed,702,Rume,yes,no
c_rume,b_amsa,city_holding,initial,port_position,2005,placed,702,Rume,no,no
c_rume,b_nisudu,church_holding,initial,sampled,2005,placed,702,Rume,no,no
c_somraggah,b_somraggah,castle_holding,initial,capital_position,2311,placed,706,Somraggah,yes,no
c_somraggah,b_wakirnayskul,city_holding,initial,port_position,2135,placed,706,Somraggah,no,no
c_somraggah,b_kishorc,church_holding,initial,sampled,1973,placed,706,Somraggah,no,no
c_delbyl,b_delbyl,castle_holding,initial,capital_position,5495,placed,2456,Delbyl,yes,no
c_delbyl,b_tjenni,church_holding,initial,sampled,2109,placed,2456,Delbyl,no,no
c_ingmur,b_ingmur,tribal_holding,initial,capital_position,11392,placed,1422,Ingmur,yes,no
c_upper_murghol,b_illix,tribal_holding,initial,capital_position,14580,placed,699,Upper Murghol,yes,no
c_zada,b_zada,tribal_holding,initial,capital_position,18093,placed,1775,Zada,yes,no
c_dhaztanar,b_dhaztanar,castle_holding,initial,capital_position,1055,placed,707,Dhaztanar,yes,no
c_dhaztanar,b_merv,city_holding,initial,port_position,893,placed,707,Dhaztanar,no,no
c_dhaztanar,b_baduraya,church_holding,initial,sampled,1449,placed,707,Dhaztanar,no,no
c_dhaztanar,b_kili,castle_holding,initial,sampled,1149,placed,707,Dhaztanar,no,no
c_dhaztanar,b_hunam,city_holding,initial,sampled,1010,placed,707,Dhaztanar,no,no
c_darabjind,b_darabjind,castle_holding,initial,capital_position,1681,placed,708,Darabjind,yes,no
c_darabjind,b_maristan,city_holding,initial,port_position,1014,placed,708,Darabjind,no,no
c_darabjind,b_apashann,church_holding,initial,sampled,1249,placed,708,Darabjind,no,no
c_semkhrun,b_semkhrun,castle_holding,initial,capital_position,4096,placed,1174,Semkhrun,yes,no
c_semkhrun,b_ubbaresh,city_holding,1420.1.1,port_position,5028,placed,1174,Semkhrun,no,yes
c_sempharin,b_qumis,castle_holding,initial,capital_position,2107,placed,717,Sempharin,yes,no
c_sempharin,b_siniyat,city_holding,initial,port_position,2417,placed,717,Sempharin,no,no
c_sempharin,b_babis,church_holding,initial,sampled,1959,placed,717,Sempharin,no,no
c_zabad,b_zabad,castle_holding,initial,capital_position,2099,placed,718,Zabad,yes,no
c_zabad,b_anbar,city_holding,initial,port_position,2254,placed,718,Zabad,no,no
c_zabad,b_taquasma,church_holding,initial,sampled,2066,placed,718,Zabad,no,no
c_zabad,b_kelareth,castle_holding,initial,sampled,2315,placed,718,Zabad,no,no
c_phelzol,b_phelzol,castle_holding,initial,capital_position,2416,placed,719,Phelzol,yes,no
c_phelzol,b_saaid,city_holding,initial,port_position,1709,placed,719,Phelzol,no,no
c_phelzol,b_nihawand,church_holding,initial,sampled,1729,placed,719,Phelzol,no,no
c_banu,b_banu,castle_holding,initial,capital_position,1997,placed,721,Banu,yes,no
c_banu,b_dar_al_kalif,city_holding,initial,port_position,1596,placed,721,Banu,no,no
c_banu,b_nimrikki,church_holding,initial,sampled,1105,placed,721,Banu,no,no
c_duirtanal,b_duirtanal,castle_holding,initial,capital_position,6632,placed,722,Duirtanal,yes,no
c_duirtanal,b_khalis,city_holding,initial,port_position,2374,placed,722,Duirtanal,no,no
c_duirtanal,b_wadieskab,church_holding,initial,sampled,1939,placed,722,Duirtanal,no,no
c_bhaluin,b_bhaluin,castle_holding,initial,capital_position,493,placed,778,Bhaluin,yes,no
c_harb,b_harb,castle_holding,initial,capital_position,2244,placed,720,Harb,yes,no
c_harb,b_uman,city_holding,initial,port_position,2248,placed,720,Harb,no,no
c_harb,b_shahar,church_holding,initial,sampled,2767,placed,720,Harb,no,no
c_plain_of_heroes,b_deadfels,castle_holding,initial,capital_position,6821,placed,711,Plain of Heroes,yes,no
c_plain_of_heroes,b_cutholme,city_holding,initial,port_position,3404,placed,711,Plain of Heroes,no,no
c_takrit,b_takrit,castle_holding,initial,capital_position,3458,placed,716,Takrit,yes,no
c_takrit,b_simman,city_holding,initial,port_position,1802,placed,716,Takrit,no,no
c_takrit,b_dayr,church_holding,initial,sampled,3661,placed,716,Takrit,no,no
c_fustat,b_fustat,castle_holding,initial,capital_position,8743,placed,824,Fustat,yes,no
c_fustat,b_yarkamm,city_holding,initial,port_position,2557,placed,824,Fustat,no,no
c_howling_gap,b_istafa,tribal_holding,initial,capital_position,19438,placed,709,Howling Gap,yes,no
c_naysabur,b_naysabur,castle_holding,initial,capital_position,9010,placed,710,Naysabur,yes,no
c_naysabur,b_quas_al_hasani,city_holding,initial,port_position,3413,placed,710,Naysabur,no,no
c_iliphanar,b_iliphanar,castle_holding,initial,capital_position,4579,placed,712,Iliphanar,yes,no
c_iliphanar,b_kel_erish,city_holding,initial,port_position,2027,placed,712,Iliphanar,no,no
c_dustwaves,b_lexx,castle_holding,initial,capital_position,7698,placed,713,Dustwaves,yes,no
c_dustwaves,b_nulbundum,city_holding,initial,port_position,3270,placed,713,Dustwaves,no,no
c_semphar_water,b_darrabhar,castle_holding,initial,capital_position,4574,placed,714,Semphar Water,yes,no
c_semphar_water,b_fars,city_holding,initial,port_position,2474,placed,714,Semphar Water,no,no
c_upper_goldenflow,b_fasa,castle_holding,initial,capital_position,12571,placed,715,Upper Goldenflow,yes,no
c_upper_goldenflow,b_aranare,city_holding,initial,port_position,5946,placed,715,Upper Goldenflow,no,no
c_tonge,b_tonge,tribal_holding,initial,capital_position,10186,placed,723,Tonge,yes,no
c_estan,b_erath,castle_holding,initial,capital_position,12124,placed,728,Estan,yes,no
c_estan,b_alech,city_holding,initial,port_position,5608,placed,728,Estan,no,no
c_fergana,b_kaleth,castle_holding,initial,capital_position,9458,placed,729,Fergana,yes,no
c_fergana,b_far_amegal,city_holding,initial,port_position,6938,placed,729,Fergana,no,no
c_ghaastwood,b_bexel,tribal_holding,initial,capital_position,24659,placed,726,Ghaastwood,yes,no
c_haqar,b_askamal,castle_holding,initial,capital_position,18814,placed,727,Haqar,yes,no
c_thaymount,b_thaymount_citadel,castle_holding,initial,capital_position,1473,placed,1426,Thaymount,yes,no
c_thaymount,b_bolchal,church_holding,initial,sampled,513,placed,1426,Thaymount,no,no
c_thaymount,b_csim,city_holding,initial,port_position,775,placed,1426,Thaymount,no,no
c_dmir,b_dmir,castle_holding,initial,capital_position,2250,placed,1045,Dmir,yes,no
c_dmir,b_komikor,city_holding,initial,port_position,2595,placed,1045,Dmir,no,no
c_dmir,b_alharera,church_holding,initial,sampled,1137,placed,1045,Dmir,no,no
c_szul,b_szul,castle_holding,initial,capital_position,2037,placed,1044,Szul,yes,no
c_szul,b_rautham,city_holding,initial,port_position,1664,placed,1044,Szul,no,no
c_umbthal,b_umbthal,castle_holding,initial,capital_position,2021,placed,1043,Umbthal,yes,no
c_umbthal,b_eltab,city_holding,initial,port_position,1956,placed,1043,Umbthal,no,no
c_umratharos,b_umratharos,castle_holding,initial,capital_position,5096,placed,1035,Umratharos,yes,no
c_umratharos,b_umatula,city_holding,initial,port_position,3196,placed,1035,Umratharos,no,no
c_umratharos,b_gulduk,church_holding,initial,sampled,2276,placed,1035,Umratharos,no,no
c_keluthar,b_keluthar,castle_holding,initial,capital_position,2041,placed,1172,Keluthar,yes,no
c_keluthar,b_bez_eska,city_holding,initial,port_position,2755,placed,1172,Keluthar,no,no
c_keluthar,b_naldiskor,church_holding,initial,sampled,2528,placed,1172,Keluthar,no,no
c_eltabbar,b_eltabbar,castle_holding,initial,capital_position,753,placed,1034,Eltabbar,yes,no
c_eltabbar,b_daerath,city_holding,initial,port_position,910,placed,1034,Eltabbar,no,no
c_eltabbar,b_venaros,church_holding,initial,sampled,802,placed,1034,Eltabbar,no,no
c_eltabbar,b_pargethos,castle_holding,initial,sampled,821,placed,1034,Eltabbar,no,no
c_rathmar,b_thossos,castle_holding,initial,capital_position,8512,placed,1051,Rathmar,yes,no
c_sefriszar,b_sefriszar,castle_holding,initial,capital_position,2794,placed,1046,Sefriszar,yes,no
c_sefriszar,b_thaldax,city_holding,initial,port_position,2608,placed,1046,Sefriszar,no,no
c_sefriszar,b_zuldana,church_holding,initial,sampled,2092,placed,1046,Sefriszar,no,no
c_gauros,b_gauros_keep,castle_holding,initial,capital_position,2900,placed,1039,Gauros,yes,no
c_gauros,b_achnizu,city_holding,initial,port_position,4371,placed,1039,Gauros,no,no
c_denzar,b_denzar,city_holding,initial,capital_position,1167,placed,700,Denzar,yes,no
c_denzar,b_chur_gathos,castle_holding,initial,sampled,3318,placed,700,Denzar,no,no
c_escalant,b_escalant,castle_holding,initial,capital_position,991,placed,1040,Escalant,yes,no
c_escalant,b_asha_masdak,city_holding,initial,port_position,655,placed,1040,Escalant,no,no
c_escalant,b_stal_masdak,church_holding,initial,sampled,709,placed,1040,Escalant,no,no
c_amruthar,b_amruthar,castle_holding,initial,capital_position,6043,placed,1048,Amruthar,yes,no
c_amruthar,b_nethwatch,city_holding,initial,port_position,4812,placed,1048,Amruthar,no,no
c_anhaurz,b_anhaurz,castle_holding,initial,capital_position,2859,placed,1038,Anhaurz,yes,no
c_anhaurz,b_mithana,city_holding,initial,port_position,1151,placed,1038,Anhaurz,no,no
c_nethentir,b_nethentir,castle_holding,initial,capital_position,2554,placed,1012,Nethentir,yes,no
c_nethentir,b_the_fanfare,city_holding,initial,port_position,1703,placed,1012,Nethentir,no,no
c_nethjet,b_nethjet,castle_holding,initial,capital_position,1566,placed,1011,Nethjet,yes,no
c_nethjet,b_eshyas,city_holding,initial,port_position,1164,placed,1011,Nethjet,no,no
c_nethjet,b_melmas,church_holding,initial,sampled,639,placed,1011,Nethjet,no,no
c_pyarados,b_pyrados,castle_holding,initial,capital_position,1941,placed,1041,Pyarados,yes,no
c_pyarados,b_moduhur,city_holding,initial,port_position,1285,placed,1041,Pyarados,no,no
c_pyarados,b_eracaz,church_holding,initial,sampled,1945,placed,1041,Pyarados,no,no
c_pyarados,b_delluk,castle_holding,initial,sampled,1544,placed,1041,Pyarados,no,no
c_the_surague,b_onnaghi,castle_holding,initial,capital_position,4431,placed,1059,The Surague,yes,no
c_the_surague,b_ishtamir,city_holding,initial,port_position,4214,placed,1059,The Surague,no,no
c_surthay,b_surtowers,castle_holding,initial,capital_position,1320,placed,1023,Surthay,yes,no
c_surthay,b_westsulkh,city_holding,initial,port_position,871,placed,1023,Surthay,no,no
c_surthay,b_true_surthay,church_holding,initial,sampled,797,placed,1023,Surthay,no,no
c_mulsanyaar,b_rikthana,tribal_holding,initial,capital_position,8431,placed,1022,Mulsanyaar,yes,no
c_surmarsh,b_dagleth,castle_holding,initial,capital_position,4603,placed,1009,Surmarsh,yes,no
c_moszabbar,b_moszabbar,castle_holding,initial,capital_position,4897,placed,1042,Moszabbar,yes,no
c_moszabbar,b_thazar,castle_holding,initial,sampled,1971,placed,1042,Moszabbar,no,no
c_thazar,b_thazar_keep,castle_holding,initial,capital_position,3211,placed,2497,Thazar,yes,no
c_thazar,b_hebe,city_holding,initial,port_position,1687,placed,2497,Thazar,no,no
c_thazarim,b_krenlith,castle_holding,initial,capital_position,2296,placed,1047,Thazarim,yes,no
c_thazarim,b_zunthra,city_holding,initial,port_position,1936,placed,1047,Thazarim,no,no
c_the_alaor,b_thund_greatharbor_anchorage,castle_holding,initial,capital_position,673,placed,1033,The Alaor,yes,no
c_the_alaor,b_alaoran,city_holding,initial,,0,demoted,1033,The Alaor,no,no
c_the_alaor,b_raeldreth,church_holding,1358.4.1,,0,demoted,1033,The Alaor,no,yes
c_bezantur,b_bezantur,castle_holding,initial,capital_position,1150,placed,1032,Bezantur,yes,no
c_bezantur,b_unnakan,city_holding,initial,port_position,839,placed,1032,Bezantur,no,no
c_bezantur,b_hexcidon,church_holding,initial,sampled,1037,placed,1032,Bezantur,no,no
c_bezantur,b_balber,castle_holding,initial,sampled,990,placed,1032,Bezantur,no,no
c_bezantur,b_thrakhos,city_holding,initial,sampled,1056,placed,1032,Bezantur,no,no
c_murbant,b_murbant,castle_holding,initial,capital_position,4762,placed,1037,Murbant,yes,no
c_murbant,b_pytharigla,city_holding,initial,port_position,2004,placed,1037,Murbant,no,no
c_thasselen,b_thasselen,castle_holding,initial,capital_position,1911,placed,1036,Thasselen,yes,no
c_thasselen,b_sekbrax,city_holding,initial,port_position,1600,placed,1036,Thasselen,no,no
c_thasselen,b_nishkashes,church_holding,initial,sampled,1667,placed,1036,Thasselen,no,no
c_tyraturos,b_tyraturos,castle_holding,initial,capital_position,631,placed,1031,Tyraturos,yes,no
c_tyraturos,b_delabbar,city_holding,initial,port_position,1012,placed,1031,Tyraturos,no,no
c_tyraturos,b_belizir,church_holding,initial,sampled,833,placed,1031,Tyraturos,no,no
c_tyraturos,b_sekelmur,castle_holding,initial,sampled,877,placed,1031,Tyraturos,no,no
c_tyraturos,b_nythgoro,city_holding,initial,sampled,731,placed,1031,Tyraturos,no,no
c_ankhur,b_ankhur,castle_holding,initial,capital_position,3089,placed,2496,Ankhur,yes,no
c_ankhur,b_dranikmor,city_holding,initial,port_position,995,placed,2496,Ankhur,no,no
c_ankhur,b_yadara,church_holding,initial,sampled,1292,placed,2496,Ankhur,no,no
c_nuthretos,b_nuthretos,castle_holding,initial,capital_position,1814,placed,1050,Nuthretos,yes,no
c_nuthretos,b_hurkh,city_holding,initial,port_position,2353,placed,1050,Nuthretos,no,no
c_nuthretos,b_mophur,church_holding,initial,sampled,1920,placed,1050,Nuthretos,no,no
c_surag,b_surag,castle_holding,initial,capital_position,1230,placed,1425,Surag,yes,no
c_surag,b_thazrumaros,city_holding,initial,port_position,1986,placed,1425,Surag,no,no
c_surag,b_kurkha,church_holding,initial,sampled,954,placed,1425,Surag,no,no
c_zolum,b_zolum,castle_holding,initial,capital_position,2905,placed,1049,Zolum,yes,no
c_zolum,b_solzepar,city_holding,initial,port_position,2095,placed,1049,Zolum,no,no
c_zolum,b_arkira,city_holding,initial,sampled,1964,placed,1049,Zolum,no,no
c_bildoobaris,b_bildoobaris,tribal_holding,initial,capital_position,2050,placed,992,Bildoobaris,yes,no
c_bildoobaris,b_runalundr,church_holding,initial,sampled,1183,placed,992,Bildoobaris,no,no
c_the_teardrops,b_muirenon,tribal_holding,initial,capital_position,5798,placed,922,The Teardrops,yes,no
c_kolium,b_kolium,tribal_holding,initial,capital_position,9569,placed,927,Kolium,yes,no
c_njast,b_njast,tribal_holding,initial,capital_position,8845,placed,928,NJast,yes,no
c_shandaular,b_shandaular,tribal_holding,initial,capital_position,4127,placed,2540,Shandaular,yes,no
c_kront,b_kront,castle_holding,initial,capital_position,6487,placed,997,Kront,yes,no
c_erech_forest,b_julrish,tribal_holding,initial,capital_position,6006,placed,925,Erech Forest,yes,no
c_falls_of_erech,b_ixxim,tribal_holding,initial,capital_position,7665,placed,926,Falls of Erech,yes,no
c_luirbrech,b_vestil,tribal_holding,initial,capital_position,11147,placed,920,Luirbrech,yes,no
c_hoarbridge,b_hoarbridge,tribal_holding,initial,capital_position,16203,placed,924,Hoarbridge,yes,no
c_aspervi,b_aspervi,tribal_holding,initial,capital_position,20938,placed,921,Aspervi,yes,no
c_qutel,b_nar_sek_qutel,tribal_holding,initial,capital_position,13894,placed,923,Qutel,yes,no
c_icelace,b_icelace,tribal_holding,initial,capital_position,11532,placed,1579,Icelace,yes,no
c_icetail,b_peltarch,tribal_holding,initial,capital_position,4488,placed,930,Icetail,yes,no
c_denderdale,b_denderdale,tribal_holding,initial,capital_position,5223,placed,1424,Denderdale,yes,no
c_jelvym,b_jelvym,tribal_holding,initial,capital_position,15060,placed,932,Jelvym,yes,no
c_nar_ormpur,b_nar_ormpur,tribal_holding,initial,capital_position,3545,placed,929,Nar Ormpur,yes,no
c_quistrade,b_selmast,tribal_holding,initial,capital_position,5417,placed,931,Quistrade,yes,no
c_giant_gap,b_giant_gap,tribal_holding,initial,capital_position,1861,placed,2538,Giant Gap,yes,no
c_merkungard,b_merkun,tribal_holding,initial,capital_position,10493,placed,366,Merkungard,yes,no
c_graskynar,b_graskynar,castle_holding,initial,capital_position,641,placed,2524,Graskynar,yes,no
c_graskynar,b_yaughsonn,city_holding,initial,port_position,568,placed,2524,Graskynar,no,no
c_graskynar,b_tavwurn,church_holding,initial,sampled,492,placed,2524,Graskynar,no,no
c_uthmere,b_uthmere,castle_holding,initial,capital_position,1455,placed,395,Uthmere,yes,no
c_uthmere,b_maubergs_oak,city_holding,initial,port_position,1354,placed,395,Uthmere,no,no
c_uthmere,b_hall_of_the_just,church_holding,initial,sampled,1695,placed,395,Uthmere,no,no
c_uthmere,b_lords_palace,castle_holding,initial,sampled,1823,placed,395,Uthmere,no,no
c_bezentil,b_bezentil,city_holding,initial,capital_position,6926,placed,994,Bezentil,yes,no
c_carwyth,b_carwyth_hold,castle_holding,initial,capital_position,3163,placed,990,Carwyth,yes,no
c_carwyth,b_evreltheds_hill,city_holding,initial,port_position,2983,placed,990,Carwyth,no,no
c_new_sarshel,b_new_sarshel,castle_holding,initial,capital_position,1830,placed,998,New Sarshel,yes,no
c_narderwood,b_fortress_narder,church_holding,initial,capital_position,9846,placed,993,Narderwood,yes,no
c_middlewoods,b_jellik,church_holding,initial,capital_position,9267,placed,1156,Middlewoods,yes,no
c_west_lethyr,b_lethywald,church_holding,initial,capital_position,9503,placed,991,West Lethyr,yes,no
c_wood_of_flam,b_flamhold,church_holding,initial,capital_position,6527,placed,1423,Wood of Flam,yes,no
c_dun_tharos,b_dun_tharos,church_holding,initial,capital_position,8388,placed,2539,Dun-Tharos,yes,no
c_helenas_wood,b_nighthawk_tower,church_holding,initial,capital_position,11930,placed,986,Helenas Wood,yes,no
c_dunwood,b_dag_nast,church_holding,initial,capital_position,8973,placed,989,Dunwood,yes,no
c_sidewinder_wood,b_fortress_clymph,tribal_holding,initial,capital_position,13000,placed,987,Sidewinder Wood,yes,no
c_myth_telvondial,b_myth_telvondial,tribal_holding,initial,capital_position,2444,placed,1576,Myth Telvondial,yes,no
c_spearsmouth_dale,b_spearsmouth,castle_holding,initial,capital_position,1961,placed,996,Spearsmouth Dale,yes,no
c_spearsmouth_dale,b_arglith,city_holding,initial,port_position,1017,placed,996,Spearsmouth Dale,no,no
c_mettledale,b_kuthnuk,castle_holding,initial,capital_position,5829,placed,995,Mettledale,yes,no
c_telflamm,b_telflamm,city_holding,initial,capital_position,1693,placed,1000,Telflamm,yes,no
c_telflamm,b_castle_balindre,castle_holding,initial,sampled,1845,placed,1000,Telflamm,no,no
c_telflamm,b_merchants_fortress,city_holding,1385.1.1,port_position,1293,placed,1000,Telflamm,no,yes
c_telflamm,b_hall_of_the_avenging_hammer,church_holding,initial,sampled,1037,placed,1000,Telflamm,no,no
c_culmaster,b_culmaster,castle_holding,initial,capital_position,1607,placed,1001,Culmaster,yes,no
c_culmaster,b_thassalra,city_holding,initial,port_position,1476,placed,1001,Culmaster,no,no
c_nyth,b_nyth,city_holding,initial,capital_position,1990,placed,999,Nyth,yes,no
c_nyth,b_ethdale,castle_holding,initial,sampled,721,placed,999,Nyth,no,no
c_milvarune,b_milvarune,castle_holding,initial,capital_position,2069,placed,1029,Milvarune,yes,no
c_milvarune,b_paneo,city_holding,initial,port_position,0,demoted,1029,Milvarune,no,no
c_milvarune,b_marbelaga,church_holding,initial,sampled,2408,placed,1029,Milvarune,no,no
c_two_stars,b_two_stars,castle_holding,initial,capital_position,2012,placed,1006,Two-Stars,yes,no
c_two_stars,b_mulsantir_ferry,city_holding,initial,port_position,1879,placed,1006,Two-Stars,no,no
c_two_stars,b_klinthruk,church_holding,initial,sampled,1343,placed,1006,Two-Stars,no,no
c_ashanvast,b_kannur,tribal_holding,initial,capital_position,5448,placed,1010,Ashanvast,yes,no
c_murthil,b_admash,tribal_holding,initial,capital_position,7603,placed,1008,Murthil,yes,no
c_tezir,b_tezir_on_the_marsh,city_holding,initial,capital_position,8690,placed,1007,Tezir,yes,no
c_phent,b_phent,city_holding,initial,capital_position,4278,placed,1002,Phent,yes,no
c_phent,b_inkra,castle_holding,initial,sampled,1547,placed,1002,Phent,no,no
c_ethvale,b_ethvale,castle_holding,initial,capital_position,8143,placed,1013,Ethvale,yes,no
c_ethvale,b_avargand,city_holding,initial,port_position,3735,placed,1013,Ethvale,no,no
c_phsant,b_phsant,city_holding,initial,capital_position,2993,placed,1003,Phsant,yes,no
c_phsant,b_klonna,castle_holding,initial,sampled,1581,placed,1003,Phsant,no,no
c_surcross,b_surcross,city_holding,initial,capital_position,11697,placed,1004,Surcross,yes,no
c_tammar,b_tammar,city_holding,initial,capital_position,5058,placed,1005,Tammar,yes,no
c_tammar,b_simbath,castle_holding,initial,sampled,3016,placed,1005,Tammar,no,no
c_silverymoon,b_silverymoon,city_holding,initial,capital_position,430,placed,25,Silverymoon,yes,no
c_silverymoon,b_rauvinwatch,castle_holding,637.1.1,sampled,607,placed,25,Silverymoon,no,no
c_silverymoon,b_everdusk_hall,church_holding,637.1.1,sampled,522,placed,25,Silverymoon,no,no
c_silverymoon,b_ladys_hand,church_holding,637.1.1,sampled,562,placed,25,Silverymoon,no,no
c_silverymoon,b_khelb,city_holding,637.1.1,port_position,519,placed,25,Silverymoon,no,no
c_rivermoot,b_rivermoot,city_holding,initial,capital_position,2587,placed,28,Rivermoot,yes,no
c_rivermoot,b_winter_edge,city_holding,637.1.1,port_position,766,placed,28,Rivermoot,no,no
c_silvermoon_pass,b_hawks_nest,castle_holding,initial,capital_position,851,placed,30,Silvermoon Pass,yes,no
c_silvermoon_pass,b_auvandell,city_holding,1235.9.1,port_position,1227,placed,30,Silvermoon Pass,no,no
c_silvermoon_pass,b_deckon_thar,castle_holding,1479.1.1,sampled,773,placed,30,Silvermoon Pass,no,yes
c_silverwood,b_olostins_hold,tribal_holding,initial,capital_position,3035,placed,1409,Silverwood,yes,no
c_adbarrim,b_hall_of_kings,castle_holding,initial,capital_position,802,placed,2449,Adbarrim,yes,no
c_adbarrim,b_adbarrim,city_holding,initial,port_position,405,placed,2449,Adbarrim,no,no
c_adbarrim,b_the_foundry,church_holding,initial,sampled,0,demoted,2449,Adbarrim,no,no
c_adbarrim,b_lower_ward,city_holding,initial,,0,demoted,2449,Adbarrim,no,no
c_citadel_adbar,b_citadel_adbar,castle_holding,initial,capital_position,2400,placed,36,Citadel Adbar,yes,no
c_citadel_adbar,b_dragonspikes,castle_holding,initial,sampled,1407,placed,36,Citadel Adbar,no,no
c_cold_vale,b_meruindelve,tribal_holding,initial,capital_position,3819,placed,2462,Cold Vale,yes,no
c_ascore,b_ascore_gates,castle_holding,initial,capital_position,2621,placed,2461,Ascore,yes,no
c_arn_forest,b_graevelwood,castle_holding,initial,capital_position,3628,placed,53,Arn Forest,yes,no
c_the_fork,b_deadsnows,tribal_holding,initial,capital_position,5016,placed,479,The Fork,yes,no
c_vordrorn_forest,b_vordrorn,castle_holding,initial,capital_position,3513,placed,1436,Vordrorn Forest,yes,no
c_mithral_hall,b_mithral_hall,castle_holding,initial,capital_position,452,placed,32,Mithral Hall,yes,no
c_mithral_hall,b_fourthpeak,city_holding,initial,port_position,445,placed,32,Mithral Hall,no,no
c_mithral_hall,b_hall_of_dumathoin,church_holding,initial,sampled,510,placed,32,Mithral Hall,no,no
c_mithral_hall,b_garumns_gorge,castle_holding,initial,sampled,480,placed,32,Mithral Hall,no,no
c_selskar_vale,b_andalbruin,tribal_holding,initial,capital_position,3327,placed,2511,Selskar Vale,yes,no
c_settlestone,b_settlestone,castle_holding,initial,capital_position,532,placed,1413,Settlestone,yes,no
c_settlestone,b_keepers_dale,city_holding,initial,port_position,588,placed,1413,Settlestone,no,no
c_settlestone,b_northlook,church_holding,initial,sampled,467,placed,1413,Settlestone,no,no
c_sundabar,b_masters_hall_sbr,castle_holding,initial,capital_position,3556,placed,38,Sundabar,yes,no
c_sundabar,b_sundabar,city_holding,initial,port_position,1942,placed,38,Sundabar,no,no
c_sundabar,b_hall_of_vigilance,church_holding,initial,sampled,1373,placed,38,Sundabar,no,no
c_sundabar,b_newfort,castle_holding,initial,sampled,2121,placed,38,Sundabar,no,no
c_felbarr,b_citadel_felbarr,castle_holding,initial,capital_position,3729,placed,106,Felbarr,yes,no
c_felbarr,b_felbarr_fields,city_holding,initial,port_position,2186,placed,106,Felbarr,no,no
c_dead_orc_pass,b_dead_orc_pass,tribal_holding,initial,capital_position,2269,placed,2550,Dead Orc Pass,yes,no
c_everlund,b_hall_of_the_elders,castle_holding,515.1.1,capital_position,1399,placed,29,Everlund,yes,no
c_everlund,b_everlund,city_holding,initial,port_position,1216,placed,29,Everlund,no,no
c_everlund,b_moongleam,church_holding,515.1.1,sampled,1223,placed,29,Everlund,no,no
c_jalanthar,b_jalanthar,city_holding,initial,capital_position,2202,placed,473,Jalanthar,yes,no
c_jalanthar,b_moon_pass,castle_holding,882.1.1,sampled,1114,placed,473,Jalanthar,no,no
c_maer_dualdon,b_maer_dualdon,city_holding,277.1.1,capital_position,689,placed,2614,Maer Dualdon,yes,no
c_maer_dualdon,b_jarlmoot,castle_holding,initial,sampled,768,placed,2614,Maer Dualdon,no,no
c_lac_dinneshere,b_easthaven,city_holding,initial,capital_position,1049,placed,46,Lac Dinneshere,yes,no
c_lac_dinneshere,b_caer_dineval,castle_holding,1050.1.1,sampled,731,placed,46,Lac Dinneshere,no,no
c_redwaters,b_good_mead,church_holding,1239.1.1,capital_position,761,placed,2615,Redwaters,yes,no
c_redwaters,b_dougans_hole,city_holding,1212.1.1,port_position,717,placed,2615,Redwaters,no,no
c_redwaters,b_redwaters,tribal_holding,initial,sampled,0,demoted,2615,Redwaters,no,no
c_kelvins_cairn,b_kelvins_cairn,castle_holding,initial,capital_position,2457,placed,45,Kelvins Cairn,yes,no
c_dwarven_valley,b_dwarven_valley,castle_holding,initial,capital_position,616,placed,2616,Dwarven Valley,yes,no
c_dwarven_valley,b_termalaine,castle_holding,1345.1.1,sampled,0,demoted,2616,Dwarven Valley,no,no
c_dwarven_valley,b_lonelywood,city_holding,1279.1.1,port_position,645,placed,2616,Dwarven Valley,no,no
c_highplume_station,b_highplume_station,tribal_holding,initial,capital_position,2315,placed,2617,Highplume Station,yes,no
c_fireshear,b_windlyne_fort,castle_holding,initial,capital_position,5214,placed,23,Fireshear,yes,no
c_fireshear,b_fireshear,city_holding,initial,port_position,1475,placed,23,Fireshear,no,no
c_ironmaster,b_ironmaster,castle_holding,initial,capital_position,2722,placed,43,Ironmaster,yes,no
c_ironmaster,b_firestone,city_holding,1248.1.1,port_position,1069,placed,43,Ironmaster,no,no
c_hosttower_of_the_arcane,b_mirar_green,tribal_holding,806.1.1,capital_position,1204,placed,2571,Hosttower,yes,no
c_hosttower_of_the_arcane,b_central_spire,castle_holding,initial,sampled,625,placed,2571,Hosttower,no,no
c_the_icefields,b_the_icefields,tribal_holding,initial,capital_position,8198,placed,2620,The Icefields,yes,no
c_icewind_coast,b_icewind_coast,tribal_holding,initial,capital_position,6449,placed,2561,Icewind Coast,yes,no
c_evermelt,b_evermelt,tribal_holding,initial,capital_position,8085,placed,51,Evermelt,yes,no
c_prints_floe,b_prints_floe,tribal_holding,initial,capital_position,5343,placed,1175,Prints Floe,yes,no
c_ruriks_end,b_rurikar,tribal_holding,initial,capital_position,10665,placed,1433,Ruriks End,yes,no
c_outer_reghed,b_outer_reghed,tribal_holding,initial,capital_position,9917,placed,2567,Outer Reghed,yes,no
c_the_great_oak,b_kuldahar,church_holding,initial,capital_position,1523,placed,50,The Great Oak,yes,no
c_the_rift,b_the_rift,tribal_holding,initial,capital_position,1287,placed,2568,The Rift,yes,no
c_the_rift,b_crag_of_the_forgotten_god,city_holding,1385.4.29,port_position,0,demoted,2568,The Rift,no,yes
c_broken_well,b_broken_well,castle_holding,initial,capital_position,1569,placed,2619,Broken Well,yes,no
c_wyrmdoom_crag,b_wyrmdoom_crag,tribal_holding,initial,capital_position,1189,placed,2587,Wyrmdoom Crag,yes,no
c_skytower_shelter,b_skytower_shelter,tribal_holding,initial,capital_position,1040,placed,2618,Skytower Shelter,yes,no
c_wyrms_tooth,b_wyrms_tooth,castle_holding,initial,capital_position,923,placed,2424,Wyrms Tooth,yes,no
c_wyrms_tooth,b_dorns_deep,city_holding,initial,port_position,590,placed,2424,Wyrms Tooth,no,no
c_wyrms_tooth,b_durdel_anatha,church_holding,initial,sampled,0,demoted,2424,Wyrms Tooth,no,no
c_hundelstone,b_hundelstone,castle_holding,initial,capital_position,995,placed,44,Hundelstone,yes,no
c_hundelstone,b_chevlarin,city_holding,1306.1.1,port_position,546,placed,44,Hundelstone,no,no
c_severed_hand,b_severed_hand,castle_holding,initial,capital_position,400,placed,2566,Severed Hand,yes,no
c_severed_hand,b_vale_of_shadows,church_holding,initial,sampled,450,placed,2566,Severed Hand,no,no
c_luskan,b_captains_court,castle_holding,initial,capital_position,688,placed,17,Luskan,yes,no
c_luskan,b_whitesails_harbour,city_holding,initial,port_position,0,demoted,17,Luskan,no,no
c_luskan,b_dragon_beach,city_holding,initial,sampled,594,placed,17,Luskan,no,no
c_luskan,b_winter_palace,church_holding,initial,sampled,590,placed,17,Luskan,no,no
c_luskan,b_luskan,city_holding,initial,,0,demoted,17,Luskan,no,no
c_blackford,b_blackford,tribal_holding,initial,capital_position,2348,placed,42,Blackford,yes,no
c_blackford,b_icemelt,city_holding,initial,port_position,1062,placed,42,Blackford,no,no
c_lyntara,b_port_wyn,tribal_holding,initial,capital_position,3006,placed,472,Lyntara,yes,no
c_lyntara,b_valarholm,city_holding,initial,port_position,1045,placed,472,Lyntara,no,no
c_the_fell_wood,b_blackstars,tribal_holding,initial,capital_position,5609,placed,234,The Fell Wood,yes,no
c_mirabar,b_mirabar,city_holding,initial,capital_position,1221,placed,40,Mirabar,yes,no
c_mirabar,b_duronds_town,city_holding,initial,port_position,1151,placed,40,Mirabar,no,no
c_mirabar,b_alemaster,church_holding,initial,sampled,978,placed,40,Mirabar,no,no
c_mirabar,b_crag_creek,castle_holding,initial,sampled,1297,placed,40,Mirabar,no,no
c_khedrun_valley,b_khedvallahir,tribal_holding,initial,capital_position,1668,placed,41,Khedrun Valley,yes,no
c_khedrun_valley,b_shield_way,city_holding,initial,port_position,1820,placed,41,Khedrun Valley,no,no
c_valley_of_klaidson,b_klaidson,tribal_holding,initial,capital_position,2835,placed,1165,Valley of Klaidson,yes,no
c_upper_khedrun,b_upper_khedrun,tribal_holding,initial,capital_position,2815,placed,2609,Upper Khedrun,yes,no
c_dark_arrow,b_dark_arrow_keep,castle_holding,initial,capital_position,2199,placed,1216,Dark Arrow,yes,no
c_fell_pass,b_shallows,tribal_holding,initial,capital_position,1234,placed,39,Fell Pass,yes,no
c_fell_pass,b_castle_of_illusion,castle_holding,740.1.1,sampled,937,placed,39,Fell Pass,no,no
c_eyegad,b_fortress_eyegad,castle_holding,initial,capital_position,1390,placed,2444,Eyegad,yes,no
c_lurkwood,b_halanaskarr,tribal_holding,initial,capital_position,9063,placed,21,Lurkwood,yes,no
c_lurkwood,b_maraks_tor,church_holding,initial,sampled,4875,placed,21,Lurkwood,no,no
c_surbrin_hills,b_griffons_nest,tribal_holding,initial,capital_position,6916,placed,26,Surbrin Hills,yes,no
c_shining_white,b_shining_white,tribal_holding,initial,capital_position,5567,placed,2510,Shining White,yes,no
c_grunwald,b_grunwald,tribal_holding,initial,capital_position,4276,placed,1200,Grunwald,yes,no
c_the_crags,b_orglaunt,tribal_holding,initial,capital_position,5249,placed,169,The Crags,yes,no
c_wild_hills,b_white_tree,tribal_holding,initial,capital_position,5657,placed,2532,Wild Hills,yes,no
c_nesme,b_nesme,city_holding,initial,capital_position,1666,placed,582,Nesme,yes,no
c_nesme,b_mornbryns_shield,castle_holding,1307.1.1,sampled,1432,placed,582,Nesme,no,no
c_the_evermoors,b_startop,tribal_holding,initial,capital_position,9218,placed,27,The Evermoors,yes,no
c_flint_rock,b_flint_rock,tribal_holding,initial,capital_position,3896,placed,2509,Flint Rock,yes,no
c_druarwood,b_frostrill,castle_holding,initial,capital_position,4055,placed,33,Druarwood,yes,no
c_coldwood,b_thradulf,tribal_holding,initial,capital_position,11283,placed,35,Coldwood,yes,no
c_moonwood,b_quaervarr,tribal_holding,initial,capital_position,7825,placed,34,Moonwood,yes,no
c_night_trees,b_beorunnas_well,castle_holding,initial,capital_position,3695,placed,47,Night Trees,yes,no
c_hartsvale,b_stagwick,castle_holding,initial,capital_position,7425,placed,48,Hartsvale,yes,no
c_endless_blizzard,b_fir_palace,church_holding,initial,capital_position,7884,placed,52,Endless Blizzard,yes,no
c_endless_blizzard,b_storming_gorge,castle_holding,initial,sampled,2336,placed,52,Endless Blizzard,no,no
c_the_bleak_plain,b_twilight_hold,tribal_holding,initial,capital_position,10151,placed,69,The Bleak Plain,yes,no
c_the_bleak_plain,b_truespir,church_holding,1470.1.1,sampled,4704,placed,69,The Bleak Plain,no,yes
c_tholvarr,b_tholvarr,tribal_holding,initial,capital_position,3334,placed,49,Tholvarr,yes,no
c_winters_edge,b_tharitesh,tribal_holding,initial,capital_position,5892,placed,1435,Winters Edge,yes,no
c_toraldur,b_toraldur,tribal_holding,initial,capital_position,21032,placed,1434,Toraldur,yes,no
c_dzoulins_cradle,b_dzoulins_cradle,tribal_holding,initial,capital_position,24166,placed,1176,Dzoulins Cradle,yes,no
c_gallads_garden,b_gallads_garden,tribal_holding,initial,capital_position,12539,placed,1177,Gallads Garden,yes,no
c_lonefang,b_lonefang,tribal_holding,initial,capital_position,15301,placed,1178,Lonefang,yes,no
c_amphail,b_bargewright_inn,castle_holding,initial,capital_position,1530,placed,2,Amphail,yes,no
c_amphail,b_amphail,city_holding,207.1.1,port_position,844,placed,2,Amphail,no,no
c_amphail,b_rundreth,church_holding,207.1.1,sampled,607,placed,2,Amphail,no,no
c_goldenfields,b_goldenfields,church_holding,initial,capital_position,894,placed,2427,Goldenfields,yes,no
c_goldenfields,b_harvesthome,church_holding,207.1.1,sampled,421,placed,2427,Goldenfields,no,no
c_womford,b_womford,castle_holding,initial,capital_position,2955,placed,2429,Womford,yes,no
c_womford,b_ganstars_creek,city_holding,183.1.1,port_position,3977,placed,2429,Womford,no,no
c_red_larch,b_red_larch,city_holding,initial,capital_position,3141,placed,18,Red Larch,yes,no
c_red_larch,b_westbridge,castle_holding,1120.1.1,sampled,1214,placed,18,Red Larch,no,no
c_red_larch,b_helvenblade,church_holding,1120.1.1,sampled,1497,placed,18,Red Larch,no,no
c_sumber_hills,b_scarlet_moon_hall,city_holding,146.1.1,capital_position,579,placed,2508,Sumber Hills,yes,no
c_sumber_hills,b_sacred_stone,church_holding,146.1.1,sampled,524,placed,2508,Sumber Hills,no,no
c_sumber_hills,b_rivergard,tribal_holding,initial,sampled,462,placed,2508,Sumber Hills,no,no
c_beliard,b_beliard,city_holding,initial,capital_position,5053,placed,100,Beliard,yes,no
c_beliard,b_gladestone,castle_holding,523.1.1,sampled,4573,placed,100,Beliard,no,no
c_yartar,b_waterbarons_hall,castle_holding,528.1.1,capital_position,2361,placed,156,Yartar,yes,no
c_yartar,b_yartar,city_holding,initial,port_position,2138,placed,156,Yartar,no,no
c_yartar,b_two_hap_fort_hall,church_holding,1150.1.1,sampled,1654,placed,156,Yartar,no,no
c_yartar,b_shield_tower,castle_holding,1150.1.1,sampled,1516,placed,156,Yartar,no,no
c_calling_horns,b_noanars_hold,castle_holding,initial,capital_position,5714,placed,31,Calling Horns,yes,no
c_calling_horns,b_calling_horns,city_holding,1486.1.1,port_position,2946,placed,31,Calling Horns,no,yes
c_longsaddle,b_longsaddle,castle_holding,initial,capital_position,2297,placed,19,Longsaddle,yes,no
c_longsaddle,b_harpell_hill,city_holding,1042.1.1,port_position,1639,placed,19,Longsaddle,no,no
c_triboar,b_triboar,city_holding,initial,capital_position,2705,placed,4,Triboar,yes,no
c_triboar,b_westpharl,castle_holding,146.1.1,sampled,3469,placed,4,Triboar,no,no
c_triboar,b_lost_moon,church_holding,146.1.1,sampled,2466,placed,4,Triboar,no,no
c_starmetal_hills,b_beruns_hill,church_holding,initial,capital_position,3085,placed,1439,Starmetal Hills,yes,no
c_starmetal_hills,b_twilight_tor,city_holding,1466.1.1,port_position,1877,placed,1439,Starmetal Hills,no,yes
c_the_sisters,b_eldathyn,tribal_holding,initial,capital_position,1062,placed,57,The Sisters,yes,no
c_the_sisters,b_khlecayre,city_holding,initial,port_position,860,placed,57,The Sisters,no,no
c_the_sisters,b_darmaerthe,church_holding,initial,sampled,775,placed,57,The Sisters,no,no
c_the_sisters,b_talon_tower,castle_holding,initial,sampled,597,placed,57,The Sisters,no,no
c_heartblood,b_lhuve,tribal_holding,initial,capital_position,3547,placed,56,Heartblood,yes,no
c_heartblood,b_karse,castle_holding,883.1.1,sampled,3752,placed,56,Heartblood,no,no
c_the_old_trees,b_starshadow,tribal_holding,initial,capital_position,7881,placed,1403,The Old Trees,yes,no
c_the_old_trees,b_old_trees,city_holding,initial,port_position,2126,placed,1403,The Old Trees,no,no
c_centaur_run,b_nordahaeril,tribal_holding,initial,capital_position,3471,placed,1152,Centaur Run,yes,no
c_centaur_run,b_morynarth,city_holding,initial,port_position,3256,placed,1152,Centaur Run,no,no
c_centaur_run,b_far_forount,church_holding,initial,sampled,2440,placed,1152,Centaur Run,no,no
c_unicorn_run,b_caerilcarn,tribal_holding,initial,capital_position,2222,placed,70,Unicorn Run,yes,no
c_unicorn_run,b_ellatharion,city_holding,initial,port_position,1836,placed,70,Unicorn Run,no,no
c_pharren,b_pharren,tribal_holding,initial,capital_position,5881,placed,1568,Pharren,yes,no
c_tall_trees,b_teuveamanthaar,church_holding,initial,capital_position,1871,placed,67,Tall Trees,yes,no
c_tall_trees,b_morkermhoarth,city_holding,initial,port_position,1856,placed,67,Tall Trees,no,no
c_tall_trees,b_kerymnaar,castle_holding,initial,sampled,1777,placed,67,Tall Trees,no,no
c_tall_trees,b_vale_of_memory,church_holding,initial,sampled,1517,placed,67,Tall Trees,no,no
c_eastwood,b_eastwood,castle_holding,initial,capital_position,2602,placed,300,Eastwood,yes,no
c_eastwood,b_karscragg,city_holding,initial,port_position,1508,placed,300,Eastwood,no,no
c_eastwood,b_starpoint,church_holding,initial,sampled,1579,placed,300,Eastwood,no,no
c_elven_port,b_elven_port,castle_holding,initial,capital_position,4279,placed,1692,Elven Port,yes,no
c_elven_port,b_nar_kerymhoarth,church_holding,initial,sampled,3682,placed,1692,Elven Port,no,no
c_glaurachyndaar,b_glaurachyndaar,castle_holding,initial,capital_position,592,placed,2473,Glaurachyndaar,yes,no
c_glaurachyndaar,b_talgotha,city_holding,initial,port_position,670,placed,2473,Glaurachyndaar,no,no
c_glaurachyndaar,b_star_mausoleum,church_holding,initial,sampled,436,placed,2473,Glaurachyndaar,no,no
c_glaurachyndaar,b_tuerel,castle_holding,initial,sampled,405,placed,2473,Glaurachyndaar,no,no
c_ascalhorn,b_hellgate_keep,castle_holding,initial,capital_position,1291,placed,105,Ascalhorn,yes,no
c_ascalhorn,b_orinthae,church_holding,initial,sampled,1019,placed,105,Ascalhorn,no,no
c_ascalhorn,b_telkouns_tower,castle_holding,initial,sampled,1187,placed,105,Ascalhorn,no,no
c_ascalhorn,b_ascalharla,city_holding,initial,port_position,1498,placed,105,Ascalhorn,no,no
c_far_forest,b_taerymdoom,castle_holding,initial,capital_position,8083,placed,107,Far Forest,yes,no
c_weathercote_wood,b_veska,tribal_holding,initial,capital_position,1677,placed,305,Weathercote Wood,yes,no
c_weathercote_wood,b_tamm,city_holding,initial,port_position,1929,placed,305,Weathercote Wood,no,no
c_weathercote_wood,b_juloth,church_holding,initial,sampled,1764,placed,305,Weathercote Wood,no,no
c_fallen_lands,b_saharelgard,tribal_holding,initial,capital_position,4990,placed,108,Fallen Lands,yes,no
c_fallen_lands,b_dry_hills,city_holding,initial,port_position,5556,placed,108,Fallen Lands,no,no
c_fallen_lands,b_ustark,church_holding,initial,sampled,3104,placed,108,Fallen Lands,no,no
c_lothen,b_lothen,castle_holding,initial,capital_position,2783,placed,1162,Lothen,yes,no
c_lothen,b_aelyth,city_holding,initial,port_position,1955,placed,1162,Lothen,no,no
c_ong_woods,b_arselyndaar,tribal_holding,initial,capital_position,4239,placed,2475,Ong Woods,yes,no
c_ong_woods,b_sylfaaril,church_holding,initial,sampled,2239,placed,2475,Ong Woods,no,no
c_ong_woods,b_caelpiir,city_holding,initial,port_position,1766,placed,2475,Ong Woods,no,no
c_lost_peaks,b_morndinvuddrin,castle_holding,initial,capital_position,1398,placed,55,Lost Peaks,yes,no
c_lost_peaks,b_rornfaern,city_holding,initial,port_position,1213,placed,55,Lost Peaks,no,no
c_lost_peaks,b_grandfather_tree,church_holding,initial,sampled,1477,placed,55,Lost Peaks,no,no
c_mhiilamnir,b_mhiilamniir,tribal_holding,initial,capital_position,2710,placed,1437,Mhiilamnir,yes,no
c_mhiilamnir,b_fhaorkerymkiir,city_holding,initial,port_position,3000,placed,1437,Mhiilamnir,no,no
c_mhiilamnir,b_xeler,church_holding,initial,sampled,1976,placed,1437,Mhiilamnir,no,no
c_turlangs_wood,b_citadel_of_the_mists,castle_holding,initial,capital_position,1784,placed,37,Turlangs Wood,yes,no
c_turlangs_wood,b_orlgotha,city_holding,initial,port_position,2389,placed,37,Turlangs Wood,no,no
c_turlangs_wood,b_shilrua,church_holding,initial,sampled,1856,placed,37,Turlangs Wood,no,no
c_turlangs_wood,b_darkmaidens_leap,castle_holding,initial,sampled,1491,placed,37,Turlangs Wood,no,no
c_star_mounts,b_hartblood_spring,tribal_holding,initial,capital_position,1902,placed,2547,Star Mounts,yes,no
c_waterdeep,b_castle_waterdeep,castle_holding,initial,capital_position,580,placed,1,Waterdeep,yes,no
c_waterdeep,b_castle_ward,castle_holding,974.1.1,sampled,495,placed,1,Waterdeep,no,no
c_waterdeep,b_sea_ward,city_holding,1010.1.1,port_position,0,demoted,1,Waterdeep,no,no
c_waterdeep,b_north_ward,city_holding,1010.1.1,sampled,489,placed,1,Waterdeep,no,no
c_waterdeep,b_the_plinth,church_holding,952.1.1,sampled,489,placed,1,Waterdeep,no,no
c_waterdeep,b_trades_ward,church_holding,1350.1.1,,0,demoted,1,Waterdeep,no,no
c_zundbridge,b_zundbridge,castle_holding,initial,capital_position,0,demoted,1445,Zundbridge,yes,no
c_zundbridge,b_roaring_dragon_house,city_holding,1280.1.1,port_position,712,placed,1445,Zundbridge,no,no
c_zundbridge,b_rat_hills,church_holding,1280.1.1,sampled,625,placed,1445,Zundbridge,no,no
c_zundbridge,b_phylund_lodge,castle_holding,1280.1.1,,0,demoted,1445,Zundbridge,no,no
c_rassalantar,b_rassalantars_keep,castle_holding,initial,capital_position,406,placed,1406,Rassalantar,yes,no
c_rassalantar,b_rassalantar,city_holding,1032.1.1,port_position,562,placed,1406,Rassalantar,no,no
c_rassalantar,b_maidens_tomb_tor,church_holding,1032.1.1,sampled,490,placed,1406,Rassalantar,no,no
c_mount_sar,b_mount_sar,castle_holding,initial,capital_position,544,placed,2548,Mount Sar,yes,no
c_mount_sar,b_melairrin,city_holding,initial,,0,demoted,2548,Mount Sar,no,no
c_red_cliffs,b_hespheira,castle_holding,initial,capital_position,1735,placed,5,Red Cliffs,yes,no
c_kryptgarden_forest,b_southkrypt,tribal_holding,initial,capital_position,7204,placed,20,Kryptgarden Forest,yes,no
c_westwood,b_kheldell,church_holding,initial,capital_position,2755,placed,307,Westwood,yes,no
c_mount_illefarn,b_illefarn_keep,tribal_holding,initial,capital_position,697,placed,2195,Mount Illefarn,yes,no
c_mount_illefarn,b_laughing_hollow,city_holding,initial,port_position,421,placed,2195,Mount Illefarn,no,no
c_forlorn_hills,b_firehammer_hold,tribal_holding,initial,capital_position,3473,placed,468,Forlorn Hills,yes,no
c_forlorn_hills,b_torstultok,church_holding,240.1.1,sampled,897,placed,468,Forlorn Hills,no,no
c_forlorn_hills,b_house_of_taeros,city_holding,240.1.1,port_position,1266,placed,468,Forlorn Hills,no,no
c_leilon,b_leilon,castle_holding,initial,capital_position,3669,placed,12,Leilon,yes,no
c_leilon,b_highcliff,city_holding,initial,port_position,681,placed,12,Leilon,no,no
c_cony_gap,b_phandalin,castle_holding,initial,capital_position,737,placed,471,Cony Gap,yes,no
c_cony_gap,b_umbrage_hill,city_holding,initial,port_position,695,placed,471,Cony Gap,no,no
c_cony_gap,b_axeholm,tribal_holding,951.1.1,sampled,817,placed,471,Cony Gap,no,no
c_cony_gap,b_ieirithymbul,city_holding,901.1.1,sampled,608,placed,471,Cony Gap,no,no
c_icespire_peak,b_icespire_peak,tribal_holding,initial,capital_position,2177,placed,2622,Icespire Peak,yes,no
c_conyberry,b_conyberry,city_holding,initial,capital_position,2896,placed,2623,Conyberry,yes,no
c_mere_of_dead_men,b_uthtower,church_holding,initial,capital_position,929,placed,9,Mere of Dead Men,yes,no
c_mere_of_dead_men,b_west_harbor,city_holding,146.1.1,port_position,1307,placed,9,Mere of Dead Men,no,no
c_thornhold,b_thornhold,castle_holding,initial,capital_position,2446,placed,2553,Thornhold,yes,no
c_ardeep_forest,b_greentree_haven,tribal_holding,initial,capital_position,1030,placed,233,Ardeep Forest,yes,no
c_ardeep_forest,b_glen_of_aloevan,city_holding,initial,port_position,627,placed,233,Ardeep Forest,no,no
c_ardeep_forest,b_deepening_moon,church_holding,initial,sampled,985,placed,233,Ardeep Forest,no,no
c_halangorn,b_talmost,tribal_holding,initial,capital_position,972,placed,1447,Halangorn,yes,no
c_halangorn,b_loghann,city_holding,initial,port_position,1164,placed,1447,Halangorn,no,no
c_halangorn,b_hardstone,church_holding,initial,sampled,890,placed,1447,Halangorn,no,no
c_neverwinter,b_castle_never,castle_holding,initial,capital_position,722,placed,8,Neverwinter,yes,no
c_neverwinter,b_the_academy,castle_holding,initial,sampled,753,placed,8,Neverwinter,no,no
c_neverwinter,b_blacklake,city_holding,initial,port_position,0,demoted,8,Neverwinter,no,no
c_neverwinter,b_neverdeath,church_holding,initial,sampled,940,placed,8,Neverwinter,no,no
c_helms_hold,b_helms_hold,city_holding,initial,capital_position,2185,placed,2426,Helms Hold,yes,no
c_helms_hold,b_helms_cathedral,church_holding,initial,sampled,592,placed,2426,Helms Hold,no,no
c_helms_hold,b_crossroad_keep,castle_holding,1350.1.1,sampled,581,placed,2426,Helms Hold,no,no
c_port_llast,b_port_llast,city_holding,initial,capital_position,1317,placed,10,Port Llast,yes,no
c_port_llast,b_graths_hold,castle_holding,initial,sampled,794,placed,10,Port Llast,no,no
c_neverwinter_wood,b_thundertree,tribal_holding,initial,capital_position,1222,placed,11,Neverwinter Wood,yes,no
c_neverwinter_wood,b_charwood,city_holding,1430.1.1,port_position,1182,placed,11,Neverwinter Wood,no,yes
c_neverwinter_wood,b_xinlenal,castle_holding,1479.6.1,sampled,692,placed,11,Neverwinter Wood,no,yes
c_sharandar,b_sharandar,tribal_holding,initial,capital_position,2737,placed,2428,Sharandar,yes,no
c_sharandar,b_eveninglight,city_holding,1385.4.30,port_position,1588,placed,2428,Sharandar,no,yes
c_illuskwood,b_everwinter,tribal_holding,initial,capital_position,4194,placed,2438,Illuskwood,yes,no
c_cragmaw,b_cragmaw,castle_holding,initial,capital_position,2565,placed,2624,Cragmaw,yes,no
c_shederran_grove,b_shederran_grove,tribal_holding,initial,capital_position,2443,placed,2625,Shederran Grove,yes,no
c_mulsantir,b_mulsantir,castle_holding,initial,capital_position,1660,placed,1015,Mulsantir,yes,no
c_mulsantir,b_arashamar,city_holding,initial,port_position,1346,placed,1015,Mulsantir,no,no
c_ashenwood,b_ashenwood,tribal_holding,initial,capital_position,5324,placed,1016,Ashenwood,yes,no
c_rashaflow,b_rashaflow,castle_holding,initial,capital_position,5615,placed,1021,Rashaflow,yes,no
c_tinnir,b_tinnir,castle_holding,initial,capital_position,5389,placed,1058,Tinnir,yes,no
c_tinnir,b_rence,city_holding,initial,port_position,1951,placed,1058,Tinnir,no,no
c_citadel_rashemar,b_citadel_rashemar,castle_holding,initial,capital_position,14522,placed,841,Citadel Rashemar,yes,no
c_thasunta,b_shevel,castle_holding,initial,capital_position,3626,placed,1020,Thasunta,yes,no
c_thasunta,b_thasunta,city_holding,initial,port_position,1036,placed,1020,Thasunta,no,no
c_kouangi,b_kouangi,castle_holding,initial,capital_position,11159,placed,848,Kouangi,yes,no
c_immilmar,b_immilmar,castle_holding,initial,capital_position,3427,placed,1017,Immilmar,yes,no
c_immilmar,b_trancana,city_holding,initial,port_position,1299,placed,1017,Immilmar,no,no
c_mulptan,b_mulptan,castle_holding,initial,capital_position,3859,placed,1018,Mulptan,yes,no
c_mulptan,b_mulp_phim,city_holding,initial,port_position,1666,placed,1018,Mulptan,no,no
c_urlingwood,b_urling,castle_holding,initial,capital_position,4099,placed,1019,Urlingwood,yes,no
c_urlingwood,b_taporan,city_holding,initial,port_position,1779,placed,1019,Urlingwood,no,no
c_beacon_cairn,b_beacon_cairn,castle_holding,initial,capital_position,7469,placed,914,Beacon Cairn,yes,no
c_tane,b_tane,tribal_holding,initial,capital_position,26144,placed,849,Tane,yes,no
c_clearflow_vale,b_clearflow_keep,castle_holding,initial,capital_position,13025,placed,2498,Clearflow Vale,yes,no
c_nathoud,b_nathoud,castle_holding,initial,capital_position,14323,placed,916,Nathoud,yes,no
c_horaholm,b_horaholm,castle_holding,initial,capital_position,11602,placed,919,Horaholm,yes,no
c_kalish,b_kalish,castle_holding,initial,capital_position,11495,placed,917,Kalish,yes,no
c_nenvar,b_nenvar,castle_holding,initial,capital_position,9374,placed,918,Nenvar,yes,no
c_galuka,b_galuka,tribal_holding,initial,capital_position,20573,placed,835,Galuka,yes,no
c_talukhi,b_talukhi,tribal_holding,initial,capital_position,16710,placed,836,Talukhi,yes,no
c_satous,b_satous,tribal_holding,initial,capital_position,12095,placed,1786,Satous,yes,no
c_soranda,b_soranda,tribal_holding,initial,capital_position,21096,placed,1784,Soranda,yes,no
c_deraala,b_deraala,tribal_holding,initial,capital_position,24033,placed,1785,Deraala,yes,no
c_almorel,b_almorel,city_holding,initial,capital_position,2850,placed,913,Almorel,yes,no
c_almorel,b_antoumek,castle_holding,initial,sampled,2415,placed,913,Almorel,no,no
c_ugewood,b_uzbeg,tribal_holding,initial,capital_position,8259,placed,844,Ugewood,yes,no
c_drubiev,b_drubiev,city_holding,initial,capital_position,6060,placed,1773,Drubiev,yes,no
c_boorva,b_boorva,tribal_holding,initial,capital_position,14953,placed,845,Boorva,yes,no
c_bynua,b_bynua,tribal_holding,initial,capital_position,19347,placed,846,Bynua,yes,no
c_sant,b_sant,tribal_holding,initial,capital_position,19999,placed,843,Sant,yes,no
c_panforza,b_panforza,tribal_holding,initial,capital_position,22356,placed,1777,Panforza,yes,no
c_ejen_horo,b_cassiddifel,tribal_holding,initial,capital_position,22738,placed,701,Ejen Horo,yes,no
c_khopet_dag,b_buukhinkh,tribal_holding,initial,capital_position,29343,placed,842,Khopet-Dag,yes,no
c_mortens_gap,b_morten,tribal_holding,initial,capital_position,10572,placed,695,Mortens Gap,yes,no
c_mangangan,b_mangangan,tribal_holding,initial,capital_position,29366,placed,830,Mangangan,yes,no
c_avyn,b_avyn,tribal_holding,initial,capital_position,23203,placed,840,Avyn,yes,no
c_kholaa,b_murmaan,tribal_holding,initial,capital_position,21813,placed,832,Kholaa,yes,no
c_naiganga,b_naiganga,tribal_holding,initial,capital_position,32850,placed,839,Naiganga,yes,no
c_qarintg,b_qarintg,tribal_holding,initial,capital_position,34044,placed,831,Qarintg,yes,no
c_neryudzhan,b_neryudzhan,tribal_holding,initial,capital_position,42063,placed,834,Neryudzhan,yes,no
c_geman,b_geman,castle_holding,initial,capital_position,41692,placed,912,Geman,yes,no
c_ochoq,b_ochoq,tribal_holding,initial,capital_position,23593,placed,1698,Ochoq,yes,no
c_braleuz,b_braleuz,tribal_holding,initial,capital_position,19788,placed,833,Braleuz,yes,no
c_khaa,b_khaa,tribal_holding,initial,capital_position,32980,placed,837,Khaa,yes,no
c_shay_hills,b_akhrasut_nath,tribal_holding,initial,capital_position,29254,placed,838,Shay Hills,yes,no
c_syevyer_forest,b_ouranalathas_tower,tribal_holding,initial,capital_position,13280,placed,866,Syevyer Forest,yes,no
c_zoy_zando,b_zoy_zando,tribal_holding,initial,capital_position,11886,placed,1782,Zoy Zando,yes,no
c_underhome,b_the_gates,castle_holding,initial,capital_position,878,placed,585,Underhome,yes,no
c_underhome,b_underhome,city_holding,initial,port_position,718,placed,585,Underhome,no,no
c_underhome,b_scaaminter,church_holding,initial,sampled,1066,placed,585,Underhome,no,no
c_underhome,b_tumar,castle_holding,initial,sampled,751,placed,585,Underhome,no,no
c_eartheart,b_eartheart,castle_holding,initial,capital_position,1423,placed,489,Eartheart,yes,no
c_eartheart,b_riftedge,city_holding,initial,port_position,1702,placed,489,Eartheart,no,no
c_eartheart,b_lowstair,church_holding,initial,sampled,1303,placed,489,Eartheart,no,no
c_quarat,b_firecaverns,castle_holding,initial,capital_position,3866,placed,586,Quarat,yes,no
c_quarat,b_quarat,city_holding,initial,port_position,1107,placed,586,Quarat,no,no
c_quarat,b_vendy,church_holding,initial,sampled,1159,placed,586,Quarat,no,no
c_shadows_end,b_hall_of_echoes,castle_holding,initial,capital_position,1443,placed,587,Shadows End,yes,no
c_shadows_end,b_oldfast,city_holding,initial,port_position,1331,placed,587,Shadows End,no,no
c_shadows_end,b_jurunvalt,church_holding,initial,sampled,1036,placed,587,Shadows End,no,no
c_rimmator,b_rimmator,castle_holding,initial,capital_position,1511,placed,588,Rimmator,yes,no
c_rimmator,b_nargabuz,city_holding,initial,port_position,772,placed,588,Rimmator,no,no
c_rimmator,b_nalatho,church_holding,initial,sampled,614,placed,588,Rimmator,no,no
c_daunting,b_daunting,castle_holding,initial,capital_position,1151,placed,590,Daunting,yes,no
c_daunting,b_earthwar,city_holding,initial,port_position,0,demoted,590,Daunting,no,no
c_glitterdelve,b_glitterdelve,castle_holding,initial,capital_position,1207,placed,592,Glitterdelve,yes,no
c_glitterdelve,b_thuulurn,church_holding,initial,sampled,0,demoted,592,Glitterdelve,no,no
c_harlending,b_harlending,castle_holding,initial,capital_position,997,placed,591,Harlending,yes,no
c_harlending,b_orpool,city_holding,initial,port_position,433,placed,591,Harlending,no,no
c_harlending,b_nulukkhol,church_holding,initial,sampled,795,placed,591,Harlending,no,no
c_sundasz,b_sundasz,castle_holding,initial,capital_position,844,placed,593,Sundasz,yes,no
c_sundasz,b_magkstok,city_holding,initial,port_position,403,placed,593,Sundasz,no,no
c_tarnhall,b_tarnhall,castle_holding,initial,capital_position,1329,placed,589,Tarnhall,yes,no
c_tarnhall,b_hithlade,city_holding,initial,port_position,0,demoted,589,Tarnhall,no,no
c_tarnhall,b_nargabar,church_holding,initial,sampled,618,placed,589,Tarnhall,no,no
c_llurth_dreier,b_llurth_dreier,church_holding,initial,capital_position,698,placed,2562,Llurth Dreier,yes,no
c_llurth_dreier,b_oozing_city,city_holding,initial,port_position,769,placed,2562,Llurth Dreier,no,no
c_llurth_dreier,b_overflowing_pit,castle_holding,initial,sampled,547,placed,2562,Llurth Dreier,no,no
c_llurth_dreier,b_mudflats,city_holding,initial,sampled,0,demoted,2562,Llurth Dreier,no,no
c_buldamar,b_buldamar,city_holding,initial,capital_position,2448,placed,567,Buldamar,yes,no
c_buldamar,b_clayglen,city_holding,initial,port_position,5592,placed,567,Buldamar,no,no
c_azun,b_azun,city_holding,initial,capital_position,5637,placed,481,Azun,yes,no
c_azun,b_eathbeg,church_holding,initial,sampled,5466,placed,481,Azun,no,no
c_azun,b_warrington,city_holding,1390.1.1,port_position,5732,placed,481,Azun,no,yes
c_beland,b_beland,tribal_holding,initial,capital_position,22746,placed,480,Beland,yes,no
c_dust_road,b_cointoll,tribal_holding,initial,capital_position,17601,placed,557,Dust Road,yes,no
c_sarrukoth,b_sarrukoth,castle_holding,initial,capital_position,3205,placed,2544,Sar'Rukoth,yes,no
c_sarrukoth,b_khuzdar_hall,church_holding,initial,sampled,1293,placed,2544,Sar'Rukoth,no,no
c_vaults_of_record,b_vaults_of_record,castle_holding,initial,capital_position,5273,placed,2545,Vaults of Record,yes,no
c_forol,b_forol,tribal_holding,initial,capital_position,19393,placed,552,Forol,yes,no
c_legionsway,b_five_guard,tribal_holding,initial,capital_position,20625,placed,561,Legionsway,yes,no
c_warfields,b_wemskall,tribal_holding,initial,capital_position,17838,placed,1748,Warfields,yes,no
c_the_scarland,b_jullatgrave,tribal_holding,initial,capital_position,20254,placed,560,The Scarland,yes,no
c_turmans,b_turmans,tribal_holding,initial,capital_position,16354,placed,1749,Turmans,yes,no
c_eskat,b_true_eskat,tribal_holding,initial,capital_position,24543,placed,559,Eskat,yes,no
c_delzimmer,b_delzimmer,city_holding,initial,capital_position,6147,placed,490,Delzimmer,yes,no
c_delzimmer,b_sacoth,castle_holding,initial,sampled,4131,placed,490,Delzimmer,no,no
c_delzimmer,b_avasta,church_holding,initial,sampled,4416,placed,490,Delzimmer,no,no
c_stingfields,b_stingvale,tribal_holding,initial,capital_position,20439,placed,551,Stingfields,yes,no
c_amtar_eave,b_warging,tribal_holding,initial,capital_position,12672,placed,1739,Amtar Eave,yes,no
c_riftwood,b_riftwood,castle_holding,initial,capital_position,6949,placed,488,Riftwood,yes,no
c_riftwood,b_aerilon,city_holding,initial,port_position,3027,placed,488,Riftwood,no,no
c_despond,b_izots_tomb,tribal_holding,initial,capital_position,21468,placed,1750,Despond,yes,no
c_arjol,b_arjol,tribal_holding,initial,capital_position,23230,placed,1751,Arjol,yes,no
c_southern_shandaular,b_southern_shandaular,tribal_holding,initial,capital_position,4435,placed,2541,Southern Shandaular,yes,no
c_council_hills,b_hillgard,church_holding,initial,capital_position,6570,placed,482,Council Hills,yes,no
c_council_hills,b_azil,city_holding,initial,port_position,4725,placed,482,Council Hills,no,no
c_asher_plain,b_irahat,tribal_holding,initial,capital_position,19694,placed,562,Asher Plain,yes,no
c_brightfields,b_brightfields,tribal_holding,initial,capital_position,17396,placed,484,Brightfields,yes,no
c_hardcastle,b_hardcastle,castle_holding,initial,capital_position,6848,placed,485,Hardcastle,yes,no
c_hardcastle,b_naporia,city_holding,initial,port_position,4824,placed,485,Hardcastle,no,no
c_hardcastle,b_bilgunar,church_holding,initial,sampled,4661,placed,485,Hardcastle,no,no
c_jeradin,b_jeradin,tribal_holding,initial,capital_position,23703,placed,483,Jeradin,yes,no
c_yorash,b_yorash,tribal_holding,initial,capital_position,20027,placed,566,Yorash,yes,no
c_skouth,b_skouth,tribal_holding,initial,capital_position,13920,placed,1752,Skouth,yes,no
c_balaj,b_balaj,tribal_holding,initial,capital_position,22549,placed,487,Balaj,yes,no
c_tensteps,b_cirik,tribal_holding,initial,capital_position,16273,placed,563,Tensteps,yes,no
c_kholtar,b_kholtar,city_holding,initial,capital_position,2503,placed,491,Kholtar,yes,no
c_kholtar,b_basincross,castle_holding,initial,sampled,950,placed,491,Kholtar,no,no
c_kholtar,b_narakib,church_holding,initial,sampled,1503,placed,491,Kholtar,no,no
c_kollyat,b_kollyat,tribal_holding,initial,capital_position,19900,placed,564,Kollyat,yes,no
c_the_vensal,b_hammer_and_anvil,city_holding,initial,capital_position,6302,placed,510,The Vensal,yes,no
c_the_vensal,b_hellash,castle_holding,initial,sampled,2740,placed,510,The Vensal,no,no
c_the_vensal,b_shizdusharb,church_holding,1385.5.9,sampled,3007,placed,510,The Vensal,no,yes
c_three_swords,b_three_swords,city_holding,initial,capital_position,19637,placed,492,Three Swords,yes,no
c_channathgate,b_channathgate,castle_holding,initial,capital_position,4786,placed,493,Channathgate,yes,no
c_channathgate,b_lordsthrone,city_holding,initial,port_position,5625,placed,493,Channathgate,no,no
c_channathgate,b_rosebridge,church_holding,initial,sampled,3422,placed,493,Channathgate,no,no
c_channathwood,b_yeshi,tribal_holding,initial,capital_position,7696,placed,494,Channathwood,yes,no
c_lowfork,b_midstride,tribal_holding,initial,capital_position,9674,placed,536,Lowfork,yes,no
c_rethmar,b_rethmar,city_holding,initial,capital_position,5343,placed,527,Rethmar,yes,no
c_rethmar,b_teewick,castle_holding,initial,sampled,3731,placed,527,Rethmar,no,no
c_channath_rise,b_hartvold,castle_holding,initial,capital_position,2203,placed,1727,Channath Rise,yes,no
c_channath_rise,b_rochdale,city_holding,initial,port_position,1581,placed,1727,Channath Rise,no,no
c_scrabbleground,b_teths_stand,tribal_holding,initial,capital_position,20598,placed,521,Scrabbleground,yes,no
c_broken_swords,b_swordsbane,tribal_holding,initial,capital_position,12774,placed,522,Broken Swords,yes,no
c_deadstars,b_wasterun,tribal_holding,initial,capital_position,18849,placed,523,Deadstars,yes,no
c_iirgar,b_iirgar,tribal_holding,initial,capital_position,18479,placed,526,Iirgar,yes,no
c_shadowed_grave,b_xilberos_ridge,tribal_holding,initial,capital_position,13083,placed,1729,Shadowed Grave,yes,no
c_misty_vale,b_misty_keep,tribal_holding,initial,capital_position,14692,placed,524,Misty Vale,yes,no
c_shaareach_forest,b_estacell,tribal_holding,initial,capital_position,9479,placed,535,Shaareach Forest,yes,no
c_talarvale,b_hundard,tribal_holding,initial,capital_position,7238,placed,525,Talarvale,yes,no
c_urula,b_urula,tribal_holding,initial,capital_position,12535,placed,539,Urula,yes,no
c_the_wyrmbones,b_wyrmbone,tribal_holding,initial,capital_position,7483,placed,1428,The Wyrmbones,yes,no
c_flatshield,b_flatshield_rise,tribal_holding,initial,capital_position,25804,placed,538,Flatshield,yes,no
c_kuraakim,b_kuraakim,tribal_holding,initial,capital_position,8806,placed,1699,Kuraakim,yes,no
c_mangale,b_mangale,tribal_holding,initial,capital_position,15934,placed,1728,Mangale,yes,no
c_shaarmid,b_shaarmid,city_holding,initial,capital_position,7648,placed,530,Shaarmid,yes,no
c_shaarmid,b_stewich,castle_holding,initial,sampled,6563,placed,530,Shaarmid,no,no
c_shaarmid,b_hurtlepool,church_holding,initial,sampled,5890,placed,530,Shaarmid,no,no
c_firesteap_hills,b_imval_vale,tribal_holding,initial,capital_position,12056,placed,543,Firesteap Hills,yes,no
c_tezarbal,b_tezarbal,tribal_holding,initial,capital_position,17813,placed,1723,Tezarbal,yes,no
c_genval,b_genval,tribal_holding,initial,capital_position,18054,placed,540,Genval,yes,no
c_skeska,b_skeskia,tribal_holding,initial,capital_position,13758,placed,541,Skeska,yes,no
c_ssensval,b_ssensval,tribal_holding,initial,capital_position,19127,placed,520,Ssensval,yes,no
c_lhesper,b_lhesper,tribal_holding,initial,capital_position,8815,placed,531,Lhesper,yes,no
c_kormul,b_kormul,castle_holding,initial,capital_position,6565,placed,532,Kormul,yes,no
c_kormul,b_kinbarukth,city_holding,1426.1.1,port_position,4101,placed,532,Kormul,no,yes
c_kormul,b_boyhill,church_holding,1426.1.1,sampled,4140,placed,532,Kormul,no,yes
c_lhespenbog,b_khephal,castle_holding,initial,capital_position,11007,placed,533,Lhespenbog,yes,no
c_sebben,b_sebben,tribal_holding,initial,capital_position,14118,placed,528,Sebben,yes,no
c_jelvak,b_hedrun,church_holding,initial,capital_position,18028,placed,565,Jelvak,yes,no
c_riverride,b_ashanva,tribal_holding,initial,capital_position,11724,placed,534,Riverride,yes,no
c_shaargald,b_shaargald,tribal_holding,initial,capital_position,10538,placed,1725,Shaargald,yes,no
c_skywall,b_archerpost,church_holding,initial,capital_position,5845,placed,544,Skywall,yes,no
c_skywall,b_gunala,city_holding,initial,port_position,3309,placed,544,Skywall,no,no
c_skywall,b_noriande,church_holding,initial,sampled,3999,placed,544,Skywall,no,no
c_horizons,b_cerrek,tribal_holding,initial,capital_position,24381,placed,545,Horizons,yes,no
c_the_shaarwood,b_sendail,tribal_holding,initial,capital_position,9911,placed,529,The Shaarwood,yes,no
c_leaping_grasses,b_leaping_hold,tribal_holding,initial,capital_position,20041,placed,1724,Leaping Grasses,yes,no
c_tempat_larang,b_tempat_larang,castle_holding,initial,capital_position,14595,placed,1275,Tempat Larang,yes,no
c_kelereng_valley,b_kelereng,tribal_holding,initial,capital_position,13335,placed,1276,Kelereng Valley,yes,no
c_kumandang,b_sumitra,church_holding,initial,capital_position,7122,placed,1278,Kumandang,yes,no
c_salju,b_bumi_gerak,tribal_holding,initial,capital_position,8194,placed,1402,Salju,yes,no
c_medang_perang,b_medang_perang,castle_holding,initial,capital_position,25102,placed,1286,Medang Perang,yes,no
c_tangkap,b_tangkap,tribal_holding,initial,capital_position,31986,placed,1693,Tangkap,yes,no
c_chowok,b_chowok,tribal_holding,initial,capital_position,21826,placed,1288,Chowok,yes,no
c_hanya_maut,b_laou,tribal_holding,initial,capital_position,37487,placed,1287,Hanya Maut,yes,no
c_kaget_valley,b_kaget,tribal_holding,initial,capital_position,7139,placed,1289,Kaget Valley,yes,no
c_perpustakaan,b_perpustakaan,castle_holding,initial,capital_position,10675,placed,1323,Perpustakaan,yes,no
c_sekola_atas,b_sekola_atas,castle_holding,initial,capital_position,14419,placed,1324,Sekola Atas,yes,no
c_kabut,b_utara,tribal_holding,initial,capital_position,8873,placed,1281,Kabut,yes,no
c_kabus_highlands,b_olah_raga,tribal_holding,initial,capital_position,7801,placed,1283,Kabus Highlands,yes,no
c_ketcheel,b_selatan,tribal_holding,initial,capital_position,8009,placed,1284,Ketcheel,yes,no
c_lower_kuning,b_barat,tribal_holding,initial,capital_position,14349,placed,1282,Lower Kuning,yes,no
c_pasar,b_pasar,city_holding,initial,capital_position,5909,placed,1353,Pasar,yes,no
c_pasar,b_tempat,church_holding,initial,sampled,4025,placed,1353,Pasar,no,no
c_lower_kayu,b_padang,tribal_holding,initial,capital_position,14631,placed,1354,Lower Kayu,yes,no
c_tehing,b_tehing,tribal_holding,initial,capital_position,12023,placed,1387,Tehing,yes,no
c_ungaran,b_ungaran,tribal_holding,initial,capital_position,8744,placed,1386,Ungaran,yes,no
c_penuh_susak,b_penuh_susak,castle_holding,initial,capital_position,7309,placed,1357,Penuh Susak,yes,no
c_mahligwi,b_mahligwi,castle_holding,initial,capital_position,8288,placed,1358,Mahligwi,yes,no
c_binatang,b_rambut,castle_holding,initial,capital_position,20327,placed,1359,Binatang,yes,no
c_rimba,b_rimba,castle_holding,initial,capital_position,17837,placed,1361,Rimba,yes,no
c_soto,b_sepusang,tribal_holding,initial,capital_position,11972,placed,1360,Soto,yes,no
c_keluh,b_penong,tribal_holding,initial,capital_position,17077,placed,1355,Keluh,yes,no
c_kera,b_durkon,castle_holding,initial,capital_position,7843,placed,1362,Kera,yes,no
c_kera,b_shokan,city_holding,initial,port_position,5368,placed,1362,Kera,no,no
c_kobar,b_panas,tribal_holding,initial,capital_position,10023,placed,1356,Kobar,yes,no
c_uchan,b_uchan,church_holding,initial,capital_position,4995,placed,1290,UChan,yes,no
c_uchan,b_ji,city_holding,initial,port_position,5081,placed,1290,UChan,no,no
c_uchan,b_pokarr,castle_holding,initial,sampled,4083,placed,1290,UChan,no,no
c_bidnop_so,b_bidnop_so,castle_holding,initial,capital_position,9870,placed,1291,Bidnop So,yes,no
c_bidnop_so,b_lii,church_holding,initial,sampled,8311,placed,1291,Bidnop So,no,no
c_bidnop_so,b_hun_chao,city_holding,initial,port_position,10326,placed,1291,Bidnop So,no,no
c_motra,b_motra,castle_holding,initial,capital_position,12464,placed,1417,Motra,yes,no
c_motra,b_talung,city_holding,initial,port_position,7062,placed,1417,Motra,no,no
c_po_yul_dzayul,b_haimang,tribal_holding,initial,capital_position,12360,placed,1418,Po Yul Dzayul,yes,no
c_tsetu,b_tsetsu,church_holding,initial,capital_position,30631,placed,1327,Tsetu,yes,no
c_tsagang,b_tsagang,church_holding,initial,capital_position,16738,placed,1298,Tsagang,yes,no
c_shentsa,b_shentsa,castle_holding,initial,capital_position,19019,placed,1329,Shentsa,yes,no
c_draya,b_draya,castle_holding,initial,capital_position,13495,placed,1296,Draya,yes,no
c_draya,b_fij,city_holding,initial,port_position,8371,placed,1296,Draya,no,no
c_ekwong,b_ekwong,tribal_holding,initial,capital_position,46196,placed,1328,Ekwong,yes,no
c_mache_gap,b_mache,tribal_holding,initial,capital_position,24468,placed,1299,Mache Gap,yes,no
c_wide_cascades,b_rokstang,castle_holding,initial,capital_position,21797,placed,1297,Wide Cascades,yes,no
c_upper_pass,b_lan,church_holding,initial,capital_position,19008,placed,1763,Upper Pass,yes,no
c_phutan,b_phutan,tribal_holding,initial,capital_position,29663,placed,1293,Phutan,yes,no
c_kemati_valley,b_kemati,church_holding,initial,capital_position,7735,placed,1301,Kemati Valley,yes,no
c_kemati_valley,b_lobcha,city_holding,initial,port_position,5234,placed,1301,Kemati Valley,no,no
c_langdarma,b_langdarma,church_holding,initial,capital_position,2502,placed,1300,Langdarma,yes,no
c_langdarma,b_gahong,city_holding,initial,port_position,2475,placed,1300,Langdarma,no,no
c_langdarma,b_kamsoperi,castle_holding,initial,sampled,2913,placed,1300,Langdarma,no,no
c_langdarma,b_kirtilamai,church_holding,initial,sampled,3081,placed,1300,Langdarma,no,no
c_skyvale,b_chamar,church_holding,initial,capital_position,10618,placed,1419,Skyvale,yes,no
c_ohmai,b_ohmai,castle_holding,initial,capital_position,27188,placed,1326,Ohmai,yes,no
c_ohmai,b_pabex,city_holding,initial,port_position,12702,placed,1326,Ohmai,no,no
c_joya,b_joya,castle_holding,initial,capital_position,19266,placed,1280,Joya,yes,no
c_tocpe,b_tocpe,castle_holding,initial,capital_position,21595,placed,1295,Tocpe,yes,no
c_uhon_tsa,b_uhon_tsa,castle_holding,initial,capital_position,11220,placed,1325,Uhon Tsa,yes,no
c_namtan,b_namtan,tribal_holding,initial,capital_position,18170,placed,1294,Namtan,yes,no
c_larut,b_larut,castle_holding,initial,capital_position,16714,placed,1292,Larut,yes,no
c_cathyr,b_cathyr,castle_holding,initial,capital_position,3783,placed,732,Cathyr,yes,no
c_cathyr,b_lahyrst,city_holding,initial,port_position,1146,placed,732,Cathyr,no,no
c_cathyr,b_melina,church_holding,initial,sampled,4833,placed,732,Cathyr,no,no
c_cathyr,b_angoman,castle_holding,initial,sampled,3552,placed,732,Cathyr,no,no
c_hazuth,b_hazuth,castle_holding,initial,capital_position,2360,placed,733,Hazuth,yes,no
c_hazuth,b_geddye,city_holding,initial,port_position,1436,placed,733,Hazuth,no,no
c_hazuth,b_hashimi,church_holding,initial,sampled,3907,placed,733,Hazuth,no,no
c_hills_of_the_dead_kings,b_bhyanaga,castle_holding,initial,capital_position,10045,placed,793,Hills of the Dead Kings,yes,no
c_hills_of_the_dead_kings,b_mithyme,city_holding,initial,port_position,4102,placed,793,Hills of the Dead Kings,no,no
c_maarlith,b_maarlith,castle_holding,initial,capital_position,4009,placed,731,Maarlith,yes,no
c_maarlith,b_adrinden,city_holding,initial,port_position,3151,placed,731,Maarlith,no,no
c_ammathtar,b_ammathtar,castle_holding,initial,capital_position,12456,placed,736,Ammathtar,yes,no
c_ammathtar,b_dunfeld,city_holding,initial,port_position,9022,placed,736,Ammathtar,no,no
c_ammathtar,b_alarzou,church_holding,initial,sampled,8130,placed,736,Ammathtar,no,no
c_elveswatch,b_elveswatch,castle_holding,initial,capital_position,14578,placed,735,Elveswatch,yes,no
c_herath,b_herath,castle_holding,initial,capital_position,5877,placed,795,Herath,yes,no
c_herath,b_gramander,city_holding,initial,port_position,3492,placed,795,Herath,no,no
c_conaluil_range,b_condish,tribal_holding,initial,capital_position,12096,placed,1222,Conaluil Range,yes,no
c_guilmarl,b_guilmarl,castle_holding,initial,capital_position,5639,placed,796,Guilmarl,yes,no
c_guilmarl,b_coibal,city_holding,initial,port_position,5420,placed,796,Guilmarl,no,no
c_conaluil,b_timarl,castle_holding,initial,capital_position,3763,placed,802,Conaluil,yes,no
c_conaluil,b_madia,city_holding,initial,port_position,4498,placed,802,Conaluil,no,no
c_conaluil,b_umes,church_holding,initial,sampled,6193,placed,802,Conaluil,no,no
c_luenath,b_luenath,castle_holding,initial,capital_position,3007,placed,730,Luenath,yes,no
c_luenath,b_alamplon,city_holding,initial,port_position,573,placed,730,Luenath,no,no
c_luenath,b_shaing,church_holding,initial,sampled,4893,placed,730,Luenath,no,no
c_prastuil,b_prastuil,castle_holding,initial,capital_position,2769,placed,794,Prastuil,yes,no
c_prastuil,b_suuriris,city_holding,initial,port_position,2873,placed,794,Prastuil,no,no
c_prastuil,b_albang,church_holding,initial,sampled,3579,placed,794,Prastuil,no,no
c_westbay,b_westbay,castle_holding,initial,capital_position,5466,placed,829,Westbay,yes,no
c_westbay,b_unan,city_holding,initial,port_position,1157,placed,829,Westbay,no,no
c_caraguir,b_rokmond_gate,castle_holding,initial,capital_position,8164,placed,1740,Caraguir,yes,no
c_kethid,b_kethid,tribal_holding,initial,capital_position,19690,placed,801,Kethid,yes,no
c_azhul_pass,b_zhal,tribal_holding,initial,capital_position,5197,placed,1231,Azhul Pass,yes,no
c_ilimar,b_ilimar,tribal_holding,initial,capital_position,16102,placed,1209,Ilimar,yes,no
c_rethild_shore,b_mudhill,tribal_holding,initial,capital_position,12608,placed,1734,Rethild Shore,yes,no
c_the_red_giant,b_red_cove,castle_holding,initial,capital_position,220,placed,1122,The Red Giant,yes,no
c_wards_islands,b_wards_port,tribal_holding,initial,capital_position,482,placed,1123,Wards Islands,yes,no
c_hethar,b_hethar,castle_holding,initial,capital_position,5993,placed,797,Hethar,yes,no
c_hethar,b_gahyrst,city_holding,initial,port_position,1689,placed,797,Hethar,no,no
c_hethar,b_ghikuli,church_holding,initial,sampled,1858,placed,797,Hethar,no,no
c_dancing_dolphins,b_dolphin_waters,castle_holding,initial,capital_position,420,placed,1171,Dancing Dolphins,yes,no
c_dancing_dolphins,b_mush,city_holding,initial,,0,demoted,1171,Dancing Dolphins,no,no
c_darmesh,b_darmesh,castle_holding,initial,capital_position,2542,placed,798,Darmesh,yes,no
c_darmesh,b_far_outpost,city_holding,initial,port_position,2577,placed,798,Darmesh,no,no
c_irestone,b_evth,tribal_holding,initial,capital_position,16881,placed,618,Irestone,yes,no
c_vargath,b_karns,tribal_holding,initial,capital_position,10934,placed,619,Vargath,yes,no
c_molken,b_molken,tribal_holding,initial,capital_position,14209,placed,1737,Molken,yes,no
c_aznawood,b_azna_camp,tribal_holding,initial,capital_position,22678,placed,1738,Aznawood,yes,no
c_addak,b_vetkth,tribal_holding,initial,capital_position,14528,placed,621,Addak,yes,no
c_gnollhomes,b_ouargh,tribal_holding,initial,capital_position,16455,placed,622,Gnollhomes,yes,no
c_wolfwoods,b_helmsa,tribal_holding,initial,capital_position,12632,placed,620,Wolfwoods,yes,no
c_halarahh,b_halarahh,castle_holding,initial,capital_position,2252,placed,635,Halarahh,yes,no
c_halarahh,b_lath,city_holding,initial,port_position,1246,placed,635,Halarahh,no,no
c_halarahh,b_halabar,church_holding,initial,sampled,1430,placed,635,Halarahh,no,no
c_halarahh,b_mardala,castle_holding,initial,sampled,1125,placed,635,Halarahh,no,no
c_aluar,b_nishtul,castle_holding,initial,capital_position,5464,placed,643,Aluar,yes,no
c_aluar,b_aluarim,city_holding,initial,port_position,2728,placed,643,Aluar,no,no
c_bathme,b_bathme,castle_holding,initial,capital_position,3810,placed,636,Bathme,yes,no
c_bathme,b_thom,city_holding,initial,port_position,2398,placed,636,Bathme,no,no
c_ghalagar,b_borah,castle_holding,initial,capital_position,11840,placed,637,Ghalagar,yes,no
c_sulaziir,b_sulaziir,castle_holding,initial,capital_position,3335,placed,645,Sulaziir,yes,no
c_sulaziir,b_marrass,city_holding,initial,port_position,1085,placed,645,Sulaziir,no,no
c_maeruhal,b_maeruhal,castle_holding,initial,capital_position,6136,placed,644,Maeruhal,yes,no
c_maeruhal,b_orbedal,city_holding,initial,port_position,3993,placed,644,Maeruhal,no,no
c_elchulmarch,b_elchul,castle_holding,initial,capital_position,7076,placed,646,Elchulmarch,yes,no
c_elchulmarch,b_everspree,city_holding,initial,port_position,6405,placed,646,Elchulmarch,no,no
c_maerzalar,b_maerzalar,castle_holding,initial,capital_position,9654,placed,647,Maerzalar,yes,no
c_maerzalar,b_zaralara,city_holding,initial,port_position,4858,placed,647,Maerzalar,no,no
c_achelar,b_achelar,castle_holding,initial,capital_position,7137,placed,1741,Achelar,yes,no
c_achelar,b_ravamyar_wood,city_holding,initial,port_position,4628,placed,1741,Achelar,no,no
c_talathgard,b_talathgard,church_holding,initial,capital_position,3955,placed,649,Talathgard,yes,no
c_talathgard,b_talath_pass,city_holding,initial,port_position,4059,placed,649,Talathgard,no,no
c_talathgard,b_achathila,castle_holding,initial,sampled,3239,placed,649,Talathgard,no,no
c_edouura,b_edouura,castle_holding,initial,capital_position,3415,placed,652,Edouura,yes,no
c_edouura,b_hamphal,city_holding,initial,port_position,3018,placed,652,Edouura,no,no
c_edouura,b_alathil,church_holding,initial,sampled,2056,placed,652,Edouura,no,no
c_zzuntal,b_zzuntal,castle_holding,initial,capital_position,8352,placed,651,Zzuntal,yes,no
c_zzuntal,b_eru,city_holding,initial,port_position,4424,placed,651,Zzuntal,no,no
c_halar_hills,b_mathass,castle_holding,initial,capital_position,7419,placed,642,Halar Hills,yes,no
c_halar_hills,b_nuundal,church_holding,initial,sampled,3385,placed,642,Halar Hills,no,no
c_zoundar,b_zoundar,castle_holding,initial,capital_position,9283,placed,1732,Zoundar,yes,no
c_thilzoun,b_thilzoun,castle_holding,initial,capital_position,3502,placed,650,Thilzoun,yes,no
c_thilzoun,b_ssorsil,city_holding,initial,port_position,4087,placed,650,Thilzoun,no,no
c_thilzoun,b_mairb,church_holding,initial,sampled,2193,placed,650,Thilzoun,no,no
c_thilzoun,b_erulala,castle_holding,initial,sampled,1617,placed,650,Thilzoun,no,no
c_azuni,b_zalazuu,castle_holding,initial,capital_position,5116,placed,653,Azuni,yes,no
c_azuni,b_githim,city_holding,initial,port_position,3900,placed,653,Azuni,no,no
c_assundath,b_assundath,castle_holding,initial,capital_position,9005,placed,655,Assundath,yes,no
c_assundath,b_kithala,city_holding,initial,port_position,3857,placed,655,Assundath,no,no
c_mithel,b_mithel,castle_holding,initial,capital_position,7155,placed,654,Mithel,yes,no
c_mithel,b_letharr,city_holding,initial,port_position,2761,placed,654,Mithel,no,no
c_yaulazna,b_zoulalah,city_holding,initial,capital_position,10736,placed,656,Yaulazna,yes,no
c_yaulazna,b_taralar,church_holding,initial,sampled,0,demoted,656,Yaulazna,no,no
c_the_stormtails,b_stormcliffs,castle_holding,initial,capital_position,983,placed,1085,The Stormtails,yes,no
c_shipgrave_isles,b_shipgrave,castle_holding,initial,capital_position,1789,placed,1086,Shipgrave Isles,yes,no
c_ralasuu_isle,b_rulasuu,tribal_holding,initial,capital_position,618,placed,638,Ralasuu Isle,yes,no
c_halagard,b_halagard,castle_holding,initial,capital_position,4302,placed,640,Halagard,yes,no
c_halagard,b_kithymm,city_holding,initial,port_position,1232,placed,640,Halagard,no,no
c_halaze,b_halaze,castle_holding,initial,capital_position,2651,placed,639,Halaze,yes,no
c_halaze,b_maezoun,city_holding,initial,port_position,1371,placed,639,Halaze,no,no
c_lhair,b_lhair,castle_holding,initial,capital_position,8462,placed,641,Lhair,yes,no
c_lhair,b_nuulatha,city_holding,initial,port_position,2593,placed,641,Lhair,no,no
c_taertal_gates,b_nhobel,castle_holding,initial,capital_position,2022,placed,1733,Taertal Gates,yes,no
c_taertal_gates,b_grasmere,city_holding,initial,port_position,1302,placed,1733,Taertal Gates,no,no
c_the_nath,b_fenzorwyn,church_holding,initial,capital_position,16986,placed,648,The Nath,yes,no
c_nath_pass,b_achernath,tribal_holding,initial,capital_position,8226,placed,1210,Nath Pass,yes,no
c_beluir,b_beluir,city_holding,initial,capital_position,2490,placed,747,Beluir,yes,no
c_beluir,b_helmsong,city_holding,1000.1.1,port_position,1339,placed,747,Beluir,no,no
c_beluir,b_chaibrook,church_holding,1000.1.1,sampled,1987,placed,747,Beluir,no,no
c_beluir,b_nalukkhath,castle_holding,1000.1.1,sampled,1740,placed,747,Beluir,no,no
c_fasriul,b_fasriul,city_holding,initial,capital_position,2565,placed,739,Fasriul,yes,no
c_fasriul,b_crimmel,castle_holding,initial,sampled,3533,placed,739,Fasriul,no,no
c_fasriul,b_paerzula,church_holding,initial,sampled,2562,placed,739,Fasriul,no,no
c_otennath,b_otennath,city_holding,initial,capital_position,4796,placed,740,Otennath,yes,no
c_otennath,b_shoun,church_holding,initial,sampled,1804,placed,740,Otennath,no,no
c_granuin_forest,b_atag,tribal_holding,initial,capital_position,18557,placed,742,Granuin Forest,yes,no
c_ammathluir,b_ammathluir,city_holding,initial,capital_position,3959,placed,737,Ammathluir,yes,no
c_ammathluir,b_wharjila,church_holding,initial,sampled,2477,placed,737,Ammathluir,no,no
c_isle_of_quelthiir,b_sana,tribal_holding,initial,capital_position,1293,placed,745,Isle of Quelthiir,yes,no
c_luirund,b_krenatir,city_holding,initial,capital_position,2325,placed,746,Luirund,yes,no
c_luirund,b_shibiki,church_holding,initial,sampled,2047,placed,746,Luirund,no,no
c_mortik_swamp,b_chethel,tribal_holding,initial,capital_position,2299,placed,1240,Mortik Swamp,yes,no
c_east_lluirwood,b_nanath,tribal_holding,initial,capital_position,13477,placed,741,East Lluirwood,yes,no
c_great_traders_way,b_thruldar,tribal_holding,initial,capital_position,18937,placed,743,Great Traders Way,yes,no
c_lluirwood,b_al_tana,church_holding,initial,capital_position,15004,placed,744,Lluirwood,yes,no
c_middle_longwood,b_mortling,tribal_holding,initial,capital_position,9427,placed,1742,Middle Longwood,yes,no
c_west_toadsquat,b_st_xanvalor,tribal_holding,initial,capital_position,14545,placed,1743,West Toadsquat,yes,no
c_outlaw_waste,b_vephal,tribal_holding,initial,capital_position,17043,placed,553,Outlaw Waste,yes,no
c_beastburn,b_north_post,tribal_holding,initial,capital_position,16112,placed,738,Beastburn,yes,no
c_fornaluit_plain,b_keldsgar,tribal_holding,initial,capital_position,21451,placed,554,Fornaluit Plain,yes,no
c_north_fornaluit,b_sethemyne,tribal_holding,initial,capital_position,13085,placed,1736,North Fornaluit,yes,no
c_south_fornaluit,b_blue_pana,tribal_holding,initial,capital_position,21782,placed,1735,South Fornaluit,yes,no
c_shining_gap,b_evus,tribal_holding,initial,capital_position,12110,placed,555,Shining Gap,yes,no
c_halruaan_heights,b_broken_helms,tribal_holding,initial,capital_position,12148,placed,1213,Halruaan Heights,yes,no
c_kindle,b_kindle,tribal_holding,initial,capital_position,16073,placed,537,Kindle,yes,no
c_baldurs_gate,b_high_hall,city_holding,initial,capital_position,914,placed,13,Baldurs Gate,yes,no
c_baldurs_gate,b_ulgoths_beard,castle_holding,1045.1.1,sampled,1097,placed,13,Baldurs Gate,no,no
c_baldurs_gate,b_bloomridge,city_holding,1090.1.1,port_position,870,placed,13,Baldurs Gate,no,no
c_baldurs_gate,b_twin_songs,church_holding,1200.1.1,sampled,1392,placed,13,Baldurs Gate,no,no
c_chionthar,b_wyrms_crossing,castle_holding,initial,capital_position,2586,placed,1411,Chionthar,yes,no
c_chionthar,b_rivington,city_holding,1140.1.1,port_position,3056,placed,1411,Chionthar,no,no
c_bloodhawk_hold,b_bloodhawk_hold,castle_holding,initial,capital_position,5720,placed,2626,Bloodhawk Hold,yes,no
c_arylon,b_arylon,castle_holding,initial,capital_position,4157,placed,91,Arylon,yes,no
c_beldenshyn,b_beldenshyn,castle_holding,initial,capital_position,4806,placed,1704,Beldenshyn,yes,no
c_moonrise,b_moonrise_towers,castle_holding,initial,capital_position,2903,placed,2527,Moonrise,yes,no
c_moonrise,b_selunes_sanctum,church_holding,910.1.1,sampled,3345,placed,2527,Moonrise,no,no
c_thundars_ride,b_rosymorn_monastery,church_holding,917.3.1,capital_position,5485,placed,2536,Thundar's Ride,yes,no
c_thundars_ride,b_gaernwood,tribal_holding,initial,sampled,2270,placed,2536,Thundar's Ride,no,no
c_roaringshore,b_roaringshore,city_holding,initial,capital_position,4068,placed,72,Roaringshore,yes,no
c_roaringshore,b_lathtarls_lantern,castle_holding,227.1.1,sampled,2759,placed,72,Roaringshore,no,no
c_the_trollclaws,b_trollclaw_ford,tribal_holding,initial,capital_position,9603,placed,14,The Trollclaws,yes,no
c_kheldrivver,b_kheldrivver,castle_holding,initial,capital_position,6754,placed,1705,Kheldrivver,yes,no
c_cloakwood,b_brown_bear_lodge,church_holding,initial,capital_position,5035,placed,61,Cloakwood,yes,no
c_cloak_bay,b_borlyth,church_holding,initial,capital_position,2183,placed,2528,Cloak Bay,yes,no
c_beregost,b_cragmyr_keep,city_holding,initial,capital_position,3323,placed,62,Beregost,yes,no
c_beregost,b_beregost,city_holding,1035.1.1,port_position,3709,placed,62,Beregost,no,no
c_beregost,b_song_of_the_morning,church_holding,1290.1.1,sampled,4036,placed,62,Beregost,no,no
c_candlekeep,b_candlekeep,castle_holding,initial,capital_position,2241,placed,71,Candlekeep,yes,no
c_candlekeep,b_exhaltation,church_holding,initial,sampled,1115,placed,71,Candlekeep,no,no
c_coast_way,b_friendly_arm_inn,castle_holding,initial,capital_position,7544,placed,236,Coast Way,yes,no
c_coast_way,b_temple_of_wisdom,church_holding,1346.4.21,sampled,4970,placed,236,Coast Way,no,no
c_orlumbor,b_orlumbor,castle_holding,initial,capital_position,330,placed,1149,Orlumbor,yes,no
c_orlumbor,b_ethril,city_holding,1100.1.1,,0,demoted,1149,Orlumbor,no,no
c_orlumbor,b_stormhaven_house,church_holding,1100.1.1,,0,demoted,1149,Orlumbor,no,no
c_crab_reach,b_raerest,tribal_holding,initial,capital_position,747,placed,1405,Crab Reach,yes,no
c_treacherous_isles,b_caspias,tribal_holding,initial,capital_position,360,placed,2478,Treacherous Isles,yes,no
c_elturel,b_elturel,castle_holding,initial,capital_position,802,placed,15,Elturel,yes,no
c_elturel,b_fort_morninglord,castle_holding,910.1.1,sampled,792,placed,15,Elturel,no,no
c_elturel,b_ferngul,church_holding,910.1.1,sampled,728,placed,15,Elturel,no,no
c_elturel,b_chesseni,city_holding,1150.1.1,port_position,1127,placed,15,Elturel,no,no
c_scornubel,b_scornubel,city_holding,376.12.2,capital_position,4389,placed,16,Scornubel,yes,no
c_scornubel,b_scornubel_hall,castle_holding,initial,sampled,2265,placed,16,Scornubel,no,no
c_vyridian_forest,b_wisteria_vale,tribal_holding,initial,capital_position,6525,placed,1703,Vyridian Forest,yes,no
c_skuldusk,b_southshore,castle_holding,initial,capital_position,11389,placed,799,Skuldusk,yes,no
c_boareskyr_bridge,b_bridgefort,castle_holding,initial,capital_position,6731,placed,1583,Boareskyr Bridge,yes,no
c_soubar,b_soubar,castle_holding,initial,capital_position,5000,placed,63,Soubar,yes,no
c_soubar,b_lyrans_hold,church_holding,1060.1.1,sampled,2309,placed,63,Soubar,no,no
c_durlags_tower,b_durlags_tower,castle_holding,initial,capital_position,5601,placed,65,Durlags Tower,yes,no
c_peldvale,b_peldvale,church_holding,initial,capital_position,5476,placed,1183,Peldvale,yes,no
c_wood_of_sharp_teeth,b_stepping_stones,tribal_holding,initial,capital_position,9675,placed,2529,Wood of Sharp Teeth,yes,no
c_iriaebor,b_the_tor,castle_holding,initial,capital_position,1731,placed,92,Iriaebor,yes,no
c_iriaebor,b_iriaebor,city_holding,870.1.1,port_position,1716,placed,92,Iriaebor,no,no
c_iriaebor,b_dragonrise_keep,castle_holding,870.1.1,sampled,1160,placed,92,Iriaebor,no,no
c_iriaebor,b_blacktalon,church_holding,870.1.1,sampled,967,placed,92,Iriaebor,no,no
c_easting,b_easting,castle_holding,initial,capital_position,5591,placed,1429,Easting,yes,no
c_starfields,b_chatlarhune,tribal_holding,initial,capital_position,7661,placed,196,Starfields,yes,no
c_asbravn,b_asbravn,city_holding,initial,capital_position,6840,placed,95,Asbravn,yes,no
c_berdusk,b_berdusk,castle_holding,initial,capital_position,1087,placed,66,Berdusk,yes,no
c_berdusk,b_qheldins_mask,city_holding,850.1.1,port_position,1120,placed,66,Berdusk,no,no
c_berdusk,b_evensong_tower,church_holding,850.1.1,sampled,894,placed,66,Berdusk,no,no
c_greenest,b_greenest,castle_holding,initial,capital_position,3701,placed,73,Greenest,yes,no
c_greenest,b_millstone,city_holding,1356.1.1,port_position,3568,placed,73,Greenest,no,no
c_fendarls_gate,b_fendarls_gate,castle_holding,initial,capital_position,6185,placed,1700,Fendarls Gate,yes,no
c_firewine,b_firewine_bridge,castle_holding,initial,capital_position,5404,placed,85,Firewine,yes,no
c_firewine,b_gullykin,city_holding,initial,port_position,3590,placed,85,Firewine,no,no
c_uldoon,b_uldoon_post,tribal_holding,initial,capital_position,4486,placed,1182,Uldoon,yes,no
c_uldoon,b_merrydales,city_holding,1372.1.1,port_position,5741,placed,1182,Uldoon,no,yes
c_green_fields,b_astranar,tribal_holding,initial,capital_position,10834,placed,1701,Green Fields,yes,no
c_old_well,b_old_well,tribal_holding,initial,capital_position,10500,placed,90,Old Well,yes,no
c_nember,b_nember,tribal_holding,initial,capital_position,9322,placed,1702,Nember,yes,no
c_reaching_wood,b_reachgard,tribal_holding,initial,capital_position,8425,placed,103,Reaching Wood,yes,no
c_north_reaching_wood,b_quickwinds,tribal_holding,initial,capital_position,3731,placed,1235,North Reaching Wood,yes,no
c_hills_edge,b_hills_edge,city_holding,initial,capital_position,2585,placed,93,Hills Edge,yes,no
c_hills_edge,b_gilting,church_holding,1030.1.1,sampled,1640,placed,93,Hills Edge,no,no
c_northdark_woods,b_drawn_swords,tribal_holding,initial,capital_position,3764,placed,1147,Northdark Woods,yes,no
c_trielta_hills,b_hardbuckler,castle_holding,initial,capital_position,7094,placed,1148,Trielta Hills,yes,no
c_darkhold,b_darkhold,castle_holding,initial,capital_position,704,placed,1224,Darkhold,yes,no
c_darkhold,b_far_hills_post,city_holding,1020.1.1,port_position,762,placed,1224,Darkhold,no,no
c_darkhold,b_ink_dell,church_holding,1020.1.1,sampled,640,placed,1224,Darkhold,no,no
c_hluthvar,b_hluthvar,church_holding,initial,capital_position,3942,placed,2435,Hluthvar,yes,no
c_corm_orp,b_corm_orp,city_holding,initial,capital_position,5291,placed,94,Corm Orp,yes,no
c_iritasker,b_iritasker,castle_holding,initial,capital_position,1419,placed,2423,Iritasker,yes,no
c_oghrann,b_citadel_oghrann,tribal_holding,initial,capital_position,1759,placed,2447,Oghrann,yes,no
c_sshamath,b_sshamath,castle_holding,initial,capital_position,919,placed,2448,Sshamath,yes,no
c_sshamath,b_zorrbauth,city_holding,initial,port_position,450,placed,2448,Sshamath,no,no
c_sshamath,b_tower_of_the_masked_mage,church_holding,initial,sampled,0,demoted,2448,Sshamath,no,no
c_marsh_of_tun,b_wyrmhall,tribal_holding,initial,capital_position,2657,placed,211,Marsh of Tun,yes,no
c_marsh_of_tun,b_threetrees,city_holding,890.1.1,port_position,3001,placed,211,Marsh of Tun,no,no
c_tun,b_zorastyl_keep,tribal_holding,initial,capital_position,2411,placed,1570,Tun,yes,no
c_tun,b_tun,city_holding,initial,port_position,1411,placed,1570,Tun,no,no
c_tun,b_malorens_rest,church_holding,initial,sampled,1408,placed,1570,Tun,no,no
c_veilstone,b_aris_castle,castle_holding,initial,capital_position,3720,placed,212,Veilstone,yes,no
c_darromar,b_faerntarn,castle_holding,initial,capital_position,0,demoted,154,Darromar,yes,no
c_darromar,b_darromar,city_holding,initial,port_position,654,placed,154,Darromar,no,no
c_darromar,b_garden_of_rhinda,church_holding,initial,sampled,489,placed,154,Darromar,no,no
c_darromar,b_queens_market,castle_holding,initial,sampled,517,placed,154,Darromar,no,no
c_darromar,b_black_quarter,city_holding,initial,sampled,505,placed,154,Darromar,no,no
c_ithmonn,b_loranse,castle_holding,initial,capital_position,6657,placed,123,Ithmonn,yes,no
c_ithmonn,b_hostim,city_holding,initial,port_position,3217,placed,123,Ithmonn,no,no
c_rivershire,b_lhestyns_hearth,castle_holding,initial,capital_position,3248,placed,127,Rivershire,yes,no
c_rivershire,b_st_ostus,city_holding,initial,port_position,2235,placed,127,Rivershire,no,no
c_spellshire,b_toralath,castle_holding,initial,capital_position,5852,placed,135,Spellshire,yes,no
c_spellshire,b_shildamere,city_holding,initial,port_position,3636,placed,135,Spellshire,no,no
c_varyth,b_tor_arcana,castle_holding,initial,capital_position,5784,placed,131,Varyth,yes,no
c_varyth,b_sulduskooner,city_holding,initial,port_position,2638,placed,131,Varyth,no,no
c_calimmon,b_daraqadim,castle_holding,initial,capital_position,2395,placed,125,Calimmon,yes,no
c_calimmon,b_memnonnar,city_holding,initial,port_position,1539,placed,125,Calimmon,no,no
c_calimmon,b_fort_agis,church_holding,initial,sampled,4275,placed,125,Calimmon,no,no
c_monteshi,b_pelmarin,castle_holding,initial,capital_position,2349,placed,126,Monteshi,yes,no
c_monteshi,b_ruba,city_holding,initial,port_position,1963,placed,126,Monteshi,no,no
c_monteshi,b_st_sarils,church_holding,initial,sampled,2184,placed,126,Monteshi,no,no
c_monteshi,b_st_rucir,castle_holding,initial,sampled,2196,placed,126,Monteshi,no,no
c_shoonach,b_fort_teqlar,castle_holding,initial,capital_position,631,placed,1412,Shoonach,yes,no
c_shoonach,b_agis,city_holding,initial,port_position,744,placed,1412,Shoonach,no,no
c_shoonach,b_iltakar,church_holding,initial,sampled,696,placed,1412,Shoonach,no,no
c_shoonach,b_debukkher,castle_holding,initial,sampled,572,placed,1412,Shoonach,no,no
c_firedrake,b_millvulthan,castle_holding,initial,capital_position,2199,placed,116,Firedrake,yes,no
c_firedrake,b_velen,city_holding,initial,port_position,1146,placed,116,Firedrake,no,no
c_firedrake,b_tordraken,church_holding,initial,sampled,1925,placed,116,Firedrake,no,no
c_firedrake,b_the_stoneblade,castle_holding,initial,sampled,1612,placed,116,Firedrake,no,no
c_fyraven,b_jhaansciim,castle_holding,initial,capital_position,2242,placed,117,Fyraven,yes,no
c_fyraven,b_honourguard,church_holding,initial,sampled,1222,placed,117,Fyraven,no,no
c_fyraven,b_khalids_wall,castle_holding,initial,sampled,1986,placed,117,Fyraven,no,no
c_fyraven,b_toaketh,church_holding,initial,sampled,1610,placed,117,Fyraven,no,no
c_tulmene,b_tulmene,castle_holding,initial,capital_position,3409,placed,1789,Tulmene,yes,no
c_tulmene,b_monguldarath,castle_holding,initial,sampled,2167,placed,1789,Tulmene,no,no
c_greenshores,b_kirgard,castle_holding,initial,capital_position,1568,placed,118,Greenshores,yes,no
c_greenshores,b_kirlyntar,city_holding,initial,port_position,1385,placed,118,Greenshores,no,no
c_greenshores,b_st_domin,church_holding,initial,sampled,1352,placed,118,Greenshores,no,no
c_morninggold,b_morninggold_keep,castle_holding,initial,capital_position,5358,placed,133,Morninggold,yes,no
c_morninggold,b_mt_noblesse,church_holding,initial,sampled,2577,placed,133,Morninggold,no,no
c_morninggold,b_lyllburg,city_holding,initial,port_position,2812,placed,133,Morninggold,no,no
c_elbencort,b_elbencort,castle_holding,initial,capital_position,3560,placed,1716,Elbencort,yes,no
c_elbencort,b_tagarath,city_holding,initial,port_position,1869,placed,1716,Elbencort,no,no
c_hazamarch,b_mourning_stones,castle_holding,initial,capital_position,4419,placed,132,Hazamarch,yes,no
c_hazamarch,b_chevangard,city_holding,initial,port_position,1839,placed,132,Hazamarch,no,no
c_valashar,b_caer_dusk,castle_holding,initial,capital_position,6340,placed,134,Valashar,yes,no
c_valashar,b_nomerritin,city_holding,initial,port_position,3725,placed,134,Valashar,no,no
c_starspur,b_zazesspur,castle_holding,initial,capital_position,759,placed,119,Starspur,yes,no
c_starspur,b_st_ramedar,church_holding,initial,sampled,0,demoted,119,Starspur,no,no
c_starspur,b_karlaggar,castle_holding,initial,sampled,705,placed,119,Starspur,no,no
c_starspur,b_oldspire,city_holding,initial,port_position,757,placed,119,Starspur,no,no
c_dunod,b_dunod,castle_holding,initial,capital_position,2356,placed,155,Dunod,yes,no
c_dunod,b_pansemil,city_holding,initial,port_position,608,placed,155,Dunod,no,no
c_uluran,b_uluran_keep,castle_holding,initial,capital_position,1443,placed,124,Uluran,yes,no
c_uluran,b_tresper_hall,city_holding,initial,port_position,1608,placed,124,Uluran,no,no
c_vintor,b_vineshade,castle_holding,initial,capital_position,2942,placed,120,Vintor,yes,no
c_vintor,b_barrowsmorn,city_holding,initial,port_position,1435,placed,120,Vintor,no,no
c_vintor,b_st_rhyndas,church_holding,initial,sampled,1564,placed,120,Vintor,no,no
c_zaz_in_vintor,b_marakir,castle_holding,initial,capital_position,951,placed,1572,Zaz-in-Vintor,yes,no
c_zaz_in_vintor,b_hhune,city_holding,initial,port_position,1215,placed,1572,Zaz-in-Vintor,no,no
c_zaz_in_vintor,b_venazir,church_holding,initial,sampled,740,placed,1572,Zaz-in-Vintor,no,no
c_bardshyr,b_saharkhan,castle_holding,initial,capital_position,2874,placed,121,Bardshyr,yes,no
c_bardshyr,b_alemanders_needle,city_holding,initial,port_position,1892,placed,121,Bardshyr,no,no
c_bardshyr,b_castle_tethir,castle_holding,initial,sampled,2038,placed,121,Bardshyr,no,no
c_elemetar,b_myratma,city_holding,initial,capital_position,2060,placed,122,Elemetar,yes,no
c_elemetar,b_khaarysaim,castle_holding,initial,sampled,1981,placed,122,Elemetar,no,no
c_surkazar,b_saradush,castle_holding,initial,capital_position,4611,placed,130,Surkazar,yes,no
c_surkazar,b_colbertann,city_holding,initial,port_position,3986,placed,130,Surkazar,no,no
c_surkazar,b_spires_against_the_stars,church_holding,initial,sampled,3342,placed,130,Surkazar,no,no
c_alonmarch,b_barakmordin,city_holding,initial,capital_position,4199,placed,129,Alonmarch,yes,no
c_alonmarch,b_st_teresa,church_holding,initial,sampled,2477,placed,129,Alonmarch,no,no
c_alonmarch,b_thrynnars_hold,castle_holding,initial,sampled,2710,placed,129,Alonmarch,no,no
c_clovis_fields,b_clovis_fields,castle_holding,initial,capital_position,2679,placed,128,Clovis Fields,yes,no
c_clovis_fields,b_ezzagard,city_holding,initial,port_position,1693,placed,128,Clovis Fields,no,no
c_shalanar,b_khlarsamryn,castle_holding,initial,capital_position,4990,placed,164,Shalanar,yes,no
c_shalanar,b_llorbauth,city_holding,227.1.1,port_position,1923,placed,164,Shalanar,no,no
c_shalanar,b_ellhimars_tower,church_holding,400.1.1,sampled,1586,placed,164,Shalanar,no,no
c_carrelath,b_tibold,castle_holding,initial,capital_position,2649,placed,170,Carrelath,yes,no
c_carrelath,b_golconda,city_holding,732.1.1,port_position,1563,placed,170,Carrelath,no,no
c_skurrukh,b_skurrukh,tribal_holding,initial,capital_position,704,placed,2526,Skurrukh,yes,no
c_skurrukh,b_ravimors_cave,city_holding,initial,port_position,662,placed,2526,Skurrukh,no,no
c_skurrukh,b_mount_turbold,church_holding,initial,sampled,570,placed,2526,Skurrukh,no,no
c_impresk,b_carradoon_isle,castle_holding,initial,capital_position,3234,placed,162,Impresk,yes,no
c_impresk,b_caradoon,city_holding,309.1.1,port_position,854,placed,162,Impresk,no,no
c_impresk,b_spirit_soaring,church_holding,1000.1.1,sampled,695,placed,162,Impresk,no,no
c_impresk,b_castle_trinity,castle_holding,1361.1.1,sampled,964,placed,162,Impresk,no,yes
c_ahlarkhem,b_duhlnarim,castle_holding,initial,capital_position,1515,placed,171,Ahlarkhem,yes,no
c_ahlarkhem,b_furrowswich,city_holding,320.1.1,port_position,879,placed,171,Ahlarkhem,no,no
c_ahlarkhem,b_saarlik,church_holding,450.1.1,sampled,1021,placed,171,Ahlarkhem,no,no
c_tanistan,b_five_spears_hold,castle_holding,initial,capital_position,3271,placed,165,Tanistan,yes,no
c_tanistan,b_praskallest,city_holding,400.1.1,port_position,2157,placed,165,Tanistan,no,no
c_tanistan,b_rivenshield,castle_holding,400.1.1,sampled,3210,placed,165,Tanistan,no,no
c_pehrrifaal,b_mytran,castle_holding,initial,capital_position,7863,placed,1717,Pehrrifaal,yes,no
c_suldanessellar,b_suldanessellar,castle_holding,initial,capital_position,1934,placed,137,Suldanessellar,yes,no
c_suldanessellar,b_swanmays_glade,city_holding,initial,port_position,1731,placed,137,Suldanessellar,no,no
c_suldanessellar,b_kings_tree,church_holding,initial,sampled,993,placed,137,Suldanessellar,no,no
c_suldanessellar,b_nebulae_pool,castle_holding,initial,sampled,2000,placed,137,Suldanessellar,no,no
c_suldanessellar,b_kinbranch,city_holding,initial,sampled,831,placed,137,Suldanessellar,no,no
c_moonglade,b_eights_tree,castle_holding,initial,capital_position,3545,placed,158,Moonglade,yes,no
c_moonglade,b_zoastrias_stand,city_holding,initial,port_position,2758,placed,158,Moonglade,no,no
c_moonglade,b_eldaths_gate,church_holding,initial,sampled,2041,placed,158,Moonglade,no,no
c_nymphwood,b_nymphwood,tribal_holding,initial,capital_position,8469,placed,1715,Nymphwood,yes,no
c_mytharan_woods,b_myth_rhynn,castle_holding,initial,capital_position,6947,placed,138,Mytharan Woods,yes,no
c_mytharan_woods,b_cairn_wheel,city_holding,initial,port_position,3270,placed,138,Mytharan Woods,no,no
c_kalmins_grove,b_kalmins_grove,castle_holding,initial,capital_position,1824,placed,1164,Kalmins Grove,yes,no
c_kalmins_grove,b_old_oak_dell,city_holding,initial,port_position,2017,placed,1164,Kalmins Grove,no,no
c_kalmins_grove,b_hunters_tree,church_holding,initial,sampled,1737,placed,1164,Kalmins Grove,no,no
c_the_shield,b_council_glade,castle_holding,initial,capital_position,4534,placed,157,The Shield,yes,no
c_the_shield,b_tall_trees,city_holding,initial,port_position,2192,placed,157,The Shield,no,no
c_ust_natha,b_ust_natha,castle_holding,initial,capital_position,0,demoted,2507,Ust Natha,yes,no
c_ust_natha,b_baenth,city_holding,initial,port_position,772,placed,2507,Ust Natha,no,no
c_ust_natha,b_ichein,church_holding,initial,sampled,735,placed,2507,Ust Natha,no,no
c_thargill,b_thargill,tribal_holding,initial,capital_position,804,placed,2588,Thargill,yes,no
c_ruathym,b_ruathym,castle_holding,initial,capital_position,3123,placed,224,Ruathym,yes,no
c_ruathym,b_holgerstead,city_holding,initial,port_position,1865,placed,224,Ruathym,no,no
c_ruathym,b_hastor,church_holding,initial,sampled,0,demoted,224,Ruathym,no,no
c_axard,b_rethgaard,castle_holding,initial,capital_position,406,placed,1179,Axard,yes,no
c_axard,b_xardmount,city_holding,initial,,0,demoted,1179,Axard,no,no
c_nerth,b_nerth,castle_holding,initial,capital_position,829,placed,1180,Nerth,yes,no
c_nerth,b_thulnaths_eyes,city_holding,initial,port_position,0,demoted,1180,Nerth,no,no
c_the_icepeak,b_aurilssbarg,city_holding,initial,capital_position,1582,placed,225,The Icepeak,yes,no
c_gundarlun,b_gundbarg,tribal_holding,initial,capital_position,1377,placed,226,Gundarlun,yes,no
c_purple_rocks,b_ulf_of_thuger,tribal_holding,initial,capital_position,487,placed,228,Purple Rocks,yes,no
c_tuern,b_uttersea,tribal_holding,initial,capital_position,5611,placed,227,Tuern,yes,no
c_umukek,b_umukek,tribal_holding,initial,capital_position,1831,placed,229,Umukek,yes,no
c_svardborg,b_svardborg,castle_holding,1483.1.1,capital_position,1082,placed,2513,Svardborg,yes,yes
c_svardborg,b_temple_of_thrym,church_holding,1483.1.1,sampled,0,demoted,2513,Svardborg,no,yes
c_svardborg,b_white_wyrm,tribal_holding,initial,,0,demoted,2513,Svardborg,no,no
c_wave_rocks,b_tower_of_storms,castle_holding,initial,capital_position,584,placed,219,Wave Rocks,yes,no
c_gullrocks,b_gull_nest,castle_holding,initial,capital_position,556,placed,213,Gullrocks,yes,no
c_the_teeth,b_barth,castle_holding,initial,capital_position,168,placed,1127,The Teeth,yes,no
c_havraquoar,b_havraquoar,tribal_holding,initial,capital_position,15563,placed,2637,Havraquoar,yes,no
c_lammasus_plain,b_lion_rock,tribal_holding,initial,capital_position,18719,placed,2204,Lammasu's Plain,yes,no
c_dragongrounds,b_dragonbones,tribal_holding,initial,capital_position,14942,placed,2638,Dragongrounds,yes,no
c_the_anchorage,b_portage,tribal_holding,initial,capital_position,10737,placed,2636,The Anchorage,yes,no
c_roof_of_the_world,b_frosthold,tribal_holding,initial,capital_position,7829,placed,2635,Roof of the World,yes,no
c_shivering_coast,b_coldsand,tribal_holding,initial,capital_position,10886,placed,2634,Shivering Coast,yes,no
c_ancients_hollow,b_avian_keep,tribal_holding,initial,capital_position,3739,placed,2311,Ancient's Hollow,yes,no
c_spearhead_point,b_spearhead,tribal_holding,initial,capital_position,2896,placed,2642,Spearhead Point,yes,no
c_whalers_end,b_shark_point,tribal_holding,initial,capital_position,516,placed,2640,Whaler's End,yes,no
c_whalers_end,b_the_harpoon,church_holding,initial,,0,demoted,2640,Whaler's End,no,no
c_lonely_rock,b_last_stop,tribal_holding,initial,capital_position,492,placed,2641,Lonely Rock,yes,no
c_coldcrag,b_frosteeth,tribal_holding,initial,capital_position,613,placed,2639,Coldcrag,yes,no
c_callidyrr,b_caer_callidyrr,castle_holding,initial,capital_position,714,placed,308,Callidyrr,yes,no
c_callidyrr,b_lehigh,city_holding,initial,port_position,522,placed,308,Callidyrr,no,no
c_callidyrr,b_bounty,church_holding,initial,sampled,0,demoted,308,Callidyrr,no,no
c_callidyrr,b_llandeilo,castle_holding,initial,sampled,437,placed,308,Callidyrr,no,no
c_stagford,b_stagford,castle_holding,initial,capital_position,984,placed,310,Stagford,yes,no
c_stagford,b_holyhead,city_holding,initial,port_position,0,demoted,310,Stagford,no,no
c_talffolk,b_ogden,castle_holding,initial,capital_position,1079,placed,309,Talffolk,yes,no
c_talffolk,b_cobh,city_holding,initial,port_position,833,placed,309,Talffolk,no,no
c_talffolk,b_torriage_wood,church_holding,initial,sampled,811,placed,309,Talffolk,no,no
c_stirgewick,b_blythe,castle_holding,initial,capital_position,1820,placed,311,Stirgewick,yes,no
c_stirgewick,b_regents_field,city_holding,initial,port_position,829,placed,311,Stirgewick,no,no
c_bregonshire,b_llewellyn,castle_holding,initial,capital_position,988,placed,312,Bregonshire,yes,no
c_bregonshire,b_kythyss,city_holding,initial,port_position,0,demoted,312,Bregonshire,no,no
c_dernall,b_doncastle,castle_holding,initial,capital_position,1126,placed,2688,Dernall,yes,no
c_dernall,b_aithelar,city_holding,944.1.1,port_position,413,placed,2688,Dernall,no,no
c_gnarhelm,b_gnarhelm,castle_holding,initial,capital_position,1119,placed,313,Gnarhelm,yes,no
c_gnarhelm,b_deaths_door,city_holding,560.1.1,port_position,870,placed,313,Gnarhelm,no,no
c_hardang,b_hardangheight,tribal_holding,initial,capital_position,3768,placed,314,Hardang,yes,no
c_sunder,b_sunderstaad,castle_holding,initial,capital_position,1999,placed,315,Sunder,yes,no
c_olafstaad,b_olafstaad,castle_holding,initial,capital_position,1349,placed,2629,Olafstaad,yes,no
c_olafstaad,b_norcaster,city_holding,560.1.1,port_position,803,placed,2629,Olafstaad,no,no
c_fairheight,b_blackstone,castle_holding,initial,capital_position,401,placed,1567,Fairheight,yes,no
c_fairheight,b_white_rock,city_holding,initial,port_position,440,placed,1567,Fairheight,no,no
c_westphal,b_caer_westphal,castle_holding,initial,capital_position,1601,placed,220,Westphal,yes,no
c_westphal,b_brannoch,city_holding,initial,port_position,0,demoted,220,Westphal,no,no
c_corwell,b_caer_corwell,castle_holding,initial,capital_position,0,demoted,321,Corwell,yes,no
c_corwell,b_dynnatt,city_holding,initial,port_position,698,placed,321,Corwell,no,no
c_corwell,b_pontswain,church_holding,initial,sampled,737,placed,321,Corwell,no,no
c_shrouded_lands,b_fenton,castle_holding,initial,capital_position,2724,placed,326,Shrouded Lands,yes,no
c_kingsbay,b_kingsbay,castle_holding,initial,capital_position,989,placed,319,Kingsbay,yes,no
c_kingsbay,b_borth,city_holding,initial,port_position,1152,placed,319,Kingsbay,no,no
c_kingsbay,b_macsheehan,church_holding,initial,sampled,0,demoted,319,Kingsbay,no,no
c_wyngate,b_wyngate,castle_holding,initial,capital_position,1613,placed,325,Wyngate,yes,no
c_wyngate,b_hyoclaatl,city_holding,initial,port_position,658,placed,325,Wyngate,no,no
c_wyngate,b_graystone,city_holding,1304.1.1,sampled,519,placed,325,Wyngate,no,no
c_synnoria,b_argen_tellirynd,castle_holding,initial,capital_position,810,placed,318,Synnoria,yes,no
c_synnoria,b_synnoria,city_holding,initial,port_position,0,demoted,318,Synnoria,no,no
c_synnoria,b_mirror_lake,church_holding,initial,,0,demoted,318,Synnoria,no,no
c_myrloch_vale,b_deepglen,castle_holding,initial,capital_position,1019,placed,320,Myrloch Vale,yes,no
c_myrloch_vale,b_mal_temesis,city_holding,1375.1.1,port_position,1253,placed,320,Myrloch Vale,no,yes
c_myrloch_vale,b_blackhoof,church_holding,1375.1.1,sampled,506,placed,320,Myrloch Vale,no,yes
c_myrloch_vale,b_shee_pool,castle_holding,1375.1.1,sampled,910,placed,320,Myrloch Vale,no,yes
c_flamsterd,b_flamsterd,castle_holding,initial,capital_position,1315,placed,214,Flamsterd,yes,no
c_flamsterd,b_gharst,city_holding,initial,port_position,0,demoted,214,Flamsterd,no,no
c_winterglen,b_citadel_umbra,castle_holding,initial,capital_position,3267,placed,323,Winterglen,yes,no
c_winterglen,b_taeya,city_holding,201.1.1,port_position,1159,placed,323,Winterglen,no,no
c_cambro,b_darkhorn_castle,castle_holding,initial,capital_position,940,placed,322,Cambro,yes,no
c_cambro,b_cambro,city_holding,initial,port_position,765,placed,322,Cambro,no,no
c_codsbay,b_codscove,castle_holding,initial,capital_position,1561,placed,324,Codsbay,yes,no
c_caer_moray,b_caer_moray,castle_holding,initial,capital_position,887,placed,2621,Caer Moray,yes,no
c_dynnegall,b_dynnegall,castle_holding,initial,capital_position,752,placed,316,Dynnegall,yes,no
c_dynnegall,b_bray,city_holding,305.1.1,,0,demoted,316,Dynnegall,no,no
c_kork,b_kork,castle_holding,initial,capital_position,760,placed,317,Kork,yes,no
c_sunset,b_sunset,tribal_holding,initial,capital_position,322,placed,221,Sunset,yes,no
c_frostfenn,b_rogarsheim,castle_holding,initial,capital_position,3231,placed,217,Frostfenn,yes,no
c_grondsgrunn,b_arndtbergon,tribal_holding,initial,capital_position,1049,placed,218,Grondsgrunn,yes,no
c_norheim,b_hammerstaad,castle_holding,initial,capital_position,1640,placed,215,Norheim,yes,no
c_korinn,b_caftenor,castle_holding,initial,capital_position,1229,placed,216,Korinn,yes,no
c_skadaurak,b_skadaurak,tribal_holding,initial,capital_position,689,placed,2627,Skadaurak,yes,no
c_northwind,b_graystaad,castle_holding,initial,capital_position,1016,placed,1401,Northwind,yes,no
c_iron_keep,b_trondhelm,castle_holding,initial,sampled,620,placed,2659,Iron Keep,yes,no
c_iron_keep,b_ramshorn,city_holding,570.1.1,,0,demoted,2659,Iron Keep,no,no
c_mintarn,b_mintarn,city_holding,initial,capital_position,1101,placed,223,Mintarn,yes,no
c_mintarn,b_castle_mintarn,castle_holding,400.1.1,sampled,0,demoted,223,Mintarn,no,no
c_cimarine_isles,b_branestria,castle_holding,initial,capital_position,607,placed,232,Cimarine Isles,yes,no
c_the_whalebones,b_finback,castle_holding,initial,capital_position,438,placed,230,The Whalebones,yes,no
c_the_whalebones,b_storm_well,church_holding,initial,,0,demoted,230,The Whalebones,no,no
c_unthalass,b_unthalass,castle_holding,initial,capital_position,1185,placed,659,Unthalass,yes,no
c_unthalass,b_rijath,city_holding,initial,port_position,852,placed,659,Unthalass,no,no
c_unthalass,b_narr,church_holding,initial,sampled,1017,placed,659,Unthalass,no,no
c_unthalass,b_barina,castle_holding,initial,sampled,696,placed,659,Unthalass,no,no
c_red_shores,b_red_haven,castle_holding,initial,capital_position,909,placed,661,Red Shores,yes,no
c_red_shores,b_burbo,city_holding,initial,port_position,1162,placed,661,Red Shores,no,no
c_red_shores,b_sisud,church_holding,initial,sampled,1071,placed,661,Red Shores,no,no
c_ssintar,b_ssintar,castle_holding,initial,capital_position,3582,placed,1443,Ssintar,yes,no
c_tomb_hills,b_nuz,castle_holding,initial,capital_position,2063,placed,2453,Tomb Hills,yes,no
c_tomb_hills,b_tell_keggri,city_holding,initial,port_position,1167,placed,2453,Tomb Hills,no,no
c_tomb_hills,b_unzez_os,church_holding,initial,sampled,1098,placed,2453,Tomb Hills,no,no
c_firetrees,b_firetrees,castle_holding,initial,capital_position,1455,placed,664,Firetrees,yes,no
c_firetrees,b_kingsarch,city_holding,initial,port_position,1198,placed,664,Firetrees,no,no
c_firetrees,b_sige,church_holding,initial,sampled,1254,placed,664,Firetrees,no,no
c_dalath,b_dalath,castle_holding,initial,capital_position,1777,placed,660,Dalath,yes,no
c_dalath,b_talukad,city_holding,initial,port_position,1674,placed,660,Dalath,no,no
c_dalath,b_nidunch,church_holding,initial,sampled,1407,placed,660,Dalath,no,no
c_ship_of_the_gods,b_eye_of_insight,castle_holding,initial,capital_position,657,placed,658,Ship of the Gods,yes,no
c_messemprar,b_messemprar,castle_holding,initial,capital_position,1003,placed,668,Messemprar,yes,no
c_messemprar,b_thamor,city_holding,initial,port_position,1298,placed,668,Messemprar,no,no
c_messemprar,b_dotho,church_holding,initial,sampled,1103,placed,668,Messemprar,no,no
c_messemprar,b_kenna,castle_holding,initial,sampled,1305,placed,668,Messemprar,no,no
c_mourktar,b_mourktar,castle_holding,initial,capital_position,1308,placed,631,Mourktar,yes,no
c_mourktar,b_oros,city_holding,initial,port_position,1063,placed,631,Mourktar,no,no
c_mourktar,b_broken_shield,church_holding,initial,sampled,761,placed,631,Mourktar,no,no
c_river_of_metals,b_ulphish,castle_holding,initial,capital_position,1451,placed,1229,River of Metals,yes,no
c_river_of_metals,b_zembral,city_holding,initial,port_position,1539,placed,1229,River of Metals,no,no
c_shussel,b_shussel,castle_holding,initial,capital_position,1866,placed,669,Shussel,yes,no
c_shussel,b_hawold,city_holding,initial,port_position,1569,placed,669,Shussel,no,no
c_shussel,b_kapidum,church_holding,initial,sampled,2104,placed,669,Shussel,no,no
c_angol,b_angol,castle_holding,initial,capital_position,11308,placed,665,Angol,yes,no
c_angol,b_arojas,city_holding,initial,port_position,5077,placed,665,Angol,no,no
c_quretta,b_quretta,castle_holding,initial,capital_position,5443,placed,1754,Quretta,yes,no
c_ashfields,b_niltuk,castle_holding,initial,capital_position,4111,placed,2460,Ashfields,yes,no
c_ashfields,b_gilamuth,city_holding,initial,port_position,1837,placed,2460,Ashfields,no,no
c_road_of_dust,b_imkath,castle_holding,initial,capital_position,11055,placed,1228,Road of Dust,yes,no
c_road_of_dust,b_uluzam,city_holding,initial,port_position,4629,placed,1228,Road of Dust,no,no
c_kaoll,b_kaoll,castle_holding,initial,capital_position,2901,placed,663,Kaoll,yes,no
c_kaoll,b_chiosina,city_holding,initial,port_position,525,placed,663,Kaoll,no,no
c_sekras,b_sekras,castle_holding,initial,capital_position,1799,placed,2458,Sekras,yes,no
c_sekras,b_ruinspoke,city_holding,initial,port_position,1475,placed,2458,Sekras,no,no
c_sekras,b_oss,church_holding,initial,sampled,1497,placed,2458,Sekras,no,no
c_inkrath,b_inkrath,castle_holding,initial,capital_position,6283,placed,666,Inkrath,yes,no
c_inkrath,b_mesa,city_holding,initial,port_position,3764,placed,666,Inkrath,no,no
c_nagarana,b_nagarana,tribal_holding,initial,capital_position,9534,placed,1753,Nagarana,yes,no
c_fussellshade,b_fusselflow,castle_holding,initial,capital_position,12812,placed,672,Fussellshade,yes,no
c_fussellshade,b_ari_avelba,city_holding,initial,port_position,4439,placed,672,Fussellshade,no,no
c_smoking_mountains,b_arsof,castle_holding,initial,capital_position,3742,placed,2452,Smoking Mountains,yes,no
c_smoking_mountains,b_citadel_of_black_ash,castle_holding,initial,sampled,3366,placed,2452,Smoking Mountains,no,no
c_black_ash_plain,b_ashenstars,tribal_holding,initial,capital_position,13913,placed,667,Black Ash Plain,yes,no
c_uthangol,b_uthangol,castle_holding,initial,capital_position,7244,placed,673,Uthangol,yes,no
c_uthangol,b_ari_ethos,city_holding,initial,port_position,3743,placed,673,Uthangol,no,no
c_riders_to_the_sky,b_shuruppak,castle_holding,initial,capital_position,4309,placed,2459,Riders to the Sky,yes,no
c_sadamzar,b_sadamzar,castle_holding,initial,capital_position,1865,placed,670,Sadamzar,yes,no
c_sadamzar,b_outava,city_holding,initial,port_position,1643,placed,670,Sadamzar,no,no
c_methwood,b_methwood,tribal_holding,initial,capital_position,8441,placed,662,Methwood,yes,no
c_east_methwood,b_myth_valorthae,tribal_holding,initial,capital_position,9073,placed,2454,East Methwood,yes,no
c_spandeliyon,b_spandeliyon,city_holding,initial,capital_position,2480,placed,1056,Spandeliyon,yes,no
c_spandeliyon,b_dalry,castle_holding,initial,sampled,0,demoted,1056,Spandeliyon,no,no
c_delthuntle,b_delthuntle,city_holding,initial,capital_position,2327,placed,1054,Delthuntle,yes,no
c_delthuntle,b_tyrnakaia,castle_holding,initial,sampled,1268,placed,1054,Delthuntle,no,no
c_ingdals_arm,b_ingdals_arm,castle_holding,initial,capital_position,1477,placed,1055,Ingdals Arm,yes,no
c_ingdals_arm,b_cardended,city_holding,initial,port_position,532,placed,1055,Ingdals Arm,no,no
c_thonns_fist,b_thonns_fist,city_holding,initial,capital_position,984,placed,1121,Thonns Fist,yes,no
c_thonns_fist,b_ghevden,castle_holding,initial,sampled,0,demoted,1121,Thonns Fist,no,no
c_shamandra,b_shamandra,city_holding,initial,capital_position,904,placed,1416,Shamandra,yes,no
c_shamandra,b_brokenshores,castle_holding,initial,sampled,0,demoted,1416,Shamandra,no,no
c_laothkund,b_laothkund,castle_holding,initial,capital_position,1543,placed,1030,Laothkund,yes,no
c_laothkund,b_enus,city_holding,initial,port_position,1026,placed,1030,Laothkund,no,no
c_taskaunt,b_taskaunt,castle_holding,initial,capital_position,2036,placed,1052,Taskaunt,yes,no
c_taskaunt,b_lasdur,city_holding,initial,port_position,3525,placed,1052,Taskaunt,no,no
c_tilbrand,b_tilbrand,city_holding,initial,capital_position,3145,placed,1053,Tilbrand,yes,no
c_tilbrand,b_ritherhithe,castle_holding,initial,sampled,2141,placed,1053,Tilbrand,no,no
c_nethra,b_nethra,castle_holding,initial,capital_position,2249,placed,2495,Nethra,yes,no
c_nethra,b_teth,city_holding,initial,port_position,820,placed,2495,Nethra,no,no
c_umber_marsh,b_autumant,tribal_holding,initial,capital_position,3846,placed,1014,Umber Marsh,yes,no
c_cimbar,b_palace_of_the_sceptanar,castle_holding,initial,capital_position,2435,placed,579,Cimbar,yes,no
c_cimbar,b_old_cimbar,church_holding,initial,sampled,759,placed,579,Cimbar,no,no
c_cimbar,b_new_cimbar,city_holding,initial,port_position,624,placed,579,Cimbar,no,no
c_airspur,b_airspur,city_holding,initial,capital_position,3038,placed,578,Airspur,yes,no
c_airspur,b_the_crimson_wall,castle_holding,initial,sampled,2507,placed,578,Airspur,no,no
c_airspur,b_akanawater,church_holding,1450.1.1,sampled,2873,placed,578,Airspur,no,yes
c_erebos,b_erebos,castle_holding,initial,capital_position,814,placed,626,Erebos,yes,no
c_erebos,b_amalin,city_holding,initial,port_position,739,placed,626,Erebos,no,no
c_erebos,b_boscara,church_holding,initial,sampled,701,placed,626,Erebos,no,no
c_rodanar,b_rodanar,castle_holding,initial,capital_position,4890,placed,614,Rodanar,yes,no
c_rodanar,b_thurik,city_holding,initial,port_position,2146,placed,614,Rodanar,no,no
c_soorenar,b_soorenar,castle_holding,initial,capital_position,1669,placed,580,Soorenar,yes,no
c_soorenar,b_pleham,city_holding,initial,port_position,1227,placed,580,Soorenar,no,no
c_soorenar,b_arikrlundr,church_holding,initial,sampled,987,placed,580,Soorenar,no,no
c_maerch,b_maerch,castle_holding,initial,capital_position,4656,placed,627,Maerch,yes,no
c_maerch,b_egarama,city_holding,initial,port_position,3595,placed,627,Maerch,no,no
c_winding_river,b_markais,castle_holding,initial,capital_position,8729,placed,1444,Winding River,yes,no
c_maerchlin,b_maerchlin,castle_holding,initial,capital_position,5463,placed,1230,Maerchlin,yes,no
c_maerchlin,b_alexandis,city_holding,initial,port_position,2781,placed,1230,Maerchlin,no,no
c_maerchwoods,b_calmaersor,castle_holding,initial,capital_position,3312,placed,628,Maerchwoods,yes,no
c_adderspring,b_adderspring,castle_holding,initial,capital_position,10730,placed,1722,Adderspring,yes,no
c_maerduuth,b_maerduuth,castle_holding,initial,capital_position,3034,placed,629,Maerduuth,yes,no
c_maerduuth,b_uslin,city_holding,initial,port_position,2035,placed,629,Maerduuth,no,no
c_maerduuth,b_saden,church_holding,initial,sampled,1972,placed,629,Maerduuth,no,no
c_akanax,b_akanax,castle_holding,initial,capital_position,2979,placed,630,Akanax,yes,no
c_akanax,b_tulach,city_holding,initial,port_position,1255,placed,630,Akanax,no,no
c_avax,b_avax,castle_holding,initial,capital_position,4274,placed,617,Avax,yes,no
c_avax,b_tevilla,city_holding,initial,port_position,4090,placed,617,Avax,no,no
c_maerwatch,b_chelms_roost,castle_holding,initial,capital_position,6954,placed,2432,Maerwatch,yes,no
c_maerwatch,b_mantan,city_holding,initial,port_position,3274,placed,2432,Maerwatch,no,no
c_luthcheq,b_war_college,castle_holding,initial,capital_position,1627,placed,623,Luthcheq,yes,no
c_luthcheq,b_luthcheq,city_holding,initial,port_position,1809,placed,623,Luthcheq,no,no
c_luthcheq,b_house_of_tchazzar,church_holding,initial,sampled,2882,placed,623,Luthcheq,no,no
c_heptios,b_heptios,castle_holding,initial,capital_position,5272,placed,2433,Heptios,yes,no
c_heptios,b_nekala,church_holding,initial,sampled,2152,placed,2433,Heptios,no,no
c_adder_swamp,b_baex,church_holding,initial,capital_position,4734,placed,671,Adder Swamp,yes,no
c_mordulkin,b_mordulkin,castle_holding,initial,capital_position,1203,placed,624,Mordulkin,yes,no
c_mordulkin,b_toreus,city_holding,initial,port_position,626,placed,624,Mordulkin,no,no
c_soolabax,b_soolabax,castle_holding,initial,capital_position,1665,placed,625,Soolabax,yes,no
c_soolabax,b_samnur,city_holding,initial,port_position,1518,placed,625,Soolabax,no,no
c_soolabax,b_heptics,church_holding,initial,sampled,1616,placed,625,Soolabax,no,no
c_thulbane,b_thulbane,castle_holding,initial,capital_position,4476,placed,632,Thulbane,yes,no
c_fields_of_pryollus,b_aktyn,castle_holding,initial,capital_position,3418,placed,2417,Fields of Pryollus,yes,no
c_fields_of_pryollus,b_gonnach,city_holding,initial,port_position,1408,placed,2417,Fields of Pryollus,no,no
c_jade_hills,b_askix,city_holding,initial,capital_position,1998,placed,634,Jade Hills,yes,no
c_jade_hills,b_bratun,castle_holding,initial,sampled,1771,placed,634,Jade Hills,no,no
c_jade_hills,b_leeside,church_holding,initial,sampled,1358,placed,634,Jade Hills,no,no
c_watchers_cape,b_drakelight,castle_holding,initial,capital_position,5564,placed,633,Watchers Cape,yes,no
c_daggerford,b_ducal_castle,castle_holding,initial,capital_position,774,placed,3,Daggerford,yes,no
c_daggerford,b_daggerford,city_holding,146.1.1,port_position,1199,placed,3,Daggerford,no,no
c_daggerford,b_morninglow_tower,church_holding,146.1.1,sampled,559,placed,3,Daggerford,no,no
c_bowshot,b_bowshot,castle_holding,initial,capital_position,2073,placed,1163,Bowshot,yes,no
c_bowshot,b_gillians_hill,city_holding,146.1.1,port_position,2208,placed,1163,Bowshot,no,no
c_bowshot,b_roosting_griffon,church_holding,146.1.1,sampled,2284,placed,1163,Bowshot,no,no
c_lizard_marsh,b_cromms_hold,tribal_holding,initial,capital_position,1632,placed,1410,Lizard Marsh,yes,no
c_lizard_marsh,b_rock_island,city_holding,initial,port_position,883,placed,1410,Lizard Marsh,no,no
c_ardeepsward,b_floshin_manor,castle_holding,initial,capital_position,1910,placed,22,Ardeepsward,yes,no
c_ardeepsward,b_the_selpir,city_holding,initial,port_position,717,placed,22,Ardeepsward,no,no
c_open_marches,b_seatower_of_ilinyth,tribal_holding,initial,capital_position,1220,placed,1448,Open Marches,yes,no
c_open_marches,b_scathril,city_holding,146.1.1,port_position,1226,placed,1448,Open Marches,no,no
c_open_marches,b_moon_isle,church_holding,146.1.1,sampled,1446,placed,1448,Open Marches,no,no
c_trollbark_forest,b_watchtower_of_syorathil,tribal_holding,initial,capital_position,1976,placed,58,Trollbark Forest,yes,no
c_trollbark_forest,b_fiddlers_pass,city_holding,523.1.1,port_position,2229,placed,58,Trollbark Forest,no,no
c_trollbark_forest,b_banshee_woods,church_holding,523.1.1,sampled,2297,placed,58,Trollbark Forest,no,no
c_orbedal,b_orbedal_tower,castle_holding,initial,capital_position,1313,placed,1696,Orbedal,yes,no
c_misty_forest,b_altand,tribal_holding,initial,capital_position,2952,placed,385,Misty Forest,yes,no
c_misty_forest,b_elderstone,city_holding,initial,port_position,3304,placed,385,Misty Forest,no,no
c_eldaths_water,b_eldaths_water,tribal_holding,initial,capital_position,5309,placed,1707,Eldaths Water,yes,no
c_evereska,b_cloudcrown,castle_holding,initial,capital_position,864,placed,112,Evereska,yes,no
c_evereska,b_evereska,city_holding,initial,port_position,995,placed,112,Evereska,no,no
c_evereska,b_shaeradim,castle_holding,initial,sampled,1093,placed,112,Evereska,no,no
c_evereska,b_the_sisters,city_holding,initial,sampled,860,placed,112,Evereska,no,no
c_evereska,b_fountainheart_of_shimmering_gold,church_holding,initial,sampled,918,placed,112,Evereska,no,no
c_greycloak_hills,b_greyhome,castle_holding,initial,capital_position,3678,placed,113,Greycloak Hills,yes,no
c_greycloak_hills,b_halfway_inn,city_holding,1335.1.1,port_position,1749,placed,113,Greycloak Hills,no,no
c_najara,b_ssthartissssum,castle_holding,initial,capital_position,12436,placed,101,Najara,yes,no
c_yarthrain,b_yarthrain,tribal_holding,initial,capital_position,10920,placed,96,Yarthrain,yes,no
c_forest_of_wyrms,b_serpents_cowl,tribal_holding,initial,capital_position,9853,placed,102,Forest of Wyrms,yes,no
c_serpent_hills,b_sskhanaja,tribal_holding,initial,capital_position,13212,placed,97,Serpent Hills,yes,no
c_chelimber,b_dunkapple_castle,castle_holding,initial,capital_position,12982,placed,111,Chelimber,yes,no
c_serpents_tail,b_kasidikals_keep,castle_holding,initial,capital_position,7316,placed,1215,Serpents Tail,yes,no
c_lonely_moor,b_aumvors_castle,castle_holding,initial,capital_position,7975,placed,109,Lonely Moor,yes,no
c_forgotten_forest,b_oaksong_tower,tribal_holding,initial,capital_position,4423,placed,110,Forgotten Forest,yes,no
c_battle_of_bones,b_keep_of_pale_night,castle_holding,initial,capital_position,4500,placed,1238,Battle of Bones,yes,no
c_pelleors_prairie,b_gavelstone,tribal_holding,initial,capital_position,13092,placed,114,Pelleors Prairie,yes,no
c_well_of_dragons,b_well_of_dragons,city_holding,1385.1.1,capital_position,2968,placed,115,Well of Dragons,yes,yes
c_well_of_dragons,b_lady_dove,castle_holding,initial,sampled,2083,placed,115,Well of Dragons,no,no
c_well_of_dragons,b_skull_gorge,church_holding,1481.1.1,sampled,2399,placed,115,Well of Dragons,no,yes
c_endar_aglandtor,b_endar_aglandtor,church_holding,initial,capital_position,5880,placed,1708,Endar Aglandtor,yes,no
c_endar_aglandtor,b_mansfield,castle_holding,initial,sampled,2968,placed,1708,Endar Aglandtor,no,no
c_dragonspear,b_dragonspear_castle,church_holding,initial,capital_position,10524,placed,6,Dragonspear,yes,no
c_the_tradeway,b_the_way_inn,city_holding,initial,capital_position,10295,placed,1404,The Tradeway,yes,no
c_ebenfar,b_ebenfar,tribal_holding,initial,capital_position,6631,placed,68,Ebenfar,yes,no
c_ebenfar,b_hark,city_holding,initial,port_position,2565,placed,68,Ebenfar,no,no
c_hammer_hall,b_hammer_hall,castle_holding,initial,capital_position,5553,placed,98,Hammer Hall,yes,no
c_the_rockshaws,b_greenleaf_vale,tribal_holding,initial,capital_position,6971,placed,99,The Rockshaws,yes,no
c_westfells,b_mistfells,tribal_holding,initial,capital_position,9168,placed,2439,Westfells,yes,no
c_orogoth,b_orogoth,castle_holding,initial,capital_position,8707,placed,1706,Orogoth,yes,no
c_llorkh,b_llorkh,city_holding,initial,capital_position,4389,placed,104,Llorkh,yes,no
c_llorkh,b_iron_hill,castle_holding,initial,sampled,2622,placed,104,Llorkh,no,no
c_dawn_pass,b_parnast,city_holding,initial,capital_position,3171,placed,1151,Dawn Pass,yes,no
c_dawn_pass,b_dawn_pass,castle_holding,initial,sampled,1612,placed,1151,Dawn Pass,no,no
c_loudwater,b_loudwater,city_holding,initial,capital_position,979,placed,54,Loudwater,yes,no
c_loudwater,b_kauth,castle_holding,1100.1.1,sampled,1436,placed,54,Loudwater,no,no
c_loudwater,b_veltienorethal,church_holding,1100.1.1,sampled,836,placed,54,Loudwater,no,no
c_southwood,b_highluthholt,tribal_holding,initial,capital_position,9729,placed,60,Southwood,yes,no
c_secomber,b_undarls_tower,castle_holding,initial,capital_position,2215,placed,7,Secomber,yes,no
c_secomber,b_secomber,city_holding,initial,port_position,2394,placed,7,Secomber,no,no
c_uluvin,b_uluvin,castle_holding,initial,capital_position,3165,placed,24,Uluvin,yes,no
c_uluvin,b_starshadow_vale,city_holding,183.1.1,port_position,1397,placed,24,Uluvin,no,no
c_julkoun,b_athgard_keep,castle_holding,initial,capital_position,1252,placed,470,Julkoun,yes,no
c_julkoun,b_julkoun,city_holding,initial,port_position,1301,placed,470,Julkoun,no,no
c_zelbross,b_zelbross,castle_holding,initial,capital_position,878,placed,59,Zelbross,yes,no
c_zelbross,b_urmish,city_holding,initial,port_position,1201,placed,59,Zelbross,no,no
c_zelbross,b_gallywal,church_holding,initial,sampled,1576,placed,59,Zelbross,no,no
c_yenching,b_yenching,castle_holding,initial,capital_position,6294,placed,1302,Yenching,yes,no
c_yenching,b_shaozuishan,city_holding,initial,port_position,4434,placed,1302,Yenching,no,no
c_yenching,b_mianqihar,church_holding,initial,sampled,6831,placed,1302,Yenching,no,no
c_yenching,b_pude,castle_holding,initial,sampled,3209,placed,1302,Yenching,no,no
c_fields_of_salt,b_tonglish,tribal_holding,initial,capital_position,39980,placed,1395,Fields of Salt,yes,no
c_lo_tu,b_lo_tu,castle_holding,initial,capital_position,15114,placed,810,Lo Tu,yes,no
c_lo_tu,b_zoachong,city_holding,initial,port_position,9767,placed,810,Lo Tu,no,no
c_lo_tu,b_xumay,church_holding,initial,sampled,12834,placed,810,Lo Tu,no,no
c_ochre_hills,b_qugong,church_holding,initial,capital_position,34689,placed,1303,Ochre Hills,yes,no
c_sorghum_fields,b_lo_pan,castle_holding,initial,capital_position,28921,placed,1304,Sorghum Fields,yes,no
c_sorghum_fields,b_xinhai,city_holding,initial,port_position,9095,placed,1304,Sorghum Fields,no,no
c_jade_gate,b_jade_gate,castle_holding,initial,capital_position,7972,placed,1337,Jade Gate,yes,no
c_jade_gate,b_panchun,city_holding,initial,port_position,3920,placed,1337,Jade Gate,no,no
c_shanshu,b_shanshu,castle_holding,initial,capital_position,45903,placed,1305,Shanshu,yes,no
c_shanshu,b_xuanchai,city_holding,initial,port_position,18430,placed,1305,Shanshu,no,no
c_suzhai,b_suzhai,castle_holding,initial,capital_position,29010,placed,1346,Suzhai,yes,no
c_zoahua,b_zoahua,castle_holding,initial,capital_position,29952,placed,1307,Zoahua,yes,no
c_zoahua,b_jiaoyang,city_holding,initial,port_position,14644,placed,1307,Zoahua,no,no
c_minlow,b_minlow,castle_holding,initial,capital_position,5528,placed,2484,Minlow,yes,no
c_minlow,b_tangqihar,city_holding,initial,port_position,3464,placed,2484,Minlow,no,no
c_minlow,b_edgeforest,church_holding,initial,sampled,3024,placed,2484,Minlow,no,no
c_guihar,b_guihar,tribal_holding,initial,capital_position,24195,placed,2479,Guihar,yes,no
c_east_rendai,b_yuanqihar,castle_holding,initial,capital_position,17504,placed,2332,East Rendai,yes,no
c_east_rendai,b_shanshan,city_holding,initial,port_position,10387,placed,2332,East Rendai,no,no
c_east_rendai,b_tengcheng,church_holding,initial,sampled,8372,placed,2332,East Rendai,no,no
c_middle_rendai,b_shengyi,tribal_holding,initial,capital_position,25941,placed,1139,Middle Rendai,yes,no
c_west_rendai,b_tongwei,tribal_holding,initial,capital_position,38507,placed,1306,West Rendai,yes,no
c_zhoman,b_zhoman,tribal_holding,initial,capital_position,35406,placed,1772,Zhoman,yes,no
c_seikung,b_seikung,castle_holding,initial,capital_position,3387,placed,1373,Seikung,yes,no
c_seikung,b_mianxiang,city_holding,initial,port_position,4504,placed,1373,Seikung,no,no
c_seikung,b_shizuiguan,church_holding,initial,sampled,3745,placed,1373,Seikung,no,no
c_seikung,b_meiyuan,castle_holding,initial,sampled,4664,placed,1373,Seikung,no,no
c_akshu,b_akshu,castle_holding,initial,capital_position,14578,placed,1372,Akshu,yes,no
c_akshu,b_mudanxing,city_holding,initial,port_position,4559,placed,1372,Akshu,no,no
c_akshu,b_qingmay,church_holding,initial,sampled,6621,placed,1372,Akshu,no,no
c_feifeng,b_feifeng,castle_holding,initial,capital_position,6257,placed,1374,Feifeng,yes,no
c_feifeng,b_itu,city_holding,initial,port_position,4346,placed,1374,Feifeng,no,no
c_herders_crook,b_po,castle_holding,initial,capital_position,12074,placed,1375,Herders Crook,yes,no
c_herders_crook,b_tanggong,city_holding,initial,port_position,13205,placed,1375,Herders Crook,no,no
c_atai,b_atai,tribal_holding,initial,capital_position,24730,placed,1376,Atai,yes,no
c_halu,b_guizen,tribal_holding,initial,capital_position,27175,placed,1377,Halu,yes,no
c_shou_kuan,b_shou_kuan,castle_holding,initial,capital_position,8776,placed,1383,Shou Kuan,yes,no
c_shou_kuan,b_xinging,city_holding,initial,port_position,6731,placed,1383,Shou Kuan,no,no
c_shou_kuan,b_xutou,church_holding,initial,sampled,7330,placed,1383,Shou Kuan,no,no
c_wellspring_hills,b_beijiangm,tribal_holding,initial,capital_position,35873,placed,1394,Wellspring Hills,yes,no
c_xuheing,b_xuheing,castle_holding,initial,capital_position,18985,placed,1768,Xuheing,yes,no
c_kuan_road,b_taicheng,castle_holding,initial,capital_position,6195,placed,2213,Kuan Road,yes,no
c_kuan_road,b_nangong,city_holding,initial,port_position,6385,placed,2213,Kuan Road,no,no
c_kuan_road,b_mudanramay,church_holding,initial,sampled,5563,placed,2213,Kuan Road,no,no
c_quchang,b_quchang,tribal_holding,initial,capital_position,36431,placed,2480,Quchang,yes,no
c_zoajing,b_zoajing,castle_holding,initial,capital_position,22923,placed,2482,Zoajing,yes,no
c_zoajing,b_guirao,city_holding,initial,port_position,6810,placed,2482,Zoajing,no,no
c_zoajing,b_shangxing,church_holding,initial,sampled,7144,placed,2482,Zoajing,no,no
c_hengfena,b_hengfena,tribal_holding,initial,capital_position,20276,placed,1767,Hengfena,yes,no
c_chaikou_hills,b_chaikou,tribal_holding,initial,capital_position,28345,placed,1393,Chaikou Hills,yes,no
c_fertile_moon,b_meiliang,tribal_holding,initial,capital_position,30751,placed,1392,Fertile Moon,yes,no
c_tongchun,b_tongchun,castle_holding,initial,capital_position,11724,placed,2481,Tongchun,yes,no
c_tongchun,b_shizuitong,church_holding,initial,sampled,7147,placed,2481,Tongchun,no,no
c_tongchun,b_shizuiliang,city_holding,initial,port_position,11570,placed,2481,Tongchun,no,no
c_toming,b_toming,castle_holding,initial,capital_position,17374,placed,1363,ToMing,yes,no
c_toming,b_guusai,city_holding,initial,port_position,3981,placed,1363,ToMing,no,no
c_toming,b_jiangjin,church_holding,initial,sampled,6625,placed,1363,ToMing,no,no
c_mishan,b_mishan,castle_holding,initial,capital_position,14964,placed,1367,Mishan,yes,no
c_mishan,b_hangping,city_holding,initial,port_position,9945,placed,1367,Mishan,no,no
c_laiwei,b_laiwei,castle_holding,initial,capital_position,12891,placed,1379,Laiwei,yes,no
c_laiwei,b_jiangyi,city_holding,initial,port_position,4598,placed,1379,Laiwei,no,no
c_naon,b_naon,castle_holding,initial,capital_position,22282,placed,1770,Naon,yes,no
c_shangtao,b_shangtao,castle_holding,initial,capital_position,6490,placed,2483,Shangtao,yes,no
c_shangtao,b_qindong,city_holding,initial,port_position,2766,placed,2483,Shangtao,no,no
c_shihfang,b_shihfang,castle_holding,initial,capital_position,17618,placed,1310,Shihfang,yes,no
c_shihfang,b_zhongzhou,city_holding,initial,port_position,9915,placed,1310,Shihfang,no,no
c_huai,b_huai,castle_holding,initial,capital_position,23757,placed,1769,Huai,yes,no
c_tapenga,b_tapenga,castle_holding,initial,capital_position,15099,placed,1312,Tapenga,yes,no
c_tapenga,b_guangqiu,city_holding,initial,port_position,6854,placed,1312,Tapenga,no,no
c_tapenga,b_suchun,church_holding,initial,sampled,6091,placed,1312,Tapenga,no,no
c_nanxun,b_nanxun,castle_holding,initial,capital_position,27812,placed,1311,Nanxun,yes,no
c_nanxun,b_yueh,city_holding,initial,port_position,12473,placed,1311,Nanxun,no,no
c_sky_fields,b_jiaoguan,castle_holding,initial,capital_position,12056,placed,1309,Sky Fields,yes,no
c_sky_fields,b_sharbei,city_holding,initial,port_position,6014,placed,1309,Sky Fields,no,no
c_sky_fields,b_changzhou,church_holding,initial,sampled,6488,placed,1309,Sky Fields,no,no
c_yellow_serpent,b_jingong,castle_holding,initial,capital_position,12606,placed,815,Yellow Serpent,yes,no
c_qinyi,b_qinyi,castle_holding,initial,capital_position,18748,placed,1766,Qinyi,yes,no
c_hame,b_hame,castle_holding,initial,capital_position,26374,placed,1765,Hame,yes,no
c_chao_yang,b_chao_yang,castle_holding,initial,capital_position,12330,placed,1343,Chao Yang,yes,no
c_chao_yang,b_yincha,city_holding,initial,port_position,15702,placed,1343,Chao Yang,no,no
c_chao_yang,b_jiaxian,church_holding,initial,sampled,10462,placed,1343,Chao Yang,no,no
c_west_road,b_qingliang,castle_holding,initial,capital_position,26476,placed,1308,West Road,yes,no
c_west_road,b_guangtou,city_holding,initial,port_position,12201,placed,1308,West Road,no,no
c_loulan,b_loulan,castle_holding,initial,capital_position,18169,placed,1345,Loulan,yes,no
c_loulan,b_putai,city_holding,initial,port_position,8114,placed,1345,Loulan,no,no
c_loulan,b_suizhou,church_holding,initial,sampled,9176,placed,1345,Loulan,no,no
c_taotie,b_jinchou,castle_holding,initial,capital_position,20060,placed,1382,Taotie,yes,no
c_taotie,b_guanghai,city_holding,initial,port_position,8544,placed,1382,Taotie,no,no
c_fukiow,b_fukiow,castle_holding,initial,capital_position,13683,placed,1381,Fukiow,yes,no
c_fukiow,b_donggyi,city_holding,initial,port_position,10354,placed,1381,Fukiow,no,no
c_kuo_meilan,b_kuo_meilan,castle_holding,initial,capital_position,27976,placed,1695,Kuo Meilan,yes,no
c_delliun,b_delliun,castle_holding,initial,capital_position,21641,placed,2346,Delliun,yes,no
c_delliun,b_pingliang,church_holding,initial,sampled,5195,placed,2346,Delliun,no,no
c_delliun,b_darkvale,city_holding,initial,port_position,6198,placed,2346,Delliun,no,no
c_generals_stand,b_ermani,tribal_holding,initial,capital_position,8411,placed,1313,Generals Stand,yes,no
c_kuang_chu_road,b_zhouramay,castle_holding,initial,capital_position,27292,placed,1344,Kuang Chu Road,yes,no
c_kuang_chu_road,b_shanchun,city_holding,initial,port_position,8065,placed,1344,Kuang Chu Road,no,no
c_kangste,b_kangste,castle_holding,initial,capital_position,34290,placed,1378,Kangste,yes,no
c_kangste,b_anzhoun,city_holding,initial,port_position,11887,placed,1378,Kangste,no,no
c_qudao,b_qudao,tribal_holding,initial,capital_position,29375,placed,1315,Qudao,yes,no
c_kai_shan,b_kai_shan,city_holding,initial,capital_position,5412,placed,1364,Kai Shan,yes,no
c_kai_shan,b_qinggong,castle_holding,initial,sampled,5223,placed,1364,Kai Shan,no,no
c_kai_shan,b_donghua,church_holding,initial,sampled,4004,placed,1364,Kai Shan,no,no
c_kai_shan,b_guijiang,city_holding,initial,port_position,4891,placed,1364,Kai Shan,no,no
c_kochung,b_kochung,church_holding,initial,capital_position,17015,placed,1366,KoChung,yes,no
c_kochung,b_hengwei,castle_holding,initial,sampled,11462,placed,1366,KoChung,no,no
c_weifei,b_weifei,castle_holding,initial,capital_position,6808,placed,1369,Weifei,yes,no
c_weifei,b_zhaojing,city_holding,initial,port_position,4990,placed,1369,Weifei,no,no
c_weifei,b_hengliang,church_holding,initial,sampled,6492,placed,1369,Weifei,no,no
c_white_hills,b_zhouang,castle_holding,initial,capital_position,6002,placed,1415,White Hills,yes,no
c_white_hills,b_guaoun,city_holding,initial,port_position,4620,placed,1415,White Hills,no,no
c_white_hills,b_shutong,church_holding,initial,sampled,5756,placed,1415,White Hills,no,no
c_yao_sai,b_yao_sai,castle_holding,initial,capital_position,16694,placed,1365,Yao Sai,yes,no
c_yao_sai,b_baohou,city_holding,initial,port_position,9389,placed,1365,Yao Sai,no,no
c_wang,b_wang,castle_holding,initial,capital_position,11865,placed,1368,Wang,yes,no
c_wang,b_qinshu,city_holding,initial,port_position,7477,placed,1368,Wang,no,no
c_meinan,b_meinan,castle_holding,initial,capital_position,13610,placed,1771,Meinan,yes,no
c_changdao,b_changdao,tribal_holding,initial,capital_position,12631,placed,2485,Changdao,yes,no
c_forests_edge,b_jianggong,tribal_holding,initial,capital_position,23340,placed,2486,Forests Edge,yes,no
c_taishan,b_taishan,castle_holding,initial,capital_position,12685,placed,1370,Taishan,yes,no
c_taishan,b_nanxing,city_holding,initial,port_position,8495,placed,1370,Taishan,no,no
c_saigai,b_saigai,church_holding,initial,capital_position,6128,placed,1371,Saigai,yes,no
c_saigai,b_tenghai,castle_holding,initial,sampled,4790,placed,1371,Saigai,no,no
c_saigai,b_hunhai,church_holding,initial,sampled,4816,placed,1371,Saigai,no,no
c_kourmira,b_kourmira,tribal_holding,initial,capital_position,5583,placed,905,Kourmira,yes,no
c_kourmira,b_balenulalik,city_holding,1367.1.1,port_position,5410,placed,905,Kourmira,no,yes
c_kourmira,b_tenji,church_holding,1420.1.1,sampled,6264,placed,905,Kourmira,no,yes
c_kourmira,b_nanshark,castle_holding,1470.1.1,sampled,4526,placed,905,Kourmira,no,yes
c_banlm,b_banlm,tribal_holding,initial,capital_position,25250,placed,904,Banlm,yes,no
c_banlm,b_sago,city_holding,1450.1.1,port_position,11928,placed,904,Banlm,no,yes
c_winterkeep,b_winterkeep,castle_holding,initial,capital_position,24835,placed,903,Winterkeep,yes,no
c_seshano,b_seshano,tribal_holding,initial,capital_position,8334,placed,1787,Seshano,yes,no
c_teri,b_teri,tribal_holding,initial,capital_position,39312,placed,894,Teri,yes,no
c_qorkh,b_qorkh,tribal_holding,initial,capital_position,16385,placed,897,Qorkh,yes,no
c_tuma,b_tuma,tribal_holding,initial,capital_position,14570,placed,895,Tuma,yes,no
c_daynk,b_daynk,tribal_holding,initial,capital_position,22629,placed,896,Daynk,yes,no
c_nanhu,b_nanhu,tribal_holding,initial,capital_position,34621,placed,901,Nanhu,yes,no
c_yegororyanen,b_yegororyanen,tribal_holding,initial,capital_position,21704,placed,915,Yegororyanen,yes,no
c_quaraband,b_quaraband,tribal_holding,initial,capital_position,42427,placed,899,Quaraband,yes,no
c_darakh,b_darakh,tribal_holding,initial,capital_position,29461,placed,902,Darakh,yes,no
c_darakh,b_taynligola,city_holding,1430.1.1,port_position,14734,placed,902,Darakh,no,yes
c_salira,b_salira,tribal_holding,initial,capital_position,26645,placed,900,Salira,yes,no
c_salira,b_natangoj,city_holding,1470.1.1,port_position,9561,placed,900,Salira,no,yes
c_vral,b_vral,tribal_holding,initial,capital_position,31160,placed,1776,Vral,yes,no
c_bukhouk,b_bukhouk,tribal_holding,initial,capital_position,28073,placed,1779,Bukhouk,yes,no
c_kituzeelal,b_kituzeelal,tribal_holding,initial,capital_position,25146,placed,1778,Kituzeelal,yes,no
c_flowery_well,b_terva,tribal_holding,initial,capital_position,31020,placed,898,Flowery Well,yes,no
c_atoratgins,b_atoratgins,tribal_holding,initial,capital_position,26801,placed,906,Atoratgins,yes,no
c_borich,b_borich,tribal_holding,initial,capital_position,32896,placed,850,Borich,yes,no
c_iris_spring,b_saintkho,castle_holding,initial,capital_position,36006,placed,853,Iris Spring,yes,no
c_jarir,b_jarir,tribal_holding,initial,capital_position,28403,placed,852,Jarir,yes,no
c_sentinel_spire,b_fortress_of_the_old_man,church_holding,initial,capital_position,3335,placed,854,Sentinel Spire,yes,no
c_sentinel_spire,b_budaarcha,castle_holding,initial,sampled,1755,placed,854,Sentinel Spire,no,no
c_sentinel_spire,b_chintshen,church_holding,initial,sampled,1667,placed,854,Sentinel Spire,no,no
c_leopard_shan,b_leopard_shan,tribal_holding,initial,capital_position,21665,placed,826,Leopard Shan,yes,no
c_akashay,b_akashay,tribal_holding,initial,capital_position,16358,placed,933,Akashay,yes,no
c_amassa,b_amassa,tribal_holding,initial,capital_position,22073,placed,827,Amassa,yes,no
c_jelnesh,b_jelnesh,tribal_holding,initial,capital_position,16437,placed,828,Jelnesh,yes,no
c_li_raz,b_li_raz,city_holding,initial,capital_position,11018,placed,1331,Li-Raz,yes,no
c_sakh,b_sakh,tribal_holding,initial,capital_position,44548,placed,879,Sakh,yes,no
c_haxkhun,b_haxkhun,city_holding,initial,capital_position,12317,placed,1271,Haxkhun,yes,no
c_munli,b_munli,tribal_holding,initial,capital_position,27487,placed,882,Munli,yes,no
c_bariya,b_bariya,tribal_holding,initial,capital_position,27570,placed,880,Bariya,yes,no
c_tariatooroi,b_tariatooroi,tribal_holding,initial,capital_position,17241,placed,881,Tariatooroi,yes,no
c_nogoonraat,b_nogoonraat,tribal_holding,initial,capital_position,27903,placed,886,Nogoonraat,yes,no
c_bulaantaro,b_bulaantaro,tribal_holding,initial,capital_position,19919,placed,884,Bulaantaro,yes,no
c_gurvandene,b_gurvandene,tribal_holding,initial,capital_position,28815,placed,883,Gurvandene,yes,no
c_hatgiainli,b_hatgiainli,tribal_holding,initial,capital_position,22963,placed,885,Hatgiainli,yes,no
c_abarun,b_abarun,tribal_holding,initial,capital_position,25627,placed,1780,Abarun,yes,no
c_iceroot_forest,b_bura,tribal_holding,initial,capital_position,24918,placed,855,Iceroot Forest,yes,no
c_bulangalant,b_bulangalant,tribal_holding,initial,capital_position,22025,placed,857,Bulangalant,yes,no
c_shirc,b_shirc,tribal_holding,initial,capital_position,16851,placed,856,Shirc,yes,no
c_banda,b_banda,tribal_holding,initial,capital_position,46721,placed,887,Banda,yes,no
c_bitter_well,b_charig,tribal_holding,initial,capital_position,34665,placed,891,Bitter Well,yes,no
c_horseshoe_oasis,b_bogon,church_holding,initial,capital_position,57967,placed,888,Horseshoe Oasis,yes,no
c_nagoo,b_nagoo,tribal_holding,initial,capital_position,43834,placed,876,Nagoo,yes,no
c_tatanulgts,b_tatanulgts,tribal_holding,initial,capital_position,32207,placed,889,Tatanulgts,yes,no
c_ansi,b_ansi,city_holding,initial,capital_position,49755,placed,877,Ansi,yes,no
c_bara,b_bara,tribal_holding,initial,capital_position,36782,placed,893,Bara,yes,no
c_chegoyui,b_chegoyui,city_holding,initial,capital_position,17416,placed,870,Chegoyui,yes,no
c_deraiairgak,b_deraiairgak,tribal_holding,initial,capital_position,51473,placed,878,Deraiairgak,yes,no
c_pigeon_rock,b_taria,tribal_holding,initial,capital_position,29304,placed,892,Pigeon Rock,yes,no
c_jugicha,b_jugicha,city_holding,initial,capital_position,11960,placed,1334,Jugicha,yes,no
c_quaraqand,b_quaraqand,city_holding,initial,capital_position,18838,placed,1272,Quaraqand,yes,no
c_thunder_hills,b_zoachang,tribal_holding,initial,capital_position,34847,placed,1380,Thunder Hills,yes,no
c_kwachow,b_kwachow,castle_holding,initial,capital_position,6131,placed,1317,Kwachow,yes,no
c_nagai_terrace,b_nagai,tribal_holding,initial,capital_position,11154,placed,1318,Nagai Terrace,yes,no
c_taikho_gaze,b_taikho,tribal_holding,initial,capital_position,23063,placed,1316,Taikho Gaze,yes,no
c_yohun_fields,b_yohun,tribal_holding,initial,capital_position,4763,placed,1319,Yohun Fields,yes,no
c_hulan,b_hulan,tribal_holding,initial,capital_position,22976,placed,1314,Hulan,yes,no
c_banai,b_banai,tribal_holding,initial,capital_position,30841,placed,1279,Banai,yes,no
c_ondene,b_ondene,tribal_holding,initial,capital_position,20978,placed,1335,Ondene,yes,no
c_xair,b_xair,tribal_holding,initial,capital_position,34583,placed,1336,Xair,yes,no
c_chan_liu_shui,b_chan_liu_shui,tribal_holding,initial,capital_position,30607,placed,868,Chan-Liu-Shui,yes,no
c_bakhuk,b_bakhuk,tribal_holding,initial,capital_position,44845,placed,869,Bakhuk,yes,no
c_mata,b_mata_bol,tribal_holding,initial,capital_position,32403,placed,862,Mata,yes,no
c_ni_ko,b_ni_ko,tribal_holding,initial,capital_position,22512,placed,859,Ni-Ko,yes,no
c_tonli,b_tonli,tribal_holding,initial,capital_position,30321,placed,867,Tonli,yes,no
c_burich,b_burich,tribal_holding,initial,capital_position,12325,placed,861,Burich,yes,no
c_bisoturi,b_bisoturi,tribal_holding,initial,capital_position,19256,placed,865,Bisoturi,yes,no
c_khol,b_khol,tribal_holding,initial,capital_position,18903,placed,863,Khol,yes,no
c_qantun,b_qantun,tribal_holding,initial,capital_position,29754,placed,864,Qantun,yes,no
c_gukh,b_gukh,castle_holding,initial,capital_position,14786,placed,860,Gukh,yes,no
c_noondai,b_noondai,castle_holding,initial,capital_position,18221,placed,911,Noondai,yes,no
c_umberwood,b_byog,castle_holding,initial,capital_position,15415,placed,858,Umberwood,yes,no
c_bahat,b_bahat,castle_holding,initial,capital_position,15550,placed,1783,Bahat,yes,no
c_the_great_spire,b_treley,castle_holding,initial,capital_position,952,placed,2307,The Great Spire,yes,no
c_tungtairira,b_tungtairira,tribal_holding,initial,capital_position,24242,placed,871,Tungtairira,yes,no
c_bunshin,b_bunshin,tribal_holding,initial,capital_position,38127,placed,873,Bunshin,yes,no
c_kholassa,b_kholassa,tribal_holding,initial,capital_position,31164,placed,872,Kholassa,yes,no
c_shota,b_shota,tribal_holding,initial,capital_position,16190,placed,875,Shota,yes,no
c_lajang,b_lajang,castle_holding,initial,capital_position,12895,placed,1277,Lajang,yes,no
c_kuning,b_simbilan,tribal_holding,initial,capital_position,24295,placed,1322,Kuning,yes,no
c_aval,b_potong,tribal_holding,initial,capital_position,15657,placed,1762,Aval,yes,no
c_muara,b_muara,castle_holding,initial,capital_position,10399,placed,1285,Muara,yes,no
c_jakadiri,b_thapadan,tribal_holding,initial,capital_position,22042,placed,2488,Jakadiri,yes,no
c_panjang_river,b_kanori,tribal_holding,initial,capital_position,23499,placed,2487,Panjang River,yes,no
c_detar_land,b_saridang,tribal_holding,initial,capital_position,15624,placed,2489,Detar Land,yes,no
c_chulacca,b_barit,tribal_holding,initial,capital_position,19055,placed,2490,Chulacca,yes,no
c_lunru,b_tapakgan,tribal_holding,initial,capital_position,24546,placed,2491,Lunru,yes,no
c_hernes_wood,b_funashi,castle_holding,initial,capital_position,19325,placed,1167,Hernes Wood,yes,no
c_anktarina,b_anktarina,tribal_holding,initial,capital_position,34311,placed,1190,Anktarina,yes,no
c_upper_sempadan,b_amithiph,castle_holding,initial,capital_position,30394,placed,1761,Upper Sempadan,yes,no
c_tshalkha,b_tshalkha,castle_holding,initial,capital_position,21682,placed,1170,Tshalkha,yes,no
c_senia_plateau,b_senia,tribal_holding,initial,capital_position,7070,placed,2331,Senia Plateau,yes,no
c_jhalolokati,b_jhalolokati,tribal_holding,initial,capital_position,32463,placed,1168,Jhalolokati,yes,no
c_segaran_swamp,b_adapra,castle_holding,initial,capital_position,20071,placed,1166,Segaran Swamp,yes,no
c_odesh,b_battachi,castle_holding,initial,capital_position,35831,placed,1169,Odesh,yes,no
c_bukitega,b_bukitega,tribal_holding,initial,capital_position,24426,placed,1520,Bukitega,yes,no
c_narodara,b_narodara,tribal_holding,initial,capital_position,13517,placed,1519,Narodara,yes,no
c_silapathar,b_silapathar,tribal_holding,initial,capital_position,23865,placed,1389,Silapathar,yes,no
c_narari,b_narari,tribal_holding,initial,capital_position,13792,placed,1390,Narari,yes,no
c_limjung,b_limjung,tribal_holding,initial,capital_position,11757,placed,1512,Limjung,yes,no
c_jeranjah,b_jeranjah,tribal_holding,initial,capital_position,13478,placed,1511,Jeranjah,yes,no
c_samphos,b_samphos,tribal_holding,initial,capital_position,10429,placed,1510,Samphos,yes,no
c_tayabuk,b_tayabuk,tribal_holding,initial,capital_position,17496,placed,1518,Tayabuk,yes,no
c_nathenje,b_nathenje,tribal_holding,initial,capital_position,12867,placed,1517,Nathenje,yes,no
c_kajiaruti,b_kajiaruti,tribal_holding,initial,capital_position,7189,placed,1505,Kajiaruti,yes,no
c_hudariyah,b_hudariyah,tribal_holding,initial,capital_position,5406,placed,1506,Hudariyah,yes,no
c_sigram,b_sigram,tribal_holding,initial,capital_position,7501,placed,1508,Sigram,yes,no
c_al_hanieh,b_al_hanieh,castle_holding,initial,capital_position,15359,placed,1504,al-Hanieh,yes,no
c_giniracha,b_giniracha,tribal_holding,initial,capital_position,4849,placed,1507,Giniracha,yes,no
c_nawal,b_nawal,tribal_holding,initial,capital_position,9123,placed,1514,Nawal,yes,no
c_tadabbur,b_tadabbur,tribal_holding,initial,capital_position,2338,placed,1513,Tadabbur,yes,no
c_tadabbur,b_al_hamidiyah,castle_holding,1370.1.1,sampled,2245,placed,1513,Tadabbur,no,yes
c_tadabbur,b_ronralal,city_holding,1371.6.1,port_position,2993,placed,1513,Tadabbur,no,yes
c_gimise,b_gimise,tribal_holding,initial,capital_position,11818,placed,1515,Gimise,yes,no
c_qanadad,b_qanadad,tribal_holding,initial,capital_position,13164,placed,1516,Qanadad,yes,no
c_sariban,b_sariban,tribal_holding,initial,capital_position,9683,placed,1509,Sariban,yes,no
c_huzuz,b_huzuz,castle_holding,initial,capital_position,1212,placed,1467,Huzuz,yes,no
c_huzuz,b_marirah,city_holding,initial,port_position,0,demoted,1467,Huzuz,no,no
c_huzuz,b_gamremah,church_holding,initial,sampled,1332,placed,1467,Huzuz,no,no
c_huzuz,b_sadabad,castle_holding,initial,sampled,1150,placed,1467,Huzuz,no,no
c_magrib,b_magrib,castle_holding,initial,capital_position,1287,placed,1557,Magrib,yes,no
c_magrib,b_jeral,city_holding,initial,port_position,1957,placed,1557,Magrib,no,no
c_magrib,b_bareel,church_holding,initial,sampled,1439,placed,1557,Magrib,no,no
c_saraq,b_saraq,castle_holding,initial,capital_position,1054,placed,1468,Saraq,yes,no
c_saraq,b_mahan,city_holding,initial,port_position,771,placed,1468,Saraq,no,no
c_saraq,b_dirhan,church_holding,initial,sampled,935,placed,1468,Saraq,no,no
c_zayir,b_zayir,castle_holding,initial,capital_position,3824,placed,1469,Zayir,yes,no
c_zayir,b_farwuraq,city_holding,initial,port_position,1972,placed,1469,Zayir,no,no
c_al_sarif,b_wadurah,tribal_holding,initial,capital_position,6936,placed,1466,al-Sarif,yes,no
c_halwa,b_halwa,castle_holding,initial,capital_position,2612,placed,1464,Halwa,yes,no
c_halwa,b_qurtai,city_holding,initial,port_position,2097,placed,1464,Halwa,no,no
c_halwa,b_shinuraiq,church_holding,initial,sampled,1283,placed,1464,Halwa,no,no
c_zarif,b_zarif,castle_holding,initial,capital_position,2294,placed,1465,Zarif,yes,no
c_zarif,b_rawdat_thematah,city_holding,initial,port_position,2277,placed,1465,Zarif,no,no
c_zarif,b_shahaid,church_holding,initial,sampled,2935,placed,1465,Zarif,no,no
c_al_malih,b_sadul,castle_holding,initial,capital_position,4152,placed,1463,al-Malih,yes,no
c_al_malih,b_arehla,city_holding,initial,port_position,2707,placed,1463,al-Malih,no,no
c_golden_falcon,b_fereej_al_amail,tribal_holding,initial,capital_position,9458,placed,1458,Golden Falcon,yes,no
c_wasat,b_wasat,castle_holding,initial,capital_position,1014,placed,1461,Wasat,yes,no
c_wasat,b_wusan,city_holding,initial,port_position,1120,placed,1461,Wasat,no,no
c_wasat,b_huwaga,church_holding,initial,sampled,1192,placed,1461,Wasat,no,no
c_wasat,b_qalat,castle_holding,initial,sampled,1135,placed,1461,Wasat,no,no
c_hayyir,b_hayyir,castle_holding,initial,capital_position,1663,placed,1460,Hayyir,yes,no
c_hayyir,b_busaib,city_holding,initial,port_position,1695,placed,1460,Hayyir,no,no
c_hayyir,b_jahrarak,church_holding,initial,sampled,1974,placed,1460,Hayyir,no,no
c_hayyir,b_winalus,castle_holding,initial,sampled,1636,placed,1460,Hayyir,no,no
c_al_nuziyyah,b_al_nuziyyah,castle_holding,initial,capital_position,2143,placed,1556,al-Nuziyyah,yes,no
c_al_nuziyyah,b_suwut,city_holding,initial,port_position,1629,placed,1556,al-Nuziyyah,no,no
c_jibal_al_taif,b_haimaq,tribal_holding,initial,capital_position,10408,placed,1459,Jibal al-Taif,yes,no
c_zill,b_zill,castle_holding,initial,capital_position,3148,placed,1462,Zill,yes,no
c_zill,b_abrura,city_holding,initial,port_position,1651,placed,1462,Zill,no,no
c_shakham,b_shakham,castle_holding,initial,capital_position,5479,placed,1455,Shakham,yes,no
c_shakham,b_wubufi,church_holding,initial,sampled,4066,placed,1455,Shakham,no,no
c_hiyal,b_hiyal,castle_holding,initial,capital_position,788,placed,1453,Hiyal,yes,no
c_hiyal,b_jurdaiya,city_holding,initial,port_position,614,placed,1453,Hiyal,no,no
c_hiyal,b_hamuwa,church_holding,initial,sampled,1386,placed,1453,Hiyal,no,no
c_hiyal,b_sabus,church_holding,initial,sampled,1182,placed,1453,Hiyal,no,no
c_aib,b_aib,castle_holding,initial,capital_position,1731,placed,1555,Aib,yes,no
c_aib,b_abu_azada,city_holding,initial,port_position,1499,placed,1555,Aib,no,no
c_aib,b_maraj,church_holding,initial,sampled,1442,placed,1555,Aib,no,no
c_karzuwa,b_karzuwa,tribal_holding,initial,capital_position,3130,placed,1554,Karzuwa,yes,no
c_al_wahl,b_budiya,castle_holding,initial,capital_position,4014,placed,1452,al-Wahl,yes,no
c_al_wahl,b_halura,city_holding,initial,port_position,2713,placed,1452,al-Wahl,no,no
c_dubegat,b_dubegat,castle_holding,initial,capital_position,8428,placed,1454,Dubegat,yes,no
c_itiraf,b_itiraf,castle_holding,initial,capital_position,1072,placed,1477,Itiraf,yes,no
c_itiraf,b_samaybi,church_holding,initial,sampled,1594,placed,1477,Itiraf,no,no
c_itiraf,b_umm_kulaf,city_holding,initial,port_position,1028,placed,1477,Itiraf,no,no
c_itiraf,b_badais,church_holding,initial,sampled,1706,placed,1477,Itiraf,no,no
c_fahhas,b_fahhas,castle_holding,initial,capital_position,1358,placed,1474,Fahhas,yes,no
c_fahhas,b_sabam,city_holding,initial,port_position,883,placed,1474,Fahhas,no,no
c_fahhas,b_shamai,church_holding,initial,sampled,1508,placed,1474,Fahhas,no,no
c_hahami,b_hahami,castle_holding,initial,capital_position,3354,placed,1591,Hahami,yes,no
c_hahami,b_hazar,city_holding,initial,port_position,1520,placed,1591,Hahami,no,no
c_dakan,b_dakan,castle_holding,initial,capital_position,2445,placed,1473,Dakan,yes,no
c_dakan,b_hamail,church_holding,initial,sampled,1202,placed,1473,Dakan,no,no
c_burj,b_burj,castle_holding,initial,capital_position,2977,placed,1479,Burj,yes,no
c_burj,b_bahlalah,city_holding,initial,port_position,1712,placed,1479,Burj,no,no
c_burj,b_shaga,church_holding,initial,sampled,1967,placed,1479,Burj,no,no
c_fanus,b_fanus,castle_holding,initial,capital_position,2260,placed,1482,Fanus,yes,no
c_fanus,b_haralus,city_holding,initial,port_position,3457,placed,1482,Fanus,no,no
c_hitan_island,b_sibbaqiyah,castle_holding,initial,capital_position,841,placed,1476,Hitan Island,yes,no
c_hitan_island,b_nasad,city_holding,initial,port_position,403,placed,1476,Hitan Island,no,no
c_sumuk_island,b_alarah,castle_holding,initial,capital_position,1092,placed,1475,Sumuk Island,yes,no
c_sumuk_island,b_ralahilaf,city_holding,initial,port_position,0,demoted,1475,Sumuk Island,no,no
c_risha,b_al_jarracha,tribal_holding,initial,capital_position,1665,placed,2375,Risha,yes,no
c_al_faraq_islands,b_faihakus,tribal_holding,initial,capital_position,2181,placed,1483,al-Faraq Islands,yes,no
c_mahabba,b_mahabba,castle_holding,initial,capital_position,2045,placed,1480,Mahabba,yes,no
c_mahabba,b_hamz_al_jasrail,city_holding,initial,port_position,1571,placed,1480,Mahabba,no,no
c_mahabba,b_khaligat,church_holding,initial,sampled,1263,placed,1480,Mahabba,no,no
c_mahabba,b_mirbifi,city_holding,initial,sampled,1740,placed,1480,Mahabba,no,no
c_hudid,b_hudid,castle_holding,initial,capital_position,1093,placed,1481,Hudid,yes,no
c_hudid,b_araitan,city_holding,initial,port_position,578,placed,1481,Hudid,no,no
c_hudid,b_hususan,church_holding,initial,sampled,1668,placed,1481,Hudid,no,no
c_hudid,b_nuzheem,castle_holding,initial,sampled,1379,placed,1481,Hudid,no,no
c_al_munamma,b_biduraq,castle_holding,initial,capital_position,4133,placed,1478,al-Munamma,yes,no
c_al_munamma,b_umm_salal_barata,church_holding,initial,sampled,2103,placed,1478,al-Munamma,no,no
c_al_harmah,b_al_harmah,tribal_holding,initial,capital_position,4054,placed,1484,al-Harmah,yes,no
c_al_harmah,b_tetari,city_holding,initial,port_position,1349,placed,1484,al-Harmah,no,no
c_hilm,b_hilm,castle_holding,initial,capital_position,2201,placed,1471,Hilm,yes,no
c_hilm,b_zarwuya,city_holding,initial,port_position,1564,placed,1471,Hilm,no,no
c_hilm,b_raleem,church_holding,initial,sampled,2353,placed,1471,Hilm,no,no
c_hilm,b_as_bidbiyat,church_holding,initial,sampled,1772,placed,1471,Hilm,no,no
c_talab,b_talab,castle_holding,initial,capital_position,4353,placed,1472,Talab,yes,no
c_talab,b_jurdabis,city_holding,initial,port_position,3265,placed,1472,Talab,no,no
c_talab,b_zabrila,church_holding,initial,sampled,2739,placed,1472,Talab,no,no
c_fujegat,b_fujegat,castle_holding,initial,capital_position,3386,placed,1470,Fujegat,yes,no
c_fujegat,b_banad,church_holding,initial,sampled,1571,placed,1470,Fujegat,no,no
c_qudra,b_qudra,castle_holding,initial,capital_position,759,placed,1396,Qudra,yes,no
c_qudra,b_hamsaad,city_holding,initial,port_position,759,placed,1396,Qudra,no,no
c_qudra,b_jawfah,church_holding,initial,sampled,866,placed,1396,Qudra,no,no
c_qudra,b_ain_smafarik,castle_holding,initial,sampled,696,placed,1396,Qudra,no,no
c_liham,b_liham,castle_holding,initial,capital_position,3128,placed,1338,Liham,yes,no
c_liham,b_al_sari,city_holding,initial,port_position,2539,placed,1338,Liham,no,no
c_liham,b_umm_rahud,church_holding,initial,sampled,1922,placed,1338,Liham,no,no
c_liham,b_rabali,castle_holding,initial,sampled,2682,placed,1338,Liham,no,no
c_al_faddi,b_el_khrouled,tribal_holding,initial,capital_position,22266,placed,1400,al-Faddi,yes,no
c_taliat,b_taliat,castle_holding,initial,capital_position,1347,placed,1397,Taliat,yes,no
c_taliat,b_omidihreza,city_holding,initial,port_position,1608,placed,1397,Taliat,no,no
c_taliat,b_salmaqqah,church_holding,initial,sampled,1622,placed,1397,Taliat,no,no
c_taliat,b_qatimis,castle_holding,initial,sampled,1634,placed,1397,Taliat,no,no
c_adhal,b_adhal,castle_holding,initial,capital_position,4253,placed,1398,Adhal,yes,no
c_adhal,b_yagrah,city_holding,initial,port_position,1418,placed,1398,Adhal,no,no
c_kaslaib,b_kaslaib,tribal_holding,initial,capital_position,6345,placed,2170,Kaslaib,yes,no
c_zuwaruk,b_zuwaruk,castle_holding,initial,capital_position,6855,placed,1450,Zuwaruk,yes,no
c_rago,b_rago,castle_holding,initial,capital_position,2805,placed,1451,Rago,yes,no
c_malualti,b_malualti,tribal_holding,initial,capital_position,3858,placed,1553,Malualti,yes,no
c_mina,b_mina,castle_holding,initial,capital_position,3577,placed,1399,Mina,yes,no
c_mina,b_muyar,city_holding,initial,port_position,1786,placed,1399,Mina,no,no
c_mina,b_gokorhisar,church_holding,initial,sampled,1939,placed,1399,Mina,no,no
c_lizards_tongue_pass,b_goulous,tribal_holding,initial,capital_position,4301,placed,1536,Lizards Tongue Pass,yes,no
c_nouarada,b_nouarada,tribal_holding,initial,capital_position,7495,placed,1537,Nouarada,yes,no
c_krak_al_niraan,b_krak_al_niraan,castle_holding,initial,capital_position,13782,placed,1347,Krak al-Niraan,yes,no
c_krak_al_niraan,b_ghaliha,city_holding,initial,port_position,5648,placed,1347,Krak al-Niraan,no,no
c_sokkar,b_sokkar,castle_holding,initial,capital_position,15413,placed,1349,Sokkar,yes,no
c_taham,b_taham,castle_holding,initial,capital_position,11907,placed,1352,Taham,yes,no
c_taham,b_al_qufag,city_holding,initial,port_position,10100,placed,1352,Taham,no,no
c_genies_garden,b_genies_garden,tribal_holding,initial,capital_position,29377,placed,1273,Genies Garden,yes,no
c_ubar,b_ubar,castle_holding,initial,capital_position,4253,placed,2125,Ubar,yes,no
c_ubar,b_baqarm,city_holding,initial,port_position,6228,placed,2125,Ubar,no,no
c_ubar,b_akhmedo,church_holding,initial,sampled,4183,placed,2125,Ubar,no,no
c_midnight_waters,b_midnight_waters,tribal_holding,initial,capital_position,24578,placed,2126,Midnight Waters,yes,no
c_krak_al_mazhar,b_krak_al_mazhar,castle_holding,initial,capital_position,11909,placed,2123,Krak-al-Mazhar,yes,no
c_moradask,b_moradask,castle_holding,initial,capital_position,1707,placed,1348,Moradask,yes,no
c_moradask,b_sugola,city_holding,1367.1.1,port_position,3907,placed,1348,Moradask,no,yes
c_sea_of_salt,b_khor_biligat,castle_holding,initial,capital_position,9993,placed,2425,Sea of Salt,yes,no
c_al_anwahr,b_al_anwahr,tribal_holding,initial,capital_position,9444,placed,953,al-Anwahr,yes,no
c_hand_of_the_sky,b_surireb,tribal_holding,initial,capital_position,20282,placed,1457,Hand of the Sky,yes,no
c_adrila,b_adrila,castle_holding,initial,capital_position,14281,placed,1456,Adrila,yes,no
c_jabal_sarahin,b_jabal_sarahin,castle_holding,initial,capital_position,10420,placed,2124,Jabal Sarahin,yes,no
c_tajar,b_tajar,castle_holding,initial,capital_position,2027,placed,1563,Tajar,yes,no
c_tajar,b_baharoud,city_holding,initial,port_position,1309,placed,1563,Tajar,no,no
c_tajar,b_miladis,church_holding,initial,sampled,921,placed,1563,Tajar,no,no
c_al_abib,b_al_suweb,tribal_holding,initial,capital_position,4870,placed,1587,al-Abib,yes,no
c_sinna,b_sinna,tribal_holding,initial,capital_position,9884,placed,2171,Sinna,yes,no
c_takeyef,b_takeyef,castle_holding,initial,capital_position,6290,placed,1562,Takeyef,yes,no
c_ar_rasumah,b_ar_rasumah,castle_holding,initial,capital_position,6725,placed,1559,Ar Rasumah,yes,no
c_gamruhan,b_gamruhan,tribal_holding,initial,capital_position,6527,placed,1558,Gamruhan,yes,no
c_telah,b_telah,tribal_holding,initial,capital_position,11158,placed,1539,Telah,yes,no
c_aman,b_aman,tribal_holding,initial,capital_position,9328,placed,1552,Aman,yes,no
c_hamid,b_hamid,tribal_holding,initial,capital_position,16946,placed,1560,Hamid,yes,no
c_jamal,b_jamal,tribal_holding,initial,capital_position,7547,placed,1561,Jamal,yes,no
c_hulm,b_hulm,tribal_holding,initial,capital_position,10607,placed,1541,Hulm,yes,no
c_raziz,b_raziz,tribal_holding,initial,capital_position,15358,placed,1551,Raziz,yes,no
c_yarrat,b_yarrat,tribal_holding,initial,capital_position,8146,placed,1550,Yarrat,yes,no
c_wakrawa,b_wakrawa,tribal_holding,initial,capital_position,15154,placed,1549,Wakrawa,yes,no
c_sadazeh,b_sadazeh,tribal_holding,initial,capital_position,15502,placed,1545,Sadazeh,yes,no
c_muluk,b_muluk,castle_holding,initial,capital_position,3806,placed,945,Muluk,yes,no
c_muluk,b_ashfah,city_holding,initial,port_position,3190,placed,945,Muluk,no,no
c_muluk,b_athuw,church_holding,initial,sampled,4428,placed,945,Muluk,no,no
c_sakina,b_talv,tribal_holding,initial,capital_position,9889,placed,947,Sakina,yes,no
c_maharas_vale,b_maharas_vale,castle_holding,initial,capital_position,7813,placed,2501,Maharas Vale,yes,no
c_qadib,b_qadib,castle_holding,initial,capital_position,6333,placed,951,Qadib,yes,no
c_qadib,b_ruwa,city_holding,initial,port_position,2524,placed,951,Qadib,no,no
c_al_haul,b_al_haul,tribal_holding,initial,capital_position,8919,placed,952,al-Haul,yes,no
c_hafaya,b_hafaya,castle_holding,initial,capital_position,1632,placed,950,Hafaya,yes,no
c_hafaya,b_yabah,city_holding,initial,port_position,2682,placed,950,Hafaya,no,no
c_hafaya,b_umm_gafago,church_holding,initial,sampled,1883,placed,950,Hafaya,no,no
c_hafaya,b_dammaydah,castle_holding,initial,sampled,1553,placed,950,Hafaya,no,no
c_al_kidr,b_rana,tribal_holding,initial,capital_position,14544,placed,959,al-Kidr,yes,no
c_utaqa,b_utaqa,castle_holding,initial,capital_position,4092,placed,954,Utaqa,yes,no
c_utaqa,b_muqdawja,city_holding,initial,port_position,3609,placed,954,Utaqa,no,no
c_utaqa,b_khaniw,church_holding,initial,sampled,4802,placed,954,Utaqa,no,no
c_jasan_pass,b_tujul,castle_holding,initial,capital_position,17860,placed,960,Jasan Pass,yes,no
c_burning_shore,b_surardaha,tribal_holding,initial,capital_position,13176,placed,1350,Burning Shore,yes,no
c_bladed_coast,b_jahaai,tribal_holding,initial,capital_position,7578,placed,948,Bladed Coast,yes,no
c_simbaya,b_simbaya,castle_holding,initial,capital_position,3799,placed,946,Simbaya,yes,no
c_simbaya,b_ghumra,city_holding,initial,port_position,6384,placed,946,Simbaya,no,no
c_umara,b_umara,castle_holding,initial,capital_position,3030,placed,949,Umara,yes,no
c_umara,b_khenlal,city_holding,initial,port_position,4612,placed,949,Umara,no,no
c_umara,b_rinina,church_holding,initial,sampled,4128,placed,949,Umara,no,no
c_mazat,b_mazat,castle_holding,initial,capital_position,7749,placed,2500,Mazat,yes,no
c_hawa,b_hawa,castle_holding,initial,capital_position,1738,placed,940,Hawa,yes,no
c_hawa,b_safe_cove,city_holding,initial,port_position,1636,placed,940,Hawa,no,no
c_hawa,b_diraraht,church_holding,initial,sampled,1721,placed,940,Hawa,no,no
c_hawa,b_tissemgara,castle_holding,initial,sampled,1427,placed,940,Hawa,no,no
c_ghajar,b_ghajar,castle_holding,initial,capital_position,6078,placed,939,Ghajar,yes,no
c_ghajar,b_muscat,city_holding,initial,port_position,2947,placed,939,Ghajar,no,no
c_the_eyes,b_al_oyun,castle_holding,initial,capital_position,1123,placed,941,The Eyes,yes,no
c_the_eyes,b_al_anf,city_holding,initial,port_position,0,demoted,941,The Eyes,no,no
c_the_eyes,b_alarara,church_holding,initial,sampled,0,demoted,941,The Eyes,no,no
c_the_eyes,b_mabb,castle_holding,initial,sampled,799,placed,941,The Eyes,no,no
c_al_azra,b_al_azra,castle_holding,initial,capital_position,2949,placed,942,al-Azra,yes,no
c_al_azra,b_khanala,city_holding,initial,port_position,1020,placed,942,al-Azra,no,no
c_al_harir,b_al_harir,castle_holding,initial,capital_position,4959,placed,943,al-Harir,yes,no
c_al_harir,b_sedfan,city_holding,initial,port_position,2761,placed,943,al-Harir,no,no
c_the_wizards_reach,b_ghadal,castle_holding,initial,capital_position,2244,placed,944,The Wizards Reach,yes,no
c_the_wizards_reach,b_kaha,city_holding,initial,port_position,909,placed,944,The Wizards Reach,no,no
c_nemoree_isles,b_nemoree_high,tribal_holding,initial,capital_position,322,placed,1218,Nemoree Isles,yes,no
c_far_nemoree,b_far_nemoree,castle_holding,initial,capital_position,358,placed,1124,Far Nemoree,yes,no
c_the_bird,b_al_tir,castle_holding,initial,capital_position,1006,placed,934,The Bird,yes,no
c_the_bird,b_quyah,city_holding,initial,port_position,652,placed,934,The Bird,no,no
c_lahib_island,b_lahib,castle_holding,initial,capital_position,790,placed,1351,Lahib Island,yes,no
c_lahib_island,b_nelat,city_holding,initial,,0,demoted,1351,Lahib Island,no,no
c_the_dancer,b_al_raqsa,castle_holding,initial,capital_position,2635,placed,935,The Dancer,yes,no
c_the_dancer,b_kerkejez,city_holding,initial,port_position,1267,placed,935,The Dancer,no,no
c_the_fortress,b_al_qalat,castle_holding,initial,capital_position,3088,placed,1339,The Fortress,yes,no
c_the_fortress,b_rouinet,city_holding,initial,port_position,2625,placed,1339,The Fortress,no,no
c_dahab_island,b_al_fujinat,tribal_holding,initial,capital_position,714,placed,1538,Dahab Island,yes,no
c_the_dune,b_beni_marqa,castle_holding,initial,capital_position,0,demoted,936,The Dune,yes,no
c_the_dune,b_jarazah,city_holding,initial,port_position,1100,placed,936,The Dune,no,no
c_the_camels_hump,b_ravenwing,castle_holding,initial,capital_position,4059,placed,938,The Camels Hump,yes,no
c_the_camels_hump,b_daramabar,city_holding,initial,port_position,1632,placed,938,The Camels Hump,no,no
c_the_chador,b_muzefroun,castle_holding,initial,capital_position,2776,placed,937,The Chador,yes,no
c_the_chador,b_as_saniyah,city_holding,initial,port_position,1454,placed,937,The Chador,no,no
c_sembabule,b_sembabule,castle_holding,initial,capital_position,12941,placed,2122,Sembabule,yes,no
c_sembabule,b_karuyaga,church_holding,initial,sampled,13885,placed,2122,Sembabule,no,no
c_zeibiley,b_zeibiley,castle_holding,initial,capital_position,2483,placed,2121,Zeibiley,yes,no
c_zeibiley,b_cyanbungo,city_holding,initial,port_position,1806,placed,2121,Zeibiley,no,no
c_zeibiley,b_byri,church_holding,initial,sampled,1726,placed,2121,Zeibiley,no,no
c_lugabi,b_lugabi,castle_holding,initial,capital_position,2962,placed,2120,Lugabi,yes,no
c_lugabi,b_nyachedo,city_holding,initial,port_position,3498,placed,2120,Lugabi,no,no
c_lugabi,b_mabansenyi,church_holding,initial,sampled,3005,placed,2120,Lugabi,no,no
c_giteyosha,b_giteyosha,castle_holding,initial,capital_position,2650,placed,2389,Giteyosha,yes,no
c_giteyosha,b_godaayacado,city_holding,initial,port_position,3073,placed,2389,Giteyosha,no,no
c_giteyosha,b_kibongari,church_holding,initial,sampled,2563,placed,2389,Giteyosha,no,no
c_kiasia,b_kiasia,castle_holding,initial,capital_position,5679,placed,2119,Kiasia,yes,no
c_kiasia,b_maligi,city_holding,initial,port_position,6322,placed,2119,Kiasia,no,no
c_kiasia,b_gisetara,church_holding,initial,sampled,5582,placed,2119,Kiasia,no,no
c_babado,b_babado,castle_holding,initial,capital_position,2393,placed,2118,Babado,yes,no
c_babado,b_lino,city_holding,initial,port_position,2587,placed,2118,Babado,no,no
c_babado,b_nyaroto,church_holding,initial,sampled,3285,placed,2118,Babado,no,no
c_mekebat,b_mekebat,castle_holding,initial,capital_position,4961,placed,2117,Mekebat,yes,no
c_mekebat,b_indole,church_holding,initial,sampled,3045,placed,2117,Mekebat,no,no
c_mekebat,b_kinana,city_holding,initial,port_position,3054,placed,2117,Mekebat,no,no
c_ndoto,b_morgala,tribal_holding,initial,capital_position,11584,placed,2372,Ndoto,yes,no
c_nyangumi,b_chalasam,castle_holding,initial,capital_position,8302,placed,2373,Nyangumi,yes,no
c_kupoteza,b_kupote,tribal_holding,initial,capital_position,10488,placed,2369,Kupoteza,yes,no
c_damu,b_emu,tribal_holding,initial,capital_position,12616,placed,2370,Damu,yes,no
c_mnyama,b_morgu,tribal_holding,initial,capital_position,20962,placed,2371,Mnyama,yes,no
c_amekufa,b_kufa,castle_holding,initial,capital_position,10402,placed,2368,Amekufa,yes,no
c_amekufa,b_amekufa,city_holding,initial,port_position,5969,placed,2368,Amekufa,no,no
c_amekufa,b_mukafa,church_holding,initial,sampled,6181,placed,2368,Amekufa,no,no
c_ardhi_kavu,b_kavu,city_holding,initial,capital_position,4499,placed,2366,Ardhi Kavu,yes,no
c_ardhi_kavu,b_luvu,castle_holding,initial,sampled,2208,placed,2366,Ardhi Kavu,no,no
c_ardhi_kavu,b_badala,church_holding,initial,sampled,0,demoted,2366,Ardhi Kavu,no,no
c_hasira,b_shasira,castle_holding,initial,capital_position,3742,placed,2367,Hasira,yes,no
c_hasira,b_kashira,city_holding,initial,port_position,3000,placed,2367,Hasira,no,no
c_hasira,b_loshina,church_holding,initial,sampled,2407,placed,2367,Hasira,no,no
c_belhancol,b_belhancol,castle_holding,initial,capital_position,6066,placed,2116,Belhancol,yes,no
c_belhancol,b_morosi,city_holding,initial,port_position,1919,placed,2116,Belhancol,no,no
c_belhancol,b_mtwabako,church_holding,initial,sampled,2853,placed,2116,Belhancol,no,no
c_moraan,b_moraan,castle_holding,initial,capital_position,3606,placed,2390,Moraan,yes,no
c_moraan,b_rini,city_holding,initial,port_position,3512,placed,2390,Moraan,no,no
c_moraan,b_babondo,church_holding,initial,sampled,4604,placed,2390,Moraan,no,no
c_wahasha,b_wanrifa,tribal_holding,initial,capital_position,2944,placed,1624,Wahasha,yes,no
c_almawt,b_marmadani,tribal_holding,initial,capital_position,7763,placed,1622,Almawt,yes,no
c_sharira,b_farahah,tribal_holding,initial,capital_position,3419,placed,1623,Sharira,yes,no
c_medina_akota,b_akota,castle_holding,initial,capital_position,2160,placed,1546,Medina Akota,yes,no
c_medina_akota,b_yawoon,city_holding,initial,port_position,1502,placed,1546,Medina Akota,no,no
c_medina_akota,b_regdaruk,church_holding,initial,sampled,2001,placed,1546,Medina Akota,no,no
c_fida,b_fida,tribal_holding,initial,capital_position,6382,placed,1547,Fida,yes,no
c_sabrasha,b_sabrasha,tribal_holding,initial,capital_position,7735,placed,1544,Sabrasha,yes,no
c_marching_camels_road,b_sumedhimiya,tribal_holding,initial,capital_position,7773,placed,1548,Marching Camels Road,yes,no
c_naqayna,b_naqayna,tribal_holding,initial,capital_position,15189,placed,1543,Naqayna,yes,no
c_teladem,b_teladem,tribal_holding,initial,capital_position,6677,placed,1542,Teladem,yes,no
c_medina_al_afyal,b_medina_al_afyal,castle_holding,initial,capital_position,1639,placed,1528,Medina al-Afyal,yes,no
c_medina_al_afyal,b_gimba,city_holding,initial,port_position,2064,placed,1528,Medina al-Afyal,no,no
c_medina_al_afyal,b_kayunhunga,church_holding,initial,sampled,3097,placed,1528,Medina al-Afyal,no,no
c_kasal,b_kasal,castle_holding,initial,capital_position,3051,placed,1527,Kasal,yes,no
c_kasal,b_lyareka,church_holding,initial,sampled,3026,placed,1527,Kasal,no,no
c_al_kurtum,b_al_kurtum,castle_holding,initial,capital_position,7948,placed,1521,al-Kurtum,yes,no
c_al_kurtum,b_bhawa,church_holding,initial,sampled,0,demoted,1521,al-Kurtum,no,no
c_bab_al_gaba,b_bab_al_gaba,castle_holding,initial,capital_position,3907,placed,1522,Bab-al-Gaba,yes,no
c_bab_al_gaba,b_gadin,city_holding,initial,port_position,3385,placed,1522,Bab-al-Gaba,no,no
c_al_asirr,b_al_asirr,castle_holding,initial,capital_position,2907,placed,1525,al-Asirr,yes,no
c_al_asirr,b_bashera,city_holding,initial,port_position,1134,placed,1525,al-Asirr,no,no
c_al_asirr,b_taxal,church_holding,initial,sampled,3527,placed,1525,al-Asirr,no,no
c_the_calves,b_the_calves,castle_holding,initial,capital_position,2758,placed,1523,The Calves,yes,no
c_nahr_al_fil,b_nahr_al_fil,castle_holding,initial,capital_position,3983,placed,1524,Nahr al-Fil,yes,no
c_nahr_al_fil,b_bahandri,city_holding,initial,port_position,4531,placed,1524,Nahr al-Fil,no,no
c_horn_of_afyal,b_horn_of_afyal,castle_holding,initial,capital_position,2861,placed,1526,Horn of Afyal,yes,no
c_horn_of_afyal,b_wazikkar,city_holding,initial,port_position,3575,placed,1526,Horn of Afyal,no,no
c_gana,b_gana,castle_holding,initial,capital_position,1522,placed,1598,Gana,yes,no
c_gana,b_kache,city_holding,initial,port_position,2316,placed,1598,Gana,no,no
c_gana,b_wad_menar,church_holding,initial,sampled,2553,placed,1598,Gana,no,no
c_krak_al_shidda,b_krak_al_shidda,tribal_holding,initial,capital_position,3051,placed,1597,Krak al-Shidda,yes,no
c_taam,b_taam,tribal_holding,initial,capital_position,7736,placed,1599,Taam,yes,no
c_sikak,b_sikak,castle_holding,initial,capital_position,1298,placed,1592,Sikak,yes,no
c_sikak,b_sahazz,city_holding,initial,port_position,2070,placed,1592,Sikak,no,no
c_sikak,b_al_tudah,church_holding,initial,sampled,2873,placed,1592,Sikak,no,no
c_turab,b_turab,castle_holding,initial,capital_position,1302,placed,1588,Turab,yes,no
c_turab,b_el_boudouaou,church_holding,initial,sampled,1496,placed,1588,Turab,no,no
c_turab,b_sralanca,church_holding,initial,sampled,2161,placed,1588,Turab,no,no
c_turab,b_al_manurah,church_holding,initial,sampled,2230,placed,1588,Turab,no,no
c_maribar_island,b_samak,castle_holding,initial,capital_position,1197,placed,1593,Maribar Island,yes,no
c_maribar_island,b_ariazel,church_holding,initial,sampled,0,demoted,1593,Maribar Island,no,no
c_jumlat,b_jumlat,castle_holding,initial,capital_position,2443,placed,1594,Jumlat,yes,no
c_jumlat,b_zaralfa,church_holding,initial,sampled,3430,placed,1594,Jumlat,no,no
c_jumlat,b_dibba_qorewah,church_holding,initial,sampled,2347,placed,1594,Jumlat,no,no
c_safaq,b_safaq,castle_holding,initial,capital_position,3346,placed,1595,Safaq,yes,no
c_safaq,b_rawdat_azizair,city_holding,initial,port_position,1179,placed,1595,Safaq,no,no
c_pearl_banks,b_durrar,castle_holding,initial,capital_position,1114,placed,1596,Pearl Banks,yes,no
c_pearl_banks,b_qadusan,church_holding,initial,sampled,0,demoted,1596,Pearl Banks,no,no
c_ajayib,b_ajayib,castle_holding,initial,capital_position,1767,placed,1605,Ajayib,yes,no
c_ajayib,b_sadabulus,city_holding,1357.1.1,port_position,1147,placed,1605,Ajayib,no,no
c_ajayib,b_buni,church_holding,1357.1.1,sampled,1246,placed,1605,Ajayib,no,no
c_ajayib,b_khamah,church_holding,1357.1.1,sampled,0,demoted,1605,Ajayib,no,no
c_araneh,b_araneh,castle_holding,initial,capital_position,2323,placed,1602,Araneh,yes,no
c_araneh,b_sabakan,church_holding,1357.1.1,sampled,3087,placed,1602,Araneh,no,no
c_intibah,b_intibah,castle_holding,initial,capital_position,3704,placed,1604,Intibah,yes,no
c_intibah,b_noubin,city_holding,initial,port_position,3050,placed,1604,Intibah,no,no
c_al_mahabanah,b_al_mahabanah,tribal_holding,initial,capital_position,4286,placed,1603,al-Mahabanah,yes,no
c_msalin,b_msalin,castle_holding,initial,capital_position,2094,placed,1600,Msalin,yes,no
c_msalin,b_ifbat,city_holding,1345.1.1,port_position,1276,placed,1600,Msalin,no,no
c_regdasaid,b_regdasaid,tribal_holding,initial,capital_position,9710,placed,1606,Regdasaid,yes,no
c_ibreb,b_ibreb,castle_holding,initial,capital_position,10093,placed,1609,Ibreb,yes,no
c_zaym,b_zaym,tribal_holding,initial,capital_position,3244,placed,1589,Zaym,yes,no
c_zaym,b_khaldun,church_holding,initial,sampled,2395,placed,1589,Zaym,no,no
c_hakim,b_hakim,tribal_holding,initial,capital_position,5620,placed,1590,Hakim,yes,no
c_murr,b_murr,tribal_holding,initial,capital_position,9076,placed,1601,Murr,yes,no
c_rogosto,b_rogosto,castle_holding,initial,capital_position,3522,placed,1496,Rogosto,yes,no
c_rogosto,b_hadirma,city_holding,initial,port_position,1140,placed,1496,Rogosto,no,no
c_rogosto,b_taleik,church_holding,initial,sampled,4405,placed,1496,Rogosto,no,no
c_yinazzil,b_yinazzil,castle_holding,initial,capital_position,1306,placed,1492,Yinazzil,yes,no
c_yinazzil,b_hasdames,city_holding,initial,port_position,1448,placed,1492,Yinazzil,no,no
c_yinazzil,b_ar_rahiriyah,church_holding,initial,sampled,1724,placed,1492,Yinazzil,no,no
c_mafrad,b_mafrad,castle_holding,initial,capital_position,2241,placed,1497,Mafrad,yes,no
c_mafrad,b_hutan,city_holding,initial,port_position,5668,placed,1497,Mafrad,no,no
c_mafrad,b_anaah,church_holding,initial,sampled,4342,placed,1497,Mafrad,no,no
c_dawihi_island,b_sagat,tribal_holding,initial,capital_position,5507,placed,1495,Dawihi Island,yes,no
c_krak_al_uruj,b_krak_al_uruj,castle_holding,initial,capital_position,2554,placed,1498,Krak al-Uruj,yes,no
c_krak_al_uruj,b_sahala,city_holding,initial,port_position,5319,placed,1498,Krak al-Uruj,no,no
c_ankatatra,b_ankatatra,tribal_holding,initial,capital_position,18317,placed,1499,Ankatatra,yes,no
c_mahazaka,b_mahazaka,tribal_holding,initial,capital_position,11294,placed,1500,Mahazaka,yes,no
c_tayaraan,b_tayaraan,castle_holding,initial,capital_position,5776,placed,1503,Tayaraan,yes,no
c_tayaraan,b_momayo,city_holding,initial,port_position,2971,placed,1503,Tayaraan,no,no
c_tayaraan,b_senza,church_holding,initial,sampled,2822,placed,1503,Tayaraan,no,no
c_kitbezi,b_kitbezi,tribal_holding,initial,capital_position,11388,placed,1501,Kitbezi,yes,no
c_kapuli,b_kapuli,tribal_holding,initial,capital_position,10406,placed,1502,Kapuli,yes,no
c_kadarasto,b_kadarasto,castle_holding,initial,capital_position,563,placed,1494,Kadarasto,yes,no
c_kadarasto,b_milaydah,city_holding,initial,port_position,734,placed,1494,Kadarasto,no,no
c_kadarasto,b_taqqa,church_holding,initial,sampled,621,placed,1494,Kadarasto,no,no
c_kadarasto,b_salname,church_holding,initial,sampled,569,placed,1494,Kadarasto,no,no
c_sendalam,b_sendalam,castle_holding,initial,capital_position,3411,placed,2172,Sendalam,yes,no
c_sendalam,b_metawet,city_holding,initial,port_position,2592,placed,2172,Sendalam,no,no
c_krak_al_sajjaan,b_krak_al_sajjaan,castle_holding,initial,capital_position,2631,placed,1493,Krak al-Sajjaan,yes,no
c_krak_al_sajjaan,b_qudsamanah,city_holding,initial,port_position,1894,placed,1493,Krak al-Sajjaan,no,no
c_krak_al_sajjaan,b_touinana,church_holding,initial,sampled,1823,placed,1493,Krak al-Sajjaan,no,no
c_qudalla,b_qudalla,castle_holding,initial,capital_position,3452,placed,1491,Qudalla,yes,no
c_qudalla,b_wad_bangola,city_holding,initial,port_position,1821,placed,1491,Qudalla,no,no
c_dihliz,b_dihliz,castle_holding,initial,capital_position,1105,placed,1488,Dihliz,yes,no
c_dihliz,b_tescahaqd,city_holding,1267.1.1,port_position,1790,placed,1488,Dihliz,no,no
c_dihliz,b_jura,church_holding,1267.1.1,sampled,607,placed,1488,Dihliz,no,no
c_sorib,b_sorib,tribal_holding,initial,capital_position,3661,placed,2173,Sorib,yes,no
c_bisatare,b_bisatare,tribal_holding,initial,capital_position,2943,placed,1487,Bisatare,yes,no
c_bisatare,b_byoranga,church_holding,initial,sampled,1962,placed,1487,Bisatare,no,no
c_sidi_island,b_sidi,castle_holding,initial,capital_position,1273,placed,1489,Sidi Island,yes,no
c_elne,b_elne,castle_holding,initial,capital_position,7862,placed,1490,Elne,yes,no
c_ysawis,b_ysawis,castle_holding,initial,capital_position,2710,placed,1486,Ysawis,yes,no
c_ysawis,b_areef,city_holding,initial,port_position,2328,placed,1486,Ysawis,no,no
c_ysawis,b_qurirah,church_holding,initial,sampled,2185,placed,1486,Ysawis,no,no
c_qosodera,b_qosodera,tribal_holding,initial,capital_position,4926,placed,1485,Qosodera,yes,no
c_ragado,b_ragado,tribal_holding,initial,capital_position,3619,placed,2175,Ragado,yes,no
c_naqq_and_qutil,b_al_ralilah,tribal_holding,initial,capital_position,1232,placed,1613,Naqq and Qutil,yes,no
c_eayan_aljunun,b_al_bariya,tribal_holding,initial,capital_position,2532,placed,1615,Eayan Aljunun,yes,no
c_thueban,b_al_dawhawa,tribal_holding,initial,capital_position,2266,placed,1614,Thueban,yes,no
c_dirs,b_saasakhoura,tribal_holding,initial,capital_position,2539,placed,2169,Dirs,yes,no
c_anklis_and_qusur,b_tall_fallunawa,tribal_holding,initial,capital_position,1151,placed,1611,Anklis and Qusur,yes,no
c_manhus_and_saliam,b_al_hamim,tribal_holding,initial,capital_position,2904,placed,1612,Manhus and Saliam,yes,no
c_dabab,b_al_sisarran,tribal_holding,initial,capital_position,3490,placed,1610,Dabab,yes,no
c_al_zabdiyat,b_qudana,castle_holding,initial,capital_position,2204,placed,2166,al-Zabdiyat,yes,no
c_masud_jazayir,b_bandar_al_saadat,castle_holding,initial,capital_position,1027,placed,2167,Masud Jazayir,yes,no
c_al_tarik_islands,b_bidbooth,tribal_holding,initial,capital_position,1720,placed,1607,al-Tarik Islands,yes,no
c_sayf,b_mahaireb,tribal_holding,initial,capital_position,953,placed,2374,Sayf,yes,no
c_tarikat_island,b_kharaifat,tribal_holding,initial,capital_position,7210,placed,1608,Tarikat Island,yes,no
c_jazayir_al_alfar,b_suralah,tribal_holding,initial,capital_position,1664,placed,2168,Jazayir al-Alfar,yes,no
c_uruk,b_uruk,tribal_holding,initial,capital_position,2130,placed,1531,Uruk,yes,no
c_uruk,b_jemdet,city_holding,initial,port_position,897,placed,1531,Uruk,no,no
c_uruk,b_warka,church_holding,initial,sampled,4254,placed,1531,Uruk,no,no
c_misbahd,b_misbahd,castle_holding,initial,capital_position,2745,placed,1532,Misbahd,yes,no
c_misbahd,b_lakar,city_holding,initial,port_position,1313,placed,1532,Misbahd,no,no
c_misbahd,b_adaba,church_holding,initial,sampled,1515,placed,1532,Misbahd,no,no
c_jinutt,b_jinutt,tribal_holding,initial,capital_position,2488,placed,1530,Jinutt,yes,no
c_jinutt,b_sarhak,city_holding,initial,port_position,1487,placed,1530,Jinutt,no,no
c_jinutt,b_aprech,church_holding,initial,sampled,1487,placed,1530,Jinutt,no,no
c_rubbans_tears,b_al_maralem,tribal_holding,initial,capital_position,2322,placed,1533,Rubbans Tears,yes,no
c_mergu,b_kilad,tribal_holding,initial,capital_position,987,placed,1529,Mergu,yes,no
c_jezarh_jadew,b_jebafi,tribal_holding,initial,capital_position,971,placed,1618,Jezarh Jadew,yes,no
c_bender_adewah,b_tall_kuthah,tribal_holding,initial,capital_position,921,placed,1621,Bender Adewah,yes,no
c_jezarh_shemshar,b_al_qusanawat,tribal_holding,initial,capital_position,9151,placed,1619,Jezarh Shemshar,yes,no
c_bender_berdh,b_el_gamahimiya,tribal_holding,initial,capital_position,9301,placed,1620,Bender Berdh,yes,no
c_leneta,b_bidburaq,tribal_holding,initial,capital_position,885,placed,2165,Leneta,yes,no
c_jezarh_mar,b_dawarout,tribal_holding,initial,capital_position,7435,placed,1534,Jezarh Mar,yes,no
c_mergu_saah,b_madirah,tribal_holding,initial,capital_position,1170,placed,2163,Mergu Saah,yes,no
c_jezarh_mah_alewd,b_amudani,tribal_holding,initial,capital_position,1020,placed,2162,Jezarh Mah Alewd,yes,no
c_serzeman_bamar,b_al_salakamah,tribal_holding,initial,capital_position,955,placed,1535,Serzeman Bamar,yes,no
c_jezarh_restakhaz,b_karza,tribal_holding,initial,capital_position,1636,placed,2164,Jezarh Restakhaz,yes,no
c_menzoberranzan,b_quellarzorl,castle_holding,initial,capital_position,555,placed,2493,Menzoberranzan,yes,no
c_menzoberranzan,b_eastmyr,city_holding,initial,,0,demoted,2493,Menzoberranzan,no,no
c_menzoberranzan,b_duthcloim,church_holding,initial,,0,demoted,2493,Menzoberranzan,no,no
c_menzoberranzan,b_narbondellyn,city_holding,initial,,0,demoted,2493,Menzoberranzan,no,no
c_menzoberranzan,b_west_wall,castle_holding,initial,,0,demoted,2493,Menzoberranzan,no,no
c_ched_nasad,b_ched_nasad,castle_holding,initial,capital_position,1050,placed,2503,Ched Nasad,yes,no
c_ched_nasad,b_rhomdal,city_holding,initial,port_position,0,demoted,2503,Ched Nasad,no,no
c_ched_nasad,b_argith,church_holding,initial,,0,demoted,2503,Ched Nasad,no,no
c_bauthwaf,b_the_mantle,castle_holding,initial,capital_position,948,placed,2494,Bauthwaf,yes,no
c_bauthwaf,b_filarran,church_holding,initial,sampled,0,demoted,2494,Bauthwaf,no,no
c_bauthwaf,b_quiet_doom,city_holding,initial,,0,demoted,2494,Bauthwaf,no,no
c_mt_hotenow,b_glaurimm_keep,castle_holding,initial,capital_position,1279,placed,306,Mt. Hotenow,yes,no
c_mt_hotenow,b_gauntlgrym,castle_holding,114.1.1,sampled,1118,placed,306,Mt. Hotenow,no,no
c_gracklstugh,b_gracklstugh,castle_holding,initial,capital_position,901,placed,2502,Gracklstugh,yes,no
c_gracklstugh,b_northfurrow,city_holding,initial,port_position,0,demoted,2502,Gracklstugh,no,no
c_gracklstugh,b_southfurrow,church_holding,initial,,0,demoted,2502,Gracklstugh,no,no
c_eryndlyn,b_eryndlyn,castle_holding,initial,capital_position,931,placed,2443,Eryndlyn,yes,no
c_eryndlyn,b_five_pillars,city_holding,initial,port_position,426,placed,2443,Eryndlyn,no,no
c_kanaglym,b_kanaglym,castle_holding,initial,capital_position,872,placed,2445,Kanaglym,yes,no
c_kanaglym,b_nepenthe_basin,city_holding,initial,port_position,733,placed,2445,Kanaglym,no,no
c_kanaglym,b_hunnabar,church_holding,initial,sampled,743,placed,2445,Kanaglym,no,no
c_dolblunde,b_dolblunde,tribal_holding,initial,capital_position,559,placed,2241,Dolblunde,yes,no
c_splendarrmornn,b_adamantine_palace,castle_holding,initial,capital_position,1075,placed,2441,Splendarrmornn,yes,no
c_splendarrmornn,b_splendarrmornn,castle_holding,initial,sampled,690,placed,2441,Splendarrmornn,no,no
c_splendarrmornn,b_westdelve,church_holding,initial,sampled,0,demoted,2441,Splendarrmornn,no,no
c_loagrann,b_deadstone_cleft,tribal_holding,initial,capital_position,3175,placed,1408,Loagrann,yes,no
c_loagrann,b_orlbar,city_holding,1348.1.1,port_position,1426,placed,1408,Loagrann,no,no
c_east_keep,b_east_keep,castle_holding,initial,capital_position,769,placed,2474,East Keep,yes,no
c_east_keep,b_wyrmstrike_mines,city_holding,initial,port_position,663,placed,2474,East Keep,no,no
c_east_keep,b_mithril_pick_hall,church_holding,initial,sampled,749,placed,2474,East Keep,no,no
c_north_peak,b_north_peak,castle_holding,initial,capital_position,892,placed,2477,North Peak,yes,no
c_north_peak,b_fellridge,city_holding,initial,port_position,726,placed,2477,North Peak,no,no
c_north_peak,b_vigilant_towers,church_holding,initial,sampled,469,placed,2477,North Peak,no,no
c_high_gap,b_obrynns_landing,castle_holding,initial,capital_position,1955,placed,1407,High Gap,yes,no
c_high_gap,b_lothamar,church_holding,initial,sampled,899,placed,1407,High Gap,no,no
c_nether_mountains,b_nether_keep,tribal_holding,initial,capital_position,2374,placed,2442,Nether Mountains,yes,no
c_nether_mountains,b_ammarindar,city_holding,initial,port_position,1563,placed,2442,Nether Mountains,no,no
c_yaunoroth,b_citadel_yaunoroth,tribal_holding,initial,capital_position,658,placed,2446,Yaunoroth,yes,no
c_yaunoroth,b_yaunoroth,city_holding,initial,port_position,703,placed,2446,Yaunoroth,no,no
c_yaunoroth,b_helmmas_hall,church_holding,initial,sampled,651,placed,2446,Yaunoroth,no,no
c_dekanter,b_dekanter,tribal_holding,initial,capital_position,1056,placed,1449,Dekanter,yes,no
c_dekanter,b_dethdor,city_holding,initial,port_position,537,placed,1449,Dekanter,no,no
c_naurogloth,b_rrinlurgh,tribal_holding,initial,capital_position,1689,placed,1150,Naurogloth,yes,no
c_naurogloth,b_sstharalam,city_holding,initial,port_position,1707,placed,1150,Naurogloth,no,no
c_naurogloth,b_sstissamuun,church_holding,initial,sampled,1802,placed,1150,Naurogloth,no,no
c_ironfang_deep,b_ironfang_deep,castle_holding,initial,capital_position,980,placed,1340,Ironfang Deep,yes,no
c_ironfang_deep,b_thogh,city_holding,initial,port_position,825,placed,1340,Ironfang Deep,no,no
c_ironfang_deep,b_zigila,church_holding,initial,sampled,1004,placed,1340,Ironfang Deep,no,no
c_ironfang_deep,b_dhoggari,castle_holding,initial,sampled,963,placed,1340,Ironfang Deep,no,no
c_bronzehelms,b_bronzehelms,castle_holding,initial,capital_position,1430,placed,1342,Bronzehelms,yes,no
c_bronzehelms,b_bigwahr,city_holding,initial,port_position,1186,placed,1342,Bronzehelms,no,no
c_old_drivendelve,b_drivendelve,tribal_holding,initial,capital_position,2180,placed,1341,Old Drivendelve,yes,no
c_old_drivendelve,b_khagkohldur,city_holding,initial,port_position,1217,placed,1341,Old Drivendelve,no,no
c_dunspeirrin,b_dunspeirrin,castle_holding,initial,capital_position,1092,placed,2506,Dunspeirrin,yes,no
c_dunspeirrin,b_grozzahk,city_holding,initial,port_position,0,demoted,2506,Dunspeirrin,no,no
c_dunspeirrin,b_grimpass,church_holding,initial,,0,demoted,2506,Dunspeirrin,no,no
c_drik_hargunen,b_drik_hargunen,castle_holding,initial,capital_position,1233,placed,2505,Drik Hargunen,yes,no
c_drik_hargunen,b_ferugehk,city_holding,initial,port_position,0,demoted,2505,Drik Hargunen,no,no
c_drik_hargunen,b_orefall_cavern,church_holding,initial,sampled,0,demoted,2505,Drik Hargunen,no,no
c_oryndoll,b_oryndoll,castle_holding,initial,capital_position,587,placed,2504,Oryndoll,yes,no
c_oryndoll,b_ring_caverns,city_holding,initial,port_position,546,placed,2504,Oryndoll,no,no
c_oryndoll,b_thrall_caverns,church_holding,initial,sampled,498,placed,2504,Oryndoll,no,no
c_undraeth,b_undraeth,castle_holding,initial,capital_position,1191,placed,2560,Undraeth,yes,no
c_fireforges,b_fireforges,castle_holding,initial,capital_position,853,placed,2523,Fireforges,yes,no
c_fireforges,b_chund_peak,city_holding,initial,port_position,0,demoted,2523,Fireforges,no,no
c_fireforges,b_torvudd,church_holding,initial,sampled,649,placed,2523,Fireforges,no,no
c_khaelud,b_khaelud,castle_holding,initial,capital_position,766,placed,2522,Khaelud,yes,no
c_khaelud,b_thordenak,city_holding,initial,port_position,480,placed,2522,Khaelud,no,no
c_khaelud,b_axebite,church_holding,initial,sampled,0,demoted,2522,Khaelud,no,no
c_traaskl_thorog,b_traaskl_thorog,tribal_holding,initial,capital_position,3269,placed,2549,Traaskl Thorog,yes,no
c_deep_imaskar,b_planners_citadel,castle_holding,initial,capital_position,1593,placed,2558,Deep Imaskar,yes,no
c_deep_imaskar,b_deep_imaskar,city_holding,initial,port_position,1647,placed,2558,Deep Imaskar,no,no
c_deep_imaskar,b_purple_library,church_holding,initial,sampled,553,placed,2558,Deep Imaskar,no,no
c_qarlondrar,b_qarlondrar,castle_holding,initial,capital_position,2132,placed,2518,Qarlondrar,yes,no
c_qarlondrar,b_cave_of_sighs,city_holding,initial,port_position,1641,placed,2518,Qarlondrar,no,no
c_qarlondrar,b_gorfaern,church_holding,initial,sampled,1490,placed,2518,Qarlondrar,no,no
c_firepeaks,b_siremun,castle_holding,initial,capital_position,2800,placed,851,Firepeaks,yes,no
c_firepeaks,b_natoigo,city_holding,initial,port_position,2854,placed,851,Firepeaks,no,no
c_firepeaks,b_diarintarj,church_holding,initial,sampled,2185,placed,851,Firepeaks,no,no
c_raskuldin,b_raskuldin,castle_holding,initial,capital_position,1252,placed,2521,Raskuldin,yes,no
c_raskuldin,b_gorduun,city_holding,initial,port_position,919,placed,2521,Raskuldin,no,no
c_raskuldin,b_skull_peak,church_holding,initial,sampled,884,placed,2521,Raskuldin,no,no
c_utuerth,b_utuerth,castle_holding,initial,capital_position,3459,placed,2525,Utuerth,yes,no
c_utuerth,b_white_sand,city_holding,initial,port_position,1462,placed,2525,Utuerth,no,no
c_ikemmu,b_makthar,castle_holding,initial,capital_position,519,placed,2559,Ikemmu,yes,no
c_ikemmu,b_pyton,city_holding,initial,port_position,558,placed,2559,Ikemmu,no,no
c_ahruukar,b_ahruukar,castle_holding,initial,capital_position,661,placed,2520,Ahruukar,yes,no
c_ahruukar,b_arau,city_holding,initial,port_position,640,placed,2520,Ahruukar,no,no
c_ahruukar,b_vardetor,church_holding,initial,sampled,577,placed,2520,Ahruukar,no,no
c_songfarla,b_songfarla,castle_holding,initial,capital_position,1328,placed,847,Songfarla,yes,no
c_songfarla,b_gilded_nugget,city_holding,initial,port_position,1301,placed,847,Songfarla,no,no
c_songfarla,b_covarrkar_cave,church_holding,initial,sampled,1217,placed,847,Songfarla,no,no
c_oyargh,b_thelaena,tribal_holding,initial,capital_position,11051,placed,1774,Oyargh,yes,no
c_harheldur,b_harheldur,castle_holding,initial,capital_position,766,placed,2519,Harheldur,yes,no
c_harheldur,b_mordinsonn,city_holding,initial,port_position,751,placed,2519,Harheldur,no,no
c_harheldur,b_firedelves,church_holding,initial,sampled,539,placed,2519,Harheldur,no,no
c_thazar_pass,b_thazar_pass,castle_holding,initial,capital_position,2049,placed,2570,Thazar Pass,yes,no
c_maerimydra,b_castle_maerimydra,castle_holding,initial,capital_position,1043,placed,2450,Maerimydra,yes,no
c_maerimydra,b_maerimydra,city_holding,initial,port_position,0,demoted,2450,Maerimydra,no,no
c_maerimydra,b_courtyard_of_lolth,church_holding,initial,,0,demoted,2450,Maerimydra,no,no
c_zanhoriloch,b_castle_zanhoriloch,castle_holding,initial,capital_position,862,placed,2451,Zanhoriloch,yes,no
c_zanhoriloch,b_zanhoriloch,city_holding,initial,port_position,0,demoted,2451,Zanhoriloch,no,no
c_zanhoriloch,b_mhorilot,church_holding,initial,sampled,469,placed,2451,Zanhoriloch,no,no
c_szith_morcane,b_szith_morcane,church_holding,initial,capital_position,1116,placed,2628,Szith Morcane,yes,no
c_sschindylryn,b_house_of_lolth,church_holding,initial,capital_position,912,placed,2557,Sschindylryn,yes,no
c_sschindylryn,b_high_houses,city_holding,initial,port_position,0,demoted,2557,Sschindylryn,no,no
c_sschindylryn,b_gatehouses,castle_holding,initial,,0,demoted,2557,Sschindylryn,no,no
c_thunderholme,b_thunderholme,castle_holding,initial,capital_position,776,placed,2463,Thunderholme,yes,no
c_thunderholme,b_high_crimmond,city_holding,initial,port_position,405,placed,2463,Thunderholme,no,no
c_thunderholme,b_jewelstone_falls,church_holding,initial,,0,demoted,2463,Thunderholme,no,no
c_tethyamar,b_tethyamar,castle_holding,initial,capital_position,956,placed,2415,Tethyamar,yes,no
c_tethyamar,b_ironthrone,city_holding,initial,port_position,937,placed,2415,Tethyamar,no,no
c_tethyamar,b_helgrinns_arch,castle_holding,initial,sampled,691,placed,2415,Tethyamar,no,no
c_turnback_mountain,b_aefarn_citadel,church_holding,initial,capital_position,547,placed,2469,Turnback Mountain,yes,no
c_turnback_mountain,b_aefarn,castle_holding,initial,sampled,778,placed,2469,Turnback Mountain,no,no
c_turnback_mountain,b_house_of_gold,city_holding,initial,port_position,560,placed,2469,Turnback Mountain,no,no
c_ondathel,b_ondathel,tribal_holding,initial,capital_position,902,placed,356,Ondathel,yes,no
c_ondathel,b_esham,city_holding,initial,port_position,783,placed,356,Ondathel,no,no
c_ondathel,b_brightfalls,church_holding,initial,sampled,540,placed,356,Ondathel,no,no
c_forharn,b_forharn,castle_holding,initial,capital_position,941,placed,353,Forharn,yes,no
c_forharn,b_kossuths_ire,church_holding,initial,sampled,653,placed,353,Forharn,no,no
c_forharn,b_geshun,city_holding,initial,port_position,497,placed,353,Forharn,no,no
c_smokespire,b_smokespire,tribal_holding,initial,capital_position,2431,placed,2589,Smokespire,yes,no
c_iltkazar,b_iltkazar,castle_holding,initial,sampled,750,placed,2594,Iltkazar,yes,no
c_iltkazar,b_mith_baraks_hall,city_holding,initial,sampled,641,placed,2594,Iltkazar,no,no
c_mount_sarengard,b_sarengard_keep,castle_holding,initial,capital_position,1770,placed,2440,Mount Sarengard,yes,no
c_mount_sarengard,b_vault_of_cloaked_midnight,church_holding,1320.1.1,sampled,967,placed,2440,Mount Sarengard,no,no
c_brightaxe_hall,b_brightaxe_hall,castle_holding,initial,sampled,639,placed,2652,Brightaxe Hall,yes,no
c_guallidurth,b_guallidurth,castle_holding,initial,sampled,735,placed,2651,Guallidurth,yes,no
c_guallidurth,b_rringlor_north,city_holding,initial,,0,demoted,2651,Guallidurth,no,no
c_undermountain,b_the_mad_wizards_lair,castle_holding,302.1.1,sampled,762,placed,2694,Undermountain,yes,no
c_undermountain,b_the_dungeon_level,city_holding,initial,,0,demoted,2694,Undermountain,no,no
c_undermountain,b_arcane_chambers,castle_holding,initial,,0,demoted,2694,Undermountain,no,no
c_undermountain,b_twisted_caverns,church_holding,initial,,0,demoted,2694,Undermountain,no,no
c_lair_of_the_eye,b_lair_of_the_eye,city_holding,initial,sampled,595,placed,2697,Lair of the Eye,yes,no
c_lair_of_the_eye,b_the_sewers_of_waterdeep,castle_holding,initial,,0,demoted,2697,Lair of the Eye,no,no
c_skullport,b_the_port,city_holding,initial,sampled,398,placed,2696,Skullport,yes,no
c_skullport,b_skull_island,castle_holding,initial,,0,demoted,2696,Skullport,no,no
c_skullport,b_the_trade_lanes,city_holding,initial,,0,demoted,2696,Skullport,no,no
c_sargauth,b_the_promenade,church_holding,initial,sampled,294,placed,2695,Sargauth,yes,no
c_sargauth,b_cavern_of_song,castle_holding,1355.1.1,,0,demoted,2695,Sargauth,no,no
c_sargauth,b_pit_of_ghaunadaur,church_holding,302.1.1,,0,demoted,2695,Sargauth,no,no
c_sargauth,b_trobriands_graveyard,castle_holding,1379.1.1,,0,demoted,2695,Sargauth,no,yes
