id,kind,faerun_file,vanilla_file,status,changed_keys,uses_faerun_mechanic,vanilla_dup_count,faerun_dup_count
DW_demonic_impregnation,targeted_decisions,decisions/mnm_devil_worshipers_decisions.txt,decisions/mnm_society_decisions.txt,modified,ai_will_do;allow;effect;from_potential;is_in_society;potential,societies,1,1
DW_prolong_life,targeted_decisions,decisions/mnm_devil_worshipers_decisions.txt,decisions/mnm_society_decisions.txt,modified,ai_will_do;effect;from_potential;is_in_society;potential,societies,1,1
abandon_province,title_decisions,decisions/title_decisions.txt,decisions/title_decisions.txt,modified,ai;ai_check_interval;revoke_allowed,governments_custom,1,1
abandon_trade_post,trade_post_decisions,decisions/trade_post_decisions.txt,decisions/trade_post_decisions.txt,modified,revoke_allowed,trade_routes,1,1
aboleth_lay_egg,decisions,decisions/faerun_culturerace_decisions.txt,,new,,,0,1
acquire_society_title_decision,society_decisions,decisions/faerun_societies_decisions.txt,,new,,societies,0,1
adopt_chinese_imperialism,decisions,,decisions/jd_decisions.txt,deleted,,,1,0
adopt_faith,targetted_decisions,,decisions/HL_clan_decisions.txt,deleted,,,1,0
adopt_heir,targeted_decisions,decisions/faerun_misc_decisions.txt,,new,,bloodlines;governments_custom,0,1
adopt_heir_fake,decisions,decisions/faerun_misc_decisions.txt,,new,,,0,1
adopt_shou_lung_imperialism,decisions,decisions/shou_lung_decisions.txt,,new,,bloodlines;governments_custom;offmap_powers,0,1
adopt_tribalism,settlement_decisions,,decisions/settlement_decisions.txt,deleted,,,1,0
adventuring_quest,decisions,decisions/faerun_adventuring_decisions.txt,,new,,minor_titles,0,1
african_tolerate_abrahamics,decisions,,decisions/religious_decisions.txt,deleted,,,1,0
ai_claim_county_if_baron,decisions,,decisions/HFP_realm_decisions.txt,deleted,,,1,0
ai_request_sponsored_baptism,decisions,,decisions/HF_baptism_decisions.txt,deleted,,,1,0
akadian_adaptability_decision,decisions,decisions/faerun_religious_decisions.txt,,new,,,0,1
alcohol_gift_decision,targetted_decisions,decisions/wonder_decisions.txt,decisions/wonder_decisions.txt,modified,effect,job_titles;wonders,1,1
alliance_diplomacy,society_decisions,decisions/faerun_societies_decisions.txt,,new,,societies,0,1
alliance_mediation,society_decisions,decisions/faerun_societies_decisions.txt,,new,,societies,0,1
alliance_raise_ships,society_decisions,decisions/faerun_societies_decisions.txt,,new,,societies,0,1
alliance_raise_troops,society_decisions,decisions/faerun_societies_decisions.txt,,new,,societies,0,1
ancestor_worship,decisions,decisions/minor_decisions.txt,decisions/minor_decisions.txt,modified,ai_will_do;allow;effect;potential;revoke_allowed,,1,1
animate_objects,decisions,decisions/faerun_class_decisions.txt,,new,,sorcerer_tiers,0,1
anti_host_adventuring,targeted_decisions,decisions/faerun_adventuring_decisions.txt,,new,,minor_titles,0,1
appease_spirits,society_decisions,decisions/faerun_societies_decisions.txt,,new,,societies,0,1
arcane_experiment,society_decisions,decisions/faerun_societies_decisions.txt,,new,,societies,0,1
ask_for_land,targetted_decisions,decisions/ze_ambition_decisions.txt,decisions/ze_ambition_decisions.txt,modified,ai_check_interval;ai_will_do;revoke_allowed,objectives,1,1
ask_for_pardon,targetted_decisions,decisions/ze_decisions.txt,decisions/ze_decisions.txt,modified,revoke_allowed,,1,1
ask_help_to_manage_titles,decisions,decisions/councillor_decision.txt,decisions/councillor_decision.txt,modified,potential;revoke_allowed,governments_custom,1,1
ask_teutonic_for_help_pagan,targetted_decisions,,decisions/HFP_holy_order_decisions.txt,deleted,,,1,0
ask_teutonic_for_help_teutonic,targetted_decisions,,decisions/HFP_holy_order_decisions.txt,deleted,,,1,0
ask_to_leave_court,targeted_decisions,decisions/rip_various_decisions.txt,decisions/rip_various_decisions.txt,modified,revoke_allowed,,1,1
ask_wards_liege_to_allow_culture_religion_swap,targetted_decisions,decisions/ze_decisions.txt,decisions/ze_decisions.txt,modified,potential;revoke_allowed,,1,1
ask_wards_liege_to_allow_faith_focus,targetted_decisions,decisions/ze_decisions.txt,decisions/ze_decisions.txt,modified,revoke_allowed,,1,1
assassins_borrow_money,society_decisions,decisions/mnm_society_decisions.txt,decisions/mnm_society_decisions.txt,modified,allow;effect;is_in_society;potential;revoke_allowed,societies,1,1
assassins_clear_marked_for_death_target,targeted_decisions,decisions/mnm_society_decisions.txt,decisions/mnm_society_decisions.txt,modified,effect;from_potential;is_in_society;revoke_allowed,societies,1,1
assassins_donate,society_decisions,decisions/mnm_society_decisions.txt,decisions/mnm_society_decisions.txt,modified,effect;is_in_society;potential;revoke_allowed,societies,1,1
assassins_drug_effect,society_decisions,decisions/mnm_society_decisions.txt,decisions/mnm_society_decisions.txt,modified,effect;is_in_society;potential,societies,1,1
assassins_mark_for_death,targeted_decisions,decisions/mnm_society_decisions.txt,decisions/mnm_society_decisions.txt,modified,ai_target_filter;ai_will_do;effect;from_potential;is_in_society;potential;revoke_allowed,societies,1,1
assassins_pay_debt,society_decisions,decisions/mnm_society_decisions.txt,decisions/mnm_society_decisions.txt,modified,potential;revoke_allowed,societies,1,1
assassins_raise_ships,society_decisions,decisions/mnm_society_decisions.txt,decisions/mnm_society_decisions.txt,modified,effect;is_in_society;potential;revoke_allowed,societies,1,1
assassins_raise_troops,society_decisions,decisions/mnm_society_decisions.txt,decisions/mnm_society_decisions.txt,modified,effect;is_in_society;potential;revoke_allowed,societies,1,1
assassins_recruit,targeted_decisions,,decisions/mnm_society_decisions.txt,deleted,,,1,0
assassins_scare_ruler,targeted_decisions,decisions/mnm_society_decisions.txt,decisions/mnm_society_decisions.txt,modified,ai_will_do;allow;effect;from_potential;is_in_society;revoke_allowed,societies,1,1
auril_embrace,decisions,decisions/faerun_religious_decisions.txt,,new,,disease,0,1
auril_winter_protection,settlement_decisions,decisions/faerun_religious_decisions.txt,,new,,,0,1
bacchants_recruit,targeted_decisions,,decisions/mnm_society_decisions.txt,deleted,,,1,0
bahamut_attract_dragon,decisions,decisions/faerun_religious_decisions.txt,,new,,,0,1
become_genghis_khan,decisions,,decisions/HL_decisions.txt,deleted,,,1,0
become_genghis_khan_tribal,decisions,,decisions/HL_decisions.txt,deleted,,,1,0
become_kshatriya,decisions,,decisions/minor_decisions.txt,deleted,,,1,0
become_samrat_chakravartin,decisions,,decisions/realm_decisions.txt,deleted,,,1,0
become_saoshyant,decisions,,decisions/realm_decisions.txt,deleted,,,1,0
become_vaishya,decisions,,decisions/minor_decisions.txt,deleted,,,1,0
beholder_eye_sacrifice,decisions,decisions/faerun_culturerace_decisions.txt,,new,,,0,1
beshabas_boon,decisions,decisions/faerun_religious_decisions.txt,,new,,,0,1
bind_fiend,decisions,decisions/faerun_religious_decisions.txt,,new,,,0,1
bloodthirsty_games_decision,decisions,decisions/HF_religious_decisions.txt,decisions/HF_religious_decisions.txt,modified,ai_will_do;only_playable;potential;revoke_allowed,minor_titles,1,1
bloodthirsty_mass_sacrifice_decision,decisions,decisions/HF_religious_decisions.txt,decisions/HF_religious_decisions.txt,modified,only_playable;potential;revoke_allowed,,1,1
bon_tolerate_indians,decisions,,decisions/jd_decisions.txt,deleted,,,1,0
borrow_money_assassins,decisions,decisions/holy_order_decisions.txt,decisions/holy_order_decisions.txt,modified,ai_will_do;allow;effect;potential;revoke_allowed,governments_custom;societies,1,1
borrow_money_bektashi,decisions,,decisions/holy_order_decisions.txt,deleted,,,1,0
borrow_money_gurs,decisions,decisions/minor_decisions.txt,,new,,governments_custom,0,1
borrow_money_haruriyyah,decisions,,decisions/holy_order_decisions.txt,deleted,,,1,0
borrow_money_jewish_special,decisions,,decisions/HFP_minor_decisions.txt,deleted,,,1,0
borrow_money_jews,decisions,,decisions/minor_decisions.txt,deleted,,,1,0
borrow_money_knights_templar,decisions,,decisions/holy_order_decisions.txt,deleted,,,1,0
borrow_money_radhanites,decisions,,decisions/jd_jewish_decisions.txt,deleted,,,1,0
break_non_aggression_pact,targeted_decisions,decisions/rip_various_decisions.txt,decisions/rip_various_decisions.txt,modified,revoke_allowed,,1,1
break_up_with_lover,targetted_decisions,decisions/way_of_life_decisions.txt,decisions/way_of_life_decisions.txt,modified,revoke_allowed,,1,1
breath_weapon,decisions,decisions/faerun_culturerace_decisions.txt,,new,,,0,1
brew_happiness_potion,targeted_decisions,,decisions/mnm_hermetics_decisions.txt,deleted,,,1,0
brew_mood_drug,targeted_decisions,decisions/faerun_societies_decisions.txt,,new,,societies,0,1
brotherhood_acquire_ingredients_decision,society_decisions,decisions/faerun_societies_decisions.txt,,new,,minor_titles;societies,0,1
brotherhood_laboratory,society_decisions,decisions/faerun_societies_decisions.txt,,new,,societies,0,1
build_hospital,title_decisions,decisions/rip_various_decisions.txt,decisions/rip_various_decisions.txt,kept,,,1,1
build_knight_bloodline,society_decisions,decisions/faerun_societies_decisions.txt,,new,,bloodlines;societies,0,1
build_laboratory,society_decisions,,decisions/mnm_society_decisions.txt,deleted,,,1,0
build_observatory,decisions,decisions/way_of_life_decisions.txt,decisions/way_of_life_decisions.txt,modified,ai_check_interval;ai_will_do;potential;revoke_allowed,,1,1
build_spelljammer_port,settlement_decisions,decisions/faerun_misc_decisions.txt,,new,,,0,1
build_third_temple,decisions,,decisions/realm_decisions.txt,deleted,,,1,0
buy_indulgence_for_sins,decisions,,decisions/realm_decisions.txt,deleted,,,1,0
buy_instrument,decisions,decisions/faerun_class_decisions.txt,,new,,,0,1
call_for_heroes,society_decisions,decisions/faerun_societies_decisions.txt,,new,,societies,0,1
carousing_with_the_men,decisions,decisions/HL_mercenary_decisions.txt,decisions/HL_mercenary_decisions.txt,modified,ai_check_interval;ai_will_do;potential;revoke_allowed,bloodlines;governments_custom,1,1
catholic_pilgrimage,decisions,,decisions/minor_decisions.txt,deleted,,,1,0
celebrate_bema,decisions,,decisions/minor_decisions.txt,deleted,,,1,0
celebrate_jashan_e_sadah,decisions,,decisions/minor_decisions.txt,deleted,,,1,0
celebrate_passover,decisions,,decisions/minor_decisions.txt,deleted,,,1,0
celibate_mom_dec,decisions,decisions/HFP_minor_decisions.txt,decisions/HFP_minor_decisions.txt,modified,ai_will_do;effect;potential,,1,1
ceremony_of_honor_to_helm,decisions,decisions/faerun_religious_decisions.txt,,new,,,0,1
ceremorphosis,targetted_decisions,decisions/faerun_culturerace_decisions.txt,,new,,,0,1
challenge_the_caliph,decisions,decisions/faerun_religious_decisions.txt,,new,,,0,1
change_composition_mercenary_company_feudal,targetted_decisions,decisions/ze_decisions.txt,decisions/ze_decisions.txt,modified,ai_check_interval;ai_will_do;revoke_allowed,,1,1
change_council_job,targetted_decisions,decisions/ze_decisions.txt,decisions/ze_decisions.txt,modified,ai;ai_check_interval;revoke_allowed,,1,1
change_pagan_branch_decision,decisions,decisions/HF_religious_decisions.txt,decisions/HF_religious_decisions.txt,modified,potential;revoke_allowed,,1,1
change_wards_focus_to_faith,targetted_decisions,decisions/ze_decisions.txt,decisions/ze_decisions.txt,modified,revoke_allowed,,1,1
change_wards_focus_to_heritage,targetted_decisions,decisions/ze_decisions.txt,decisions/ze_decisions.txt,modified,potential;revoke_allowed,,1,1
chauntea_favor,settlement_decisions,decisions/faerun_religious_decisions.txt,,new,,,0,1
china_force_to_open,offmap_decisions,,decisions/jd_grace_decisions.txt,deleted,,,1,0
china_invade_dragon_throne,offmap_decisions,,decisions/jd_grace_decisions.txt,deleted,,,1,0
china_raid,offmap_decisions,,decisions/jd_grace_decisions.txt,deleted,,,1,0
china_sends_reinforcements,decisions,,decisions/jd_decisions.txt,deleted,,,1,0
china_stop_raid,offmap_decisions,,decisions/jd_grace_decisions.txt,deleted,,,1,0
china_tributary_break_free,offmap_decisions,,decisions/jd_grace_decisions.txt,deleted,,,1,0
chinese_administrator,offmap_decisions,,decisions/jd_grace_decisions.txt,deleted,,,1,0
chinese_artifact,offmap_decisions,,decisions/jd_grace_decisions.txt,deleted,,,1,0
chinese_grace_become_tributary,offmap_decisions,,decisions/jd_grace_decisions.txt,deleted,,,1,0
chinese_grace_doctor,offmap_decisions,,decisions/jd_grace_decisions.txt,deleted,,,1,0
chinese_grace_offer_artifact,offmap_decisions,,decisions/jd_grace_decisions.txt,deleted,,,1,0
chinese_grace_offer_commander,offmap_decisions,,decisions/jd_grace_decisions.txt,deleted,,,1,0
chinese_grace_offer_concubine,offmap_decisions,,decisions/jd_grace_decisions.txt,deleted,,,1,0
chinese_grace_offer_eunuch,offmap_decisions,,decisions/jd_grace_decisions.txt,deleted,,,1,0
chinese_grace_offer_physician,offmap_decisions,,decisions/jd_grace_decisions.txt,deleted,,,1,0
chinese_grace_peace_deal,offmap_decisions,,decisions/jd_grace_decisions.txt,deleted,,,1,0
chinese_grace_send_gift,offmap_decisions,,decisions/jd_grace_decisions.txt,deleted,,,1,0
chinese_grace_send_relief,offmap_decisions,,decisions/jd_grace_decisions.txt,deleted,,,1,0
chinese_grace_stop_supply_horses,offmap_decisions,,decisions/jd_grace_decisions.txt,deleted,,,1,0
chinese_grace_supply_horses,offmap_decisions,,decisions/jd_grace_decisions.txt,deleted,,,1,0
chinese_imperial_marriage,offmap_decisions,,decisions/jd_grace_decisions.txt,deleted,,,1,0
chinese_kow_tow_pilgrimage,offmap_decisions,,decisions/jd_grace_decisions.txt,deleted,,,1,0
chinese_master_engineer,offmap_decisions,,decisions/jd_grace_decisions.txt,deleted,,,1,0
chinese_request_invasion,offmap_decisions,,decisions/jd_grace_decisions.txt,deleted,,,1,0
chinese_siege_engineers,offmap_decisions,,decisions/jd_grace_decisions.txt,deleted,,,1,0
chinese_silk_road_favored_status,offmap_decisions,,decisions/jd_grace_decisions.txt,deleted,,,1,0
chinese_strategist,offmap_decisions,,decisions/jd_grace_decisions.txt,deleted,,,1,0
choose_hermetic_art,targeted_decisions,decisions/mnm_hermetics_decisions.txt,decisions/mnm_hermetics_decisions.txt,modified,potential;revoke_allowed,societies,1,1
choose_hindu_patron_deity,decisions,,decisions/minor_decisions.txt,deleted,,,1,0
choose_military_aspect,targeted_decisions,decisions/hf_warrior_lodge_decisions.txt,decisions/hf_warrior_lodge_decisions.txt,modified,potential;revoke_allowed,societies,1,1
choose_undeath,society_decisions,decisions/faerun_societies_decisions.txt,,new,,societies,0,1
choose_warhorse_nomad,decisions,decisions/minor_decisions.txt,decisions/minor_decisions.txt,modified,ai_check_interval;ai_will_do;potential;revoke_allowed,governments_custom,1,1
christian_mercenary_against_reconquista_defender_side,targetted_decisions,,decisions/HF_realm_decisions.txt,deleted,,,1,0
christian_mercenary_against_reconquista_mercenary_side,targetted_decisions,,decisions/HF_realm_decisions.txt,deleted,,,1,0
claim_constantinople,decisions,,decisions/realm_decisions.txt,deleted,,,1,0
claim_duel_decision,targeted_decisions,decisions/hf_warrior_lodge_decisions.txt,decisions/hf_warrior_lodge_decisions.txt,modified,allow;from_potential;potential;revoke_allowed,governments_custom,1,1
close_gov_list,decisions,decisions/faerun_govs_control.txt,,new,,,0,1
close_psi_spellbook,decisions,decisions/faerun_spellbook_control.txt,,new,,sorcerer_tiers,0,1
close_rituals,decisions,decisions/faerun_spellbook_control.txt,,new,,,0,1
close_sorc_spellbook,decisions,decisions/faerun_spellbook_control.txt,,new,,sorcerer_tiers,0,1
cold_ones_recruit,targeted_decisions,,decisions/mnm_society_decisions.txt,deleted,,,1,0
come_out_of_hiding,targetted_decisions,decisions/dynasty_decisions.txt,decisions/dynasty_decisions.txt,modified,revoke_allowed,,1,1
commission_runestone,decisions,decisions/minor_decisions.txt,decisions/minor_decisions.txt,modified,ai_will_do;allow;effect;potential;revoke_allowed,,1,1
commit_suicide,targetted_decisions,decisions/dynasty_decisions.txt,decisions/dynasty_decisions.txt,modified,potential;revoke_allowed,,1,1
commit_suicide_immortal,targeted_decisions,,decisions/rip_various_decisions.txt,deleted,,,1,0
concord_brain_golem,society_decisions,decisions/faerun_societies_decisions.txt,,new,,societies,0,1
concord_thrall_army,society_decisions,decisions/faerun_societies_decisions.txt,,new,,societies,0,1
conscript_merchant_ships,decisions,decisions/unit_decisions.txt,decisions/unit_decisions.txt,modified,potential,,1,1
convert_indian_branch,targetted_decisions,,decisions/conversion_decisions.txt,deleted,,,1,0
convert_to_andalusian,targetted_decisions,,decisions/conversion_decisions.txt,deleted,,,1,0
convert_to_attacker_religion,decisions,decisions/conversion_decisions.txt,decisions/conversion_decisions.txt,modified,ai_will_do;allow;effect;potential;revoke_allowed,governments_custom,1,1
convert_to_buddhism,targetted_decisions,,decisions/conversion_decisions.txt,deleted,,,1,0
convert_to_castillan,targetted_decisions,,decisions/conversion_decisions.txt,deleted,,,1,0
convert_to_catalan,targetted_decisions,,decisions/conversion_decisions.txt,deleted,,,1,0
convert_to_commonwealth_indep,decisions,decisions/faerun_new_realm_decisions.txt,,new,,governments_custom;societies,0,1
convert_to_commonwealth_vassal,decisions,decisions/faerun_new_realm_decisions.txt,,new,,governments_custom;societies,0,1
convert_to_danish,targetted_decisions,,decisions/conversion_decisions.txt,deleted,,,1,0
convert_to_divine_indep,decisions,decisions/faerun_new_realm_decisions.txt,,new,,governments_custom;societies,0,1
convert_to_divine_vassal,decisions,decisions/faerun_new_realm_decisions.txt,,new,,governments_custom;societies,0,1
convert_to_dutch,targetted_decisions,,decisions/conversion_decisions.txt,deleted,,,1,0
convert_to_feudalism_indep,decisions,decisions/realm_decisions.txt,decisions/realm_decisions.txt,modified,ai_check_interval;ai_will_do;allow;effect;potential,governments_custom;societies,1,1
convert_to_feudalism_vassal,decisions,decisions/realm_decisions.txt,decisions/realm_decisions.txt,modified,ai_check_interval;ai_will_do;allow;effect;potential,governments_custom;societies,1,1
convert_to_french,targetted_decisions,,decisions/conversion_decisions.txt,deleted,,,1,0
convert_to_hinduism,targetted_decisions,,decisions/conversion_decisions.txt,deleted,,,1,0
convert_to_italian,targetted_decisions,,decisions/conversion_decisions.txt,deleted,,,1,0
convert_to_jainism,targetted_decisions,,decisions/conversion_decisions.txt,deleted,,,1,0
convert_to_liege_culture,targeted_decisions,decisions/conversion_decisions.txt,decisions/conversion_decisions.txt,modified,__kind__;ai;ai_check_interval;potential;revoke_allowed,governments_custom,1,1
convert_to_liege_culture_on_liege,targeted_decisions,decisions/conversion_decisions.txt,decisions/conversion_decisions.txt,modified,__kind__;ai;ai_check_interval;potential;revoke_allowed,governments_custom,1,1
convert_to_liege_religion,targeted_decisions,decisions/conversion_decisions.txt,decisions/conversion_decisions.txt,modified,__kind__;ai_target_filter;allow;effect;only_playable;potential;revoke_allowed,,1,1
convert_to_liege_religion_on_liege,targeted_decisions,decisions/conversion_decisions.txt,decisions/conversion_decisions.txt,modified,__kind__;ai;ai_check_interval;ai_target_filter;allow;effect;from_potential;only_playable;potential;revoke_allowed,,1,1
convert_to_local_culture,targeted_decisions,decisions/conversion_decisions.txt,decisions/conversion_decisions.txt,modified,__kind__;ai_check_interval;ai_will_do;potential;revoke_allowed,governments_custom,1,1
convert_to_local_religion,targeted_decisions,decisions/conversion_decisions.txt,decisions/conversion_decisions.txt,modified,__kind__;allow;effect;potential;revoke_allowed,governments_custom,1,1
convert_to_magocracy_indep,decisions,decisions/faerun_new_realm_decisions.txt,,new,,governments_custom;societies,0,1
convert_to_magocracy_vassal,decisions,decisions/faerun_new_realm_decisions.txt,,new,,governments_custom;societies,0,1
convert_to_nomadic_tribe,decisions,decisions/faerun_new_realm_decisions.txt,,new,,governments_custom,0,1
convert_to_norman,targetted_decisions,,decisions/conversion_decisions.txt,deleted,,,1,0
convert_to_norwegian,targetted_decisions,,decisions/conversion_decisions.txt,deleted,,,1,0
convert_to_occitan,targetted_decisions,,decisions/conversion_decisions.txt,deleted,,,1,0
convert_to_outremer,targetted_decisions,,decisions/conversion_decisions.txt,deleted,,,1,0
convert_to_parent_religion,targeted_decisions,decisions/conversion_decisions.txt,decisions/conversion_decisions.txt,modified,__kind__;allow;potential;revoke_allowed,,1,1
convert_to_portuguese,targetted_decisions,,decisions/conversion_decisions.txt,deleted,,,1,0
convert_to_reformed,targeted_decisions,decisions/conversion_decisions.txt,decisions/conversion_decisions.txt,modified,__kind__;ai_will_do;allow;effect;potential;revoke_allowed,,1,1
convert_to_republic_ai,decisions,decisions/faerun_new_realm_decisions.txt,,new,,,0,1
convert_to_republic_indep,decisions,decisions/realm_decisions.txt,decisions/realm_decisions.txt,modified,ai_check_interval;ai_will_do;allow;effect;potential,governments_custom;societies,1,1
convert_to_russian,targetted_decisions,,decisions/conversion_decisions.txt,deleted,,,1,0
convert_to_scottish,targetted_decisions,,decisions/conversion_decisions.txt,deleted,,,1,0
convert_to_spouse_religion,targetted_decisions,,decisions/conversion_decisions.txt,deleted,,,1,0
convert_to_swedish,targetted_decisions,,decisions/conversion_decisions.txt,deleted,,,1,0
convert_to_tribal_indep,society_decisions,decisions/faerun_societies_decisions.txt,,new,,governments_custom;societies,0,1
convert_to_tribal_vassal,society_decisions,decisions/faerun_societies_decisions.txt,,new,,governments_custom;societies,0,1
convert_tribal_to_castle,settlement_decisions,decisions/settlement_decisions.txt,decisions/settlement_decisions.txt,modified,allow;effect;from_potential;revoke_allowed,governments_custom,1,1
convert_tribal_to_city,settlement_decisions,decisions/settlement_decisions.txt,decisions/settlement_decisions.txt,modified,allow;effect;revoke_allowed,governments_custom,1,1
convert_tribal_to_temple,settlement_decisions,decisions/settlement_decisions.txt,decisions/settlement_decisions.txt,modified,effect;from_potential;revoke_allowed,,1,1
convince_to_straighten_up,targetted_decisions,decisions/dynasty_decisions.txt,decisions/dynasty_decisions.txt,modified,from_potential;revoke_allowed,,1,1
court_exodus,decisions,decisions/LT_decisions.txt,decisions/LT_decisions.txt,modified,potential;revoke_allowed,minor_titles,1,1
create_antioch,decisions,,decisions/HFP_realm_decisions.txt,deleted,,,1,0
create_aragon,decisions,,decisions/HFP_realm_decisions.txt,deleted,,,1,0
create_archduchy_of_austria,decisions,,decisions/HFP_realm_decisions.txt,deleted,,,1,0
create_ashokas_chosen,decisions,,decisions/indian_holy_order_decisions.txt,deleted,,,1,0
create_bacchants,decisions,,decisions/HF_religious_decisions.txt,deleted,,,1,0
create_bosnia,decisions,,decisions/HFP_realm_decisions.txt,deleted,,,1,0
create_bulls_rishabha,decisions,,decisions/indian_holy_order_decisions.txt,deleted,,,1,0
create_castille,decisions,,decisions/HFP_realm_decisions.txt,deleted,,,1,0
create_cyprus,decisions,,decisions/HFP_realm_decisions.txt,deleted,,,1,0
create_direguard,decisions,decisions/faerun_religious_decisions.txt,,new,,,0,1
create_dralhas_children,decisions,,decisions/indian_holy_order_decisions.txt,deleted,,,1,0
create_followers_arjuna,decisions,,decisions/indian_holy_order_decisions.txt,deleted,,,1,0
create_fraticelli_papacy,decisions,,decisions/religious_decisions.txt,deleted,,,1,0
create_grand_caliphate,decisions,decisions/faerun_religious_decisions.txt,,new,,,0,1
create_hungary,decisions,,decisions/realm_decisions.txt,deleted,,,1,0
create_iconoclast_patriarchy,decisions,,decisions/religious_decisions.txt,deleted,,,1,0
create_israel,decisions,,decisions/realm_decisions.txt,deleted,,,1,0
create_kingdom_amalfi,decisions,,decisions/HFP_realm_decisions.txt,deleted,,,1,0
create_kingdom_genoa,decisions,,decisions/HFP_realm_decisions.txt,deleted,,,1,0
create_kingdom_pisa,decisions,,decisions/HFP_realm_decisions.txt,deleted,,,1,0
create_kingdom_venice,decisions,,decisions/HFP_realm_decisions.txt,deleted,,,1,0
create_leon,decisions,,decisions/HFP_realm_decisions.txt,deleted,,,1,0
create_many_arrows,decisions,decisions/faerun_misc_decisions.txt,,new,,,0,1
create_mercenary_company,targetted_decisions,decisions/HL_mercenary_decisions.txt,decisions/HL_mercenary_decisions.txt,modified,ai_will_do;allow;effect;from_potential;potential;revoke_allowed,bloodlines;governments_custom,1,1
create_mercenary_company_feudal,targetted_decisions,decisions/ze_decisions.txt,decisions/ze_decisions.txt,modified,allow;effect;potential;revoke_allowed,bloodlines;governments_custom;objectives,1,1
create_myrmidons,decisions,,decisions/HF_religious_decisions.txt,deleted,,,1,0
create_portugal,decisions,,decisions/HFP_realm_decisions.txt,deleted,,,1,0
create_powys,decisions,,decisions/HFP_realm_decisions.txt,deleted,,,1,0
create_russian_empire,decisions,,decisions/HFP_realm_decisions.txt,deleted,,,1,0
create_stoics,decisions,,decisions/HF_religious_decisions.txt,deleted,,,1,0
create_switzerland,decisions,,decisions/HFP_realm_decisions.txt,deleted,,,1,0
create_the_hansa,decisions,,decisions/HFP_realm_decisions.txt,deleted,,,1,0
create_treant,decisions,decisions/faerun_religious_decisions.txt,,new,,,0,1
create_warrior_lodge_hellenic,decisions,,decisions/hf_warrior_lodge_decisions.txt,deleted,,,1,0
cult_of_kali_recruit,targeted_decisions,,decisions/mnm_society_decisions.txt,deleted,,,1,0
cure_disease_decision,decisions,decisions/faerun_religious_decisions.txt,,new,,disease,0,1
cure_wound_decision,decisions,decisions/faerun_religious_decisions.txt,,new,,,0,1
cyric_make_rival,targeted_decisions,decisions/faerun_religious_decisions.txt,,new,,,0,1
death_cheese_ranch,title_decisions,decisions/faerun_flavor_missions.txt,,new,,,0,1
decision_abduct,targeted_decisions,decisions/mnm_society_decisions.txt,decisions/mnm_society_decisions.txt,modified,ai_target_filter;allow;effect;filter;from_potential;only_playable;potential;revoke_allowed,societies,1,1
decision_break_free,targetted_decisions,decisions/way_of_life_decisions.txt,decisions/way_of_life_decisions.txt,modified,ai_will_do;revoke_allowed,,1,1
decision_spy_on,targetted_decisions,decisions/way_of_life_decisions.txt,decisions/way_of_life_decisions.txt,modified,from_potential;revoke_allowed,societies,1,1
declare_feud,targetted_decisions,,decisions/HL_clan_decisions.txt,deleted,,,1,0
delve_into_classics_decision,decisions,,decisions/HF_religious_decisions.txt,deleted,,,1,0
delve_into_forbidden,society_decisions,decisions/faerun_societies_decisions.txt,,new,,societies,0,1
delve_into_heraldry,society_decisions,decisions/faerun_societies_decisions.txt,,new,,societies,0,1
demand_courtier_religious_conversion,targeted_decisions,decisions/faerun_religious_decisions.txt,,new,,governments_custom;societies;sorcerer_tiers,0,1
demand_gavelkind,targeted_decisions,decisions/rip_various_decisions.txt,decisions/rip_various_decisions.txt,modified,effect;revoke_allowed,,1,1
demand_gavelkind_use_favor,targeted_decisions,decisions/rip_various_decisions.txt,decisions/rip_various_decisions.txt,modified,effect;revoke_allowed,,1,1
demand_liege_title,decisions,decisions/realm_decisions.txt,decisions/realm_decisions.txt,modified,ai;potential,objectives,1,1
demand_vassal_religious_conversion,targeted_decisions,decisions/faerun_religious_decisions.txt,,new,,governments_custom;societies;sorcerer_tiers,0,1
destroy_artifact,decisions,decisions/minor_decisions.txt,decisions/minor_decisions.txt,modified,effect;potential,,1,1
destroy_great_pillar,settlement_decisions,,decisions/HF_religious_decisions.txt,deleted,,,1,0
detect_thoughts_sorc,decisions,decisions/faerun_class_decisions.txt,,new,,sorcerer_tiers,0,1
determine_zodiac_sign_decision,decisions,,decisions/HF_religious_decisions.txt,deleted,,,1,0
devil_worshiper_desecrate_temple_decision,title_decisions,decisions/mnm_devil_worshipers_decisions.txt,decisions/mnm_devil_worshipers_decisions.txt,modified,effect;from_potential;is_in_society;potential;revoke_allowed,societies,1,1
devil_worshipers_corrupt_priest,targeted_decisions,decisions/mnm_devil_worshipers_decisions.txt,decisions/mnm_society_decisions.txt,modified,ai_will_do;allow;effect;from_potential;is_in_society;potential,societies,1,1
devil_worshipers_dark_divorce,targeted_decisions,,decisions/mnm_devil_worshipers_decisions.txt,deleted,,,1,0
devil_worshipers_dark_healing,targeted_decisions,decisions/mnm_devil_worshipers_decisions.txt,decisions/mnm_society_decisions.txt,modified,ai_will_do;allow;effect;potential,disease;societies,1,1
devil_worshipers_demonic_possession,targeted_decisions,,decisions/mnm_society_decisions.txt,deleted,,,1,0
devil_worshipers_induction,targeted_decisions,decisions/mnm_devil_worshipers_decisions.txt,decisions/mnm_society_decisions.txt,modified,ai_will_do;allow;effect;from_potential;potential,societies,1,1
devil_worshipers_invite_disciple_of_devil,society_decisions,,decisions/mnm_devil_worshipers_decisions.txt,deleted,,,1,0
devil_worshipers_summon_familiar,targeted_decisions,decisions/mnm_devil_worshipers_decisions.txt,decisions/mnm_devil_worshipers_decisions.txt,modified,ai_will_do;allow;effect;potential;revoke_allowed,societies,1,1
discount_mercs,society_decisions,decisions/faerun_societies_decisions.txt,,new,,societies,0,1
dissolve_factions_decision,targetted_decisions,decisions/HF_bloodline_decisions.txt,decisions/HF_bloodline_decisions.txt,modified,ai_will_do;revoke_allowed,bloodlines,1,1
dissolve_mercenary_company,targetted_decisions,decisions/HL_mercenary_decisions.txt,decisions/HL_mercenary_decisions.txt,modified,ai_check_interval;ai_will_do;from_potential;revoke_allowed,bloodlines;governments_custom,1,1
dissolve_mercenary_company_feudal,targetted_decisions,decisions/ze_decisions.txt,decisions/ze_decisions.txt,modified,ai;ai_check_interval;revoke_allowed,,1,1
divine_bloodline,decisions,decisions/faerun_religious_decisions.txt,,new,,bloodlines,0,1
dof_ravage_territory,settlement_decisions,decisions/faerun_religious_decisions.txt,,new,,,0,1
dof_weak_abdicate,decisions,decisions/faerun_religious_decisions.txt,,new,,,0,1
dominate_person_sorc,targeted_decisions,decisions/faerun_class_decisions.txt,,new,,,0,1
dominate_person_sorc_fake,decisions,decisions/faerun_class_decisions.txt,,new,,sorcerer_tiers,0,1
donate_money_to_assassins,decisions,,decisions/holy_order_decisions.txt,deleted,,,1,0
donate_money_to_bektashi,decisions,,decisions/holy_order_decisions.txt,deleted,,,1,0
donate_money_to_chosen_perkunas,decisions,,decisions/holy_order_decisions.txt,deleted,,,1,0
donate_money_to_haruriyyah,decisions,,decisions/holy_order_decisions.txt,deleted,,,1,0
donate_money_to_holy_sepulchre,decisions,,decisions/holy_order_decisions.txt,deleted,,,1,0
donate_money_to_huitzilopochtli,decisions,,decisions/holy_order_decisions.txt,deleted,,,1,0
donate_money_to_jomsvikings,decisions,,decisions/holy_order_decisions.txt,deleted,,,1,0
donate_money_to_knights_calatrava,decisions,,decisions/holy_order_decisions.txt,deleted,,,1,0
donate_money_to_knights_hospitaler,decisions,,decisions/holy_order_decisions.txt,deleted,,,1,0
donate_money_to_knights_santiago,decisions,,decisions/holy_order_decisions.txt,deleted,,,1,0
donate_money_to_knights_templar,decisions,,decisions/holy_order_decisions.txt,deleted,,,1,0
donate_money_to_order_of_addai,decisions,,decisions/holy_order_decisions.txt,deleted,,,1,0
donate_money_to_saint_anthony,decisions,,decisions/holy_order_decisions.txt,deleted,,,1,0
donate_money_to_sky_lords,decisions,,decisions/holy_order_decisions.txt,deleted,,,1,0
donate_money_to_sons_kaleva,decisions,,decisions/holy_order_decisions.txt,deleted,,,1,0
donate_money_to_spirit_guardians,decisions,,decisions/holy_order_decisions.txt,deleted,,,1,0
donate_money_to_teutonic_order,decisions,,decisions/holy_order_decisions.txt,deleted,,,1,0
donate_money_to_the_immortals,decisions,,decisions/holy_order_decisions.txt,deleted,,,1,0
donate_money_to_the_zealots,decisions,,decisions/holy_order_decisions.txt,deleted,,,1,0
donate_money_to_warriors_perun,decisions,,decisions/holy_order_decisions.txt,deleted,,,1,0
donate_money_to_zun_warriors,decisions,,decisions/holy_order_decisions.txt,deleted,,,1,0
donate_to_liege,decisions,decisions/ze_war_chest.txt,decisions/ze_war_chest.txt,modified,ai_check_interval;ai_will_do;potential;revoke_allowed,objectives,1,1
dragon_minor_gift,society_decisions,decisions/faerun_societies_decisions.txt,,new,,societies,0,1
dragon_transformation,decisions,decisions/faerun_class_decisions.txt,,new,,sorcerer_tiers,0,1
dragonborn_transformation,decisions,decisions/faerun_religious_decisions.txt,,new,,,0,1
drill_troops_decision,targetted_decisions,decisions/HF_bloodline_decisions.txt,decisions/HF_bloodline_decisions.txt,modified,revoke_allowed,bloodlines,1,1
drink_from_fountain_of_youth,decisions,decisions/wonder_decisions.txt,decisions/wonder_decisions.txt,modified,ai_check_interval;potential,wonders,1,1
duel_decision,targeted_decisions,decisions/hf_warrior_lodge_decisions.txt,decisions/hf_warrior_lodge_decisions.txt,modified,allow;from_potential;potential;revoke_allowed,bloodlines;governments_custom,1,1
duel_for_society_leadership_decision,society_decisions,decisions/faerun_societies_decisions.txt,,new,,societies,0,1
dwarven_lodge_fighting_style,society_decisions,decisions/faerun_societies_decisions.txt,,new,,societies,0,1
dynamic_crusader_state,title_decisions,,decisions/HFP_crusades.txt,deleted,,,1,0
dynastic_meddling,targetted_decisions,decisions/HF_bloodline_decisions.txt,decisions/HF_bloodline_decisions.txt,modified,ai_will_do;revoke_allowed,bloodlines,1,1
eat_brain,targetted_decisions,decisions/faerun_culturerace_decisions.txt,,new,,,0,1
elemental_transformation,decisions,decisions/faerun_class_decisions.txt,,new,,sorcerer_tiers,0,1
elven_lodge_fighting_style,society_decisions,decisions/faerun_societies_decisions.txt,,new,,societies,0,1
embrace_ashari,targetted_decisions,,decisions/realm_decisions.txt,deleted,,,1,0
embrace_mutazila,targetted_decisions,,decisions/realm_decisions.txt,deleted,,,1,0
embrace_roman_culture,decisions,,decisions/conversion_decisions.txt,deleted,,,1,0
empire_of_bulgaria_decision,decisions,,decisions/LT_936_decisions.txt,deleted,,,1,0
employ_a_smith,decisions,decisions/mnm_society_decisions.txt,decisions/mnm_society_decisions.txt,modified,effect;potential;revoke_allowed,,1,1
employ_court_physician,decisions,decisions/rip_various_decisions.txt,decisions/rip_various_decisions.txt,modified,ai_check_interval;ai_will_do;potential;revoke_allowed,minor_titles,1,1
employ_priest,decisions,decisions/employment_decisions.txt,decisions/employment_decisions.txt,modified,effect;only_playable;potential;revoke_allowed,wonders,1,1
employ_priestess,decisions,,decisions/employment_decisions.txt,deleted,,,1,0
employ_siamorphe_steward,decisions,decisions/faerun_religious_decisions.txt,,new,,,0,1
employ_soldier,decisions,decisions/employment_decisions.txt,decisions/employment_decisions.txt,modified,allow;effect;only_playable;potential;revoke_allowed,bloodlines,1,1
employ_steward,decisions,decisions/employment_decisions.txt,decisions/employment_decisions.txt,modified,effect;only_playable;potential;revoke_allowed,,1,1
employ_stewardess,decisions,,decisions/employment_decisions.txt,deleted,,,1,0
empty_mind_dec,decisions,decisions/faerun_class_decisions.txt,,new,,,0,1
endearing_noblemen_decision,targetted_decisions,decisions/HF_bloodline_decisions.txt,decisions/HF_bloodline_decisions.txt,modified,revoke_allowed,bloodlines,1,1
engage_in_training,decisions,decisions/faerun_class_decisions.txt,,new,,,0,1
enlightened_schools,decisions,decisions/faerun_religious_decisions.txt,,new,,,0,1
establish_cell,title_decisions,decisions/faerun_societies_decisions.txt,,new,,societies,0,1
establish_dwarfhold,settlement_decisions,decisions/faerun_religious_decisions.txt,,new,,,0,1
establish_lycan_court,decisions,decisions/faerun_culturerace_decisions.txt,,new,,,0,1
establish_shadow_guild,title_decisions,decisions/faerun_societies_decisions.txt,,new,,societies,0,1
establish_vampire_court,decisions,decisions/faerun_culturerace_decisions.txt,,new,,sorcerer_tiers,0,1
establishing_habsburg,decisions,,decisions/LT_936_decisions.txt,deleted,,,1,0
exchange_land_for_hospital,targeted_decisions,decisions/rip_various_decisions.txt,decisions/rip_various_decisions.txt,modified,from_potential;potential;revoke_allowed,,1,1
execute_eat,targetted_decisions,decisions/rip_torture_decisions.txt,decisions/rip_torture_decisions.txt,modified,ai_will_do;allow;effect;from_potential;potential,disease;offmap_powers,1,1
expel_assassins,decisions,decisions/holy_order_decisions.txt,,new,,societies,0,1
expel_chosen_perkunas,decisions,,decisions/holy_order_decisions.txt,deleted,,,1,0
expel_gurs,decisions,decisions/minor_decisions.txt,,new,,disease;governments_custom,0,1
expel_huitzilopochtli,decisions,,decisions/holy_order_decisions.txt,deleted,,,1,0
expel_immortals,decisions,,decisions/holy_order_decisions.txt,deleted,,,1,0
expel_jews,decisions,,decisions/realm_decisions.txt,deleted,,,1,0
expel_knights_calatrava,decisions,,decisions/holy_order_decisions.txt,deleted,,,1,0
expel_knights_santiago,decisions,,decisions/holy_order_decisions.txt,deleted,,,1,0
expel_order_of_addai,decisions,,decisions/holy_order_decisions.txt,deleted,,,1,0
expel_saint_anthony,decisions,,decisions/holy_order_decisions.txt,deleted,,,1,0
expel_sky_lords,decisions,,decisions/holy_order_decisions.txt,deleted,,,1,0
expel_sons_kaleva,decisions,,decisions/holy_order_decisions.txt,deleted,,,1,0
expel_spirit_guardians,decisions,,decisions/holy_order_decisions.txt,deleted,,,1,0
expel_the_assassins,decisions,,decisions/holy_order_decisions.txt,deleted,,,1,0
expel_the_bektashi,decisions,,decisions/holy_order_decisions.txt,deleted,,,1,0
expel_the_haruriyyah,decisions,,decisions/holy_order_decisions.txt,deleted,,,1,0
expel_the_holy_sepulchre,decisions,,decisions/holy_order_decisions.txt,deleted,,,1,0
expel_the_jomsvikings,decisions,,decisions/holy_order_decisions.txt,deleted,,,1,0
expel_the_knights_hospitaler,decisions,,decisions/holy_order_decisions.txt,deleted,,,1,0
expel_the_knights_templar,decisions,,decisions/holy_order_decisions.txt,deleted,,,1,0
expel_the_teutonic_order,decisions,,decisions/holy_order_decisions.txt,deleted,,,1,0
expel_warriors_perun,decisions,,decisions/holy_order_decisions.txt,deleted,,,1,0
expel_zealots,decisions,,decisions/holy_order_decisions.txt,deleted,,,1,0
expel_zun_warriors,decisions,,decisions/holy_order_decisions.txt,deleted,,,1,0
exploit_economy,title_decisions,decisions/faerun_societies_decisions.txt,,new,,societies,0,1
extort_subjects,decisions,decisions/ze_war_chest.txt,decisions/ze_war_chest.txt,modified,ai_check_interval;ai_will_do;potential;revoke_allowed,objectives,1,1
extract_secret,targeted_decisions,decisions/faerun_religious_decisions.txt,,new,,,0,1
faction_antiking_ultimatum,plot_decisions,,decisions/faction_decisions.txt,deleted,,,1,0
faction_claimant_ultimatum,plot_decisions,decisions/faction_decisions.txt,decisions/faction_decisions.txt,modified,ai_will_do;revoke_allowed,,1,1
faction_increase_council_power_ultimatum,plot_decisions,decisions/faction_decisions.txt,decisions/faction_decisions.txt,modified,ai_will_do;revoke_allowed,,1,1
faction_independence_ultimatum,plot_decisions,decisions/faction_decisions.txt,decisions/faction_decisions.txt,modified,ai_will_do;revoke_allowed,,1,1
faction_lower_crown_authority_ultimatum,plot_decisions,decisions/faction_decisions.txt,decisions/faction_decisions.txt,modified,ai_will_do;revoke_allowed,,1,1
faction_lower_tribal_organization_ultimatum,plot_decisions,decisions/faction_decisions.txt,decisions/faction_decisions.txt,modified,ai_will_do;revoke_allowed,,1,1
faction_overthrow_ultimatum,plot_decisions,decisions/faction_decisions.txt,decisions/faction_decisions.txt,modified,ai_will_do;revoke_allowed,,1,1
faction_powerful_vassal_takeover_ultimatum,plot_decisions,decisions/faction_decisions.txt,decisions/faction_decisions.txt,modified,ai_will_do;revoke_allowed,,1,1
faction_succ_feudal_elective_ultimatum,plot_decisions,decisions/faction_decisions.txt,decisions/faction_decisions.txt,modified,ai_will_do;revoke_allowed,,1,1
faction_succ_gavelkind_ultimatum,plot_decisions,decisions/faction_decisions.txt,decisions/faction_decisions.txt,modified,ai_will_do;revoke_allowed,,1,1
faction_succ_primogeniture_ultimatum,plot_decisions,decisions/faction_decisions.txt,decisions/faction_decisions.txt,modified,ai_will_do;revoke_allowed,,1,1
faction_succ_seniority_ultimatum,plot_decisions,decisions/faction_decisions.txt,decisions/faction_decisions.txt,modified,ai_will_do;revoke_allowed,,1,1
faction_succ_ultimogeniture_ultimatum,plot_decisions,decisions/faction_decisions.txt,,new,,,0,1
faerun_dragon_minion_arctic_dwarf_decision,decisions,decisions/faerun_minion_culture_decisions.txt,,new,,,0,1
faerun_dragon_minion_chessentan_decision,decisions,decisions/faerun_minion_culture_decisions.txt,,new,,,0,1
faerun_dragon_minion_culture_1_decision,decisions,decisions/faerun_minion_culture_decisions.txt,,new,,,0,1
faerun_dragon_minion_culture_1_remove_decision,decisions,decisions/faerun_minion_culture_decisions.txt,,new,,,0,1
faerun_dragon_minion_culture_2_decision,decisions,decisions/faerun_minion_culture_decisions.txt,,new,,,0,1
faerun_dragon_minion_culture_2_remove_decision,decisions,decisions/faerun_minion_culture_decisions.txt,,new,,,0,1
faerun_dragon_minion_culture_3_decision,decisions,decisions/faerun_minion_culture_decisions.txt,,new,,,0,1
faerun_dragon_minion_culture_3_remove_decision,decisions,decisions/faerun_minion_culture_decisions.txt,,new,,,0,1
faerun_dragon_minion_dragonspawn_decision,decisions,decisions/faerun_minion_culture_decisions.txt,,new,,,0,1
faerun_dragon_minion_fire_giant_decision,decisions,decisions/faerun_minion_culture_decisions.txt,,new,,,0,1
faerun_dragon_minion_firenewt_decision,decisions,decisions/faerun_minion_culture_decisions.txt,,new,,,0,1
faerun_dragon_minion_kobold_decision,decisions,decisions/faerun_minion_culture_decisions.txt,,new,,,0,1
faerun_dragon_minion_lizardfolk_decision,decisions,decisions/faerun_minion_culture_decisions.txt,,new,,,0,1
faerun_dragon_minion_pick_culture_settlement_decision,settlement_decisions,decisions/faerun_minion_culture_decisions.txt,,new,,,0,1
faerun_dragon_minion_pick_culture_title_decision,title_decisions,decisions/faerun_minion_culture_decisions.txt,,new,,,0,1
faerun_dragon_minion_pick_extra_decision,decisions,decisions/faerun_minion_culture_decisions.txt,,new,,,0,1
faerun_dragon_minion_shield_dwarf_decision,decisions,decisions/faerun_minion_culture_decisions.txt,,new,,,0,1
faerun_dragon_minion_show_management_decision,decisions,decisions/faerun_minion_culture_decisions.txt,,new,,,0,1
faerun_dragon_minion_storm_giant_decision,decisions,decisions/faerun_minion_culture_decisions.txt,,new,,,0,1
faerun_dragon_minion_strixiki_decision,decisions,decisions/faerun_minion_culture_decisions.txt,,new,,,0,1
faithless_branch,decisions,decisions/faerun_religious_decisions.txt,,new,,,0,1
faithless_hard_work,decisions,decisions/faerun_religious_decisions.txt,,new,,,0,1
feast_0,decisions,decisions/minor_decisions.txt,decisions/minor_decisions.txt,modified,ai_will_do;allow;effect;potential;revoke_allowed,,1,1
find_guru,decisions,,decisions/minor_decisions.txt,deleted,,,1,0
find_runecaster,decisions,decisions/faerun_religious_decisions.txt,,new,,governments_custom;minor_titles,0,1
fix_holding_with_dead_owner,settlement_decisions,decisions/settlement_decisions.txt,decisions/settlement_decisions.txt,modified,ai;revoke_allowed,,1,1
form_great_wyrm_tribe,decisions,decisions/faerun_realm_forming.txt,,new,,,0,1
form_holy_sepulchre,decisions,,decisions/HFP_holy_order_decisions.txt,deleted,,,1,0
form_knights_of_calatrava,decisions,,decisions/HFP_holy_order_decisions.txt,deleted,,,1,0
form_knights_of_santiago,decisions,,decisions/HFP_holy_order_decisions.txt,deleted,,,1,0
form_lcr,decisions,,decisions/HFP_realm_decisions.txt,deleted,,,1,0
form_mage_hunters,decisions,decisions/faerun_religious_decisions.txt,,new,,,0,1
form_new_empire,decisions,decisions/realm_decisions.txt,decisions/realm_decisions.txt,modified,allow;effect;potential;revoke_allowed,,1,1
form_new_kingdom,decisions,decisions/realm_decisions.txt,decisions/realm_decisions.txt,modified,allow;effect;potential;revoke_allowed,,1,1
form_st_addai,decisions,,decisions/holy_order_decisions.txt,deleted,,,1,0
form_st_anthony,decisions,,decisions/holy_order_decisions.txt,deleted,,,1,0
form_teutonic_order,decisions,,decisions/HFP_holy_order_decisions.txt,deleted,,,1,0
form_the_eastern_marches,decisions,,decisions/HFP_realm_decisions.txt,deleted,,,1,0
form_the_hre,decisions,,decisions/realm_decisions.txt,deleted,,,1,0
form_the_hre_early,decisions,,decisions/realm_decisions.txt,deleted,,,1,0
form_the_outremer,decisions,,decisions/HFP_realm_decisions.txt,deleted,,,1,0
foster_child,decisions,decisions/faerun_misc_decisions.txt,,new,,governments_custom,0,1
found_rhymanthiin,decisions,decisions/faerun_realm_forming.txt,,new,,,0,1
fr_prepared_invasion,targetted_decisions,decisions/faerun_prepared_invasion.txt,,new,,governments_custom,0,1
garagos_tactics,decisions,decisions/faerun_religious_decisions.txt,,new,,,0,1
gather_raiders,decisions,decisions/faerun_class_decisions.txt,,new,,,0,1
gather_warriors,decisions,decisions/faerun_class_decisions.txt,,new,,governments_custom,0,1
gender_alteration,decisions,decisions/faerun_religious_decisions.txt,,new,,governments_custom;sorcerer_tiers,0,1
get_animal_companion,decisions,decisions/faerun_class_decisions.txt,,new,,,0,1
give_child_special_baptism,targetted_decisions,,decisions/HF_baptism_decisions.txt,deleted,,,1,0
glamour_dec,decisions,decisions/faerun_class_decisions.txt,,new,,sorcerer_tiers,0,1
go_into_hiding,targetted_decisions,decisions/dynasty_decisions.txt,decisions/dynasty_decisions.txt,modified,revoke_allowed,job_titles,1,1
go_on_hajj,decisions,,decisions/minor_decisions.txt,deleted,,,1,0
go_raiding,decisions,decisions/faerun_adventuring_decisions.txt,,new,,,0,1
great_ritual,society_decisions,decisions/faerun_societies_decisions.txt,,new,,societies,0,1
grumbar_earth_stability_decision,decisions,decisions/faerun_religious_decisions.txt,,new,,,0,1
harper_prepared_invasion,targeted_decisions,decisions/faerun_societies_decisions.txt,,new,,societies,0,1
harper_training,society_decisions,decisions/faerun_societies_decisions.txt,,new,,societies,0,1
hathor_tend_poor,settlement_decisions,decisions/faerun_religious_decisions.txt,,new,,,0,1
heal_mind,targeted_decisions,decisions/faerun_class_decisions.txt,,new,,,0,1
heal_mind_fake,decisions,decisions/faerun_class_decisions.txt,,new,,sorcerer_tiers,0,1
hellenic_dedicate_temple,title_decisions,,decisions/HF_religious_decisions.txt,deleted,,,1,0
help_liege_manage_titles,decisions,decisions/councillor_decision.txt,decisions/councillor_decision.txt,modified,potential;revoke_allowed,governments_custom;job_titles,1,1
hermetic_grand_debate,society_decisions,,decisions/mnm_hermetics_decisions.txt,deleted,,,1,0
hermetics_acquire_ingredients_decision,society_decisions,,decisions/mnm_hermetics_decisions.txt,deleted,,,1,0
hermetics_make_horoscope,targeted_decisions,,decisions/mnm_hermetics_decisions.txt,deleted,,,1,0
hermetics_perform_scrying,targeted_decisions,decisions/mnm_hermetics_decisions.txt,decisions/mnm_hermetics_decisions.txt,modified,ai_check_interval;effect;potential;revoke_allowed,societies,1,1
hermetics_write_magnum_opus,targeted_decisions,,decisions/mnm_hermetics_decisions.txt,deleted,,,1,0
hermetics_write_theory_paper,society_decisions,,decisions/mnm_hermetics_decisions.txt,deleted,,,1,0
highmagic_baelnorn,decisions,decisions/faerun_religious_decisions.txt,,new,,sorcerer_tiers,0,1
highmagic_celestial_army,decisions,decisions/faerun_religious_decisions.txt,,new,,governments_custom,0,1
highmagic_mythal,decisions,decisions/faerun_religious_decisions.txt,,new,,governments_custom,0,1
highmagic_nymphs_aura,decisions,decisions/faerun_religious_decisions.txt,,new,,governments_custom,0,1
highmagic_reverend_one,decisions,decisions/faerun_religious_decisions.txt,,new,,governments_custom;minor_titles,0,1
highmagic_worldweave,decisions,decisions/faerun_religious_decisions.txt,,new,,governments_custom,0,1
hire_brigands,decisions,decisions/faerun_class_decisions.txt,,new,,,0,1
hire_helmite_bodyguards,decisions,decisions/faerun_religious_decisions.txt,,new,,,0,1
hire_planewalker,decisions,decisions/faerun_religious_decisions.txt,,new,,,0,1
hire_teutonic_honor_guard,decisions,,decisions/HFP_holy_order_decisions.txt,deleted,,,1,0
hoar_declare_rival,targeted_decisions,decisions/faerun_religious_decisions.txt,,new,,,0,1
hoar_impending_doom,decisions,decisions/faerun_religious_decisions.txt,,new,,,0,1
hoar_penultimate_thunder,decisions,decisions/faerun_religious_decisions.txt,,new,,,0,1
hold_a_epic_tournament,decisions,decisions/realm_decisions.txt,decisions/realm_decisions.txt,modified,allow;effect;potential,governments_custom,1,1
hold_a_furusiyya,decisions,decisions/realm_decisions.txt,decisions/realm_decisions.txt,modified,allow;effect;potential,,1,1
hold_a_jousting_tournament,society_decisions,decisions/faerun_societies_decisions.txt,,new,,societies,0,1
hold_blot,decisions,decisions/minor_decisions.txt,decisions/minor_decisions.txt,modified,ai_will_do;allow;effect;potential;revoke_allowed,,1,1
hold_diwali_feast_buddhist,decisions,,decisions/minor_decisions.txt,deleted,,,1,0
hold_diwali_feast_hindu,decisions,,decisions/minor_decisions.txt,deleted,,,1,0
hold_diwali_feast_jain,decisions,,decisions/minor_decisions.txt,deleted,,,1,0
hold_diwali_feast_kali_puja,decisions,,decisions/minor_decisions.txt,deleted,,,1,0
hold_grand_hunt,decisions,decisions/minor_decisions.txt,decisions/minor_decisions.txt,modified,potential;revoke_allowed,,1,1
hold_great_tribal_festival,decisions,decisions/HF_realm_decisions.txt,decisions/HF_realm_decisions.txt,modified,potential;revoke_allowed,,1,1
hold_jarilo,decisions,decisions/minor_decisions.txt,decisions/minor_decisions.txt,modified,ai_will_do;allow;effect;potential;revoke_allowed,,1,1
hold_magic_symposium,decisions,decisions/faerun_religious_decisions.txt,,new,,,0,1
hold_nerge,decisions,decisions/minor_decisions.txt,decisions/minor_decisions.txt,modified,ai_will_do;allow;effect;only_independent;only_playable;potential;revoke_allowed,governments_custom,1,1
hold_nomad_wargames,decisions,decisions/realm_decisions.txt,decisions/realm_decisions.txt,modified,ai_check_interval;potential;revoke_allowed,governments_custom,1,1
hold_tiger_hunt,decisions,decisions/minor_decisions.txt,decisions/minor_decisions.txt,modified,allow;potential;revoke_allowed,,1,1
hold_ukon_juhla,decisions,decisions/minor_decisions.txt,decisions/minor_decisions.txt,modified,ai_will_do;allow;effect;potential;revoke_allowed,,1,1
hold_uthgar_season_feast,decisions,decisions/faerun_religious_decisions.txt,,new,,,0,1
hold_uzgavenes,decisions,decisions/minor_decisions.txt,decisions/minor_decisions.txt,modified,ai_will_do;allow;effect;potential;revoke_allowed,,1,1
hold_zun_feast,decisions,,decisions/minor_decisions.txt,deleted,,,1,0
illithid_elder_brain,decisions,decisions/faerun_culturerace_decisions.txt,,new,,,0,1
ilmater_health,decisions,decisions/faerun_religious_decisions.txt,,new,,,0,1
ilmater_prov_health,settlement_decisions,decisions/faerun_religious_decisions.txt,,new,,disease,0,1
ilsensine_awaken_psi,decisions,decisions/faerun_religious_decisions.txt,,new,,,0,1
ilsensine_dominate_mob,settlement_decisions,decisions/faerun_religious_decisions.txt,,new,,,0,1
ilsensine_force_efficiency,settlement_decisions,decisions/faerun_religious_decisions.txt,,new,,,0,1
immortal_retire,targetted_decisions,decisions/dynasty_decisions.txt,,new,,,0,1
increase_alertness,decisions,decisions/faerun_class_decisions.txt,,new,,,0,1
increase_mercenary_size,decisions,decisions/HL_mercenary_decisions.txt,decisions/HL_mercenary_decisions.txt,modified,ai_check_interval;potential;revoke_allowed,bloodlines;governments_custom,1,1
indian_pilgrimage,decisions,,decisions/minor_decisions.txt,deleted,,,1,0
infect_with_lycanthropy,targetted_decisions,decisions/faerun_culturerace_decisions.txt,,new,,,0,1
interfere_in_vassal_war_attacker,targeted_decisions,decisions/rip_various_decisions.txt,decisions/rip_various_decisions.txt,modified,effect;revoke_allowed,,1,1
interfere_in_vassal_war_attacker_use_favor,targeted_decisions,decisions/rip_various_decisions.txt,decisions/rip_various_decisions.txt,modified,effect;revoke_allowed,,1,1
interfere_in_vassal_war_defender,targeted_decisions,decisions/rip_various_decisions.txt,decisions/rip_various_decisions.txt,modified,effect;revoke_allowed,,1,1
interfere_in_vassal_war_defender_use_favor,targeted_decisions,decisions/rip_various_decisions.txt,decisions/rip_various_decisions.txt,modified,effect;revoke_allowed,,1,1
introduce_heir,targetted_decisions,decisions/ze_decisions.txt,decisions/ze_decisions.txt,modified,from_potential;potential;revoke_allowed,objectives,1,1
invite_dracolich,society_decisions,decisions/faerun_societies_decisions.txt,,new,,societies;sorcerer_tiers,0,1
invite_druid,society_decisions,decisions/faerun_societies_decisions.txt,,new,,job_titles;societies,0,1
invite_hermetic_to_stargazing,targeted_decisions,,decisions/mnm_hermetics_decisions.txt,deleted,,,1,0
invite_high_mage,decisions,decisions/faerun_religious_decisions.txt,,new,,minor_titles,0,1
invite_to_party,targetted_decisions,decisions/way_of_life_decisions.txt,decisions/way_of_life_decisions.txt,modified,ai_check_interval;ai_will_do;allow;effect;from_potential;revoke_allowed,societies,1,1
issue_declaration_of_repentance,decisions,,decisions/realm_decisions.txt,deleted,,,1,0
join_retreat,decisions,decisions/faerun_religious_decisions.txt,,new,,sorcerer_tiers,0,1
joyful_etiquette_lessons,decisions,decisions/faerun_religious_decisions.txt,,new,,,0,1
joyful_improve_appearance,decisions,decisions/faerun_religious_decisions.txt,,new,,,0,1
kaitotem,decisions,decisions/faerun_religious_decisions.txt,,new,,,0,1
kievan_rus_local_traditions,decisions,,decisions/LT_936_decisions.txt,deleted,,,1,0
knight_order_inspire_warriors,settlement_decisions,decisions/faerun_societies_decisions.txt,,new,,societies,0,1
knight_order_summon_commander,society_decisions,decisions/faerun_societies_decisions.txt,,new,,governments_custom;job_titles;minor_titles;societies,0,1
knight_order_warrior_training,targeted_decisions,decisions/faerun_societies_decisions.txt,,new,,societies,0,1
kossuth_burn_away_illness,decisions,decisions/faerun_religious_decisions.txt,,new,,disease,0,1
kossuth_cleanse_land,title_decisions,decisions/faerun_religious_decisions.txt,,new,,disease,0,1
kraken_aqua_servant,society_decisions,decisions/faerun_societies_decisions.txt,,new,,societies,0,1
kraken_legendary_gathering,society_decisions,decisions/faerun_societies_decisions.txt,,new,,objectives;societies,0,1
kuo_tan_become_vassal,society_decisions,decisions/faerun_societies_decisions.txt,,new,,offmap_powers;societies,0,1
launder_cash,decisions,decisions/faerun_class_decisions.txt,,new,,,0,1
lay_on_hands,decisions,decisions/faerun_class_decisions.txt,,new,,,0,1
legend_lore_sorc,decisions,decisions/faerun_class_decisions.txt,,new,,sorcerer_tiers,0,1
legitimize_bastard,targetted_decisions,decisions/dynasty_decisions.txt,decisions/dynasty_decisions.txt,modified,ai;ai_check_interval;allow;effect;filter;from_potential;revoke_allowed,bloodlines,1,1
long_live_the_brotherhood,society_decisions,decisions/faerun_societies_decisions.txt,,new,,societies,0,1
long_live_the_flame_brotherhood,society_decisions,decisions/faerun_societies_decisions.txt,,new,,societies,0,1
loyal_vassalage,decisions,decisions/faerun_religious_decisions.txt,,new,,,0,1
make_primary,settlement_decisions,decisions/settlement_decisions.txt,decisions/settlement_decisions.txt,modified,allow;revoke_allowed,governments_custom,1,1
make_rome_capital,decisions,,decisions/realm_decisions.txt,deleted,,,1,0
make_shieldmaiden,targetted_decisions,decisions/norse_minor_decisions.txt,decisions/norse_minor_decisions.txt,modified,ai_check_interval;ai_will_do;allow;from_potential;potential;revoke_allowed,,1,1
malar_become_werebeast,decisions,decisions/faerun_religious_decisions.txt,,new,,,0,1
manifest_mindblade,decisions,decisions/faerun_class_decisions.txt,,new,,sorcerer_tiers,0,1
mend_great_schism,decisions,,decisions/realm_decisions.txt,deleted,,,1,0
mind_control_dec,targeted_decisions,decisions/faerun_class_decisions.txt,,new,,sorcerer_tiers,0,1
monastic_order_convert_county,title_decisions,,decisions/mnm_monastic_order_decisions.txt,deleted,,,1,0
monastic_order_meditation,society_decisions,decisions/mnm_monastic_order_decisions.txt,decisions/mnm_society_decisions.txt,modified,ai_check_interval;ai_will_do;allow;potential;revoke_allowed,,1,1
monastic_order_penance,society_decisions,,decisions/mnm_society_decisions.txt,deleted,,,1,0
monastic_order_rejoin_world,society_decisions,decisions/mnm_monastic_order_decisions.txt,decisions/mnm_society_decisions.txt,modified,ai;ai_check_interval;revoke_allowed,,1,1
monastic_orders_donate_to_charity,society_decisions,,decisions/mnm_society_decisions.txt,deleted,,,1,0
monastic_orders_go_celibate,society_decisions,decisions/mnm_monastic_order_decisions.txt,decisions/mnm_society_decisions.txt,modified,effect;potential,societies,1,1
monastic_orders_invite_ascetic,society_decisions,,decisions/mnm_monastic_order_decisions.txt,deleted,,,1,0
monastic_orders_perfect_self,society_decisions,decisions/mnm_monastic_order_decisions.txt,,new,,societies,0,1
monastic_orders_spiritual_guidance,targetted_decisions,decisions/mnm_monastic_order_decisions.txt,decisions/mnm_monastic_order_decisions.txt,modified,ai_check_interval;allow;effect;from_potential;revoke_allowed,societies,1,1
monastic_orders_stop_celibate,society_decisions,decisions/mnm_monastic_order_decisions.txt,decisions/mnm_society_decisions.txt,modified,potential,societies,1,1
monastic_orders_teach_virtue,targetted_decisions,decisions/mnm_monastic_order_decisions.txt,decisions/mnm_monastic_order_decisions.txt,modified,ai_check_interval;allow;effect;from_potential;revoke_allowed,societies,1,1
money_to_piety,decisions,decisions/faerun_religious_decisions.txt,,new,,,0,1
monk_abandon_focus,decisions,decisions/faerun_class_decisions.txt,,new,,,0,1
monk_contemplate,decisions,decisions/faerun_class_decisions.txt,,new,,,0,1
monk_longevity,decisions,decisions/faerun_class_decisions.txt,,new,,,0,1
monk_mob,decisions,decisions/faerun_class_decisions.txt,,new,,,0,1
mound_burial_decision,decisions,decisions/faerun_religious_decisions.txt,,new,,,0,1
move_crown_focus,title_decisions,decisions/title_decisions.txt,decisions/title_decisions.txt,modified,revoke_allowed,governments_custom,1,1
muhjari_cultivate_gardens,settlement_decisions,decisions/faerun_religious_decisions.txt,,new,,,0,1
muhjari_syncretise,title_decisions,decisions/faerun_religious_decisions.txt,,new,,,0,1
murder_deflection_decision,targetted_decisions,decisions/HF_bloodline_decisions.txt,decisions/HF_bloodline_decisions.txt,modified,ai_will_do;revoke_allowed,bloodlines,1,1
muslim_mercenary_for_reconquista_attacker_side,targetted_decisions,,decisions/HF_realm_decisions.txt,deleted,,,1,0
muslim_mercenary_for_reconquista_mercenary_side,targetted_decisions,,decisions/HF_realm_decisions.txt,deleted,,,1,0
nature_favor,society_decisions,decisions/faerun_societies_decisions.txt,,new,,societies,0,1
negotiate_with_adventurer,targeted_decisions,decisions/jd_decisions.txt,decisions/jd_decisions.txt,modified,ai;allow;revoke_allowed,,1,1
nomad_adopt_feudalism,settlement_decisions,,decisions/settlement_decisions.txt,deleted,,,1,0
nomad_adopt_republicanism,settlement_decisions,,decisions/settlement_decisions.txt,deleted,,,1,0
nomadrule_duel_decision,targeted_decisions,decisions/faerun_nomadic_tribal_decisions.txt,,new,,governments_custom,0,1
nomadrule_duel_out_of_court,targeted_decisions,decisions/faerun_nomadic_tribal_decisions.txt,,new,,governments_custom,0,1
observe_ramadan,decisions,decisions/minor_decisions.txt,decisions/minor_decisions.txt,modified,effect;potential;revoke_allowed,,1,1
onyx_conjure_servants,decisions,decisions/faerun_artifact_decisions.txt,,new,,,0,1
open_gov_list,decisions,decisions/faerun_govs_control.txt,,new,,,0,1
open_psi_spellbook,decisions,decisions/faerun_spellbook_control.txt,,new,,sorcerer_tiers,0,1
open_rituals,decisions,decisions/faerun_spellbook_control.txt,,new,,,0,1
open_sorc_spellbook,decisions,decisions/faerun_spellbook_control.txt,,new,,sorcerer_tiers,0,1
open_the_gates,decisions,decisions/rip_various_decisions.txt,decisions/rip_various_decisions.txt,modified,ai_will_do;filter;potential;revoke_allowed,disease;minor_titles,1,1
orc_claim,title_decisions,decisions/faerun_religious_decisions.txt,,new,,,0,1
order_to_join_holy_order,targetted_decisions,,decisions/HFP_holy_order_decisions.txt,deleted,,,1,0
order_to_take_vows,targetted_decisions,decisions/dynasty_decisions.txt,decisions/dynasty_decisions.txt,modified,allow;effect;from_potential;potential;revoke_allowed,bloodlines;societies,1,1
organize_army_light,decisions,,decisions/holy_order_decisions.txt,deleted,,,1,0
organize_levy,settlement_decisions,decisions/faerun_class_decisions.txt,,new,,,0,1
organize_levy_reminder,decisions,decisions/faerun_class_decisions.txt,,new,,,0,1
organize_varangian_guard,decisions,,decisions/realm_decisions.txt,deleted,,,1,0
overthrow_grandmaster_decision,society_decisions,decisions/faerun_societies_decisions.txt,,new,,societies,0,1
pagan_branch_decision,decisions,decisions/HF_religious_decisions.txt,decisions/HF_religious_decisions.txt,modified,potential;revoke_allowed,,1,1
paladin_oaths,decisions,decisions/faerun_class_decisions.txt,,new,,,0,1
patrons_bon,decisions,,decisions/jd_bon_decisions.txt,deleted,,,1,0
patrons_fae_cf,decisions,decisions/faerun_religious_decisions.txt,,new,,job_titles;minor_titles,0,1
patrons_khu,decisions,,decisions/jd_zoroastrian_decisions.txt,deleted,,,1,0
petition_doge_for_tp,decisions,decisions/realm_decisions.txt,decisions/realm_decisions.txt,modified,ai_check_interval;potential,trade_routes,1,1
phantasmal_force,decisions,decisions/faerun_class_decisions.txt,,new,,,0,1
phantasmal_force_sorc,decisions,decisions/faerun_class_decisions.txt,,new,,sorcerer_tiers,0,1
pick_beast_totem,decisions,decisions/faerun_religious_decisions.txt,,new,,,0,1
pick_main_deity,decisions,,decisions/minor_decisions.txt,deleted,,,1,0
pick_wiz_spec,decisions,decisions/faerun_class_decisions.txt,,new,,,0,1
pillage_settlement,settlement_decisions,decisions/settlement_decisions.txt,decisions/settlement_decisions.txt,modified,ai_target_filter;ai_will_do;allow;effect;filter;from_potential;potential;revoke_allowed,governments_custom;societies,1,1
plaguebringers_recruit,targeted_decisions,,decisions/mnm_society_decisions.txt,deleted,,,1,0
planar_binding_sorc_divine,decisions,decisions/faerun_class_decisions.txt,,new,,governments_custom;sorcerer_tiers,0,1
planar_binding_sorc_shadow,decisions,decisions/faerun_class_decisions.txt,,new,,sorcerer_tiers,0,1
planar_binding_sorc_storm,decisions,decisions/faerun_class_decisions.txt,,new,,sorcerer_tiers,0,1
plot_gain_fellow_vassal_title_decision_100,plot_decisions,decisions/plot_decisions.txt,decisions/plot_decisions.txt,modified,ai;ai_check_interval;ai_will_do;effect;potential;revoke_allowed,,1,1
plot_gain_fellow_vassal_title_decision_75,plot_decisions,decisions/plot_decisions.txt,decisions/plot_decisions.txt,modified,ai_check_interval;effect;potential;revoke_allowed,,1,1
plot_gain_liege_title_decision_100,plot_decisions,decisions/plot_decisions.txt,decisions/plot_decisions.txt,modified,ai;ai_check_interval;ai_will_do;effect;potential;revoke_allowed,,1,1
plot_gain_liege_title_decision_75,plot_decisions,decisions/plot_decisions.txt,decisions/plot_decisions.txt,modified,ai_check_interval;effect;potential;revoke_allowed,,1,1
plot_gain_title_decision,plot_decisions,,decisions/plot_decisions.txt,deleted,,,1,0
plot_gain_vassal_title_decision,plot_decisions,decisions/plot_decisions.txt,decisions/plot_decisions.txt,modified,ai_check_interval;effect;potential;revoke_allowed,,1,1
plot_seize_trade_post_decision,plot_decisions,decisions/plot_decisions.txt,decisions/plot_decisions.txt,modified,ai_check_interval;effect;potential;revoke_allowed,trade_routes,1,1
plot_weaken_fellow_vassal_decision,plot_decisions,,decisions/plot_decisions.txt,deleted,,,1,0
plot_weaken_fellow_vassal_decision_liege,plot_decisions,,decisions/plot_decisions.txt,deleted,,,1,0
plunder_dragon_hoard,title_decisions,decisions/faerun_religious_decisions.txt,,new,,wonders,0,1
plunder_knowledge_wonder,title_decisions,decisions/faerun_societies_decisions.txt,,new,,societies;wonders,0,1
possess_prisoner,targeted_decisions,decisions/faerun_religious_decisions.txt,,new,,governments_custom,0,1
prepare_coronation_ceremony,decisions,,decisions/HF_coronation_decisions.txt,deleted,,,1,0
prepare_for_iurit,decisions,decisions/faerun_religious_decisions.txt,,new,,,0,1
prepare_reconquista,decisions,,decisions/HF_realm_decisions.txt,deleted,,,1,0
present_debutante,decisions,decisions/employment_decisions.txt,decisions/employment_decisions.txt,modified,effect;only_playable;potential;revoke_allowed,,1,1
present_male_debutante,decisions,decisions/employment_decisions.txt,,new,,,0,1
primordial_summon_genie,decisions,decisions/faerun_religious_decisions.txt,,new,,,0,1
prisoner_brazen_bull,targetted_decisions,decisions/HF_bloodline_decisions.txt,decisions/HF_bloodline_decisions.txt,modified,ai_check_interval;ai_will_do;effect;revoke_allowed,bloodlines,1,1
prisoner_dark_sacrifice,targeted_decisions,decisions/mnm_devil_worshipers_decisions.txt,decisions/mnm_society_decisions.txt,modified,ai_will_do;allow;effect;from_potential;is_in_society;potential,bloodlines;societies,1,1
prisoner_dragon_burning,targetted_decisions,decisions/HF_bloodline_decisions.txt,decisions/HF_bloodline_decisions.txt,modified,ai_check_interval;ai_will_do;effect;from_potential;revoke_allowed,bloodlines,1,1
prisoner_humiliation,targetted_decisions,decisions/rip_torture_decisions.txt,decisions/rip_torture_decisions.txt,modified,ai_check_interval;ai_will_do;revoke_allowed,governments_custom,1,1
prisoner_macabre_banquet,targetted_decisions,decisions/HF_bloodline_decisions.txt,decisions/HF_bloodline_decisions.txt,modified,ai_check_interval;ai_will_do;effect;revoke_allowed,bloodlines,1,1
prisoner_mutilate,targetted_decisions,decisions/rip_torture_decisions.txt,decisions/rip_torture_decisions.txt,modified,ai_check_interval;ai_will_do;effect;from_potential;potential;revoke_allowed,,1,1
prisoner_read_poetry,targetted_decisions,decisions/rip_torture_decisions.txt,decisions/rip_torture_decisions.txt,modified,ai_check_interval;ai_will_do;revoke_allowed,,1,1
prisoner_to_dungeon,targetted_decisions,decisions/vassal_decisions.txt,decisions/vassal_decisions.txt,modified,ai;ai_check_interval;revoke_allowed,,1,1
prisoner_to_oubilette,targetted_decisions,decisions/vassal_decisions.txt,decisions/vassal_decisions.txt,modified,ai;ai_check_interval;revoke_allowed,,1,1
prisoner_to_suite,targetted_decisions,decisions/vassal_decisions.txt,decisions/vassal_decisions.txt,modified,ai;ai_check_interval;revoke_allowed,,1,1
prisoner_torture,targetted_decisions,decisions/rip_torture_decisions.txt,decisions/rip_torture_decisions.txt,modified,ai_check_interval;ai_will_do;effect;revoke_allowed,,1,1
promise_to_join_reconquista,targetted_decisions,,decisions/HF_realm_decisions.txt,deleted,,,1,0
purchase_spelljammer,decisions,decisions/faerun_misc_decisions.txt,,new,,,0,1
purge_spellplague,settlement_decisions,decisions/faerun_religious_decisions.txt,,new,,,0,1
raiding_adventurer_buy_title,title_decisions,decisions/HL_title_decisions.txt,decisions/HL_title_decisions.txt,modified,ai_will_do,governments_custom,1,1
raise_chinese_honor_guard,decisions,,decisions/jd_decisions.txt,deleted,,,1,0
raise_chinese_regiment,decisions,,decisions/jd_decisions.txt,deleted,,,1,0
raise_defensive_unit,decisions,decisions/unit_decisions.txt,decisions/unit_decisions.txt,modified,allow;potential;revoke_allowed,,1,1
raise_monster_units,decisions,decisions/faerun_culturerace_decisions.txt,,new,,,0,1
raise_shou_lung_honor_guard,decisions,decisions/shou_lung_decisions.txt,,new,,,0,1
raise_shou_lung_regiment,decisions,decisions/shou_lung_decisions.txt,,new,,governments_custom;offmap_powers,0,1
raise_tribal_units,decisions,decisions/unit_decisions.txt,decisions/unit_decisions.txt,modified,effect;potential,,1,1
raise_undead_units,decisions,decisions/faerun_religious_decisions.txt,,new,,,0,1
ranger_pick_terrain,decisions,decisions/faerun_class_decisions.txt,,new,,,0,1
reckless_dweomer,decisions,decisions/faerun_class_decisions.txt,,new,,sorcerer_tiers,0,1
reclaim_nomad_province,title_decisions,,decisions/title_decisions.txt,deleted,,,1,0
reconquista_beneficiary_other,targetted_decisions,,decisions/HF_realm_decisions.txt,deleted,,,1,0
reconquista_beneficiary_self,targetted_decisions,,decisions/HF_realm_decisions.txt,deleted,,,1,0
recreate_the_papal_guards,decisions,,decisions/HFP_realm_decisions.txt,deleted,,,1,0
recreate_waterdeep,decisions,decisions/faerun_culturerace_decisions.txt,,new,,societies,0,1
recruit_academy_hero,decisions,decisions/wonder_decisions.txt,decisions/wonder_decisions.txt,modified,ai;potential;revoke_allowed,wonders,1,1
recruit_amaunatori_judge,decisions,decisions/faerun_religious_decisions.txt,,new,,,0,1
recruit_child_decision,targeted_decisions,decisions/hf_warrior_lodge_decisions.txt,decisions/hf_warrior_lodge_decisions.txt,modified,allow;revoke_allowed,bloodlines;governments_custom;societies,1,1
recruit_deneir_scribe,decisions,decisions/faerun_religious_decisions.txt,,new,,,0,1
recruit_helmite_commander,decisions,decisions/faerun_religious_decisions.txt,,new,,bloodlines,0,1
recruit_prisoner,targeted_decisions,decisions/rip_various_decisions.txt,decisions/rip_various_decisions.txt,modified,potential;revoke_allowed,,1,1
recruit_torm_paladin,decisions,decisions/faerun_religious_decisions.txt,,new,,bloodlines,0,1
recruit_troops_nomad,decisions,decisions/HL_decisions.txt,decisions/HL_decisions.txt,modified,potential,governments_custom,1,1
recruit_troops_norse,decisions,decisions/HL_decisions.txt,decisions/HL_decisions.txt,modified,potential,governments_custom,1,1
recruit_wonder_guard,decisions,decisions/wonder_decisions.txt,decisions/wonder_decisions.txt,modified,potential,wonders,1,1
reforge_crown_of_narfell_decision,decisions,decisions/faerun_artifact_decisions.txt,,new,,,0,1
reforge_regalia_of_impiltur_decision,decisions,decisions/faerun_artifact_decisions.txt,,new,,governments_custom,0,1
reform_anok_imaskar,decisions,decisions/faerun_realm_forming.txt,,new,,bloodlines,0,1
reform_athalantar,decisions,decisions/faerun_realm_forming.txt,,new,,bloodlines,0,1
reform_moradask_empire,decisions,decisions/faerun_realm_forming.txt,,new,,,0,1
reform_moradask_kingdom,decisions,decisions/faerun_realm_forming.txt,,new,,,0,1
reform_muluk_kingdom,decisions,decisions/faerun_realm_forming.txt,,new,,bloodlines,0,1
reform_shanatar,decisions,decisions/faerun_realm_forming.txt,,new,,bloodlines,0,1
reform_shoon,decisions,decisions/faerun_realm_forming.txt,,new,,bloodlines,0,1
reform_uthtower,decisions,decisions/faerun_realm_forming.txt,,new,,,0,1
reform_yarlith,decisions,decisions/faerun_realm_forming.txt,,new,,,0,1
regenerate_decision,decisions,decisions/faerun_religious_decisions.txt,,new,,,0,1
release_tributary,targeted_decisions,decisions/rip_various_decisions.txt,decisions/rip_various_decisions.txt,modified,revoke_allowed,,1,1
relieve_shieldmaiden,targetted_decisions,decisions/norse_minor_decisions.txt,decisions/norse_minor_decisions.txt,modified,from_potential;potential;revoke_allowed,,1,1
remove_reconquista_beneficiary_other,targetted_decisions,,decisions/HF_realm_decisions.txt,deleted,,,1,0
remove_reconquista_beneficiary_self,targetted_decisions,,decisions/HF_realm_decisions.txt,deleted,,,1,0
remove_vow_of_poverty,decisions,decisions/faerun_religious_decisions.txt,,new,,,0,1
rename_artifact,decisions,decisions/minor_decisions.txt,decisions/minor_decisions.txt,modified,potential,,1,1
rename_wonder,decisions,decisions/minor_decisions.txt,decisions/minor_decisions.txt,modified,potential,wonders,1,1
renounce_iconoclasm,decisions,,decisions/conversion_decisions.txt,deleted,,,1,0
repair_peacock_throne,decisions,decisions/faerun_artifact_decisions.txt,,new,,,0,1
repair_wonder_decision,decisions,decisions/wonder_decisions.txt,decisions/wonder_decisions.txt,modified,ai_check_interval;potential,wonders,1,1
repay_money_gurs,decisions,decisions/minor_decisions.txt,,new,,,0,1
repay_money_jewish_special,decisions,,decisions/HFP_minor_decisions.txt,deleted,,,1,0
repay_money_jews,decisions,,decisions/minor_decisions.txt,deleted,,,1,0
repay_money_radhanites,decisions,,decisions/jd_jewish_decisions.txt,deleted,,,1,0
request_council_position,targetted_decisions,decisions/ze_ambition_decisions.txt,decisions/ze_ambition_decisions.txt,modified,ai;revoke_allowed,objectives,1,1
request_sponsored_baptism,targetted_decisions,,decisions/HF_baptism_decisions.txt,deleted,,,1,0
request_to_rank_up_within_society,society_decisions,decisions/mnm_society_decisions.txt,decisions/mnm_society_decisions.txt,modified,allow;effect;potential;revoke_allowed,societies,1,1
resplendent_youth,decisions,decisions/faerun_religious_decisions.txt,,new,,,0,1
restore_ammarindar,decisions,decisions/faerun_religious_decisions.txt,,new,,,0,1
restore_besilmer,decisions,decisions/faerun_religious_decisions.txt,,new,,,0,1
restore_black_altar,decisions,decisions/faerun_religious_decisions.txt,,new,,,0,1
restore_byzantine_empire,decisions,,decisions/HFP_realm_decisions.txt,deleted,,,1,0
restore_dareth,decisions,decisions/faerun_religious_decisions.txt,,new,,,0,1
restore_dwarfhold,settlement_decisions,decisions/faerun_religious_decisions.txt,,new,,,0,1
restore_ecumenical_patriarchate,decisions,,decisions/religious_decisions.txt,deleted,,,1,0
restore_gharraghaur,decisions,decisions/faerun_religious_decisions.txt,,new,,,0,1
restore_haunghdannar,decisions,decisions/faerun_religious_decisions.txt,,new,,,0,1
restore_high_priesthood,decisions,,decisions/realm_decisions.txt,deleted,,,1,0
restore_ironstar,decisions,decisions/faerun_religious_decisions.txt,,new,,,0,1
restore_lotus_throne,decisions,decisions/faerun_religious_decisions.txt,,new,,,0,1
restore_magister,decisions,decisions/faerun_religious_decisions.txt,,new,,,0,1
restore_oghrann,decisions,decisions/faerun_religious_decisions.txt,,new,,,0,1
restore_pope_in_rome,decisions,,decisions/religious_decisions.txt,deleted,,,1,0
restore_priesthood,decisions,,decisions/realm_decisions.txt,deleted,,,1,0
restore_promenade_of_the_dark_maiden,decisions,decisions/faerun_religious_decisions.txt,,new,,,0,1
restore_roman_empire,decisions,,decisions/realm_decisions.txt,deleted,,,1,0
restore_sarphil,decisions,decisions/faerun_religious_decisions.txt,,new,,,0,1
restore_tethyamar,decisions,decisions/faerun_religious_decisions.txt,,new,,,0,1
reveal_secret_identity,decisions,decisions/faerun_culturerace_decisions.txt,,new,,sorcerer_tiers,0,1
revenance,targeted_decisions,decisions/faerun_religious_decisions.txt,,new,,,0,1
revenge_waterdeep,society_decisions,decisions/faerun_societies_decisions.txt,,new,,bloodlines;societies,0,1
revoke_primary,settlement_decisions,decisions/settlement_decisions.txt,decisions/settlement_decisions.txt,modified,revoke_allowed,governments_custom,1,1
ritual_animate_dead,decisions,decisions/faerun_class_decisions.txt,,new,,,0,1
ritual_charm_person,targeted_decisions,decisions/faerun_class_decisions.txt,,new,,,0,1
ritual_charm_person_fake,decisions,decisions/faerun_class_decisions.txt,,new,,,0,1
ritual_dominate_person,targeted_decisions,decisions/faerun_class_decisions.txt,,new,,,0,1
ritual_dominate_person_fake,decisions,decisions/faerun_class_decisions.txt,,new,,,0,1
ritual_of_the_border,settlement_decisions,decisions/faerun_religious_decisions.txt,,new,,,0,1
ritual_summon_fiends,decisions,decisions/faerun_class_decisions.txt,,new,,,0,1
rlg_chg_player_dec,decisions,decisions/faerun_religious_decisions.txt,,new,,societies,0,1
rogue_take_over_crime,settlement_decisions,decisions/faerun_class_decisions.txt,,new,,,0,1
roman_renaissance,decisions,,decisions/conversion_decisions.txt,deleted,,,1,0
ruby_summon_spectator,decisions,decisions/faerun_artifact_decisions.txt,,new,,,0,1
ruthless_taxation,title_decisions,decisions/faerun_societies_decisions.txt,,new,,societies,0,1
sacrifice_everyone_decision,decisions,decisions/faerun_misc_decisions.txt,,new,,,0,1
sadaqah_saddka,decisions,decisions/realm_decisions.txt,decisions/realm_decisions.txt,modified,ai;potential,,1,1
same_gender_consort,targeted_decisions,decisions/faerun_misc_decisions.txt,,new,,governments_custom,0,1
same_gender_marry,targeted_decisions,decisions/faerun_misc_decisions.txt,,new,,,0,1
same_gender_marry_fake,decisions,decisions/faerun_misc_decisions.txt,,new,,,0,1
satanists_recruit,targeted_decisions,decisions/mnm_devil_worshipers_decisions.txt,decisions/mnm_society_decisions.txt,modified,ai_check_interval;ai_will_do;allow;effect;from_potential;potential;revoke_allowed,societies,1,1
school_tao,decisions,,decisions/jd_taoist_decisions.txt,deleted,,,1,0
search_for_artifact,targeted_decisions,decisions/mnm_society_decisions.txt,decisions/mnm_society_decisions.txt,modified,revoke_allowed,,1,1
secret_religions_blend_in,society_decisions,decisions/mnm_secret_religious_societies_decisions.txt,decisions/mnm_secret_religious_societies_decisions.txt,modified,ai_check_interval;ai_will_do;is_in_society;potential;revoke_allowed,societies,1,1
secret_religions_conduct_secret_ceremony,targeted_decisions,decisions/mnm_secret_religious_societies_decisions.txt,decisions/mnm_secret_religious_societies_decisions.txt,modified,ai_check_interval;ai_will_do;revoke_allowed,societies,1,1
secret_religions_evoke_sympathy,targeted_decisions,decisions/mnm_secret_religious_societies_decisions.txt,decisions/mnm_secret_religious_societies_decisions.txt,modified,ai_check_interval;ai_will_do;allow;from_potential;revoke_allowed,societies,1,1
secret_religions_falsely_confess_faith,decisions,decisions/mnm_secret_religious_societies_decisions.txt,decisions/mnm_secret_religious_societies_decisions.txt,modified,ai;allow;effect;potential;revoke_allowed,,1,1
secret_religions_found_secret_religious_society,decisions,decisions/mnm_secret_religious_societies_decisions.txt,decisions/mnm_secret_religious_societies_decisions.txt,modified,ai_check_interval;ai_will_do;effect;potential;revoke_allowed,societies,1,1
secret_religions_induct_character,targeted_decisions,decisions/mnm_secret_religious_societies_decisions.txt,decisions/mnm_secret_religious_societies_decisions.txt,modified,ai_check_interval;ai_will_do;allow;potential;revoke_allowed,societies,1,1
secret_religions_induct_child,targeted_decisions,decisions/mnm_secret_religious_societies_decisions.txt,decisions/mnm_secret_religious_societies_decisions.txt,modified,ai_check_interval;ai_will_do;potential;revoke_allowed,societies,1,1
secret_religions_openly_adopt_faith,society_decisions,decisions/mnm_secret_religious_societies_decisions.txt,decisions/mnm_secret_religious_societies_decisions.txt,modified,ai_check_interval;ai_will_do;allow;effect;is_in_society;potential;revoke_allowed,societies,1,1
secret_religions_personally_adopt_secret_religion,targeted_decisions,decisions/mnm_secret_religious_societies_decisions.txt,decisions/mnm_secret_religious_societies_decisions.txt,modified,ai;allow;effect;revoke_allowed,,1,1
secret_religions_prepare_grounds,title_decisions,decisions/mnm_secret_religious_societies_decisions.txt,decisions/mnm_secret_religious_societies_decisions.txt,modified,ai_check_interval;ai_will_do;is_in_society;potential,societies,1,1
secret_religions_recruit,targeted_decisions,decisions/mnm_secret_religious_societies_decisions.txt,decisions/mnm_secret_religious_societies_decisions.txt,modified,ai_check_interval;ai_will_do;revoke_allowed,societies,1,1
secret_religions_renounce_secret_religion,targeted_decisions,decisions/mnm_secret_religious_societies_decisions.txt,decisions/mnm_secret_religious_societies_decisions.txt,modified,ai;effect;revoke_allowed,societies,1,1
secretly_convert_to_aztec_holy_site,title_decisions,,decisions/mnm_secret_religious_societies_decisions.txt,deleted,,,1,0
secretly_convert_to_aztec_reformed_holy_site,title_decisions,,decisions/mnm_secret_religious_societies_decisions.txt,deleted,,,1,0
secretly_convert_to_baltic_pagan_holy_site,title_decisions,,decisions/mnm_secret_religious_societies_decisions.txt,deleted,,,1,0
secretly_convert_to_baltic_pagan_reformed_holy_site,title_decisions,,decisions/mnm_secret_religious_societies_decisions.txt,deleted,,,1,0
secretly_convert_to_bon_holy_site,title_decisions,,decisions/mnm_secret_religious_societies_decisions.txt,deleted,,,1,0
secretly_convert_to_bon_reformed_holy_site,title_decisions,,decisions/mnm_secret_religious_societies_decisions.txt,deleted,,,1,0
secretly_convert_to_buddhist_holy_site,title_decisions,,decisions/mnm_secret_religious_societies_decisions.txt,deleted,,,1,0
secretly_convert_to_calishite_faith_holy_site,title_decisions,decisions/mnm_secret_religious_societies_decisions.txt,,new,,societies,0,1
secretly_convert_to_catholic_holy_site,title_decisions,,decisions/mnm_secret_religious_societies_decisions.txt,deleted,,,1,0
secretly_convert_to_close_relations_religion,targeted_decisions,decisions/mnm_secret_religious_societies_decisions.txt,decisions/mnm_secret_religious_societies_decisions.txt,modified,ai;from_potential;potential;revoke_allowed,societies,1,1
secretly_convert_to_finnish_pagan_holy_site,title_decisions,,decisions/mnm_secret_religious_societies_decisions.txt,deleted,,,1,0
secretly_convert_to_finnish_pagan_reformed_holy_site,title_decisions,,decisions/mnm_secret_religious_societies_decisions.txt,deleted,,,1,0
secretly_convert_to_hindu_holy_site,title_decisions,,decisions/mnm_secret_religious_societies_decisions.txt,deleted,,,1,0
secretly_convert_to_ibadi_holy_site,title_decisions,,decisions/mnm_secret_religious_societies_decisions.txt,deleted,,,1,0
secretly_convert_to_jain_holy_site,title_decisions,,decisions/mnm_secret_religious_societies_decisions.txt,deleted,,,1,0
secretly_convert_to_jewish_holy_site,title_decisions,,decisions/mnm_secret_religious_societies_decisions.txt,deleted,,,1,0
secretly_convert_to_miaphysite_holy_site,title_decisions,,decisions/mnm_secret_religious_societies_decisions.txt,deleted,,,1,0
secretly_convert_to_mulhorandi_faith_holy_site,title_decisions,decisions/mnm_secret_religious_societies_decisions.txt,,new,,societies,0,1
secretly_convert_to_nestorian_holy_site,title_decisions,,decisions/mnm_secret_religious_societies_decisions.txt,deleted,,,1,0
secretly_convert_to_norse_pagan_holy_site,title_decisions,,decisions/mnm_secret_religious_societies_decisions.txt,deleted,,,1,0
secretly_convert_to_norse_pagan_reformed_holy_site,title_decisions,,decisions/mnm_secret_religious_societies_decisions.txt,deleted,,,1,0
secretly_convert_to_orthodox_holy_site,title_decisions,,decisions/mnm_secret_religious_societies_decisions.txt,deleted,,,1,0
secretly_convert_to_province_religion,title_decisions,decisions/mnm_secret_religious_societies_decisions.txt,decisions/mnm_secret_religious_societies_decisions.txt,modified,ai;allow;from_potential;potential;revoke_allowed,societies,1,1
secretly_convert_to_shiite_holy_site,title_decisions,,decisions/mnm_secret_religious_societies_decisions.txt,deleted,,,1,0
secretly_convert_to_slavic_pagan_holy_site,title_decisions,,decisions/mnm_secret_religious_societies_decisions.txt,deleted,,,1,0
secretly_convert_to_slavic_pagan_reformed_holy_site,title_decisions,,decisions/mnm_secret_religious_societies_decisions.txt,deleted,,,1,0
secretly_convert_to_sunni_holy_site,title_decisions,,decisions/mnm_secret_religious_societies_decisions.txt,deleted,,,1,0
secretly_convert_to_taoist_holy_site,title_decisions,,decisions/mnm_secret_religious_societies_decisions.txt,deleted,,,1,0
secretly_convert_to_tengri_pagan_holy_site,title_decisions,,decisions/mnm_secret_religious_societies_decisions.txt,deleted,,,1,0
secretly_convert_to_tengri_pagan_reformed_holy_site,title_decisions,,decisions/mnm_secret_religious_societies_decisions.txt,deleted,,,1,0
secretly_convert_to_tuigan_shamanism_holy_site,title_decisions,decisions/mnm_secret_religious_societies_decisions.txt,,new,,societies,0,1
secretly_convert_to_west_african_pagan_holy_site,title_decisions,,decisions/mnm_secret_religious_societies_decisions.txt,deleted,,,1,0
secretly_convert_to_west_african_pagan_reformed_holy_site,title_decisions,,decisions/mnm_secret_religious_societies_decisions.txt,deleted,,,1,0
secretly_convert_to_zoroastrian_holy_site,title_decisions,,decisions/mnm_secret_religious_societies_decisions.txt,deleted,,,1,0
secretly_convert_to_zun_pagan_holy_site,title_decisions,,decisions/mnm_secret_religious_societies_decisions.txt,deleted,,,1,0
secretly_convert_to_zun_pagan_reformed_holy_site,title_decisions,,decisions/mnm_secret_religious_societies_decisions.txt,deleted,,,1,0
seduce_decision,targetted_decisions,decisions/way_of_life_decisions.txt,decisions/way_of_life_decisions.txt,modified,ai_check_interval;ai_will_do;effect;from_potential;potential;revoke_allowed,,1,1
seek_treatment,decisions,decisions/rip_various_decisions.txt,decisions/rip_various_decisions.txt,modified,potential;revoke_allowed,disease;minor_titles,1,1
seld_invite_fey,decisions,decisions/faerun_religious_decisions.txt,,new,,,0,1
select_crusade_beneficiary,targetted_decisions,,decisions/HFP_crusades.txt,deleted,,,1,0
send_child_into_hiding,targetted_decisions,decisions/dynasty_decisions.txt,decisions/dynasty_decisions.txt,modified,revoke_allowed,job_titles,1,1
send_spouse_into_hiding,targetted_decisions,decisions/dynasty_decisions.txt,decisions/dynasty_decisions.txt,modified,revoke_allowed,job_titles,1,1
send_troops_mercenary_company_feudal,targetted_decisions,decisions/ze_decisions.txt,decisions/ze_decisions.txt,modified,ai_check_interval;ai_will_do;revoke_allowed,,1,1
set_crown_focus,title_decisions,decisions/title_decisions.txt,decisions/title_decisions.txt,modified,allow;revoke_allowed,governments_custom,1,1
settle_iceland,decisions,,decisions/minor_decisions.txt,deleted,,,1,0
settle_iceland_manually,settlement_decisions,,decisions/settlement_decisions.txt,deleted,,,1,0
shadow_arts,society_decisions,decisions/faerun_societies_decisions.txt,,new,,societies,0,1
shadow_sabotage,targeted_decisions,decisions/faerun_societies_decisions.txt,,new,,societies,0,1
shadow_scare_ruler,targeted_decisions,decisions/faerun_societies_decisions.txt,,new,,societies,0,1
shadow_telflamm_walker,society_decisions,decisions/faerun_societies_decisions.txt,,new,,societies,0,1
shatter_mind,targeted_decisions,decisions/faerun_religious_decisions.txt,,new,,,0,1
shiite_caliphate_cairo_decision,decisions,,decisions/LT_936_decisions.txt,deleted,,,1,0
shou_lung_administrator,offmap_decisions,decisions/shou_lung_grace_decisions.txt,,new,,governments_custom;minor_titles;offmap_powers,0,1
shou_lung_artifact,offmap_decisions,decisions/shou_lung_grace_decisions.txt,,new,,offmap_powers,0,1
shou_lung_force_to_open,offmap_decisions,decisions/shou_lung_grace_decisions.txt,,new,,offmap_powers,0,1
shou_lung_grace_become_tributary,offmap_decisions,decisions/shou_lung_grace_decisions.txt,,new,,offmap_powers,0,1
shou_lung_grace_doctor,offmap_decisions,decisions/shou_lung_grace_decisions.txt,,new,,minor_titles;offmap_powers,0,1
shou_lung_grace_offer_artifact,offmap_decisions,decisions/shou_lung_grace_decisions.txt,,new,,offmap_powers;sorcerer_tiers,0,1
shou_lung_grace_offer_commander,offmap_decisions,decisions/shou_lung_grace_decisions.txt,,new,,minor_titles;offmap_powers,0,1
shou_lung_grace_offer_concubine,offmap_decisions,decisions/shou_lung_grace_decisions.txt,,new,,offmap_powers,0,1
shou_lung_grace_offer_eunuch,offmap_decisions,decisions/shou_lung_grace_decisions.txt,,new,,offmap_powers,0,1
shou_lung_grace_offer_physician,offmap_decisions,decisions/shou_lung_grace_decisions.txt,,new,,minor_titles;offmap_powers,0,1
shou_lung_grace_peace_deal,offmap_decisions,decisions/shou_lung_grace_decisions.txt,,new,,offmap_powers,0,1
shou_lung_grace_send_gift,offmap_decisions,decisions/shou_lung_grace_decisions.txt,,new,,offmap_powers,0,1
shou_lung_grace_send_relief,offmap_decisions,decisions/shou_lung_grace_decisions.txt,,new,,governments_custom;offmap_powers,0,1
shou_lung_grace_stop_supply_horses,offmap_decisions,decisions/shou_lung_grace_decisions.txt,,new,,offmap_powers,0,1
shou_lung_grace_supply_horses,offmap_decisions,decisions/shou_lung_grace_decisions.txt,,new,,governments_custom;offmap_powers,0,1
shou_lung_imperial_marriage,offmap_decisions,decisions/shou_lung_grace_decisions.txt,,new,,offmap_powers,0,1
shou_lung_invade_dragon_throne,offmap_decisions,decisions/shou_lung_grace_decisions.txt,,new,,governments_custom;offmap_powers,0,1
shou_lung_kow_tow_pilgrimage,offmap_decisions,decisions/shou_lung_grace_decisions.txt,,new,,disease;governments_custom;offmap_powers,0,1
shou_lung_master_engineer,offmap_decisions,decisions/shou_lung_grace_decisions.txt,,new,,governments_custom;minor_titles;offmap_powers,0,1
shou_lung_raid,offmap_decisions,decisions/shou_lung_grace_decisions.txt,,new,,offmap_powers,0,1
shou_lung_request_invasion,offmap_decisions,decisions/shou_lung_grace_decisions.txt,,new,,offmap_powers,0,1
shou_lung_sends_reinforcements,decisions,decisions/shou_lung_decisions.txt,,new,,offmap_powers,0,1
shou_lung_siege_engineers,offmap_decisions,decisions/shou_lung_grace_decisions.txt,,new,,offmap_powers,0,1
shou_lung_silk_road_favored_status,offmap_decisions,decisions/shou_lung_grace_decisions.txt,,new,,offmap_powers;trade_routes,0,1
shou_lung_stop_raid,offmap_decisions,decisions/shou_lung_grace_decisions.txt,,new,,offmap_powers,0,1
shou_lung_strategist,offmap_decisions,decisions/shou_lung_grace_decisions.txt,,new,,governments_custom;offmap_powers,0,1
shou_lung_tributary_break_free,offmap_decisions,decisions/shou_lung_grace_decisions.txt,,new,,offmap_powers,0,1
shun_the_living,decisions,decisions/faerun_culturerace_decisions.txt,,new,,sorcerer_tiers,0,1
shut_the_gates,decisions,decisions/rip_various_decisions.txt,decisions/rip_various_decisions.txt,modified,ai_target_filter;ai_will_do;effect;filter;potential;revoke_allowed,disease;minor_titles,1,1
sire_vampire,targetted_decisions,decisions/faerun_culturerace_decisions.txt,,new,,governments_custom;sorcerer_tiers,0,1
sire_vampire_spawn,targetted_decisions,decisions/faerun_culturerace_decisions.txt,,new,,governments_custom;sorcerer_tiers,0,1
sky_burial_decision,decisions,decisions/minor_decisions.txt,decisions/minor_decisions.txt,modified,ai_will_do;potential,bloodlines;governments_custom,1,1
slaad_reproduction,targetted_decisions,decisions/faerun_culturerace_decisions.txt,,new,,,0,1
spell_animate_dead_sorc,decisions,decisions/faerun_class_decisions.txt,,new,,sorcerer_tiers,0,1
spell_blight_sorc,settlement_decisions,decisions/faerun_class_decisions.txt,,new,,disease,0,1
spell_blight_sorc_fake,decisions,decisions/faerun_class_decisions.txt,,new,,sorcerer_tiers,0,1
spell_charm_person_sorc,targeted_decisions,decisions/faerun_class_decisions.txt,,new,,,0,1
spell_charm_person_sorc_fake,decisions,decisions/faerun_class_decisions.txt,,new,,sorcerer_tiers,0,1
spell_conjure_elementals_sorc,decisions,decisions/faerun_class_decisions.txt,,new,,sorcerer_tiers,0,1
spell_conjure_natural_allies,decisions,decisions/faerun_class_decisions.txt,,new,,,0,1
spell_controlweather_sorc,settlement_decisions,decisions/faerun_class_decisions.txt,,new,,,0,1
spell_controlweather_sorc_fake,decisions,decisions/faerun_class_decisions.txt,,new,,sorcerer_tiers,0,1
spell_create_homunculus_sorc,decisions,decisions/faerun_class_decisions.txt,,new,,sorcerer_tiers,0,1
spell_fabricate_sorc,settlement_decisions,decisions/faerun_class_decisions.txt,,new,,,0,1
spell_fabricate_sorc_fake,decisions,decisions/faerun_class_decisions.txt,,new,,sorcerer_tiers,0,1
spell_find_familiar_sorc,decisions,decisions/faerun_class_decisions.txt,,new,,sorcerer_tiers,0,1
spell_forget_past_sorc,targeted_decisions,decisions/faerun_class_decisions.txt,,new,,,0,1
spell_forget_past_sorc_fake,decisions,decisions/faerun_class_decisions.txt,,new,,sorcerer_tiers,0,1
spell_greater_restoration,targeted_decisions,decisions/faerun_class_decisions.txt,,new,,disease;governments_custom,0,1
spell_greater_restoration_cleric_fake,decisions,decisions/faerun_class_decisions.txt,,new,,governments_custom,0,1
spell_greater_restoration_druid_fake,decisions,decisions/faerun_class_decisions.txt,,new,,,0,1
spell_greater_restoration_sorc,targeted_decisions,decisions/faerun_class_decisions.txt,,new,,disease,0,1
spell_greater_restoration_sorc_fake,decisions,decisions/faerun_class_decisions.txt,,new,,sorcerer_tiers,0,1
spell_heal,targeted_decisions,decisions/faerun_class_decisions.txt,,new,,governments_custom,0,1
spell_heal_cleric_fake,decisions,decisions/faerun_class_decisions.txt,,new,,governments_custom,0,1
spell_heal_druid_fake,decisions,decisions/faerun_class_decisions.txt,,new,,,0,1
spell_heal_sorc,targeted_decisions,decisions/faerun_class_decisions.txt,,new,,,0,1
spell_heal_sorc_fake,decisions,decisions/faerun_class_decisions.txt,,new,,sorcerer_tiers,0,1
spell_lesser_restoration,targeted_decisions,decisions/faerun_class_decisions.txt,,new,,disease;governments_custom,0,1
spell_lesser_restoration_cleric_fake,decisions,decisions/faerun_class_decisions.txt,,new,,governments_custom,0,1
spell_lesser_restoration_druid_fake,decisions,decisions/faerun_class_decisions.txt,,new,,,0,1
spell_lesser_restoration_sorc,targeted_decisions,decisions/faerun_class_decisions.txt,,new,,disease,0,1
spell_lesser_restoration_sorc_fake,decisions,decisions/faerun_class_decisions.txt,,new,,sorcerer_tiers,0,1
spell_longstrider_sorc,decisions,decisions/faerun_class_decisions.txt,,new,,sorcerer_tiers,0,1
spell_rage_sorc,decisions,decisions/faerun_class_decisions.txt,,new,,sorcerer_tiers,0,1
spell_regenerate,targeted_decisions,decisions/faerun_class_decisions.txt,,new,,,0,1
spell_regenerate_cleric_fake,decisions,decisions/faerun_class_decisions.txt,,new,,,0,1
spell_regenerate_druid_fake,decisions,decisions/faerun_class_decisions.txt,,new,,,0,1
spell_regenerate_sorc,targeted_decisions,decisions/faerun_class_decisions.txt,,new,,,0,1
spell_regenerate_sorc_fake,decisions,decisions/faerun_class_decisions.txt,,new,,sorcerer_tiers,0,1
spell_restoration_prov,settlement_decisions,decisions/faerun_class_decisions.txt,,new,,disease;governments_custom,0,1
spell_restoration_prov_druid_fake,decisions,decisions/faerun_class_decisions.txt,,new,,,0,1
spell_restoration_prov_fake,decisions,decisions/faerun_class_decisions.txt,,new,,governments_custom,0,1
spell_restoration_prov_sorc,settlement_decisions,decisions/faerun_class_decisions.txt,,new,,disease,0,1
spell_summon_lesser_demons_sorc,decisions,decisions/faerun_class_decisions.txt,,new,,sorcerer_tiers,0,1
spell_wall_of_stone_sorc,settlement_decisions,decisions/faerun_class_decisions.txt,,new,,,0,1
spell_wall_of_stone_sorc_fake,decisions,decisions/faerun_class_decisions.txt,,new,,sorcerer_tiers,0,1
sponsor_arts,society_decisions,decisions/faerun_societies_decisions.txt,,new,,societies,0,1
sponsor_merchant_republic_decision,targeted_decisions,decisions/faerun_misc_decisions.txt,,new,,,0,1
spread_madness,targeted_decisions,decisions/faerun_religious_decisions.txt,,new,,,0,1
stable_attribute_improvement_decision,targetted_decisions,decisions/HF_religious_decisions.txt,decisions/HF_religious_decisions.txt,modified,effect;from_potential;revoke_allowed,bloodlines;job_titles,1,1
stable_attribute_improvement_self_decision,targetted_decisions,decisions/HF_religious_decisions.txt,decisions/HF_religious_decisions.txt,modified,potential;revoke_allowed,,1,1
start_antagonize,targetted_decisions,decisions/HF_sway_antagonize_decisions.txt,decisions/HF_sway_antagonize_decisions.txt,modified,allow,,1,1
start_sway,targetted_decisions,decisions/HF_sway_antagonize_decisions.txt,decisions/HF_sway_antagonize_decisions.txt,modified,allow,,1,1
steal_knowledge,targeted_decisions,decisions/faerun_religious_decisions.txt,,new,,,0,1
stem_duchy_of_franconia,decisions,,decisions/HFP_realm_decisions.txt,deleted,,,1,0
stem_duchy_of_saxony,decisions,,decisions/HFP_realm_decisions.txt,deleted,,,1,0
stem_duchy_of_swabia,decisions,,decisions/HFP_realm_decisions.txt,deleted,,,1,0
stoic_order_culture_convert_county,title_decisions,,decisions/HF_religious_decisions.txt,deleted,,,1,0
stop_abduct_decision,targeted_decisions,decisions/mnm_society_decisions.txt,decisions/mnm_society_decisions.txt,modified,ai_target_filter;effect;potential;revoke_allowed,societies,1,1
stop_abduct_decision_target,targeted_decisions,decisions/mnm_society_decisions.txt,decisions/mnm_society_decisions.txt,modified,ai_target_filter;effect;filter;from_potential;potential;revoke_allowed,societies,1,1
stop_antagonize,targetted_decisions,decisions/HF_sway_antagonize_decisions.txt,decisions/HF_sway_antagonize_decisions.txt,kept,,,1,1
stop_artifact_search,targeted_decisions,decisions/mnm_society_decisions.txt,decisions/mnm_society_decisions.txt,modified,revoke_allowed,,1,1
stop_pillage_settlement,settlement_decisions,decisions/settlement_decisions.txt,decisions/settlement_decisions.txt,modified,ai_check_interval;ai_target_filter;effect;filter;from_potential;potential;revoke_allowed,societies,1,1
stop_seduce_decision,targetted_decisions,decisions/way_of_life_decisions.txt,decisions/way_of_life_decisions.txt,modified,revoke_allowed,,1,1
stop_seduce_decision_target,targetted_decisions,decisions/way_of_life_decisions.txt,decisions/way_of_life_decisions.txt,modified,revoke_allowed,,1,1
stop_spy_on_decision,targetted_decisions,decisions/way_of_life_decisions.txt,decisions/way_of_life_decisions.txt,modified,potential;revoke_allowed,societies,1,1
stop_spy_on_decision_target,targetted_decisions,decisions/way_of_life_decisions.txt,decisions/way_of_life_decisions.txt,modified,from_potential;revoke_allowed,societies,1,1
stop_sway,targetted_decisions,decisions/HF_sway_antagonize_decisions.txt,decisions/HF_sway_antagonize_decisions.txt,kept,,,1,1
store_relic_in_wonder,decisions,decisions/wonder_decisions.txt,decisions/wonder_decisions.txt,modified,ai_check_interval;potential;revoke_allowed,wonders,1,1
summer_fair,decisions,decisions/minor_decisions.txt,decisions/minor_decisions.txt,modified,allow;effect;potential;revoke_allowed,,1,1
summon_divine_minion,decisions,decisions/faerun_religious_decisions.txt,,new,,,0,1
summon_fiend_army,decisions,decisions/faerun_religious_decisions.txt,,new,,,0,1
summon_spectator,decisions,decisions/faerun_religious_decisions.txt,,new,,,0,1
summon_zhent_servant,society_decisions,decisions/faerun_societies_decisions.txt,,new,,governments_custom;minor_titles;societies,0,1
support_people,title_decisions,decisions/faerun_societies_decisions.txt,,new,,societies,0,1
syncretic_sympathy_decision,decisions,decisions/HF_religious_decisions.txt,decisions/HF_religious_decisions.txt,modified,allow;effect;potential;revoke_allowed,,1,1
take_child_out_of_hiding,targetted_decisions,decisions/dynasty_decisions.txt,decisions/dynasty_decisions.txt,modified,revoke_allowed,,1,1
take_on_pain,targeted_decisions,decisions/faerun_religious_decisions.txt,,new,,,0,1
take_spouse_out_of_hiding,targetted_decisions,decisions/dynasty_decisions.txt,decisions/dynasty_decisions.txt,modified,revoke_allowed,,1,1
take_vow_of_poverty,decisions,decisions/faerun_religious_decisions.txt,,new,,,0,1
talisman_evil_destruction,targeted_decisions,decisions/faerun_artifact_decisions.txt,,new,,,0,1
talisman_good_destruction,targeted_decisions,decisions/faerun_artifact_decisions.txt,,new,,,0,1
tell_a_story_decision,decisions,decisions/HFP_minor_decisions.txt,decisions/HFP_minor_decisions.txt,modified,potential;revoke_allowed,governments_custom,1,1
the_devil_worshipers_tainted_touch,targeted_decisions,,decisions/mnm_devil_worshipers_decisions.txt,deleted,,,1,0
torm_tactics,decisions,decisions/faerun_religious_decisions.txt,,new,,,0,1
train_assassin_protege,targeted_decisions,decisions/mnm_society_decisions.txt,decisions/mnm_society_decisions.txt,modified,effect;from_potential;is_in_society;revoke_allowed,societies,1,1
tribal_build_great_pillar,settlement_decisions,,decisions/HF_religious_decisions.txt,deleted,,,1,0
tributary_independence_china,decisions,,decisions/jd_decisions.txt,deleted,,,1,0
tributary_independence_normal,decisions,decisions/jd_decisions.txt,decisions/jd_decisions.txt,modified,allow;potential,governments_custom,1,1
tributary_independence_shou_lung,decisions,decisions/shou_lung_decisions.txt,,new,,offmap_powers,0,1
trollcrafters_recruit,targeted_decisions,,decisions/mnm_society_decisions.txt,deleted,,,1,0
twisted_blackmail,targeted_decisions,decisions/faerun_societies_decisions.txt,,new,,societies,0,1
twisted_turn_vassal,targeted_decisions,decisions/faerun_societies_decisions.txt,,new,,societies,0,1
twisted_undead_servant,society_decisions,decisions/faerun_societies_decisions.txt,,new,,societies;sorcerer_tiers,0,1
ulutiu_offering_to_spirit_beast,decisions,decisions/faerun_religious_decisions.txt,,new,,,0,1
ulutiu_winter_soldier,decisions,decisions/faerun_religious_decisions.txt,,new,,,0,1
undeath_after_death,decisions,decisions/faerun_religious_decisions.txt,,new,,,0,1
use_scary_upgrade,targetted_decisions,decisions/wonder_decisions.txt,decisions/wonder_decisions.txt,modified,revoke_allowed,wonders,1,1
use_secluded_upgrade,targetted_decisions,decisions/wonder_decisions.txt,decisions/wonder_decisions.txt,modified,revoke_allowed,wonders,1,1
usurp_tp,decisions,decisions/realm_decisions.txt,decisions/realm_decisions.txt,modified,ai_check_interval;potential,trade_routes,1,1
uthgar_emulate_beast,decisions,decisions/faerun_religious_decisions.txt,,new,,,0,1
uthgar_runemeet,decisions,decisions/faerun_religious_decisions.txt,,new,,,0,1
uthgardt_ancestral_champion,decisions,decisions/faerun_religious_decisions.txt,,new,,minor_titles,0,1
uthgardt_ancestral_host,decisions,decisions/faerun_religious_decisions.txt,,new,,,0,1
uthgardt_great_beast,decisions,decisions/faerun_religious_decisions.txt,,new,,,0,1
vampire_feed,decisions,decisions/faerun_culturerace_decisions.txt,,new,,sorcerer_tiers,0,1
vassal_blinding_decision,targetted_decisions,decisions/vassal_decisions.txt,decisions/vassal_decisions.txt,modified,ai_check_interval;ai_will_do;from_potential;revoke_allowed,,1,1
vassal_castrate_decision,targetted_decisions,decisions/vassal_decisions.txt,decisions/vassal_decisions.txt,modified,ai_check_interval;ai_will_do;from_potential;potential;revoke_allowed,,1,1
vassal_evil_sacrifice_decision,targeted_decisions,decisions/faerun_religious_decisions.txt,,new,,,0,1
vassal_fatwa_decision,targetted_decisions,,decisions/vassal_decisions.txt,deleted,,,1,0
vassal_generic_sacrifice_decision,targetted_decisions,,decisions/HF_religious_decisions.txt,deleted,,,1,0
vassal_sacrifice_decision,targetted_decisions,decisions/sunset_invasion.txt,decisions/sunset_invasion.txt,modified,ai_check_interval;effect;from_potential;potential;revoke_allowed,,1,1
vassal_zun_judgement_decision,targetted_decisions,,decisions/vassal_decisions.txt,deleted,,,1,0
vassalize_flaming_fist,decisions,decisions/realm_decisions.txt,,new,,,0,1
vassalize_holy_sepulchre,decisions,,decisions/HFP_holy_order_decisions.txt,deleted,,,1,0
vassalize_knights_hospitaler,decisions,,decisions/holy_order_decisions.txt,deleted,,,1,0
vassalize_knights_of_calatrava,decisions,,decisions/HFP_holy_order_decisions.txt,deleted,,,1,0
vassalize_knights_of_santiago,decisions,,decisions/HFP_holy_order_decisions.txt,deleted,,,1,0
vassalize_knights_templar,decisions,,decisions/holy_order_decisions.txt,deleted,,,1,0
vassalize_sun_soul,society_decisions,decisions/mnm_monastic_order_decisions.txt,,new,,societies,0,1
vassalize_teutonic_knights,decisions,,decisions/HFP_holy_order_decisions.txt,deleted,,,1,0
vecna_forbidden_knowledge,decisions,decisions/faerun_religious_decisions.txt,,new,,,0,1
velsharoon_ascend,decisions,decisions/faerun_misc_decisions.txt,,new,,sorcerer_tiers,0,1
velsharoon_sacrifice,targeted_decisions,decisions/faerun_misc_decisions.txt,,new,,,0,1
vergadain_court_merchants,decisions,decisions/faerun_religious_decisions.txt,,new,,,0,1
vodouns_recruit,targeted_decisions,,decisions/mnm_society_decisions.txt,deleted,,,1,0
vushmgir_brothers_legacy,decisions,,decisions/LT_936_decisions.txt,deleted,,,1,0
warlock_pact_boon,decisions,decisions/faerun_class_decisions.txt,,new,,,0,1
warlock_patron_pick,decisions,decisions/faerun_class_decisions.txt,,new,,,0,1
warrior_lodge_call_to_glory,targeted_decisions,decisions/hf_warrior_lodge_decisions.txt,decisions/hf_warrior_lodge_decisions.txt,modified,revoke_allowed,societies,1,1
warrior_lodge_inspire_warriors,settlement_decisions,decisions/hf_warrior_lodge_decisions.txt,decisions/hf_warrior_lodge_decisions.txt,modified,revoke_allowed,societies,1,1
warrior_lodge_legendary_gathering,society_decisions,decisions/hf_warrior_lodge_decisions.txt,decisions/hf_warrior_lodge_decisions.txt,modified,ai_check_interval;ai_will_do;potential;revoke_allowed,bloodlines;objectives;societies,1,1
warrior_lodge_norse_go_berserk,targeted_decisions,decisions/hf_warrior_lodge_decisions.txt,decisions/hf_warrior_lodge_decisions.txt,modified,potential;revoke_allowed,societies,1,1
warrior_lodge_romuva_baltic_holds,settlement_decisions,,decisions/hf_warrior_lodge_decisions.txt,deleted,,,1,0
warrior_lodge_slavic_stand_together,society_decisions,,decisions/hf_warrior_lodge_decisions.txt,deleted,,,1,0
warrior_lodge_summon_commander,society_decisions,decisions/hf_warrior_lodge_decisions.txt,decisions/hf_warrior_lodge_decisions.txt,modified,ai_check_interval;ai_will_do;effect;potential;revoke_allowed,governments_custom;job_titles;minor_titles;societies,1,1
warrior_lodge_suomenusko_summon_warriors,society_decisions,,decisions/hf_warrior_lodge_decisions.txt,deleted,,,1,0
warrior_lodge_tengri_call_of_the_steppe,society_decisions,,decisions/hf_warrior_lodge_decisions.txt,deleted,,,1,0
warrior_lodge_war_sacrifice,society_decisions,decisions/hf_warrior_lodge_decisions.txt,decisions/hf_warrior_lodge_decisions.txt,modified,ai_will_do;potential;revoke_allowed,societies,1,1
warrior_lodge_west_african_create_fetish,society_decisions,,decisions/hf_warrior_lodge_decisions.txt,deleted,,,1,0
warrior_lodge_zun_battle_trance,society_decisions,,decisions/hf_warrior_lodge_decisions.txt,deleted,,,1,0
warrior_toughness,targeted_decisions,decisions/hf_warrior_lodge_decisions.txt,decisions/hf_warrior_lodge_decisions.txt,modified,ai_will_do;potential;revoke_allowed,societies,1,1
warrior_training,targeted_decisions,decisions/hf_warrior_lodge_decisions.txt,decisions/hf_warrior_lodge_decisions.txt,modified,ai_will_do;revoke_allowed,societies,1,1
welcome_gurs,decisions,decisions/minor_decisions.txt,,new,,,0,1
welcome_jews,decisions,,decisions/realm_decisions.txt,deleted,,,1,0
wiz_clone,decisions,decisions/faerun_class_decisions.txt,,new,,governments_custom,0,1
wiz_craft_homunculus,decisions,decisions/faerun_class_decisions.txt,,new,,,0,1
wiz_divine_threat,decisions,decisions/faerun_class_decisions.txt,,new,,,0,1
wiz_lichdom,decisions,decisions/faerun_class_decisions.txt,,new,,sorcerer_tiers,0,1
wiz_longevity,decisions,decisions/faerun_class_decisions.txt,,new,,sorcerer_tiers,0,1
wiz_planar_binding,decisions,decisions/faerun_class_decisions.txt,,new,,governments_custom,0,1
wiz_summon_elementals,decisions,decisions/faerun_class_decisions.txt,,new,,,0,1
write_a_book,decisions,decisions/jd_decisions.txt,decisions/jd_decisions.txt,modified,ai_check_interval;ai_will_do;allow;potential;revoke_allowed,,1,1
write_about_ruler,targeted_decisions,decisions/faerun_societies_decisions.txt,,new,,societies,0,1
zhent_become_tributary,society_decisions,decisions/faerun_societies_decisions.txt,,new,,societies,0,1
zhent_trade_route,society_decisions,decisions/faerun_societies_decisions.txt,,new,,societies,0,1
