ck2_id,ck3_id,namespace,kind,ck3_type,theme,emitted,live,score,mapped,total,gates,calls,loc_keys,source_file
104999,fae_ck2.65531,fae_ck2,character_event,character_event,default,yes,no,0.000,0,5,score,,,events/muslim_honorary_titles_events.txt
105008,fae_ck2.65530,fae_ck2,character_event,character_event,default,yes,no,0.000,0,2,score,,,events/muslim_honorary_titles_events.txt
105009,fae_ck2.65529,fae_ck2,character_event,character_event,default,yes,no,0.143,1,7,score,,,events/muslim_honorary_titles_events.txt
105019,fae_ck2.65528,fae_ck2,character_event,character_event,default,yes,no,0.455,5,11,score,,,events/muslim_honorary_titles_events.txt
105029,fae_ck2.65527,fae_ck2,character_event,character_event,default,yes,no,0.000,0,4,score,,,events/muslim_honorary_titles_events.txt
105034,fae_ck2.65526,fae_ck2,character_event,character_event,default,yes,no,0.565,13,23,score,,,events/muslim_honorary_titles_events.txt
105049,fae_ck2.65525,fae_ck2,character_event,character_event,default,yes,no,0.308,8,26,score;dead_call;unsaved_scope,105050,,events/muslim_honorary_titles_events.txt
105059,fae_ck2.65524,fae_ck2,character_event,character_event,default,yes,no,0.286,2,7,score,,,events/muslim_honorary_titles_events.txt
105064,fae_ck2.65523,fae_ck2,character_event,character_event,default,yes,no,0.286,2,7,score,,,events/muslim_honorary_titles_events.txt
105074,fae_ck2.65522,fae_ck2,character_event,character_event,default,yes,no,0.167,1,6,score,,,events/muslim_honorary_titles_events.txt
105099,fae_ck2.65521,fae_ck2,character_event,character_event,default,yes,no,0.167,1,6,score,,,events/muslim_honorary_titles_events.txt
105149,fae_ck2.65520,fae_ck2,character_event,character_event,default,yes,no,0.167,1,6,score,,,events/muslim_honorary_titles_events.txt
105199,fae_ck2.65519,fae_ck2,character_event,character_event,default,yes,no,0.286,2,7,score,,,events/muslim_honorary_titles_events.txt
105249,fae_ck2.65518,fae_ck2,character_event,character_event,default,yes,no,0.167,1,6,score,,,events/muslim_honorary_titles_events.txt
30039,fae_ck2.30039,fae_ck2,character_event,character_event,default,yes,no,0.714,15,21,score;dead_call,30040,,events/married_life_events.txt
8011,fae_ck2.8011,fae_ck2,letter_event,letter_event,default,yes,no,0.000,0,9,score;from_scope;dead_call;unsaved_scope,8112,EVTOPTA8000;EVTOPTB8000;EVTDESC8011,events/plot_events.txt
8062,fae_ck2.8062,fae_ck2,letter_event,letter_event,default,yes,no,0.500,1,2,score,,EXCELLENT;EVTDESC8062,events/plot_events.txt
8082,fae_ck2.8082,fae_ck2,letter_event,letter_event,default,yes,no,0.000,0,2,score,,GOOD;EVTDESC8082,events/plot_events.txt
8083,fae_ck2.8083,fae_ck2,character_event,character_event,realm,yes,no,0.000,0,1,score,,I_SEE;EVTDESC8081,events/plot_events.txt
8112,fae_ck2.8112,fae_ck2,letter_event,letter_event,default,yes,no,0.500,1,2,score,,EVTOPTA8100;EVTDESC8100,events/plot_events.txt
89004,fae_ck2.65535,fae_ck2,character_event,character_event,default,yes,no,0.600,12,20,score;dead_call,89005,,events/polygamy_events.txt
89014,fae_ck2.65534,fae_ck2,character_event,character_event,default,yes,no,0.591,13,22,score;dead_call,89015,,events/polygamy_events.txt
89019,fae_ck2.65533,fae_ck2,character_event,character_event,default,yes,no,0.565,26,46,score;dead_call,89020,,events/polygamy_events.txt
89029,fae_ck2.65532,fae_ck2,character_event,character_event,default,yes,no,0.641,25,39,score;dead_call,89030,,events/polygamy_events.txt
ADVN.0,fae_advn.0,fae_advn,character_event,character_event,default,yes,no,0.286,2,7,score;from_scope;dead_call;unsaved_scope,ADVN.107,,events/faerun_adventuring_events.txt
ADVN.1,fae_advn.1,fae_advn,character_event,character_event,travel,yes,no,0.571,12,21,score;dead_call,ADVN.105;ADVN.106,EVTOPTZ_ADVN_1;EVTOPTA_ADVN_1;EVTOPTB_ADVN_1;EVTOPTC_ADVN_1;EVTDESC_ADVN_1;EVTDESC_ADVN_1_b,events/faerun_adventuring_events.txt
ADVN.10,fae_advn.10,fae_advn,character_event,character_event,default,yes,no,0.586,202,345,score;dead_call;unsaved_scope,ADVN.12;ADVN.13;ADVN.6;ADVN.41;ADVN.42;ADVN.2;ADVN.12;ADVN.13;ADVN.6;ADVN.41;ADVN.42;ADVN.2;ADVN.20;ADVN.32,EVTOPTA_ADVN_10;EVTOPTB_ADVN_10;EVTOPTC_ADVN_10;EVTOPTD_ADVN_10;EVTDESC_ADVN_10,events/faerun_adventuring_events.txt
ADVN.100,fae_advn.100,fae_advn,character_event,character_event,martial,yes,no,0.417,5,12,score;ck2_variable;unsaved_scope,,EVTOPTA_ADVN_100;EVTDESC_ADVN_100,events/faerun_adventuring_events.txt
ADVN.102,fae_advn.102,fae_advn,character_event,character_event,default,yes,no,0.571,4,7,score;dead_call,HL.110,,events/faerun_adventuring_events.txt
ADVN.103,fae_advn.103,fae_advn,character_event,character_event,default,yes,no,0.500,7,14,score,,EVTOPTA_ADVN_103;EVTDESC_ADVN_103,events/faerun_adventuring_events.txt
ADVN.104,fae_advn.104,fae_advn,character_event,character_event,default,yes,no,0.000,0,1,score,,,events/faerun_adventuring_events.txt
ADVN.105,fae_advn.105,fae_advn,character_event,character_event,travel,yes,no,0.562,68,121,score;unsaved_scope,,EVTOPTA_ADVN_105;EVTDESC_ADVN_105,events/faerun_adventuring_events.txt
ADVN.106,fae_advn.106,fae_advn,character_event,character_event,default,yes,no,0.000,0,1,score,,,events/faerun_adventuring_events.txt
ADVN.107,fae_advn.107,fae_advn,character_event,character_event,travel,yes,no,0.643,9,14,score;dead_call,ADVN.1;ADVN.108,EVTOPTA_ADVN_107;EVTOPTB_ADVN_107;EVTDESC_ADVN_107,events/faerun_adventuring_events.txt
ADVN.108,fae_advn.108,fae_advn,character_event,character_event,travel,yes,no,0.865,32,37,score;dead_call,ADVN.1,EVTOPTA_ADVN_108;EVTOPTB_ADVN_108;EVTOPTC_ADVN_108;EVTOPTD_ADVN_108;EVTDESC_ADVN_108,events/faerun_adventuring_events.txt
ADVN.109,fae_advn.109,fae_advn,character_event,character_event,default,yes,no,0.500,2,4,score;dead_call;unsaved_scope,ADVN.21;ADVN.30,,events/faerun_adventuring_events.txt
ADVN.110,fae_advn.110,fae_advn,character_event,character_event,default,yes,no,0.500,2,4,score;dead_call;unsaved_scope,ADVN.34;ADVN.35,,events/faerun_adventuring_events.txt
ADVN.111,fae_advn.111,fae_advn,character_event,character_event,martial,yes,no,0.528,28,53,score;dead_call;unsaved_scope,conv.22;ADVN.112;conv.23;ADVN.112,EVTOPTA_HFP_10103_default;EVTOPTA_HFP_10103_duelist;getDuelTitle;EVTDESC_ADVN_111_A;EVTDESC_ADVN_111_B,events/faerun_adventuring_events.txt
ADVN.112,fae_advn.112,fae_advn,character_event,character_event,martial,yes,no,0.421,8,19,score;from_scope;unsaved_scope,,EVTOPTA_HFP_10104;getDuelTitle;EVTDESC_ADVN_112_A;EVTDESC_ADVN_112_B,events/faerun_adventuring_events.txt
ADVN.113,fae_advn.113,fae_advn,character_event,character_event,martial,yes,no,0.188,3,16,score;dead_call,ADVN.115;ADVN.114,EVTOPTA_ADVN_100;EVTDESC_ADVN_100,events/faerun_adventuring_events.txt
ADVN.114,fae_advn.114,fae_advn,character_event,character_event,martial,yes,no,0.500,4,8,score,,EVTOPTA_HFP_10103_default;EVTOPTA_HFP_10103_duelist;EVTDESC_ADVN_111_A,events/faerun_adventuring_events.txt
ADVN.115,fae_advn.115,fae_advn,character_event,character_event,martial,yes,no,0.500,1,2,score,,EVTOPTA_HFP_10104;EVTDESC_ADVN_112_A,events/faerun_adventuring_events.txt
ADVN.12,fae_advn.12,fae_advn,character_event,character_event,default,yes,no,0.789,176,223,score;dead_call;unsaved_scope,ADVN.32,EVTOPTA_ADVN_12;EVTOPTB_ADVN_12;EVTOPTC_ADVN_12;EVTOPTD_ADVN_12;EVTDESC_ADVN_12,events/faerun_adventuring_events.txt
ADVN.13,fae_advn.13,fae_advn,character_event,character_event,default,yes,no,0.759,176,232,score;dead_call;unsaved_scope,ADVN.32,EVTOPTA_ADVN_13;EVTOPTB_ADVN_13;EVTOPTC_ADVN_13;EVTOPTD_ADVN_13;EVTDESC_ADVN_13,events/faerun_adventuring_events.txt
ADVN.2,fae_advn.2,fae_advn,character_event,character_event,battle,yes,no,0.700,28,40,score;dead_call;unsaved_scope,ADVN.104;ADVN.104;ADVN.104;ADVN.104;ADVN.32,EVTOPTA_ADVN_2;EVTOPTB_ADVN_2;EVTOPTC_ADVN_2;EVTOPTD_ADVN_2;EVTDESC_ADVN_2,events/faerun_adventuring_events.txt
ADVN.20,fae_advn.20,fae_advn,character_event,character_event,default,yes,no,0.667,26,39,score;dead_call;unsaved_scope,ADVN.100;ADVN.104;ADVN.100;ADVN.104;ADVN.100;ADVN.104;ADVN.100;ADVN.104;ADVN.109;ADVN.30,EVTOPTA_ADVN_20;EVTOPTB_ADVN_20;EVTOPTC_ADVN_20;EVTOPTD_ADVN_20;EVTDESC_ADVN_20,events/faerun_adventuring_events.txt
ADVN.200,fae_advn.200,fae_advn,character_event,character_event,default,yes,no,0.273,3,11,score,,,events/faerun_adventuring_events.txt
ADVN.201,fae_advn.201,fae_advn,character_event,character_event,travel,yes,no,0.500,78,156,score;from_scope;dead_call;unsaved_scope,ADVN.202;ADVN.203;ADVN.204;ADVN.205;ADVN.202;ADVN.203;ADVN.204;ADVN.205;ADVN.202;ADVN.203;ADVN.204;ADVN.206,EVTOPTA_ADVN_1;EVTOPTB_ADVN_1;EVTOPTA_ADVN_1;EVTDESC_ADVN_1,events/faerun_adventuring_events.txt
ADVN.202,fae_advn.202,fae_advn,character_event,character_event,default,yes,no,0.686,24,35,score;dead_call;unsaved_scope,ADVN.104;ADVN.32,,events/faerun_adventuring_events.txt
ADVN.203,fae_advn.203,fae_advn,character_event,character_event,default,yes,no,0.686,24,35,score;dead_call;unsaved_scope,ADVN.104;ADVN.32,,events/faerun_adventuring_events.txt
ADVN.204,fae_advn.204,fae_advn,character_event,character_event,default,yes,no,0.686,24,35,score;dead_call;unsaved_scope,ADVN.104;ADVN.32,,events/faerun_adventuring_events.txt
ADVN.205,fae_advn.205,fae_advn,character_event,character_event,default,yes,no,0.429,6,14,score;dead_call;unsaved_scope,ADVN.100;ADVN.104;ADVN.31;ADVN.30,,events/faerun_adventuring_events.txt
ADVN.206,fae_advn.206,fae_advn,character_event,character_event,default,yes,no,0.571,8,14,score;dead_call;unsaved_scope,ADVN.100;ADVN.104;ADVN.36;ADVN.35,,events/faerun_adventuring_events.txt
ADVN.21,fae_advn.21,fae_advn,character_event,character_event,default,yes,no,0.741,40,54,score;dead_call;unsaved_scope,ADVN.100;ADVN.109;ADVN.30;ADVN.100;ADVN.109;ADVN.30;ADVN.100;ADVN.109;ADVN.30;ADVN.100;ADVN.109;ADVN.30;ADVN.31,EVTOPTA_ADVN_21;EVTOPTB_ADVN_21;EVTOPTC_ADVN_21;EVTOPTD_ADVN_21;EVTOPTE_ADVN_21;EVTDESC_ADVN_21,events/faerun_adventuring_events.txt
ADVN.3,fae_advn.3,fae_advn,character_event,character_event,disaster,yes,no,0.772,173,224,score;dead_call;unsaved_scope,ADVN.32,EVTOPTA_ADVN_3;EVTOPTB_ADVN_3;EVTOPTC_ADVN_3;EVTOPTD_ADVN_3;EVTDESC_ADVN_3,events/faerun_adventuring_events.txt
ADVN.30,fae_advn.30,fae_advn,character_event,character_event,travel,yes,no,0.389,7,18,score;unsaved_scope,,EVTOPTA_ADVN_30;EVTDESC_ADVN_30,events/faerun_adventuring_events.txt
ADVN.31,fae_advn.31,fae_advn,character_event,character_event,battle,yes,no,0.429,6,14,score;unsaved_scope,,EVTOPTA_ADVN_31;EVTDESC_ADVN_31,events/faerun_adventuring_events.txt
ADVN.32,fae_advn.32,fae_advn,character_event,character_event,battle,yes,no,0.000,0,2,score,,EVTOPTA_ADVN_32;EVTDESC_ADVN_32,events/faerun_adventuring_events.txt
ADVN.33,fae_advn.33,fae_advn,character_event,character_event,war,yes,no,0.718,28,39,score;dead_call;unsaved_scope,ADVN.100;ADVN.104;ADVN.100;ADVN.104;ADVN.100;ADVN.104;ADVN.100;ADVN.104;ADVN.110;ADVN.35,EVTOPTA_ADVN_20;EVTOPTB_ADVN_20;EVTOPTC_ADVN_20;EVTOPTD_ADVN_20;EVTDESC_ADVN_33,events/faerun_adventuring_events.txt
ADVN.34,fae_advn.34,fae_advn,character_event,character_event,war,yes,no,0.741,40,54,score;dead_call;unsaved_scope,ADVN.100;ADVN.110;ADVN.35;ADVN.100;ADVN.110;ADVN.35;ADVN.100;ADVN.110;ADVN.35;ADVN.100;ADVN.110;ADVN.35;ADVN.36,EVTOPTA_ADVN_21;EVTOPTB_ADVN_21;EVTOPTC_ADVN_21;EVTOPTD_ADVN_21;EVTOPTE_ADVN_21;EVTDESC_ADVN_21,events/faerun_adventuring_events.txt
ADVN.35,fae_advn.35,fae_advn,character_event,character_event,travel,yes,no,0.444,4,9,score;unsaved_scope,,EVTOPTA_ADVN_35;EVTDESC_ADVN_35,events/faerun_adventuring_events.txt
ADVN.36,fae_advn.36,fae_advn,character_event,character_event,battle,yes,no,0.462,6,13,score;unsaved_scope,,EVTOPTA_ADVN_36;EVTDESC_ADVN_36,events/faerun_adventuring_events.txt
ADVN.37,fae_advn.37,fae_advn,character_event,character_event,war,yes,no,0.586,202,345,score;dead_call;unsaved_scope,ADVN.46;ADVN.47;ADVN.6;ADVN.48;ADVN.49;ADVN.45;ADVN.46;ADVN.47;ADVN.6;ADVN.48;ADVN.49;ADVN.45;ADVN.33;ADVN.32,EVTOPTA_ADVN_37;EVTOPTB_ADVN_37;EVTOPTC_ADVN_37;EVTOPTD_ADVN_37;EVTDESC_ADVN_37,events/faerun_adventuring_events.txt
ADVN.4,fae_advn.4,fae_advn,character_event,character_event,travel,yes,no,0.848,156,184,score;dead_call;unsaved_scope,ADVN.32,EVTOPTA_ADVN_4;EVTOPTB_ADVN_4;EVTOPTC_ADVN_4;EVTOPTD_ADVN_4;EVTDESC_ADVN_4,events/faerun_adventuring_events.txt
ADVN.40,fae_advn.40,fae_advn,character_event,character_event,war,yes,no,0.870,161,185,score;dead_call;unsaved_scope,ADVN.104;ADVN.104;ADVN.104;ADVN.104;ADVN.32,EVTOPTA_ADVN_40;EVTOPTB_ADVN_40;EVTOPTC_ADVN_40;EVTOPTD_ADVN_40;EVTDESC_ADVN_40,events/faerun_adventuring_events.txt
ADVN.41,fae_advn.41,fae_advn,character_event,character_event,default,yes,no,0.821,160,195,score;dead_call;unsaved_scope,ADVN.2;ADVN.2;ADVN.2;ADVN.2;ADVN.32,EVTOPTA_ADVN_41;EVTOPTB_ADVN_41;EVTOPTC_ADVN_41;EVTOPTD_ADVN_41;EVTDESC_ADVN_41,events/faerun_adventuring_events.txt
ADVN.42,fae_advn.42,fae_advn,character_event,character_event,default,yes,no,0.867,156,180,score;dead_call;unsaved_scope,ADVN.2;ADVN.2;ADVN.2;ADVN.2;ADVN.32,EVTOPTA_ADVN_42;EVTOPTB_ADVN_42;EVTOPTC_ADVN_42;EVTOPTD_ADVN_42;EVTDESC_ADVN_42,events/faerun_adventuring_events.txt
ADVN.43,fae_advn.43,fae_advn,character_event,character_event,default,yes,no,0.867,156,180,score;dead_call;unsaved_scope,ADVN.32,EVTOPTA_ADVN_43;EVTOPTB_ADVN_43;EVTOPTC_ADVN_43;EVTOPTD_ADVN_43;EVTDESC_ADVN_43,events/faerun_adventuring_events.txt
ADVN.44,fae_advn.44,fae_advn,character_event,character_event,war,yes,no,0.875,161,184,score;dead_call;unsaved_scope,ADVN.2;ADVN.2;ADVN.2;ADVN.2;ADVN.32,EVTOPTA_ADVN_44;EVTOPTB_ADVN_44;EVTOPTC_ADVN_44;EVTOPTD_ADVN_44;EVTDESC_ADVN_44,events/faerun_adventuring_events.txt
ADVN.45,fae_advn.45,fae_advn,character_event,character_event,battle,yes,no,0.700,28,40,score;dead_call;unsaved_scope,ADVN.104;ADVN.104;ADVN.104;ADVN.104;ADVN.32,EVTOPTA_ADVN_2;EVTOPTB_ADVN_2;EVTOPTC_ADVN_2;EVTOPTD_ADVN_2;EVTDESC_ADVN_45,events/faerun_adventuring_events.txt
ADVN.46,fae_advn.46,fae_advn,character_event,character_event,default,yes,no,0.788,160,203,score;dead_call;unsaved_scope,ADVN.45;ADVN.45;ADVN.45;ADVN.45;ADVN.32,EVTOPTA_ADVN_46;EVTOPTB_ADVN_46;EVTOPTC_ADVN_46;EVTOPTD_ADVN_46;EVTDESC_ADVN_46,events/faerun_adventuring_events.txt
ADVN.47,fae_advn.47,fae_advn,character_event,character_event,default,yes,no,0.834,156,187,score;dead_call;unsaved_scope,ADVN.45;ADVN.45;ADVN.45;ADVN.45;ADVN.32,EVTOPTA_ADVN_47;EVTOPTB_ADVN_47;EVTOPTC_ADVN_47;EVTOPTD_ADVN_47;EVTDESC_ADVN_47,events/faerun_adventuring_events.txt
ADVN.48,fae_advn.48,fae_advn,character_event,character_event,default,yes,no,0.831,172,207,score;dead_call;unsaved_scope,ADVN.32,EVTOPTA_ADVN_48;EVTOPTB_ADVN_48;EVTOPTC_ADVN_48;EVTOPTD_ADVN_48;EVTDESC_ADVN_48,events/faerun_adventuring_events.txt
ADVN.49,fae_advn.49,fae_advn,character_event,character_event,witchcraft,yes,no,0.827,172,208,score;dead_call;unsaved_scope,ADVN.32,EVTOPTA_ADVN_49;EVTOPTB_ADVN_49;EVTOPTC_ADVN_49;EVTOPTD_ADVN_49;EVTDESC_ADVN_49,events/faerun_adventuring_events.txt
ADVN.5,fae_advn.5,fae_advn,character_event,character_event,travel,yes,no,0.834,156,187,score;dead_call;unsaved_scope,ADVN.32,EVTOPTA_ADVN_5;EVTOPTB_ADVN_5;EVTOPTC_ADVN_5;EVTOPTD_ADVN_5;EVTDESC_ADVN_5,events/faerun_adventuring_events.txt
ADVN.6,fae_advn.6,fae_advn,character_event,character_event,default,yes,no,0.779,166,213,score;dead_call;unsaved_scope,ADVN.45;ADVN.2;ADVN.45;ADVN.2;ADVN.45;ADVN.2;ADVN.45;ADVN.2;ADVN.32,EVTOPTA_ADVN_6;EVTOPTB_ADVN_6;EVTOPTC_ADVN_6;EVTOPTD_ADVN_6;EVTDESC_ADVN_6;EVTDESC_ADVN_6_b,events/faerun_adventuring_events.txt
ADVN.7,fae_advn.7,fae_advn,character_event,character_event,default,yes,no,0.772,173,224,score;dead_call;unsaved_scope,ADVN.32,EVTOPTA_ADVN_7;EVTOPTB_ADVN_7;EVTOPTC_ADVN_7;EVTOPTD_ADVN_7;EVTDESC_ADVN_7,events/faerun_adventuring_events.txt
ADVN.8,fae_advn.8,fae_advn,character_event,character_event,default,yes,no,0.801,157,196,score;dead_call;unsaved_scope,ADVN.2;ADVN.2;ADVN.2;ADVN.2;ADVN.32,EVTOPTA_ADVN_8;EVTOPTB_ADVN_8;EVTOPTC_ADVN_8;EVTOPTD_ADVN_8;EVTDESC_ADVN_8,events/faerun_adventuring_events.txt
ADVN.9,fae_advn.9,fae_advn,character_event,character_event,default,yes,no,0.875,161,184,score;dead_call;unsaved_scope,ADVN.2;ADVN.2;ADVN.2;ADVN.2;ADVN.32,EVTOPTA_ADVN_9;EVTOPTB_ADVN_9;EVTOPTC_ADVN_9;EVTOPTD_ADVN_9;EVTDESC_ADVN_9,events/faerun_adventuring_events.txt
ALWAR.1,fae_alwar.1,fae_alwar,character_event,character_event,default,yes,no,0.125,1,8,score,,,events/faerun_alignment_war_events.txt
ALWAR.10,fae_alwar.10,fae_alwar,character_event,character_event,war,yes,no,0.200,2,10,score;dead_call;unsaved_scope,ALWAR.10;ALWAR.10,EVTOPTA_ALWAR_10;EVTOPTB_ALWAR_10;EVTDESC_ALWAR_10,events/faerun_alignment_war_events.txt
ALWAR.11,fae_alwar.11,fae_alwar,letter_event,letter_event,default,yes,no,0.000,0,5,score;from_scope;unsaved_scope,,EVTOPTA_ALWAR_11;EVTOPTB_ALWAR_11;EVTDESC_ALWAR_11,events/faerun_alignment_war_events.txt
ALWAR.12,fae_alwar.12,fae_alwar,letter_event,letter_event,default,yes,no,0.000,0,2,score,,EVTOPTA_ALWAR_12;EVTOPTB_ALWAR_12;EVTDESC_ALWAR_12,events/faerun_alignment_war_events.txt
ALWAR.13,fae_alwar.13,fae_alwar,letter_event,letter_event,default,yes,no,0.000,0,5,score;from_scope;unsaved_scope,,EVTOPTA_ALWAR_13;EVTOPTB_ALWAR_11;EVTDESC_ALWAR_13,events/faerun_alignment_war_events.txt
ALWAR.2,fae_alwar.2,fae_alwar,character_event,character_event,default,yes,no,0.389,191,491,score;unsaved_scope,,,events/faerun_alignment_war_events.txt
ALWAR.3,fae_alwar.3,fae_alwar,character_event,character_event,default,yes,no,0.123,10,81,score;dead_call;unsaved_scope,ALWAR.4,,events/faerun_alignment_war_events.txt
ALWAR.4,fae_alwar.4,fae_alwar,narrative_event,character_event,default,yes,no,0.760,57,75,score;dead_call;unsaved_scope,ALWAR.5,EVTOPTA_ALWAR_4;EVTNAME_ALWAR_4;EVTDESC_ALWAR_4_1;EVTDESC_ALWAR_4_2;EVTDESC_ALWAR_4_3;EVTDESC_ALWAR_4_1_SHOU;EVTDESC_ALWAR_4_4;EVTDESC_ALWAR_4_5;EVTDESC_ALWAR_4_6;EVTDESC_ALWAR_4_0;EVTDESC_ALWAR_4_7,events/faerun_alignment_war_events.txt
ALWAR.5,fae_alwar.5,fae_alwar,narrative_event,character_event,default,yes,no,0.513,20,39,score;dead_call;unsaved_scope,ALWAR.10;ALWAR.10;ALWAR.10;ALWAR.10,EVTOPTA_ALWAR_5;EVTNAME_ALWAR_5;EVTDESC_ALWAR_5_A;EVTDESC_ALWAR_5_B;EVTDESC_ALWAR_5_C;EVTDESC_ALWAR_5_D,events/faerun_alignment_war_events.txt
ARTF.1,fae_artf.1,fae_artf,character_event,character_event,default,yes,no,0.400,2,5,score;from_scope;unsaved_scope,,,events/faerun_artifact_events.txt
ARTF.2,fae_artf.2,fae_artf,character_event,character_event,default,yes,no,0.536,30,56,score,,,events/faerun_artifact_events.txt
ARTF.3,fae_artf.3,fae_artf,character_event,character_event,stewardship,yes,no,0.558,24,43,score;unsaved_scope,,EVTOPTA_ARTF_3;EVTOPTB_ARTF_3;EVTDESC_ARTF_3,events/faerun_artifact_events.txt
ARTF.4,fae_artf.4,fae_artf,character_event,character_event,default,yes,no,0.750,3,4,score,,,events/faerun_artifact_events.txt
BFL.100,fae_bfl.100,fae_bfl,character_event,character_event,default,yes,no,0.400,4,10,score;from_scope;dead_call;unsaved_scope,BFL.101,,events/faerun_brotherhood_of_true_flame_events.txt
BFL.101,fae_bfl.101,fae_bfl,character_event,character_event,default,yes,no,0.000,0,1,score;from_scope;dead_call;unsaved_scope,BFL.102,,events/faerun_brotherhood_of_true_flame_events.txt
BFL.102,fae_bfl.102,fae_bfl,letter_event,letter_event,faith,yes,no,0.667,2,3,score,,EVTOPTA_BFL_102;EVTDESC_BFL_102,events/faerun_brotherhood_of_true_flame_events.txt
BFL.110,fae_bfl.110,fae_bfl,character_event,character_event,default,yes,no,0.353,6,17,score;dead_call,BFL.111,,events/faerun_brotherhood_of_true_flame_events.txt
BFL.111,fae_bfl.111,fae_bfl,character_event,character_event,default,yes,no,0.619,13,21,score,,,events/faerun_brotherhood_of_true_flame_events.txt
BFL.1413,fae_bfl.1413,fae_bfl,character_event,character_event,default,yes,no,0.500,3,6,score;from_scope;dead_call;unsaved_scope,BFL.1414,,events/faerun_brotherhood_of_true_flame_events.txt
BFL.1414,fae_bfl.1414,fae_bfl,character_event,character_event,learning,yes,no,0.500,2,4,score;from_scope;unsaved_scope,,EVTOPTA_MNM_1414;EVTDESC_MNM_1414,events/faerun_brotherhood_of_true_flame_events.txt
BFL.1415,fae_bfl.1415,fae_bfl,character_event,character_event,default,yes,no,0.308,4,13,score;dead_call,BFL.1416;BRO.1825,,events/faerun_brotherhood_of_true_flame_events.txt
BFL.1416,fae_bfl.1416,fae_bfl,character_event,character_event,death,yes,no,1.000,6,6,from_scope;unsaved_scope,,EVTOPTA_MNM_1416;EVTDESC_MNM_1416_A;EVTDESC_MNM_1416_B,events/faerun_brotherhood_of_true_flame_events.txt
BFL.1611,fae_bfl.1611,fae_bfl,character_event,character_event,default,yes,no,0.000,0,2,score,,,events/faerun_brotherhood_of_true_flame_events.txt
BFL.500,fae_bfl.500,fae_bfl,character_event,character_event,mental_health,yes,no,0.545,6,11,score,,EVTOPTA_BFL_500;EVTOPTB_BFL_500;EVTDESC_BFL_500,events/faerun_brotherhood_of_true_flame_events.txt
BFL.8000,fae_bfl.8000,fae_bfl,character_event,character_event,feast_activity,yes,no,0.400,4,10,score,,EVTOPTA_BFL_8000;EVTOPTB_BFL_8000;EVTDESC_BFL_8000,events/faerun_brotherhood_of_true_flame_events.txt
BFL.8001,fae_bfl.8001,fae_bfl,letter_event,letter_event,default,yes,no,0.200,1,5,score;from_scope;unsaved_scope,BFL.8003,EVTOPTA_BFL_8001;EVTOPTB_BFL_8001;EVTDESC_BFL_8001,events/faerun_brotherhood_of_true_flame_events.txt
BFL.8002,fae_bfl.8002,fae_bfl,letter_event,letter_event,default,yes,yes,1.000,0,0,,,EVTOPTA_BFL_8002;EVTDESC_BFL_8002,events/faerun_brotherhood_of_true_flame_events.txt
BFL.8003,fae_bfl.8003,fae_bfl,letter_event,letter_event,default,yes,yes,1.000,0,0,,,EVTOPTA_BFL_8003;EVTDESC_BFL_8003,events/faerun_brotherhood_of_true_flame_events.txt
BRO.1000,fae_bro.1000,fae_bro,character_event,character_event,default,yes,no,0.327,16,49,score;dead_call;unsaved_scope,BRO.1404;BRO.1120;BRO.1801;BRO.1430,,events/faerun_arcane_brotherhood_events.txt
BRO.110,fae_bro.110,fae_bro,character_event,character_event,default,yes,no,0.353,6,17,score;dead_call,BRO.111,,events/faerun_arcane_brotherhood_events.txt
BRO.1100,fae_bro.1100,fae_bro,character_event,character_event,stewardship,yes,no,0.333,1,3,score,,EVTOPTA_MNM_1100;EVTOPTB_MNM_1100;EVTDESC_MNM_1100,events/faerun_arcane_brotherhood_events.txt
BRO.1101,fae_bro.1101,fae_bro,character_event,character_event,stewardship,yes,no,0.656,21,32,score;dead_call,BRO.1102;BRO.1102;BRO.1102;BRO.1102,EVTOPTA_MNM_1101;EVTOPTB_MNM_1101;EVTOPTC_MNM_1101;EVTOPTD_MNM_1101;EVTDESC_MNM_1101,events/faerun_arcane_brotherhood_events.txt
BRO.1102,fae_bro.1102,fae_bro,character_event,character_event,martial,yes,no,0.518,44,85,score;dead_call,BRO.1103;BRO.1104;BRO.1105;BRO.1106;BRO.1113;BRO.1114;BRO.1115;BRO.1103;BRO.1104;BRO.1105;BRO.1106;BRO.1113;BRO.1114;BRO.1115;BRO.1103;BRO.1104;BRO.1105;BRO.1106;BRO.1113;BRO.1114;BRO.1115;BRO.1103;BRO.1104;BRO.1105;BRO.1106;BRO.1113;BRO.1114;BRO.1115,EVTOPTA_MNM_1102;EVTOPTB_MNM_1102;EVTOPTC_MNM_1102;EVTOPTD_MNM_1102;EVTDESC_MNM_1102,events/faerun_arcane_brotherhood_events.txt
BRO.1103,fae_bro.1103,fae_bro,character_event,character_event,learning,yes,no,0.558,24,43,score;dead_call,BRO.1103;BRO.1104;BRO.1105;BRO.1106;BRO.1107;BRO.1103;BRO.1104;BRO.1105;BRO.1106;BRO.1107,EVTOPTA_MNM_1103;EVTOPTB_MNM_1103;EVTDESC_MNM_1103,events/faerun_arcane_brotherhood_events.txt
BRO.1104,fae_bro.1104,fae_bro,character_event,character_event,learning,yes,no,0.558,24,43,score;dead_call,BRO.1103;BRO.1104;BRO.1105;BRO.1106;BRO.1107;BRO.1103;BRO.1104;BRO.1105;BRO.1106;BRO.1107,EVTOPTA_MNM_1104;EVTOPTB_MNM_1104;EVTDESC_MNM_1104,events/faerun_arcane_brotherhood_events.txt
BRO.1105,fae_bro.1105,fae_bro,character_event,character_event,martial,yes,no,0.558,24,43,score;dead_call,BRO.1103;BRO.1104;BRO.1105;BRO.1106;BRO.1107;BRO.1103;BRO.1104;BRO.1105;BRO.1106;BRO.1107,EVTOPTA_MNM_1105;EVTOPTB_MNM_1105;EVTDESC_MNM_1105,events/faerun_arcane_brotherhood_events.txt
BRO.1106,fae_bro.1106,fae_bro,character_event,character_event,learning,yes,no,0.558,24,43,score;dead_call,BRO.1103;BRO.1104;BRO.1105;BRO.1106;BRO.1107;BRO.1103;BRO.1104;BRO.1105;BRO.1106;BRO.1107,EVTOPTA_MNM_1106;EVTOPTB_MNM_1106;EVTDESC_MNM_1106,events/faerun_arcane_brotherhood_events.txt
BRO.1107,fae_bro.1107,fae_bro,character_event,character_event,default,yes,no,0.536,15,28,score;dead_call,BRO.1108;BRO.1109;BRO.1110;BRO.1111;BRO.1112,,events/faerun_arcane_brotherhood_events.txt
BRO.1108,fae_bro.1108,fae_bro,character_event,character_event,learning,yes,no,0.333,1,3,score;dead_call,BRO.1122,EVTOPTA_MNM_1108;EVTDESC_MNM_1108,events/faerun_arcane_brotherhood_events.txt
BRO.1109,fae_bro.1109,fae_bro,character_event,character_event,learning,yes,no,0.250,1,4,score;dead_call,BRO.1122,EVTOPTA_MNM_1109;EVTDESC_MNM_1109,events/faerun_arcane_brotherhood_events.txt
BRO.111,fae_bro.111,fae_bro,character_event,character_event,default,yes,no,0.636,14,22,score,,,events/faerun_arcane_brotherhood_events.txt
BRO.1110,fae_bro.1110,fae_bro,character_event,character_event,learning,yes,no,0.250,1,4,score;dead_call,BRO.1122,EVTOPTA_MNM_1110;EVTDESC_MNM_1110,events/faerun_arcane_brotherhood_events.txt
BRO.1111,fae_bro.1111,fae_bro,narrative_event,character_event,learning,yes,no,0.250,1,4,score;dead_call,BRO.1122,EVTOPTA_MNM_1111;EVTNAME_MNM_1111;EVTDESC_MNM_1111,events/faerun_arcane_brotherhood_events.txt
BRO.1112,fae_bro.1112,fae_bro,narrative_event,character_event,learning,yes,no,0.250,1,4,score;dead_call,BRO.1122,EVTOPTA_MNM_1112;EVTNAME_MNM_1112;EVTDESC_MNM_1112,events/faerun_arcane_brotherhood_events.txt
BRO.1113,fae_bro.1113,fae_bro,character_event,character_event,disaster,yes,no,0.621,18,29,score,,EVTOPTA_MNM_1113;EVTOPTB_MNM_1113;EVTDESC_MNM_1113,events/faerun_arcane_brotherhood_events.txt
BRO.1114,fae_bro.1114,fae_bro,character_event,character_event,faith,yes,no,0.600,3,5,score,,EVTOPTA_MNM_1114;EVTOPTB_MNM_1114;EVTDESC_MNM_1114,events/faerun_arcane_brotherhood_events.txt
BRO.1115,fae_bro.1115,fae_bro,character_event,character_event,learning,yes,no,0.455,5,11,score,,EVTOPTA_MNM_1115;EVTOPTB_MNM_1115;EVTDESC_MNM_1115,events/faerun_arcane_brotherhood_events.txt
BRO.1120,fae_bro.1120,fae_bro,character_event,character_event,default,yes,no,0.000,0,1,score;from_scope;dead_call;unsaved_scope,BRO.1121,,events/faerun_arcane_brotherhood_events.txt
BRO.1121,,,society_quest_event,,,no,no,,,,society quest event; societies do not exist in CK3 (docs/mechanics_inventory.md),,,events/faerun_arcane_brotherhood_events.txt
BRO.1122,fae_bro.1122,fae_bro,character_event,character_event,learning,yes,no,0.000,0,18,score;from_scope;unsaved_scope,,EVTOPTA_MNM_1122;EVTDESC_MNM_1122_normal;EVTDESC_MNM_1122_rich,events/faerun_arcane_brotherhood_events.txt
BRO.1400,fae_bro.1400,fae_bro,character_event,character_event,learning,yes,no,0.517,15,29,score;dead_call,BRO.1403,EVTOPTA_MNM_1400;EVTDESC_MNM_1400,events/faerun_arcane_brotherhood_events.txt
BRO.1401,fae_bro.1401,fae_bro,character_event,character_event,learning,yes,no,0.500,3,6,score;from_scope;dead_call;unsaved_scope,BRO.1402,EVTOPTA_MNM_1401;EVTOPTB_MNM_1401;EVTDESC_MNM_1401,events/faerun_arcane_brotherhood_events.txt
BRO.1402,fae_bro.1402,fae_bro,character_event,character_event,learning,yes,no,0.500,15,30,score;from_scope;dead_call;unsaved_scope,BRO.1403,EVTOPTA_MNM_1402;EVTDESC_MNM_1402,events/faerun_arcane_brotherhood_events.txt
BRO.1403,fae_bro.1403,fae_bro,character_event,character_event,physical_health,yes,no,0.667,2,3,score,,EVTOPTA_MNM_1403;EVTDESC_MNM_1403,events/faerun_arcane_brotherhood_events.txt
BRO.1404,fae_bro.1404,fae_bro,character_event,character_event,default,yes,no,0.000,0,1,score;from_scope;dead_call;unsaved_scope,BRO.1405,,events/faerun_arcane_brotherhood_events.txt
BRO.1405,,,society_quest_event,,,no,no,,,,society quest event; societies do not exist in CK3 (docs/mechanics_inventory.md),,,events/faerun_arcane_brotherhood_events.txt
BRO.1406,fae_bro.1406,fae_bro,character_event,character_event,default,yes,no,0.786,33,42,score;dead_call;unsaved_scope,BRO.1407,,events/faerun_arcane_brotherhood_events.txt
BRO.1407,fae_bro.1407,fae_bro,character_event,character_event,default,yes,no,0.000,0,1,score;from_scope;dead_call;unsaved_scope,BRO.1408,,events/faerun_arcane_brotherhood_events.txt
BRO.1408,fae_bro.1408,fae_bro,character_event,character_event,learning,yes,no,0.200,1,5,score;from_scope;unsaved_scope,,EVTOPTA_MNM_1408;EVTOPTB_MNM_1408;EVTDESC_MNM_1408,events/faerun_arcane_brotherhood_events.txt
BRO.1409,fae_bro.1409,fae_bro,character_event,character_event,learning,yes,no,0.333,2,6,score;from_scope;unsaved_scope,,EVTOPTA_MNM_1409;EVTDESC_MNM_1409,events/faerun_arcane_brotherhood_events.txt
BRO.1413,fae_bro.1413,fae_bro,character_event,character_event,default,yes,no,0.500,3,6,score;from_scope;dead_call;unsaved_scope,BRO.1414,,events/faerun_arcane_brotherhood_events.txt
BRO.1414,fae_bro.1414,fae_bro,character_event,character_event,learning,yes,no,0.500,2,4,score;from_scope;unsaved_scope,,EVTOPTA_MNM_1414;EVTDESC_MNM_1414,events/faerun_arcane_brotherhood_events.txt
BRO.1415,fae_bro.1415,fae_bro,character_event,character_event,default,yes,no,0.308,4,13,score;dead_call,BRO.1416;BRO.1825,,events/faerun_arcane_brotherhood_events.txt
BRO.1416,fae_bro.1416,fae_bro,character_event,character_event,death,yes,no,1.000,6,6,from_scope;unsaved_scope,,EVTOPTA_MNM_1416;EVTDESC_MNM_1416_A;EVTDESC_MNM_1416_B,events/faerun_arcane_brotherhood_events.txt
BRO.1430,fae_bro.1430,fae_bro,character_event,character_event,default,yes,no,0.000,0,1,score;from_scope;dead_call;unsaved_scope,BRO.1431,,events/faerun_arcane_brotherhood_events.txt
BRO.1431,,,society_quest_event,,,no,no,,,,society quest event; societies do not exist in CK3 (docs/mechanics_inventory.md),,,events/faerun_arcane_brotherhood_events.txt
BRO.1432,fae_bro.1432,fae_bro,character_event,character_event,default,yes,no,0.750,6,8,score;from_scope;dead_call;unsaved_scope,BRO.1433;BRO.1435,,events/faerun_arcane_brotherhood_events.txt
BRO.1433,fae_bro.1433,fae_bro,letter_event,letter_event,intrigue,yes,no,0.833,15,18,score;from_scope;dead_call;unsaved_scope,BRO.1434;BRO.1434;BRO.1434,EVTOPTA_MNM_1433;EVTDESC_MNM_1433,events/faerun_arcane_brotherhood_events.txt
BRO.1434,fae_bro.1434,fae_bro,character_event,character_event,default,yes,no,0.000,0,2,score;from_scope;dead_call;unsaved_scope,BRO.1435,,events/faerun_arcane_brotherhood_events.txt
BRO.1435,fae_bro.1435,fae_bro,character_event,character_event,intrigue,yes,no,0.673,76,113,score;from_scope;dead_call;unsaved_scope,BRO.1436;BRO.1436;BRO.1436;BRO.1437;BRO.1436;BRO.1436;BRO.1437;BRO.1438;BRO.1438;BRO.1439,EVTOPTA_MNM_1435;EVTOPTB_MNM_1435;EVTOPTB_MNM_1435_single_ingredient;EVTOPTC_MNM_1435;EVTOPTD_MNM_1435;EVTDESC_MNM_1435_A;EVTDESC_MNM_1435_B;EVTDESC_MNM_1435_C,events/faerun_arcane_brotherhood_events.txt
BRO.1436,fae_bro.1436,fae_bro,character_event,character_event,mental_health,yes,no,0.756,34,45,score;dead_call;unsaved_scope,BRO.1440;BRO.1441;BRO.1445;BRO.1440;BRO.1443;BRO.1447;BRO.1440;BRO.1441;BRO.1440;BRO.1443,EVTOPTA_MNM_1436;EVTOPTB_MNM_1436;EVTOPTC_MNM_1436;EVTOPTD_MNM_1436;EVTDESC_MNM_1436_A;EVTDESC_MNM_1436_B,events/faerun_arcane_brotherhood_events.txt
BRO.1437,fae_bro.1437,fae_bro,character_event,character_event,unfriendly,yes,no,0.333,2,6,score;unsaved_scope,,EVTOPTA_MNM_1437;EVTDESC_MNM_1437,events/faerun_arcane_brotherhood_events.txt
BRO.1438,fae_bro.1438,fae_bro,character_event,character_event,witchcraft,yes,no,0.706,12,17,score;dead_call,BRO.1440;BRO.1441;BRO.1440;BRO.1443,EVTOPTA_MNM_1438;EVTOPTB_MNM_1438;EVTDESC_MNM_1438,events/faerun_arcane_brotherhood_events.txt
BRO.1439,fae_bro.1439,fae_bro,character_event,character_event,unfriendly,yes,no,0.400,2,5,score;unsaved_scope,,EVTOPTA_MNM_1439;EVTDESC_MNM_1439,events/faerun_arcane_brotherhood_events.txt
BRO.1440,fae_bro.1440,fae_bro,character_event,character_event,dungeon,yes,no,0.700,28,40,score;from_scope;dead_call;unsaved_scope,BRO.1451,EVTOPTA_MNM_1440;EVTDESC_MNM_1440_A;EVTDESC_MNM_1440_B;EVTDESC_MNM_1440_C;EVTDESC_MNM_1440_D,events/faerun_arcane_brotherhood_events.txt
BRO.1441,fae_bro.1441,fae_bro,character_event,character_event,learning,yes,no,0.804,41,51,score;dead_call;unsaved_scope,BRO.1442;BRO.1450,EVTOPTA_MNM_1441;EVTOPTA_MNM_1441;EVTOPTC_MNM_1441;EVTDESC_MNM_1441_A;EVTDESC_MNM_1441_B;EVTDESC_MNM_1441_C,events/faerun_arcane_brotherhood_events.txt
BRO.1442,fae_bro.1442,fae_bro,character_event,character_event,disaster,yes,no,0.774,24,31,score;from_scope;unsaved_scope,,CURSES;EVTDESC_MNM_1442_A;EVTDESC_MNM_1442_B;EVTDESC_MNM_1442_C,events/faerun_arcane_brotherhood_events.txt
BRO.1443,fae_bro.1443,fae_bro,character_event,character_event,disaster,yes,no,0.805,33,41,score;dead_call;unsaved_scope,BRO.1444;BRO.1450,EVTOPTA_MNM_1443;EVTOPTA_MNM_1443;EVTOPTC_MNM_1443;EVTDESC_MNM_1443_A;EVTDESC_MNM_1443_B;EVTDESC_MNM_1443_C,events/faerun_arcane_brotherhood_events.txt
BRO.1444,fae_bro.1444,fae_bro,character_event,character_event,disaster,yes,no,0.667,18,27,score;from_scope;unsaved_scope,,CURSES;EVTOPTB_MNM_1444;EVTDESC_MNM_1444_A;EVTDESC_MNM_1444_B;EVTDESC_MNM_1444_C,events/faerun_arcane_brotherhood_events.txt
BRO.1445,fae_bro.1445,fae_bro,character_event,character_event,default,yes,no,0.833,20,24,score;from_scope;dead_call;unsaved_scope,BRO.1446;BRO.1446;BRO.1440,,events/faerun_arcane_brotherhood_events.txt
BRO.1446,fae_bro.1446,fae_bro,character_event,character_event,learning,yes,no,0.750,9,12,score;from_scope;unsaved_scope,,EVTOPTA_MNM_1446;EVTOPTA_MNM_1446;EVTDESC_MNM_1446_A;EVTDESC_MNM_1446_B,events/faerun_arcane_brotherhood_events.txt
BRO.1447,fae_bro.1447,fae_bro,character_event,character_event,default,yes,no,0.824,14,17,score;from_scope;dead_call;unsaved_scope,BRO.1448;BRO.1449,,events/faerun_arcane_brotherhood_events.txt
BRO.1448,fae_bro.1448,fae_bro,character_event,character_event,disaster,yes,no,0.000,0,2,score,,EVTOPTA_MNM_1448;EVTDESC_MNM_1448,events/faerun_arcane_brotherhood_events.txt
BRO.1449,fae_bro.1449,fae_bro,character_event,character_event,disaster,yes,no,0.333,2,6,score;from_scope;unsaved_scope,,EVTOPTA_MNM_1449;EVTDESC_MNM_1449,events/faerun_arcane_brotherhood_events.txt
BRO.1450,fae_bro.1450,fae_bro,character_event,character_event,disaster,yes,no,0.438,7,16,score;unsaved_scope,,EVTOPTA_MNM_1450;EVTDESC_MNM_1450,events/faerun_arcane_brotherhood_events.txt
BRO.1451,fae_bro.1451,fae_bro,character_event,character_event,faith,yes,no,0.273,3,11,score;from_scope;dead_call;unsaved_scope,BRO.1452;BRO.1455,EVTOPTA_MNM_1451;EVTOPTB_MNM_1451;EVTDESC_MNM_1451,events/faerun_arcane_brotherhood_events.txt
BRO.1452,fae_bro.1452,fae_bro,character_event,character_event,faith,yes,no,0.400,4,10,score;from_scope;dead_call;unsaved_scope,BRO.1453;BRO.1454,EVTOPTA_MNM_1452;EVTOPTB_MNM_1452;EVTDESC_MNM_1452,events/faerun_arcane_brotherhood_events.txt
BRO.1453,fae_bro.1453,fae_bro,character_event,character_event,witchcraft,yes,no,0.000,0,2,score;from_scope;unsaved_scope,,EVTOPTA_MNM_1453;EVTDESC_MNM_1453,events/faerun_arcane_brotherhood_events.txt
BRO.1454,fae_bro.1454,fae_bro,character_event,character_event,dungeon,yes,no,0.000,0,2,score,,EVTOPTA_MNM_1454;EVTDESC_MNM_1454,events/faerun_arcane_brotherhood_events.txt
BRO.1455,fae_bro.1455,fae_bro,character_event,character_event,faith,yes,no,0.000,0,2,score,,EVTOPTA_MNM_1455;EVTDESC_MNM_1455,events/faerun_arcane_brotherhood_events.txt
BRO.1456,fae_bro.1456,fae_bro,character_event,character_event,default,yes,yes,1.000,3,3,,,,events/faerun_arcane_brotherhood_events.txt
BRO.1611,fae_bro.1611,fae_bro,character_event,character_event,default,yes,no,0.000,0,2,score,,,events/faerun_arcane_brotherhood_events.txt
BRO.1800,fae_bro.1800,fae_bro,character_event,character_event,learning,yes,no,0.611,11,18,score;dead_call;unsaved_scope,BRO.1810;BRO.1815;BRO.1820;BRO.1825,EVTOPTA_MNM_1800;EVTOPTB_MNM_1800;EVTOPTC_MNM_1800;EVTOPTD_MNM_1800;EVTDESC_MNM_1800_A;EVTDESC_MNM_1800_B,events/faerun_arcane_brotherhood_events.txt
BRO.1801,fae_bro.1801,fae_bro,character_event,character_event,default,yes,no,0.333,1,3,score;from_scope;dead_call;unsaved_scope,BRO.1802,,events/faerun_arcane_brotherhood_events.txt
BRO.1802,,,society_quest_event,,,no,no,,,,society quest event; societies do not exist in CK3 (docs/mechanics_inventory.md),,,events/faerun_arcane_brotherhood_events.txt
BRO.1810,fae_bro.1810,fae_bro,character_event,character_event,war,yes,no,0.842,16,19,score;from_scope;dead_call;unsaved_scope,BRO.1811;BRO.1811;BRO.1811,EVTOPTA_MNM_1810;EVTOPTB_MNM_1810;EVTOPTC_MNM_1810;EVTDESC_MNM_1810,events/faerun_arcane_brotherhood_events.txt
BRO.1811,fae_bro.1811,fae_bro,character_event,character_event,default,yes,no,0.793,23,29,score;from_scope;dead_call;unsaved_scope,BRO.1812,,events/faerun_arcane_brotherhood_events.txt
BRO.1812,fae_bro.1812,fae_bro,character_event,character_event,war,yes,no,0.442,19,43,score;unsaved_scope,,EVTOPTA_MNM_1812;EVTOPTB_MNM_1812;EVTOPTC_MNM_1812;EVTDESC_MNM_1812_A;EVTDESC_MNM_1812_B;EVTDESC_MNM_1812_C,events/faerun_arcane_brotherhood_events.txt
BRO.1815,fae_bro.1815,fae_bro,character_event,character_event,hunt_activity,yes,no,0.842,16,19,score;from_scope;dead_call;unsaved_scope,BRO.1816;BRO.1816;BRO.1816,EVTOPTA_MNM_1815;EVTOPTB_MNM_1815;EVTOPTC_MNM_1815;EVTDESC_MNM_1815,events/faerun_arcane_brotherhood_events.txt
BRO.1816,fae_bro.1816,fae_bro,character_event,character_event,default,yes,no,0.793,23,29,score;from_scope;dead_call;unsaved_scope,BRO.1817,,events/faerun_arcane_brotherhood_events.txt
BRO.1817,fae_bro.1817,fae_bro,character_event,character_event,hunt_activity,yes,no,0.410,16,39,score;unsaved_scope,,EVTOPTA_MNM_1817;EVTOPTB_MNM_1817;EVTOPTC_MNM_1817;EVTDESC_MNM_1817_A;EVTDESC_MNM_1817_B;EVTDESC_MNM_1817_C,events/faerun_arcane_brotherhood_events.txt
BRO.1820,fae_bro.1820,fae_bro,character_event,character_event,stewardship,yes,no,0.842,16,19,score;from_scope;dead_call;unsaved_scope,BRO.1821;BRO.1821;BRO.1821,EVTOPTA_MNM_1820;EVTOPTB_MNM_1820;EVTOPTC_MNM_1820;EVTDESC_MNM_1820,events/faerun_arcane_brotherhood_events.txt
BRO.1821,fae_bro.1821,fae_bro,character_event,character_event,default,yes,no,0.793,23,29,score;from_scope;dead_call;unsaved_scope,BRO.1822,,events/faerun_arcane_brotherhood_events.txt
BRO.1822,fae_bro.1822,fae_bro,character_event,character_event,stewardship,yes,no,0.400,16,40,score;unsaved_scope,,EVTOPTA_MNM_1822;EVTOPTB_MNM_1822;EVTOPTC_MNM_1822;EVTDESC_MNM_1822_A;EVTDESC_MNM_1822_B;EVTDESC_MNM_1822_C,events/faerun_arcane_brotherhood_events.txt
BRO.1825,fae_bro.1825,fae_bro,character_event,character_event,default,yes,no,0.667,4,6,score,,,events/faerun_arcane_brotherhood_events.txt
BRO.200,fae_bro.200,fae_bro,character_event,character_event,witchcraft,yes,no,0.000,0,2,score;dead_call,BRO.201;BRO.202,EVTOPTA_BRO_200;EVTOPTB_BRO_200;EVTDESC_BRO_200,events/faerun_arcane_brotherhood_events.txt
BRO.201,fae_bro.201,fae_bro,character_event,character_event,witchcraft,yes,no,0.833,45,54,score;dead_call,BRO.203;BRO.204;BRO.205;BRO.206;BRO.207;BRO.208;BRO.209;BRO.210;BRO.211,EVTOPTA_BRO_201;EVTOPTB_BRO_201;EVTOPTC_BRO_201;EVTDESC_BRO_201,events/faerun_arcane_brotherhood_events.txt
BRO.202,fae_bro.202,fae_bro,character_event,character_event,witchcraft,yes,no,0.833,45,54,score;dead_call,BRO.203;BRO.204;BRO.205;BRO.206;BRO.207;BRO.208;BRO.209;BRO.210;BRO.211,EVTOPTA_BRO_202;EVTOPTB_BRO_202;EVTOPTC_BRO_202;EVTDESC_BRO_202,events/faerun_arcane_brotherhood_events.txt
BRO.203,fae_bro.203,fae_bro,character_event,character_event,witchcraft,yes,no,0.000,0,4,score,,EVTOPTA_BRO_203;EVTDESC_BRO_203,events/faerun_arcane_brotherhood_events.txt
BRO.204,fae_bro.204,fae_bro,character_event,character_event,witchcraft,yes,no,0.000,0,4,score,,EVTOPTA_BRO_204;EVTDESC_BRO_204,events/faerun_arcane_brotherhood_events.txt
BRO.205,fae_bro.205,fae_bro,character_event,character_event,witchcraft,yes,no,0.000,0,1,score,,EVTOPTA_BRO_205;EVTDESC_BRO_205,events/faerun_arcane_brotherhood_events.txt
BRO.206,fae_bro.206,fae_bro,character_event,character_event,witchcraft,yes,no,0.000,0,4,score,,EVTOPTA_BRO_206;EVTDESC_BRO_206,events/faerun_arcane_brotherhood_events.txt
BRO.207,fae_bro.207,fae_bro,character_event,character_event,witchcraft,yes,no,0.000,0,4,score,,EVTOPTA_BRO_207;EVTDESC_BRO_207,events/faerun_arcane_brotherhood_events.txt
BRO.208,fae_bro.208,fae_bro,character_event,character_event,witchcraft,yes,no,0.000,0,1,score,,EVTOPTA_BRO_208;EVTDESC_BRO_208,events/faerun_arcane_brotherhood_events.txt
BRO.209,fae_bro.209,fae_bro,character_event,character_event,witchcraft,yes,no,0.000,0,4,score,,EVTOPTA_BRO_209;EVTDESC_BRO_209,events/faerun_arcane_brotherhood_events.txt
BRO.210,fae_bro.210,fae_bro,character_event,character_event,witchcraft,yes,no,0.000,0,4,score,,EVTOPTA_BRO_210;EVTDESC_BRO_210,events/faerun_arcane_brotherhood_events.txt
BRO.211,fae_bro.211,fae_bro,character_event,character_event,witchcraft,yes,no,0.000,0,3,score,,EVTOPTA_BRO_211;EVTDESC_BRO_211,events/faerun_arcane_brotherhood_events.txt
BRO.300,fae_bro.300,fae_bro,character_event,character_event,learning,yes,no,0.286,2,7,score;dead_call,BRO.301;BRO.305;BRO.308,EVTOPTA_BRO_300;EVTOPTB_BRO_300;EVTOPTC_BRO_300;EVTDESC_BRO_300,events/faerun_arcane_brotherhood_events.txt
BRO.301,fae_bro.301,fae_bro,character_event,character_event,learning,yes,no,0.250,2,8,score;dead_call,BRO.302;BRO.303;BRO.304;BRO.302;BRO.303;BRO.304,EVTOPTA_BRO_301;EVTOPTB_BRO_301;EVTDESC_BRO_301,events/faerun_arcane_brotherhood_events.txt
BRO.302,fae_bro.302,fae_bro,character_event,character_event,default,yes,no,0.000,0,2,score;dead_call,BRO.311,EVTOPTA_BRO_302;EVTDESC_BRO_302,events/faerun_arcane_brotherhood_events.txt
BRO.303,fae_bro.303,fae_bro,character_event,character_event,default,yes,no,0.000,0,2,score;dead_call,BRO.312,EVTOPTA_BRO_303;EVTDESC_BRO_303,events/faerun_arcane_brotherhood_events.txt
BRO.304,fae_bro.304,fae_bro,character_event,character_event,disaster,yes,no,0.700,14,20,score,,EVTOPTA_BRO_304;EVTDESC_BRO_304,events/faerun_arcane_brotherhood_events.txt
BRO.305,fae_bro.305,fae_bro,character_event,character_event,learning,yes,no,0.250,2,8,score;dead_call,BRO.306;BRO.307;BRO.304;BRO.306;BRO.307;BRO.304,EVTOPTA_BRO_305;EVTOPTB_BRO_305;EVTDESC_BRO_305,events/faerun_arcane_brotherhood_events.txt
BRO.306,fae_bro.306,fae_bro,character_event,character_event,default,yes,no,0.000,0,2,score;dead_call,BRO.313,EVTOPTA_BRO_306;EVTDESC_BRO_306,events/faerun_arcane_brotherhood_events.txt
BRO.307,fae_bro.307,fae_bro,character_event,character_event,default,yes,no,0.000,0,2,score;dead_call,BRO.314,EVTOPTA_BRO_307;EVTDESC_BRO_307,events/faerun_arcane_brotherhood_events.txt
BRO.308,fae_bro.308,fae_bro,character_event,character_event,learning,yes,no,0.250,2,8,score;dead_call,BRO.309;BRO.310;BRO.304;BRO.309;BRO.310;BRO.304,EVTOPTA_BRO_308;EVTOPTB_BRO_308;EVTDESC_BRO_308,events/faerun_arcane_brotherhood_events.txt
BRO.309,fae_bro.309,fae_bro,character_event,character_event,learning,yes,no,0.000,0,2,score;dead_call,BRO.315,EVTOPTA_BRO_309;EVTDESC_BRO_309,events/faerun_arcane_brotherhood_events.txt
BRO.310,fae_bro.310,fae_bro,character_event,character_event,learning,yes,no,0.000,0,2,score;dead_call,BRO.316,EVTOPTA_BRO_310;EVTDESC_BRO_310,events/faerun_arcane_brotherhood_events.txt
BRO.311,fae_bro.311,fae_bro,character_event,character_event,default,yes,no,0.000,0,6,score;dead_call,BRO.311,EVTOPTA_BRO_311;EVTOPTB_BRO_311;EVTDESC_BRO_311,events/faerun_arcane_brotherhood_events.txt
BRO.312,fae_bro.312,fae_bro,character_event,character_event,default,yes,no,0.000,0,6,score;dead_call,BRO.312,EVTOPTA_BRO_311;EVTOPTB_BRO_311;EVTDESC_BRO_312,events/faerun_arcane_brotherhood_events.txt
BRO.313,fae_bro.313,fae_bro,character_event,character_event,default,yes,no,0.000,0,6,score;dead_call,BRO.313,EVTOPTA_BRO_311;EVTOPTB_BRO_311;EVTDESC_BRO_313,events/faerun_arcane_brotherhood_events.txt
BRO.314,fae_bro.314,fae_bro,character_event,character_event,default,yes,no,0.000,0,6,score;dead_call,BRO.314,EVTOPTA_BRO_311;EVTOPTB_BRO_311;EVTDESC_BRO_314,events/faerun_arcane_brotherhood_events.txt
BRO.315,fae_bro.315,fae_bro,character_event,character_event,learning,yes,no,0.000,0,6,score;dead_call,BRO.315,EVTOPTA_BRO_311;EVTOPTB_BRO_311;EVTDESC_BRO_315,events/faerun_arcane_brotherhood_events.txt
BRO.316,fae_bro.316,fae_bro,character_event,character_event,learning,yes,no,0.000,0,6,score;dead_call,BRO.316,EVTOPTA_BRO_311;EVTOPTB_BRO_311;EVTDESC_BRO_316,events/faerun_arcane_brotherhood_events.txt
BRO.500,fae_bro.500,fae_bro,character_event,character_event,mental_health,yes,no,0.545,6,11,score,,EVTOPTA_BRO_500;EVTOPTB_BRO_500;EVTDESC_BRO_500,events/faerun_arcane_brotherhood_events.txt
BRO.5107,fae_bro.5107,fae_bro,character_event,character_event,default,yes,no,0.600,3,5,score;from_scope;dead_call;unsaved_scope,BRO.5108,,events/faerun_arcane_brotherhood_events.txt
BRO.5108,fae_bro.5108,fae_bro,character_event,character_event,default,yes,no,0.600,6,10,score;dead_call,BRO.5108,,events/faerun_arcane_brotherhood_events.txt
BRO.5109,fae_bro.5109,fae_bro,character_event,character_event,learning,yes,no,0.188,3,16,score,,EVTOPTA_MNM_5109;EVTOPTB_MNM_5109;EVTOPTC_MNM_5109;EVTDESC_MNM_5109_hermetic;EVTDESC_MNM_5109_other_society;EVTDESC_MNM_5109_no_society;EVTDESC_MNM_5109_child,events/faerun_arcane_brotherhood_events.txt
BRO.5110,fae_bro.5110,fae_bro,character_event,character_event,intrigue,yes,no,0.594,19,32,score,,EVTOPTA_MNM_5110;EVTOPTB_MNM_5110;EVTOPTC_MNM_5110;EVTOPTD_MNM_5110;EVTDESC_MNM_5110,events/faerun_arcane_brotherhood_events.txt
BRO.5115,fae_bro.5115,fae_bro,character_event,character_event,learning,yes,no,0.261,12,46,score;dead_call;unsaved_scope,BRO.1400;BRO.1401,EVTOPTA_MNM_5115_herb;EVTOPTA_MNM_5115_animal_part;EVTOPTA_MNM_5115_powder;EVTOPTA_MNM_5115_liquid;EVTOPTB_MNM_5115_herb;EVTOPTB_MNM_5115_animal_part;EVTOPTB_MNM_5115_powder;EVTOPTB_MNM_5115_liquid;EVTOPTC_MNM_5115_herb;EVTOPTC_MNM_5115_animal_part;EVTOPTC_MNM_5115_powder;EVTOPTC_MNM_5115_liquid;EVTOPTD_MNM_5115;EVTOPTD_MNM_5115_duplicate;EVTOPTE_MNM_5115;EVTDESC_MNM_5115_self;EVTDESC_MNM_5115_other,events/faerun_arcane_brotherhood_events.txt
BRO.8000,fae_bro.8000,fae_bro,character_event,character_event,feast_activity,yes,no,0.000,0,4,score,,EVTOPTA_BRO_8000;EVTOPTB_BRO_8000;EVTDESC_BRO_8000,events/faerun_arcane_brotherhood_events.txt
BRO.8001,fae_bro.8001,fae_bro,letter_event,letter_event,default,yes,no,0.333,2,6,score;from_scope;unsaved_scope,BRO.8003,EVTOPTA_BRO_8001;EVTOPTB_BRO_8001;EVTDESC_BRO_8001,events/faerun_arcane_brotherhood_events.txt
BRO.8002,fae_bro.8002,fae_bro,letter_event,letter_event,default,yes,yes,1.000,0,0,,,EVTOPTA_BRO_8002;EVTDESC_BRO_8002,events/faerun_arcane_brotherhood_events.txt
BRO.8003,fae_bro.8003,fae_bro,letter_event,letter_event,default,yes,yes,1.000,0,0,,,EVTOPTA_BRO_8003;EVTDESC_BRO_8003,events/faerun_arcane_brotherhood_events.txt
CDR.1000,fae_cdr.1000,fae_cdr,character_event,character_event,default,yes,no,0.200,3,15,score;dead_call,CDR.1001;CDR.405,,events/faerun_cult_of_the_dragon_events.txt
CDR.1001,fae_cdr.1001,fae_cdr,character_event,character_event,default,yes,no,0.429,3,7,score;dead_call;unsaved_scope,CDR.1002,,events/faerun_cult_of_the_dragon_events.txt
CDR.1002,fae_cdr.1002,fae_cdr,character_event,character_event,default,yes,no,0.000,0,1,score;from_scope;dead_call;unsaved_scope,CDR.1003,,events/faerun_cult_of_the_dragon_events.txt
CDR.1003,,,society_quest_event,,,no,no,,,,society quest event; societies do not exist in CK3 (docs/mechanics_inventory.md),,,events/faerun_cult_of_the_dragon_events.txt
CDR.110,fae_cdr.110,fae_cdr,character_event,character_event,default,yes,no,0.353,6,17,score;dead_call,CDR.111,,events/faerun_cult_of_the_dragon_events.txt
CDR.111,fae_cdr.111,fae_cdr,character_event,character_event,default,yes,no,0.737,14,19,score,,,events/faerun_cult_of_the_dragon_events.txt
CDR.200,fae_cdr.200,fae_cdr,character_event,character_event,learning,yes,no,0.000,0,1,score;dead_call,CDR.201,EVTOPTA_CDR_200;EVTDESC_CDR_200,events/faerun_cult_of_the_dragon_events.txt
CDR.201,fae_cdr.201,fae_cdr,character_event,character_event,learning,yes,no,0.600,3,5,score;dead_call,CDR.202,EVTOPTA_CDR_201;EVTOPTB_CDR_201;EVTDESC_CDR_201,events/faerun_cult_of_the_dragon_events.txt
CDR.202,fae_cdr.202,fae_cdr,character_event,character_event,learning,yes,no,0.697,23,33,score,,EVTOPTA_CDR_202;EVTDESC_CDR_202,events/faerun_cult_of_the_dragon_events.txt
CDR.300,fae_cdr.300,fae_cdr,character_event,character_event,stewardship,yes,no,0.000,0,2,score,,EVTOPTA_CDR_300;EVTDESC_CDR_300,events/faerun_cult_of_the_dragon_events.txt
CDR.301,fae_cdr.301,fae_cdr,character_event,character_event,stewardship,yes,no,0.000,0,2,score,,EVTOPTA_CDR_300;EVTDESC_CDR_301,events/faerun_cult_of_the_dragon_events.txt
CDR.400,fae_cdr.400,fae_cdr,character_event,character_event,witchcraft,yes,no,0.500,1,2,score;unsaved_scope,,EVTOPTA_CDR_400;EVTDESC_CDR_400,events/faerun_cult_of_the_dragon_events.txt
CDR.401,fae_cdr.401,fae_cdr,character_event,character_event,stewardship,yes,no,0.143,1,7,score,,EVTOPTA_CDR_401;EVTDESC_CDR_401,events/faerun_cult_of_the_dragon_events.txt
CDR.402,fae_cdr.402,fae_cdr,character_event,character_event,diplomacy,yes,no,0.100,1,10,score,,EVTOPTA_CDR_402;EVTOPTB_CDR_402;EVTDESC_CDR_402,events/faerun_cult_of_the_dragon_events.txt
CDR.403,fae_cdr.403,fae_cdr,character_event,character_event,witchcraft,yes,no,0.458,11,24,score,,EVTOPTA_CDR_403;EVTOPTB_CDR_403;EVTOPTC_CDR_403;EVTDESC_CDR_403,events/faerun_cult_of_the_dragon_events.txt
CDR.404,fae_cdr.404,fae_cdr,character_event,character_event,witchcraft,yes,no,0.143,1,7,score,,EVTOPTA_CDR_404;EVTDESC_CDR_404,events/faerun_cult_of_the_dragon_events.txt
CDR.405,fae_cdr.405,fae_cdr,character_event,character_event,default,yes,no,0.000,0,4,score;dead_call,CDR.6200,,events/faerun_cult_of_the_dragon_events.txt
CDR.500,fae_cdr.500,fae_cdr,character_event,character_event,witchcraft,yes,no,0.061,2,33,score,,EVTOPTA_CDR_500;EVTOPTB_CDR_500;EVTOPTD_TWI_200;EVTDESC_CDR_500,events/faerun_cult_of_the_dragon_events.txt
CDR.600,fae_cdr.600,fae_cdr,character_event,character_event,war,yes,no,0.333,1,3,score;unsaved_scope,,EVTOPTA_CDR_600;EVTDESC_CDR_600,events/faerun_cult_of_the_dragon_events.txt
CDR.6200,fae_cdr.6200,fae_cdr,character_event,character_event,default,yes,no,0.333,2,6,score;unsaved_scope,,EVTOPTA_CDR_6200;EVTDESC_CDR_6200,events/faerun_cult_of_the_dragon_events.txt
CDR.6201,fae_cdr.6201,fae_cdr,character_event,character_event,default,yes,no,0.667,2,3,score;from_scope;dead_call;unsaved_scope,CDR.6202,,events/faerun_cult_of_the_dragon_events.txt
CDR.6202,,,society_quest_event,,,no,no,,,,society quest event; societies do not exist in CK3 (docs/mechanics_inventory.md),,,events/faerun_cult_of_the_dragon_events.txt
CDR.6203,fae_cdr.6203,fae_cdr,character_event,character_event,default,yes,no,0.429,3,7,score;from_scope;dead_call;unsaved_scope,CDR.6204;CDR.6205,EVTOPTA_CDR_6203;EVTOPTB_CDR_6203;EVTDESC_CDR_6203,events/faerun_cult_of_the_dragon_events.txt
CDR.6204,fae_cdr.6204,fae_cdr,character_event,character_event,default,yes,no,0.000,0,4,score;dead_call,CDR.301,EVTOPTA_CDR_6204;EVTDESC_CDR_6204,events/faerun_cult_of_the_dragon_events.txt
CDR.6205,fae_cdr.6205,fae_cdr,character_event,character_event,default,yes,no,0.000,0,1,score,,EVTOPTA_CDR_6205;EVTDESC_CDR_6205,events/faerun_cult_of_the_dragon_events.txt
DAL.100,fae_dal.100,fae_dal,character_event,character_event,default,yes,no,0.400,4,10,score;from_scope;dead_call;unsaved_scope,DAL.101,,events/faerun_dales_council_events.txt
DAL.101,fae_dal.101,fae_dal,character_event,character_event,default,yes,no,0.000,0,1,score;from_scope;dead_call;unsaved_scope,DAL.102,,events/faerun_dales_council_events.txt
DAL.102,fae_dal.102,fae_dal,letter_event,letter_event,faith,yes,no,0.667,2,3,score,,EVTOPTA_DAL_102;EVTDESC_DAL_102,events/faerun_dales_council_events.txt
DAL.110,fae_dal.110,fae_dal,character_event,character_event,default,yes,no,0.316,6,19,score;dead_call,DAL.111,,events/faerun_dales_council_events.txt
DAL.111,fae_dal.111,fae_dal,character_event,character_event,default,yes,no,0.714,15,21,score,,,events/faerun_dales_council_events.txt
DAL.30000,fae_dal.30000,fae_dal,character_event,character_event,realm,yes,no,0.000,0,1,score,,EXCELLENT;EVTDESC_DAL_30000,events/faerun_dales_council_events.txt
DAL.8000,fae_dal.8000,fae_dal,character_event,character_event,feast_activity,yes,no,0.500,7,14,score,,EVTOPTA_DAL_8000;EVTOPTB_DAL_8000;EVTDESC_DAL_8000,events/faerun_dales_council_events.txt
DAL.8001,fae_dal.8001,fae_dal,letter_event,letter_event,default,yes,no,0.429,3,7,score;from_scope;unsaved_scope,DAL.8003,EVTOPTA_DAL_8001;EVTOPTB_DAL_8001;EVTDESC_DAL_8001,events/faerun_dales_council_events.txt
DAL.8002,fae_dal.8002,fae_dal,letter_event,letter_event,default,yes,yes,1.000,1,1,,,EVTOPTA_DAL_8002;EVTDESC_DAL_8002,events/faerun_dales_council_events.txt
DAL.8003,fae_dal.8003,fae_dal,letter_event,letter_event,default,yes,yes,1.000,0,0,,,EVTOPTA_DAL_8003;EVTDESC_DAL_8003,events/faerun_dales_council_events.txt
DEAD.1,fae_dead.1,fae_dead,character_event,character_event,default,yes,no,0.273,3,11,score,,,events/faerun_undead_events.txt
DEAD.2,fae_dead.2,fae_dead,character_event,character_event,default,yes,no,0.500,4,8,score;from_scope;dead_call;unsaved_scope,DEAD.3,,events/faerun_undead_events.txt
DEAD.3,fae_dead.3,fae_dead,character_event,character_event,default,yes,no,0.250,1,4,score;from_scope;unsaved_scope,,,events/faerun_undead_events.txt
DEAD.4,fae_dead.4,fae_dead,narrative_event,character_event,default,yes,no,0.000,0,2,score,,DEAD.4a;SECRET_IDENTITY.title;DEAD.4,events/faerun_undead_events.txt
ELDC.100,fae_eldc.100,fae_eldc,character_event,character_event,default,yes,no,0.400,4,10,score;from_scope;dead_call;unsaved_scope,ELDC.101,,events/faerun_elder_concord_events.txt
ELDC.1000,fae_eldc.1000,fae_eldc,character_event,character_event,default,yes,no,0.360,9,25,score;dead_call;unsaved_scope,ELDC.1001;ELDC.1006,,events/faerun_elder_concord_events.txt
ELDC.1001,fae_eldc.1001,fae_eldc,character_event,character_event,default,yes,no,0.000,0,1,score;from_scope;dead_call;unsaved_scope,ELDC.1002,,events/faerun_elder_concord_events.txt
ELDC.1002,,,society_quest_event,,,no,no,,,,society quest event; societies do not exist in CK3 (docs/mechanics_inventory.md),,,events/faerun_elder_concord_events.txt
ELDC.1003,fae_eldc.1003,fae_eldc,character_event,character_event,war,yes,no,0.308,4,13,score;from_scope;unsaved_scope,,EVTOPTAELDC25503;EVTDESCELDC_1003,events/faerun_elder_concord_events.txt
ELDC.1004,fae_eldc.1004,fae_eldc,character_event,character_event,default,yes,no,0.000,0,8,score;dead_call,ELDC.1005,,events/faerun_elder_concord_events.txt
ELDC.1005,fae_eldc.1005,fae_eldc,character_event,character_event,default,yes,no,0.000,0,4,score,,,events/faerun_elder_concord_events.txt
ELDC.1006,fae_eldc.1006,fae_eldc,character_event,character_event,default,yes,no,0.000,0,1,score;from_scope;dead_call;unsaved_scope,ELDC.1007,,events/faerun_elder_concord_events.txt
ELDC.1007,,,society_quest_event,,,no,no,,,,society quest event; societies do not exist in CK3 (docs/mechanics_inventory.md),,,events/faerun_elder_concord_events.txt
ELDC.1008,fae_eldc.1008,fae_eldc,character_event,character_event,war,yes,no,0.000,0,5,score,,EVTOPTAELDC25503;EVTDESCELDC_1008,events/faerun_elder_concord_events.txt
ELDC.101,fae_eldc.101,fae_eldc,character_event,character_event,default,yes,no,0.000,0,1,score;from_scope;dead_call;unsaved_scope,ELDC.102,,events/faerun_elder_concord_events.txt
ELDC.102,fae_eldc.102,fae_eldc,letter_event,letter_event,faith,yes,no,0.500,3,6,score,,EVTOPTA_ELDC_102;EVTOPTB_ELDC_102;EVTDESC_ELDC_102,events/faerun_elder_concord_events.txt
ELDC.110,fae_eldc.110,fae_eldc,character_event,character_event,default,yes,no,0.297,11,37,score;dead_call,ELDC.111,,events/faerun_elder_concord_events.txt
ELDC.111,fae_eldc.111,fae_eldc,character_event,character_event,default,yes,no,0.773,17,22,score,,,events/faerun_elder_concord_events.txt
ELDC.112,fae_eldc.112,fae_eldc,character_event,character_event,default,yes,no,0.000,0,1,score;from_scope;dead_call;unsaved_scope,ELDC.113,,events/faerun_elder_concord_events.txt
ELDC.113,fae_eldc.113,fae_eldc,letter_event,letter_event,faith,yes,no,0.000,0,3,score,,EVTOPTA_ELDC_113;EVTOPTB_ELDC_113;EVTDESC_ELDC_113,events/faerun_elder_concord_events.txt
ELDC.2000,fae_eldc.2000,fae_eldc,character_event,character_event,default,yes,no,0.500,3,6,score;dead_call;unsaved_scope,ELDC.2001,EVTOPTA_ELDC_2000;EVTOPTB_ELDC_2000;EVTDESC_ELDC_2000,events/faerun_elder_concord_events.txt
ELDC.2001,fae_eldc.2001,fae_eldc,character_event,character_event,default,yes,no,0.314,11,35,score;unsaved_scope,,EVTOPTA_ELDC_2001;EVTOPTB_ELDC_2001;EVTOPTC_ELDC_2001;EVTDESC_ELDC_2001,events/faerun_elder_concord_events.txt
ELDC.2100,fae_eldc.2100,fae_eldc,character_event,character_event,default,yes,no,0.250,1,4,score,,EVTOPTA_ELDC_2100;EVTDESC_ELDC_2100,events/faerun_elder_concord_events.txt
EME.100,fae_eme.100,fae_eme,character_event,character_event,default,yes,no,0.400,4,10,score;from_scope;dead_call;unsaved_scope,EME.101,,events/faerun_emerald_enclave_events.txt
EME.1000,fae_eme.1000,fae_eme,character_event,character_event,default,yes,no,0.167,3,18,score;dead_call,EME.1001;EME.1004,,events/faerun_emerald_enclave_events.txt
EME.1001,fae_eme.1001,fae_eme,character_event,character_event,default,yes,no,0.500,1,2,score;dead_call;unsaved_scope,EME.1002,,events/faerun_emerald_enclave_events.txt
EME.1002,fae_eme.1002,fae_eme,character_event,character_event,default,yes,no,0.000,0,1,score;from_scope;dead_call;unsaved_scope,EME.1003,,events/faerun_emerald_enclave_events.txt
EME.1003,,,society_quest_event,,,no,no,,,,society quest event; societies do not exist in CK3 (docs/mechanics_inventory.md),,,events/faerun_emerald_enclave_events.txt
EME.1004,fae_eme.1004,fae_eme,character_event,character_event,default,yes,no,0.500,1,2,score;dead_call;unsaved_scope,EME.1005,,events/faerun_emerald_enclave_events.txt
EME.1005,fae_eme.1005,fae_eme,character_event,character_event,default,yes,no,0.000,0,1,score;from_scope;dead_call;unsaved_scope,EME.1006,,events/faerun_emerald_enclave_events.txt
EME.1006,,,society_quest_event,,,no,no,,,,society quest event; societies do not exist in CK3 (docs/mechanics_inventory.md),,,events/faerun_emerald_enclave_events.txt
EME.101,fae_eme.101,fae_eme,character_event,character_event,default,yes,no,0.000,0,1,score;from_scope;dead_call;unsaved_scope,EME.102,,events/faerun_emerald_enclave_events.txt
EME.102,fae_eme.102,fae_eme,letter_event,letter_event,faith,yes,no,0.667,2,3,score,,EVTOPTA_EME_102;EVTDESC_EME_102,events/faerun_emerald_enclave_events.txt
EME.110,fae_eme.110,fae_eme,character_event,character_event,default,yes,no,0.353,6,17,score;dead_call,EME.111,,events/faerun_emerald_enclave_events.txt
EME.111,fae_eme.111,fae_eme,character_event,character_event,default,yes,no,0.526,10,19,score,,,events/faerun_emerald_enclave_events.txt
EME.25000,fae_eme.25000,fae_eme,character_event,character_event,faith,yes,no,0.333,1,3,score;unsaved_scope,,EVTOPTA_EME_25000;EVTDESC_EME_25000,events/faerun_emerald_enclave_events.txt
EME.300,fae_eme.300,fae_eme,character_event,character_event,travel,yes,no,0.000,0,1,score,,EVTOPTA_EME_300;EVTDESC_EME_300,events/faerun_emerald_enclave_events.txt
EME.7000,fae_eme.7000,fae_eme,character_event,character_event,faith,yes,no,0.556,10,18,score,,EVTOPTA_EME_7000;EVTOPTB_EME_7000;EVTOPTC_EME_7000;EVTOPTD_EME_7000;EVTOPTE_EME_7000;EVTDESC_EME_7000,events/faerun_emerald_enclave_events.txt
EME.7001,fae_eme.7001,fae_eme,character_event,character_event,faith,yes,no,0.535,23,43,score;unsaved_scope,,EVTOPTA_EME_7001;EVTOPTB_TOG_7001;EVTOPTB_EME_7001;EVTOPTC_EME_7001;EVTOPTD_EME_7001;EVTDESC_EME_7001_health;EVTDESC_EME_7001_relationships;EVTDESC_EME_7001_war;EVTDESC_EME_7001_prosperity;EVTDESC_EME_7001_wisdom,events/faerun_emerald_enclave_events.txt
EME.7002,fae_eme.7002,fae_eme,character_event,character_event,faith,yes,no,0.710,49,69,score,,EVTOPTA_TOG_7002;EVTDESC_EME_7002_massive;EVTDESC_TOG_7002_human;EVTDESC_EME_7002_great;EVTDESC_EME_7002_feast;EVTDESC_EME_7002_carving,events/faerun_emerald_enclave_events.txt
EME.7010,fae_eme.7010,fae_eme,character_event,character_event,default,yes,no,0.000,0,4,score;dead_call,EME.7014;EME.7016,,events/faerun_emerald_enclave_events.txt
EME.7011,fae_eme.7011,fae_eme,character_event,character_event,faith,yes,no,0.000,0,3,score,,EVTOPTA_TOG_7011;EVTDESC_TOG_7011,events/faerun_emerald_enclave_events.txt
EME.7012,fae_eme.7012,fae_eme,character_event,character_event,faith,yes,no,0.000,0,1,score,,EVTOPTA_TOG_7012;EVTDESC_TOG_7012,events/faerun_emerald_enclave_events.txt
EME.7013,fae_eme.7013,fae_eme,character_event,character_event,physical_health,yes,no,0.000,0,3,score,,EVTOPTA_TOG_7013;EVTDESC_TOG_7013;EVTDESC_TOG_7013,events/faerun_emerald_enclave_events.txt
EME.7014,fae_eme.7014,fae_eme,character_event,character_event,faith,yes,no,0.500,1,2,score,,EVTOPTA_TOG_7014;EVTDESC_TOG_7014,events/faerun_emerald_enclave_events.txt
EME.7016,fae_eme.7016,fae_eme,character_event,character_event,faith,yes,no,0.000,0,1,score,,EVTOPTA_TOG_7016;EVTDESC_TOG_7016,events/faerun_emerald_enclave_events.txt
EME.7020,fae_eme.7020,fae_eme,character_event,character_event,love,yes,no,0.467,14,30,score;unsaved_scope,,EVTOPTA_TOG_7020;EVTOPTB_TOG_7020;EVTDESC_TOG_7020,events/faerun_emerald_enclave_events.txt
EME.7021,fae_eme.7021,fae_eme,character_event,character_event,feast_activity,yes,no,0.333,4,12,score,,EVTOPTA_TOG_7021;EVTOPTB_TOG_7021;EVTDESC_TOG_7021,events/faerun_emerald_enclave_events.txt
EME.7022,fae_eme.7022,fae_eme,character_event,character_event,court,yes,no,0.000,0,1,score,,EVTOPTA_TOG_7022;EVTDESC_TOG_7022,events/faerun_emerald_enclave_events.txt
EME.7023,fae_eme.7023,fae_eme,character_event,character_event,faith,yes,no,0.333,4,12,score,,EVTOPTA_TOG_7023;EVTDESC_TOG_7023,events/faerun_emerald_enclave_events.txt
EME.7024,fae_eme.7024,fae_eme,character_event,character_event,court,yes,no,0.000,0,1,score,,EVTOPTA_TOG_7024;EVTDESC_TOG_7024,events/faerun_emerald_enclave_events.txt
EME.7025,fae_eme.7025,fae_eme,character_event,character_event,recovery,yes,no,0.000,0,4,score,,EVTOPTA_TOG_7025;EVTOPTB_TOG_7025;EVTDESC_TOG_7025;EVTDESC_TOG_7025,events/faerun_emerald_enclave_events.txt
EME.7030,fae_eme.7030,fae_eme,character_event,character_event,martial,yes,no,0.111,1,9,score;unsaved_scope,,EVTOPTA_TOG_7030;EVTDESC_TOG_7030,events/faerun_emerald_enclave_events.txt
EME.7032,fae_eme.7032,fae_eme,character_event,character_event,battle,yes,no,0.600,9,15,score,,EVTOPTA_TOG_7032;EVTDESC_TOG_7032,events/faerun_emerald_enclave_events.txt
EME.7033,fae_eme.7033,fae_eme,character_event,character_event,war,yes,no,0.000,0,1,score,,EVTOPTA_TOG_7033;EVTDESC_TOG_7033,events/faerun_emerald_enclave_events.txt
EME.7034,fae_eme.7034,fae_eme,character_event,character_event,war,yes,no,0.000,0,6,score,,EVTOPTA_TOG_7034;EVTDESC_TOG_7034_A;EVTDESC_TOG_7034_B,events/faerun_emerald_enclave_events.txt
EME.7035,fae_eme.7035,fae_eme,character_event,character_event,war,yes,no,0.000,0,1,score,,EVTOPTA_TOG_7035;EVTDESC_TOG_7035,events/faerun_emerald_enclave_events.txt
EME.7040,fae_eme.7040,fae_eme,character_event,character_event,travel,yes,no,0.250,3,12,score,,EVTOPTA_TOG_7040;EVTDESC_TOG_7040,events/faerun_emerald_enclave_events.txt
EME.7041,fae_eme.7041,fae_eme,character_event,character_event,realm,yes,no,0.000,0,4,score,,EVTOPTA_TOG_7041;EVTDESC_TOG_7041_A;EVTDESC_TOG_7041_B,events/faerun_emerald_enclave_events.txt
EME.7042,fae_eme.7042,fae_eme,character_event,character_event,stewardship,yes,no,0.000,0,1,score,,EVTOPTA_TOG_7042;EVTDESC_TOG_7042,events/faerun_emerald_enclave_events.txt
EME.7043,fae_eme.7043,fae_eme,character_event,character_event,faith,yes,no,0.000,0,1,score,,EVTOPTA_TOG_7043;EVTDESC_TOG_7043,events/faerun_emerald_enclave_events.txt
EME.7044,fae_eme.7044,fae_eme,character_event,character_event,travel,yes,no,0.200,1,5,score,,EVTOPTA_TOG_7044;EVTDESC_TOG_7044,events/faerun_emerald_enclave_events.txt
EME.7050,fae_eme.7050,fae_eme,character_event,character_event,learning,yes,no,0.000,0,4,score,,EVTOPTA_TOG_7050;EVTDESC_TOG_7050,events/faerun_emerald_enclave_events.txt
EME.7051,fae_eme.7051,fae_eme,character_event,character_event,faith,yes,no,0.200,1,5,score;unsaved_scope,,EVTOPTA_TOG_7051;EVTDESC_TOG_7051,events/faerun_emerald_enclave_events.txt
EME.7052,fae_eme.7052,fae_eme,character_event,character_event,learning,yes,no,0.000,0,1,score,,EVTOPTA_TOG_7052;EVTDESC_TOG_7052,events/faerun_emerald_enclave_events.txt
EME.7053,fae_eme.7053,fae_eme,character_event,character_event,learning,yes,no,0.000,0,1,score,,EVTOPTA_TOG_7053;EVTDESC_TOG_7053,events/faerun_emerald_enclave_events.txt
EME.7054,fae_eme.7054,fae_eme,character_event,character_event,faith,yes,no,0.000,0,2,score,,EVTOPTA_TOG_7054;EVTOPTB_TOG_7054;EVTDESC_TOG_7054,events/faerun_emerald_enclave_events.txt
EVER.100,fae_ever.100,fae_ever,character_event,character_event,default,yes,no,0.400,4,10,score;from_scope;dead_call;unsaved_scope,EVER.101,,events/faerun_everlasting_events.txt
EVER.101,fae_ever.101,fae_ever,character_event,character_event,default,yes,no,0.000,0,1,score;from_scope;dead_call;unsaved_scope,EVER.102,,events/faerun_everlasting_events.txt
EVER.102,fae_ever.102,fae_ever,letter_event,letter_event,faith,yes,no,0.667,2,3,score,,EVTOPTA_EVER_102;EVTDESC_EVER_102,events/faerun_everlasting_events.txt
EVER.110,fae_ever.110,fae_ever,character_event,character_event,default,yes,no,0.353,6,17,score;dead_call,EVER.111,,events/faerun_everlasting_events.txt
EVER.111,fae_ever.111,fae_ever,character_event,character_event,default,yes,no,0.706,12,17,score,,,events/faerun_everlasting_events.txt
EVER.6200,fae_ever.6200,fae_ever,character_event,character_event,default,yes,no,0.440,11,25,score;unsaved_scope,,,events/faerun_everlasting_events.txt
EVER.6201,fae_ever.6201,fae_ever,character_event,character_event,default,yes,no,0.667,2,3,score;from_scope;dead_call;unsaved_scope,EVER.6202,,events/faerun_everlasting_events.txt
EVER.6202,,,society_quest_event,,,no,no,,,,society quest event; societies do not exist in CK3 (docs/mechanics_inventory.md),,,events/faerun_everlasting_events.txt
EVER.6203,fae_ever.6203,fae_ever,character_event,character_event,default,yes,no,0.250,1,4,score;from_scope;dead_call;unsaved_scope,EVER.6204,,events/faerun_everlasting_events.txt
EVER.6204,,,society_quest_event,,,no,no,,,,society quest event; societies do not exist in CK3 (docs/mechanics_inventory.md),,,events/faerun_everlasting_events.txt
EVER.6205,fae_ever.6205,fae_ever,character_event,character_event,faith,yes,no,0.100,1,10,score;from_scope;unsaved_scope,,EVTOPTA_MNM_6205_A;EVTOPTA_MNM_6205_B;EVTDESC_MNM_6205_A;EVTDESC_MNM_6205_B,events/faerun_everlasting_events.txt
EVER.6206,,,province_event,,,no,no,,,,province-scope root; CK3 has no province event type and a non-character root scope must be hidden or major (game/events/_events.info),,,events/faerun_everlasting_events.txt
EVER.6220,fae_ever.6220,fae_ever,character_event,character_event,default,yes,no,0.000,0,1,score;from_scope;dead_call;unsaved_scope,EVER.6221,,events/faerun_everlasting_events.txt
EVER.6221,,,society_quest_event,,,no,no,,,,society quest event; societies do not exist in CK3 (docs/mechanics_inventory.md),,,events/faerun_everlasting_events.txt
EVER.6248,fae_ever.6248,fae_ever,character_event,character_event,default,yes,no,0.000,0,1,score;from_scope;dead_call;unsaved_scope,EVER.6249,,events/faerun_everlasting_events.txt
EVER.6249,,,society_quest_event,,,no,no,,,,society quest event; societies do not exist in CK3 (docs/mechanics_inventory.md),,,events/faerun_everlasting_events.txt
EVER.6250,fae_ever.6250,fae_ever,character_event,character_event,witchcraft,yes,no,0.821,96,117,score;dead_call;unsaved_scope,EVER.6251;EVER.6251;EVER.6251;EVER.6251;EVER.6251,EVTOPTA_MNM_6250;EVTOPTA_MNM_6250;EVTOPTB_MNM_6250;EVTOPTC_MNM_6250;EVTOPTD_MNM_6250;EVTOPTE_MNM_6250;EVTOPTF_MNM_6250;EVTDESC_MNM_6250_A;EVTDESC_MNM_6250_B,events/faerun_everlasting_events.txt
EVER.6251,fae_ever.6251,fae_ever,character_event,character_event,default,yes,no,0.667,4,6,score;from_scope;dead_call;unsaved_scope,EVER.6252,,events/faerun_everlasting_events.txt
EVER.6252,fae_ever.6252,fae_ever,character_event,character_event,intrigue,yes,no,0.769,10,13,score;dead_call,EVER.6253;EVER.6253;EVER.6253,EVTOPTA_MNM_6252;EVTOPTB_MNM_6252;EVTOPTC_MNM_6252;EVTDESC_MNM_6252,events/faerun_everlasting_events.txt
EVER.6253,fae_ever.6253,fae_ever,character_event,character_event,intrigue,yes,no,0.820,50,61,score;dead_call;unsaved_scope,EVER.6254;EVER.6255;EVER.6256,EVTOPTA_MNM_6253;EVTDESC_MNM_6253_A;EVTDESC_MNM_6253_B;EVTDESC_MNM_6253_C,events/faerun_everlasting_events.txt
EVER.6254,fae_ever.6254,fae_ever,character_event,character_event,witchcraft,yes,no,0.857,6,7,score;dead_call,EVER.6261,EVTOPTA_MNM_6254;EVTDESC_MNM_6254_A;EVTDESC_MNM_6254_B;EVTDESC_MNM_6254_C,events/faerun_everlasting_events.txt
EVER.6255,fae_ever.6255,fae_ever,character_event,character_event,witchcraft,yes,no,0.778,7,9,score;dead_call;unsaved_scope,EVER.6261,EVTOPTA_MNM_6255;EVTDESC_MNM_6255_A;EVTDESC_MNM_6255_B;EVTDESC_MNM_6255_C,events/faerun_everlasting_events.txt
EVER.6256,fae_ever.6256,fae_ever,character_event,character_event,intrigue,yes,no,0.733,11,15,score;dead_call;unsaved_scope,EVER.6259;EVER.6259,EVTOPTA_MNM_6256;EVTOPTB_MNM_6256;EVTDESC_MNM_6256,events/faerun_everlasting_events.txt
EVER.6257,fae_ever.6257,fae_ever,character_event,character_event,default,yes,no,0.867,13,15,score;dead_call;unsaved_scope,EVER.6258,,events/faerun_everlasting_events.txt
EVER.6258,fae_ever.6258,fae_ever,character_event,character_event,witchcraft,yes,no,0.286,2,7,score;unsaved_scope,,EVTOPTA_MNM_6258;EVTOPTB_MNM_6258;EVTDESC_MNM_6258,events/faerun_everlasting_events.txt
EVER.6259,fae_ever.6259,fae_ever,character_event,character_event,witchcraft,yes,no,0.672,41,61,score;dead_call;unsaved_scope,EVER.6257;EVER.6258;EVER.6257;EVER.6258;EVER.6257,EVTOPTA_MNM_6259;EVTOPTB_MNM_6259;EVTOPTC_MNM_6259;EVTDESC_MNM_6259_A;EVTDESC_MNM_6259_B;EVTDESC_MNM_6259_C;EVTDESC_MNM_6259_D;EVTDESC_MNM_6259_E;EVTDESC_MNM_6259_F,events/faerun_everlasting_events.txt
EVER.6261,fae_ever.6261,fae_ever,character_event,character_event,default,yes,no,0.750,3,4,score;dead_call;unsaved_scope,EVER.6259,,events/faerun_everlasting_events.txt
EVER.6948,fae_ever.6948,fae_ever,character_event,character_event,default,yes,no,0.000,0,3,score;dead_call,MNM.6100,,events/faerun_everlasting_events.txt
EVER.6949,fae_ever.6949,fae_ever,character_event,character_event,default,yes,no,0.000,0,3,score,,,events/faerun_everlasting_events.txt
FCE.0001,fae_fce.1,fae_fce,character_event,character_event,intrigue,yes,no,0.616,61,99,score,,EVTOPTA_FCE_0001;EVTOPTB_FCE_0001;EVTOPTC_FCE_0001;EVTOPTD_FCE_0001;EVTOPTE_FCE_0001;EVTDESC_FCE_0001,events/faerun_court_events.txt
FCE.0011,fae_fce.11,fae_fce,character_event,character_event,intrigue,yes,no,0.486,17,35,score;dead_call,FCE.0012;FCE.0012;FCE.0012,EVTOPTA_FCE_0011;EVTOPTB_FCE_0011;EVTOPTC_FCE_0011;EVTOPTD_FCE_0011;EVTDESC_FCE_0011,events/faerun_court_events.txt
FCE.0012,fae_fce.12,fae_fce,character_event,character_event,intrigue,yes,no,0.400,8,20,score,,EVTOPTA_FCE_0012;EVTOPTB_FCE_0012;EVTDESC_FCE_0012,events/faerun_court_events.txt
FCE.73006,fae_fce.65535,fae_fce,character_event,character_event,default,yes,no,0.500,11,22,score;dead_call,73006,,events/faerun_court_events.txt
FMU.0001,fae_fmu.1,fae_fmu,character_event,character_event,default,yes,no,0.500,3,6,score;from_scope;dead_call;unsaved_scope,FMU.0002,,events/faerun_Magic_User.txt
FMU.0002,fae_fmu.2,fae_fmu,character_event,character_event,learning,yes,no,0.000,0,42,score;from_scope;unsaved_scope,,EVTOPTB_FMU_0002;EVTOPTC_FMU_0002;EVTOPTD_FMU_0002;EVTOPTE_FMU_0002;EVTDESC_FMU_0002,events/faerun_Magic_User.txt
FRE.0001,fae_fre.1,fae_fre,character_event,character_event,faith,yes,no,0.389,7,18,score,,EVTOPTA_FRE_0001;EVTOPTB_FRE_0001;EVTDESC_FRE_0001,events/faerun_Rogue.txt
FSC.0001,fae_fsc.1,fae_fsc,character_event,character_event,faith,yes,no,0.571,4,7,score;dead_call,FSC.0002,EVTOPTAFSC.0001;EVTOPTBFSC.0001;EVTDESC_FSC_0001,events/faerun_Sea_Creatures.txt
FSC.0002,fae_fsc.2,fae_fsc,character_event,character_event,faith,yes,no,0.000,0,1,score,,EVTOPTAFSC.0002;EVTDESC_FSC_0002,events/faerun_Sea_Creatures.txt
FSC.0003,fae_fsc.3,fae_fsc,character_event,character_event,default,yes,no,0.962,25,26,score,,,events/faerun_Sea_Creatures.txt
FaerunMercenaries.1,fae_faerunmercenaries.1,fae_faerunmercenaries,character_event,character_event,default,yes,no,0.500,1,2,score;from_scope;unsaved_scope,FaerunMercenaries.2,,events/faerun_Mercenaries.txt
FaerunMercenaries.1001,fae_faerunmercenaries.1001,fae_faerunmercenaries,character_event,character_event,default,yes,no,0.472,17,36,score,,,events/faerun_Mercenaries.txt
FaerunMercenaries.2,fae_faerunmercenaries.2,fae_faerunmercenaries,letter_event,letter_event,war,yes,yes,1.000,0,0,,,EXCELLENT;EVTDESC_FaerunMercenary_2,events/faerun_Mercenaries.txt
FaerunSiege.1,fae_faerunsiege.1,fae_faerunsiege,character_event,character_event,war,yes,no,0.036,2,55,score,,FaerunSiege1TTA;FaerunSiege1TTB;FaerunSiege1,events/faerun_siege_events.txt
FaerunSiege.2,fae_faerunsiege.2,fae_faerunsiege,character_event,character_event,war,yes,yes,1.000,0,0,,,FaerunSiege2TTA;FaerunSiege2,events/faerun_siege_events.txt
FaerunSiege.3,fae_faerunsiege.3,fae_faerunsiege,character_event,character_event,war,yes,yes,1.000,0,0,,,FaerunSiege2TTA;FaerunSiege3,events/faerun_siege_events.txt
FaerunSocieties.1,fae_faerunsocieties.1,fae_faerunsocieties,character_event,character_event,default,yes,no,0.400,4,10,score;from_scope;dead_call;unsaved_scope,FaerunSocieties.101,,events/faerun_Societies.txt
FaerunSocieties.101,fae_faerunsocieties.101,fae_faerunsocieties,character_event,character_event,default,yes,no,0.000,0,1,score;from_scope;dead_call;unsaved_scope,FaerunSocieties.102,,events/faerun_Societies.txt
FaerunSocieties.102,fae_faerunsocieties.102,fae_faerunsocieties,letter_event,letter_event,faith,yes,no,0.667,2,3,score,,EVTOPTA_harpers_invite;EVTDESC_harpers_invite,events/faerun_Societies.txt
FaerunSocieties.2,fae_faerunsocieties.2,fae_faerunsocieties,character_event,character_event,default,yes,no,0.400,4,10,score;from_scope;dead_call;unsaved_scope,FaerunSocieties.201,,events/faerun_Societies.txt
FaerunSocieties.201,fae_faerunsocieties.201,fae_faerunsocieties,character_event,character_event,default,yes,no,0.000,0,1,score;from_scope;dead_call;unsaved_scope,FaerunSocieties.202,,events/faerun_Societies.txt
FaerunSocieties.202,fae_faerunsocieties.202,fae_faerunsocieties,letter_event,letter_event,faith,yes,no,0.667,2,3,score,,EVTOPTA_cultofdragon_invite;EVTDESC_cultofdragon_invite,events/faerun_Societies.txt
FaerunSocieties.3,fae_faerunsocieties.3,fae_faerunsocieties,character_event,character_event,default,yes,no,0.400,4,10,score;from_scope;dead_call;unsaved_scope,FaerunSocieties.301,,events/faerun_Societies.txt
FaerunSocieties.301,fae_faerunsocieties.301,fae_faerunsocieties,character_event,character_event,default,yes,no,0.000,0,1,score;from_scope;dead_call;unsaved_scope,FaerunSocieties.302,,events/faerun_Societies.txt
FaerunSocieties.302,fae_faerunsocieties.302,fae_faerunsocieties,letter_event,letter_event,faith,yes,no,0.667,2,3,score,,EVTOPTA_arcanebros_invite;EVTDESC_arcanebros_invite,events/faerun_Societies.txt
FaerunSocieties.4,fae_faerunsocieties.4,fae_faerunsocieties,character_event,character_event,default,yes,no,0.400,4,10,score;from_scope;dead_call;unsaved_scope,FaerunSocieties.401,,events/faerun_Societies.txt
FaerunSocieties.401,fae_faerunsocieties.401,fae_faerunsocieties,character_event,character_event,default,yes,no,0.000,0,1,score;from_scope;dead_call;unsaved_scope,FaerunSocieties.402,,events/faerun_Societies.txt
FaerunSocieties.402,fae_faerunsocieties.402,fae_faerunsocieties,letter_event,letter_event,faith,yes,no,0.667,2,3,score,,EVTOPTA_shadowthieves_invite;EVTDESC_shadowthieves_invite,events/faerun_Societies.txt
FaerunSocieties.90000,fae_faerunsocieties.65535,fae_faerunsocieties,character_event,character_event,war,yes,no,0.536,15,28,score;from_scope;dead_call;ck2_variable;unsaved_scope,FaerunSocieties.90002;FaerunSocieties.90001,EVTOPTA_FAERUNSOCIETIES.90000;EVTOPTB_FAERUNSOCIETIES.90000;EVTNAME_FAERUNSOCIETIES.90000;EVTDESC_FAERUNSOCIETIES.90000,events/faerun_Societies.txt
FaerunSocieties.90001,fae_faerunsocieties.65534,fae_faerunsocieties,character_event,character_event,war,yes,no,0.750,3,4,score;unsaved_scope,,EVTOPTA_FAERUNSOCIETIES.90001;EVTDESC_FAERUNSOCIETIES.90001,events/faerun_Societies.txt
FaerunSocieties.90002,fae_faerunsocieties.65533,fae_faerunsocieties,character_event,character_event,war,yes,no,0.500,11,22,score;from_scope;dead_call;ck2_variable;unsaved_scope,HFP.10100;HFP.10100,EVTOPTA_WOL_11001;EVTOPTA_HF_10096;EVTNAME_FAERUNSOCIETIES.90000;EVTDESC_FAERUNSOCIETIES.90002,events/faerun_Societies.txt
FaerunSocieties.90003,fae_faerunsocieties.65532,fae_faerunsocieties,character_event,character_event,war,yes,no,0.556,5,9,score;unsaved_scope,,EVTOPTA_FAERUNSOCIETIES.90003;EVTNAME_FAERUNSOCIETIES.90000;EVTDESC_FAERUNSOCIETIES.90003,events/faerun_Societies.txt
FaerunSocieties.90004,fae_faerunsocieties.65531,fae_faerunsocieties,character_event,character_event,default,yes,no,0.000,0,6,score;from_scope;dead_call;unsaved_scope,FaerunSocieties.90005,,events/faerun_Societies.txt
FaerunSocieties.90005,fae_faerunsocieties.65530,fae_faerunsocieties,character_event,character_event,diplomacy,yes,no,0.250,2,8,score;from_scope;unsaved_scope,,EVTOPTA_FAERUNSOCIETIES.90005;EVTOPTB_FAERUNSOCIETIES.90005;EVTDESC_FAERUNSOCIETIES.90005,events/faerun_Societies.txt
FaerunSocieties.90006,fae_faerunsocieties.65529,fae_faerunsocieties,character_event,character_event,default,yes,no,0.000,0,3,score;from_scope;unsaved_scope,,,events/faerun_Societies.txt
FaerunSorcerer.1,fae_faerunsorcerer.1,fae_faerunsorcerer,character_event,character_event,default,yes,no,0.333,1,3,score,,,events/faerun_Sorcerer.txt
FaerunSorcerer.2,fae_faerunsorcerer.2,fae_faerunsorcerer,long_character_event,character_event,default,yes,no,0.750,9,12,score,,OK;sorcerer_event_desc1a,events/faerun_Sorcerer.txt
FaerunSorcerer.3,fae_faerunsorcerer.3,fae_faerunsorcerer,long_character_event,character_event,default,yes,yes,1.000,0,0,,,ok;sorcerer_event_desc1b,events/faerun_Sorcerer.txt
FaerunSorcerer.4,fae_faerunsorcerer.4,fae_faerunsorcerer,character_event,character_event,default,yes,no,0.625,10,16,score,,,events/faerun_Sorcerer.txt
FaerunSorcerer.5,fae_faerunsorcerer.5,fae_faerunsorcerer,character_event,character_event,default,yes,no,0.750,3,4,score,,,events/faerun_Sorcerer.txt
HERA.100,fae_hera.100,fae_hera,character_event,character_event,default,yes,no,0.400,4,10,score;from_scope;dead_call;unsaved_scope,HERA.101,,events/faerun_heralds_events.txt
HERA.1000,fae_hera.1000,fae_hera,character_event,character_event,default,yes,no,0.200,2,10,score;dead_call,HERA.1001,,events/faerun_heralds_events.txt
HERA.1001,fae_hera.1001,fae_hera,character_event,character_event,default,yes,no,0.000,0,3,score;dead_call,HERA.1002,,events/faerun_heralds_events.txt
HERA.1002,fae_hera.1002,fae_hera,character_event,character_event,default,yes,no,0.667,2,3,score;from_scope;dead_call;unsaved_scope,HERA.1003,,events/faerun_heralds_events.txt
HERA.1003,,,society_quest_event,,,no,no,,,,society quest event; societies do not exist in CK3 (docs/mechanics_inventory.md),,,events/faerun_heralds_events.txt
HERA.1004,fae_hera.1004,fae_hera,character_event,character_event,learning,yes,no,0.837,36,43,score;dead_call,HERA.1005;HERA.1006;HERA.1007;HERA.1008;HERA.1009;HERA.1010,EVTOPTA_HERA_300;EVTOPTB_HERA_300;EVTOPTC_HERA_300;EVTDESC_HERA_300,events/faerun_heralds_events.txt
HERA.1005,fae_hera.1005,fae_hera,character_event,character_event,learning,yes,no,0.250,1,4,score;dead_call;unsaved_scope,HERA.307,EVTOPTA_HERA_301;EVTDESC_HERA_301,events/faerun_heralds_events.txt
HERA.1006,fae_hera.1006,fae_hera,character_event,character_event,learning,yes,no,0.250,1,4,score;dead_call;unsaved_scope,HERA.308,EVTOPTA_HERA_302;EVTDESC_HERA_302,events/faerun_heralds_events.txt
HERA.1007,fae_hera.1007,fae_hera,character_event,character_event,learning,yes,no,0.250,1,4,score;dead_call;unsaved_scope,HERA.309,EVTOPTA_HERA_303;EVTDESC_HERA_303,events/faerun_heralds_events.txt
HERA.1008,fae_hera.1008,fae_hera,character_event,character_event,learning,yes,no,0.250,1,4,score;dead_call;unsaved_scope,HERA.310,EVTOPTA_HERA_304;EVTDESC_HERA_304,events/faerun_heralds_events.txt
HERA.1009,fae_hera.1009,fae_hera,character_event,character_event,learning,yes,no,0.167,1,6,score;dead_call;unsaved_scope,HERA.311,EVTOPTA_HERA_305;EVTDESC_HERA_305,events/faerun_heralds_events.txt
HERA.101,fae_hera.101,fae_hera,character_event,character_event,default,yes,no,0.000,0,1,score;from_scope;dead_call;unsaved_scope,HERA.102,,events/faerun_heralds_events.txt
HERA.1010,fae_hera.1010,fae_hera,character_event,character_event,learning,yes,no,0.250,1,4,score;dead_call;unsaved_scope,HERA.312,EVTOPTA_HERA_306;EVTDESC_HERA_306,events/faerun_heralds_events.txt
HERA.102,fae_hera.102,fae_hera,letter_event,letter_event,faith,yes,no,0.667,2,3,score,,EVTOPTA_HERA_102;EVTDESC_HERA_102,events/faerun_heralds_events.txt
HERA.110,fae_hera.110,fae_hera,character_event,character_event,default,yes,no,0.353,6,17,score;dead_call,HERA.111,,events/faerun_heralds_events.txt
HERA.111,fae_hera.111,fae_hera,character_event,character_event,default,yes,no,0.706,12,17,score,,,events/faerun_heralds_events.txt
HERA.200,fae_hera.200,fae_hera,character_event,character_event,learning,yes,no,0.000,0,1,score;dead_call,HERA.201,EVTOPTA_HERA_200;EVTDESC_HERA_200,events/faerun_heralds_events.txt
HERA.201,fae_hera.201,fae_hera,character_event,character_event,learning,yes,no,0.000,0,2,score;dead_call,HERA.202,EVTOPTA_HERA_201;EVTOPTB_HERA_201;EVTDESC_HERA_201,events/faerun_heralds_events.txt
HERA.202,fae_hera.202,fae_hera,character_event,character_event,learning,yes,no,0.722,26,36,score,,EVTOPTA_HERA_202;EVTDESC_HERA_202,events/faerun_heralds_events.txt
HERA.300,fae_hera.300,fae_hera,character_event,character_event,learning,yes,no,0.857,36,42,score;dead_call,HERA.301;HERA.302;HERA.303;HERA.304;HERA.305;HERA.306,EVTOPTA_HERA_300;EVTOPTB_HERA_300;EVTOPTC_HERA_300;EVTDESC_HERA_300,events/faerun_heralds_events.txt
HERA.301,fae_hera.301,fae_hera,character_event,character_event,learning,yes,no,0.500,1,2,score;dead_call;unsaved_scope,HERA.307,EVTOPTA_HERA_301;EVTDESC_HERA_301,events/faerun_heralds_events.txt
HERA.302,fae_hera.302,fae_hera,character_event,character_event,learning,yes,no,0.333,1,3,score;dead_call;unsaved_scope,HERA.308,EVTOPTA_HERA_302;EVTDESC_HERA_302,events/faerun_heralds_events.txt
HERA.303,fae_hera.303,fae_hera,character_event,character_event,learning,yes,no,0.500,1,2,score;dead_call;unsaved_scope,HERA.309,EVTOPTA_HERA_303;EVTDESC_HERA_303,events/faerun_heralds_events.txt
HERA.304,fae_hera.304,fae_hera,character_event,character_event,learning,yes,no,0.333,1,3,score;dead_call;unsaved_scope,HERA.310,EVTOPTA_HERA_304;EVTDESC_HERA_304,events/faerun_heralds_events.txt
HERA.305,fae_hera.305,fae_hera,character_event,character_event,learning,yes,no,0.250,1,4,score;dead_call;unsaved_scope,HERA.311,EVTOPTA_HERA_305;EVTDESC_HERA_305,events/faerun_heralds_events.txt
HERA.306,fae_hera.306,fae_hera,character_event,character_event,learning,yes,no,0.333,1,3,score;dead_call;unsaved_scope,HERA.312,EVTOPTA_HERA_306;EVTDESC_HERA_306,events/faerun_heralds_events.txt
HERA.307,fae_hera.307,fae_hera,character_event,character_event,realm,yes,no,0.200,2,10,score;from_scope;dead_call;unsaved_scope,HERA.313,EVTOPTA_HERA_307;EVTDESC_HERA_307,events/faerun_heralds_events.txt
HERA.308,fae_hera.308,fae_hera,character_event,character_event,intrigue,yes,no,0.333,2,6,score;from_scope;unsaved_scope,,EVTOPTA_HERA_308;EVTDESC_HERA_308,events/faerun_heralds_events.txt
HERA.309,fae_hera.309,fae_hera,character_event,character_event,intrigue,yes,no,0.333,2,6,score;from_scope;unsaved_scope,,EVTOPTA_HERA_309;EVTDESC_HERA_309,events/faerun_heralds_events.txt
HERA.310,fae_hera.310,fae_hera,character_event,character_event,realm,yes,no,0.000,0,2,score,,EVTOPTA_HERA_310;EVTDESC_HERA_310,events/faerun_heralds_events.txt
HERA.311,fae_hera.311,fae_hera,character_event,character_event,realm,yes,no,0.000,0,2,score,,EVTOPTA_HERA_311;EVTDESC_HERA_311,events/faerun_heralds_events.txt
HERA.312,fae_hera.312,fae_hera,character_event,character_event,intrigue,yes,no,0.000,0,2,score,,EVTOPTA_HERA_312;EVTDESC_HERA_312,events/faerun_heralds_events.txt
HERA.313,fae_hera.313,fae_hera,character_event,character_event,feast_activity,yes,no,0.400,6,15,score;from_scope;unsaved_scope,,EVTOPTA_HERA_313;EVTOPTB_HERA_313;EVTDESC_HERA_313,events/faerun_heralds_events.txt
HERA.314,fae_hera.314,fae_hera,letter_event,letter_event,default,yes,no,0.200,1,5,score;from_scope;unsaved_scope,HERA.316,EVTOPTA_HERA_314;EVTOPTB_HERA_314;EVTDESC_HERA_314,events/faerun_heralds_events.txt
HERA.315,fae_hera.315,fae_hera,letter_event,letter_event,default,yes,yes,1.000,0,0,,,EVTOPTA_HERA_315;EVTDESC_HERA_315,events/faerun_heralds_events.txt
HERA.316,fae_hera.316,fae_hera,letter_event,letter_event,default,yes,yes,1.000,0,0,,,EVTOPTA_HERA_316;EVTDESC_HERA_316,events/faerun_heralds_events.txt
HF.23780,fae_hf.23780,fae_hf,character_event,character_event,learning,yes,no,0.857,6,7,score,,EVTOPTAHF230041_ALT;EVTOPTBHF230041_ALT;EVTOPTCHF230041_ALT;EVTOPTDHF23003_ALT;EVTDESCHF23004,events/HF_religious_events.txt
HF.23781,fae_hf.23781,fae_hf,character_event,character_event,learning,yes,no,0.857,6,7,score,,EVTOPTAHF230042_ALT;EVTOPTBHF230042_ALT;EVTOPTCHF230042_ALT;EVTOPTDHF23003_ALT;EVTDESCHF23004,events/HF_religious_events.txt
HF.23782,fae_hf.23782,fae_hf,character_event,character_event,learning,yes,no,0.667,2,3,score,,EVTOPTAHF230043_ALT;EVTOPTDHF23004_ALT;EVTDESCHF23004,events/HF_religious_events.txt
HF.25512,fae_hf.25512,fae_hf,character_event,character_event,default,yes,no,0.000,0,1,score;from_scope;dead_call;unsaved_scope,HF.25513,,events/HF_warrior_lodge_mission_events.txt
HF.25513,,,society_quest_event,,,no,no,,,,society quest event; societies do not exist in CK3 (docs/mechanics_inventory.md),,,events/HF_warrior_lodge_mission_events.txt
HF.25514,fae_hf.25514,fae_hf,character_event,character_event,raid,yes,no,0.000,0,5,score,,EVTOPTAELDC25503;EVTDESCHF_25514,events/HF_warrior_lodge_mission_events.txt
HF.43308,fae_hf.43308,fae_hf,character_event,character_event,war,yes,no,0.000,0,1,score,,OK;EVTDESC_HF_43308,events/HF_saintly_bloodlines_events.txt
HFP.16004,fae_hfp.16004,fae_hfp,character_event,character_event,default,yes,no,0.429,3,7,score;from_scope;unsaved_scope,,,events/HFP_random_flavor_events.txt
HRP.1,fae_hrp.1,fae_hrp,character_event,character_event,travel,yes,no,0.286,2,7,score,,EVTOPTB62310;HRP_desc.1,events/faerun_harpers_events.txt
HRP.10,fae_hrp.10,fae_hrp,character_event,character_event,travel,yes,no,0.625,5,8,score;dead_call,HRP.9,fr_prepared_invasion_desc_opt.10a;HRP_desc.9a;HRP_desc.10,events/faerun_harpers_events.txt
HRP.100,fae_hrp.100,fae_hrp,character_event,character_event,realm,yes,no,0.667,2,3,score;dead_call;unsaved_scope,HRP.101,EVTOPTA_HRP_100;EVTDESC_HRP_100,events/faerun_harpers_events.txt
HRP.1000,fae_hrp.1000,fae_hrp,character_event,character_event,default,yes,no,0.125,2,16,score;dead_call,HRP.1001;HRP.500,,events/faerun_harpers_events.txt
HRP.1001,fae_hrp.1001,fae_hrp,character_event,character_event,default,yes,no,0.429,3,7,score;dead_call;unsaved_scope,HRP.1002,,events/faerun_harpers_events.txt
HRP.1002,fae_hrp.1002,fae_hrp,character_event,character_event,default,yes,no,0.667,2,3,score;from_scope;dead_call;unsaved_scope,HRP.1003,,events/faerun_harpers_events.txt
HRP.1003,,,society_quest_event,,,no,no,,,,society quest event; societies do not exist in CK3 (docs/mechanics_inventory.md),,,events/faerun_harpers_events.txt
HRP.1004,fae_hrp.1004,fae_hrp,character_event,character_event,default,yes,no,0.000,0,3,score;dead_call,HRP.1008,,events/faerun_harpers_events.txt
HRP.1005,fae_hrp.1005,fae_hrp,character_event,character_event,default,yes,no,0.000,0,3,score,,,events/faerun_harpers_events.txt
HRP.1008,fae_hrp.1008,fae_hrp,character_event,character_event,default,yes,no,0.638,44,69,score;from_scope;dead_call;unsaved_scope,10;11;11,,events/faerun_harpers_events.txt
HRP.101,fae_hrp.101,fae_hrp,character_event,character_event,stewardship,yes,no,0.515,17,33,score;unsaved_scope,,EVTOPTA_HRP_101;EVTOPTB_HRP_101;EVTOPTC_HRP_101;EVTDESC_HRP_101,events/faerun_harpers_events.txt
HRP.11,fae_hrp.11,fae_hrp,character_event,character_event,travel,yes,yes,1.000,0,0,,,fr_prepared_invasion_desc_opt.11a;HRP_desc.9a;HRP_desc.11,events/faerun_harpers_events.txt
HRP.110,fae_hrp.110,fae_hrp,character_event,character_event,default,yes,no,0.353,6,17,score;dead_call,HRP.111,,events/faerun_harpers_events.txt
HRP.111,fae_hrp.111,fae_hrp,character_event,character_event,default,yes,no,0.739,17,23,score,,,events/faerun_harpers_events.txt
HRP.12,fae_hrp.12,fae_hrp,character_event,character_event,travel,yes,yes,1.000,0,0,,,fr_prepared_invasion_desc_opt.12a;HRP_desc.12,events/faerun_harpers_events.txt
HRP.13,fae_hrp.13,fae_hrp,character_event,character_event,travel,yes,yes,1.000,0,0,,,fr_prepared_invasion_desc_opt.12a;HRP_desc.13,events/faerun_harpers_events.txt
HRP.14,fae_hrp.14,fae_hrp,character_event,character_event,travel,yes,yes,1.000,0,0,,,fr_prepared_invasion_desc_opt.12a;HRP_desc.14,events/faerun_harpers_events.txt
HRP.15,fae_hrp.15,fae_hrp,character_event,character_event,default,yes,no,0.333,1,3,score;dead_call,HRP.17,,events/faerun_harpers_events.txt
HRP.16,fae_hrp.16,fae_hrp,character_event,character_event,travel,yes,no,0.625,5,8,score;from_scope;unsaved_scope,,fr_prepared_invasion_desc_opt.16a;fr_prepared_invasion_desc.16b;fr_prepared_invasion_desc.16c;fr_prepared_invasion_desc.16f;fr_prepared_invasion_desc.16g,events/faerun_harpers_events.txt
HRP.17,fae_hrp.17,fae_hrp,narrative_event,character_event,travel,yes,no,0.091,1,11,score,,EVTOPTB62310;HRP_desc.17a;HRP_desc.17b;HRP_desc.17c;HRP_desc.17f;HRP_desc.17d,events/faerun_harpers_events.txt
HRP.2,fae_hrp.2,fae_hrp,narrative_event,character_event,travel,yes,no,0.333,3,9,score,,EVTOPTB62310;HRP_desc.2a;HRP_desc.2,events/faerun_harpers_events.txt
HRP.200,fae_hrp.200,fae_hrp,character_event,character_event,stewardship,yes,no,0.000,0,7,score;dead_call,HRP.201;HRP.203;HRP.205,EVTOPTA_HRP_200;EVTOPTB_HRP_200;EVTOPTC_HRP_200;EVTDESC_HRP_200,events/faerun_harpers_events.txt
HRP.201,fae_hrp.201,fae_hrp,character_event,character_event,party,yes,no,0.000,0,4,score;dead_call,HRP.202;HRP.202,EVTOPTA_HRP_201;EVTOPTB_HRP_201;EVTDESC_HRP_201,events/faerun_harpers_events.txt
HRP.202,fae_hrp.202,fae_hrp,character_event,character_event,party,yes,no,0.000,0,4,score;dead_call,HRP.207;HRP.207,EVTOPTA_HRP_202;EVTOPTB_HRP_202;EVTDESC_HRP_202,events/faerun_harpers_events.txt
HRP.203,fae_hrp.203,fae_hrp,character_event,character_event,feast_activity,yes,no,0.000,0,4,score;dead_call,HRP.204;HRP.204,EVTOPTA_HRP_203;EVTOPTB_HRP_203;EVTDESC_HRP_203,events/faerun_harpers_events.txt
HRP.204,fae_hrp.204,fae_hrp,character_event,character_event,feast_activity,yes,no,0.000,0,4,score;dead_call,HRP.207;HRP.207,EVTOPTA_HRP_204;EVTOPTB_HRP_204;EVTDESC_HRP_204,events/faerun_harpers_events.txt
HRP.205,fae_hrp.205,fae_hrp,character_event,character_event,learning,yes,no,0.000,0,4,score;dead_call,HRP.206;HRP.206,EVTOPTA_HRP_205;EVTOPTB_HRP_205;EVTDESC_HRP_205,events/faerun_harpers_events.txt
HRP.206,fae_hrp.206,fae_hrp,character_event,character_event,learning,yes,no,0.000,0,4,score;dead_call,HRP.207;HRP.207,EVTOPTA_HRP_206;EVTOPTB_HRP_206;EVTDESC_HRP_206,events/faerun_harpers_events.txt
HRP.207,fae_hrp.207,fae_hrp,character_event,character_event,stewardship,yes,no,0.500,1,2,score,,EVTOPTA_HRP_207;EVTDESC_HRP_207,events/faerun_harpers_events.txt
HRP.210,fae_hrp.210,fae_hrp,character_event,character_event,default,yes,no,0.353,6,17,score;dead_call,HRP.211,,events/faerun_harpers_events.txt
HRP.211,fae_hrp.211,fae_hrp,character_event,character_event,default,yes,no,0.727,16,22,score,,,events/faerun_harpers_events.txt
HRP.250,fae_hrp.250,fae_hrp,character_event,character_event,default,yes,no,0.400,4,10,score;from_scope;dead_call;unsaved_scope,HRP.251,,events/faerun_harpers_events.txt
HRP.251,fae_hrp.251,fae_hrp,character_event,character_event,default,yes,no,0.000,0,1,score;from_scope;dead_call;unsaved_scope,HRP.252,,events/faerun_harpers_events.txt
HRP.252,fae_hrp.252,fae_hrp,letter_event,letter_event,faith,yes,no,0.667,2,3,score,,EVTOPTA_kuo_tan_invite;EVTDESC_kuo_tan_invite,events/faerun_harpers_events.txt
HRP.3,fae_hrp.3,fae_hrp,character_event,character_event,default,yes,no,0.333,1,3,score,,,events/faerun_harpers_events.txt
HRP.300,fae_hrp.300,fae_hrp,character_event,character_event,martial,yes,no,0.000,0,1,score,,EVTOPTA_HRP_300;EVTDESC_HRP_300,events/faerun_harpers_events.txt
HRP.4,fae_hrp.4,fae_hrp,character_event,character_event,travel,yes,no,0.571,4,7,score;from_scope;dead_call;unsaved_scope,HRP.17,HRP_desc_opt.4a;HRP_desc.4,events/faerun_harpers_events.txt
HRP.5,fae_hrp.5,fae_hrp,character_event,character_event,default,yes,no,0.157,11,70,score;dead_call,HRP.15;HRP.12;HRP.13;HRP.14;HRP.8;HRP.6;HRP.7;HRP.5,,events/faerun_harpers_events.txt
HRP.500,fae_hrp.500,fae_hrp,character_event,character_event,default,yes,no,0.273,3,11,score,,,events/faerun_harpers_events.txt
HRP.501,fae_hrp.501,fae_hrp,letter_event,letter_event,default,yes,no,0.545,6,11,score;unsaved_scope,,ACCEPT;DECLINE;EVTDESC_HRP_501,events/faerun_harpers_events.txt
HRP.6,fae_hrp.6,fae_hrp,character_event,character_event,travel,yes,no,0.000,0,2,score,,EVTOPTA62320;HRP_desc.6,events/faerun_harpers_events.txt
HRP.7,fae_hrp.7,fae_hrp,character_event,character_event,travel,yes,no,0.000,0,5,score,,EVTOPTA62321;HRP_desc.7,events/faerun_harpers_events.txt
HRP.8,fae_hrp.8,fae_hrp,character_event,character_event,travel,yes,no,0.000,0,2,score,,EVTOPTA62320;HRP_desc.8,events/faerun_harpers_events.txt
HRP.9,fae_hrp.9,fae_hrp,character_event,character_event,travel,yes,no,0.500,4,8,score,,fr_prepared_invasion_desc_opt.9a;fr_prepared_invasion_desc_opt_harp.9a;fr_prepared_invasion_desc_opt.9b;fr_prepared_invasion_desc_opt.9c;HRP_desc.9a;HRP_desc.9;HRP_desc.9_alt,events/faerun_harpers_events.txt
INVNT.1,fae_invnt.1,fae_invnt,character_event,character_event,default,yes,no,0.556,5,9,score;dead_call,INVNT.2,,events/faerun_inventive_events.txt
INVNT.2,fae_invnt.2,fae_invnt,character_event,character_event,learning,yes,no,0.000,0,1,score,,EVTOPTA_SoA_561;EVTDESC_INVNT_2,events/faerun_inventive_events.txt
INVNT.3,fae_invnt.3,fae_invnt,character_event,character_event,default,yes,no,0.556,5,9,score;dead_call,INVNT.4,,events/faerun_inventive_events.txt
INVNT.4,fae_invnt.4,fae_invnt,character_event,character_event,learning,yes,no,0.000,0,1,score,,EVTOPTA_SoA_561;EVTDESC_INVNT_4,events/faerun_inventive_events.txt
INVNT.5,fae_invnt.5,fae_invnt,character_event,character_event,default,yes,no,0.556,5,9,score;dead_call,INVNT.6,,events/faerun_inventive_events.txt
INVNT.6,fae_invnt.6,fae_invnt,character_event,character_event,learning,yes,no,0.000,0,1,score,,EVTOPTA_SoA_561;EVTDESC_INVNT_6,events/faerun_inventive_events.txt
KNI.100,fae_kni.100,fae_kni,character_event,character_event,default,yes,no,0.400,4,10,score;from_scope;dead_call;unsaved_scope,KNI.101,,events/faerun_knight_order.txt
KNI.1000,fae_kni.1000,fae_kni,character_event,character_event,martial,yes,no,0.000,0,1,score,,EVTOPTAKNI1000;EVTTITLEKNI1000;EVTDESCKNI1000,events/faerun_knight_order.txt
KNI.1001,fae_kni.1001,fae_kni,character_event,character_event,martial,yes,no,0.396,19,48,score,,EVTOPTAKNI1001;EVTOPTBKNI1001;EVTOPTCKNI1001;EVTOPTDKNI1001;EVTTITLEKNI1001;EVTDESCKNI1001,events/faerun_knight_order.txt
KNI.1002,fae_kni.1002,fae_kni,character_event,character_event,martial,yes,no,0.458,11,24,score,,EVTOPTAKNI1002;EVTOPTBKNI1002;EVTOPTCKNI1002;EVTOPTDKNI1002;EVTTITLEKNI1002;EVTDESCKNI1002,events/faerun_knight_order.txt
KNI.1003,fae_kni.1003,fae_kni,narrative_event,character_event,martial,yes,no,0.154,2,13,score,,EVTOPTAHF24034;EVTTITLEHF24034;EVTDESCHF24034,events/faerun_knight_order.txt
KNI.10040,fae_kni.10040,fae_kni,character_event,character_event,martial,yes,no,0.750,3,4,score,,EVTOPTA_KNI_10040;EVTDESC_KNI_10040,events/faerun_knight_order.txt
KNI.101,fae_kni.101,fae_kni,character_event,character_event,default,yes,no,0.000,0,1,score;from_scope;dead_call;unsaved_scope,KNI.102,,events/faerun_knight_order.txt
KNI.102,fae_kni.102,fae_kni,letter_event,letter_event,faith,yes,no,0.667,2,3,score,,EVTOPTA_KNI_102;EVTDESC_KNI_102,events/faerun_knight_order.txt
KNI.110,fae_kni.110,fae_kni,character_event,character_event,default,yes,no,0.353,6,17,score;dead_call,KNI.111,,events/faerun_knight_order.txt
KNI.111,fae_kni.111,fae_kni,character_event,character_event,default,yes,no,0.611,11,18,score,,,events/faerun_knight_order.txt
KNI.1413,fae_kni.1413,fae_kni,character_event,character_event,default,yes,no,0.500,3,6,score;from_scope;dead_call;unsaved_scope,KNI.1414,,events/faerun_knight_order.txt
KNI.1414,fae_kni.1414,fae_kni,character_event,character_event,war,yes,no,0.500,2,4,score;from_scope;unsaved_scope,,EVTOPTA_KNI_1414;EVTDESC_KNI_1414,events/faerun_knight_order.txt
KNI.1415,fae_kni.1415,fae_kni,character_event,character_event,default,yes,no,0.742,23,31,score;dead_call,KNI.1416,,events/faerun_knight_order.txt
KNI.1416,fae_kni.1416,fae_kni,character_event,character_event,education,yes,no,0.742,23,31,score,,EVTOPTAKNI1416;EVTOPTBKNI1416;EVTTITLEHF25425_NOT_A_FIGHTER;EVTDESCAKNI1416;EVTDESCBKNI1416;EVTDESCCKNI1416;EVTDESCDKNI1416,events/faerun_knight_order.txt
KNI.1417,fae_kni.1417,fae_kni,character_event,character_event,education,yes,no,0.538,7,13,score;from_scope;unsaved_scope,,EVTOPTAKNI1417;EVTOPTBHF25426;EVTTITLEHF25425_NOT_A_FIGHTER;EVTDESCAKNI1417;EVTDESCBKNI1417;EVTDESCCKNI1417;EVTDESCDKNI1417,events/faerun_knight_order.txt
KNI.200,fae_kni.200,fae_kni,character_event,character_event,default,yes,no,0.400,4,10,score;from_scope;dead_call;unsaved_scope,KNI.201,,events/faerun_knight_order.txt
KNI.2000,fae_kni.2000,fae_kni,character_event,character_event,default,yes,no,0.389,14,36,score;dead_call;unsaved_scope,KNI.2100;KNI.2200;HF.25070,,events/faerun_knight_order.txt
KNI.201,fae_kni.201,fae_kni,character_event,character_event,default,yes,no,0.000,0,1,score;from_scope;dead_call;unsaved_scope,KNI.202,,events/faerun_knight_order.txt
KNI.202,fae_kni.202,fae_kni,letter_event,letter_event,faith,yes,no,0.667,2,3,score,,EVTOPTA_KNI_202;EVTDESC_KNI_202,events/faerun_knight_order.txt
KNI.210,fae_kni.210,fae_kni,character_event,character_event,default,yes,no,0.353,6,17,score;dead_call,KNI.211,,events/faerun_knight_order.txt
KNI.2100,fae_kni.2100,fae_kni,character_event,character_event,default,yes,no,0.000,0,1,score;from_scope;dead_call;unsaved_scope,KNI.2101,,events/faerun_knight_order.txt
KNI.2101,,,society_quest_event,,,no,no,,,,society quest event; societies do not exist in CK3 (docs/mechanics_inventory.md),,,events/faerun_knight_order.txt
KNI.2102,fae_kni.2102,fae_kni,character_event,character_event,martial,yes,no,0.167,1,6,score,,EVTOPTAHF25506;EVTDESCAHF25506,events/faerun_knight_order.txt
KNI.2103,fae_kni.2103,fae_kni,character_event,character_event,war,yes,no,0.167,1,6,score,,EVTOPTAHF25507;EVTDESCAHF25507,events/faerun_knight_order.txt
KNI.2104,fae_kni.2104,fae_kni,character_event,character_event,stewardship,yes,no,0.167,1,6,score,,EVTOPTAHF25508;EVTDESCAHF25508,events/faerun_knight_order.txt
KNI.2105,fae_kni.2105,fae_kni,character_event,character_event,faith,yes,no,0.167,1,6,score,,EVTOPTAKNI2105;EVTDESCAKNI2105,events/faerun_knight_order.txt
KNI.211,fae_kni.211,fae_kni,character_event,character_event,default,yes,no,0.611,11,18,score,,,events/faerun_knight_order.txt
KNI.2200,fae_kni.2200,fae_kni,character_event,character_event,default,yes,no,0.000,0,1,score;from_scope;dead_call;unsaved_scope,KNI.2201,,events/faerun_knight_order.txt
KNI.2201,,,society_quest_event,,,no,no,,,,society quest event; societies do not exist in CK3 (docs/mechanics_inventory.md),,,events/faerun_knight_order.txt
KNI.25000,fae_kni.25000,fae_kni,character_event,character_event,martial,yes,no,0.333,15,45,score;unsaved_scope,,EVTOPTAKNI25000;EVTOPTBKNI25000;EVTOPTCKNI25000;EVTDESC_KNI_25000,events/faerun_knight_order.txt
KNI.300,fae_kni.300,fae_kni,character_event,character_event,default,yes,no,0.400,4,10,score;from_scope;dead_call;unsaved_scope,KNI.301,,events/faerun_knight_order.txt
KNI.301,fae_kni.301,fae_kni,character_event,character_event,default,yes,no,0.000,0,1,score;from_scope;dead_call;unsaved_scope,KNI.302,,events/faerun_knight_order.txt
KNI.302,fae_kni.302,fae_kni,letter_event,letter_event,faith,yes,no,0.667,2,3,score,,EVTOPTA_KNI_302;EVTDESC_KNI_302,events/faerun_knight_order.txt
KNI.310,fae_kni.310,fae_kni,character_event,character_event,default,yes,no,0.353,6,17,score;dead_call,KNI.311,,events/faerun_knight_order.txt
KNI.311,fae_kni.311,fae_kni,character_event,character_event,default,yes,no,0.667,12,18,score,,,events/faerun_knight_order.txt
KNI.400,fae_kni.400,fae_kni,character_event,character_event,default,yes,no,0.400,4,10,score;from_scope;dead_call;unsaved_scope,KNI.401,,events/faerun_knight_order.txt
KNI.401,fae_kni.401,fae_kni,character_event,character_event,default,yes,no,0.000,0,1,score;from_scope;dead_call;unsaved_scope,KNI.402,,events/faerun_knight_order.txt
KNI.402,fae_kni.402,fae_kni,letter_event,letter_event,faith,yes,no,0.667,2,3,score,,EVTOPTA_KNI_402;EVTDESC_KNI_402,events/faerun_knight_order.txt
KNI.410,fae_kni.410,fae_kni,character_event,character_event,default,yes,no,0.353,6,17,score;dead_call,KNI.411,,events/faerun_knight_order.txt
KNI.411,fae_kni.411,fae_kni,character_event,character_event,default,yes,no,0.550,11,20,score,,,events/faerun_knight_order.txt
KNI.500,fae_kni.500,fae_kni,character_event,character_event,default,yes,no,0.400,4,10,score;from_scope;dead_call;unsaved_scope,KNI.501,,events/faerun_knight_order.txt
KNI.501,fae_kni.501,fae_kni,character_event,character_event,default,yes,no,0.000,0,1,score;from_scope;dead_call;unsaved_scope,KNI.502,,events/faerun_knight_order.txt
KNI.502,fae_kni.502,fae_kni,letter_event,letter_event,faith,yes,no,0.667,2,3,score,,EVTOPTA_KNI_502;EVTDESC_KNI_502,events/faerun_knight_order.txt
KNI.510,fae_kni.510,fae_kni,character_event,character_event,default,yes,no,0.353,6,17,score;dead_call,KNI.511,,events/faerun_knight_order.txt
KNI.511,fae_kni.511,fae_kni,character_event,character_event,default,yes,no,0.667,12,18,score,,,events/faerun_knight_order.txt
KNI.600,fae_kni.600,fae_kni,character_event,character_event,default,yes,no,0.400,4,10,score;from_scope;dead_call;unsaved_scope,KNI.601,,events/faerun_knight_order.txt
KNI.601,fae_kni.601,fae_kni,character_event,character_event,default,yes,no,0.000,0,1,score;from_scope;dead_call;unsaved_scope,KNI.602,,events/faerun_knight_order.txt
KNI.602,fae_kni.602,fae_kni,letter_event,letter_event,faith,yes,no,0.667,2,3,score,,EVTOPTA_KNI_602;EVTDESC_KNI_602,events/faerun_knight_order.txt
KNI.610,fae_kni.610,fae_kni,character_event,character_event,default,yes,no,0.353,6,17,score;dead_call,KNI.611,,events/faerun_knight_order.txt
KNI.611,fae_kni.611,fae_kni,character_event,character_event,default,yes,no,0.647,11,17,score,,,events/faerun_knight_order.txt
KNI.70000,fae_kni.65535,fae_kni,character_event,character_event,diplomacy,yes,no,0.400,2,5,score,,EVTOPTA70000;EVTOPTB70000;TOURNAMENTTITLE;EVTDESC70000,events/faerun_knight_tournament_events.txt
KNI.70001,fae_kni.65534,fae_kni,character_event,character_event,feast_activity,yes,no,0.455,5,11,score,,EVTOPTA70001;EVTOPTB70001;TOURNAMENTTITLE;EVTDESC70001,events/faerun_knight_tournament_events.txt
KNI.70002,fae_kni.65533,fae_kni,character_event,character_event,martial,yes,no,0.871,27,31,score,,EVTOPTA70002;TOURNAMENTTITLE;EVTDESC70002,events/faerun_knight_tournament_events.txt
KNI.70003,fae_kni.65532,fae_kni,character_event,character_event,martial,yes,no,0.000,0,1,score,,EVTOPTA70003;TOURNAMENTTITLE;EVTDESC70003,events/faerun_knight_tournament_events.txt
KNI.70004,fae_kni.65531,fae_kni,character_event,character_event,martial,yes,no,0.000,0,1,score,,EVTOPTA70004;TOURNAMENTTITLE;EVTDESC70004,events/faerun_knight_tournament_events.txt
KNI.70005,fae_kni.65530,fae_kni,character_event,character_event,martial,yes,no,0.000,0,1,score,,EVTOPTA70005;TOURNAMENTTITLE;EVTDESC70005,events/faerun_knight_tournament_events.txt
KNI.70006,fae_kni.65529,fae_kni,character_event,character_event,martial,yes,no,0.000,0,1,score,,EVTOPTA70006;TOURNAMENTTITLE;EVTDESC70006,events/faerun_knight_tournament_events.txt
KNI.70007,fae_kni.65528,fae_kni,character_event,character_event,martial,yes,no,0.000,0,1,score,,EVTOPTA70007;TOURNAMENTTITLE;EVTDESC70007,events/faerun_knight_tournament_events.txt
KNI.70008,fae_kni.65527,fae_kni,character_event,character_event,martial,yes,no,0.000,0,1,score,,EVTOPTA70008;TOURNAMENTTITLE;EVTDESC70008,events/faerun_knight_tournament_events.txt
KNI.70009,fae_kni.65526,fae_kni,character_event,character_event,death,yes,no,0.846,11,13,score;unsaved_scope,,EVTOPTA70009;TOURNAMENTTITLE;EVTDESC70009,events/faerun_knight_tournament_events.txt
KNI.70010,fae_kni.65525,fae_kni,character_event,character_event,martial,yes,no,0.800,12,15,score;unsaved_scope,,EVTOPTA70010;TOURNAMENTTITLE;EVTDESC70010,events/faerun_knight_tournament_events.txt
KNI.70011,fae_kni.65524,fae_kni,character_event,character_event,martial,yes,no,0.875,14,16,score;unsaved_scope,,EVTOPTA70011;TOURNAMENTTITLE;EVTDESC70011,events/faerun_knight_tournament_events.txt
KNI.70012,fae_kni.65523,fae_kni,character_event,character_event,martial,yes,no,1.000,17,17,unsaved_scope,,EVTOPTA70012;TOURNAMENTTITLE;EVTDESC70012,events/faerun_knight_tournament_events.txt
KNI.70013,fae_kni.65522,fae_kni,character_event,character_event,martial,yes,no,1.000,16,16,unsaved_scope,,EVTOPTA70013;TOURNAMENTTITLE;EVTDESC70013,events/faerun_knight_tournament_events.txt
KNI.70014,fae_kni.65521,fae_kni,character_event,character_event,martial,yes,no,1.000,15,15,unsaved_scope,,EVTOPTA70014;TOURNAMENTTITLE;EVTDESC70014,events/faerun_knight_tournament_events.txt
KNI.70015,fae_kni.65520,fae_kni,character_event,character_event,martial,yes,no,1.000,15,15,unsaved_scope,,EVTOPTA70015;TOURNAMENTTITLE;EVTDESC70015,events/faerun_knight_tournament_events.txt
KNI.70016,fae_kni.65519,fae_kni,character_event,character_event,martial,yes,no,1.000,15,15,unsaved_scope,,EVTOPTA70016;TOURNAMENTTITLE;EVTDESC70016,events/faerun_knight_tournament_events.txt
KNI.70017,fae_kni.65518,fae_kni,character_event,character_event,martial,yes,no,1.000,15,15,unsaved_scope,,EVTOPTA70017;TOURNAMENTTITLE;EVTDESC70017,events/faerun_knight_tournament_events.txt
KNI.70018,fae_kni.65517,fae_kni,character_event,character_event,martial,yes,no,1.000,15,15,unsaved_scope,,EVTOPTA70018;TOURNAMENTTITLE;EVTDESC70018,events/faerun_knight_tournament_events.txt
KNI.70019,fae_kni.65516,fae_kni,character_event,character_event,martial,yes,no,1.000,15,15,unsaved_scope,,EVTOPTA70019;TOURNAMENTTITLE;EVTDESC70019,events/faerun_knight_tournament_events.txt
KNI.70020,fae_kni.65515,fae_kni,character_event,character_event,martial,yes,no,0.500,13,26,score,,EVTOPTA70020;EVTOPTA70021;EVTOPTA70022;TOURNAMENTTITLE;EVTDESC70020;EVTDESC70021;EVTDESC70022,events/faerun_knight_tournament_events.txt
KNI.70023,fae_kni.65514,fae_kni,character_event,character_event,witchcraft,yes,no,0.714,10,14,score,,EVTOPTA70023;TOURNAMENTTITLE;EVTDESC70023,events/faerun_knight_tournament_events.txt
KNI.70024,fae_kni.65513,fae_kni,character_event,character_event,love,yes,yes,1.000,12,12,,,EVTOPTA70024;TOURNAMENTTITLE;EVTDESC70024,events/faerun_knight_tournament_events.txt
KNI.70025,fae_kni.65512,fae_kni,character_event,character_event,mental_health,yes,yes,1.000,10,10,,,EVTOPTA70025;TOURNAMENTTITLE;EVTDESC70025,events/faerun_knight_tournament_events.txt
KNI.70026,fae_kni.65511,fae_kni,character_event,character_event,martial,yes,no,0.800,12,15,score,,EVTOPTA70026;TOURNAMENTTITLE;EVTDESC70026,events/faerun_knight_tournament_events.txt
KNI.70027,fae_kni.65510,fae_kni,character_event,character_event,intrigue,yes,no,0.875,7,8,score,,EVTOPTA70027;TOURNAMENTTITLE;EVTDESC70027,events/faerun_knight_tournament_events.txt
KNI.70028,fae_kni.65509,fae_kni,character_event,character_event,intrigue,yes,no,0.875,7,8,score,,EVTOPTA70028;TOURNAMENTTITLE;EVTDESC70028,events/faerun_knight_tournament_events.txt
KNI.70029,fae_kni.65508,fae_kni,character_event,character_event,stewardship,yes,no,0.875,7,8,score,,EVTOPTA70029;TOURNAMENTTITLE;EVTDESC70029,events/faerun_knight_tournament_events.txt
KNI.70030,fae_kni.65507,fae_kni,character_event,character_event,stewardship,yes,no,0.875,7,8,score,,EVTOPTA70030;TOURNAMENTTITLE;EVTDESC70030,events/faerun_knight_tournament_events.txt
KNI.70031,fae_kni.65506,fae_kni,character_event,character_event,realm,yes,no,0.875,7,8,score,,EVTOPTA70031;TOURNAMENTTITLE;EVTDESC70031,events/faerun_knight_tournament_events.txt
KNI.70032,fae_kni.65505,fae_kni,character_event,character_event,realm,yes,no,0.875,7,8,score,,EVTOPTA70032;TOURNAMENTTITLE;EVTDESC70032,events/faerun_knight_tournament_events.txt
KNI.70033,fae_kni.65504,fae_kni,character_event,character_event,diplomacy,yes,no,0.375,3,8,score,,EVTOPTA70033;EVTOPTB70033;TOURNAMENTTITLE;EVTDESC70033,events/faerun_knight_tournament_events.txt
KNI.70034,fae_kni.65503,fae_kni,character_event,character_event,martial,yes,no,0.000,0,2,score;dead_call,KNI.70002,EVTOPTA70034;TOURNAMENTTITLE;EVTDESC70034,events/faerun_knight_tournament_events.txt
KNI.70035,fae_kni.65502,fae_kni,character_event,character_event,martial,yes,no,0.000,0,1,score,,EVTOPTA70035;TOURNAMENTTITLE;EVTDESC70035,events/faerun_knight_tournament_events.txt
KNI.70036,fae_kni.65501,fae_kni,character_event,character_event,martial,yes,no,0.000,0,1,score,,EVTOPTA70036;TOURNAMENTTITLE;EVTDESC70036,events/faerun_knight_tournament_events.txt
KNI.70037,fae_kni.65500,fae_kni,character_event,character_event,martial,yes,no,0.667,2,3,score,,EVTOPTA70037;TOURNAMENTTITLE;EVTDESC70037,events/faerun_knight_tournament_events.txt
KNI.70038,fae_kni.65499,fae_kni,character_event,character_event,death,yes,yes,1.000,3,3,,,EVTOPTA70038;EVTOPTB70038;TOURNAMENTTITLE;EVTDESC70038,events/faerun_knight_tournament_events.txt
KNI.70039,fae_kni.65498,fae_kni,character_event,character_event,diplomacy,yes,yes,1.000,3,3,,,EVTOPTA70038;EVTOPTB70038;TOURNAMENTTITLE;EVTDESC70039,events/faerun_knight_tournament_events.txt
KNI.70040,fae_kni.65497,fae_kni,character_event,character_event,diplomacy,yes,yes,1.000,3,3,,,EVTOPTA70038;EVTOPTB70038;TOURNAMENTTITLE;EVTDESC70040,events/faerun_knight_tournament_events.txt
KNI.70050,fae_kni.65496,fae_kni,character_event,character_event,default,yes,no,0.659,114,173,score;dead_call,KNI.70009;KNI.70010;KNI.70011;KNI.70012;KNI.70013;KNI.70014;KNI.70015;KNI.70016;KNI.70017;KNI.70018;KNI.70019;KNI.70023;KNI.70024;KNI.70025;KNI.70026;KNI.70027;KNI.70028;KNI.70029;KNI.70030;KNI.70031;KNI.70032,,events/faerun_knight_tournament_events.txt
KNI.70060,fae_kni.65495,fae_kni,character_event,character_event,default,yes,no,0.378,17,45,score,,,events/faerun_knight_tournament_events.txt
KNI.70061,fae_kni.65494,fae_kni,character_event,character_event,default,yes,no,0.600,48,80,score,,,events/faerun_knight_tournament_events.txt
KNI.70062,fae_kni.65493,fae_kni,character_event,character_event,default,yes,no,0.608,48,79,score,,,events/faerun_knight_tournament_events.txt
KNI.70063,fae_kni.65492,fae_kni,character_event,character_event,default,yes,no,0.608,48,79,score,,,events/faerun_knight_tournament_events.txt
KNI.70064,fae_kni.65491,fae_kni,character_event,character_event,default,yes,no,0.600,3,5,score;dead_call,KNI.70020,,events/faerun_knight_tournament_events.txt
KNI.70999,fae_kni.65490,fae_kni,character_event,character_event,default,yes,no,0.938,15,16,score,,,events/faerun_knight_tournament_events.txt
KRAK.1,fae_krak.1,fae_krak,character_event,character_event,intrigue,yes,no,0.000,0,1,score,,EVTOPTA_TWI_1017;EVTDESC_TWI_1017,events/faerun_kraken_society_events.txt
KRAK.100,fae_krak.100,fae_krak,character_event,character_event,default,yes,no,0.400,4,10,score;from_scope;dead_call;unsaved_scope,KRAK.101,,events/faerun_kraken_society_events.txt
KRAK.101,fae_krak.101,fae_krak,character_event,character_event,default,yes,no,0.000,0,1,score;from_scope;dead_call;unsaved_scope,KRAK.102,,events/faerun_kraken_society_events.txt
KRAK.102,fae_krak.102,fae_krak,letter_event,letter_event,faith,yes,no,0.667,2,3,score,,EVTOPTA_KRAK_102;EVTDESC_KRAK_102,events/faerun_kraken_society_events.txt
KRAK.110,fae_krak.110,fae_krak,character_event,character_event,default,yes,no,0.375,6,16,score;dead_call,KRAK.111,,events/faerun_kraken_society_events.txt
KRAK.111,fae_krak.111,fae_krak,character_event,character_event,default,yes,no,0.714,15,21,score,,,events/faerun_kraken_society_events.txt
KRAK.2500,fae_krak.2500,fae_krak,character_event,character_event,war,yes,no,0.333,1,3,score;unsaved_scope,,EVTOPTA_KRAK_2500;EVTDESC_KRAK_2500,events/faerun_kraken_society_events.txt
KRAK.3000,fae_krak.3000,fae_krak,character_event,character_event,default,yes,no,0.500,2,4,score;from_scope;unsaved_scope,,,events/faerun_kraken_society_events.txt
KRAK.3001,,,province_event,,,no,no,,,,province-scope root; CK3 has no province event type and a non-character root scope must be hidden or major (game/events/_events.info),,,events/faerun_kraken_society_events.txt
KRAK.3002,fae_krak.3002,fae_krak,character_event,character_event,war,yes,no,0.467,14,30,score;dead_call;unsaved_scope,KRAK.3003,EVTOPTA_KRAK_3002;KRAK_3002_title;EVTDESC_KRAK_3002,events/faerun_kraken_society_events.txt
KRAK.3003,fae_krak.3003,fae_krak,character_event,character_event,default,yes,no,0.167,1,6,score,,,events/faerun_kraken_society_events.txt
KRAK.3004,fae_krak.3004,fae_krak,character_event,character_event,default,yes,no,0.081,3,37,score;dead_call;unsaved_scope,KRAK.3005,,events/faerun_kraken_society_events.txt
KRAK.3005,fae_krak.3005,fae_krak,narrative_event,character_event,default,yes,no,0.000,0,4,score;dead_call,KRAK.3006,EVTOPTA_KRAK_3005_A;EVTOPTA_KRAK_3005_B;EVTNAME_KRAK_3005;EVTDESC_KRAK_3005,events/faerun_kraken_society_events.txt
KRAK.3006,fae_krak.3006,fae_krak,narrative_event,character_event,default,yes,no,0.529,9,17,score;dead_call;unsaved_scope,ALWAR.10;ALWAR.10;ALWAR.10;ALWAR.10,EVTOPTA_ALWAR_5;EVTOPTA_KRAK_3006;EVTNAME_KRAK_3006;EVTDESC_KRAK_3006,events/faerun_kraken_society_events.txt
KRAK.3010,fae_krak.3010,fae_krak,character_event,character_event,war,yes,yes,1.000,0,0,,,EVTOPTA_KRAK_3002;KRAK_3002_title;EVTDESC_KRAK_3002,events/faerun_kraken_society_events.txt
LA.100,fae_la.100,fae_la,character_event,character_event,default,yes,no,0.400,4,10,score;from_scope;dead_call;unsaved_scope,LA.101,,events/faerun_lord_alliance_events.txt
LA.101,fae_la.101,fae_la,character_event,character_event,default,yes,no,0.000,0,1,score;from_scope;dead_call;unsaved_scope,LA.102,,events/faerun_lord_alliance_events.txt
LA.102,fae_la.102,fae_la,letter_event,letter_event,faith,yes,no,0.667,2,3,score,,EVTOPTA_LA_102;EVTDESC_LA_102,events/faerun_lord_alliance_events.txt
LA.110,fae_la.110,fae_la,character_event,character_event,default,yes,no,0.300,6,20,score;dead_call,LA.111,,events/faerun_lord_alliance_events.txt
LA.111,fae_la.111,fae_la,character_event,character_event,default,yes,no,0.714,15,21,score,,,events/faerun_lord_alliance_events.txt
LA.30000,fae_la.30000,fae_la,character_event,character_event,realm,yes,no,0.000,0,1,score,,EXCELLENT;EVTDESC_LA_30000,events/faerun_lord_alliance_events.txt
LA.30001,fae_la.30001,fae_la,character_event,character_event,feast_activity,yes,yes,1.000,0,0,,,OK;PEACEALLIANCESOC,events/faerun_lord_alliance_events.txt
LA.500,fae_la.500,fae_la,character_event,character_event,default,yes,no,0.200,2,10,score;dead_call,LA.501,,events/faerun_lord_alliance_events.txt
LA.501,fae_la.501,fae_la,character_event,character_event,default,yes,no,0.429,3,7,score;dead_call;unsaved_scope,LA.502,,events/faerun_lord_alliance_events.txt
LA.502,fae_la.502,fae_la,character_event,character_event,default,yes,no,0.667,2,3,score;from_scope;dead_call;unsaved_scope,LA.503,,events/faerun_lord_alliance_events.txt
LA.503,,,society_quest_event,,,no,no,,,,society quest event; societies do not exist in CK3 (docs/mechanics_inventory.md),,,events/faerun_lord_alliance_events.txt
LA.504,fae_la.504,fae_la,character_event,character_event,default,yes,no,0.000,0,3,score;dead_call,LA.508,,events/faerun_lord_alliance_events.txt
LA.505,fae_la.505,fae_la,character_event,character_event,default,yes,no,0.000,0,3,score,,,events/faerun_lord_alliance_events.txt
LA.506,fae_la.506,fae_la,character_event,character_event,default,yes,no,0.000,0,2,score,,,events/faerun_lord_alliance_events.txt
LA.507,fae_la.507,fae_la,character_event,character_event,intrigue,yes,no,0.000,0,26,score;from_scope;unsaved_scope,,EVTOPTA_LA_507;EVTOPTA_LA_507_DAL;EVTOPTA_LA_507_ZHE;EVTOPTA_LA_507_HRP;EVTOPTA_LA_507_TWI;EVTOPTA_LA_507_KRAK;EVTOPTA_LA_507_KUO;EVTOPTA_LA_507_STO;EVTOPTA_LA_507_TSU;EVTOPTA_LA_507_WAR;EVTDESC_LA_507;EVTDESC_LA_507_DAL;EVTDESC_LA_507_ZHE;EVTDESC_LA_507_HRP;EVTDESC_LA_507_TWI;EVTDESC_LA_507_KRAK;EVTDESC_LA_507_KUO;EVTDESC_LA_507_STO;EVTDESC_LA_507_TSU;EVTDESC_LA_507_WAR,events/faerun_lord_alliance_events.txt
LA.508,fae_la.508,fae_la,character_event,character_event,default,yes,no,0.578,26,45,score;from_scope;unsaved_scope,,,events/faerun_lord_alliance_events.txt
LA.8000,fae_la.8000,fae_la,character_event,character_event,feast_activity,yes,no,0.500,7,14,score,,EVTOPTA_LA_8000;EVTOPTB_LA_8000;EVTDESC_LA_8000,events/faerun_lord_alliance_events.txt
LA.8001,fae_la.8001,fae_la,letter_event,letter_event,default,yes,no,0.429,3,7,score;from_scope;unsaved_scope,LA.8003,EVTOPTA_LA_8001;EVTOPTB_LA_8001;EVTDESC_LA_8001,events/faerun_lord_alliance_events.txt
LA.8002,fae_la.8002,fae_la,letter_event,letter_event,default,yes,yes,1.000,1,1,,,EVTOPTA_LA_8002;EVTDESC_LA_8002,events/faerun_lord_alliance_events.txt
LA.8003,fae_la.8003,fae_la,letter_event,letter_event,default,yes,yes,1.000,0,0,,,EVTOPTA_LA_8003;EVTDESC_LA_8003,events/faerun_lord_alliance_events.txt
MASK.100,fae_mask.100,fae_mask,character_event,character_event,default,yes,no,0.400,4,10,score;from_scope;dead_call;unsaved_scope,MASK.101,,events/faerun_night_masks_events.txt
MASK.101,fae_mask.101,fae_mask,character_event,character_event,default,yes,no,0.000,0,1,score;from_scope;dead_call;unsaved_scope,MASK.102,,events/faerun_night_masks_events.txt
MASK.102,fae_mask.102,fae_mask,letter_event,letter_event,faith,yes,no,0.667,2,3,score,,EVTOPTA_MASK_102;EVTDESC_MASK_102,events/faerun_night_masks_events.txt
MASK.110,fae_mask.110,fae_mask,character_event,character_event,default,yes,no,0.375,6,16,score;dead_call,MASK.111,,events/faerun_night_masks_events.txt
MASK.111,fae_mask.111,fae_mask,character_event,character_event,default,yes,no,0.632,12,19,score,,,events/faerun_night_masks_events.txt
MASK.1430,fae_mask.1430,fae_mask,character_event,character_event,default,yes,no,0.286,2,7,score;unsaved_scope,,,events/faerun_night_masks_events.txt
MASK.1431,fae_mask.1431,fae_mask,character_event,character_event,default,yes,no,0.000,0,1,score;from_scope;dead_call;unsaved_scope,MASK.1432,,events/faerun_night_masks_events.txt
MASK.1432,,,society_quest_event,,,no,no,,,,society quest event; societies do not exist in CK3 (docs/mechanics_inventory.md),,,events/faerun_night_masks_events.txt
MASK.1433,fae_mask.1433,fae_mask,character_event,character_event,intrigue,yes,no,0.467,21,45,score;from_scope;dead_call;unsaved_scope,MASK.1434;MASK.1434;MASK.1435;MASK.1434;MASK.1435,EVTOPTA_STH_1433;EVTOPTB_STH_1433;EVTOPTC_STH_1433;EVTOPTD_STH_1433;EVTDESC_STH_1433,events/faerun_night_masks_events.txt
MASK.1434,fae_mask.1434,fae_mask,character_event,character_event,intrigue,yes,no,0.350,7,20,score;dead_call,STH.1436;STH.1436;STH.1436;STH.1436,EVTOPTA_STH_1434;EVTOPTB_STH_1434;EVTOPTC_STH_1434;EVTOPTD_STH_1434;EVTDESC_STH_1434_A;EVTDESC_STH_1434_B;EVTDESC_STH_1434_C,events/faerun_night_masks_events.txt
MASK.1435,fae_mask.1435,fae_mask,character_event,character_event,dungeon,yes,no,0.545,12,22,score;unsaved_scope,,EVTOPTA_STH_1435;EVTOPTB_STH_1435;EVTDESC_STH_1435_A;EVTDESC_STH_1435_B,events/faerun_night_masks_events.txt
MASK.400,fae_mask.400,fae_mask,character_event,character_event,war,yes,no,0.500,1,2,score;unsaved_scope,,EVTOPTA_MASK_400;EVTDESC_MASK_400,events/faerun_night_masks_events.txt
MASK.403,fae_mask.403,fae_mask,character_event,character_event,war,yes,no,0.250,5,20,score,,EVTOPTA_MASK_403;EVTOPTB_MASK_403;EVTOPTC_MASK_403;EVTDESC_MASK_403,events/faerun_night_masks_events.txt
MNM.11000,fae_mnm.11000,fae_mnm,character_event,character_event,faith,yes,no,0.280,7,25,score;from_scope;unsaved_scope,,EVTOPT_MEDIUM_ARTIFACT_DUTY;EVTOPT_MEDIUM_ARTIFACT_MONEY;EVTOPT_MEDIUM_ARTIFACT_FAVOR;EVTOPT_MEDIUM_ARTIFACT_PRESTIGE;EVTDESC_MNM_9804,events/mnm_artifacts_events.txt
MNM.11001,fae_mnm.11001,fae_mnm,character_event,character_event,faith,yes,no,0.280,7,25,score;from_scope;unsaved_scope,,EVTOPT_MEDIUM_ARTIFACT_DUTY;EVTOPT_MEDIUM_ARTIFACT_MONEY;EVTOPT_MEDIUM_ARTIFACT_FAVOR;EVTOPT_MEDIUM_ARTIFACT_PRESTIGE;EVTDESC_MNM_9804,events/mnm_artifacts_events.txt
MNM.11002,fae_mnm.11002,fae_mnm,character_event,character_event,faith,yes,no,0.280,7,25,score;from_scope;unsaved_scope,,EVTOPT_MEDIUM_ARTIFACT_DUTY;EVTOPT_MEDIUM_ARTIFACT_MONEY;EVTOPT_MEDIUM_ARTIFACT_FAVOR;EVTOPT_MEDIUM_ARTIFACT_PRESTIGE;EVTDESC_MNM_9804,events/mnm_artifacts_events.txt
MNM.11003,fae_mnm.11003,fae_mnm,character_event,character_event,faith,yes,no,0.280,7,25,score;from_scope;unsaved_scope,,EVTOPT_MEDIUM_ARTIFACT_DUTY;EVTOPT_MEDIUM_ARTIFACT_MONEY;EVTOPT_MEDIUM_ARTIFACT_FAVOR;EVTOPT_MEDIUM_ARTIFACT_PRESTIGE;EVTDESC_MNM_9804,events/mnm_artifacts_events.txt
MNM.4453,fae_mnm.4453,fae_mnm,character_event,character_event,default,yes,no,0.408,31,76,score;dead_call,MNM.4454;MNM.4455;MNM.4457;MNM.4456;MNM.4458,,events/mnm_monastic_orders_events.txt
MNM.4454,fae_mnm.4454,fae_mnm,character_event,character_event,default,yes,no,0.611,11,18,score,,,events/mnm_monastic_orders_events.txt
MNM.4455,fae_mnm.4455,fae_mnm,character_event,character_event,default,yes,no,0.579,11,19,score,,,events/mnm_monastic_orders_events.txt
MNM.4456,fae_mnm.4456,fae_mnm,character_event,character_event,default,yes,no,0.647,11,17,score,,,events/mnm_monastic_orders_events.txt
MNM.4457,fae_mnm.4457,fae_mnm,character_event,character_event,default,yes,no,0.647,11,17,score,,,events/mnm_monastic_orders_events.txt
MNM.4458,fae_mnm.4458,fae_mnm,character_event,character_event,default,yes,no,0.600,9,15,score,,,events/mnm_monastic_orders_events.txt
MNM.4900,fae_mnm.4900,fae_mnm,character_event,character_event,faith,yes,no,0.000,0,1,score,,GREAT;EVTDESC_MNM_4900,events/mnm_monastic_orders_events.txt
MNM.4901,fae_mnm.4901,fae_mnm,character_event,character_event,faith,yes,no,0.000,0,1,score,,GREAT;EVTDESC_MNM_4901,events/mnm_monastic_orders_events.txt
MNM.4902,fae_mnm.4902,fae_mnm,character_event,character_event,faith,yes,no,0.000,0,1,score,,GREAT;EVTDESC_MNM_4902,events/mnm_monastic_orders_events.txt
MNM.4903,fae_mnm.4903,fae_mnm,character_event,character_event,faith,yes,no,0.000,0,1,score,,GREAT;EVTDESC_MNM_4903,events/mnm_monastic_orders_events.txt
MNM.70111,fae_mnm.65535,fae_mnm,character_event,character_event,faith,yes,no,0.806,25,31,score;dead_call;unsaved_scope,MNM.70201;MNM.70201,MNM.70110.a;MNM.70110.b;MNM.70031.t;MNM.70110.d.innocent_victim;MNM.70110.d.highly_suspected_society_member;MNM.70110.d.suspected_society_member;MNM.70110.d.suspected_apostate;MNM.70110.d.no_suspicion,events/job_offmap.txt
MNM.70112,fae_mnm.65534,fae_mnm,character_event,character_event,faith,yes,no,0.806,25,31,score;dead_call;unsaved_scope,MNM.70202;MNM.70202,MNM.70110.a;MNM.70110.b;MNM.70031.t;MNM.70110.d.innocent_victim;MNM.70110.d.highly_suspected_society_member;MNM.70110.d.suspected_society_member;MNM.70110.d.suspected_apostate;MNM.70110.d.no_suspicion,events/job_offmap.txt
MNM.70201,fae_mnm.65533,fae_mnm,character_event,character_event,faith,yes,no,0.489,22,45,score;unsaved_scope,,MNM.70200.a;MNM.70200.b;EVTOPTAHarperReveal.1;MNM.70200.d;MNM.70031.t;EVTDESCBladesReveal.1;EVTDESCBladesReveal.2;EVTDESCBladesReveal.3,events/job_offmap.txt
MNM.70202,fae_mnm.65532,fae_mnm,character_event,character_event,faith,yes,no,0.364,12,33,score;unsaved_scope,,MNM.70200.a;MNM.70200.b;EVTOPTAHarperReveal.1;MNM.70200.d;MNM.70031.t;EVTDESCHarperReveal.1;EVTDESCHarperReveal.2;EVTDESCHarperReveal.3,events/job_offmap.txt
MNM.7201,fae_mnm.7201,fae_mnm,character_event,character_event,default,yes,no,0.306,11,36,score;dead_call,MNM.7839;MNM.7110;MNM.7025;MNM.7027,,events/mnm_devil_worshipers_events.txt
MNM.9780,fae_mnm.9780,fae_mnm,character_event,character_event,faith,yes,no,0.280,7,25,score;from_scope;unsaved_scope,,EVTOPT_MAJOR_ARTIFACT_DUTY;EVTOPT_MAJOR_ARTIFACT_MONEY;EVTOPT_MAJOR_ARTIFACT_FAVOR;EVTOPT_MAJOR_ARTIFACT_PRESTIGE;EVTDESC_MNM_9780,events/mnm_artifacts_events.txt
MNM.9781,fae_mnm.9781,fae_mnm,character_event,character_event,faith,yes,no,0.280,7,25,score;from_scope;unsaved_scope,,EVTOPT_MAJOR_ARTIFACT_DUTY;EVTOPT_MAJOR_ARTIFACT_MONEY;EVTOPT_MAJOR_ARTIFACT_FAVOR;EVTOPT_MAJOR_ARTIFACT_PRESTIGE;EVTDESC_MNM_9780,events/mnm_artifacts_events.txt
MNM.9782,fae_mnm.9782,fae_mnm,character_event,character_event,faith,yes,no,0.280,7,25,score;from_scope;unsaved_scope,,EVTOPT_MAJOR_ARTIFACT_DUTY;EVTOPT_MAJOR_ARTIFACT_MONEY;EVTOPT_MAJOR_ARTIFACT_FAVOR;EVTOPT_MAJOR_ARTIFACT_PRESTIGE;EVTDESC_MNM_9780,events/mnm_artifacts_events.txt
MNM.9783,fae_mnm.9783,fae_mnm,character_event,character_event,faith,yes,no,0.280,7,25,score;from_scope;unsaved_scope,,EVTOPT_MAJOR_ARTIFACT_DUTY;EVTOPT_MAJOR_ARTIFACT_MONEY;EVTOPT_MAJOR_ARTIFACT_FAVOR;EVTOPT_MAJOR_ARTIFACT_PRESTIGE;EVTDESC_MNM_9780,events/mnm_artifacts_events.txt
MNM.9784,fae_mnm.9784,fae_mnm,character_event,character_event,faith,yes,no,0.280,7,25,score;from_scope;unsaved_scope,,EVTOPT_MAJOR_ARTIFACT_DUTY;EVTOPT_MAJOR_ARTIFACT_MONEY;EVTOPT_MAJOR_ARTIFACT_FAVOR;EVTOPT_MAJOR_ARTIFACT_PRESTIGE;EVTDESC_MNM_9799,events/mnm_artifacts_events.txt
MNM.9785,fae_mnm.9785,fae_mnm,character_event,character_event,faith,yes,no,0.280,7,25,score;from_scope;unsaved_scope,,EVTOPT_MAJOR_ARTIFACT_DUTY;EVTOPT_MAJOR_ARTIFACT_MONEY;EVTOPT_MAJOR_ARTIFACT_FAVOR;EVTOPT_MAJOR_ARTIFACT_PRESTIGE;EVTDESC_MNM_9780,events/mnm_artifacts_events.txt
MNM.9786,fae_mnm.9786,fae_mnm,character_event,character_event,faith,yes,no,0.280,7,25,score;from_scope;unsaved_scope,,EVTOPT_MAJOR_ARTIFACT_DUTY;EVTOPT_MAJOR_ARTIFACT_MONEY;EVTOPT_MAJOR_ARTIFACT_FAVOR;EVTOPT_MAJOR_ARTIFACT_PRESTIGE;EVTDESC_MNM_9780,events/mnm_artifacts_events.txt
MNM.9787,fae_mnm.9787,fae_mnm,character_event,character_event,faith,yes,no,0.280,7,25,score;from_scope;unsaved_scope,,EVTOPT_MAJOR_ARTIFACT_DUTY;EVTOPT_MAJOR_ARTIFACT_MONEY;EVTOPT_MAJOR_ARTIFACT_FAVOR;EVTOPT_MAJOR_ARTIFACT_PRESTIGE;EVTDESC_MNM_9780,events/mnm_artifacts_events.txt
MNM.9788,fae_mnm.9788,fae_mnm,character_event,character_event,faith,yes,no,0.280,7,25,score;from_scope;unsaved_scope,,EVTOPT_MAJOR_ARTIFACT_DUTY;EVTOPT_MAJOR_ARTIFACT_MONEY;EVTOPT_MAJOR_ARTIFACT_FAVOR;EVTOPT_MAJOR_ARTIFACT_PRESTIGE;EVTDESC_MNM_9780,events/mnm_artifacts_events.txt
MNM.9789,fae_mnm.9789,fae_mnm,character_event,character_event,faith,yes,no,0.280,7,25,score;from_scope;unsaved_scope,,EVTOPT_MAJOR_ARTIFACT_DUTY;EVTOPT_MAJOR_ARTIFACT_MONEY;EVTOPT_MAJOR_ARTIFACT_FAVOR;EVTOPT_MAJOR_ARTIFACT_PRESTIGE;EVTDESC_MNM_9780,events/mnm_artifacts_events.txt
MNM.9790,fae_mnm.9790,fae_mnm,character_event,character_event,faith,yes,no,0.280,7,25,score;from_scope;unsaved_scope,,EVTOPT_MAJOR_ARTIFACT_DUTY;EVTOPT_MAJOR_ARTIFACT_MONEY;EVTOPT_MAJOR_ARTIFACT_FAVOR;EVTOPT_MAJOR_ARTIFACT_PRESTIGE;EVTDESC_MNM_9780,events/mnm_artifacts_events.txt
MNM.9791,fae_mnm.9791,fae_mnm,character_event,character_event,faith,yes,no,0.280,7,25,score;from_scope;unsaved_scope,,EVTOPT_MAJOR_ARTIFACT_DUTY;EVTOPT_MAJOR_ARTIFACT_MONEY;EVTOPT_MAJOR_ARTIFACT_FAVOR;EVTOPT_MAJOR_ARTIFACT_PRESTIGE;EVTDESC_MNM_9780,events/mnm_artifacts_events.txt
MNM.9792,fae_mnm.9792,fae_mnm,character_event,character_event,faith,yes,no,0.280,7,25,score;from_scope;unsaved_scope,,EVTOPT_MAJOR_ARTIFACT_DUTY;EVTOPT_MAJOR_ARTIFACT_MONEY;EVTOPT_MAJOR_ARTIFACT_FAVOR;EVTOPT_MAJOR_ARTIFACT_PRESTIGE;EVTDESC_MNM_9780,events/mnm_artifacts_events.txt
MNM.9793,fae_mnm.9793,fae_mnm,character_event,character_event,faith,yes,no,0.280,7,25,score;from_scope;unsaved_scope,,EVTOPT_MAJOR_ARTIFACT_DUTY;EVTOPT_MAJOR_ARTIFACT_MONEY;EVTOPT_MAJOR_ARTIFACT_FAVOR;EVTOPT_MAJOR_ARTIFACT_PRESTIGE;EVTDESC_MNM_9780,events/mnm_artifacts_events.txt
MNM.9794,fae_mnm.9794,fae_mnm,character_event,character_event,faith,yes,no,0.379,11,29,score;from_scope;unsaved_scope,,EVTOPT_MAJOR_ARTIFACT_DUTY;EVTOPT_MAJOR_ARTIFACT_MONEY;EVTOPT_MAJOR_ARTIFACT_FAVOR;EVTOPT_MAJOR_ARTIFACT_PRESTIGE;EVTDESC_MNM_9780,events/mnm_artifacts_events.txt
MNM.9795,fae_mnm.9795,fae_mnm,character_event,character_event,faith,yes,no,0.379,11,29,score;from_scope;unsaved_scope,,EVTOPT_MAJOR_ARTIFACT_DUTY;EVTOPT_MAJOR_ARTIFACT_MONEY;EVTOPT_MAJOR_ARTIFACT_FAVOR;EVTOPT_MAJOR_ARTIFACT_PRESTIGE;EVTDESC_MNM_9780,events/mnm_artifacts_events.txt
MNM.9796,fae_mnm.9796,fae_mnm,character_event,character_event,faith,yes,no,0.379,11,29,score;from_scope;unsaved_scope,,EVTOPT_MAJOR_ARTIFACT_DUTY;EVTOPT_MAJOR_ARTIFACT_MONEY;EVTOPT_MAJOR_ARTIFACT_FAVOR;EVTOPT_MAJOR_ARTIFACT_PRESTIGE;EVTDESC_MNM_9799,events/mnm_artifacts_events.txt
MNM.9797,fae_mnm.9797,fae_mnm,character_event,character_event,faith,yes,no,0.280,7,25,score;from_scope;unsaved_scope,,EVTOPT_MAJOR_ARTIFACT_DUTY;EVTOPT_MAJOR_ARTIFACT_MONEY;EVTOPT_MAJOR_ARTIFACT_FAVOR;EVTOPT_MAJOR_ARTIFACT_PRESTIGE;EVTDESC_MNM_9780,events/mnm_artifacts_events.txt
MNM.9798,fae_mnm.9798,fae_mnm,character_event,character_event,faith,yes,no,0.280,7,25,score;from_scope;unsaved_scope,,EVTOPT_MAJOR_ARTIFACT_DUTY;EVTOPT_MAJOR_ARTIFACT_MONEY;EVTOPT_MAJOR_ARTIFACT_FAVOR;EVTOPT_MAJOR_ARTIFACT_PRESTIGE;EVTDESC_MNM_9780,events/mnm_artifacts_events.txt
MNM.9799,fae_mnm.9799,fae_mnm,character_event,character_event,diplomacy,yes,no,0.379,11,29,score;from_scope;unsaved_scope,,EVTOPT_MAJOR_ARTIFACT_DUTY;EVTOPT_MAJOR_ARTIFACT_MONEY;EVTOPT_MAJOR_ARTIFACT_FAVOR;EVTOPT_MAJOR_ARTIFACT_PRESTIGE;EVTDESC_MNM_9799,events/mnm_artifacts_events.txt
MNM.9812,fae_mnm.9812,fae_mnm,character_event,character_event,faith,yes,no,0.280,7,25,score;from_scope;unsaved_scope,,EVTOPT_MEDIUM_ARTIFACT_DUTY;EVTOPT_MEDIUM_ARTIFACT_MONEY;EVTOPT_MEDIUM_ARTIFACT_FAVOR;EVTOPT_MEDIUM_ARTIFACT_PRESTIGE;EVTDESC_MNM_9804,events/mnm_artifacts_events.txt
MNM.9813,fae_mnm.9813,fae_mnm,character_event,character_event,faith,yes,no,0.280,7,25,score;from_scope;unsaved_scope,,EVTOPT_MEDIUM_ARTIFACT_DUTY;EVTOPT_MEDIUM_ARTIFACT_MONEY;EVTOPT_MEDIUM_ARTIFACT_FAVOR;EVTOPT_MEDIUM_ARTIFACT_PRESTIGE;EVTDESC_MNM_9804,events/mnm_artifacts_events.txt
MNM.9817,fae_mnm.9817,fae_mnm,character_event,character_event,faith,yes,no,0.280,7,25,score;from_scope;unsaved_scope,,EVTOPT_MEDIUM_ARTIFACT_DUTY;EVTOPT_MEDIUM_ARTIFACT_MONEY;EVTOPT_MEDIUM_ARTIFACT_FAVOR;EVTOPT_MEDIUM_ARTIFACT_PRESTIGE;EVTDESC_MNM_9804,events/mnm_artifacts_events.txt
MNM.9818,fae_mnm.9818,fae_mnm,character_event,character_event,faith,yes,no,0.280,7,25,score;from_scope;unsaved_scope,,EVTOPT_MEDIUM_ARTIFACT_DUTY;EVTOPT_MEDIUM_ARTIFACT_MONEY;EVTOPT_MEDIUM_ARTIFACT_FAVOR;EVTOPT_MEDIUM_ARTIFACT_PRESTIGE;EVTDESC_MNM_9804,events/mnm_artifacts_events.txt
MNM.9819,fae_mnm.9819,fae_mnm,character_event,character_event,faith,yes,no,0.280,7,25,score;from_scope;unsaved_scope,,EVTOPT_MEDIUM_ARTIFACT_DUTY;EVTOPT_MEDIUM_ARTIFACT_MONEY;EVTOPT_MEDIUM_ARTIFACT_FAVOR;EVTOPT_MEDIUM_ARTIFACT_PRESTIGE;EVTDESC_MNM_9804,events/mnm_artifacts_events.txt
MNM.9827,fae_mnm.9827,fae_mnm,character_event,character_event,faith,yes,no,0.280,7,25,score;from_scope;unsaved_scope,,EVTOPT_MEDIUM_ARTIFACT_DUTY;EVTOPT_MEDIUM_ARTIFACT_MONEY;EVTOPT_MEDIUM_ARTIFACT_FAVOR;EVTOPT_MEDIUM_ARTIFACT_PRESTIGE;EVTDESC_MNM_9804,events/mnm_artifacts_events.txt
MNM.9828,fae_mnm.9828,fae_mnm,character_event,character_event,faith,yes,no,0.280,7,25,score;from_scope;unsaved_scope,,EVTOPT_MEDIUM_ARTIFACT_DUTY;EVTOPT_MEDIUM_ARTIFACT_MONEY;EVTOPT_MEDIUM_ARTIFACT_FAVOR;EVTOPT_MEDIUM_ARTIFACT_PRESTIGE;EVTDESC_MNM_9804,events/mnm_artifacts_events.txt
MNM.9829,fae_mnm.9829,fae_mnm,character_event,character_event,faith,yes,no,0.280,7,25,score;from_scope;unsaved_scope,,EVTOPT_MEDIUM_ARTIFACT_DUTY;EVTOPT_MEDIUM_ARTIFACT_MONEY;EVTOPT_MEDIUM_ARTIFACT_FAVOR;EVTOPT_MEDIUM_ARTIFACT_PRESTIGE;EVTDESC_MNM_9804,events/mnm_artifacts_events.txt
MNM.9855,fae_mnm.9855,fae_mnm,character_event,character_event,faith,yes,no,0.280,7,25,score;from_scope;unsaved_scope,,EVTOPT_MINOR_ARTIFACT_DUTY;EVTOPT_MINOR_ARTIFACT_MONEY;EVTOPT_MINOR_ARTIFACT_FAVOR;EVTOPT_MINOR_ARTIFACT_PRESTIGE;EVTDESC_MNM_9835,events/mnm_artifacts_events.txt
MNM.9856,fae_mnm.9856,fae_mnm,character_event,character_event,faith,yes,no,0.280,7,25,score;from_scope;unsaved_scope,,EVTOPT_MINOR_ARTIFACT_DUTY;EVTOPT_MINOR_ARTIFACT_MONEY;EVTOPT_MINOR_ARTIFACT_FAVOR;EVTOPT_MINOR_ARTIFACT_PRESTIGE;EVTDESC_MNM_9835,events/mnm_artifacts_events.txt
MNM.9857,fae_mnm.9857,fae_mnm,character_event,character_event,faith,yes,no,0.280,7,25,score;from_scope;unsaved_scope,,EVTOPT_MINOR_ARTIFACT_DUTY;EVTOPT_MINOR_ARTIFACT_MONEY;EVTOPT_MINOR_ARTIFACT_FAVOR;EVTOPT_MINOR_ARTIFACT_PRESTIGE;EVTDESC_MNM_9835,events/mnm_artifacts_events.txt
MNM.9858,fae_mnm.9858,fae_mnm,character_event,character_event,faith,yes,no,0.280,7,25,score;from_scope;unsaved_scope,,EVTOPT_MINOR_ARTIFACT_DUTY;EVTOPT_MINOR_ARTIFACT_MONEY;EVTOPT_MINOR_ARTIFACT_FAVOR;EVTOPT_MINOR_ARTIFACT_PRESTIGE;EVTDESC_MNM_9835,events/mnm_artifacts_events.txt
MNM.9859,fae_mnm.9859,fae_mnm,character_event,character_event,faith,yes,no,0.280,7,25,score;from_scope;unsaved_scope,,EVTOPT_MINOR_ARTIFACT_DUTY;EVTOPT_MINOR_ARTIFACT_MONEY;EVTOPT_MINOR_ARTIFACT_FAVOR;EVTOPT_MINOR_ARTIFACT_PRESTIGE;EVTDESC_MNM_9835,events/mnm_artifacts_events.txt
MNM.9860,fae_mnm.9860,fae_mnm,character_event,character_event,faith,yes,no,0.280,7,25,score;from_scope;unsaved_scope,,EVTOPT_MINOR_ARTIFACT_DUTY;EVTOPT_MINOR_ARTIFACT_MONEY;EVTOPT_MINOR_ARTIFACT_FAVOR;EVTOPT_MINOR_ARTIFACT_PRESTIGE;EVTDESC_MNM_9835,events/mnm_artifacts_events.txt
MNM.9861,fae_mnm.9861,fae_mnm,character_event,character_event,faith,yes,no,0.280,7,25,score;from_scope;unsaved_scope,,EVTOPT_MINOR_ARTIFACT_DUTY;EVTOPT_MINOR_ARTIFACT_MONEY;EVTOPT_MINOR_ARTIFACT_FAVOR;EVTOPT_MINOR_ARTIFACT_PRESTIGE;EVTDESC_MNM_9835,events/mnm_artifacts_events.txt
MNM.9862,fae_mnm.9862,fae_mnm,character_event,character_event,faith,yes,no,0.280,7,25,score;from_scope;unsaved_scope,,EVTOPT_MINOR_ARTIFACT_DUTY;EVTOPT_MINOR_ARTIFACT_MONEY;EVTOPT_MINOR_ARTIFACT_FAVOR;EVTOPT_MINOR_ARTIFACT_PRESTIGE;EVTDESC_MNM_9835,events/mnm_artifacts_events.txt
MNM.9863,fae_mnm.9863,fae_mnm,character_event,character_event,faith,yes,no,0.280,7,25,score;from_scope;unsaved_scope,,EVTOPT_MINOR_ARTIFACT_DUTY;EVTOPT_MINOR_ARTIFACT_MONEY;EVTOPT_MINOR_ARTIFACT_FAVOR;EVTOPT_MINOR_ARTIFACT_PRESTIGE;EVTDESC_MNM_9835,events/mnm_artifacts_events.txt
MNM.9864,fae_mnm.9864,fae_mnm,character_event,character_event,faith,yes,no,0.280,7,25,score;from_scope;unsaved_scope,,EVTOPT_MINOR_ARTIFACT_DUTY;EVTOPT_MINOR_ARTIFACT_MONEY;EVTOPT_MINOR_ARTIFACT_FAVOR;EVTOPT_MINOR_ARTIFACT_PRESTIGE;EVTDESC_MNM_9835,events/mnm_artifacts_events.txt
MNM.9865,fae_mnm.9865,fae_mnm,character_event,character_event,faith,yes,no,0.280,7,25,score;from_scope;unsaved_scope,,EVTOPT_MINOR_ARTIFACT_DUTY;EVTOPT_MINOR_ARTIFACT_MONEY;EVTOPT_MINOR_ARTIFACT_FAVOR;EVTOPT_MINOR_ARTIFACT_PRESTIGE;EVTDESC_MNM_9835,events/mnm_artifacts_events.txt
MNM.9866,fae_mnm.9866,fae_mnm,character_event,character_event,faith,yes,no,0.280,7,25,score;from_scope;unsaved_scope,,EVTOPT_MINOR_ARTIFACT_DUTY;EVTOPT_MINOR_ARTIFACT_MONEY;EVTOPT_MINOR_ARTIFACT_FAVOR;EVTOPT_MINOR_ARTIFACT_PRESTIGE;EVTDESC_MNM_9835,events/mnm_artifacts_events.txt
MNM.9867,fae_mnm.9867,fae_mnm,character_event,character_event,faith,yes,no,0.280,7,25,score;from_scope;unsaved_scope,,EVTOPT_MINOR_ARTIFACT_DUTY;EVTOPT_MINOR_ARTIFACT_MONEY;EVTOPT_MINOR_ARTIFACT_FAVOR;EVTOPT_MINOR_ARTIFACT_PRESTIGE;EVTDESC_MNM_9835,events/mnm_artifacts_events.txt
MNM.9868,fae_mnm.9868,fae_mnm,character_event,character_event,faith,yes,no,0.280,7,25,score;from_scope;unsaved_scope,,EVTOPT_MINOR_ARTIFACT_DUTY;EVTOPT_MINOR_ARTIFACT_MONEY;EVTOPT_MINOR_ARTIFACT_FAVOR;EVTOPT_MINOR_ARTIFACT_PRESTIGE;EVTDESC_MNM_9835,events/mnm_artifacts_events.txt
MNM.9869,fae_mnm.9869,fae_mnm,character_event,character_event,faith,yes,no,0.280,7,25,score;from_scope;unsaved_scope,,EVTOPT_MINOR_ARTIFACT_DUTY;EVTOPT_MINOR_ARTIFACT_MONEY;EVTOPT_MINOR_ARTIFACT_FAVOR;EVTOPT_MINOR_ARTIFACT_PRESTIGE;EVTDESC_MNM_9835,events/mnm_artifacts_events.txt
MNM.9870,fae_mnm.9870,fae_mnm,character_event,character_event,faith,yes,no,0.280,7,25,score;from_scope;unsaved_scope,,EVTOPT_MINOR_ARTIFACT_DUTY;EVTOPT_MINOR_ARTIFACT_MONEY;EVTOPT_MINOR_ARTIFACT_FAVOR;EVTOPT_MINOR_ARTIFACT_PRESTIGE;EVTDESC_MNM_9835,events/mnm_artifacts_events.txt
MNM.9871,fae_mnm.9871,fae_mnm,character_event,character_event,faith,yes,no,0.280,7,25,score;from_scope;unsaved_scope,,EVTOPT_MINOR_ARTIFACT_DUTY;EVTOPT_MINOR_ARTIFACT_MONEY;EVTOPT_MINOR_ARTIFACT_FAVOR;EVTOPT_MINOR_ARTIFACT_PRESTIGE;EVTDESC_MNM_9835,events/mnm_artifacts_events.txt
MNM.9872,fae_mnm.9872,fae_mnm,character_event,character_event,faith,yes,no,0.280,7,25,score;from_scope;unsaved_scope,,EVTOPT_MINOR_ARTIFACT_DUTY;EVTOPT_MINOR_ARTIFACT_MONEY;EVTOPT_MINOR_ARTIFACT_FAVOR;EVTOPT_MINOR_ARTIFACT_PRESTIGE;EVTDESC_MNM_9835,events/mnm_artifacts_events.txt
MNM.9873,fae_mnm.9873,fae_mnm,character_event,character_event,faith,yes,no,0.280,7,25,score;from_scope;unsaved_scope,,EVTOPT_MINOR_ARTIFACT_DUTY;EVTOPT_MINOR_ARTIFACT_MONEY;EVTOPT_MINOR_ARTIFACT_FAVOR;EVTOPT_MINOR_ARTIFACT_PRESTIGE;EVTDESC_MNM_9835,events/mnm_artifacts_events.txt
MNM.9874,fae_mnm.9874,fae_mnm,character_event,character_event,faith,yes,no,0.280,7,25,score;from_scope;unsaved_scope,,EVTOPT_MINOR_ARTIFACT_DUTY;EVTOPT_MINOR_ARTIFACT_MONEY;EVTOPT_MINOR_ARTIFACT_FAVOR;EVTOPT_MINOR_ARTIFACT_PRESTIGE;EVTDESC_MNM_9835,events/mnm_artifacts_events.txt
MNM.9875,fae_mnm.9875,fae_mnm,character_event,character_event,faith,yes,no,0.280,7,25,score;from_scope;unsaved_scope,,EVTOPT_MINOR_ARTIFACT_DUTY;EVTOPT_MINOR_ARTIFACT_MONEY;EVTOPT_MINOR_ARTIFACT_FAVOR;EVTOPT_MINOR_ARTIFACT_PRESTIGE;EVTDESC_MNM_9835,events/mnm_artifacts_events.txt
MNM.9876,fae_mnm.9876,fae_mnm,character_event,character_event,faith,yes,no,0.280,7,25,score;from_scope;unsaved_scope,,EVTOPT_MINOR_ARTIFACT_DUTY;EVTOPT_MINOR_ARTIFACT_MONEY;EVTOPT_MINOR_ARTIFACT_FAVOR;EVTOPT_MINOR_ARTIFACT_PRESTIGE;EVTDESC_MNM_9835,events/mnm_artifacts_events.txt
MNM.9877,fae_mnm.9877,fae_mnm,character_event,character_event,faith,yes,no,0.280,7,25,score;from_scope;unsaved_scope,,EVTOPT_MINOR_ARTIFACT_DUTY;EVTOPT_MINOR_ARTIFACT_MONEY;EVTOPT_MINOR_ARTIFACT_FAVOR;EVTOPT_MINOR_ARTIFACT_PRESTIGE;EVTDESC_MNM_9835,events/mnm_artifacts_events.txt
MNM.9878,fae_mnm.9878,fae_mnm,character_event,character_event,faith,yes,no,0.280,7,25,score;from_scope;unsaved_scope,,EVTOPT_MINOR_ARTIFACT_DUTY;EVTOPT_MINOR_ARTIFACT_MONEY;EVTOPT_MINOR_ARTIFACT_FAVOR;EVTOPT_MINOR_ARTIFACT_PRESTIGE;EVTDESC_MNM_9835,events/mnm_artifacts_events.txt
MNM.9879,fae_mnm.9879,fae_mnm,character_event,character_event,faith,yes,no,0.280,7,25,score;from_scope;unsaved_scope,,EVTOPT_MINOR_ARTIFACT_DUTY;EVTOPT_MINOR_ARTIFACT_MONEY;EVTOPT_MINOR_ARTIFACT_FAVOR;EVTOPT_MINOR_ARTIFACT_PRESTIGE;EVTDESC_MNM_9835,events/mnm_artifacts_events.txt
MNM.9880,fae_mnm.9880,fae_mnm,character_event,character_event,faith,yes,no,0.280,7,25,score;from_scope;unsaved_scope,,EVTOPT_MINOR_ARTIFACT_DUTY;EVTOPT_MINOR_ARTIFACT_MONEY;EVTOPT_MINOR_ARTIFACT_FAVOR;EVTOPT_MINOR_ARTIFACT_PRESTIGE;EVTDESC_MNM_9835,events/mnm_artifacts_events.txt
MNM.9881,fae_mnm.9881,fae_mnm,character_event,character_event,faith,yes,no,0.280,7,25,score;from_scope;unsaved_scope,,EVTOPT_MINOR_ARTIFACT_DUTY;EVTOPT_MINOR_ARTIFACT_MONEY;EVTOPT_MINOR_ARTIFACT_FAVOR;EVTOPT_MINOR_ARTIFACT_PRESTIGE;EVTDESC_MNM_9835,events/mnm_artifacts_events.txt
MNM.9882,fae_mnm.9882,fae_mnm,character_event,character_event,faith,yes,no,0.280,7,25,score;from_scope;unsaved_scope,,EVTOPT_MINOR_ARTIFACT_DUTY;EVTOPT_MINOR_ARTIFACT_MONEY;EVTOPT_MINOR_ARTIFACT_FAVOR;EVTOPT_MINOR_ARTIFACT_PRESTIGE;EVTDESC_MNM_9835,events/mnm_artifacts_events.txt
MNM.9883,fae_mnm.9883,fae_mnm,character_event,character_event,faith,yes,no,0.280,7,25,score;from_scope;unsaved_scope,,EVTOPT_MINOR_ARTIFACT_DUTY;EVTOPT_MINOR_ARTIFACT_MONEY;EVTOPT_MINOR_ARTIFACT_FAVOR;EVTOPT_MINOR_ARTIFACT_PRESTIGE;EVTDESC_MNM_9835,events/mnm_artifacts_events.txt
MNM.9884,fae_mnm.9884,fae_mnm,character_event,character_event,faith,yes,no,0.280,7,25,score;from_scope;unsaved_scope,,EVTOPT_MINOR_ARTIFACT_DUTY;EVTOPT_MINOR_ARTIFACT_MONEY;EVTOPT_MINOR_ARTIFACT_FAVOR;EVTOPT_MINOR_ARTIFACT_PRESTIGE;EVTDESC_MNM_9835,events/mnm_artifacts_events.txt
MNM.9885,fae_mnm.9885,fae_mnm,character_event,character_event,faith,yes,no,0.280,7,25,score;from_scope;unsaved_scope,,EVTOPT_MINOR_ARTIFACT_DUTY;EVTOPT_MINOR_ARTIFACT_MONEY;EVTOPT_MINOR_ARTIFACT_FAVOR;EVTOPT_MINOR_ARTIFACT_PRESTIGE;EVTDESC_MNM_9835,events/mnm_artifacts_events.txt
MNM.9886,fae_mnm.9886,fae_mnm,character_event,character_event,faith,yes,no,0.280,7,25,score;from_scope;unsaved_scope,,EVTOPT_MINOR_ARTIFACT_DUTY;EVTOPT_MINOR_ARTIFACT_MONEY;EVTOPT_MINOR_ARTIFACT_FAVOR;EVTOPT_MINOR_ARTIFACT_PRESTIGE;EVTDESC_MNM_9835,events/mnm_artifacts_events.txt
MNM.9887,fae_mnm.9887,fae_mnm,character_event,character_event,faith,yes,no,0.280,7,25,score;from_scope;unsaved_scope,,EVTOPT_MINOR_ARTIFACT_DUTY;EVTOPT_MINOR_ARTIFACT_MONEY;EVTOPT_MINOR_ARTIFACT_FAVOR;EVTOPT_MINOR_ARTIFACT_PRESTIGE;EVTDESC_MNM_9835,events/mnm_artifacts_events.txt
MNM.9888,fae_mnm.9888,fae_mnm,character_event,character_event,faith,yes,no,0.280,7,25,score;from_scope;unsaved_scope,,EVTOPT_MINOR_ARTIFACT_DUTY;EVTOPT_MINOR_ARTIFACT_MONEY;EVTOPT_MINOR_ARTIFACT_FAVOR;EVTOPT_MINOR_ARTIFACT_PRESTIGE;EVTDESC_MNM_9835,events/mnm_artifacts_events.txt
MNM.9889,fae_mnm.9889,fae_mnm,character_event,character_event,faith,yes,no,0.280,7,25,score;from_scope;unsaved_scope,,EVTOPT_MINOR_ARTIFACT_DUTY;EVTOPT_MINOR_ARTIFACT_MONEY;EVTOPT_MINOR_ARTIFACT_FAVOR;EVTOPT_MINOR_ARTIFACT_PRESTIGE;EVTDESC_MNM_9835,events/mnm_artifacts_events.txt
MNM.9891,fae_mnm.9891,fae_mnm,character_event,character_event,faith,yes,no,0.280,7,25,score;from_scope;unsaved_scope,,EVTOPT_MINOR_ARTIFACT_DUTY;EVTOPT_MINOR_ARTIFACT_MONEY;EVTOPT_MINOR_ARTIFACT_FAVOR;EVTOPT_MINOR_ARTIFACT_PRESTIGE;EVTDESC_MNM_9835,events/mnm_artifacts_events.txt
MNM.9892,fae_mnm.9892,fae_mnm,character_event,character_event,faith,yes,no,0.280,7,25,score;from_scope;unsaved_scope,,EVTOPT_MINOR_ARTIFACT_DUTY;EVTOPT_MINOR_ARTIFACT_MONEY;EVTOPT_MINOR_ARTIFACT_FAVOR;EVTOPT_MINOR_ARTIFACT_PRESTIGE;EVTDESC_MNM_9835,events/mnm_artifacts_events.txt
MNM.9912,fae_mnm.9912,fae_mnm,character_event,character_event,faith,yes,no,0.280,7,25,score;from_scope;unsaved_scope,,EVTOPT_MINOR_ARTIFACT_DUTY;EVTOPT_MINOR_ARTIFACT_MONEY;EVTOPT_MINOR_ARTIFACT_FAVOR;EVTOPT_MINOR_ARTIFACT_PRESTIGE;EVTDESC_MNM_9835,events/mnm_artifacts_events.txt
MNM.9913,fae_mnm.9913,fae_mnm,character_event,character_event,faith,yes,no,0.280,7,25,score;from_scope;unsaved_scope,,EVTOPT_MINOR_ARTIFACT_DUTY;EVTOPT_MINOR_ARTIFACT_MONEY;EVTOPT_MINOR_ARTIFACT_FAVOR;EVTOPT_MINOR_ARTIFACT_PRESTIGE;EVTDESC_MNM_9835,events/mnm_artifacts_events.txt
MNM.9914,fae_mnm.9914,fae_mnm,character_event,character_event,faith,yes,no,0.280,7,25,score;from_scope;unsaved_scope,,EVTOPT_MINOR_ARTIFACT_DUTY;EVTOPT_MINOR_ARTIFACT_MONEY;EVTOPT_MINOR_ARTIFACT_FAVOR;EVTOPT_MINOR_ARTIFACT_PRESTIGE;EVTDESC_MNM_9835,events/mnm_artifacts_events.txt
MNM.9915,fae_mnm.9915,fae_mnm,character_event,character_event,faith,yes,no,0.280,7,25,score;from_scope;unsaved_scope,,EVTOPT_MINOR_ARTIFACT_DUTY;EVTOPT_MINOR_ARTIFACT_MONEY;EVTOPT_MINOR_ARTIFACT_FAVOR;EVTOPT_MINOR_ARTIFACT_PRESTIGE;EVTDESC_MNM_9835,events/mnm_artifacts_events.txt
MNM.9916,fae_mnm.9916,fae_mnm,character_event,character_event,faith,yes,no,0.280,7,25,score;from_scope;unsaved_scope,,EVTOPT_MINOR_ARTIFACT_DUTY;EVTOPT_MINOR_ARTIFACT_MONEY;EVTOPT_MINOR_ARTIFACT_FAVOR;EVTOPT_MINOR_ARTIFACT_PRESTIGE;EVTDESC_MNM_9835,events/mnm_artifacts_events.txt
MNM.9917,fae_mnm.9917,fae_mnm,character_event,character_event,faith,yes,no,0.280,7,25,score;from_scope;unsaved_scope,,EVTOPT_MINOR_ARTIFACT_DUTY;EVTOPT_MINOR_ARTIFACT_MONEY;EVTOPT_MINOR_ARTIFACT_FAVOR;EVTOPT_MINOR_ARTIFACT_PRESTIGE;EVTDESC_MNM_9835,events/mnm_artifacts_events.txt
MNM.9918,fae_mnm.9918,fae_mnm,character_event,character_event,faith,yes,no,0.280,7,25,score;from_scope;unsaved_scope,,EVTOPT_MINOR_ARTIFACT_DUTY;EVTOPT_MINOR_ARTIFACT_MONEY;EVTOPT_MINOR_ARTIFACT_FAVOR;EVTOPT_MINOR_ARTIFACT_PRESTIGE;EVTDESC_MNM_9835,events/mnm_artifacts_events.txt
MNM.9919,fae_mnm.9919,fae_mnm,character_event,character_event,faith,yes,no,0.280,7,25,score;from_scope;unsaved_scope,,EVTOPT_MINOR_ARTIFACT_DUTY;EVTOPT_MINOR_ARTIFACT_MONEY;EVTOPT_MINOR_ARTIFACT_FAVOR;EVTOPT_MINOR_ARTIFACT_PRESTIGE;EVTDESC_MNM_9835,events/mnm_artifacts_events.txt
MNM.9920,fae_mnm.9920,fae_mnm,character_event,character_event,faith,yes,no,0.280,7,25,score;from_scope;unsaved_scope,,EVTOPT_MINOR_ARTIFACT_DUTY;EVTOPT_MINOR_ARTIFACT_MONEY;EVTOPT_MINOR_ARTIFACT_FAVOR;EVTOPT_MINOR_ARTIFACT_PRESTIGE;EVTDESC_MNM_9835,events/mnm_artifacts_events.txt
MNM.9921,fae_mnm.9921,fae_mnm,character_event,character_event,faith,yes,no,0.280,7,25,score;from_scope;unsaved_scope,,EVTOPT_MINOR_ARTIFACT_DUTY;EVTOPT_MINOR_ARTIFACT_MONEY;EVTOPT_MINOR_ARTIFACT_FAVOR;EVTOPT_MINOR_ARTIFACT_PRESTIGE;EVTDESC_MNM_9835,events/mnm_artifacts_events.txt
MNM.9922,fae_mnm.9922,fae_mnm,character_event,character_event,faith,yes,no,0.280,7,25,score;from_scope;unsaved_scope,,EVTOPT_MINOR_ARTIFACT_DUTY;EVTOPT_MINOR_ARTIFACT_MONEY;EVTOPT_MINOR_ARTIFACT_FAVOR;EVTOPT_MINOR_ARTIFACT_PRESTIGE;EVTDESC_MNM_9835,events/mnm_artifacts_events.txt
MNM.9923,fae_mnm.9923,fae_mnm,character_event,character_event,faith,yes,no,0.280,7,25,score;from_scope;unsaved_scope,,EVTOPT_MINOR_ARTIFACT_DUTY;EVTOPT_MINOR_ARTIFACT_MONEY;EVTOPT_MINOR_ARTIFACT_FAVOR;EVTOPT_MINOR_ARTIFACT_PRESTIGE;EVTDESC_MNM_9835,events/mnm_artifacts_events.txt
MNM.9924,fae_mnm.9924,fae_mnm,character_event,character_event,faith,yes,no,0.280,7,25,score;from_scope;unsaved_scope,,EVTOPT_MEDIUM_ARTIFACT_DUTY;EVTOPT_MEDIUM_ARTIFACT_MONEY;EVTOPT_MEDIUM_ARTIFACT_FAVOR;EVTOPT_MEDIUM_ARTIFACT_PRESTIGE;EVTDESC_MNM_9804,events/mnm_artifacts_events.txt
MNM.9925,fae_mnm.9925,fae_mnm,character_event,character_event,faith,yes,no,0.280,7,25,score;from_scope;unsaved_scope,,EVTOPT_MEDIUM_ARTIFACT_DUTY;EVTOPT_MEDIUM_ARTIFACT_MONEY;EVTOPT_MEDIUM_ARTIFACT_FAVOR;EVTOPT_MEDIUM_ARTIFACT_PRESTIGE;EVTDESC_MNM_9804,events/mnm_artifacts_events.txt
MNM.9926,fae_mnm.9926,fae_mnm,character_event,character_event,faith,yes,no,0.280,7,25,score;from_scope;unsaved_scope,,EVTOPT_MEDIUM_ARTIFACT_DUTY;EVTOPT_MEDIUM_ARTIFACT_MONEY;EVTOPT_MEDIUM_ARTIFACT_FAVOR;EVTOPT_MEDIUM_ARTIFACT_PRESTIGE;EVTDESC_MNM_9804,events/mnm_artifacts_events.txt
MNM.9927,fae_mnm.9927,fae_mnm,character_event,character_event,faith,yes,no,0.280,7,25,score;from_scope;unsaved_scope,,EVTOPT_MEDIUM_ARTIFACT_DUTY;EVTOPT_MEDIUM_ARTIFACT_MONEY;EVTOPT_MEDIUM_ARTIFACT_FAVOR;EVTOPT_MEDIUM_ARTIFACT_PRESTIGE;EVTDESC_MNM_9804,events/mnm_artifacts_events.txt
MNM.9928,fae_mnm.9928,fae_mnm,character_event,character_event,faith,yes,no,0.280,7,25,score;from_scope;unsaved_scope,,EVTOPT_MEDIUM_ARTIFACT_DUTY;EVTOPT_MEDIUM_ARTIFACT_MONEY;EVTOPT_MEDIUM_ARTIFACT_FAVOR;EVTOPT_MEDIUM_ARTIFACT_PRESTIGE;EVTDESC_MNM_9804,events/mnm_artifacts_events.txt
MNM.9929,fae_mnm.9929,fae_mnm,character_event,character_event,faith,yes,no,0.280,7,25,score;from_scope;unsaved_scope,,EVTOPT_MEDIUM_ARTIFACT_DUTY;EVTOPT_MEDIUM_ARTIFACT_MONEY;EVTOPT_MEDIUM_ARTIFACT_FAVOR;EVTOPT_MEDIUM_ARTIFACT_PRESTIGE;EVTDESC_MNM_9804,events/mnm_artifacts_events.txt
MNM.9930,fae_mnm.9930,fae_mnm,character_event,character_event,faith,yes,no,0.280,7,25,score;from_scope;unsaved_scope,,EVTOPT_MEDIUM_ARTIFACT_DUTY;EVTOPT_MEDIUM_ARTIFACT_MONEY;EVTOPT_MEDIUM_ARTIFACT_FAVOR;EVTOPT_MEDIUM_ARTIFACT_PRESTIGE;EVTDESC_MNM_9804,events/mnm_artifacts_events.txt
MNM.9931,fae_mnm.9931,fae_mnm,character_event,character_event,faith,yes,no,0.280,7,25,score;from_scope;unsaved_scope,,EVTOPT_MEDIUM_ARTIFACT_DUTY;EVTOPT_MEDIUM_ARTIFACT_MONEY;EVTOPT_MEDIUM_ARTIFACT_FAVOR;EVTOPT_MEDIUM_ARTIFACT_PRESTIGE;EVTDESC_MNM_9804,events/mnm_artifacts_events.txt
MNM.9932,fae_mnm.9932,fae_mnm,character_event,character_event,faith,yes,no,0.280,7,25,score;from_scope;unsaved_scope,,EVTOPT_MEDIUM_ARTIFACT_DUTY;EVTOPT_MEDIUM_ARTIFACT_MONEY;EVTOPT_MEDIUM_ARTIFACT_FAVOR;EVTOPT_MEDIUM_ARTIFACT_PRESTIGE;EVTDESC_MNM_9804,events/mnm_artifacts_events.txt
MNM.9933,fae_mnm.9933,fae_mnm,character_event,character_event,faith,yes,no,0.280,7,25,score;from_scope;unsaved_scope,,EVTOPT_MAJOR_ARTIFACT_DUTY;EVTOPT_MAJOR_ARTIFACT_MONEY;EVTOPT_MAJOR_ARTIFACT_FAVOR;EVTOPT_MAJOR_ARTIFACT_PRESTIGE;EVTDESC_MNM_9780,events/mnm_artifacts_events.txt
MNM.9934,fae_mnm.9934,fae_mnm,character_event,character_event,faith,yes,no,0.280,7,25,score;from_scope;unsaved_scope,,EVTOPT_MAJOR_ARTIFACT_DUTY;EVTOPT_MAJOR_ARTIFACT_MONEY;EVTOPT_MAJOR_ARTIFACT_FAVOR;EVTOPT_MAJOR_ARTIFACT_PRESTIGE;EVTDESC_MNM_9780,events/mnm_artifacts_events.txt
MNM.9935,fae_mnm.9935,fae_mnm,character_event,character_event,faith,yes,no,0.280,7,25,score;from_scope;unsaved_scope,,EVTOPT_MAJOR_ARTIFACT_DUTY;EVTOPT_MAJOR_ARTIFACT_MONEY;EVTOPT_MAJOR_ARTIFACT_FAVOR;EVTOPT_MAJOR_ARTIFACT_PRESTIGE;EVTDESC_MNM_9780,events/mnm_artifacts_events.txt
Ordning.0001,fae_ordning.1,fae_ordning,character_event,character_event,learning,yes,no,0.000,0,1,score,,EVTOPTA_Ordning_0001;EVTDESC_Ordning_0001,events/faerun_ordning_events.txt
Ordning.0002,fae_ordning.2,fae_ordning,character_event,character_event,default,yes,no,0.333,3,9,score,,,events/faerun_ordning_events.txt
Ordning.0003,fae_ordning.3,fae_ordning,character_event,character_event,default,yes,no,1.000,1,1,from_scope;unsaved_scope,Ordning.0004,,events/faerun_ordning_events.txt
Ordning.0004,fae_ordning.4,fae_ordning,character_event,character_event,learning,yes,yes,1.000,0,0,,,EVTOPTA_Ordning_0004;EVTDESC_Ordning_0004,events/faerun_ordning_events.txt
PATRONS_NEW.1,fae_patrons_new.1,fae_patrons_new,character_event,character_event,faith,yes,no,0.600,12,20,score,,PATRONS_NEW.1.a;PATRONS_NEW.1.b;PATRONS_NEW.1.desc,events/faerun_patrons_events_new.txt
PATRONS_NEW.2,fae_patrons_new.2,fae_patrons_new,character_event,character_event,default,yes,no,0.375,3,8,score,,,events/faerun_patrons_events_new.txt
PATRONS_NEW.3,fae_patrons_new.3,fae_patrons_new,character_event,character_event,default,yes,no,0.833,5,6,score,,,events/faerun_patrons_events_new.txt
RAID.1,fae_raid.1,fae_raid,character_event,character_event,raid,yes,no,0.548,17,31,score;dead_call;unsaved_scope,RAID.2;RAID.2;RAID.2;RAID.2,EVTOPTA_RAID_1;EVTOPTB_RAID_1;EVTOPTC_RAID_1;EVTOPTD_RAID_1;EVTOPTE_RAID_1;EVTDESC_RAID_1,events/faerun_raiding_events.txt
RAID.10,fae_raid.10,fae_raid,character_event,character_event,war,yes,no,0.846,44,52,score;dead_call;unsaved_scope,RAID.100;RAID.51,EVTOPTA_RAID_10;EVTOPTB_RAID_10;EVTOPTC_RAID_10;EVTDESC_RAID_10,events/faerun_raiding_events.txt
RAID.100,fae_raid.100,fae_raid,character_event,character_event,battle,yes,no,0.667,4,6,score;dead_call;unsaved_scope,RAID.54,EVTOPTA_RAID_100;EVTDESC_RAID_100,events/faerun_raiding_events.txt
RAID.101,fae_raid.101,fae_raid,character_event,character_event,default,yes,no,1.000,6,6,unsaved_scope,,,events/faerun_raiding_events.txt
RAID.11,fae_raid.11,fae_raid,character_event,character_event,default,yes,no,0.750,9,12,score;unsaved_scope,RAID.53,EVTOPTA_RAID_11;EVTDESC_RAID_11,events/faerun_raiding_events.txt
RAID.12,fae_raid.12,fae_raid,character_event,character_event,raid,yes,no,0.778,7,9,score;unsaved_scope,,EVTOPTA_RAID_12;EVTDESC_RAID_12,events/faerun_raiding_events.txt
RAID.13,fae_raid.13,fae_raid,character_event,character_event,raid,yes,no,0.909,10,11,score;unsaved_scope,,EVTOPTA_TOG_3301;EVTDESC_TOG_3301,events/faerun_raiding_events.txt
RAID.14,fae_raid.14,fae_raid,character_event,character_event,raid,yes,no,0.800,8,10,score;unsaved_scope,,EVTOPTA_TOG_3302;EVTDESC_TOG_3302,events/faerun_raiding_events.txt
RAID.15,fae_raid.15,fae_raid,character_event,character_event,raid,yes,no,0.833,10,12,score;unsaved_scope,,EVTOPTA_TOG_3303;EVTDESC_TOG_3303,events/faerun_raiding_events.txt
RAID.16,fae_raid.16,fae_raid,character_event,character_event,war,yes,no,0.361,22,61,score;unsaved_scope,,EVTOPTAHF23207;EVTOPTBHF23207;EVTOPTCHF23207;EVTDESC_RAID_16,events/faerun_raiding_events.txt
RAID.17,fae_raid.17,fae_raid,character_event,character_event,war,yes,no,0.393,22,56,score;unsaved_scope,,EVTOPTAHF23209;EVTOPTBHF23209;EVTOPTCHF23209;EVTDESC_RAID_17,events/faerun_raiding_events.txt
RAID.18,fae_raid.18,fae_raid,character_event,character_event,battle,yes,no,0.636,7,11,score;dead_call;unsaved_scope,RAID.51,EVTOPTA_RAID_18;EVTDESC_RAID_18,events/faerun_raiding_events.txt
RAID.19,fae_raid.19,fae_raid,character_event,character_event,disaster,yes,no,0.750,42,56,score;dead_call;unsaved_scope,RAID.100;RAID.51,EVTOPTA_RAID_19;EVTOPTC_RAID_10;EVTDESC_RAID_19,events/faerun_raiding_events.txt
RAID.2,fae_raid.2,fae_raid,character_event,character_event,travel,yes,no,0.625,30,48,score;dead_call;unsaved_scope,RAID.3;RAID.3;RAID.3;RAID.3,EVTOPTA_RAID_2;EVTOPTB_RAID_2;EVTOPTC_RAID_2;EVTOPTD_RAID_2;EVTOPTE_RAID_2;EVTDESC_RAID_2,events/faerun_raiding_events.txt
RAID.20,fae_raid.20,fae_raid,character_event,character_event,war,yes,no,0.867,39,45,score;dead_call;unsaved_scope,RAID.51,EVTOPTA_RAID_20;EVTOPTB_RAID_20;EVTDESC_RAID_20,events/faerun_raiding_events.txt
RAID.21,fae_raid.21,fae_raid,character_event,character_event,martial,yes,no,0.909,10,11,score;unsaved_scope,,EVTOPTA_RAID_21;EVTDESC_RAID_21,events/faerun_raiding_events.txt
RAID.22,fae_raid.22,fae_raid,character_event,character_event,martial,yes,no,0.909,10,11,score;unsaved_scope,,EVTOPTA_RAID_22;EVTDESC_RAID_22,events/faerun_raiding_events.txt
RAID.23,fae_raid.23,fae_raid,character_event,character_event,unfriendly,yes,no,0.700,7,10,score;unsaved_scope,,EVTOPTA_RAID_23;EVTDESC_RAID_23,events/faerun_raiding_events.txt
RAID.24,fae_raid.24,fae_raid,character_event,character_event,default,yes,no,0.556,15,27,score;unsaved_scope,,EVTOPTA_RAID_24;EVTOPTB_RAID_24;EVTDESC_RAID_24,events/faerun_raiding_events.txt
RAID.25,fae_raid.25,fae_raid,character_event,character_event,martial,yes,no,0.731,57,78,score;dead_call;unsaved_scope,RAID.100;RAID.100,EVTOPTA_RAID_25;EVTOPTB_RAID_25;EVTDESC_RAID_25,events/faerun_raiding_events.txt
RAID.26,fae_raid.26,fae_raid,character_event,character_event,raid,yes,no,0.714,5,7,score;unsaved_scope,,EXCELLENT;TOG.3404.d,events/faerun_raiding_events.txt
RAID.3,fae_raid.3,fae_raid,character_event,character_event,default,yes,no,0.273,3,11,score;from_scope;dead_call;unsaved_scope,RAID.4;RAID.4,EVTOPTA_RAID_3;EVTOPTB_RAID_3;EVTDESC_RAID_3,events/faerun_raiding_events.txt
RAID.4,fae_raid.4,fae_raid,character_event,character_event,default,yes,no,0.197,34,173,score;dead_call;unsaved_scope,RAID.10;RAID.11;RAID.12;RAID.13;RAID.14;RAID.15;RAID.16;RAID.17;RAID.18;RAID.19;RAID.20;RAID.21;RAID.22;RAID.23;RAID.24;RAID.25;RAID.26;RAID.10;RAID.11;RAID.12;RAID.13;RAID.14;RAID.15;RAID.16;RAID.17;RAID.18;RAID.19;RAID.20;RAID.21;RAID.22;RAID.23;RAID.24;RAID.25;RAID.26;RAID.10;RAID.10;RAID.11;RAID.12;RAID.13;RAID.14;RAID.15;RAID.16;RAID.17;RAID.18;RAID.19;RAID.20;RAID.21;RAID.22;RAID.23;RAID.24;RAID.25;RAID.26;RAID.10;RAID.11;RAID.12;RAID.13;RAID.14;RAID.15;RAID.16;RAID.17;RAID.18;RAID.19;RAID.20;RAID.21;RAID.22;RAID.23;RAID.24;RAID.25;RAID.26;RAID.10;RAID.10;RAID.11;RAID.12;RAID.13;RAID.14;RAID.15;RAID.16;RAID.17;RAID.18;RAID.19;RAID.20;RAID.21;RAID.22;RAID.23;RAID.24;RAID.25;RAID.26;RAID.10;RAID.11;RAID.12;RAID.13;RAID.14;RAID.15;RAID.16;RAID.17;RAID.18;RAID.19;RAID.20;RAID.21;RAID.22;RAID.23;RAID.24;RAID.25;RAID.26;RAID.10;RAID.50;RAID.51;RAID.101;RAID.101;RAID.50;RAID.51;RAID.101;RAID.101;RAID.50;RAID.51;RAID.101;RAID.101,,events/faerun_raiding_events.txt
RAID.50,fae_raid.50,fae_raid,character_event,character_event,raid,yes,no,0.347,25,72,score;dead_call;unsaved_scope,ELDC.1008;HF.25514;TGF.3320;TGF.3321;TGF.3322;HF.23212;RAID.52,EVTOPTA_RAID_50;EVTDESC_RAID_50,events/faerun_raiding_events.txt
RAID.51,fae_raid.51,fae_raid,character_event,character_event,battle,yes,no,0.778,7,9,score;dead_call;unsaved_scope,RAID.54,EVTOPTA_RAID_51;EVTDESC_RAID_51,events/faerun_raiding_events.txt
RAID.52,fae_raid.52,fae_raid,character_event,character_event,raid,yes,no,0.500,1,2,score;unsaved_scope,,EVTOPTA_RAID_52;EVTDESC_RAID_52,events/faerun_raiding_events.txt
RAID.53,fae_raid.53,fae_raid,character_event,character_event,default,yes,yes,1.000,0,0,,,EVTOPTA_RAID_53;EVTDESC_RAID_53,events/faerun_raiding_events.txt
RAID.54,fae_raid.54,fae_raid,character_event,character_event,battle,yes,no,0.429,3,7,score;unsaved_scope,,EVTOPTA_RAID_54;EVTDESC_RAID_54,events/faerun_raiding_events.txt
RIP.11508,fae_rip.11508,fae_rip,character_event,character_event,default,yes,no,0.000,0,3,score,,EVTOPTA_RIP_11508;EVTDESC_RIP_11508,events/rip_maimed_events.txt
RIP.11512,fae_rip.11512,fae_rip,character_event,character_event,default,yes,no,0.000,0,2,score,,EVTOPTA_RIP_11511;EVTDESC_RIP_11512,events/rip_maimed_events.txt
RIP.11513,fae_rip.11513,fae_rip,character_event,character_event,default,yes,no,0.000,0,2,score,,EVTOPTA_RIP_11511;EVTDESC_RIP_11513,events/rip_maimed_events.txt
RIP.20029,fae_rip.20029,fae_rip,character_event,character_event,prison,yes,no,0.000,0,1,score,,EVTOPTA_RIP_20029;EVTDSC_RIP_20029,events/rip_torture_events.txt
RIP.20030,fae_rip.20030,fae_rip,character_event,character_event,prison,yes,no,0.333,1,3,score,,EVTOPTA_RIP_20030;EVTDSC_RIP_20030,events/rip_torture_events.txt
RIP.29450,fae_rip.29450,fae_rip,character_event,character_event,default,yes,no,0.375,3,8,score;dead_call,RIP.29500,,events/rip_flavor_events.txt
STH.1000,fae_sth.1000,fae_sth,character_event,character_event,default,yes,no,0.083,2,24,score;dead_call,STH.1001;STH.1430;MASK.1430;TELF.1430,,events/faerun_shadow_thieves_events.txt
STH.10000,fae_sth.10000,fae_sth,narrative_event,character_event,default,yes,no,0.000,0,5,score,,EVTOPTA_STH_10000;EVTOPTB_STH_10000;EVTNAMESTH10000;EVTDESC_STH_10000;EVTDESC_STH_10000_SHADOW,events/faerun_shadow_thieves_events.txt
STH.1001,fae_sth.1001,fae_sth,character_event,character_event,default,yes,no,0.429,3,7,score;dead_call;unsaved_scope,STH.1002,,events/faerun_shadow_thieves_events.txt
STH.1002,fae_sth.1002,fae_sth,character_event,character_event,default,yes,no,0.000,0,1,score;from_scope;dead_call;unsaved_scope,STH.1003,,events/faerun_shadow_thieves_events.txt
STH.1003,,,society_quest_event,,,no,no,,,,society quest event; societies do not exist in CK3 (docs/mechanics_inventory.md),,,events/faerun_shadow_thieves_events.txt
STH.1004,fae_sth.1004,fae_sth,character_event,character_event,intrigue,yes,no,0.465,20,43,score;from_scope;dead_call;unsaved_scope,STH.1005;STH.1005;STH.1006;STH.1005;STH.1006,EVTOPTA_STH_1004;EVTOPTB_STH_1004;EVTOPTC_STH_1004;EVTOPTD_STH_1004;EVTDESC_STH_1004,events/faerun_shadow_thieves_events.txt
STH.1005,fae_sth.1005,fae_sth,character_event,character_event,intrigue,yes,no,0.636,7,11,score,,EVTOPTA_STH_1005;EVTDESC_STH_1005_A;EVTDESC_STH_1005_B;EVTDESC_STH_1005_C,events/faerun_shadow_thieves_events.txt
STH.1006,fae_sth.1006,fae_sth,character_event,character_event,dungeon,yes,no,0.545,12,22,score;unsaved_scope,,EVTOPTA_STH_1006;EVTOPTB_STH_1006;EVTDESC_STH_1006_A;EVTDESC_STH_1006_B,events/faerun_shadow_thieves_events.txt
STH.110,fae_sth.110,fae_sth,character_event,character_event,default,yes,no,0.375,6,16,score;dead_call,STH.111,,events/faerun_shadow_thieves_events.txt
STH.111,fae_sth.111,fae_sth,character_event,character_event,default,yes,no,0.632,12,19,score,,,events/faerun_shadow_thieves_events.txt
STH.1430,fae_sth.1430,fae_sth,character_event,character_event,default,yes,no,0.286,2,7,score;unsaved_scope,,,events/faerun_shadow_thieves_events.txt
STH.1431,fae_sth.1431,fae_sth,character_event,character_event,default,yes,no,0.000,0,1,score;from_scope;dead_call;unsaved_scope,STH.1432,,events/faerun_shadow_thieves_events.txt
STH.1432,,,society_quest_event,,,no,no,,,,society quest event; societies do not exist in CK3 (docs/mechanics_inventory.md),,,events/faerun_shadow_thieves_events.txt
STH.1433,fae_sth.1433,fae_sth,character_event,character_event,intrigue,yes,no,0.467,21,45,score;from_scope;dead_call;unsaved_scope,STH.1434;STH.1434;STH.1435;STH.1434;STH.1435,EVTOPTA_STH_1433;EVTOPTB_STH_1433;EVTOPTC_STH_1433;EVTOPTD_STH_1433;EVTDESC_STH_1433,events/faerun_shadow_thieves_events.txt
STH.1434,fae_sth.1434,fae_sth,character_event,character_event,intrigue,yes,no,0.350,7,20,score;dead_call,STH.1436;STH.1436;STH.1436;STH.1436,EVTOPTA_STH_1434;EVTOPTB_STH_1434;EVTOPTC_STH_1434;EVTOPTD_STH_1434;EVTDESC_STH_1434_A;EVTDESC_STH_1434_B;EVTDESC_STH_1434_C,events/faerun_shadow_thieves_events.txt
STH.1435,fae_sth.1435,fae_sth,character_event,character_event,dungeon,yes,no,0.545,12,22,score;unsaved_scope,,EVTOPTA_STH_1435;EVTOPTB_STH_1435;EVTDESC_STH_1435_A;EVTDESC_STH_1435_B,events/faerun_shadow_thieves_events.txt
STH.1436,fae_sth.1436,fae_sth,character_event,character_event,intrigue,yes,no,0.000,0,3,score,,EVTOPTA_STH_1436;EVTDESC_STH_1436,events/faerun_shadow_thieves_events.txt
STH.1900,fae_sth.1900,fae_sth,character_event,character_event,intrigue,yes,no,0.500,4,8,score;dead_call,STH.1902;STH.1904;STH.1906,EVTOPTA_STH_1900;EVTOPTB_STH_1900;EVTOPTC_STH_1900;EVTOPTD_STH_1900;EVTDESC_STH_1900,events/faerun_shadow_thieves_events.txt
STH.1901,fae_sth.1901,fae_sth,character_event,character_event,intrigue,yes,no,0.971,34,35,score,,EVTOPTA_STH_1901;EVTOPTB_STH_1901;EVTOPTC_STH_1901;EVTOPTD_STH_1901;EVTDESCA_STH_1901;EVTDESCB_STH_1901;EVTDESCC_STH_1901,events/faerun_shadow_thieves_events.txt
STH.1902,fae_sth.1902,fae_sth,character_event,character_event,intrigue,yes,no,0.533,8,15,score;dead_call,STH.1903;STH.1903,EVTOPTA_STH_1902;EVTOPTB_STH_1902;EVTDESC_STH_1902,events/faerun_shadow_thieves_events.txt
STH.1903,fae_sth.1903,fae_sth,character_event,character_event,intrigue,yes,no,0.667,2,3,score,,EVTOPTA_STH_1903;EVTDESC_STH_1903;EVTDESC_STH_1903,events/faerun_shadow_thieves_events.txt
STH.1904,fae_sth.1904,fae_sth,character_event,character_event,prison,yes,no,0.714,10,14,score;dead_call,STH.1905;STH.1905,EVTOPTA_STH_1904;EVTOPTB_STH_1904;EVTDESC_STH_1904,events/faerun_shadow_thieves_events.txt
STH.1905,fae_sth.1905,fae_sth,character_event,character_event,prison,yes,no,0.667,2,3,score,,EVTOPTA_STH_1905;EVTDESC_STH_1905,events/faerun_shadow_thieves_events.txt
STH.1906,fae_sth.1906,fae_sth,character_event,character_event,love,yes,no,0.714,10,14,score;dead_call,STH.1907;STH.1907,EVTOPTA_STH_1906;EVTOPTB_STH_1906;EVTDESC_STH_1906,events/faerun_shadow_thieves_events.txt
STH.1907,fae_sth.1907,fae_sth,character_event,character_event,love,yes,no,0.833,5,6,score,,EVTOPTA_STH_1907;EVTDESC_STH_1907,events/faerun_shadow_thieves_events.txt
STH.400,fae_sth.400,fae_sth,character_event,character_event,war,yes,no,0.500,1,2,score;unsaved_scope,,EVTOPTA_STH_400;EVTDESC_STH_400,events/faerun_shadow_thieves_events.txt
STH.401,fae_sth.401,fae_sth,character_event,character_event,stewardship,yes,no,0.167,2,12,score,,EVTOPTA_STH_401;EVTDESC_STH_401,events/faerun_shadow_thieves_events.txt
STH.402,fae_sth.402,fae_sth,character_event,character_event,diplomacy,yes,no,0.100,2,20,score,,EVTOPTA_STH_402;EVTOPTB_STH_402;EVTDESC_STH_402,events/faerun_shadow_thieves_events.txt
STH.403,fae_sth.403,fae_sth,character_event,character_event,war,yes,no,0.250,5,20,score,,EVTOPTA_STH_403;EVTOPTB_STH_403;EVTOPTC_STH_403;EVTDESC_STH_403,events/faerun_shadow_thieves_events.txt
TELF.100,fae_telf.100,fae_telf,character_event,character_event,default,yes,no,0.400,4,10,score;from_scope;dead_call;unsaved_scope,TELF.101,,events/faerun_shadow_telflamm_events.txt
TELF.101,fae_telf.101,fae_telf,character_event,character_event,default,yes,no,0.000,0,1,score;from_scope;dead_call;unsaved_scope,TELF.102,,events/faerun_shadow_telflamm_events.txt
TELF.102,fae_telf.102,fae_telf,letter_event,letter_event,faith,yes,no,0.667,2,3,score,,EVTOPTA_TELF_102;EVTDESC_TELF_102,events/faerun_shadow_telflamm_events.txt
TELF.110,fae_telf.110,fae_telf,character_event,character_event,default,yes,no,0.375,6,16,score;dead_call,TELF.111,,events/faerun_shadow_telflamm_events.txt
TELF.111,fae_telf.111,fae_telf,character_event,character_event,default,yes,no,0.632,12,19,score,,,events/faerun_shadow_telflamm_events.txt
TELF.1430,fae_telf.1430,fae_telf,character_event,character_event,default,yes,no,0.286,2,7,score;unsaved_scope,,,events/faerun_shadow_telflamm_events.txt
TELF.400,fae_telf.400,fae_telf,character_event,character_event,war,yes,no,0.500,1,2,score;unsaved_scope,,EVTOPTA_TELF_400;EVTDESC_TELF_400,events/faerun_shadow_telflamm_events.txt
TELF.403,fae_telf.403,fae_telf,character_event,character_event,war,yes,no,0.250,5,20,score,,EVTOPTA_TELF_403;EVTOPTB_TELF_403;EVTOPTC_TELF_403;EVTDESC_TELF_403,events/faerun_shadow_telflamm_events.txt
TOG.109,fae_tog.109,fae_tog,character_event,character_event,default,yes,no,0.763,29,38,score;dead_call,TOG.110;TOG.112;TOG.114;TOG.117,,events/oldgods_mongol_events.txt
TOG.172,fae_tog.172,fae_tog,character_event,character_event,default,yes,no,0.756,65,86,score;dead_call,TOG.200;TOG.203;TOG.206;TOG.208;TOG.211;TOG.214;TOG.180,,events/oldgods_mongol_events.txt
TOG.183,fae_tog.183,fae_tog,character_event,character_event,default,yes,no,0.667,4,6,score;from_scope;dead_call;unsaved_scope,TOG.181;TOG.181,,events/oldgods_mongol_events.txt
TOG.644,fae_tog.644,fae_tog,character_event,character_event,default,yes,no,0.761,67,88,score;dead_call,TOG.650;TOG.653;TOG.656;TOG.658;TOG.661;TOG.664;TOG.642,,events/oldgods_blot_events.txt
TOG.709,fae_tog.709,fae_tog,character_event,character_event,default,yes,no,0.761,67,88,score;dead_call,TOG.720;TOG.723;TOG.726;TOG.728;TOG.731;TOG.734;TOG.707,,events/oldgods_pagan_feasts.txt
TOG.759,fae_tog.759,fae_tog,character_event,character_event,default,yes,no,0.761,67,88,score;dead_call,TOG.770;TOG.773;TOG.776;TOG.778;TOG.781;TOG.784;TOG.757,,events/oldgods_pagan_feasts.txt
TOG.809,fae_tog.809,fae_tog,character_event,character_event,default,yes,no,0.761,67,88,score;dead_call,TOG.820;TOG.823;TOG.826;TOG.828;TOG.831;TOG.834;TOG.807,,events/oldgods_pagan_feasts.txt
TWI.100,fae_twi.100,fae_twi,character_event,character_event,default,yes,no,0.400,4,10,score;from_scope;dead_call;unsaved_scope,TWI.101,,events/faerun_twisted_rune_events.txt
TWI.1000,fae_twi.1000,fae_twi,character_event,character_event,default,yes,no,0.182,2,11,score;dead_call,TWI.1001;TWI.1011,,events/faerun_twisted_rune_events.txt
TWI.1001,fae_twi.1001,fae_twi,character_event,character_event,default,yes,no,0.429,3,7,score;dead_call;unsaved_scope,TWI.1002,,events/faerun_twisted_rune_events.txt
TWI.1002,fae_twi.1002,fae_twi,character_event,character_event,default,yes,no,0.667,2,3,score;from_scope;dead_call;unsaved_scope,TWI.1003,,events/faerun_twisted_rune_events.txt
TWI.1003,,,society_quest_event,,,no,no,,,,society quest event; societies do not exist in CK3 (docs/mechanics_inventory.md),,,events/faerun_twisted_rune_events.txt
TWI.1004,fae_twi.1004,fae_twi,character_event,character_event,default,yes,no,0.000,0,3,score;dead_call,TWI.1008,,events/faerun_twisted_rune_events.txt
TWI.1005,fae_twi.1005,fae_twi,character_event,character_event,default,yes,no,0.000,0,3,score,,,events/faerun_twisted_rune_events.txt
TWI.1008,fae_twi.1008,fae_twi,character_event,character_event,default,yes,no,0.638,44,69,score;from_scope;dead_call;unsaved_scope,10;11;11,,events/faerun_twisted_rune_events.txt
TWI.101,fae_twi.101,fae_twi,character_event,character_event,default,yes,no,0.000,0,1,score;from_scope;dead_call;unsaved_scope,TWI.102,,events/faerun_twisted_rune_events.txt
TWI.1011,fae_twi.1011,fae_twi,character_event,character_event,default,yes,no,0.429,3,7,score;dead_call;unsaved_scope,TWI.1012,,events/faerun_twisted_rune_events.txt
TWI.1012,fae_twi.1012,fae_twi,character_event,character_event,default,yes,no,0.667,2,3,score;from_scope;dead_call;unsaved_scope,TWI.1013,,events/faerun_twisted_rune_events.txt
TWI.1013,,,society_quest_event,,,no,no,,,,society quest event; societies do not exist in CK3 (docs/mechanics_inventory.md),,,events/faerun_twisted_rune_events.txt
TWI.1014,fae_twi.1014,fae_twi,character_event,character_event,default,yes,no,0.000,0,2,score;dead_call,TWI.1018,,events/faerun_twisted_rune_events.txt
TWI.1015,fae_twi.1015,fae_twi,character_event,character_event,default,yes,no,0.000,0,2,score,,,events/faerun_twisted_rune_events.txt
TWI.1017,fae_twi.1017,fae_twi,character_event,character_event,intrigue,yes,no,0.143,1,7,score;unsaved_scope,,EVTOPTA_TWI_1017;EVTDESC_TWI_1017,events/faerun_twisted_rune_events.txt
TWI.1018,fae_twi.1018,fae_twi,character_event,character_event,default,yes,no,0.462,12,26,score;from_scope;dead_call;unsaved_scope,TWI.1017;TWI.1015,,events/faerun_twisted_rune_events.txt
TWI.102,fae_twi.102,fae_twi,character_event,character_event,default,yes,no,0.667,2,3,score,,EVTOPTA_TWI_102;EVTDESC_TWI_102,events/faerun_twisted_rune_events.txt
TWI.110,fae_twi.110,fae_twi,character_event,character_event,default,yes,no,0.375,6,16,score;dead_call,TWI.111,,events/faerun_twisted_rune_events.txt
TWI.111,fae_twi.111,fae_twi,character_event,character_event,default,yes,no,0.611,11,18,score,,,events/faerun_twisted_rune_events.txt
TWI.200,fae_twi.200,fae_twi,character_event,character_event,witchcraft,yes,no,0.055,11,199,score,,EVTOPTA_TWI_200;EVTOPTB_TWI_200;EVTOPTC_TWI_200;EVTOPTD_TWI_200;EVTDESC_TWI_200,events/faerun_twisted_rune_events.txt
TWI.201,fae_twi.201,fae_twi,character_event,character_event,witchcraft,yes,no,0.667,2,3,score,,EVTOPTA_TWI_201;EVTDESC_TWI_201,events/faerun_twisted_rune_events.txt
TWI.202,fae_twi.202,fae_twi,character_event,character_event,mental_health,yes,yes,1.000,0,0,,,EVTOPTA_TWI_202;EVTDESC_TWI_202,events/faerun_twisted_rune_events.txt
TWI.25000,fae_twi.25000,fae_twi,character_event,character_event,witchcraft,yes,no,0.333,1,3,score;unsaved_scope,,EVTOPTA_EME_25000;EVTDESC_TWI_25000,events/faerun_twisted_rune_events.txt
WARL.1,fae_warl.1,fae_warl,character_event,character_event,learning,yes,no,0.917,11,12,score,,WARL.1_1;WARL.1_2;WARL.1_3;WARL_1_desc,events/faerun_warlock_events.txt
WARL.2,fae_warl.2,fae_warl,character_event,character_event,default,yes,no,0.650,26,40,score,,WARL_2_desc_1;WARL_2_desc_2;WARL_2_desc_3;WARL_3_desc_1;WARL_3_desc_2;WARL_3_desc_3;WARL_2_desc,events/faerun_warlock_events.txt
WARL.4,fae_warl.4,fae_warl,character_event,character_event,default,yes,no,0.143,3,21,score;dead_call,WARL.5;WARL.1,,events/faerun_warlock_events.txt
WARL.5,fae_warl.5,fae_warl,character_event,character_event,learning,yes,no,0.455,5,11,score;dead_call,WARL.6,WARL_5_desc_1;WARL_5_desc_2;WARL_5_desc_3;WARL_5_desc_other;WARL_5_desc_4;WARL_5_desc_5;WARL_5_desc,events/faerun_warlock_events.txt
WARL.6,fae_warl.6,fae_warl,character_event,character_event,learning,yes,no,0.400,2,5,score;dead_call,WARL.5,WARL_5_desc_4;WARL_5_desc_5;WARL_5_desc_other;WARL_5_desc,events/faerun_warlock_events.txt
WAR_HELP_OFFERS.1,fae_war_help_offers.1,fae_war_help_offers,character_event,character_event,default,yes,no,0.364,8,22,score;dead_call,WAR_HELP_OFFERS.2;WAR_HELP_OFFERS.3;WAR_HELP_OFFERS.4;WAR_HELP_OFFERS.5;WAR_HELP_OFFERS.6,OK,events/war_help_offers.txt
WAR_HELP_OFFERS.2,fae_war_help_offers.2,fae_war_help_offers,character_event,character_event,default,yes,yes,1.000,1,1,,,OK,events/war_help_offers.txt
WAR_HELP_OFFERS.3,fae_war_help_offers.3,fae_war_help_offers,character_event,character_event,battle,yes,no,0.000,0,2,score,,WAR_HELP_OFFERS.hire_them;WAR_HELP_OFFERS.no_need;WAR_HELP_OFFERS.3.desc,events/war_help_offers.txt
WAR_HELP_OFFERS.4,fae_war_help_offers.4,fae_war_help_offers,character_event,character_event,war,yes,no,0.000,0,2,score,,WAR_HELP_OFFERS.hire_them;WAR_HELP_OFFERS.no_need;WAR_HELP_OFFERS.4.desc,events/war_help_offers.txt
WAR_HELP_OFFERS.5,fae_war_help_offers.5,fae_war_help_offers,character_event,character_event,war,yes,no,0.000,0,2,score,,WAR_HELP_OFFERS.5.a;WAR_HELP_OFFERS.5.b;WAR_HELP_OFFERS.5.desc,events/war_help_offers.txt
WAR_HELP_OFFERS.6,fae_war_help_offers.6,fae_war_help_offers,character_event,character_event,travel,yes,no,0.000,0,4,score,,WAR_HELP_OFFERS.6.a;WAR_HELP_OFFERS.no_need;WAR_HELP_OFFERS.6.desc,events/war_help_offers.txt
ZHE.100,fae_zhe.100,fae_zhe,character_event,character_event,default,yes,no,0.400,4,10,score;from_scope;dead_call;unsaved_scope,ZHE.101,,events/faerun_black_network_events.txt
ZHE.1000,fae_zhe.1000,fae_zhe,character_event,character_event,default,yes,no,0.200,2,10,score;dead_call,ZHE.1001,,events/faerun_black_network_events.txt
ZHE.1001,fae_zhe.1001,fae_zhe,character_event,character_event,default,yes,no,0.429,3,7,score;dead_call;unsaved_scope,ZHE.1002,,events/faerun_black_network_events.txt
ZHE.1002,fae_zhe.1002,fae_zhe,character_event,character_event,default,yes,no,0.667,2,3,score;from_scope;dead_call;unsaved_scope,ZHE.1003,,events/faerun_black_network_events.txt
ZHE.1003,,,society_quest_event,,,no,no,,,,society quest event; societies do not exist in CK3 (docs/mechanics_inventory.md),,,events/faerun_black_network_events.txt
ZHE.1004,fae_zhe.1004,fae_zhe,character_event,character_event,default,yes,no,0.000,0,3,score;dead_call,ZHE.1008,,events/faerun_black_network_events.txt
ZHE.1005,fae_zhe.1005,fae_zhe,character_event,character_event,default,yes,no,0.000,0,3,score,,,events/faerun_black_network_events.txt
ZHE.1008,fae_zhe.1008,fae_zhe,character_event,character_event,default,yes,no,0.691,56,81,score;from_scope;dead_call;unsaved_scope,10;11;11,,events/faerun_black_network_events.txt
ZHE.101,fae_zhe.101,fae_zhe,character_event,character_event,default,yes,no,0.000,0,1,score;from_scope;dead_call;unsaved_scope,ZHE.102,,events/faerun_black_network_events.txt
ZHE.10100,fae_zhe.10100,fae_zhe,character_event,character_event,default,yes,no,0.000,0,1,score,,,events/faerun_black_network_events.txt
ZHE.10101,fae_zhe.10101,fae_zhe,character_event,character_event,default,yes,no,0.500,1,2,score;from_scope;dead_call;unsaved_scope,ZHE.10102,,events/faerun_black_network_events.txt
ZHE.10102,fae_zhe.10102,fae_zhe,character_event,character_event,realm,yes,no,0.333,3,9,score;dead_call,ZHE.10103;ZHE.10104,EVTOPTA_ZHE_10102;EVTOPTB_ZHE_10102;EVTDESC_ZHE_10102;EVTDESCB_ZHE_10102,events/faerun_black_network_events.txt
ZHE.10103,fae_zhe.10103,fae_zhe,character_event,character_event,stewardship,yes,no,0.308,8,26,score,,EVTOPTA_ZHE_10103;EVTOPTB_ZHE_10103;EVTOPTC_ZHE_10103;EVTDESC_ZHE_10103,events/faerun_black_network_events.txt
ZHE.10104,fae_zhe.10104,fae_zhe,character_event,character_event,stewardship,yes,no,0.250,6,24,score,,EVTOPTA_ZHE_10104;EVTOPTB_ZHE_10104;EVTOPTC_ZHE_10104;EVTDESC_ZHE_10104,events/faerun_black_network_events.txt
ZHE.10105,fae_zhe.10105,fae_zhe,character_event,character_event,realm,yes,no,0.400,8,20,score;dead_call,ZHE.10111;ZHE.10111,EVTOPTA_ZHE_10105;EVTOPTB_ZHE_10105;EVTDESC_ZHE_10105,events/faerun_black_network_events.txt
ZHE.10111,fae_zhe.10111,fae_zhe,character_event,character_event,stewardship,yes,no,0.000,0,3,score,,EVTOPTA_ZHE_10111;EVTDESC_ZHE_10111;EVTDESCB_ZHE_10111,events/faerun_black_network_events.txt
ZHE.10112,fae_zhe.10112,fae_zhe,character_event,character_event,default,yes,no,0.000,0,5,score;dead_call,WoL.10999,,events/faerun_black_network_events.txt
ZHE.10113,fae_zhe.10113,fae_zhe,character_event,character_event,default,yes,no,0.000,0,1,score;from_scope;dead_call;unsaved_scope,ZHE.10114,,events/faerun_black_network_events.txt
ZHE.10114,fae_zhe.10114,fae_zhe,character_event,character_event,stewardship,yes,no,0.231,3,13,score;from_scope;unsaved_scope,,EVTOPTA_ZHE_10114;EVTOPTB_ZHE_10114;EVTOPTC_ZHE_10114;EVTOPTD_ZHE_10114;EVTDESC_ZHE_10114;EVTDESCB_ZHE_10114,events/faerun_black_network_events.txt
ZHE.10115,fae_zhe.10115,fae_zhe,character_event,character_event,default,yes,no,0.000,0,1,score;from_scope;dead_call;unsaved_scope,ZHE.10116,,events/faerun_black_network_events.txt
ZHE.10116,fae_zhe.10116,fae_zhe,character_event,character_event,martial,yes,no,0.375,3,8,score;unsaved_scope,,EVTOPTA_ZHE_10116;EVTOPTB_ZHE_10116;EVTOPTC_ZHE_10116;EVTDESC_ZHE_10116,events/faerun_black_network_events.txt
ZHE.10117,fae_zhe.10117,fae_zhe,character_event,character_event,default,yes,no,0.250,1,4,score;from_scope;dead_call;unsaved_scope,ZHE.10118;ZHE.10119,,events/faerun_black_network_events.txt
ZHE.10118,fae_zhe.10118,fae_zhe,character_event,character_event,martial,yes,no,0.500,8,16,score;from_scope;unsaved_scope,,EVTOPTA_ZHE_10118;EVTOPTB_ZHE_10118;EVTOPTC_ZHE_10118;EVTDESC_ZHE_10118,events/faerun_black_network_events.txt
ZHE.10119,fae_zhe.10119,fae_zhe,character_event,character_event,martial,yes,no,0.182,2,11,score;from_scope;unsaved_scope,,EVTOPTA_ZHE_10119;EVTOPTB_ZHE_10119;EVTOPTBB_ZHE_10119;EVTOPTC_ZHE_10119;EVTDESC_ZHE_10119,events/faerun_black_network_events.txt
ZHE.10120,fae_zhe.10120,fae_zhe,character_event,character_event,default,yes,no,0.000,0,1,score;from_scope;dead_call;unsaved_scope,ZHE.10119,,events/faerun_black_network_events.txt
ZHE.10121,fae_zhe.10121,fae_zhe,character_event,character_event,default,yes,no,0.000,0,1,score;from_scope;dead_call;unsaved_scope,ZHE.10125,,events/faerun_black_network_events.txt
ZHE.10122,fae_zhe.10122,fae_zhe,character_event,character_event,default,yes,no,0.000,0,1,score;from_scope;dead_call;unsaved_scope,ZHE.10128,,events/faerun_black_network_events.txt
ZHE.10125,fae_zhe.10125,fae_zhe,character_event,character_event,stewardship,yes,no,0.222,4,18,score,,EVTOPTA_ZHE_10125;EVTDESC_ZHE_10125;EVTDESCB_ZHE_10125,events/faerun_black_network_events.txt
ZHE.10126,fae_zhe.10126,fae_zhe,character_event,character_event,diplomacy,yes,no,0.500,6,12,score;unsaved_scope,,EVTOPTA_ZHE_10126;EVTOPTB_ZHE_10126;EVTDESC_ZHE_10126,events/faerun_black_network_events.txt
ZHE.10127,fae_zhe.10127,fae_zhe,character_event,character_event,default,yes,no,0.750,3,4,score,,,events/faerun_black_network_events.txt
ZHE.10128,fae_zhe.10128,fae_zhe,character_event,character_event,mental_health,yes,no,0.875,7,8,score,,EVTOPTA_ZHE_10128;EVTDESC_ZHE_10128,events/faerun_black_network_events.txt
ZHE.102,fae_zhe.102,fae_zhe,letter_event,letter_event,faith,yes,no,0.667,2,3,score,,EVTOPTA_ZHE_102;EVTDESC_ZHE_102,events/faerun_black_network_events.txt
ZHE.110,fae_zhe.110,fae_zhe,character_event,character_event,default,yes,no,0.490,25,51,score;dead_call,ZHE.111;ZHE.112;ZHE.113;ZHE.114,,events/faerun_black_network_events.txt
ZHE.111,fae_zhe.111,fae_zhe,character_event,character_event,default,yes,no,0.560,14,25,score,,,events/faerun_black_network_events.txt
ZHE.112,fae_zhe.112,fae_zhe,character_event,character_event,default,yes,no,0.684,13,19,score,,,events/faerun_black_network_events.txt
ZHE.113,fae_zhe.113,fae_zhe,character_event,character_event,default,yes,no,0.684,13,19,score,,,events/faerun_black_network_events.txt
ZHE.114,fae_zhe.114,fae_zhe,character_event,character_event,default,yes,no,0.667,12,18,score,,,events/faerun_black_network_events.txt
ZHE.200,fae_zhe.200,fae_zhe,character_event,character_event,default,yes,no,0.400,4,10,score;from_scope;dead_call;unsaved_scope,ZHE.201,,events/faerun_black_network_events.txt
ZHE.2000,fae_zhe.2000,fae_zhe,letter_event,letter_event,default,yes,yes,1.000,0,0,,,EVTOPTA_ZHE_2000;EVTDESC_ZHE_2000,events/faerun_black_network_events.txt
ZHE.201,fae_zhe.201,fae_zhe,character_event,character_event,default,yes,no,0.000,0,1,score;from_scope;dead_call;unsaved_scope,ZHE.202,,events/faerun_black_network_events.txt
ZHE.202,fae_zhe.202,fae_zhe,letter_event,letter_event,faith,yes,no,0.667,2,3,score,,EVTOPTA_ZHE_202;EVTDESC_ZHE_202,events/faerun_black_network_events.txt
ZHE.21000,fae_zhe.21000,fae_zhe,character_event,character_event,realm,yes,no,0.500,3,6,score;dead_call;unsaved_scope,ZHE.21100,EVTOPTA_ZHE_21000;EVTOPTB_ZHE_21000;EVTDESC_ZHE_21000,events/faerun_black_network_events.txt
ZHE.21100,fae_zhe.21100,fae_zhe,character_event,character_event,stewardship,yes,no,0.349,37,106,score;unsaved_scope,,EVTOPTA_ZHE_21100;EVTOPTB_ZHE_21100;EVTOPTC_ZHE_21100;EVTDESC_ZHE_21100,events/faerun_black_network_events.txt
ZHE.25000,fae_zhe.25000,fae_zhe,character_event,character_event,war,yes,no,0.341,29,85,score;unsaved_scope,,EVTOPTCZHE25000;EVTOPTAZHE25000;EVTOPTBZHE25000;EVTDESCZHE25000,events/faerun_black_network_events.txt
ZHE.300,fae_zhe.300,fae_zhe,character_event,character_event,default,yes,no,0.400,4,10,score;from_scope;dead_call;unsaved_scope,ZHE.301,,events/faerun_black_network_events.txt
ZHE.301,fae_zhe.301,fae_zhe,character_event,character_event,default,yes,no,0.000,0,1,score;from_scope;dead_call;unsaved_scope,ZHE.302,,events/faerun_black_network_events.txt
ZHE.302,fae_zhe.302,fae_zhe,letter_event,letter_event,faith,yes,no,0.667,2,3,score,,EVTOPTA_ZHE_302;EVTDESC_ZHE_302,events/faerun_black_network_events.txt
ZHE.400,fae_zhe.400,fae_zhe,character_event,character_event,default,yes,no,0.400,4,10,score;from_scope;dead_call;unsaved_scope,ZHE.401,,events/faerun_black_network_events.txt
ZHE.401,fae_zhe.401,fae_zhe,character_event,character_event,default,yes,no,0.000,0,1,score;from_scope;dead_call;unsaved_scope,ZHE.402,,events/faerun_black_network_events.txt
ZHE.402,fae_zhe.402,fae_zhe,letter_event,letter_event,faith,yes,no,0.667,2,3,score,,EVTOPTA_ZHE_402;EVTDESC_ZHE_402,events/faerun_black_network_events.txt
ZHE.500,fae_zhe.500,fae_zhe,character_event,character_event,mental_health,yes,no,0.344,11,32,score,,EVTOPTA_ZHE_500;EVTOPTB_ZHE_500;EVTOPTC_ZHE_500;EVTOPTD_ZHE_500;EVTDESC_ZHE_500,events/faerun_black_network_events.txt
ZHE.501,fae_zhe.501,fae_zhe,character_event,character_event,mental_health,yes,no,0.667,4,6,score,,EVTOPTA_ZHE_501;EVTDESC_ZHE_501,events/faerun_black_network_events.txt
aberrationevt.1,fae_aberrationevt.1,fae_aberrationevt,character_event,character_event,dungeon,yes,no,0.000,0,1,score,,TBILLITHID.1a;TBILLITHID.1,events/faerun_aberration_events.txt
aberrationevt.2,fae_aberrationevt.2,fae_aberrationevt,character_event,character_event,dungeon,yes,yes,1.000,0,0,,,OK;TBILLITHID.2,events/faerun_aberration_events.txt
aberrationevt.3,fae_aberrationevt.3,fae_aberrationevt,character_event,character_event,default,yes,no,0.812,13,16,score;dead_call,aberrationevt.4,BEHOLDERPREG.1a;BEHOLDERPREG.1,events/faerun_aberration_events.txt
aberrationevt.4,fae_aberrationevt.4,fae_aberrationevt,character_event,character_event,default,yes,no,0.400,4,10,score,,BEHOLDERPREG.2a;BEHOLDERPREG.2,events/faerun_aberration_events.txt
aberrationevt.5,fae_aberrationevt.5,fae_aberrationevt,character_event,character_event,default,yes,no,0.545,6,11,score,,BEHOLDERDREAM.1a;BEHOLDERDREAM.1b;BEHOLDERDREAM.1,events/faerun_aberration_events.txt
aberrationevt.6,fae_aberrationevt.6,fae_aberrationevt,character_event,character_event,default,yes,no,0.333,1,3,score,,BEHOLDERDREAM.2a;BEHOLDERDREAM.2,events/faerun_aberration_events.txt
aberrationevt.7,fae_aberrationevt.7,fae_aberrationevt,character_event,character_event,default,yes,no,0.286,2,7,score,,ABOLETHEGG.1a;ABOLETHEGG.1,events/faerun_aberration_events.txt
aberrationevt.8,fae_aberrationevt.8,fae_aberrationevt,character_event,character_event,dungeon,yes,no,0.000,0,1,score,,TBILLITHID.1a;TBSLAAD.1,events/faerun_aberration_events.txt
aberrationevt.9,fae_aberrationevt.9,fae_aberrationevt,character_event,character_event,dungeon,yes,yes,1.000,0,0,,,OK;TBSLAAD.2,events/faerun_aberration_events.txt
absent.1,fae_absent.1,fae_absent,character_event,character_event,default,yes,no,0.294,5,17,score,,,events/faerun_absent_culling.txt
asmodeusdeal.1,fae_asmodeusdeal.1,fae_asmodeusdeal,character_event,character_event,intrigue,yes,no,0.200,1,5,score,,asmodeusdealdesc.1a;asmodeusdealdesc.1b;asmodeusdealdesc.1c;asmodeusdeal_no_choice;asmodeusdealdesc.1,events/faerun_asmodeus_deal_events.txt
asmodeusdeal.18,fae_asmodeusdeal.18,fae_asmodeusdeal,character_event,character_event,intrigue,yes,no,0.000,0,2,score,,asmodeusdealdesc.18a;asmodeusdealdesc.18,events/faerun_asmodeus_deal_events.txt
asmodeusdeal.2,fae_asmodeusdeal.2,fae_asmodeusdeal,character_event,character_event,intrigue,yes,no,0.661,39,59,score;dead_call,asmodeusdeal.5;asmodeusdeal.5;asmodeusdeal.5,asmodeusdealdesc.2a;asmodeusdealdesc.2b;asmodeusdealdesc.2c;asmodeusdeal_no_choice;asmodeusdealdesc.2,events/faerun_asmodeus_deal_events.txt
asmodeusdeal.3,fae_asmodeusdeal.3,fae_asmodeusdeal,character_event,character_event,intrigue,yes,no,0.312,5,16,score;dead_call,asmodeusdeal.5;asmodeusdeal.5;asmodeusdeal.5,asmodeusdealdesc.3a;asmodeusdealdesc.3b;asmodeusdealdesc.3c;asmodeusdeal_no_choice;asmodeusdealdesc.3,events/faerun_asmodeus_deal_events.txt
asmodeusdeal.4,fae_asmodeusdeal.4,fae_asmodeusdeal,character_event,character_event,intrigue,yes,no,0.538,14,26,score;dead_call,asmodeusdeal.5;asmodeusdeal.5;asmodeusdeal.5,asmodeusdealdesc.4a;asmodeusdealdesc.4b;asmodeusdealdesc.4c;asmodeusdeal_no_choice;asmodeusdealdesc.4,events/faerun_asmodeus_deal_events.txt
asmodeusdeal.5,fae_asmodeusdeal.5,fae_asmodeusdeal,character_event,character_event,intrigue,yes,no,0.818,9,11,score;dead_call,asmodeusdeal.18,asmodeusdealdesc.5a;asmodeusdeal_result_beauty;asmodeusdeal_result_wit;asmodeusdeal_result_strength;asmodeusdeal_result_wealth;asmodeusdeal_result_fame;asmodeusdeal_result_troops;asmodeusdeal_result_lifespan;asmodeusdeal_result_love_family;asmodeusdeal_result_friend_liege,events/faerun_asmodeus_deal_events.txt
beauty.0,fae_beauty.0,fae_beauty,character_event,character_event,default,yes,no,0.378,102,270,score,,EVTOPTAbeauty_inheritance.0;EVTDESCbeauty_inheritance.0,events/beauty_inheritance_event.txt
character_trait.0,fae_character_trait.0,fae_character_trait,character_event,character_event,default,yes,no,0.444,8,18,score;dead_call,character_trait.1,,events/faerun_racial_trait.txt
character_trait.1,fae_character_trait.1,fae_character_trait,character_event,character_event,default,yes,no,0.203,80,394,score;dead_call;unsaved_scope,character_trait.1;racial_aging.6;racial_aging.3;generalmisc.4;dragon_type.1;FSC.0003;FaerunSorcerer.1;FaerunSorcerer.5;uthgar.0;character_trait.3,,events/faerun_racial_trait.txt
character_trait.2,fae_character_trait.2,fae_character_trait,character_event,character_event,default,yes,no,0.344,121,352,score,,,events/faerun_racial_trait.txt
character_trait.3,fae_character_trait.3,fae_character_trait,character_event,character_event,default,yes,no,0.167,1,6,score,,,events/faerun_racial_trait.txt
conv.1,fae_conv.1,fae_conv,character_event,character_event,default,yes,no,0.000,0,1,score;from_scope;dead_call;unsaved_scope,conv.2,,events/faerun_religious_events.txt
conv.11,fae_conv.11,fae_conv,character_event,character_event,default,yes,no,0.286,2,7,score,,,events/faerun_religious_events.txt
conv.12,fae_conv.12,fae_conv,character_event,character_event,faith,yes,no,0.396,19,48,score;from_scope;dead_call;unsaved_scope,conv.13,EVTOPTA_CONV_12;EVTOPTB_CONV_12;EVTDESC_CONV_12_A;EVTDESC_CONV_12_B;EVTDESC_CONV_12_C;EVTDESC_CONV_12_D,events/faerun_religious_events.txt
conv.13,fae_conv.13,fae_conv,narrative_event,character_event,faith,yes,no,0.250,1,4,score;from_scope;dead_call;unsaved_scope,ADVN.102,EVTOPTA_CONV_13;EVTOPTB_CONV_13;EVTNAMECONV13;EVTDESC_CONV_13,events/faerun_religious_events.txt
conv.2,fae_conv.2,fae_conv,character_event,character_event,default,yes,no,0.000,0,1,score;dead_call,39700,,events/faerun_religious_events.txt
conv.20,fae_conv.20,fae_conv,character_event,character_event,default,yes,no,0.545,6,11,score;dead_call,conv.21,,events/faerun_religious_events.txt
conv.21,fae_conv.21,fae_conv,character_event,character_event,default,yes,no,0.625,15,24,score;unsaved_scope,,EVTOPTA_CONV_21;EVTDESC_CONV_21,events/faerun_religious_events.txt
conv.22,fae_conv.22,fae_conv,character_event,character_event,default,yes,no,0.269,7,26,score;dead_call,conv.24,EVTOPTA_CONV_22;EVTOPTB_CONV_22;EVTDESC_CONV_22,events/faerun_religious_events.txt
conv.23,fae_conv.23,fae_conv,character_event,character_event,default,yes,no,0.000,0,1,score,,EVTOPTA_CONV_23;EVTDESC_CONV_23,events/faerun_religious_events.txt
conv.24,fae_conv.24,fae_conv,character_event,character_event,default,yes,no,0.500,3,6,score,,EVTOPTA_CONV_24;EVTOPTB_CONV_24;EVTOPTC_CONV_24;EVTOPTD_CONV_24;EVTDESC_CONV_24,events/faerun_religious_events.txt
conv.25,fae_conv.25,fae_conv,character_event,character_event,learning,yes,yes,1.000,0,0,,,OK;CONV.25,events/faerun_religious_events.txt
conv.26,fae_conv.26,fae_conv,character_event,character_event,default,yes,no,0.000,0,1,score,,CONV.26a;CONV.26,events/faerun_religious_events.txt
conv.70100,fae_conv.65535,fae_conv,character_event,character_event,default,yes,no,0.318,14,44,score;mtth;dead_call;unsaved_scope,conv.70110,,events/faerun_religious_events.txt
conv.70110,fae_conv.65534,fae_conv,character_event,character_event,faith,yes,no,0.909,10,11,score;dead_call;unsaved_scope,conv.70200,conv.70110.a;conv.70100.t;conv.70110.d.paladin;conv.70110.d.cleric;conv.70110.d.druid,events/faerun_religious_events.txt
conv.70200,fae_conv.65533,fae_conv,character_event,character_event,faith,yes,no,0.750,15,20,score;dead_call;unsaved_scope,conv.70202;conv.70201;conv.70202,conv.70200.a;conv.70200.b;conv.70200.d.paladin;conv.70200.d.cleric;conv.70200.d.druid,events/faerun_religious_events.txt
conv.70201,fae_conv.65532,fae_conv,character_event,character_event,faith,yes,no,0.324,36,111,score;unsaved_scope,conv.70202,conv.70201.a;conv.70201.d.paladin;conv.70201.d.cleric;conv.70201.d.druid,events/faerun_religious_events.txt
conv.70202,fae_conv.65531,fae_conv,character_event,character_event,default,yes,yes,1.000,3,3,,,,events/faerun_religious_events.txt
courtflag.1,fae_courtflag.1,fae_courtflag,character_event,character_event,default,yes,no,0.917,22,24,score;from_scope;unsaved_scope,,,events/faerun_court_flag.txt
divrel.1,fae_divrel.1,fae_divrel,character_event,character_event,faith,yes,no,0.667,10,15,score,,DIVREL.1a;DIVREL.1b;DIVREL.1c;DIVREL.1,events/faerun_diverse_religious.txt
divrel.10,fae_divrel.10,fae_divrel,character_event,character_event,faith,yes,yes,1.000,0,0,,,DIVREL.10a;DIVREL.10,events/faerun_diverse_religious.txt
divrel.11,fae_divrel.11,fae_divrel,character_event,character_event,unfriendly,yes,no,0.000,0,1,score,,DIVREL.11a;DIVREL.11,events/faerun_diverse_religious.txt
divrel.12,fae_divrel.12,fae_divrel,character_event,character_event,default,yes,no,0.440,11,25,score;ck2_variable;unsaved_scope,,DIVREL.12a;DIVREL.12,events/faerun_diverse_religious.txt
divrel.13,fae_divrel.13,fae_divrel,character_event,character_event,default,yes,no,0.000,0,1,score,,,events/faerun_diverse_religious.txt
divrel.14,fae_divrel.14,fae_divrel,character_event,character_event,faith,yes,no,0.000,0,1,score,,DIVREL.14a;DIVREL.14,events/faerun_diverse_religious.txt
divrel.15,fae_divrel.15,fae_divrel,character_event,character_event,faith,yes,no,0.000,0,1,score,,DIVREL.15a;DIVREL.15,events/faerun_diverse_religious.txt
divrel.16,fae_divrel.16,fae_divrel,character_event,character_event,faith,yes,no,0.000,0,1,score,,DIVREL.16a;DIVREL.16,events/faerun_diverse_religious.txt
divrel.17,fae_divrel.17,fae_divrel,character_event,character_event,faith,yes,no,0.111,1,9,score,,DIVREL.17a;DIVREL.17,events/faerun_diverse_religious.txt
divrel.18,fae_divrel.18,fae_divrel,character_event,character_event,faith,yes,no,0.360,9,25,score,,TBMISC.1a;TBMISC.1b;TBMISC.1c;TBMISC.1d;TBMISC.1,events/faerun_diverse_religious.txt
divrel.19,fae_divrel.19,fae_divrel,character_event,character_event,faith,yes,no,0.000,0,1,score,,DIVREL.19a;DIVREL.19,events/faerun_diverse_religious.txt
divrel.2,fae_divrel.2,fae_divrel,character_event,character_event,faith,yes,no,0.000,0,1,score,,DIVREL.2a;DIVREL.2,events/faerun_diverse_religious.txt
divrel.20,fae_divrel.20,fae_divrel,character_event,character_event,travel,yes,no,0.000,0,1,score,,DIVREL.20a;DIVREL.20,events/faerun_diverse_religious.txt
divrel.21,fae_divrel.21,fae_divrel,character_event,character_event,travel,yes,no,0.000,0,1,score,,DIVREL.21a;DIVREL.21,events/faerun_diverse_religious.txt
divrel.22,fae_divrel.22,fae_divrel,character_event,character_event,travel,yes,no,0.000,0,1,score,,DIVREL.22a;DIVREL.22,events/faerun_diverse_religious.txt
divrel.23,fae_divrel.23,fae_divrel,character_event,character_event,travel,yes,no,0.333,1,3,score,,DIVREL.23a;DIVREL.23,events/faerun_diverse_religious.txt
divrel.24,fae_divrel.24,fae_divrel,character_event,character_event,martial,yes,no,0.531,17,32,score;ck2_variable;unsaved_scope,,DIVREL.24a;DIVREL.24,events/faerun_diverse_religious.txt
divrel.25,fae_divrel.25,fae_divrel,character_event,character_event,faith,yes,no,0.000,0,2,score,,DIVREL.25a;DIVREL.25,events/faerun_diverse_religious.txt
divrel.26,fae_divrel.26,fae_divrel,character_event,character_event,hunt_activity,yes,no,0.308,4,13,score;dead_call,divrel.27;divrel.28;divrel.29;divrel.28,DIVREL.26a;DIVREL.26b;DIVREL.26,events/faerun_diverse_religious.txt
divrel.27,fae_divrel.27,fae_divrel,character_event,character_event,hunt_activity,yes,no,0.000,0,1,score,,DIVREL.27a;DIVREL.27,events/faerun_diverse_religious.txt
divrel.28,fae_divrel.28,fae_divrel,character_event,character_event,hunt_activity,yes,no,0.000,0,2,score,,DIVREL.28a;DIVREL.28,events/faerun_diverse_religious.txt
divrel.29,fae_divrel.29,fae_divrel,character_event,character_event,hunt_activity,yes,no,0.208,5,24,score;dead_call,divrel.27;divrel.28,DIVREL.29a;DIVREL.29,events/faerun_diverse_religious.txt
divrel.3,fae_divrel.3,fae_divrel,character_event,character_event,martial,yes,yes,1.000,2,2,,,DIVREL.3a;DIVREL.3b;DIVREL.3,events/faerun_diverse_religious.txt
divrel.30,fae_divrel.30,fae_divrel,narrative_event,character_event,faith,yes,no,0.000,0,4,score,,DIVREL.30.Oa;DIVREL.30.Ob;DIVREL.30.T;DIVREL.30.Da;DIVREL.30.Db,events/faerun_diverse_religious.txt
divrel.31,fae_divrel.31,fae_divrel,character_event,character_event,faith,yes,no,0.000,0,2,score,,DIVREL.31.D,events/faerun_diverse_religious.txt
divrel.32,fae_divrel.32,fae_divrel,character_event,character_event,faith,yes,no,0.000,0,1,score,,DIVREL.32.D,events/faerun_diverse_religious.txt
divrel.33,fae_divrel.33,fae_divrel,character_event,character_event,default,yes,yes,1.000,0,0,,,DIVREL.33.O;DIVREL.33.D,events/faerun_diverse_religious.txt
divrel.34,fae_divrel.34,fae_divrel,character_event,character_event,default,yes,yes,1.000,0,0,,,DIVREL.34.O;DIVREL.34.D,events/faerun_diverse_religious.txt
divrel.35,fae_divrel.35,fae_divrel,character_event,character_event,faith,yes,no,0.000,0,5,score,,DIVREL.35.A;DIVREL.35.B;DIVREL.35.C;DIVREL.35.D;DIVREL.35,events/faerun_diverse_religious.txt
divrel.4,fae_divrel.4,fae_divrel,letter_event,letter_event,default,yes,yes,1.000,0,0,,,OK;DIVREL.4,events/faerun_diverse_religious.txt
divrel.5,fae_divrel.5,fae_divrel,character_event,character_event,default,yes,no,0.250,1,4,score;dead_call;unsaved_scope,divrel.6,,events/faerun_diverse_religious.txt
divrel.6,fae_divrel.6,fae_divrel,character_event,character_event,battle,yes,no,0.000,0,1,score,,DIVREL.6a;DIVREL.6,events/faerun_diverse_religious.txt
divrel.7,fae_divrel.7,fae_divrel,character_event,character_event,faith,yes,no,0.000,0,1,score,,DIVREL.7a;DIVREL.7,events/faerun_diverse_religious.txt
divrel.8,fae_divrel.8,fae_divrel,character_event,character_event,faith,yes,no,0.000,0,1,score,,DIVREL.8a;DIVREL.8,events/faerun_diverse_religious.txt
divrel.9,fae_divrel.9,fae_divrel,character_event,character_event,faith,yes,no,0.667,4,6,score,,DIVREL.9a;DIVREL.9,events/faerun_diverse_religious.txt
dragon_type.1,fae_dragon_type.1,fae_dragon_type,character_event,character_event,default,yes,yes,1.000,17,17,,,,events/faerun_dragon_type_events.txt
dragon_type.2,fae_dragon_type.2,fae_dragon_type,narrative_event,character_event,default,yes,no,0.000,0,2,score,,DRAGON_TYPE.2a;SECRET_IDENTITY.title;DRAGON_TYPE.2,events/faerun_dragon_type_events.txt
dragon_type.3,fae_dragon_type.3,fae_dragon_type,character_event,character_event,default,yes,no,0.375,3,8,score,,,events/faerun_dragon_type_events.txt
dragon_type.4,fae_dragon_type.4,fae_dragon_type,character_event,character_event,default,yes,no,0.250,1,4,score,,,events/faerun_dragon_type_events.txt
dragon_type.5,fae_dragon_type.5,fae_dragon_type,character_event,character_event,default,yes,yes,1.000,7,7,,,ancient_dragon.opt_a;ancient_dragon.title;DRAGON_TYPE.5,events/faerun_dragon_type_events.txt
druidinit.3,fae_druidinit.3,fae_druidinit,character_event,character_event,travel,yes,no,0.294,5,17,score;dead_call,druidinit.4,druidinit.3.a;DRUIDINIT.3,events/faerun_druid_init.txt
druidinit.4,fae_druidinit.4,fae_druidinit,character_event,character_event,default,yes,no,0.500,2,4,score,druidinit.5,,events/faerun_druid_init.txt
druidinit.5,fae_druidinit.5,fae_druidinit,character_event,character_event,travel,yes,yes,1.000,0,0,,,OK;DRUIDINIT.5,events/faerun_druid_init.txt
faegods.0,fae_faegods.0,fae_faegods,character_event,character_event,faith,yes,no,0.000,0,2,score,,PATRONS_FAE_GHP.16.b;PATRONS_FAE_OTHERS;FAEGODS.1,events/faerun_patrons_new.txt
faegods.1,fae_faegods.1,fae_faegods,character_event,character_event,faith,yes,no,0.540,47,87,score,,PATRONS_FAE_GHP.4.a;PATRONS_FAE_GHP.5.a;PATRONS_FAE_GHP.4.c;PATRONS_FAE_OTHERS;FAEGODS.1,events/faerun_patrons_new.txt
faegods.10,fae_faegods.10,fae_faegods,character_event,character_event,faith,yes,no,0.000,0,4,score,,PATRONS_FAE_GHP.10.a;PATRONS_FAE_GHP.9.b;PATRONS_FAE_GHP.9.a;PATRONS_FAE_OTHERS;FAEGODS.1,events/faerun_patrons_new.txt
faegods.100,fae_faegods.100,fae_faegods,character_event,character_event,faith,yes,no,0.279,24,86,score,,PATRONS_FAE_DWARF.1.a;PATRONS_FAE_DWARF.1.b;PATRONS_FAE_DWARF.1.c;PATRONS_FAE_DWARF.1.d;FAEGODS.1,events/faerun_patrons_new.txt
faegods.101,fae_faegods.101,fae_faegods,character_event,character_event,faith,yes,no,0.000,0,4,score,,PATRONS_FAE_DWARF.2.a;PATRONS_FAE_DWARF.2.b;PATRONS_FAE_DWARF.2.c;PATRONS_FAE_DWARF.2.d;FAEGODS.1,events/faerun_patrons_new.txt
faegods.102,fae_faegods.102,fae_faegods,character_event,character_event,faith,yes,no,0.000,0,4,score,,PATRONS_FAE_DWARF.3.a;PATRONS_FAE_DWARF.3.b;PATRONS_FAE_DWARF.3.c;PATRONS_FAE_DWARF.2.d;FAEGODS.1,events/faerun_patrons_new.txt
faegods.103,fae_faegods.103,fae_faegods,character_event,character_event,faith,yes,no,0.000,0,3,score,,PATRONS_FAE_DWARF.4.a;PATRONS_FAE_DWARF.4.b;PATRONS_FAE_DWARF.2.d;FAEGODS.1,events/faerun_patrons_new.txt
faegods.104,fae_faegods.104,fae_faegods,character_event,character_event,faith,yes,no,0.200,10,50,score,,PATRONS_FAE_GNOME.1.a;PATRONS_FAE_GNOME.1.b;PATRONS_FAE_GNOME.1.c;PATRONS_FAE_GNOME.1.d;FAEGODS.1,events/faerun_patrons_new.txt
faegods.105,fae_faegods.105,fae_faegods,character_event,character_event,faith,yes,no,0.000,0,4,score,,PATRONS_FAE_GNOME.2.a;PATRONS_FAE_GNOME.2.b;PATRONS_FAE_GNOME.2.c;PATRONS_FAE_GNOME.1.d;FAEGODS.1,events/faerun_patrons_new.txt
faegods.106,fae_faegods.106,fae_faegods,character_event,character_event,faith,yes,no,0.000,0,2,score,,PATRONS_FAE_GNOME.3.a;PATRONS_FAE_GNOME.1.d;FAEGODS.1,events/faerun_patrons_new.txt
faegods.107,fae_faegods.107,fae_faegods,character_event,character_event,faith,yes,no,0.260,19,73,score,,PATRONS_FAE_ORC.1.a;PATRONS_FAE_ORC.1.b;PATRONS_FAE_ORC.1.c;PATRONS_FAE_ORC.1.d;FAEGODS.1,events/faerun_patrons_new.txt
faegods.108,fae_faegods.108,fae_faegods,character_event,character_event,faith,yes,no,0.000,0,4,score,,PATRONS_FAE_ORC.2.a;PATRONS_FAE_ORC.2.b;PATRONS_FAE_ORC.2.c;PATRONS_FAE_ORC.1.d;FAEGODS.1,events/faerun_patrons_new.txt
faegods.109,fae_faegods.109,fae_faegods,character_event,character_event,faith,yes,no,0.000,0,2,score,,PATRONS_FAE_ORC.3.a;PATRONS_FAE_GNOME.1.d;FAEGODS.1,events/faerun_patrons_new.txt
faegods.11,fae_faegods.11,fae_faegods,character_event,character_event,faith,yes,no,0.474,46,97,score,,PATRONS_FAE_GHP.16.b;PATRONS_FAE_GHP.4.b;PATRONS_FAE_GHP.14.c;PATRONS_FAE_OTHERS;FAEGODS.1,events/faerun_patrons_new.txt
faegods.110,fae_faegods.110,fae_faegods,character_event,character_event,faith,yes,no,0.550,61,111,score,,PATRONS_FAE_GHP.14.c;PATRONS_FAE_GHP.17.a;PATRONS_FAE_GHP.6.a;PATRONS_FAE_OTHERS;FAEGODS.1,events/faerun_patrons_new.txt
faegods.111,fae_faegods.111,fae_faegods,character_event,character_event,faith,yes,no,0.000,0,6,score,,PATRONS_FAE_GHP.4.a;PATRONS_FAE_EHP.4.c;PATRONS_FAE_GHP.4.b;PATRONS_FAE_OTHERS;FAEGODS.1,events/faerun_patrons_new.txt
faegods.112,fae_faegods.112,fae_faegods,character_event,character_event,faith,yes,no,0.000,0,5,score,,PATRONS_FAE_GHP.9.a;PATRONS_FAE_GHP.6.b;PATRONS_FAE_GHP.7.a;PATRONS_FAE_OTHERS;FAEGODS.1,events/faerun_patrons_new.txt
faegods.113,fae_faegods.113,fae_faegods,character_event,character_event,faith,yes,no,0.000,0,3,score,,PATRONS_FAE_GHP.20.c;PATRONS_FAE_OTHERS;FAEGODS.1,events/faerun_patrons_new.txt
faegods.114,fae_faegods.114,fae_faegods,character_event,character_event,faith,yes,no,0.462,30,65,score,,PATRONS_FAE_GHP.6.a;PATRONS_FAE_GHP.13.a;PATRONS_FAE_EHP.7.c;PATRONS_FAE_OTHERS;FAEGODS.1,events/faerun_patrons_new.txt
faegods.115,fae_faegods.115,fae_faegods,character_event,character_event,faith,yes,no,0.000,0,6,score,,PATRONS_FAE_DOF.1.c;PATRONS_FAE_EHP.9.a;PATRONS_FAE_GHP.16.b;PATRONS_FAE_OTHERS;FAEGODS.1,events/faerun_patrons_new.txt
faegods.12,fae_faegods.12,fae_faegods,character_event,character_event,faith,yes,no,0.000,0,4,score,,PATRONS_FAE_GHP.14.b;PATRONS_FAE_GHP.6.a;PATRONS_FAE_GHP.9.b;PATRONS_FAE_OTHERS;FAEGODS.1,events/faerun_patrons_new.txt
faegods.13,fae_faegods.13,fae_faegods,character_event,character_event,faith,yes,no,0.167,1,6,score,,PATRONS_FAE_GHP.18.a;PATRONS_FAE_GHP.18.b;PATRONS_FAE_GHP.17.b;PATRONS_FAE_OTHERS;FAEGODS.1,events/faerun_patrons_new.txt
faegods.14,fae_faegods.14,fae_faegods,character_event,character_event,faith,yes,no,0.400,2,5,score,,PATRONS_FAE_GHP.4.c;PATRONS_FAE_OTHERS;FAEGODS.1,events/faerun_patrons_new.txt
faegods.15,fae_faegods.15,fae_faegods,character_event,character_event,faith,yes,no,0.405,17,42,score,,PATRONS_FAE_GHP.10.a;PATRONS_FAE_GHP.11.a;PATRONS_FAE_GHP.10.b;PATRONS_FAE_OTHERS;FAEGODS.1,events/faerun_patrons_new.txt
faegods.16,fae_faegods.16,fae_faegods,character_event,character_event,faith,yes,no,0.000,0,3,score,,PATRONS_FAE_GHP.10.c;PATRONS_FAE_GHP.17.c;PATRONS_FAE_OTHERS;FAEGODS.1,events/faerun_patrons_new.txt
faegods.17,fae_faegods.17,fae_faegods,character_event,character_event,faith,yes,no,0.511,24,47,score,,PATRONS_FAE_GHP.14.b;PATRONS_FAE_GHP.14.c;PATRONS_FAE_GHP.17.a;PATRONS_FAE_OTHERS;FAEGODS.1,events/faerun_patrons_new.txt
faegods.18,fae_faegods.18,fae_faegods,character_event,character_event,faith,yes,no,0.000,0,3,score,,PATRONS_FAE_GHP.15.a;PATRONS_FAE_GHP.16.a;PATRONS_FAE_OTHERS;FAEGODS.1,events/faerun_patrons_new.txt
faegods.19,fae_faegods.19,fae_faegods,character_event,character_event,faith,yes,no,0.565,48,85,score,,PATRONS_FAE_GHP.12.b;PATRONS_FAE_GHP.4.c;PATRONS_FAE_CF.10.a;PATRONS_FAE_OTHERS;FAEGODS.1,events/faerun_patrons_new.txt
faegods.2,fae_faegods.2,fae_faegods,character_event,character_event,faith,yes,no,0.000,0,4,score,,PATRONS_FAE_GHP.5.c;PATRONS_FAE_GHP.5.b;PATRONS_FAE_GHP.4.b;PATRONS_FAE_OTHERS;FAEGODS.1,events/faerun_patrons_new.txt
faegods.20,fae_faegods.20,fae_faegods,character_event,character_event,faith,yes,no,0.000,0,4,score,,PATRONS_FAE_GHP.15.a;PATRONS_FAE_GHP.4.a;PATRONS_FAE_CF.6.b;PATRONS_FAE_OTHERS;FAEGODS.1,events/faerun_patrons_new.txt
faegods.21,fae_faegods.21,fae_faegods,character_event,character_event,faith,yes,no,0.000,0,4,score,,PATRONS_FAE_CF.17.a;PATRONS_FAE_CF.17.b;PATRONS_FAE_CF.17.c;PATRONS_FAE_OTHERS;FAEGODS.1,events/faerun_patrons_new.txt
faegods.22,fae_faegods.22,fae_faegods,character_event,character_event,faith,yes,no,0.585,76,130,score,,PATRONS_FAE_CF.6.b;PATRONS_FAE_GHP.11.a;PATRONS_FAE_GHP.6.a;PATRONS_FAE_OTHERS;FAEGODS.1,events/faerun_patrons_new.txt
faegods.23,fae_faegods.23,fae_faegods,character_event,character_event,faith,yes,no,0.000,0,4,score,,PATRONS_FAE_GHP.7.a;PATRONS_FAE_GNOME.1.a;PATRONS_FAE_GHP.4.c;PATRONS_FAE_OTHERS;FAEGODS.1,events/faerun_patrons_new.txt
faegods.24,fae_faegods.24,fae_faegods,character_event,character_event,faith,yes,no,0.167,1,6,score,,PATRONS_FAE_GHP.14.c;PATRONS_FAE_GHP.18.a;PATRONS_FAE_GHP.17.a;PATRONS_FAE_OTHERS;FAEGODS.1,events/faerun_patrons_new.txt
faegods.25,fae_faegods.25,fae_faegods,character_event,character_event,faith,yes,no,0.000,0,4,score,,PATRONS_FAE_GHP.6.b;PATRONS_FAE_GHP.9.a;PATRONS_FAE_GHP.16.b;PATRONS_FAE_OTHERS;FAEGODS.1,events/faerun_patrons_new.txt
faegods.26,fae_faegods.26,fae_faegods,character_event,character_event,faith,yes,no,0.000,0,3,score,,PATRONS_FAE_EHP.7.c;PATRONS_FAE_EHP.20.a;PATRONS_FAE_OTHERS;FAEGODS.1,events/faerun_patrons_new.txt
faegods.28,fae_faegods.28,fae_faegods,character_event,character_event,faith,yes,no,0.485,48,99,score,,PATRONS_FAE_MUL.1.a;PATRONS_FAE_MUL.1.b;PATRONS_FAE_MUL.1.c;PATRONS_FAE_MUL.1.d;FAEGODS.1,events/faerun_patrons_new.txt
faegods.29,fae_faegods.29,fae_faegods,character_event,character_event,faith,yes,no,0.000,0,4,score,,PATRONS_FAE_MUL.2.a;PATRONS_FAE_MUL.2.b;PATRONS_FAE_MUL.2.c;PATRONS_FAE_MUL.2.d;FAEGODS.1,events/faerun_patrons_new.txt
faegods.3,fae_faegods.3,fae_faegods,character_event,character_event,faith,yes,no,0.000,0,2,score,,PATRONS_FAE_GHP.19.a;PATRONS_FAE_OTHERS;FAEGODS.1,events/faerun_patrons_new.txt
faegods.30,fae_faegods.30,fae_faegods,character_event,character_event,faith,yes,no,0.000,0,4,score,,PATRONS_FAE_MUL.3.a;PATRONS_FAE_MUL.3.b;PATRONS_FAE_MUL.3.c;PATRONS_FAE_MUL.3.d;FAEGODS.1,events/faerun_patrons_new.txt
faegods.31,fae_faegods.31,fae_faegods,character_event,character_event,faith,yes,no,0.200,1,5,score,,PATRONS_FAE_MUL.4.a;FAEGODSPTAH;FAEGODSRE;PATRONS_FAE_MUL.3.d;FAEGODS.1,events/faerun_patrons_new.txt
faegods.32,fae_faegods.32,fae_faegods,character_event,character_event,faith,yes,no,0.441,30,68,score,,PATRONS_FAE_UNTH.1.a;PATRONS_FAE_GHP.22.a;PATRONS_FAE_MUL.1.b;PATRONS_FAE_MUL.3.d;FAEGODS.1,events/faerun_patrons_new.txt
faegods.33,fae_faegods.33,fae_faegods,character_event,character_event,faith,yes,no,0.200,1,5,score,,PATRONS_FAE_GHP.19.a;PATRONS_FAE_GHP.5.c;FAEGODSNERGAL;PATRONS_FAE_MUL.3.d;FAEGODS.1,events/faerun_patrons_new.txt
faegods.34,fae_faegods.34,fae_faegods,character_event,character_event,faith,yes,no,0.448,26,58,score,,PATRONS_FAE_HALF.1.a;PATRONS_FAE_HALF.1.b;PATRONS_FAE_HALF.1.c;PATRONS_FAE_OTHERS;FAEGODS.1,events/faerun_patrons_new.txt
faegods.35,fae_faegods.35,fae_faegods,character_event,character_event,faith,yes,no,0.000,0,5,score,,PATRONS_FAE_HALF.2.a;PATRONS_FAE_HALF.2.b;PATRONS_FAE_HALF.2.c;PATRONS_FAE_OTHERS;FAEGODS.1,events/faerun_patrons_new.txt
faegods.36,fae_faegods.36,fae_faegods,character_event,character_event,faith,yes,no,0.000,0,3,score,,PATRONS_FAE_GHP.16.a;PATRONS_FAE_OTHERS;FAEGODS.1,events/faerun_patrons_new.txt
faegods.37,fae_faegods.37,fae_faegods,character_event,character_event,faith,yes,no,0.463,31,67,score,,PATRONS_FAE_CF.10.a;PATRONS_FAE_GHP.19.b;PATRONS_FAE_GHP.18.a;PATRONS_FAE_OTHERS;FAEGODS.1,events/faerun_patrons_new.txt
faegods.38,fae_faegods.38,fae_faegods,character_event,character_event,faith,yes,no,0.000,0,5,score,,PATRONS_FAE_GHP.18.b;PATRONS_FAE_GHP.5.b;PATRONS_FAE_GHP.16.b;PATRONS_FAE_OTHERS;FAEGODS.1,events/faerun_patrons_new.txt
faegods.39,fae_faegods.39,fae_faegods,character_event,character_event,faith,yes,no,0.605,52,86,score,,PATRONS_FAE_DOF.1.a;PATRONS_FAE_DOF.1.b;PATRONS_FAE_DOF.1.c;PATRONS_FAE_OTHERS;FAEGODS.1,events/faerun_patrons_new.txt
faegods.4,fae_faegods.4,fae_faegods,character_event,character_event,faith,yes,no,0.449,31,69,score,,PATRONS_FAE_GHP.12.a;PATRONS_FAE_GHP.12.b;PATRONS_FAE_GHP.13.a;PATRONS_FAE_OTHERS;FAEGODS.1,events/faerun_patrons_new.txt
faegods.40,fae_faegods.40,fae_faegods,character_event,character_event,faith,yes,no,0.200,1,5,score,,PATRONS_FAE_DOF.2.a;PATRONS_FAE_DOF.2.c;PATRONS_FAE_EHP.12.b;PATRONS_FAE_OTHERS;FAEGODS.1,events/faerun_patrons_new.txt
faegods.41,fae_faegods.41,fae_faegods,character_event,character_event,faith,yes,no,0.556,45,81,score,,PATRONS_FAE_GHP.6.b;PATRONS_FAE_GHP.6.a;PATRONS_FAE_GHP.6.c;PATRONS_FAE_OTHERS;FAEGODS.1,events/faerun_patrons_new.txt
faegods.42,fae_faegods.42,fae_faegods,character_event,character_event,faith,yes,no,0.000,0,4,score,,PATRONS_FAE_GHP.7.a;PATRONS_FAE_GHP.7.c;PATRONS_FAE_GHP.8.a;PATRONS_FAE_OTHERS;FAEGODS.1,events/faerun_patrons_new.txt
faegods.43,fae_faegods.43,fae_faegods,character_event,character_event,faith,yes,no,0.000,0,3,score,,PATRONS_FAE_GHP.7.b;PATRONS_FAE_GHP.20.c;PATRONS_FAE_OTHERS;FAEGODS.1,events/faerun_patrons_new.txt
faegods.44,fae_faegods.44,fae_faegods,character_event,character_event,faith,yes,no,0.504,65,129,score,,PATRONS_FAE_GHP.8.c;PATRONS_FAE_GHP.20.b;PATRONS_FAE_GHP.20.a;PATRONS_FAE_OTHERS;FAEGODS.1,events/faerun_patrons_new.txt
faegods.45,fae_faegods.45,fae_faegods,character_event,character_event,faith,yes,no,0.000,0,6,score,,PATRONS_FAE_GHP.24.a;FAEGODS.45b;FAEGODS.45c;PATRONS_FAE_OTHERS;FAEGODS.1,events/faerun_patrons_new.txt
faegods.46,fae_faegods.46,fae_faegods,character_event,character_event,faith,yes,no,0.077,1,13,score,,FAEGODS.46z;FAEGODS.46d;FAEGODS.46b;PATRONS_FAE_OTHERS;PATRONS_FAE_OTHERS;FAEGODS.1,events/faerun_patrons_new.txt
faegods.47,fae_faegods.47,fae_faegods,character_event,character_event,faith,yes,no,0.000,0,2,score,,FAEGODS.47b;PATRONS_FAE_OTHERS;FAEGODS.1,events/faerun_patrons_new.txt
faegods.48,fae_faegods.48,fae_faegods,character_event,character_event,faith,yes,no,0.458,27,59,score,,PATRONS_FAE_GHP.24.a;PATRONS_FAE_GHP.20.a;PATRONS_FAE_GHP.7.a;PATRONS_FAE_OTHERS;FAEGODS.1,events/faerun_patrons_new.txt
faegods.49,fae_faegods.49,fae_faegods,character_event,character_event,faith,yes,no,0.000,0,4,score,,PATRONS_FAE_DOF.1.c;PATRONS_FAE_GHP.17.a;PATRONS_FAE_OTHERS;FAEGODS.1,events/faerun_patrons_new.txt
faegods.5,fae_faegods.5,fae_faegods,character_event,character_event,faith,yes,no,0.286,2,7,score,,PATRONS_FAE_GHP.12.c;PATRONS_FAE_NETH.4.c;PATRONS_FAE_GHP.17.a;PATRONS_FAE_OTHERS;PATRONS_FAE_OTHERS;FAEGODS.1,events/faerun_patrons_new.txt
faegods.50,fae_faegods.50,fae_faegods,character_event,character_event,faith,yes,no,0.479,23,48,score,,PATRONS_FAE_GHP.9.a;PATRONS_FAE_GHP.9.b;PATRONS_FAE_GHP.9.c;PATRONS_FAE_EHP.16.a;FAEGODS.1,events/faerun_patrons_new.txt
faegods.500,fae_faegods.500,fae_faegods,character_event,character_event,faith,yes,no,0.663,55,83,score,,FAEGODSZALTEC;FAEGODSAZUL;FAEGODSTEZCA;PATRONS_FAE_OTHERS;FAEGODS.1,events/faerun_patrons_new.txt
faegods.51,fae_faegods.51,fae_faegods,character_event,character_event,faith,yes,no,0.000,0,4,score,,FAEGODSPLUTOQ;FAEGODSMAZTICA;FAEGODSKILTZI;PATRONS_FAE_OTHERS;FAEGODS.1,events/faerun_patrons_new.txt
faegods.52,fae_faegods.52,fae_faegods,character_event,character_event,faith,yes,no,0.000,0,4,score,,FAEGODSWATIL;FAEGODSNULA;FAEGODSEHA;PATRONS_FAE_OTHERS;FAEGODS.1,events/faerun_patrons_new.txt
faegods.53,fae_faegods.53,fae_faegods,character_event,character_event,faith,yes,no,0.607,37,61,score,,FAEGODSQOTAL;FAEGODSMAZTICA;FAEGODSKILTZI;PATRONS_FAE_OTHERS;FAEGODS.1,events/faerun_patrons_new.txt
faegods.54,fae_faegods.54,fae_faegods,character_event,character_event,faith,yes,no,0.000,0,4,score,,FAEGODSWATIL;FAEGODSNULA;FAEGODSEHA;PATRONS_FAE_OTHERS;FAEGODS.1,events/faerun_patrons_new.txt
faegods.55,fae_faegods.55,fae_faegods,character_event,character_event,faith,yes,no,0.538,35,65,score,,FAEGODSCELESTIAN;FAEGODSPTAH;FAEGODSVECNA;PATRONS_FAE_OTHERS;FAEGODS.1,events/faerun_patrons_new.txt
faegods.57,fae_faegods.57,fae_faegods,character_event,character_event,faith,yes,no,0.200,2,10,score,,FAEGODSRAVENQUEEN;FAEGODSVLAAKITH;FAEGODSZAERITH;PATRONS_FAE_OTHERS;FAEGODS.1,events/faerun_patrons_new.txt
faegods.6,fae_faegods.6,fae_faegods,character_event,character_event,faith,yes,no,0.000,0,2,score,,PATRONS_FAE_EHP.12.b;PATRONS_FAE_OTHERS;FAEGODS.1,events/faerun_patrons_new.txt
faegods.60,fae_faegods.60,fae_faegods,character_event,character_event,faith,yes,no,0.575,65,113,score,,PATRONS_FAE_EHP.4.a;PATRONS_FAE_EHP.20.a;PATRONS_FAE_EHP.19.c;PATRONS_FAE_OTHERS;FAEGODS.1,events/faerun_patrons_new.txt
faegods.61,fae_faegods.61,fae_faegods,character_event,character_event,faith,yes,no,0.286,2,7,score,,PATRONS_FAE_EHP.19.b;PATRONS_FAE_EHP.6.a;PATRONS_FAE_EHP.4.c;PATRONS_FAE_OTHERS;PATRONS_FAE_OTHERS;FAEGODS.1,events/faerun_patrons_new.txt
faegods.62,fae_faegods.62,fae_faegods,character_event,character_event,faith,yes,no,0.000,0,2,score,,FAEGODSFZOUL;PATRONS_FAE_OTHERS;FAEGODS.1,events/faerun_patrons_new.txt
faegods.63,fae_faegods.63,fae_faegods,character_event,character_event,faith,yes,no,0.571,76,133,score,,PATRONS_FAE_CF.17.a;PATRONS_FAE_EHP.17.a;PATRONS_FAE_EHP.5.c;PATRONS_FAE_OTHERS;FAEGODS.1,events/faerun_patrons_new.txt
faegods.64,fae_faegods.64,fae_faegods,character_event,character_event,faith,yes,no,0.200,1,5,score,,PATRONS_FAE_DOF.2.c;PATRONS_FAE_GHP.18.b;PATRONS_FAE_EHP.12.b;PATRONS_FAE_OTHERS;FAEGODS.1,events/faerun_patrons_new.txt
faegods.65,fae_faegods.65,fae_faegods,character_event,character_event,faith,yes,no,0.000,0,4,score,,PATRONS_FAE_GHP.19.a;PATRONS_FAE_EHP.9.a;PATRONS_FAE_EHP.18.b;PATRONS_FAE_OTHERS;FAEGODS.1,events/faerun_patrons_new.txt
faegods.650,fae_faegods.650,fae_faegods,character_event,character_event,faith,yes,no,0.000,0,2,score,,PATRONS_FAE_EHP.16.a;PATRONS_FAE_OTHERS;FAEGODS.1,events/faerun_patrons_new.txt
faegods.66,fae_faegods.66,fae_faegods,character_event,character_event,faith,yes,no,0.539,69,128,score,,PATRONS_FAE_ABYSS.1.a;PATRONS_FAE_ABYSS.1.b;PATRONS_FAE_ABYSS.1.c;PATRONS_FAE_ABYSS.1.d;FAEGODS.1,events/faerun_patrons_new.txt
faegods.67,fae_faegods.67,fae_faegods,character_event,character_event,faith,yes,no,0.000,0,4,score,,PATRONS_FAE_ABYSS.2.a;PATRONS_FAE_ABYSS.2.b;PATRONS_FAE_ABYSS.2.c;PATRONS_FAE_ABYSS.1.d;FAEGODS.1,events/faerun_patrons_new.txt
faegods.68,fae_faegods.68,fae_faegods,character_event,character_event,faith,yes,no,0.000,0,4,score,,PATRONS_FAE_ABYSS.3.b;PATRONS_FAE_ABYSS.3.c;FAEGODSMALCANTHET;PATRONS_FAE_ABYSS.1.d;FAEGODS.1,events/faerun_patrons_new.txt
faegods.69,fae_faegods.69,fae_faegods,character_event,character_event,faith,yes,no,0.000,0,3,score,,FAEGODSBLIBDOOLPOOLP;FAEGODSDIIRINKA;PATRONS_FAE_ABYSS.1.d;FAEGODS.1,events/faerun_patrons_new.txt
faegods.7,fae_faegods.7,fae_faegods,character_event,character_event,faith,yes,no,0.468,22,47,score,,PATRONS_FAE_GHP.12.a;PATRONS_FAE_GHP.6.c;PATRONS_FAE_GHP.6.a;PATRONS_FAE_GHP.17.a;FAEGODS.1,events/faerun_patrons_new.txt
faegods.70,fae_faegods.70,fae_faegods,character_event,character_event,faith,yes,no,0.647,55,85,score,,PATRONS_FAE_ABYSS.4.b;PATRONS_FAE_ABYSS.4.c;PATRONS_FAE_EHP.9.c;PATRONS_FAE_OTHERS;FAEGODS.1,events/faerun_patrons_new.txt
faegods.71,fae_faegods.71,fae_faegods,character_event,character_event,faith,yes,no,0.000,0,4,score,,FAEGODSSEMUANYA;FAEGODSSHEKINESTER;FAEGODSDENDAR;PATRONS_FAE_OTHERS;FAEGODS.1,events/faerun_patrons_new.txt
faegods.710,fae_faegods.710,fae_faegods,character_event,character_event,faith,yes,no,0.000,0,2,score,,FAEGODSLAOGZED;PATRONS_FAE_OTHERS;FAEGODS.1,events/faerun_patrons_new.txt
faegods.72,fae_faegods.72,fae_faegods,character_event,character_event,faith,yes,no,0.644,58,90,score,,PATRONS_FAE_ZAKH.1.a;PATRONS_FAE_ZAKH.1.b;PATRONS_FAE_ZAKH.1.c;PATRONS_FAE_OTHERS;FAEGODS.1,events/faerun_patrons_new.txt
faegods.73,fae_faegods.73,fae_faegods,character_event,character_event,faith,yes,no,0.000,0,4,score,,PATRONS_FAE_ZAKH.2.a;PATRONS_FAE_ZAKH.2.b;PATRONS_FAE_ZAKH.2.c;PATRONS_FAE_OTHERS;FAEGODS.1,events/faerun_patrons_new.txt
faegods.74,fae_faegods.74,fae_faegods,character_event,character_event,faith,yes,no,0.000,0,4,score,,PATRONS_FAE_ZAKH.3.a;PATRONS_FAE_ZAKH.3.b;FAEGODSVATAQATAL;PATRONS_FAE_OTHERS;FAEGODS.1,events/faerun_patrons_new.txt
faegods.75,fae_faegods.75,fae_faegods,character_event,character_event,faith,yes,no,0.000,0,4,score,,FAEGODSBALA;FAEGODSJARMIK;FAEGODSBOTUASTOK;PATRONS_FAE_OTHERS;FAEGODS.1,events/faerun_patrons_new.txt
faegods.76,fae_faegods.76,fae_faegods,character_event,character_event,faith,yes,no,0.571,28,49,score,,PATRONS_FAE_ZAKH.1.a;PATRONS_FAE_ZAKH.2.b;PATRONS_FAE_ZAKH.2.c;PATRONS_FAE_OTHERS;FAEGODS.1,events/faerun_patrons_new.txt
faegods.77,fae_faegods.77,fae_faegods,character_event,character_event,faith,yes,no,0.000,0,3,score,,PATRONS_FAE_ZAKH.3.a;PATRONS_FAE_ZAKH.2.e;PATRONS_FAE_OTHERS;FAEGODS.1,events/faerun_patrons_new.txt
faegods.78,fae_faegods.78,fae_faegods,character_event,character_event,faith,yes,no,0.547,35,64,score,,FAEGODSSHAJAR;FAEGODSRAGARRA;FAEGODSKIGA;PATRONS_FAE_OTHERS;FAEGODS.1,events/faerun_patrons_new.txt
faegods.79,fae_faegods.79,fae_faegods,character_event,character_event,faith,yes,no,0.000,0,4,score,,FAEGODSLOSTONE;FAEGODSMIGAL;FAEGODSLOLTH;PATRONS_FAE_OTHERS;FAEGODS.1,events/faerun_patrons_new.txt
faegods.8,fae_faegods.8,fae_faegods,character_event,character_event,faith,yes,no,0.436,44,101,score;dead_call,frmaint.72;frmaint.72,PATRONS_FAE_CHESSIC.1.a;PATRONS_FAE_GHP.22.a;PATRONS_FAE_GHP.19.a;PATRONS_FAE_OTHERS;FAEGODS.1,events/faerun_patrons_new.txt
faegods.80,fae_faegods.80,fae_faegods,character_event,character_event,faith,yes,no,0.553,26,47,score,,FAEGODSLOSTONE;PATRONS_FAE_DOF.1.c;FAEGODSKARRRGA;PATRONS_FAE_OTHERS;FAEGODS.1,events/faerun_patrons_new.txt
faegods.81,fae_faegods.81,fae_faegods,character_event,character_event,faith,yes,no,0.000,0,3,score,,FAEGODSPAG;FAEGODSDRUMMER;PATRONS_FAE_OTHERS;FAEGODS.1,events/faerun_patrons_new.txt
faegods.82,fae_faegods.82,fae_faegods,character_event,character_event,faith,yes,no,0.062,1,16,score,,PADHRANMOUNTAIN;PADHRANRIVER;PADHRANOCEAN;FAEGODS.82,events/faerun_patrons_new.txt
faegods.83,fae_faegods.83,fae_faegods,character_event,character_event,faith,yes,no,0.733,22,30,score,,FAEGODSWHITECHUNG;FAEGODSBLACKCHUNG;FAEGODS.83,events/faerun_patrons_new.txt
faegods.84,fae_faegods.84,fae_faegods,character_event,character_event,faith,yes,no,0.625,45,72,score,,FAEGODSAICHING;FAEGODSCHANCHENG;FAEGODSCHENHSIANG;PATRONS_FAE_OTHERS;FAEGODS.1,events/faerun_patrons_new.txt
faegods.85,fae_faegods.85,fae_faegods,character_event,character_event,faith,yes,no,0.000,0,4,score,,FAEGODSCHIHSHIH;FAEGODSFAKUAN;FAEGODSHSINGYONG;PATRONS_FAE_OTHERS;FAEGODS.1,events/faerun_patrons_new.txt
faegods.86,fae_faegods.86,fae_faegods,character_event,character_event,faith,yes,no,0.000,0,4,score,,FAEGODSKWANYING;FAEGODSNUNGCHIANG;FAEGODSSHUCHIA;PATRONS_FAE_OTHERS;FAEGODS.1,events/faerun_patrons_new.txt
faegods.87,fae_faegods.87,fae_faegods,character_event,character_event,faith,yes,no,0.423,22,52,score,,PATRONS_FAE_GHP.10.a;PATRONS_FAE_GHP.10.b;PATRONS_FAE_GHP.17.a;PATRONS_FAE_OTHERS;FAEGODS.1,events/faerun_patrons_new.txt
faegods.88,fae_faegods.88,fae_faegods,character_event,character_event,faith,yes,no,0.000,0,3,score,,PATRONS_FAE_GHP.5.a;PATRONS_FAE_GHP.16.b;PATRONS_FAE_OTHERS;FAEGODS.1,events/faerun_patrons_new.txt
faegods.89,fae_faegods.89,fae_faegods,character_event,character_event,faith,yes,no,0.562,77,137,score,,PATRONS_FAE_ELF.1.a;PATRONS_FAE_ELF.1.b;PATRONS_FAE_ELF.1.c;PATRONS_FAE_ELF.1.d;FAEGODS.1,events/faerun_patrons_new.txt
faegods.9,fae_faegods.9,fae_faegods,character_event,character_event,faith,yes,no,0.000,0,4,score,,PATRONS_FAE_GHP.12.b;PATRONS_FAE_GHP.15.a;PATRONS_FAE_MUL.1.a;PATRONS_FAE_OTHERS;FAEGODS.1,events/faerun_patrons_new.txt
faegods.90,fae_faegods.90,fae_faegods,character_event,character_event,faith,yes,no,0.000,0,4,score,,PATRONS_FAE_ELF.2.a;PATRONS_FAE_ELF.2.b;PATRONS_FAE_ELF.2.c;PATRONS_FAE_ELF.2.d;FAEGODS.1,events/faerun_patrons_new.txt
faegods.91,fae_faegods.91,fae_faegods,character_event,character_event,faith,yes,no,0.000,0,4,score,,PATRONS_FAE_ELF.3.a;PATRONS_FAE_ELF.3.b;PATRONS_FAE_ELF.3.c;PATRONS_FAE_ELF.2.d;FAEGODS.1,events/faerun_patrons_new.txt
faegods.92,fae_faegods.92,fae_faegods,character_event,character_event,faith,yes,no,0.333,2,6,score,,PATRONS_FAE_ELF.4.a;PATRONS_FAE_ELF.4.e;PATRONS_FAE_ELF.4.d;PATRONS_FAE_ELF.2.d;FAEGODS.1,events/faerun_patrons_new.txt
faegods.93,fae_faegods.93,fae_faegods,character_event,character_event,faith,yes,no,0.000,0,2,score,,FAEGODSSEELIE;FAEGODSUNSEELIE;FAEGODS.87,events/faerun_patrons_new.txt
faegods.94,fae_faegods.94,fae_faegods,character_event,character_event,faith,yes,no,0.421,8,19,score,,PATRONS_FAE_YUIR.1.a;PATRONS_FAE_YUIR.2.a;FAEGODS.1,events/faerun_patrons_new.txt
faegods.95,fae_faegods.95,fae_faegods,character_event,character_event,faith,yes,no,0.370,30,81,score;dead_call,frmaint.72,PATRONS_FAE_DRAGON.1.a;PATRONS_FAE_DRAGON.1.b;PATRONS_FAE_DRAGON.1.c;PATRONS_FAE_DRAGON.1.d;FAEGODS.1,events/faerun_patrons_new.txt
faegods.96,fae_faegods.96,fae_faegods,character_event,character_event,faith,yes,no,0.545,6,11,score;dead_call,frmaint.72,PATRONS_FAE_DRAGON.2.a;PATRONS_FAE_DRAGON.2.b;PATRONS_FAE_DRAGON.2.c;PATRONS_FAE_DRAGON.2.d;PATRONS_FAE_DRAGON.2.desc,events/faerun_patrons_new.txt
faegods.97,fae_faegods.97,fae_faegods,character_event,character_event,faith,yes,no,0.600,6,10,score,,PATRONS_FAE_DRAGON.3.a;PATRONS_FAE_DRAGON.3.b;PATRONS_FAE_DRAGON.3.c;PATRONS_FAE_DRAGON.3.d;PATRONS_FAE_DRAGON.3.desc,events/faerun_patrons_new.txt
faegods.98,fae_faegods.98,fae_faegods,character_event,character_event,faith,yes,no,0.600,6,10,score,,PATRONS_FAE_DRAGON.4.a;PATRONS_FAE_DRAGON.4.b;PATRONS_FAE_DRAGON.4.c;PATRONS_FAE_DRAGON.4.d;PATRONS_FAE_DRAGON.4.desc,events/faerun_patrons_new.txt
faegods.99,fae_faegods.99,fae_faegods,character_event,character_event,faith,yes,no,0.250,1,4,score,,PATRONS_FAE_DRAGON.5.a;PATRONS_FAE_DRAGON.5.c;PATRONS_FAE_DRAGON.5.b;PATRONS_FAE_DRAGON.5.desc,events/faerun_patrons_new.txt
faerun_ruler_events.1,fae_faerun_ruler_events.1,fae_faerun_ruler_events,character_event,character_event,default,yes,no,0.407,22,54,score;dead_call;unsaved_scope,faerun_ruler_events.2,,events/faerun_ruler_events.txt
faerun_ruler_events.2,fae_faerun_ruler_events.2,fae_faerun_ruler_events,character_event,character_event,default,yes,no,0.781,125,160,score;unsaved_scope,,EVTOPTA_FAERUN_RULER_EVENTS.2;EVTOPTB_FAERUN_RULER_EVENTS.2;EVTOPTC_FAERUN_RULER_EVENTS.2;EVTDESC_CASE1_FAERUN_RULER_EVENTS.2;EVTDESC_CASE2_FAERUN_RULER_EVENTS.2;EVTDESC_CASE3_FAERUN_RULER_EVENTS.2;EVTDESC_CASE4_FAERUN_RULER_EVENTS.2;EVTDESC_CASE5_FAERUN_RULER_EVENTS.2;EVTDESC_CASE6_FAERUN_RULER_EVENTS.2;EVTDESC_CASE7_FAERUN_RULER_EVENTS.2;EVTDESC_CASE8_FAERUN_RULER_EVENTS.2,events/faerun_ruler_events.txt
faerun_ruler_events.3,,,province_event,,,no,no,,,,province-scope root; CK3 has no province event type and a non-character root scope must be hidden or major (game/events/_events.info),,,events/faerun_ruler_events.txt
faerun_ruler_events.4,fae_faerun_ruler_events.4,fae_faerun_ruler_events,character_event,character_event,default,yes,no,0.156,5,32,score,,,events/faerun_ruler_events.txt
faerun_ruler_events.5,,,province_event,,,no,no,,,,province-scope root; CK3 has no province event type and a non-character root scope must be hidden or major (game/events/_events.info),,,events/faerun_ruler_events.txt
faerun_ruler_events.6,fae_faerun_ruler_events.6,fae_faerun_ruler_events,character_event,character_event,travel,yes,no,0.888,292,329,score;unsaved_scope,,EVTOPTA_FAERUN_RULER_EVENTS.6;EVTOPTB_FAERUN_RULER_EVENTS.6;EVTOPTC_FAERUN_RULER_EVENTS.6;EVTOPTD_FAERUN_RULER_EVENTS.6;EVTOPTE_FAERUN_RULER_EVENTS.6;EVTOPTF_FAERUN_RULER_EVENTS.6;EVTDESC_CASE1_FAERUN_RULER_EVENTS.6;EVTDESC_CASE2_FAERUN_RULER_EVENTS.6;EVTDESC_CASE3_FAERUN_RULER_EVENTS.6;EVTDESC_CASE4_FAERUN_RULER_EVENTS.6;EVTDESC_CASE5_FAERUN_RULER_EVENTS.6;EVTDESC_CASE6_FAERUN_RULER_EVENTS.6;EVTDESC_CASE7_FAERUN_RULER_EVENTS.6;EVTDESC_CASE8_FAERUN_RULER_EVENTS.6;EVTDESC_CASE9_FAERUN_RULER_EVENTS.6;EVTDESC_CASE10_FAERUN_RULER_EVENTS.6,events/faerun_ruler_events.txt
faithcleanup.0,fae_faithcleanup.0,fae_faithcleanup,character_event,character_event,default,yes,no,0.217,25,115,score;dead_call,frstory.16;frstory.77;faithcleanup.8;faithcleanup.1;faithcleanup.2;faithcleanup.3;faithcleanup.4;faithcleanup.5;faithcleanup.6;faithcleanup.7;faithcleanup.9,,events/faerun_religious_title_maintenance.txt
faithcleanup.1,fae_faithcleanup.1,fae_faithcleanup,character_event,character_event,default,yes,no,0.167,1,6,score,,EVTOPTA_FAITHCLEANUP_1;FAITHCLEANUP_1,events/faerun_religious_title_maintenance.txt
faithcleanup.2,fae_faithcleanup.2,fae_faithcleanup,character_event,character_event,mental_health,yes,no,0.125,1,8,score,,EVTOPTA_FAITHCLEANUP_2;FAITHCLEANUP_2,events/faerun_religious_title_maintenance.txt
faithcleanup.3,fae_faithcleanup.3,fae_faithcleanup,character_event,character_event,mental_health,yes,no,0.333,1,3,score,,EVTOPTA_FAITHCLEANUP_3;FAITHCLEANUP_3,events/faerun_religious_title_maintenance.txt
faithcleanup.4,fae_faithcleanup.4,fae_faithcleanup,character_event,character_event,mental_health,yes,no,0.167,1,6,score,,EVTOPTA_FAITHCLEANUP_4;FAITHCLEANUP_4,events/faerun_religious_title_maintenance.txt
faithcleanup.5,fae_faithcleanup.5,fae_faithcleanup,character_event,character_event,mental_health,yes,no,0.167,1,6,score,,EVTOPTA_FAITHCLEANUP_5;FAITHCLEANUP_5,events/faerun_religious_title_maintenance.txt
faithcleanup.6,fae_faithcleanup.6,fae_faithcleanup,character_event,character_event,default,yes,no,0.167,1,6,score,,EVTOPTA_FAITHCLEANUP_6;FAITHCLEANUP_6,events/faerun_religious_title_maintenance.txt
faithcleanup.7,fae_faithcleanup.7,fae_faithcleanup,character_event,character_event,default,yes,no,0.143,1,7,score,,EVTOPTA_FAITHCLEANUP_7;FAITHCLEANUP_7,events/faerun_religious_title_maintenance.txt
faithcleanup.8,fae_faithcleanup.8,fae_faithcleanup,character_event,character_event,default,yes,no,0.167,1,6,score,,EVTOPTA_FAITHCLEANUP_8;FAITHCLEANUP_8,events/faerun_religious_title_maintenance.txt
faithcleanup.9,fae_faithcleanup.9,fae_faithcleanup,character_event,character_event,default,yes,no,0.250,1,4,score,,EVTOPTA_FAITHCLEANUP_9;FAITHCLEANUP_9,events/faerun_religious_title_maintenance.txt
fertility.0,fae_fertility.0,fae_fertility,character_event,character_event,default,yes,no,0.667,4,6,score,,OK;INFERTILITY;EVTDESCFERTILITY.0,events/faerun_racial_fertility_events.txt
fertility.1,fae_fertility.1,fae_fertility,character_event,character_event,default,yes,no,0.086,3,35,score,,,events/faerun_racial_fertility_events.txt
fertility.2,fae_fertility.2,fae_fertility,character_event,character_event,default,yes,no,0.000,0,4,score,,,events/faerun_racial_fertility_events.txt
fighterevt.1,fae_fighterevt.1,fae_fighterevt,character_event,character_event,martial,yes,no,0.000,0,1,score,,GREAT;FIGHTEVTDESC.1,events/faerun_fighter_events.txt
fighterevt.10,fae_fighterevt.10,fae_fighterevt,character_event,character_event,martial,yes,no,0.000,0,1,score,,TBDAMN;FIGHTEVTDESC.10,events/faerun_fighter_events.txt
fighterevt.11,fae_fighterevt.11,fae_fighterevt,character_event,character_event,martial,yes,no,0.000,0,1,score,,GREAT;FIGHTEVTDESC.11,events/faerun_fighter_events.txt
fighterevt.12,fae_fighterevt.12,fae_fighterevt,character_event,character_event,martial,yes,yes,1.000,1,1,,,TBDAMN;FIGHTEVTDESC.10,events/faerun_fighter_events.txt
fighterevt.13,fae_fighterevt.13,fae_fighterevt,character_event,character_event,default,yes,no,0.500,3,6,score;from_scope;dead_call;unsaved_scope,fighterevt.14,,events/faerun_fighter_events.txt
fighterevt.14,fae_fighterevt.14,fae_fighterevt,character_event,character_event,martial,yes,no,0.000,0,2,score;from_scope;unsaved_scope,,FIGHTEVT.14a;FIGHTEVT.14,events/faerun_fighter_events.txt
fighterevt.2,fae_fighterevt.2,fae_fighterevt,character_event,character_event,martial,yes,yes,1.000,1,1,,,GREAT;FIGHTEVTDESC.1,events/faerun_fighter_events.txt
fighterevt.4,fae_fighterevt.4,fae_fighterevt,character_event,character_event,martial,yes,yes,1.000,1,1,,,GREAT;FIGHTEVTDESC.4,events/faerun_fighter_events.txt
fighterevt.5,fae_fighterevt.5,fae_fighterevt,character_event,character_event,martial,yes,no,0.000,0,3,score;dead_call,frmaint.8,GREAT;FIGHTEVTDESC.1,events/faerun_fighter_events.txt
fighterevt.6,fae_fighterevt.6,fae_fighterevt,character_event,character_event,martial,yes,no,0.000,0,1,score,,GREAT;FIGHTEVTDESC.1,events/faerun_fighter_events.txt
fighterevt.7,fae_fighterevt.7,fae_fighterevt,character_event,character_event,martial,yes,no,0.000,0,3,score;dead_call,frmaint.8,GREAT;FIGHTEVTDESC.1,events/faerun_fighter_events.txt
fighterevt.8,fae_fighterevt.8,fae_fighterevt,character_event,character_event,martial,yes,no,0.000,0,1,score,,GREAT;FIGHTEVTDESC.1,events/faerun_fighter_events.txt
fighterevt.9,fae_fighterevt.9,fae_fighterevt,character_event,character_event,martial,yes,no,0.000,0,1,score,,GREAT;FIGHTEVTDESC.1,events/faerun_fighter_events.txt
fr_prepared_invasion.1,fae_fr_prepared_invasion.1,fae_fr_prepared_invasion,character_event,character_event,default,yes,no,0.312,5,16,score,,EVTOPTB62310;fr_prepared_invasion_desc.1,events/faerun_prepared_invasion_events.txt
fr_prepared_invasion.10,fae_fr_prepared_invasion.10,fae_fr_prepared_invasion,character_event,character_event,war,yes,no,0.192,5,26,score;dead_call,fr_prepared_invasion.9,fr_prepared_invasion_desc_opt.10a;fr_prepared_invasion_desc.9a;fr_prepared_invasion_desc.10;fr_prepared_invasion_desc.10a;fr_prepared_invasion_desc.10b;fr_prepared_invasion_desc.10c;fr_prepared_invasion_desc.10d;fr_prepared_invasion_desc.10e;fr_prepared_invasion_desc.10f;fr_prepared_invasion_desc.10g;fr_prepared_invasion_desc.10h,events/faerun_prepared_invasion_events.txt
fr_prepared_invasion.11,fae_fr_prepared_invasion.11,fae_fr_prepared_invasion,long_character_event,character_event,war,yes,no,0.056,1,18,score;from_scope;unsaved_scope,,fr_prepared_invasion_desc_opt.11a;fr_prepared_invasion_desc.9a;fr_prepared_invasion_desc.11;fr_prepared_invasion_desc.11a;fr_prepared_invasion_desc.11b;fr_prepared_invasion_desc.11c;fr_prepared_invasion_desc.11d;fr_prepared_invasion_desc.11e;fr_prepared_invasion_desc.11f;fr_prepared_invasion_desc.11g;fr_prepared_invasion_desc.11h,events/faerun_prepared_invasion_events.txt
fr_prepared_invasion.12,fae_fr_prepared_invasion.12,fae_fr_prepared_invasion,character_event,character_event,war,yes,yes,1.000,0,0,,,fr_prepared_invasion_desc_opt.12a;fr_prepared_invasion_desc.12,events/faerun_prepared_invasion_events.txt
fr_prepared_invasion.13,fae_fr_prepared_invasion.13,fae_fr_prepared_invasion,character_event,character_event,war,yes,yes,1.000,0,0,,,fr_prepared_invasion_desc_opt.12a;fr_prepared_invasion_desc.13,events/faerun_prepared_invasion_events.txt
fr_prepared_invasion.14,fae_fr_prepared_invasion.14,fae_fr_prepared_invasion,character_event,character_event,war,yes,yes,1.000,0,0,,,fr_prepared_invasion_desc_opt.12a;fr_prepared_invasion_desc.14,events/faerun_prepared_invasion_events.txt
fr_prepared_invasion.15,fae_fr_prepared_invasion.15,fae_fr_prepared_invasion,character_event,character_event,war,yes,no,0.333,1,3,score;dead_call,fr_prepared_invasion.17,,events/faerun_prepared_invasion_events.txt
fr_prepared_invasion.16,fae_fr_prepared_invasion.16,fae_fr_prepared_invasion,character_event,character_event,default,yes,no,0.308,4,13,score;from_scope;unsaved_scope,,fr_prepared_invasion_desc_opt.16a;fr_prepared_invasion_desc.16b;fr_prepared_invasion_desc.16c;fr_prepared_invasion_desc.16d;fr_prepared_invasion_desc.16e;fr_prepared_invasion_desc.16f;fr_prepared_invasion_desc.16g,events/faerun_prepared_invasion_events.txt
fr_prepared_invasion.17,fae_fr_prepared_invasion.17,fae_fr_prepared_invasion,narrative_event,character_event,war,yes,no,0.100,2,20,score,,EVTOPTB62310;fr_prepared_invasion_desc.17a;fr_prepared_invasion_desc.17b;fr_prepared_invasion_desc.17c;fr_prepared_invasion_desc.17d;fr_prepared_invasion_desc.17e;fr_prepared_invasion_desc.17f,events/faerun_prepared_invasion_events.txt
fr_prepared_invasion.18,fae_fr_prepared_invasion.18,fae_fr_prepared_invasion,character_event,character_event,war,yes,no,0.250,1,4,score,,,events/faerun_prepared_invasion_events.txt
fr_prepared_invasion.2,fae_fr_prepared_invasion.2,fae_fr_prepared_invasion,narrative_event,character_event,war,yes,no,0.273,3,11,score,,EVTOPTB62310;fr_prepared_invasion_desc.2a;EVTDESC62310,events/faerun_prepared_invasion_events.txt
fr_prepared_invasion.3,fae_fr_prepared_invasion.3,fae_fr_prepared_invasion,character_event,character_event,war,yes,no,0.333,1,3,score,,,events/faerun_prepared_invasion_events.txt
fr_prepared_invasion.4,fae_fr_prepared_invasion.4,fae_fr_prepared_invasion,character_event,character_event,war,yes,no,0.571,4,7,score;from_scope;dead_call;unsaved_scope,fr_prepared_invasion.17,fr_prepared_invasion_desc_opt.4a;fr_prepared_invasion_desc.4,events/faerun_prepared_invasion_events.txt
fr_prepared_invasion.5,fae_fr_prepared_invasion.5,fae_fr_prepared_invasion,character_event,character_event,war,yes,no,0.136,12,88,score;dead_call,fr_prepared_invasion.15;fr_prepared_invasion.12;fr_prepared_invasion.13;fr_prepared_invasion.14;fr_prepared_invasion.8;fr_prepared_invasion.6;fr_prepared_invasion.7;fr_prepared_invasion.5,,events/faerun_prepared_invasion_events.txt
fr_prepared_invasion.6,fae_fr_prepared_invasion.6,fae_fr_prepared_invasion,character_event,character_event,war,yes,no,0.000,0,2,score,,EVTOPTA62320;fr_prepared_invasion_desc.6,events/faerun_prepared_invasion_events.txt
fr_prepared_invasion.7,fae_fr_prepared_invasion.7,fae_fr_prepared_invasion,character_event,character_event,war,yes,no,0.000,0,4,score,,EVTOPTA62321;fr_prepared_invasion_desc.7,events/faerun_prepared_invasion_events.txt
fr_prepared_invasion.8,fae_fr_prepared_invasion.8,fae_fr_prepared_invasion,character_event,character_event,war,yes,no,0.000,0,2,score,,EVTOPTA62320;fr_prepared_invasion_desc.6,events/faerun_prepared_invasion_events.txt
fr_prepared_invasion.9,fae_fr_prepared_invasion.9,fae_fr_prepared_invasion,long_character_event,character_event,war,yes,no,0.227,5,22,score;from_scope;unsaved_scope,,fr_prepared_invasion_desc_opt.9a;fr_prepared_invasion_desc_opt.9b;fr_prepared_invasion_desc_opt.9c;fr_prepared_invasion_desc.9a;fr_prepared_invasion_desc.9;fr_prepared_invasion_desc.9a2;fr_prepared_invasion_desc.9b;fr_prepared_invasion_desc.9c;fr_prepared_invasion_desc.9d;fr_prepared_invasion_desc.9e;fr_prepared_invasion_desc.9f;fr_prepared_invasion_desc.9g;fr_prepared_invasion_desc.9h,events/faerun_prepared_invasion_events.txt
fr_uprising.1,fae_fr_uprising.1,fae_fr_uprising,narrative_event,character_event,war,yes,no,0.500,9,18,score,,fr_uprising_desc_opt.1a;fr_uprising_desc_title.1;fr_uprising_desc.1,events/faerun_uprising_events.txt
fr_uprising.10,fae_fr_uprising.10,fae_fr_uprising,character_event,character_event,default,yes,no,0.300,3,10,score;dead_call,fr_uprising.12,,events/faerun_uprising_events.txt
fr_uprising.12,fae_fr_uprising.12,fae_fr_uprising,character_event,character_event,war,yes,no,0.000,0,1,score,,fr_uprising_desc_opt.12a;fr_uprising_desc.12,events/faerun_uprising_events.txt
fr_uprising.13,fae_fr_uprising.13,fae_fr_uprising,narrative_event,character_event,battle,yes,yes,1.000,0,0,,,fr_uprising_desc_opt.13a;fr_uprising_desc_title.13;fr_uprising_desc.13,events/faerun_uprising_events.txt
fr_uprising.14,fae_fr_uprising.14,fae_fr_uprising,narrative_event,character_event,war,yes,yes,1.000,0,0,,,fr_uprising_desc_opt.14a;fr_uprising_desc_title.14;fr_uprising_desc.14,events/faerun_uprising_events.txt
fr_uprising.15,fae_fr_uprising.15,fae_fr_uprising,narrative_event,character_event,war,yes,yes,1.000,0,0,,,fr_uprising_desc_opt.15a;fr_uprising_desc_title.15;fr_uprising_desc.15,events/faerun_uprising_events.txt
fr_uprising.16,fae_fr_uprising.16,fae_fr_uprising,letter_event,letter_event,diplomacy,yes,no,0.000,0,2,score,,fr_uprising_desc_opt.16a;fr_uprising_desc.16,events/faerun_uprising_events.txt
fr_uprising.17,fae_fr_uprising.17,fae_fr_uprising,narrative_event,character_event,war,yes,yes,1.000,0,0,,,fr_uprising_desc_opt.17a;fr_uprising_desc_title.17;fr_uprising_desc.17,events/faerun_uprising_events.txt
fr_uprising.18,fae_fr_uprising.18,fae_fr_uprising,narrative_event,character_event,war,yes,yes,1.000,0,0,,,fr_uprising_desc_opt.18a;fr_uprising_desc_title.18;fr_uprising_desc.18,events/faerun_uprising_events.txt
fr_uprising.2,fae_fr_uprising.2,fae_fr_uprising,narrative_event,character_event,realm,yes,no,0.429,15,35,score;dead_call,fr_uprising.23;fr_uprising.15,fr_uprising_desc_opt.2a;fr_uprising_desc_title.2;fr_uprising_desc.2,events/faerun_uprising_events.txt
fr_uprising.20,fae_fr_uprising.20,fae_fr_uprising,character_event,character_event,war,yes,yes,1.000,0,0,,,fr_uprising_desc_opt.20a;fr_uprising_desc.20,events/faerun_uprising_events.txt
fr_uprising.21,fae_fr_uprising.21,fae_fr_uprising,character_event,character_event,war,yes,yes,1.000,0,0,,,fr_uprising_desc_opt.21a;fr_uprising_desc.21,events/faerun_uprising_events.txt
fr_uprising.22,fae_fr_uprising.22,fae_fr_uprising,character_event,character_event,war,yes,yes,1.000,0,0,,,fr_uprising_desc_opt.22a;fr_uprising_desc.22,events/faerun_uprising_events.txt
fr_uprising.23,fae_fr_uprising.23,fae_fr_uprising,character_event,character_event,default,yes,no,0.750,3,4,score,,,events/faerun_uprising_events.txt
fr_uprising.3,fae_fr_uprising.3,fae_fr_uprising,character_event,character_event,realm,yes,no,0.431,22,51,score;dead_call;unsaved_scope,fr_uprising.23;fr_uprising.16;fr_uprising.4;fr_uprising.17,fr_uprising_desc_opt.3a;fr_uprising_desc_opt.3b;fr_uprising_desc_title.3;fr_uprising_desc.3,events/faerun_uprising_events.txt
fr_uprising.4,fae_fr_uprising.4,fae_fr_uprising,character_event,character_event,default,yes,no,0.500,1,2,score;dead_call,fr_uprising.5;fr_uprising.6,,events/faerun_uprising_events.txt
fr_uprising.5,fae_fr_uprising.5,fae_fr_uprising,character_event,character_event,war,yes,yes,1.000,0,0,,,fr_uprising_desc_opt.5a;fr_uprising_desc_title.5;fr_uprising_desc.5,events/faerun_uprising_events.txt
fr_uprising.6,fae_fr_uprising.6,fae_fr_uprising,character_event,character_event,default,yes,no,0.448,13,29,score;dead_call,fr_uprising.23;fr_uprising.20;fr_uprising.21;fr_uprising.22;fr_uprising.7,,events/faerun_uprising_events.txt
fr_uprising.7,fae_fr_uprising.7,fae_fr_uprising,character_event,character_event,default,yes,no,0.667,2,3,score;dead_call,fr_uprising.8,,events/faerun_uprising_events.txt
fr_uprising.8,fae_fr_uprising.8,fae_fr_uprising,narrative_event,character_event,war,yes,no,0.360,9,25,score;dead_call,fr_uprising.9,fr_uprising_desc_opt.8a;fr_uprising_desc_title.8;fr_uprising_desc.8,events/faerun_uprising_events.txt
fr_uprising.9,fae_fr_uprising.9,fae_fr_uprising,narrative_event,character_event,war,yes,no,0.000,0,2,score,,fr_uprising_desc_opt.9a;fr_uprising_desc_title.9;fr_uprising_desc.9,events/faerun_uprising_events.txt
fradoption.1,fae_fradoption.1,fae_fradoption,character_event,character_event,pregnancy,yes,no,0.293,12,41,score;dead_call,fradoption.2;fradoption.3,fradoption_desc.1a;fradoption_desc.1b;fradoption_desc.1c;fradoption_desc.1,events/faerun_adoption_events .txt
fradoption.2,fae_fradoption.2,fae_fradoption,character_event,character_event,pregnancy,yes,no,0.333,3,9,score,,fradoption_desc.2a;fradoption_desc.2b;fradoption_desc.2,events/faerun_adoption_events .txt
fradoption.3,fae_fradoption.3,fae_fradoption,character_event,character_event,pregnancy,yes,no,0.429,3,7,score,,fradoption_desc.2a;fradoption_desc.2b;fradoption_desc.2,events/faerun_adoption_events .txt
frbarb.1,fae_frbarb.1,fae_frbarb,character_event,character_event,battle,yes,no,0.370,10,27,score,,EVTOPTA_HFP_11026;EVTOPTB_HFP_11026;the_battle_at_location;EVTDESC_HF_11026,events/faerun_barbarian.txt
frduel.1,fae_frduel.1,fae_frduel,character_event,character_event,travel,yes,no,0.614,27,44,score;dead_call;unsaved_scope,frduel.2;nomadtribalmaint.15;nomadtribalmaint.15,EVTOPTA_WOL_11000;EVTOPTA_HF_10095_wroth;EVTOPTA_HF_10095_craven;claim_duel_challenge_title;frduel_desc.1,events/faerun_duel_events.txt
frduel.10,fae_frduel.10,fae_frduel,character_event,character_event,diplomacy,yes,no,0.625,10,16,score,,EVTOPTA_HFP_10108_craven;EVTOPTA_HFP_10108_shy;EVTOPTA_HFP_10108_wroth;EVTOPTA_HFP_10108;getDuelTitle;EVTDESC_HFP_10108,events/faerun_duel_events.txt
frduel.2,fae_frduel.2,fae_frduel,character_event,character_event,travel,yes,no,0.519,14,27,score;from_scope;dead_call;ck2_variable;unsaved_scope,HFP.10100;HFP.10100,EVTOPTA_WOL_11001;EVTOPTA_HF_10096;challenge_accepted_title;frduel_desc.2,events/faerun_duel_events.txt
frduel.3,fae_frduel.3,fae_frduel,character_event,character_event,martial,yes,no,0.635,47,74,score;dead_call;ck2_variable;unsaved_scope,nomadtribalmaint.2;nomadtribalmaint.11;nomadtribalmaint.13;frduel.4;frduel.5,EVTOPTA_HF_10103_default;EVTOPTA_HF_10103_sad;EVTOPTA_HF_10103_mean;frduel_desc_opt.3a;getDuelTitle;EVTDESC_HF_10103_A;EVTDESC_HF_10103_B;EVTDESC_HF_10103_C;EVTDESC_HF_10103_intrigue_A_attacker;EVTDESC_HF_10103_intrigue_A_defender_spymaster;EVTDESC_HF_10103_intrigue_A_defender_self,events/faerun_duel_events.txt
frduel.4,fae_frduel.4,fae_frduel,character_event,character_event,martial,yes,no,0.544,56,103,score;from_scope;dead_call;ck2_variable;unsaved_scope,nomadtribalmaint.2;nomadtribalmaint.11;nomadtribalmaint.13;nomadtribalmaint.2;nomadtribalmaint.11;nomadtribalmaint.13,EVTOPTA_HFP_10104;EVTOPTB_HFP_10104;getDuelTitle;EVTDESC_HFP_10104_D;EVTDESC_HFP_10104_E;EVTDESC_HFP_10104_F;EVTDESC_HF_10104_intrigue_A_attacker;EVTDESC_HF_10104_intrigue_A_defender,events/faerun_duel_events.txt
frduel.5,fae_frduel.5,fae_frduel,character_event,character_event,martial,yes,no,0.544,43,79,score;from_scope;dead_call;ck2_variable;unsaved_scope,frduel.6;frduel.7;nomadtribalmaint.2;nomadtribalmaint.11;nomadtribalmaint.13;nomadtribalmaint.2;nomadtribalmaint.11;nomadtribalmaint.13;frduel.7,EVTOPTA_HF_10104;EVTOPTB_HF_10104;EVTOPTC_HF_10104;getDuelTitle;frduel_desc.5a;frduel_desc.5b;frduel_desc.5c;frduel_desc.5d,events/faerun_duel_events.txt
frduel.6,fae_frduel.6,fae_frduel,character_event,character_event,martial,yes,no,0.684,26,38,score;from_scope;dead_call;unsaved_scope,frduel.8,EVTOPTA_HF_10105;EVTOPTB_HF_10105;duel_aftermath_title;EVTDESC_HF_10105_A;EVTDESC_HF_10105_A,events/faerun_duel_events.txt
frduel.7,fae_frduel.7,fae_frduel,character_event,character_event,martial,yes,no,0.667,6,9,score;from_scope;unsaved_scope,,EVTOPTA_HF_10106;EVTOPTB_HF_10106;getDuelTitle;frduel_desc.7a;EVTDESC_HF_10106_B,events/faerun_duel_events.txt
frduel.8,fae_frduel.8,fae_frduel,character_event,character_event,martial,yes,no,0.438,7,16,score;from_scope;unsaved_scope,,EVTOPTA_HF_10107;EVTOPTB_HF_10107;duel_aftermath_title;EVTDESC_HF_10107_A,events/faerun_duel_events.txt
frduel.9,fae_frduel.9,fae_frduel,character_event,character_event,diplomacy,yes,no,0.200,1,5,score,,EVTOPTA_HFP_10107;getDuelTitle;EVTDESC_HFP_10107,events/faerun_duel_events.txt
frelections.1,fae_frelections.1,fae_frelections,character_event,character_event,default,yes,no,0.167,1,6,score,,,events/faerun_mr_elections.txt
frelections.10,fae_frelections.10,fae_frelections,character_event,character_event,default,yes,no,0.500,31,62,score;from_scope;unsaved_scope,,,events/faerun_mr_elections.txt
frelections.13,fae_frelections.13,fae_frelections,character_event,character_event,default,yes,no,0.000,0,4,score;dead_call,frelections.14;frelections.6,,events/faerun_mr_elections.txt
frelections.14,fae_frelections.14,fae_frelections,character_event,character_event,default,yes,no,0.667,6,9,score;dead_call,frelections.13;frelections.15;frelections.15,,events/faerun_mr_elections.txt
frelections.15,fae_frelections.15,fae_frelections,character_event,character_event,stewardship,yes,yes,1.000,0,0,,,OK;EVTDESC_frelections_15,events/faerun_mr_elections.txt
frelections.16,fae_frelections.16,fae_frelections,character_event,character_event,default,yes,no,0.178,8,45,score;unsaved_scope,,,events/faerun_mr_elections.txt
frelections.2,,,province_event,,,no,no,,,,province-scope root; CK3 has no province event type and a non-character root scope must be hidden or major (game/events/_events.info),,,events/faerun_mr_elections.txt
frelections.3,fae_frelections.3,fae_frelections,character_event,character_event,default,yes,no,0.286,2,7,score;dead_call,frelections.4,,events/faerun_mr_elections.txt
frelections.4,fae_frelections.4,fae_frelections,character_event,character_event,default,yes,no,0.700,7,10,score;dead_call,frelections.13;frelections.5;frelections.5,,events/faerun_mr_elections.txt
frelections.5,fae_frelections.5,fae_frelections,character_event,character_event,stewardship,yes,yes,1.000,0,0,,,OK;EVTDESC_frelections_5,events/faerun_mr_elections.txt
frelections.6,fae_frelections.6,fae_frelections,character_event,character_event,default,yes,no,0.569,29,51,score;dead_call;unsaved_scope,frelections.7;frelections.7;frelections.16,,events/faerun_mr_elections.txt
frelections.7,fae_frelections.7,fae_frelections,character_event,character_event,stewardship,yes,yes,1.000,0,0,,,INTERESTING;EVTDESC_frelections_7,events/faerun_mr_elections.txt
frelections.9,fae_frelections.9,fae_frelections,character_event,character_event,default,yes,no,0.306,19,62,score,,,events/faerun_mr_elections.txt
frimmortal.1,fae_frimmortal.1,fae_frimmortal,character_event,character_event,diplomacy,yes,no,0.567,17,30,score,,FRIMMORTAL.1.Oa;FRIMMORTAL.1.Ob;FRIMMORTAL.1.D,events/faerun_immortals.txt
frimmortal.2,fae_frimmortal.2,fae_frimmortal,character_event,character_event,disaster,yes,yes,1.000,0,0,,,FRIMMORTAL.2.Oa;FRIMMORTAL.2.D,events/faerun_immortals.txt
frimmortal.3,fae_frimmortal.3,fae_frimmortal,character_event,character_event,war,yes,no,0.467,28,60,score;dead_call;unsaved_scope,frimmortal.4;HFP.10100,FRIMMORTAL.3.Oa;FRIMMORTAL.3.Da;FRIMMORTAL.3.Db,events/faerun_immortals.txt
frimmortal.4,fae_frimmortal.4,fae_frimmortal,character_event,character_event,default,yes,no,0.500,1,2,score,,,events/faerun_immortals.txt
frimmortal.5,fae_frimmortal.5,fae_frimmortal,character_event,character_event,diplomacy,yes,no,0.556,5,9,score,,UNFORTUNATE;EVTDESC_FRIMMORTAL.5,events/faerun_immortals.txt
frmaint.1,fae_frmaint.1,fae_frmaint,character_event,character_event,default,yes,no,0.314,22,70,score;dead_call,absent.1,,events/faerun_various_maintenance.txt
frmaint.10,fae_frmaint.10,fae_frmaint,character_event,character_event,default,yes,no,0.000,0,2,score,,,events/faerun_various_maintenance.txt
frmaint.11,fae_frmaint.11,fae_frmaint,character_event,character_event,default,yes,no,0.400,2,5,score;from_scope;unsaved_scope,,,events/faerun_various_maintenance.txt
frmaint.12,fae_frmaint.12,fae_frmaint,character_event,character_event,default,yes,no,0.238,5,21,score,,,events/faerun_various_maintenance.txt
frmaint.13,fae_frmaint.13,fae_frmaint,character_event,character_event,default,yes,no,0.087,2,23,score;from_scope;unsaved_scope,,,events/faerun_various_maintenance.txt
frmaint.14,fae_frmaint.14,fae_frmaint,character_event,character_event,default,yes,no,0.350,7,20,score;from_scope;unsaved_scope,,,events/faerun_various_maintenance.txt
frmaint.15,fae_frmaint.15,fae_frmaint,character_event,character_event,default,yes,no,0.714,5,7,score,,,events/faerun_various_maintenance.txt
frmaint.2,fae_frmaint.2,fae_frmaint,character_event,character_event,default,yes,no,0.538,93,173,score;dead_call,rollofyears.2;frmaint.30,,events/faerun_various_maintenance.txt
frmaint.20,fae_frmaint.20,fae_frmaint,character_event,character_event,default,yes,yes,1.000,2,2,,,,events/faerun_various_maintenance.txt
frmaint.24,fae_frmaint.24,fae_frmaint,character_event,character_event,default,yes,no,0.055,3,55,score,,,events/faerun_various_maintenance.txt
frmaint.26,fae_frmaint.26,fae_frmaint,character_event,character_event,default,yes,no,0.125,1,8,score,,,events/faerun_various_maintenance.txt
frmaint.28,fae_frmaint.28,fae_frmaint,character_event,character_event,default,yes,no,0.333,1,3,score,,,events/faerun_various_maintenance.txt
frmaint.3,fae_frmaint.3,fae_frmaint,character_event,character_event,default,yes,no,0.400,4,10,score,,,events/faerun_various_maintenance.txt
frmaint.30,,,province_event,,,no,no,,,,province-scope root; CK3 has no province event type and a non-character root scope must be hidden or major (game/events/_events.info),,,events/faerun_various_maintenance.txt
frmaint.34,fae_frmaint.34,fae_frmaint,character_event,character_event,default,yes,no,0.800,8,10,score;from_scope;unsaved_scope,frmaint.35,,events/faerun_various_maintenance.txt
frmaint.35,fae_frmaint.35,fae_frmaint,character_event,character_event,default,yes,yes,1.000,4,4,,,,events/faerun_various_maintenance.txt
frmaint.36,fae_frmaint.36,fae_frmaint,character_event,character_event,default,yes,no,0.600,3,5,score;dead_call,womenstatusmaint.1;frmaint.37,,events/faerun_various_maintenance.txt
frmaint.37,fae_frmaint.37,fae_frmaint,character_event,character_event,default,yes,no,0.667,4,6,score,,,events/faerun_various_maintenance.txt
frmaint.38,fae_frmaint.38,fae_frmaint,character_event,character_event,default,yes,no,0.889,8,9,score,frmaint.35;frmaint.35;frmaint.35,,events/faerun_various_maintenance.txt
frmaint.39,fae_frmaint.39,fae_frmaint,character_event,character_event,default,yes,no,0.200,1,5,score;dead_call,frmaint.37,,events/faerun_various_maintenance.txt
frmaint.4,fae_frmaint.4,fae_frmaint,character_event,character_event,default,yes,no,0.300,3,10,score,,,events/faerun_various_maintenance.txt
frmaint.40,fae_frmaint.40,fae_frmaint,character_event,character_event,default,yes,no,0.500,2,4,score,,,events/faerun_various_maintenance.txt
frmaint.41,fae_frmaint.41,fae_frmaint,character_event,character_event,default,yes,no,0.143,1,7,score;from_scope;unsaved_scope,,,events/faerun_various_maintenance.txt
frmaint.43,fae_frmaint.43,fae_frmaint,character_event,character_event,default,yes,yes,1.000,2,2,,,,events/faerun_various_maintenance.txt
frmaint.45,fae_frmaint.45,fae_frmaint,character_event,character_event,default,yes,no,0.091,1,11,score,,,events/faerun_various_maintenance.txt
frmaint.46,fae_frmaint.46,fae_frmaint,character_event,character_event,realm,yes,no,0.200,4,20,score,,EVTOPTA_FRMAINT_46;EVTOPTB_FRMAINT_46;EVTDESC_FRMAINT_46,events/faerun_various_maintenance.txt
frmaint.47,fae_frmaint.47,fae_frmaint,character_event,character_event,default,yes,no,0.333,4,12,score,,,events/faerun_various_maintenance.txt
frmaint.48,fae_frmaint.48,fae_frmaint,character_event,character_event,default,yes,no,0.013,1,77,score,,,events/faerun_various_maintenance.txt
frmaint.49,fae_frmaint.49,fae_frmaint,character_event,character_event,default,yes,no,0.167,1,6,score,,,events/faerun_various_maintenance.txt
frmaint.5,fae_frmaint.5,fae_frmaint,character_event,character_event,default,yes,no,0.250,1,4,score,,,events/faerun_various_maintenance.txt
frmaint.51,fae_frmaint.51,fae_frmaint,character_event,character_event,default,yes,no,0.000,0,1,score,,,events/faerun_various_maintenance.txt
frmaint.52,fae_frmaint.52,fae_frmaint,character_event,character_event,travel,yes,no,0.000,0,2,score,,OK;FRMAINT.52,events/faerun_various_maintenance.txt
frmaint.53,fae_frmaint.53,fae_frmaint,character_event,character_event,default,yes,no,0.000,0,2,score,,,events/faerun_various_maintenance.txt
frmaint.54,fae_frmaint.54,fae_frmaint,character_event,character_event,faith,yes,yes,1.000,0,0,,,OK;EVTDESC_FRMAIN_54,events/faerun_various_maintenance.txt
frmaint.55,fae_frmaint.55,fae_frmaint,character_event,character_event,default,yes,no,0.800,8,10,score;from_scope;dead_call;unsaved_scope,frmaint.56;frmaint.56,,events/faerun_various_maintenance.txt
frmaint.56,fae_frmaint.56,fae_frmaint,character_event,character_event,default,yes,no,0.000,0,41,score;from_scope;unsaved_scope,,,events/faerun_various_maintenance.txt
frmaint.57,fae_frmaint.57,fae_frmaint,character_event,character_event,default,yes,no,0.235,4,17,score,,,events/faerun_various_maintenance.txt
frmaint.6,fae_frmaint.6,fae_frmaint,character_event,character_event,default,yes,no,0.769,10,13,score,,,events/faerun_various_maintenance.txt
frmaint.63,fae_frmaint.63,fae_frmaint,character_event,character_event,default,yes,yes,1.000,1,1,,,OK,events/faerun_various_maintenance.txt
frmaint.64,fae_frmaint.64,fae_frmaint,character_event,character_event,default,yes,no,0.214,3,14,score;from_scope;dead_call;unsaved_scope,frmaint.71,,events/faerun_various_maintenance.txt
frmaint.65,fae_frmaint.65,fae_frmaint,character_event,character_event,battle,yes,yes,1.000,0,0,,,OK;FRMAINT.65.D,events/faerun_various_maintenance.txt
frmaint.66,fae_frmaint.66,fae_frmaint,character_event,character_event,battle,yes,yes,1.000,0,0,,,OK;FRMAINT.66.D,events/faerun_various_maintenance.txt
frmaint.67,fae_frmaint.67,fae_frmaint,character_event,character_event,battle,yes,yes,1.000,0,0,,,OK;FRMAINT.67.D,events/faerun_various_maintenance.txt
frmaint.68,fae_frmaint.68,fae_frmaint,character_event,character_event,battle,yes,yes,1.000,0,0,,,OK;FRMAINT.68.D,events/faerun_various_maintenance.txt
frmaint.69,fae_frmaint.69,fae_frmaint,character_event,character_event,battle,yes,yes,1.000,0,0,,,OK;FRMAINT.69.D,events/faerun_various_maintenance.txt
frmaint.7,fae_frmaint.7,fae_frmaint,character_event,character_event,default,yes,no,0.000,0,1,score,,,events/faerun_various_maintenance.txt
frmaint.70,fae_frmaint.70,fae_frmaint,character_event,character_event,default,yes,no,0.000,0,2,score,,OK,events/faerun_various_maintenance.txt
frmaint.71,,,province_event,,,no,no,,,,province-scope root; CK3 has no province event type and a non-character root scope must be hidden or major (game/events/_events.info),,,events/faerun_various_maintenance.txt
frmaint.72,fae_frmaint.72,fae_frmaint,character_event,character_event,default,yes,no,0.143,1,7,score,,,events/faerun_various_maintenance.txt
frmaint.73,,,province_event,,,no,no,,,,province-scope root; CK3 has no province event type and a non-character root scope must be hidden or major (game/events/_events.info),,,events/faerun_various_maintenance.txt
frmaint.8,fae_frmaint.8,fae_frmaint,character_event,character_event,default,yes,no,0.000,0,1,score,,,events/faerun_various_maintenance.txt
frmaint.9,fae_frmaint.9,fae_frmaint,character_event,character_event,default,yes,no,0.500,1,2,score;from_scope;unsaved_scope,,,events/faerun_various_maintenance.txt
frmeltpot.1,fae_frmeltpot.1,fae_frmeltpot,character_event,character_event,diplomacy,yes,no,0.368,14,38,score,,FRMELTPOT.1a;FRMELTPOT.1b;FRMELTPOT.1,events/faerun_melting_pots.txt
frmeltpot.2,fae_frmeltpot.2,fae_frmeltpot,character_event,character_event,default,yes,no,0.286,4,14,score,,,events/faerun_melting_pots.txt
frmeltpot.3,,,province_event,,,no,no,,,,province-scope root; CK3 has no province event type and a non-character root scope must be hidden or major (game/events/_events.info),,,events/faerun_melting_pots.txt
froldrealms.1,fae_froldrealms.1,fae_froldrealms,character_event,character_event,diplomacy,yes,no,0.429,3,7,score,froldrealms.2,FROLDREALMS.1a;FROLDREALMS.1b;FROLDREALMS.1,events/faerun_realm_revivals.txt
froldrealms.2,fae_froldrealms.2,fae_froldrealms,character_event,character_event,diplomacy,yes,yes,1.000,0,0,,,FROLDREALMS.2a;FROLDREALMS.2,events/faerun_realm_revivals.txt
froldrealms.3,fae_froldrealms.3,fae_froldrealms,character_event,character_event,default,yes,no,0.750,3,4,score,froldrealms.4,FROLDREALMS.1a;FROLDREALMS.3,events/faerun_realm_revivals.txt
froldrealms.4,fae_froldrealms.4,fae_froldrealms,character_event,character_event,default,yes,yes,1.000,0,0,,,FROLDREALMS.2a;FROLDREALMS.4,events/faerun_realm_revivals.txt
frplots.1,fae_frplots.1,fae_frplots,character_event,character_event,intrigue,yes,no,0.250,2,8,score,,FRPLOTS.1.Oa;FRPLOTS.1.Ob;FRPLOTS.1.D,events/faerun_plot_events.txt
frplots.2,fae_frplots.2,fae_frplots,character_event,character_event,intrigue,yes,no,0.000,0,1,score,,FRPLOTS.2.O;FRPLOTS.2.D,events/faerun_plot_events.txt
frplots.3,fae_frplots.3,fae_frplots,character_event,character_event,intrigue,yes,yes,1.000,1,1,,,FRPLOTS.3.O;FRPLOTS.3.D,events/faerun_plot_events.txt
frplots.4,fae_frplots.4,fae_frplots,character_event,character_event,intrigue,yes,yes,1.000,0,0,,,FRPLOTS.4.O;FRPLOTS.4.D,events/faerun_plot_events.txt
frplots.5,fae_frplots.5,fae_frplots,character_event,character_event,intrigue,yes,yes,1.000,0,0,,,FRPLOTS.5.O;FRPLOTS.5.D,events/faerun_plot_events.txt
frplots.6,fae_frplots.6,fae_frplots,character_event,character_event,intrigue,yes,no,0.000,0,1,score;from_scope;unsaved_scope,,FRPLOTS.6.O;FRPLOTS.6.D,events/faerun_plot_events.txt
frprov.1,,,province_event,,,no,no,,,,province-scope root; CK3 has no province event type and a non-character root scope must be hidden or major (game/events/_events.info),,,events/faerun_province_events.txt
frprov.2,fae_frprov.2,fae_frprov,character_event,character_event,war,yes,no,0.429,3,7,score,,FRPROV.2.O;FRPROV.2.D,events/faerun_province_events.txt
frprov.3,,,province_event,,,no,no,,,,province-scope root; CK3 has no province event type and a non-character root scope must be hidden or major (game/events/_events.info),,,events/faerun_province_events.txt
frprov.4,,,province_event,,,no,no,,,,province-scope root; CK3 has no province event type and a non-character root scope must be hidden or major (game/events/_events.info),,,events/faerun_province_events.txt
frprov.5,fae_frprov.5,fae_frprov,character_event,character_event,default,yes,no,0.000,0,6,score,,FRPROV.5.O1;FRPROV.5.O2;FRPROV.5.D,events/faerun_province_events.txt
frprov.6,fae_frprov.6,fae_frprov,character_event,character_event,recovery,yes,no,0.000,0,3,score,,FRPROV.6.O;FRPROV.6.D,events/faerun_province_events.txt
frprov.7,,,province_event,,,no,no,,,,province-scope root; CK3 has no province event type and a non-character root scope must be hidden or major (game/events/_events.info),,,events/faerun_province_events.txt
frprov.8,fae_frprov.8,fae_frprov,character_event,character_event,default,yes,no,0.833,5,6,score,,FRPROV.8.O;FRPROV.8.D,events/faerun_province_events.txt
frprov.9,fae_frprov.9,fae_frprov,character_event,character_event,default,yes,no,0.333,2,6,score,,FRPOV.9.Oa;FRPOV.9.Ob;FRPOV.9.D,events/faerun_province_events.txt
frstory.0,fae_frstory.0,fae_frstory,character_event,character_event,default,yes,no,0.833,5,6,score,,bhaalspawn0A;bhaalspawn0desc,events/faerun_story_events.txt
frstory.1,fae_frstory.1,fae_frstory,character_event,character_event,diplomacy,yes,no,0.714,5,7,score,,CURSES;bhaalspawn1desc,events/faerun_story_events.txt
frstory.10,fae_frstory.10,fae_frstory,narrative_event,character_event,default,yes,no,0.000,0,2,score,,INTERESTING;EVTNAME_FRSTORY.10;EVTDESC_FRSTORY.10,events/faerun_story_events.txt
frstory.100,fae_frstory.100,fae_frstory,character_event,character_event,default,yes,no,0.350,7,20,score,,OK,events/faerun_story_events.txt
frstory.101,fae_frstory.101,fae_frstory,narrative_event,character_event,default,yes,yes,1.000,0,0,,,FRSTORY.101.O;FRSTORY.101.T;FSTORY.101.D,events/faerun_story_events.txt
frstory.11,,,province_event,,,no,no,,,,province-scope root; CK3 has no province event type and a non-character root scope must be hidden or major (game/events/_events.info),,,events/faerun_story_events.txt
frstory.12,fae_frstory.12,fae_frstory,character_event,character_event,default,yes,no,0.625,5,8,score;dead_call,frstory.13,,events/faerun_story_events.txt
frstory.13,fae_frstory.13,fae_frstory,character_event,character_event,default,yes,no,0.130,3,23,score;dead_call,frstory.25,,events/faerun_story_events.txt
frstory.15,fae_frstory.15,fae_frstory,character_event,character_event,default,yes,no,0.786,11,14,score;from_scope;unsaved_scope,,,events/faerun_story_events.txt
frstory.16,fae_frstory.16,fae_frstory,character_event,character_event,mental_health,yes,no,0.250,1,4,score,,EVTOPTA_KINGOFSHADOWS_16;KINGOFSHADOWS_16,events/faerun_story_events.txt
frstory.2,fae_frstory.2,fae_frstory,character_event,character_event,default,yes,no,0.667,12,18,score;dead_call,frstory.3,EVTOPTA_BHAALSPAWN2;EVTOPTB_BHAALSPAWN2;bhaalspawn2desc,events/faerun_story_events.txt
frstory.21,,,province_event,,,no,no,,,,province-scope root; CK3 has no province event type and a non-character root scope must be hidden or major (game/events/_events.info),,,events/faerun_story_events.txt
frstory.22,fae_frstory.22,fae_frstory,character_event,character_event,default,yes,no,0.600,3,5,score;dead_call,frstory.23,,events/faerun_story_events.txt
frstory.23,fae_frstory.23,fae_frstory,character_event,character_event,default,yes,no,0.150,3,20,score;dead_call,frstory.25,,events/faerun_story_events.txt
frstory.25,fae_frstory.25,fae_frstory,character_event,character_event,default,yes,no,0.400,2,5,score,,,events/faerun_story_events.txt
frstory.3,fae_frstory.3,fae_frstory,narrative_event,character_event,default,yes,no,0.800,4,5,score;from_scope;unsaved_scope,,EVTOPTA_BHAALSPAWN3;EVTOPTB_BHAALSPAWN3;EVTNAMEBHAALSPAWN3;bhaalspawn3desc,events/faerun_story_events.txt
frstory.31,,,province_event,,,no,no,,,,province-scope root; CK3 has no province event type and a non-character root scope must be hidden or major (game/events/_events.info),,,events/faerun_story_events.txt
frstory.32,fae_frstory.32,fae_frstory,character_event,character_event,default,yes,no,0.500,2,4,score;dead_call,frstory.33,,events/faerun_story_events.txt
frstory.33,fae_frstory.33,fae_frstory,character_event,character_event,default,yes,no,0.071,3,42,score,,,events/faerun_story_events.txt
frstory.35,fae_frstory.35,fae_frstory,character_event,character_event,default,yes,no,0.686,48,70,score;from_scope;unsaved_scope,,,events/faerun_story_events.txt
frstory.4,fae_frstory.4,fae_frstory,narrative_event,character_event,default,yes,yes,1.000,11,11,,,EVTOPTA_BHAALSPAWN4;EVTOPTB_BHAALSPAWN4;EVTNAMEBHAALSPAWN4;bhaalspawn4descpowerful;bhaalspawn4descweak,events/faerun_story_events.txt
frstory.41,,,province_event,,,no,no,,,,province-scope root; CK3 has no province event type and a non-character root scope must be hidden or major (game/events/_events.info),,,events/faerun_story_events.txt
frstory.42,fae_frstory.42,fae_frstory,character_event,character_event,default,yes,no,0.667,4,6,score;dead_call,frstory.43,,events/faerun_story_events.txt
frstory.43,fae_frstory.43,fae_frstory,character_event,character_event,default,yes,no,0.150,3,20,score;dead_call,frstory.45,,events/faerun_story_events.txt
frstory.45,fae_frstory.45,fae_frstory,character_event,character_event,default,yes,no,0.714,5,7,score,,,events/faerun_story_events.txt
frstory.5,fae_frstory.5,fae_frstory,character_event,character_event,default,yes,no,0.286,2,7,score,frstory.4,,events/faerun_story_events.txt
frstory.51,,,province_event,,,no,no,,,,province-scope root; CK3 has no province event type and a non-character root scope must be hidden or major (game/events/_events.info),,,events/faerun_story_events.txt
frstory.52,fae_frstory.52,fae_frstory,character_event,character_event,default,yes,no,0.714,5,7,score;dead_call,frstory.53,,events/faerun_story_events.txt
frstory.53,fae_frstory.53,fae_frstory,character_event,character_event,default,yes,no,0.158,3,19,score,,,events/faerun_story_events.txt
frstory.55,fae_frstory.55,fae_frstory,character_event,character_event,default,yes,no,0.600,6,10,score;from_scope;unsaved_scope,,,events/faerun_story_events.txt
frstory.56,,,province_event,,,no,no,,,,province-scope root; CK3 has no province event type and a non-character root scope must be hidden or major (game/events/_events.info),,,events/faerun_story_events.txt
frstory.57,fae_frstory.57,fae_frstory,character_event,character_event,default,yes,no,0.500,2,4,score;dead_call,frstory.58,,events/faerun_story_events.txt
frstory.58,fae_frstory.58,fae_frstory,character_event,character_event,default,yes,no,0.158,3,19,score,,,events/faerun_story_events.txt
frstory.59,fae_frstory.59,fae_frstory,narrative_event,character_event,default,yes,no,0.467,7,15,score;from_scope;unsaved_scope,,FEYRISTORY.1.a;FEYRISTORYT.1;FEYRISTORY.1,events/faerun_story_events.txt
frstory.6,fae_frstory.6,fae_frstory,character_event,character_event,default,yes,no,0.667,2,3,score,,,events/faerun_story_events.txt
frstory.60,fae_frstory.60,fae_frstory,narrative_event,character_event,default,yes,yes,1.000,0,0,,,FEYRISTORY.2.a;FEYRISTORYT.1;FEYRISTORY.2,events/faerun_story_events.txt
frstory.61,fae_frstory.61,fae_frstory,character_event,character_event,default,yes,no,0.000,0,1,score,,,events/faerun_story_events.txt
frstory.62,fae_frstory.62,fae_frstory,narrative_event,character_event,default,yes,no,0.400,8,20,score;dead_call,frstory.63;frstory.66,MOANDERSTORYO.2;MOANDERSTORYT.1;MOANDERSTORYD.2,events/faerun_story_events.txt
frstory.63,,,province_event,,,no,no,,,,province-scope root; CK3 has no province event type and a non-character root scope must be hidden or major (game/events/_events.info),,,events/faerun_story_events.txt
frstory.64,,,province_event,,,no,no,,,,province-scope root; CK3 has no province event type and a non-character root scope must be hidden or major (game/events/_events.info),,,events/faerun_story_events.txt
frstory.65,,,province_event,,,no,no,,,,province-scope root; CK3 has no province event type and a non-character root scope must be hidden or major (game/events/_events.info),,,events/faerun_story_events.txt
frstory.66,fae_frstory.66,fae_frstory,narrative_event,character_event,default,yes,no,0.000,0,2,score,,MOANDERSTORYO.5a;MOANDERSTORYO.5b;MOANDERSTORYT.1;MOANDERSTORYD.5,events/faerun_story_events.txt
frstory.67,fae_frstory.67,fae_frstory,narrative_event,character_event,default,yes,no,0.000,0,2,score,,MOANDERSTORYO.6a;MOANDERSTORYO.6b;MOANDERSTORYT.1;MOANDERSTORYD.6,events/faerun_story_events.txt
frstory.68,fae_frstory.68,fae_frstory,narrative_event,character_event,default,yes,no,0.000,0,2,score,,MOANDERSTORYO.7a;MOANDERSTORYO.7b;MOANDERSTORYT.1;MOANDERSTORYD.7,events/faerun_story_events.txt
frstory.69,fae_frstory.69,fae_frstory,narrative_event,character_event,default,yes,no,0.000,0,3,score,,MOANDERSTORYO.8a;MOANDERSTORYO.8b;MOANDERSTORYO.8c;MOANDERSTORYT.1;MOANDERSTORYD.8,events/faerun_story_events.txt
frstory.70,,,province_event,,,no,no,,,,province-scope root; CK3 has no province event type and a non-character root scope must be hidden or major (game/events/_events.info),,,events/faerun_story_events.txt
frstory.71,fae_frstory.71,fae_frstory,character_event,character_event,battle,yes,yes,1.000,0,0,,,MAALTHIIRO.1;MAALTHIIRD.1,events/faerun_story_events.txt
frstory.72,,,province_event,,,no,no,,,,province-scope root; CK3 has no province event type and a non-character root scope must be hidden or major (game/events/_events.info),,,events/faerun_story_events.txt
frstory.73,fae_frstory.73,fae_frstory,character_event,character_event,default,yes,no,0.333,1,3,score;dead_call,frstory.74,,events/faerun_story_events.txt
frstory.74,fae_frstory.74,fae_frstory,character_event,character_event,default,yes,no,0.158,3,19,score,,,events/faerun_story_events.txt
frstory.75,fae_frstory.75,fae_frstory,character_event,character_event,default,yes,no,0.933,14,15,score;from_scope;dead_call;unsaved_scope,frstory.76,,events/faerun_story_events.txt
frstory.76,fae_frstory.76,fae_frstory,character_event,character_event,war,yes,no,0.185,5,27,score,,EVTOPTA_BELHIFET_1;EVTOPTB_MEPHISTO_1;BELHIFET.1,events/faerun_story_events.txt
frstory.77,fae_frstory.77,fae_frstory,character_event,character_event,mental_health,yes,no,0.333,2,6,score,,EVTOPTA_BELHIFET_2;BELHIFET_2,events/faerun_story_events.txt
frstory.78,,,province_event,,,no,no,,,,province-scope root; CK3 has no province event type and a non-character root scope must be hidden or major (game/events/_events.info),,,events/faerun_story_events.txt
frstory.79,fae_frstory.79,fae_frstory,character_event,character_event,war,yes,yes,1.000,0,0,,,OBOULD.1a;OBOULD.1,events/faerun_story_events.txt
frstory.8,fae_frstory.8,fae_frstory,narrative_event,character_event,default,yes,no,0.241,7,29,score,,EVTOPTA_BANERETURN1;EVTOPTB_BANERETURN1;EVTOPTC_BANERETURN1;BANERETURNTITLE.1;BaneReturn.1,events/faerun_story_events.txt
frstory.80,fae_frstory.80,fae_frstory,character_event,character_event,default,yes,no,0.500,6,12,score;from_scope;unsaved_scope,frstory.81,,events/faerun_story_events.txt
frstory.81,fae_frstory.81,fae_frstory,character_event,character_event,default,yes,yes,1.000,0,0,,,OBOULD.2a;OBOULD.2,events/faerun_story_events.txt
frstory.82,fae_frstory.82,fae_frstory,character_event,character_event,war,yes,no,0.091,1,11,score,,OBOULD.3a;OBOULD.3,events/faerun_story_events.txt
frstory.83,fae_frstory.83,fae_frstory,character_event,character_event,war,yes,no,0.333,5,15,score,,OBOULD.4a;OBOULD.4,events/faerun_story_events.txt
frstory.84,fae_frstory.84,fae_frstory,narrative_event,character_event,war,yes,no,0.000,0,1,score,,OBOULD.5a;OBOULD.5t;OBOULD.5,events/faerun_story_events.txt
frstory.85,fae_frstory.85,fae_frstory,narrative_event,character_event,default,yes,no,0.400,6,15,score;dead_call,frstory.86,VELSHAROON.1a;VELSHAROON.1b;VELSHAROON.1t;VELSHAROON.1,events/faerun_story_events.txt
frstory.86,fae_frstory.86,fae_frstory,narrative_event,character_event,default,yes,no,0.100,1,10,score,,VELSHAROON.2a;VELSHAROON.2b;VELSHAROON.2c;VELSHAROON.1t;VELSHAROON.2,events/faerun_story_events.txt
frstory.87,fae_frstory.87,fae_frstory,character_event,character_event,diplomacy,yes,no,0.600,6,10,score,,DESTROY_THE_THRONE;lotusthrone1desc,events/faerun_story_events.txt
frstory.88,fae_frstory.88,fae_frstory,narrative_event,character_event,stewardship,yes,yes,1.000,0,0,,,rhymanthiino.1;rhymanthiint.1;rhymanthiind.1,events/faerun_story_events.txt
frstory.89,fae_frstory.89,fae_frstory,narrative_event,character_event,stewardship,yes,no,0.000,0,1,score,,rhymanthiino.2a;rhymanthiino.2b;rhymanthiint.1;rhymanthiind.2,events/faerun_story_events.txt
frstory.9,fae_frstory.9,fae_frstory,character_event,character_event,default,yes,no,0.529,9,17,score;unsaved_scope,,,events/faerun_story_events.txt
frstory.90,fae_frstory.90,fae_frstory,narrative_event,character_event,stewardship,yes,yes,1.000,0,0,,,rhymanthiino.3;rhymanthiint.1;rhymanthiind.3,events/faerun_story_events.txt
frstory.91,fae_frstory.91,fae_frstory,character_event,character_event,mental_health,yes,yes,1.000,0,0,,,FRSTORY.91.Oa;FRSTORY.91.D,events/faerun_story_events.txt
frstory.92,fae_frstory.92,fae_frstory,character_event,character_event,mental_health,yes,no,0.000,0,2,score,,FRSTORY.92.Oa;FRSTORY.92.Ob;FRSTORY.92.D,events/faerun_story_events.txt
frstory.93,fae_frstory.93,fae_frstory,character_event,character_event,learning,yes,no,0.571,4,7,score,,FRSTORY.93.Oa;FRSTORY.93.Ob;FRSTORY.93.D,events/faerun_story_events.txt
frstory.94,fae_frstory.94,fae_frstory,character_event,character_event,learning,yes,no,0.250,1,4,score,,FRSTORY.94.Oa;FRSTORY.94.Ob;FRSTORY.94.D,events/faerun_story_events.txt
frstory.95,fae_frstory.95,fae_frstory,long_character_event,character_event,default,yes,no,0.000,0,5,score,,FRSTORY.95.O;FRSTORY.95.Da;FRSTORY.95.Db,events/faerun_story_events.txt
frstory.96,fae_frstory.96,fae_frstory,long_character_event,character_event,default,yes,no,0.000,0,1,score,,FRSTORY.96.O;FRSTORY.96.D,events/faerun_story_events.txt
frstory.97,,,province_event,,,no,no,,,,province-scope root; CK3 has no province event type and a non-character root scope must be hidden or major (game/events/_events.info),,,events/faerun_story_events.txt
frstory.98,fae_frstory.98,fae_frstory,narrative_event,character_event,default,yes,no,0.000,0,5,score,,FRSTORY.98.Oa;FRSTORY.98.Ob;FRSTORY.98.T;FRSTORY.98.Da;FRSTORY.98.Db,events/faerun_story_events.txt
frstory.99,,,province_event,,,no,no,,,,province-scope root; CK3 has no province event type and a non-character root scope must be hidden or major (game/events/_events.info),,,events/faerun_story_events.txt
frtut.16,fae_frtut.16,fae_frtut,long_character_event,character_event,war,yes,no,0.667,4,6,score,,OK;FRTUT.15,events/faerun_misc_tutorial_events.txt
frvamp.1,fae_frvamp.1,fae_frvamp,character_event,character_event,witchcraft,yes,no,0.308,4,13,score,,FRVAMP.1a;FRWEREBEAST.2f;FRVAMP.1,events/faerun_vampires.txt
frvamp.10,fae_frvamp.10,fae_frvamp,character_event,character_event,witchcraft,yes,no,0.250,2,8,score;dead_call;unsaved_scope,frvamp.11;frvamp.12,FRWEREBEAST.15e;FRWEREBEAST.15f;FRVAMP.10,events/faerun_vampires.txt
frvamp.11,fae_frvamp.11,fae_frvamp,character_event,character_event,witchcraft,yes,no,0.000,0,2,score,,FRWEREBEAST.16a;FRVAMP.11,events/faerun_vampires.txt
frvamp.12,fae_frvamp.12,fae_frvamp,character_event,character_event,witchcraft,yes,no,0.000,0,2,score,,FRWEREBEAST.18a;FRVAMP.12,events/faerun_vampires.txt
frvamp.13,fae_frvamp.13,fae_frvamp,character_event,character_event,witchcraft,yes,no,0.200,2,10,score;dead_call;unsaved_scope,frvamp.11;frvamp.12,FRWEREBEAST.15e;FRWEREBEAST.15f;FRVAMP.13,events/faerun_vampires.txt
frvamp.14,fae_frvamp.14,fae_frvamp,character_event,character_event,witchcraft,yes,no,0.333,1,3,score;dead_call;unsaved_scope,frvamp.15,FRWEREBEAST.23e;FRVAMP.14,events/faerun_vampires.txt
frvamp.15,fae_frvamp.15,fae_frvamp,character_event,character_event,witchcraft,yes,no,0.667,6,9,score,,FRWEREBEAST.24a;FRWEREBEAST.24b;FRWEREBEAST.24c;FRVAMP.15,events/faerun_vampires.txt
frvamp.16,fae_frvamp.16,fae_frvamp,character_event,character_event,witchcraft,yes,no,0.565,13,23,score;dead_call;unsaved_scope,frvamp.17;frvamp.18;frvamp.19,FRWEREBEAST.8e;FRWEREBEAST.8f;FRWEREBEAST.8f;FRVAMP.16,events/faerun_vampires.txt
frvamp.17,fae_frvamp.17,fae_frvamp,character_event,character_event,witchcraft,yes,yes,1.000,0,0,,,FRWEREBEAST.9e;FRVAMP.17,events/faerun_vampires.txt
frvamp.18,fae_frvamp.18,fae_frvamp,character_event,character_event,witchcraft,yes,yes,1.000,0,0,,,FRWEREBEAST.10a;FRVAMP.18,events/faerun_vampires.txt
frvamp.19,fae_frvamp.19,fae_frvamp,character_event,character_event,witchcraft,yes,no,0.000,0,1,score,,FRWEREBEAST.11a;FRVAMP.19,events/faerun_vampires.txt
frvamp.2,fae_frvamp.2,fae_frvamp,character_event,character_event,witchcraft,yes,no,0.083,1,12,score,,FRWEREBEAST.3a;FRWEREBEAST.3c;FRWEREBEAST.3d;FRVAMP.2,events/faerun_vampires.txt
frvamp.20,fae_frvamp.20,fae_frvamp,character_event,character_event,witchcraft,yes,no,0.556,5,9,score,,FRWEREBEAST.12a;FRVAMP.20,events/faerun_vampires.txt
frvamp.21,fae_frvamp.21,fae_frvamp,character_event,character_event,witchcraft,yes,yes,1.000,0,0,,,FRWEREBEAST.13a;FRVAMP.21,events/faerun_vampires.txt
frvamp.22,fae_frvamp.22,fae_frvamp,character_event,character_event,witchcraft,yes,no,0.583,7,12,score,,FRVAMP.22a;FRVAMP.22,events/faerun_vampires.txt
frvamp.23,fae_frvamp.23,fae_frvamp,character_event,character_event,witchcraft,yes,yes,1.000,0,0,,,FRVAMP.23a;FRVAMP.23,events/faerun_vampires.txt
frvamp.24,fae_frvamp.24,fae_frvamp,character_event,character_event,witchcraft,yes,no,0.333,3,9,score;unsaved_scope,frvamp.25,FRVAMP.24a;FRVAMP.24,events/faerun_vampires.txt
frvamp.25,fae_frvamp.25,fae_frvamp,character_event,character_event,witchcraft,yes,yes,1.000,0,0,,,FRVAMP.25;FRVAMP.25,events/faerun_vampires.txt
frvamp.26,fae_frvamp.26,fae_frvamp,character_event,character_event,witchcraft,yes,no,0.500,7,14,score,,FRVAMP.22a;FRVAMP.26,events/faerun_vampires.txt
frvamp.27,fae_frvamp.27,fae_frvamp,character_event,character_event,witchcraft,yes,yes,1.000,0,0,,,FRVAMP.23;FRVAMP.27,events/faerun_vampires.txt
frvamp.28,fae_frvamp.28,fae_frvamp,character_event,character_event,witchcraft,yes,yes,1.000,4,4,,,FRVAMP.28a;FRVAMP.28,events/faerun_vampires.txt
frvamp.29,fae_frvamp.29,fae_frvamp,character_event,character_event,witchcraft,yes,yes,1.000,5,5,,,FRVAMP.29a;FRVAMP.29,events/faerun_vampires.txt
frvamp.3,fae_frvamp.3,fae_frvamp,character_event,character_event,witchcraft,yes,no,0.538,7,13,score,,FRVAMP.3a;FRVAMP.3,events/faerun_vampires.txt
frvamp.30,fae_frvamp.30,fae_frvamp,character_event,character_event,witchcraft,yes,yes,1.000,4,4,,,FRVAMP.30a;FRVAMP.30,events/faerun_vampires.txt
frvamp.31,fae_frvamp.31,fae_frvamp,character_event,character_event,witchcraft,yes,yes,1.000,5,5,,,FRVAMP.31a;FRVAMP.31,events/faerun_vampires.txt
frvamp.32,fae_frvamp.32,fae_frvamp,character_event,character_event,witchcraft,yes,yes,1.000,4,4,,,FRVAMP.32a;FRVAMP.32,events/faerun_vampires.txt
frvamp.33,fae_frvamp.33,fae_frvamp,character_event,character_event,witchcraft,yes,no,0.600,3,5,score,,FRVAMP.33a;FRVAMP.33,events/faerun_vampires.txt
frvamp.34,fae_frvamp.34,fae_frvamp,character_event,character_event,witchcraft,yes,yes,1.000,4,4,,,FRVAMP.34a;FRVAMP.34,events/faerun_vampires.txt
frvamp.35,fae_frvamp.35,fae_frvamp,character_event,character_event,witchcraft,yes,yes,1.000,5,5,,,FRVAMP.35a;FRVAMP.35,events/faerun_vampires.txt
frvamp.36,fae_frvamp.36,fae_frvamp,character_event,character_event,witchcraft,yes,yes,1.000,4,4,,,FRVAMP.36a;FRVAMP.36,events/faerun_vampires.txt
frvamp.37,fae_frvamp.37,fae_frvamp,character_event,character_event,witchcraft,yes,yes,1.000,5,5,,,FRVAMP.37a;FRVAMP.37,events/faerun_vampires.txt
frvamp.38,fae_frvamp.38,fae_frvamp,character_event,character_event,witchcraft,yes,yes,1.000,5,5,,,FRVAMP.38a;FRVAMP.38,events/faerun_vampires.txt
frvamp.39,fae_frvamp.39,fae_frvamp,character_event,character_event,witchcraft,yes,yes,1.000,4,4,,,FRVAMP.39a;FRVAMP.39,events/faerun_vampires.txt
frvamp.4,fae_frvamp.4,fae_frvamp,character_event,character_event,witchcraft,yes,no,0.857,6,7,score;dead_call,rlg_chg.1,FRVAMP.4a;FRVAMP.4b;FRVAMP.4,events/faerun_vampires.txt
frvamp.40,fae_frvamp.40,fae_frvamp,character_event,character_event,witchcraft,yes,yes,1.000,5,5,,,FRVAMP.40a;FRVAMP.40,events/faerun_vampires.txt
frvamp.41,fae_frvamp.41,fae_frvamp,character_event,character_event,witchcraft,yes,yes,1.000,4,4,,,FRVAMP.41a;FRVAMP.41,events/faerun_vampires.txt
frvamp.42,fae_frvamp.42,fae_frvamp,character_event,character_event,witchcraft,yes,yes,1.000,5,5,,,FRVAMP.42a;FRVAMP.42,events/faerun_vampires.txt
frvamp.43,fae_frvamp.43,fae_frvamp,character_event,character_event,witchcraft,yes,yes,1.000,4,4,,,FRVAMP.43a;FRVAMP.43,events/faerun_vampires.txt
frvamp.44,fae_frvamp.44,fae_frvamp,narrative_event,character_event,witchcraft,yes,no,0.000,0,4,score,,FRVAMP.44a;FRVAMP.44b;SECRET_IDENTITY.title;FRVAMP.44,events/faerun_vampires.txt
frvamp.5,fae_frvamp.5,fae_frvamp,character_event,character_event,default,yes,no,0.711,27,38,score;dead_call;unsaved_scope,frvamp.6;frvamp.10;frvamp.13;frvamp.14,,events/faerun_vampires.txt
frvamp.6,fae_frvamp.6,fae_frvamp,character_event,character_event,witchcraft,yes,no,0.250,2,8,score;dead_call;unsaved_scope,frvamp.7;frvamp.9,FRWEREBEAST.15e;FRWEREBEAST.15f;FRVAMP.6,events/faerun_vampires.txt
frvamp.7,fae_frvamp.7,fae_frvamp,character_event,character_event,witchcraft,yes,no,0.000,0,2,score,,FRWEREBEAST.16a;FRVAMP.7,events/faerun_vampires.txt
frvamp.8,fae_frvamp.8,fae_frvamp,character_event,character_event,witchcraft,yes,no,0.000,0,13,score,,FRWEREBEAST.17i;FRWEREBEAST.17j;FRVAMP.8a;FRVAMP.8b,events/faerun_vampires.txt
frvamp.9,fae_frvamp.9,fae_frvamp,character_event,character_event,witchcraft,yes,no,0.000,0,2,score,,FRWEREBEAST.18a;FRVAMP.9,events/faerun_vampires.txt
frwerebeast.1,fae_frwerebeast.1,fae_frwerebeast,character_event,character_event,default,yes,no,0.957,44,46,score;dead_call,frwerebeast.2,,events/faerun_werebeast_events.txt
frwerebeast.10,fae_frwerebeast.10,fae_frwerebeast,character_event,character_event,witchcraft,yes,yes,1.000,0,0,,,FRWEREBEAST.10a;FRWEREBEAST.10,events/faerun_werebeast_events.txt
frwerebeast.11,fae_frwerebeast.11,fae_frwerebeast,character_event,character_event,witchcraft,yes,no,0.000,0,1,score,,FRWEREBEAST.11a;FRWEREBEAST.11,events/faerun_werebeast_events.txt
frwerebeast.12,fae_frwerebeast.12,fae_frwerebeast,character_event,character_event,witchcraft,yes,no,0.400,2,5,score;unsaved_scope,,FRWEREBEAST.12a;FRWEREBEAST.12,events/faerun_werebeast_events.txt
frwerebeast.13,fae_frwerebeast.13,fae_frwerebeast,character_event,character_event,witchcraft,yes,yes,1.000,0,0,,,FRWEREBEAST.13a;FRWEREBEAST.13,events/faerun_werebeast_events.txt
frwerebeast.14,fae_frwerebeast.14,fae_frwerebeast,character_event,character_event,default,yes,no,0.700,28,40,score;dead_call;unsaved_scope,frwerebeast.15;frwerebeast.19;frwerebeast.22;frwerebeast.23,,events/faerun_werebeast_events.txt
frwerebeast.15,fae_frwerebeast.15,fae_frwerebeast,character_event,character_event,witchcraft,yes,no,0.667,10,15,score;dead_call;unsaved_scope,frwerebeast.16;frwerebeast.18,FRWEREBEAST.15e;FRWEREBEAST.15f;FRWEREBEAST.15a;FRWEREBEAST.15b;FRWEREBEAST.15c;FRWEREBEAST.15d,events/faerun_werebeast_events.txt
frwerebeast.16,fae_frwerebeast.16,fae_frwerebeast,character_event,character_event,witchcraft,yes,no,0.000,0,2,score,,FRWEREBEAST.16a;FRWEREBEAST.16,events/faerun_werebeast_events.txt
frwerebeast.17,fae_frwerebeast.17,fae_frwerebeast,character_event,character_event,witchcraft,yes,no,0.320,8,25,score,,FRWEREBEAST.17i;FRWEREBEAST.17j;FRWEREBEAST.17a;FRWEREBEAST.17b,events/faerun_werebeast_events.txt
frwerebeast.18,fae_frwerebeast.18,fae_frwerebeast,character_event,character_event,witchcraft,yes,no,0.000,0,2,score,,FRWEREBEAST.18a;FRWEREBEAST.18,events/faerun_werebeast_events.txt
frwerebeast.19,fae_frwerebeast.19,fae_frwerebeast,character_event,character_event,witchcraft,yes,no,0.667,10,15,score;dead_call;unsaved_scope,frwerebeast.20;frwerebeast.21,FRWEREBEAST.15e;FRWEREBEAST.15f;FRWEREBEAST.19a;FRWEREBEAST.19b;FRWEREBEAST.19c;FRWEREBEAST.19d,events/faerun_werebeast_events.txt
frwerebeast.2,fae_frwerebeast.2,fae_frwerebeast,character_event,character_event,witchcraft,yes,no,0.750,21,28,score,,FRWEREBEAST.2e;FRWEREBEAST.2f;FRWEREBEAST.2a;FRWEREBEAST.2b;FRWEREBEAST.2c;FRWEREBEAST.2d,events/faerun_werebeast_events.txt
frwerebeast.20,fae_frwerebeast.20,fae_frwerebeast,character_event,character_event,witchcraft,yes,no,0.000,0,2,score,,FRWEREBEAST.16a;FRWEREBEAST.20,events/faerun_werebeast_events.txt
frwerebeast.21,fae_frwerebeast.21,fae_frwerebeast,character_event,character_event,witchcraft,yes,no,0.000,0,2,score,,FRWEREBEAST.18a;FRWEREBEAST.21,events/faerun_werebeast_events.txt
frwerebeast.22,fae_frwerebeast.22,fae_frwerebeast,character_event,character_event,witchcraft,yes,no,0.588,10,17,score;dead_call;unsaved_scope,frwerebeast.20;frwerebeast.21,FRWEREBEAST.15e;FRWEREBEAST.15f;FRWEREBEAST.22a;FRWEREBEAST.22b;FRWEREBEAST.22c;FRWEREBEAST.22d,events/faerun_werebeast_events.txt
frwerebeast.23,fae_frwerebeast.23,fae_frwerebeast,character_event,character_event,witchcraft,yes,no,0.818,9,11,score;dead_call;unsaved_scope,frwerebeast.24,FRWEREBEAST.23e;FRWEREBEAST.23a;FRWEREBEAST.23b;FRWEREBEAST.23c;FRWEREBEAST.23d,events/faerun_werebeast_events.txt
frwerebeast.24,fae_frwerebeast.24,fae_frwerebeast,character_event,character_event,witchcraft,yes,no,0.667,6,9,score,,FRWEREBEAST.24a;FRWEREBEAST.24b;FRWEREBEAST.24c;FRWEREBEAST.24,events/faerun_werebeast_events.txt
frwerebeast.25,fae_frwerebeast.25,fae_frwerebeast,narrative_event,character_event,witchcraft,yes,no,0.000,0,2,score,,FRWEREBEAST.25a;SECRET_IDENTITY.title;FRWEREBEAST.25,events/faerun_werebeast_events.txt
frwerebeast.3,fae_frwerebeast.3,fae_frwerebeast,character_event,character_event,witchcraft,yes,no,0.556,20,36,score,,FRWEREBEAST.3a;FRWEREBEAST.3b;FRWEREBEAST.3c;FRWEREBEAST.3d;FRWEREBEAST.3,events/faerun_werebeast_events.txt
frwerebeast.4,fae_frwerebeast.4,fae_frwerebeast,character_event,character_event,witchcraft,yes,no,0.773,34,44,score,,FRWEREBEAST.4e;FRWEREBEAST.4f;FRWEREBEAST.4a;FRWEREBEAST.4b;FRWEREBEAST.4c;FRWEREBEAST.4d,events/faerun_werebeast_events.txt
frwerebeast.5,fae_frwerebeast.5,fae_frwerebeast,character_event,character_event,witchcraft,yes,no,0.086,3,35,score,,FRWEREBEAST.5a;FRWEREBEAST.5b;FRWEREBEAST.5c;FRWEREBEAST.5d;FRWEREBEAST.5,events/faerun_werebeast_events.txt
frwerebeast.6,fae_frwerebeast.6,fae_frwerebeast,character_event,character_event,witchcraft,yes,no,0.400,10,25,score,,FRWEREBEAST.3a;FRWEREBEAST.3b;FRWEREBEAST.3c;FRWEREBEAST.3d;FRWEREBEAST.6,events/faerun_werebeast_events.txt
frwerebeast.7,fae_frwerebeast.7,fae_frwerebeast,character_event,character_event,witchcraft,yes,no,0.727,24,33,score,,FRWEREBEAST.4e;FRWEREBEAST.4f;FRWEREBEAST.7a;FRWEREBEAST.7b;FRWEREBEAST.7c;FRWEREBEAST.7d,events/faerun_werebeast_events.txt
frwerebeast.8,fae_frwerebeast.8,fae_frwerebeast,character_event,character_event,witchcraft,yes,no,0.727,16,22,score;dead_call;unsaved_scope,frwerebeast.9;frwerebeast.10;frwerebeast.11,FRWEREBEAST.8e;FRWEREBEAST.8f;FRWEREBEAST.8f;FRWEREBEAST.8a;FRWEREBEAST.8b;FRWEREBEAST.8c;FRWEREBEAST.8d,events/faerun_werebeast_events.txt
frwerebeast.9,fae_frwerebeast.9,fae_frwerebeast,character_event,character_event,witchcraft,yes,yes,1.000,4,4,,,FRWEREBEAST.9e;FRWEREBEAST.9a;FRWEREBEAST.9b;FRWEREBEAST.9c;FRWEREBEAST.9d,events/faerun_werebeast_events.txt
frxp.1,fae_frxp.1,fae_frxp,character_event,character_event,default,yes,no,0.190,34,179,score;dead_call,sorcinit.1,,events/faerun_new_xp_system.txt
frxp.2,fae_frxp.2,fae_frxp,character_event,character_event,default,yes,no,0.129,29,224,score;dead_call,frxp.3,,events/faerun_new_xp_system.txt
frxp.3,fae_frxp.3,fae_frxp,character_event,character_event,battle,yes,no,0.009,1,115,score,,TBXP.3.OPT;TBXP.3.DESC,events/faerun_new_xp_system.txt
frxp.4,fae_frxp.4,fae_frxp,character_event,character_event,default,yes,no,0.500,1,2,score,,,events/faerun_new_xp_system.txt
frxp.5,fae_frxp.5,fae_frxp,character_event,character_event,default,yes,no,0.500,1,2,score,,,events/faerun_new_xp_system.txt
frxp.6,fae_frxp.6,fae_frxp,character_event,character_event,default,yes,no,0.500,1,2,score,,,events/faerun_new_xp_system.txt
frxp.7,fae_frxp.7,fae_frxp,character_event,character_event,default,yes,no,0.500,1,2,score,,,events/faerun_new_xp_system.txt
frzakh.1,fae_frzakh.1,fae_frzakh,character_event,character_event,default,yes,no,0.727,8,11,score;dead_call,frzakh.8,EVTOPTA_FRZAKH_1;EVTOPTB_FRZAKH_1;EVTDESC_FRZAKH_1,events/faerun_zakharan_events.txt
frzakh.10,fae_frzakh.10,fae_frzakh,narrative_event,character_event,default,yes,no,0.500,4,8,score;unsaved_scope,,EVTOPTA_FRZAKH_10;frzakh_10.title;EVTDESC_FRZAKH_10,events/faerun_zakharan_events.txt
frzakh.11,fae_frzakh.11,fae_frzakh,narrative_event,character_event,default,yes,no,0.500,4,8,score;unsaved_scope,,EVTOPTA_FRZAKH_11;frzakh_11.title;EVTDESC_FRZAKH_11,events/faerun_zakharan_events.txt
frzakh.2,fae_frzakh.2,fae_frzakh,character_event,character_event,default,yes,yes,1.000,0,0,,,EVTOPTA_FRZAKH_2;EVTDESC_FRZAKH_2,events/faerun_zakharan_events.txt
frzakh.3,fae_frzakh.3,fae_frzakh,character_event,character_event,default,yes,no,0.344,22,64,score;dead_call;unsaved_scope,frzakh.4;frzakh.5;frzakh.6;frzakh.7,,events/faerun_zakharan_events.txt
frzakh.4,fae_frzakh.4,fae_frzakh,character_event,character_event,diplomacy,yes,no,0.545,6,11,score;dead_call,frzakh.9,EVTOPTA_FRZAKH_4;EVTOPTA_FRZAKH_4;EVTOPTB_FRZAKH_4;EVTOPTC_FRZAKH_4;EVTDESC_FRZAKH_4,events/faerun_zakharan_events.txt
frzakh.5,fae_frzakh.5,fae_frzakh,character_event,character_event,faith,yes,no,0.000,0,1,score,,EVTOPTA_FRZAKH_5;EVTDESC_FRZAKH_5,events/faerun_zakharan_events.txt
frzakh.6,fae_frzakh.6,fae_frzakh,character_event,character_event,default,yes,no,0.571,4,7,score;dead_call;unsaved_scope,frzakh.10,EVTOPTA_FRZAKH_6;EVTDESC_FRZAKH_6,events/faerun_zakharan_events.txt
frzakh.7,fae_frzakh.7,fae_frzakh,character_event,character_event,mental_health,yes,no,0.000,0,1,score,,EVTOPTA_FRZAKH_7;EVTDESC_FRZAKH_7,events/faerun_zakharan_events.txt
frzakh.8,fae_frzakh.8,fae_frzakh,narrative_event,character_event,faith,yes,no,0.571,4,7,score;unsaved_scope,,EVTOPTA_FRZAKH_8;frzakh_8.title;EVTDESC_FRZAKH_8,events/faerun_zakharan_events.txt
frzakh.9,fae_frzakh.9,fae_frzakh,narrative_event,character_event,faith,yes,no,0.571,4,7,score;unsaved_scope,,EVTOPTA_FRZAKH_9;frzakh_9.title;EVTDESC_FRZAKH_9,events/faerun_zakharan_events.txt
generalmisc.1,fae_generalmisc.1,fae_generalmisc,character_event,character_event,default,yes,no,0.400,2,5,score,,,events/faerun_general_misc_events.txt
generalmisc.10,fae_generalmisc.10,fae_generalmisc,character_event,character_event,faith,yes,no,0.000,0,3,score;dead_call,generalmisc.9,GENMISC.10a;GENMISC.10b;GENMISC.10c;TB_OPT_BACK;GENMISC.9,events/faerun_general_misc_events.txt
generalmisc.11,fae_generalmisc.11,fae_generalmisc,character_event,character_event,default,yes,no,0.250,1,4,score;dead_call,generalmisc.12,,events/faerun_general_misc_events.txt
generalmisc.12,fae_generalmisc.12,fae_generalmisc,character_event,character_event,default,yes,no,0.500,3,6,score,,GENMISC.12a;GENMISC.12,events/faerun_general_misc_events.txt
generalmisc.13,fae_generalmisc.13,fae_generalmisc,character_event,character_event,default,yes,no,0.333,1,3,score;from_scope;unsaved_scope,,GENMISC.13c;GENMISC.13a;GENMISC.13b,events/faerun_general_misc_events.txt
generalmisc.14,fae_generalmisc.14,fae_generalmisc,character_event,character_event,default,yes,no,0.143,2,14,score,,,events/faerun_general_misc_events.txt
generalmisc.15,fae_generalmisc.15,fae_generalmisc,character_event,character_event,default,yes,no,0.750,3,4,score,,GENMISC.15a;GENMISC.15,events/faerun_general_misc_events.txt
generalmisc.16,fae_generalmisc.16,fae_generalmisc,character_event,character_event,default,yes,yes,1.000,1,1,,,GENMISC.16a;GENMISC.16,events/faerun_general_misc_events.txt
generalmisc.17,fae_generalmisc.17,fae_generalmisc,character_event,character_event,battle,yes,no,0.000,0,2,score,,OK;GENMISC.17,events/faerun_general_misc_events.txt
generalmisc.18,fae_generalmisc.18,fae_generalmisc,character_event,character_event,default,yes,no,0.000,0,8,score;from_scope;unsaved_scope,,,events/faerun_general_misc_events.txt
generalmisc.19,fae_generalmisc.19,fae_generalmisc,character_event,character_event,default,yes,no,0.316,6,19,score;unsaved_scope,,GENMISC.19a;GENMISC.19b;GENMISC.19,events/faerun_general_misc_events.txt
generalmisc.20,fae_generalmisc.20,fae_generalmisc,character_event,character_event,default,yes,no,0.200,1,5,score,,GENMISC.20a;GENMISC.20,events/faerun_general_misc_events.txt
generalmisc.24,fae_generalmisc.24,fae_generalmisc,character_event,character_event,default,yes,no,0.299,20,67,score,,,events/faerun_general_misc_events.txt
generalmisc.25,fae_generalmisc.25,fae_generalmisc,character_event,character_event,default,yes,no,0.071,1,14,score;from_scope;unsaved_scope,,,events/faerun_general_misc_events.txt
generalmisc.26,fae_generalmisc.26,fae_generalmisc,character_event,character_event,war,yes,yes,1.000,0,0,,,GENMISC.26a;GENMISC.26,events/faerun_general_misc_events.txt
generalmisc.27,fae_generalmisc.27,fae_generalmisc,character_event,character_event,default,yes,no,0.000,0,2,score;from_scope;unsaved_scope,,GENMISC.27a;GENMISC.27_CASE1;GENMISC.27_CASE2,events/faerun_general_misc_events.txt
generalmisc.28,fae_generalmisc.28,fae_generalmisc,character_event,character_event,faith,yes,no,0.500,3,6,score,,TRIAD.1a;GENMISC.28,events/faerun_general_misc_events.txt
generalmisc.29,fae_generalmisc.29,fae_generalmisc,character_event,character_event,unfriendly,yes,no,0.000,0,1,score,,GENMISC.29a;GENMISC.29,events/faerun_general_misc_events.txt
generalmisc.30,fae_generalmisc.30,fae_generalmisc,character_event,character_event,faith,yes,no,0.222,2,9,score,,TRIAD.1a;GENMISC.30,events/faerun_general_misc_events.txt
generalmisc.31,fae_generalmisc.31,fae_generalmisc,character_event,character_event,faith,yes,no,0.250,1,4,score,,GENMISC.31a;GENMISC.31b;GENMISC.31c;GENMISC.31,events/faerun_general_misc_events.txt
generalmisc.32,fae_generalmisc.32,fae_generalmisc,character_event,character_event,default,yes,no,0.143,1,7,score,,,events/faerun_general_misc_events.txt
generalmisc.33,fae_generalmisc.33,fae_generalmisc,character_event,character_event,default,yes,no,0.200,1,5,score,,,events/faerun_general_misc_events.txt
generalmisc.34,fae_generalmisc.34,fae_generalmisc,character_event,character_event,faith,yes,no,0.000,0,4,score,,GENMISC.34a;GENMISC.34b;GENMISC.34c;GENMISC.34d;GENMISC.34,events/faerun_general_misc_events.txt
generalmisc.35,fae_generalmisc.35,fae_generalmisc,character_event,character_event,default,yes,no,0.000,0,5,score,,,events/faerun_general_misc_events.txt
generalmisc.36,fae_generalmisc.36,fae_generalmisc,narrative_event,character_event,travel,yes,no,0.000,0,4,score,,GENMISC.36a;GENMISC.36b;GENMISC.36t;GENMISC.36,events/faerun_general_misc_events.txt
generalmisc.37,fae_generalmisc.37,fae_generalmisc,character_event,character_event,faith,yes,yes,1.000,1,1,,,GENMISC.37a;GENMISC.37,events/faerun_general_misc_events.txt
generalmisc.38,fae_generalmisc.38,fae_generalmisc,character_event,character_event,faith,yes,no,0.600,6,10,score,,GENMISC.38a;GENMISC.38,events/faerun_general_misc_events.txt
generalmisc.39,fae_generalmisc.39,fae_generalmisc,character_event,character_event,faith,yes,no,0.600,6,10,score,,GENMISC.39a;GENMISC.39,events/faerun_general_misc_events.txt
generalmisc.4,fae_generalmisc.4,fae_generalmisc,character_event,character_event,default,yes,no,0.900,18,20,score,,,events/faerun_general_misc_events.txt
generalmisc.40,fae_generalmisc.40,fae_generalmisc,character_event,character_event,faith,yes,no,0.600,6,10,score,,GENMISC.40a;GENMISC.40,events/faerun_general_misc_events.txt
generalmisc.41,fae_generalmisc.41,fae_generalmisc,character_event,character_event,faith,yes,no,0.333,4,12,score,,GENMISC.41a;GENMISC.41b;GENMISC.41c;GENMISC.41d;GENMISC.41,events/faerun_general_misc_events.txt
generalmisc.42,fae_generalmisc.42,fae_generalmisc,character_event,character_event,travel,yes,no,0.333,1,3,score,,GENMISC.42a;GENMISC.42,events/faerun_general_misc_events.txt
generalmisc.43,fae_generalmisc.43,fae_generalmisc,character_event,character_event,travel,yes,no,0.333,1,3,score,,GENMISC.43a;GENMISC.43,events/faerun_general_misc_events.txt
generalmisc.44,fae_generalmisc.44,fae_generalmisc,character_event,character_event,travel,yes,no,0.333,2,6,score,,GENMISC.44a;GENMISC.44b;GENMISC.44,events/faerun_general_misc_events.txt
generalmisc.45,fae_generalmisc.45,fae_generalmisc,character_event,character_event,travel,yes,no,0.333,2,6,score,,GENMISC.44a;GENMISC.44b;GENMISC.45,events/faerun_general_misc_events.txt
generalmisc.46,fae_generalmisc.46,fae_generalmisc,character_event,character_event,travel,yes,no,0.333,1,3,score,,GENMISC.46a;GENMISC.46,events/faerun_general_misc_events.txt
generalmisc.47,fae_generalmisc.47,fae_generalmisc,character_event,character_event,default,yes,no,0.333,2,6,score;dead_call,generalmisc.48;generalmisc.49,,events/faerun_general_misc_events.txt
generalmisc.48,fae_generalmisc.48,fae_generalmisc,character_event,character_event,travel,yes,no,0.000,0,2,score,,GENMISC.48a;GENMISC.48,events/faerun_general_misc_events.txt
generalmisc.49,fae_generalmisc.49,fae_generalmisc,character_event,character_event,travel,yes,no,0.000,0,2,score,,GENMISC.49a;GENMISC.49,events/faerun_general_misc_events.txt
generalmisc.5,fae_generalmisc.5,fae_generalmisc,character_event,character_event,faith,yes,no,0.000,0,13,score;dead_call,generalmisc.6,GENMISC.5a;GENMISC.5b;GENMISC.5c;TB_OPT_MORE;GENMISC.5c;GENMISC.5c;GENMISC.5c;GENMISC.5,events/faerun_general_misc_events.txt
generalmisc.50,fae_generalmisc.50,fae_generalmisc,character_event,character_event,default,yes,no,0.500,3,6,score,,GENMISC.8c;GENMISC.50b;GENMISC.50,events/faerun_general_misc_events.txt
generalmisc.51,fae_generalmisc.51,fae_generalmisc,character_event,character_event,default,yes,no,0.200,1,5,score,,GENMISC.51a;GENMISC.51,events/faerun_general_misc_events.txt
generalmisc.52,fae_generalmisc.52,fae_generalmisc,character_event,character_event,diplomacy,yes,yes,1.000,0,0,,,EXCELLENT;EVTDESC_GENMISC.52,events/faerun_general_misc_events.txt
generalmisc.53,fae_generalmisc.53,fae_generalmisc,character_event,character_event,stewardship,yes,no,0.600,3,5,score,,GENMISC.53a;EVTDESC_GENMISC.53,events/faerun_general_misc_events.txt
generalmisc.54,fae_generalmisc.54,fae_generalmisc,character_event,character_event,faith,yes,no,0.000,0,9,score;dead_call,generalmisc.55,GENMISC.54.Oa;GENMISC.54.Ob;GENMISC.54.D,events/faerun_general_misc_events.txt
generalmisc.55,fae_generalmisc.55,fae_generalmisc,character_event,character_event,mental_health,yes,no,0.667,4,6,score,,GENMISC.55.O;GENMISC.55.D,events/faerun_general_misc_events.txt
generalmisc.6,fae_generalmisc.6,fae_generalmisc,character_event,character_event,faith,yes,no,0.000,0,7,score;dead_call,generalmisc.5,GENMISC.6a;GENMISC.6b;GENMISC.6c;TB_OPT_BACK;GENMISC.5,events/faerun_general_misc_events.txt
generalmisc.7,fae_generalmisc.7,fae_generalmisc,character_event,character_event,travel,yes,no,0.500,6,12,score;dead_call,generalmisc.8,GENMISC.7a;GENMISC.7b;GENMISC.7c;TB_OPT_MORE;GENMISC.7c;GENMISC.7c;GENMISC.7c;GENMISC.7,events/faerun_general_misc_events.txt
generalmisc.8,fae_generalmisc.8,fae_generalmisc,character_event,character_event,travel,yes,no,0.600,3,5,score;dead_call,generalmisc.7,GENMISC.8a;GENMISC.8b;GENMISC.8c;TB_OPT_BACK;GENMISC.7,events/faerun_general_misc_events.txt
generalmisc.9,fae_generalmisc.9,fae_generalmisc,character_event,character_event,faith,yes,no,0.000,0,4,score;dead_call,generalmisc.10,GENMISC.9a;GENMISC.9b;GENMISC.9c;TB_OPT_MORE;GENMISC.9,events/faerun_general_misc_events.txt
intelligence.0,fae_intelligence.0,fae_intelligence,character_event,character_event,education,yes,no,0.337,224,664,score,,EVTOPTAintelligence_inheritance.0;EVTDESCintelligence_inheritance.0,events/intelligence_inheritance_event.txt
localleaders.1,fae_localleaders.1,fae_localleaders,character_event,character_event,default,yes,no,0.350,7,20,score;mtth;dead_call,localleaders.2,,events/faerun_job_meet_local_leaders_events.txt
localleaders.2,fae_localleaders.2,fae_localleaders,character_event,character_event,default,yes,no,0.273,18,66,score,localleaders.3;localleaders.3;localleaders.3;localleaders.3;localleaders.4,,events/faerun_job_meet_local_leaders_events.txt
localleaders.3,fae_localleaders.3,fae_localleaders,letter_event,letter_event,default,yes,yes,1.000,0,0,,,EXCELLENT;localleaders.3.d,events/faerun_job_meet_local_leaders_events.txt
localleaders.4,fae_localleaders.4,fae_localleaders,letter_event,letter_event,default,yes,yes,1.000,0,0,,,EXCELLENT;localleaders.4.d,events/faerun_job_meet_local_leaders_events.txt
localleaders.5,fae_localleaders.5,fae_localleaders,character_event,character_event,stewardship,yes,no,0.323,10,31,score;mtth,,CURSES;CURSES;localleaders.5.t;localleaders.5.d,events/faerun_job_meet_local_leaders_events.txt
localleaders.6,fae_localleaders.6,fae_localleaders,character_event,character_event,stewardship,yes,no,0.667,4,6,score;unsaved_scope,,CURSES;localleaders.6.t;localleaders.6.d,events/faerun_job_meet_local_leaders_events.txt
localleaders.7,fae_localleaders.7,fae_localleaders,character_event,character_event,stewardship,yes,yes,1.000,3,3,,,CURSES;localleaders.7.t;localleaders.7.d,events/faerun_job_meet_local_leaders_events.txt
minorpurg.1,fae_minorpurg.1,fae_minorpurg,character_event,character_event,default,yes,no,0.917,44,48,score,,,events/faerun_minority_purge.txt
minorpurg.2,fae_minorpurg.2,fae_minorpurg,character_event,character_event,default,yes,no,0.312,10,32,score;unsaved_scope,,EVTOPTA_MINORPURG_2;EVTDESC_MINORPURG_2,events/faerun_minority_purge.txt
minorpurg.3,fae_minorpurg.3,fae_minorpurg,character_event,character_event,default,yes,no,0.417,5,12,score;dead_call;unsaved_scope,HL.102;HL.110,,events/faerun_minority_purge.txt
monster.1,fae_monster.1,fae_monster,character_event,character_event,default,yes,no,0.500,4,8,score,,,events/faerun_monster_events.txt
monster.2,fae_monster.2,fae_monster,character_event,character_event,default,yes,no,0.000,0,1,score,,,events/faerun_monster_events.txt
monster.4,fae_monster.4,fae_monster,character_event,character_event,default,yes,no,0.481,25,52,score,,,events/faerun_monster_events.txt
monster.5,fae_monster.5,fae_monster,character_event,character_event,default,yes,yes,1.000,1,1,,,,events/faerun_monster_events.txt
monster.6,fae_monster.6,fae_monster,character_event,character_event,war,yes,yes,1.000,0,0,,,OK;monster5desc,events/faerun_monster_events.txt
morndin.1,fae_morndin.1,fae_morndin,character_event,character_event,default,yes,no,0.000,0,3,score,,morndin_1_a;morndin_1_b;morndin_1_c;morndin_1_desc,events/faerun_mordinsamman_events.txt
nomadtribalmaint.1,fae_nomadtribalmaint.1,fae_nomadtribalmaint,character_event,character_event,default,yes,no,0.714,5,7,score;from_scope;unsaved_scope,,,events/faerun_nomadic_tribal_maintenance.txt
nomadtribalmaint.11,fae_nomadtribalmaint.11,fae_nomadtribalmaint,character_event,character_event,default,yes,no,0.667,2,3,score,,,events/faerun_nomadic_tribal_maintenance.txt
nomadtribalmaint.12,fae_nomadtribalmaint.12,fae_nomadtribalmaint,character_event,character_event,default,yes,no,0.800,4,5,score;from_scope;unsaved_scope,,,events/faerun_nomadic_tribal_maintenance.txt
nomadtribalmaint.13,fae_nomadtribalmaint.13,fae_nomadtribalmaint,character_event,character_event,default,yes,no,0.667,2,3,score,,,events/faerun_nomadic_tribal_maintenance.txt
nomadtribalmaint.14,fae_nomadtribalmaint.14,fae_nomadtribalmaint,character_event,character_event,default,yes,yes,1.000,1,1,,,,events/faerun_nomadic_tribal_maintenance.txt
nomadtribalmaint.15,fae_nomadtribalmaint.15,fae_nomadtribalmaint,character_event,character_event,default,yes,no,1.000,1,1,ck2_variable,,,events/faerun_nomadic_tribal_maintenance.txt
nomadtribalmaint.2,fae_nomadtribalmaint.2,fae_nomadtribalmaint,character_event,character_event,default,yes,no,0.667,2,3,score,,,events/faerun_nomadic_tribal_maintenance.txt
nomadtribalmaint.3,fae_nomadtribalmaint.3,fae_nomadtribalmaint,character_event,character_event,default,yes,no,0.333,2,6,score;from_scope;unsaved_scope,,,events/faerun_nomadic_tribal_maintenance.txt
nomadtribalmaint.4,fae_nomadtribalmaint.4,fae_nomadtribalmaint,character_event,character_event,default,yes,no,0.429,3,7,score;from_scope;dead_call;unsaved_scope,nomadtribalmaint.2;nomadtribalmaint.13,,events/faerun_nomadic_tribal_maintenance.txt
nomadtribalmaint.5,fae_nomadtribalmaint.5,fae_nomadtribalmaint,character_event,character_event,default,yes,no,0.667,2,3,score,,,events/faerun_nomadic_tribal_maintenance.txt
nomadtribalmaint.6,fae_nomadtribalmaint.6,fae_nomadtribalmaint,character_event,character_event,default,yes,no,0.400,2,5,score;from_scope;unsaved_scope,,,events/faerun_nomadic_tribal_maintenance.txt
nomadtribalmaint.7,fae_nomadtribalmaint.7,fae_nomadtribalmaint,character_event,character_event,default,yes,no,0.400,2,5,score;dead_call,nomadtribalmaint.5,,events/faerun_nomadic_tribal_maintenance.txt
nomadtribalmaint.8,fae_nomadtribalmaint.8,fae_nomadtribalmaint,narrative_event,character_event,diplomacy,yes,yes,1.000,0,0,,,OK;nomadtribalmaintNAME.8;nomadtribalmaintdesc.8,events/faerun_nomadic_tribal_maintenance.txt
nomadtribalmaint.9,fae_nomadtribalmaint.9,fae_nomadtribalmaint,character_event,character_event,war,yes,no,0.364,4,11,score;from_scope;dead_call;unsaved_scope,nomadtribalmaint.2;nomadtribalmaint.13;nomadtribalmaint.11,EVT_OPTA_JD_60212;nomadtribalmaintdesc.9b;nomadtribalmaintdesc.9,events/faerun_nomadic_tribal_maintenance.txt
polyam.1,fae_polyam.1,fae_polyam,character_event,character_event,default,yes,no,0.714,15,21,score;ck2_variable;unsaved_scope,,,events/faerun_polyamory_events.txt
polyam.10,fae_polyam.10,fae_polyam,character_event,character_event,unfriendly,yes,no,0.400,2,5,score,,EVTOPTA_POLYAM_10;EVTOPTB_POLYAM_10;EVTDESC_POLYAM_10,events/faerun_polyamory_events.txt
polyam.100,fae_polyam.100,fae_polyam,character_event,character_event,default,yes,no,0.559,19,34,score;from_scope;dead_call;unsaved_scope,polyam.101;polyam.102,EVTOPTA_POLYAM_100;EVTOPTB_POLYAM_100;EVTDESC_POLYAM_100_CASE_1;EVTDESC_POLYAM_100_CASE_2,events/faerun_polyamory_events.txt
polyam.101,fae_polyam.101,fae_polyam,character_event,character_event,default,yes,no,0.368,7,19,score;unsaved_scope,,EVTOPTA_POLYAM_101;EVTOPTB_POLYAM_101;EVTDESC_POLYAM_101,events/faerun_polyamory_events.txt
polyam.102,fae_polyam.102,fae_polyam,character_event,character_event,default,yes,no,0.500,2,4,score;unsaved_scope,,EXCELLENT;EVTDESC_POLYAM_102,events/faerun_polyamory_events.txt
polyam.11,fae_polyam.11,fae_polyam,character_event,character_event,intrigue,yes,no,0.000,0,1,score,,EVTOPTA_POLYAM_11;EVTOPTB_POLYAM_11;EVTDESC_POLYAM_11,events/faerun_polyamory_events.txt
polyam.12,fae_polyam.12,fae_polyam,character_event,character_event,intrigue,yes,no,0.250,1,4,score;dead_call;unsaved_scope,polyam.13,EVTOPTA_POLYAM_12;EVTOPTB_POLYAM_12;EVTOPTC_POLYAM_12;EVTDESC_POLYAM_12,events/faerun_polyamory_events.txt
polyam.13,fae_polyam.13,fae_polyam,character_event,character_event,love,yes,no,0.278,5,18,score;dead_call;unsaved_scope,polyam.14,EVTOPTA_POLYAM_13;EVTOPTB_POLYAM_13;EVTOPTC_POLYAM_13;EVTDESC_POLYAM_13,events/faerun_polyamory_events.txt
polyam.14,fae_polyam.14,fae_polyam,character_event,character_event,love,yes,no,0.667,2,3,score,,EVTOPTA_POLYAM_14;EVTDESC_POLYAM_14,events/faerun_polyamory_events.txt
polyam.15,fae_polyam.15,fae_polyam,character_event,character_event,love,yes,no,0.529,9,17,score,,EVTOPTA_POLYAM_15;EVTOPTB_POLYAM_15;EVTOPTC_POLYAM_15;EVTOPTD_POLYAM_15;EVTDESC_POLYAM_15,events/faerun_polyamory_events.txt
polyam.16,fae_polyam.16,fae_polyam,character_event,character_event,default,yes,no,0.254,18,71,score;dead_call;unsaved_scope,polyam.3;polyam.3;polyam.4;polyam.5;polyam.3;polyam.4;polyam.5,,events/faerun_polyamory_events.txt
polyam.17,fae_polyam.17,fae_polyam,character_event,character_event,default,yes,no,0.182,10,55,score;dead_call;unsaved_scope,polyam.9,,events/faerun_polyamory_events.txt
polyam.2,fae_polyam.2,fae_polyam,character_event,character_event,intrigue,yes,no,0.493,37,75,score;dead_call;unsaved_scope,polyam.3;polyam.4;polyam.5;polyam.3,EVTOPTA_POLYAM_2;EVTOPTB_POLYAM_2;EVTOPTC_POLYAM_2;EVTOPTD_POLYAM_2;EVTOPTE_POLYAM_2;EVTDESC_POLYAM_2;EVTDESC_POLYAM_2_FRIENDS;EVTDESC_POLYAM_2_LOVERS;EVTDESC_POLYAM_2_CONSORT;EVTDESC_POLYAM_2_SPOUSE,events/faerun_polyamory_events.txt
polyam.3,fae_polyam.3,fae_polyam,character_event,character_event,unfriendly,yes,no,0.615,8,13,score;dead_call;unsaved_scope,polyam.6;polyam.6,EVTOPTA_POLYAM_3;EVTOPTE_POLYAM_2;EVTDESC_POLYAM_3,events/faerun_polyamory_events.txt
polyam.4,fae_polyam.4,fae_polyam,character_event,character_event,intrigue,yes,no,0.615,8,13,score;dead_call;unsaved_scope,polyam.7;polyam.7,EVTOPTA_POLYAM_4;EVTOPTE_POLYAM_2;EVTDESC_POLYAM_4,events/faerun_polyamory_events.txt
polyam.5,fae_polyam.5,fae_polyam,character_event,character_event,love,yes,no,0.615,8,13,score;dead_call;unsaved_scope,polyam.8;polyam.8,EVTOPTA_POLYAM_5;EVTOPTE_POLYAM_2;EVTDESC_POLYAM_5,events/faerun_polyamory_events.txt
polyam.6,fae_polyam.6,fae_polyam,character_event,character_event,unfriendly,yes,no,0.565,26,46,score;dead_call;unsaved_scope,polyam.9;polyam.9;polyam.9;polyam.9,EVTOPTA_POLYAM_6;EVTOPTB_POLYAM_6;EVTOPTC_POLYAM_6;EVTOPTD_POLYAM_6;EVTOPTE_POLYAM_2;EVTDESC_POLYAM_6,events/faerun_polyamory_events.txt
polyam.7,fae_polyam.7,fae_polyam,character_event,character_event,intrigue,yes,no,0.565,26,46,score;dead_call;unsaved_scope,polyam.9;polyam.9;polyam.9;polyam.9,EVTOPTA_POLYAM_7;EVTOPTB_POLYAM_7;EVTOPTC_POLYAM_7;EVTOPTD_POLYAM_7;EVTOPTE_POLYAM_2;EVTDESC_POLYAM_7,events/faerun_polyamory_events.txt
polyam.8,fae_polyam.8,fae_polyam,character_event,character_event,love,yes,no,0.565,26,46,score;dead_call;unsaved_scope,polyam.9;polyam.9;polyam.9;polyam.9,EVTOPTA_POLYAM_8;EVTOPTB_POLYAM_8;EVTOPTC_POLYAM_8;EVTOPTD_POLYAM_8;EVTOPTE_POLYAM_2;EVTDESC_POLYAM_8,events/faerun_polyamory_events.txt
polyam.9,fae_polyam.9,fae_polyam,character_event,character_event,default,yes,no,0.500,16,32,score;unsaved_scope,,,events/faerun_polyamory_events.txt
racial_aging.0,fae_racial_aging.0,fae_racial_aging,character_event,character_event,default,yes,no,0.800,4,5,score,,,events/faerun_racial_aging_events.txt
racial_aging.1,fae_racial_aging.1,fae_racial_aging,character_event,character_event,feast_activity,yes,no,0.571,8,14,score;dead_call,secret_identity.0,OK;EVTOPTB_racial_aging_1;EVTOPTB_racial_aging_2;racial_aging1desc,events/faerun_racial_aging_events.txt
racial_aging.2,fae_racial_aging.2,fae_racial_aging,character_event,character_event,default,yes,no,0.667,4,6,score,,,events/faerun_racial_aging_events.txt
racial_aging.3,fae_racial_aging.3,fae_racial_aging,character_event,character_event,default,yes,no,0.545,12,22,score,,,events/faerun_racial_aging_events.txt
racial_aging.4,fae_racial_aging.4,fae_racial_aging,character_event,character_event,default,yes,no,0.333,1,3,score;dead_call,racial_aging.1,,events/faerun_racial_aging_events.txt
racial_aging.5,fae_racial_aging.5,fae_racial_aging,character_event,character_event,default,yes,no,0.316,6,19,score;dead_call,racial_aging.0;racial_aging.3,,events/faerun_racial_aging_events.txt
racial_aging.6,fae_racial_aging.6,fae_racial_aging,character_event,character_event,default,yes,no,0.519,14,27,score,,,events/faerun_racial_aging_events.txt
racialbirth.0,fae_racialbirth.0,fae_racialbirth,character_event,character_event,default,yes,no,0.310,478,1543,score;dead_call,character_trait.2;character_trait.3,,events/faerun_birth_racial_events.txt
racialbirth.2,fae_racialbirth.2,fae_racialbirth,character_event,character_event,default,yes,no,0.367,11,30,score,,,events/faerun_birth_racial_events.txt
racialbirth.3,fae_racialbirth.3,fae_racialbirth,character_event,character_event,default,yes,no,0.650,39,60,score;from_scope;dead_call;ck2_variable;unsaved_scope,racialbirth.4;racialbirth.4;racialbirth.4;racialbirth.4;racialbirth.4,,events/faerun_birth_racial_events.txt
racialbirth.4,fae_racialbirth.4,fae_racialbirth,character_event,character_event,marriage,yes,no,0.706,24,34,score;ck2_variable;unsaved_scope,,OK;EVTDESC_CASE1_RACIALBIRTH.4;EVTDESC_CASE2_RACIALBIRTH.4,events/faerun_birth_racial_events.txt
racialbirth.5,fae_racialbirth.5,fae_racialbirth,character_event,character_event,default,yes,no,0.679,36,53,score;from_scope;dead_call;ck2_variable;unsaved_scope,racialbirth.6;racialbirth.6;racialbirth.6;racialbirth.6;racialbirth.6,,events/faerun_birth_racial_events.txt
racialbirth.6,fae_racialbirth.6,fae_racialbirth,character_event,character_event,marriage,yes,no,0.750,15,20,score;ck2_variable;unsaved_scope,,OK;EVTDESC_CASE1_RACIALBIRTH.6;EVTDESC_CASE2_RACIALBIRTH.6,events/faerun_birth_racial_events.txt
rlg_chg.0,fae_rlg_chg.0,fae_rlg_chg,character_event,character_event,default,yes,no,0.500,8,16,score;dead_call,rlg_chg.1,,events/faerun_religion_switch.txt
rlg_chg.1,fae_rlg_chg.1,fae_rlg_chg,character_event,character_event,faith,yes,no,0.507,968,1909,score;dead_call,rlg_chg.2;rlg_chg.2;rlg_chg.2;rlg_chg.2;rlg_chg.2;rlg_chg.2;rlg_chg.2;rlg_chg.2;rlg_chg.2;rlg_chg.2;rlg_chg.2;rlg_chg.2;rlg_chg.2;rlg_chg.2;rlg_chg.2;rlg_chg.2;rlg_chg.2;rlg_chg.2;rlg_chg.2;rlg_chg.2;rlg_chg.2;rlg_chg.2;rlg_chg.2;rlg_chg.2;rlg_chg.2;rlg_chg.2;rlg_chg.2;rlg_chg.2;rlg_chg.2;rlg_chg.2;rlg_chg.2;rlg_chg.2;rlg_chg.2;rlg_chg.2;rlg_chg.2;rlg_chg.2;rlg_chg.2;rlg_chg.2;rlg_chg.2;rlg_chg.2;rlg_chg.2;rlg_chg.2;rlg_chg.2;rlg_chg.2;rlg_chg.2;rlg_chg.2;rlg_chg.2;rlg_chg.2;rlg_chg.2;rlg_chg.2;rlg_chg.2;rlg_chg.2;rlg_chg.2;rlg_chg.2;rlg_chg.2;rlg_chg.2;rlg_chg.2;rlg_chg.2;rlg_chg.2;rlg_chg.2;rlg_chg.2;rlg_chg.2;rlg_chg.2;rlg_chg.2;rlg_chg.2;rlg_chg.2;rlg_chg.2;rlg_chg.2;rlg_chg.2;rlg_chg.2;rlg_chg.2;rlg_chg.2;rlg_chg.2;rlg_chg.2;rlg_chg.2;rlg_chg.2;rlg_chg.2;rlg_chg.2;rlg_chg.2;rlg_chg.2;rlg_chg.2;rlg_chg.2;rlg_chg.2;rlg_chg.2;rlg_chg.3;rlg_chg.2;rlg_chg.2;rlg_chg.2;rlg_chg.2;rlg_chg.2;rlg_chg.2;rlg_chg.2;rlg_chg.2;rlg_chg.2;rlg_chg.2;rlg_chg.2;rlg_chg.2;rlg_chg.2;rlg_chg.2;rlg_chg.2;rlg_chg.2;rlg_chg.2;rlg_chg.2;rlg_chg.2;rlg_chg.2;rlg_chg.2;rlg_chg.2;rlg_chg.2;rlg_chg.2;rlg_chg.2;rlg_chg.2;rlg_chg.2;rlg_chg.2;rlg_chg.2;rlg_chg.2;rlg_chg.2;rlg_chg.2;rlg_chg.2;rlg_chg.2;rlg_chg.2;rlg_chg.2;rlg_chg.2;rlg_chg.2;rlg_chg.2;rlg_chg.2;rlg_chg.2;rlg_chg.2;rlg_chg.2;rlg_chg.2;rlg_chg.2;rlg_chg.2;rlg_chg.2;rlg_chg.2;rlg_chg.2;rlg_chg.2;rlg_chg.2;rlg_chg.2;rlg_chg.2;rlg_chg.2;rlg_chg.2;rlg_chg.2;rlg_chg.2;rlg_chg.2;rlg_chg.2;rlg_chg.2;rlg_chg.2;rlg_chg.2,RLG_CHG_1_DESC_0;RLG_CHG_1_DESC_1;RLG_CHG_1_DESC_2;RLG_CHG_1_DESC_3;RLG_CHG_1_DESC_4;RLG_CHG_1_DESC_5;RLG_CHG_1_DESC_6;RLG_CHG_1_DESC_7;RLG_CHG_1_DESC_8;RLG_CHG_1_DESC_9;RLG_CHG_1_DESC_11;RLG_CHG_1_DESC_12;RLG_CHG_1_DESC_13;RLG_CHG_1_DESC_14;RLG_CHG_1_DESC_15;RLG_CHG_1_DESC_16;RLG_CHG_1_DESC_17;RLG_CHG_1_DESC_18;RLG_CHG_1_DESC_19;RLG_CHG_1_DESC_20;RLG_CHG_1_DESC_21;RLG_CHG_1_DESC_22;RLG_CHG_1_DESC_23;RLG_CHG_1_DESC_24;RLG_CHG_1_DESC_25;RLG_CHG_1_DESC_26;RLG_CHG_1_DESC_27;RLG_CHG_1_DESC_30;RLG_CHG_1_DESC_31;RLG_CHG_1_DESC_32;RLG_CHG_1_DESC_33;RLG_CHG_1_DESC_34;RLG_CHG_1_DESC_35;RLG_CHG_1_DESC_36;RLG_CHG_1_DESC_36_B;RLG_CHG_1_DESC_37;RLG_CHG_1_DESC_38;RLG_CHG_1_DESC_39;RLG_CHG_1_DESC_40;RLG_CHG_1_DESC_41;RLG_CHG_1_DESC_42;RLG_CHG_1_DESC_43;RLG_CHG_1_DESC_44;RLG_CHG_1_DESC_45;RLG_CHG_1_DESC_46;RLG_CHG_1_DESC_47;RLG_CHG_1_DESC_48;RLG_CHG_1_DESC_49;RLG_CHG_1_DESC_50;RLG_CHG_1_DESC_51;RLG_CHG_1_DESC_52;RLG_CHG_1_DESC_53;RLG_CHG_1_DESC_55;RLG_CHG_1_DESC_56;RLG_CHG_1_DESC_57;RLG_CHG_1_DESC_58;RLG_CHG_1_DESC_59;RLG_CHG_1_DESC_60;RLG_CHG_1_DESC_61;RLG_CHG_1_DESC_62;RLG_CHG_1_DESC_63;RLG_CHG_1_DESC_64;RLG_CHG_1_DESC_65;RLG_CHG_1_DESC_66;RLG_CHG_1_DESC_67;RLG_CHG_1_DESC_68;RLG_CHG_1_DESC_69;RLG_CHG_1_DESC_70;RLG_CHG_1_DESC_71;RLG_CHG_1_DESC_72;RLG_CHG_1_DESC_73;RLG_CHG_1_DESC_74;RLG_CHG_1_DESC_75;RLG_CHG_1_DESC_76;RLG_CHG_1_DESC_77;RLG_CHG_1_DESC_78;RLG_CHG_1_DESC_79;RLG_CHG_1_DESC_80;RLG_CHG_1_DESC_81;RLG_CHG_1_DESC_82;RLG_CHG_1_DESC_83;RLG_CHG_1_DESC_84;RLG_CHG_1_DESC_85;RLG_CHG_1_DESC_86;RLG_CHG_1_DESC_87;RLG_CHG_1_DESC_MORE;RLG_CHG_1_DESC_3;RLG_CHG_1_DESC_4;RLG_CHG_1_DESC_8;RLG_CHG_1_DESC_9;RLG_CHG_1_DESC_11;RLG_CHG_1_DESC_12;RLG_CHG_1_DESC_14;RLG_CHG_1_DESC_21;RLG_CHG_1_DESC_22;RLG_CHG_1_DESC_23;RLG_CHG_1_DESC_25;RLG_CHG_1_DESC_26;RLG_CHG_1_DESC_27;RLG_CHG_1_DESC_37;RLG_CHG_1_DESC_38;RLG_CHG_1_DESC_39;RLG_CHG_1_DESC_40;RLG_CHG_1_DESC_41;RLG_CHG_1_DESC_42;RLG_CHG_1_DESC_44;RLG_CHG_1_DESC_45;RLG_CHG_1_DESC_46;RLG_CHG_1_DESC_47;RLG_CHG_1_DESC_48;RLG_CHG_1_DESC_49;RLG_CHG_1_DESC_50;RLG_CHG_1_DESC_51;RLG_CHG_1_DESC_52;RLG_CHG_1_DESC_53;RLG_CHG_1_DESC_55;RLG_CHG_1_DESC_56;RLG_CHG_1_DESC_57;RLG_CHG_1_DESC_58;RLG_CHG_1_DESC_59;RLG_CHG_1_DESC_60;RLG_CHG_1_DESC_61;RLG_CHG_1_DESC_62;RLG_CHG_1_DESC_63;RLG_CHG_1_DESC_32;RLG_CHG_1_DESC_64;RLG_CHG_1_DESC_65;RLG_CHG_1_DESC_66;RLG_CHG_1_DESC_67;RLG_CHG_1_DESC_68;RLG_CHG_1_DESC_69;RLG_CHG_1_DESC_70;RLG_CHG_1_DESC_71;RLG_CHG_1_DESC_72;RLG_CHG_1_DESC_73;RLG_CHG_1_DESC_74;RLG_CHG_1_DESC_75;RLG_CHG_1_DESC_76;RLG_CHG_1_DESC_77;RLG_CHG_1_DESC_78;RLG_CHG_1_DESC_79;RLG_CHG_1_DESC_85;RLG_CHG_1_DESC_86;RLG_CHG_1_DESC_87;RLG_CHG_1_DESC_83;RLG_CHG_1_DESC_84;RLG_CHG_1_DESC_13;RLG_CHG_1_DESC_36_B;RLG_CHG_1_DESC,events/faerun_religion_switch.txt
rlg_chg.10,fae_rlg_chg.10,fae_rlg_chg,character_event,character_event,default,yes,no,0.344,32,93,score;dead_call,rlg_chg.11;rlg_chg.12;rlg_chg.13;rlg_chg.14;rlg_chg.15;rlg_chg.16,,events/faerun_religion_switch.txt
rlg_chg.11,fae_rlg_chg.11,fae_rlg_chg,character_event,character_event,festival_activity,yes,no,0.000,0,1,score,,RLG_CHG_11_DESC_1;RLG_CHG_11_DESC,events/faerun_religion_switch.txt
rlg_chg.12,fae_rlg_chg.12,fae_rlg_chg,character_event,character_event,festival_activity,yes,no,0.000,0,1,score,,RLG_CHG_12_DESC_1;RLG_CHG_12_DESC,events/faerun_religion_switch.txt
rlg_chg.13,fae_rlg_chg.13,fae_rlg_chg,character_event,character_event,festival_activity,yes,no,0.000,0,3,score,,RLG_CHG_13_DESC_1;RLG_CHG_13_DESC,events/faerun_religion_switch.txt
rlg_chg.14,fae_rlg_chg.14,fae_rlg_chg,character_event,character_event,default,yes,no,0.000,0,1,score,,RLG_CHG_14_DESC_1;RLG_CHG_14_DESC,events/faerun_religion_switch.txt
rlg_chg.15,fae_rlg_chg.15,fae_rlg_chg,character_event,character_event,default,yes,no,0.000,0,1,score,,RLG_CHG_15_DESC_1;RLG_CHG_15_DESC,events/faerun_religion_switch.txt
rlg_chg.16,fae_rlg_chg.16,fae_rlg_chg,character_event,character_event,default,yes,no,0.387,12,31,score,,RLG_CHG_16_DESC_1;RLG_CHG_16_DESC,events/faerun_religion_switch.txt
rlg_chg.2,fae_rlg_chg.2,fae_rlg_chg,character_event,character_event,faith,yes,no,0.800,4,5,score,,RLG_CHG_2_DESC_1;RLG_CHG_2_DESC_2;RLG_CHG_2_DESC,events/faerun_religion_switch.txt
rlg_chg.3,fae_rlg_chg.3,fae_rlg_chg,character_event,character_event,faith,yes,no,0.614,127,207,score;dead_call,rlg_chg.4;rlg_chg.2;rlg_chg.2;rlg_chg.2;rlg_chg.2;rlg_chg.2;rlg_chg.2;rlg_chg.2;rlg_chg.2;rlg_chg.2;rlg_chg.2;rlg_chg.2,RLG_CHG_1_DESC_MORE;RLG_CHG_1_DESC_1;RLG_CHG_1_DESC_15;RLG_CHG_1_DESC_7;RLG_CHG_1_DESC_30;RLG_CHG_1_DESC_31;RLG_CHG_1_DESC_34;RLG_CHG_1_DESC_16;RLG_CHG_1_DESC_36;RLG_CHG_1_DESC_35;RLG_CHG_1_DESC_33;RLG_CHG_1_DESC_43;RLG_CHG_1_DESC,events/faerun_religion_switch.txt
rlg_chg.4,fae_rlg_chg.4,fae_rlg_chg,character_event,character_event,faith,yes,no,0.494,81,164,score;dead_call,rlg_chg.1;rlg_chg.2;rlg_chg.2;rlg_chg.2;rlg_chg.2;rlg_chg.2;rlg_chg.2;rlg_chg.2;rlg_chg.2;rlg_chg.2;rlg_chg.2;rlg_chg.2,RLG_CHG_1_DESC_MORE;RLG_CHG_1_DESC_2;RLG_CHG_1_DESC_5;RLG_CHG_1_DESC_6;RLG_CHG_1_DESC_17;RLG_CHG_1_DESC_24;RLG_CHG_1_DESC_18;RLG_CHG_1_DESC_19;RLG_CHG_1_DESC_20;RLG_CHG_1_DESC_80;RLG_CHG_1_DESC_81;RLG_CHG_1_DESC_82;RLG_CHG_1_DESC,events/faerun_religion_switch.txt
rollofyears.1,fae_rollofyears.1,fae_rollofyears,character_event,character_event,learning,yes,no,0.000,0,1,score,,OK;rollofyears_desc.1,events/faerun_roll_of_years.txt
rollofyears.2,,,province_event,,,no,no,,,,province-scope root; CK3 has no province event type and a non-character root scope must be hidden or major (game/events/_events.info),,,events/faerun_roll_of_years.txt
sacrifice.1,fae_sacrifice.1,fae_sacrifice,character_event,character_event,witchcraft,yes,no,0.000,0,12,score,,TB_DAMN_THEM;SACRIFICE.1b;SACRIFICE.1.1;SACRIFICE.1.2,events/faerun_religious_sacrifice_events.txt
sacrifice.10,fae_sacrifice.10,fae_sacrifice,character_event,character_event,witchcraft,yes,no,0.250,1,4,score,,TB_GLORIOUS;SACRIFICE.10,events/faerun_religious_sacrifice_events.txt
sacrifice.1000,fae_sacrifice.1000,fae_sacrifice,character_event,character_event,default,yes,no,0.150,3,20,score;unsaved_scope,,,events/faerun_religious_sacrifice_events.txt
sacrifice.1001,fae_sacrifice.1001,fae_sacrifice,character_event,character_event,witchcraft,yes,no,0.400,18,45,score;dead_call,sacrifice.1002,SACRIFICE.1001a;Cancel;SACRIFICE.1001,events/faerun_religious_sacrifice_events.txt
sacrifice.1002,fae_sacrifice.1002,fae_sacrifice,character_event,character_event,witchcraft,yes,no,0.045,1,22,score,,TB_GLORIOUS;SACRIFICE.1002.GENERIC;SACRIFICE.1002.LOLTH;SACRIFICE.1002.INFERNAL;SACRIFICE.1002.CYRIC;SACRIFICE.1002.LOVIATAR;SACRIFICE.1002.FACELESS;SACRIFICE.1002.FURY;SACRIFICE.1002.TRIUMVIR;SACRIFICE.1002.GEOMANCY;SACRIFICE.1002.ABYSSAL,events/faerun_religious_sacrifice_events.txt
sacrifice.11,fae_sacrifice.11,fae_sacrifice,character_event,character_event,witchcraft,yes,no,0.000,0,12,score,,TB_DAMN_THEM;SACRIFICE.11b;SACRIFICE.11.1;SACRIFICE.11.2,events/faerun_religious_sacrifice_events.txt
sacrifice.12,fae_sacrifice.12,fae_sacrifice,character_event,character_event,witchcraft,yes,no,0.250,1,4,score,,TB_GLORIOUS;SACRIFICE.12,events/faerun_religious_sacrifice_events.txt
sacrifice.13,fae_sacrifice.13,fae_sacrifice,character_event,character_event,witchcraft,yes,no,0.000,0,12,score,,TB_DAMN_THEM;SACRIFICE.9b;SACRIFICE.13.1;SACRIFICE.13.2,events/faerun_religious_sacrifice_events.txt
sacrifice.14,fae_sacrifice.14,fae_sacrifice,character_event,character_event,witchcraft,yes,no,0.250,1,4,score,,TB_GLORIOUS;SACRIFICE.14,events/faerun_religious_sacrifice_events.txt
sacrifice.15,fae_sacrifice.15,fae_sacrifice,character_event,character_event,witchcraft,yes,no,0.000,0,12,score,,TB_DAMN_THEM;SACRIFICE.9b;SACRIFICE.15.1;SACRIFICE.15.2,events/faerun_religious_sacrifice_events.txt
sacrifice.16,fae_sacrifice.16,fae_sacrifice,character_event,character_event,witchcraft,yes,no,0.250,1,4,score,,TB_GLORIOUS;SACRIFICE.16,events/faerun_religious_sacrifice_events.txt
sacrifice.17,fae_sacrifice.17,fae_sacrifice,character_event,character_event,witchcraft,yes,no,0.000,0,12,score,,TB_DAMN_THEM;SACRIFICE.9b;SACRIFICE.17.1;SACRIFICE.17.2,events/faerun_religious_sacrifice_events.txt
sacrifice.18,fae_sacrifice.18,fae_sacrifice,character_event,character_event,witchcraft,yes,no,0.250,1,4,score,,TB_GLORIOUS;SACRIFICE.18,events/faerun_religious_sacrifice_events.txt
sacrifice.19,fae_sacrifice.19,fae_sacrifice,character_event,character_event,witchcraft,yes,no,0.000,0,12,score,,TB_DAMN_THEM;SACRIFICE.9b;SACRIFICE.19.1;SACRIFICE.19.2,events/faerun_religious_sacrifice_events.txt
sacrifice.2,fae_sacrifice.2,fae_sacrifice,character_event,character_event,witchcraft,yes,no,0.250,1,4,score,,TB_GLORIOUS;SACRIFICE.2,events/faerun_religious_sacrifice_events.txt
sacrifice.20,fae_sacrifice.20,fae_sacrifice,character_event,character_event,witchcraft,yes,no,0.250,1,4,score,,TB_GLORIOUS;SACRIFICE.20,events/faerun_religious_sacrifice_events.txt
sacrifice.3,fae_sacrifice.3,fae_sacrifice,character_event,character_event,witchcraft,yes,no,0.000,0,12,score,,TB_DAMN_THEM;SACRIFICE.3b;SACRIFICE.3.1;SACRIFICE.3.2,events/faerun_religious_sacrifice_events.txt
sacrifice.4,fae_sacrifice.4,fae_sacrifice,character_event,character_event,witchcraft,yes,no,0.250,1,4,score,,TB_GLORIOUS;SACRIFICE.4,events/faerun_religious_sacrifice_events.txt
sacrifice.5,fae_sacrifice.5,fae_sacrifice,character_event,character_event,witchcraft,yes,no,0.000,0,12,score,,TB_DAMN_THEM;SACRIFICE.5b;SACRIFICE.5.1;SACRIFICE.5.2,events/faerun_religious_sacrifice_events.txt
sacrifice.6,fae_sacrifice.6,fae_sacrifice,character_event,character_event,witchcraft,yes,no,0.250,1,4,score,,TB_GLORIOUS;SACRIFICE.6,events/faerun_religious_sacrifice_events.txt
sacrifice.7,fae_sacrifice.7,fae_sacrifice,character_event,character_event,witchcraft,yes,no,0.000,0,12,score,,TB_DAMN_THEM;SACRIFICE.7b;SACRIFICE.7.1;SACRIFICE.7.2,events/faerun_religious_sacrifice_events.txt
sacrifice.8,fae_sacrifice.8,fae_sacrifice,character_event,character_event,witchcraft,yes,no,0.250,1,4,score,,TB_GLORIOUS;SACRIFICE.8,events/faerun_religious_sacrifice_events.txt
sacrifice.9,fae_sacrifice.9,fae_sacrifice,character_event,character_event,witchcraft,yes,no,0.000,0,12,score,,TB_DAMN_THEM;SACRIFICE.9b;SACRIFICE.9.1;SACRIFICE.9.2,events/faerun_religious_sacrifice_events.txt
secret_identity.0,fae_secret_identity.0,fae_secret_identity,character_event,character_event,default,yes,no,0.431,62,144,score;dead_call,dragon_type.1;dragon_type.2;secret_identity.1;frwerebeast.25;DEAD.4;frvamp.44,,events/faerun_secret_identity_events.txt
secret_identity.1,fae_secret_identity.1,fae_secret_identity,narrative_event,character_event,default,yes,no,0.000,0,2,score,,SECRET_IDENTITY.1a;SECRET_IDENTITY.title;SECRET_IDENTITY.1,events/faerun_secret_identity_events.txt
seldarine.1,fae_seldarine.1,fae_seldarine,character_event,character_event,faith,yes,no,0.000,0,1,score,,,events/faerun_seldarine_events.txt
seldarine.10,fae_seldarine.10,fae_seldarine,character_event,character_event,learning,yes,no,0.000,0,2,score,,SELDARINE.10c;SELDARINE.10a;SELDARINE.10b,events/faerun_seldarine_events.txt
seldarine.11,fae_seldarine.11,fae_seldarine,character_event,character_event,default,yes,no,1.000,1,1,from_scope;unsaved_scope,seldarine.9,,events/faerun_seldarine_events.txt
seldarine.12,fae_seldarine.12,fae_seldarine,character_event,character_event,learning,yes,no,0.000,0,4,score,,seldarine_12_a;seldarine_12_b;seldarine_12_c;seldarine_12_d;seldarine_12_desc,events/faerun_seldarine_events.txt
seldarine.2,fae_seldarine.2,fae_seldarine,character_event,character_event,learning,yes,yes,1.000,0,0,,,SELDARINE.2a;SELDARINE.2,events/faerun_seldarine_events.txt
seldarine.3,,,province_event,,,no,no,,,,province-scope root; CK3 has no province event type and a non-character root scope must be hidden or major (game/events/_events.info),,,events/faerun_seldarine_events.txt
seldarine.4,,,province_event,,,no,no,,,,province-scope root; CK3 has no province event type and a non-character root scope must be hidden or major (game/events/_events.info),,,events/faerun_seldarine_events.txt
seldarine.5,,,province_event,,,no,no,,,,province-scope root; CK3 has no province event type and a non-character root scope must be hidden or major (game/events/_events.info),,,events/faerun_seldarine_events.txt
seldarine.6,fae_seldarine.6,fae_seldarine,character_event,character_event,travel,yes,no,0.643,9,14,score,seldarine.7,,events/faerun_seldarine_events.txt
seldarine.7,fae_seldarine.7,fae_seldarine,character_event,character_event,faith,yes,yes,1.000,0,0,,,OK;SELDARINE.6,events/faerun_seldarine_events.txt
seldarine.8,,,province_event,,,no,no,,,,province-scope root; CK3 has no province event type and a non-character root scope must be hidden or major (game/events/_events.info),,,events/faerun_seldarine_events.txt
seldarine.9,fae_seldarine.9,fae_seldarine,character_event,character_event,learning,yes,yes,1.000,0,0,,,OK;SELDARINE.9,events/faerun_seldarine_events.txt
sorcinit.1,fae_sorcinit.1,fae_sorcinit,character_event,character_event,default,yes,no,0.188,3,16,score,,,events/faerun_sorc_init.txt
sorcinit.2,fae_sorcinit.2,fae_sorcinit,character_event,character_event,default,yes,no,0.263,5,19,score,,,events/faerun_sorc_init.txt
spellaux.1,fae_spellaux.1,fae_spellaux,character_event,character_event,learning,yes,yes,1.000,0,0,,,OK;SPELLFAILED,events/faerun_spell_aux_events.txt
spellaux.10,fae_spellaux.10,fae_spellaux,character_event,character_event,learning,yes,yes,1.000,0,0,,,SPELLAUX.10.a;SPELLAUX.10,events/faerun_spell_aux_events.txt
spellaux.11,fae_spellaux.11,fae_spellaux,character_event,character_event,learning,yes,yes,1.000,0,0,,,SPELLAUX.11.a;SPELLAUX.11,events/faerun_spell_aux_events.txt
spellaux.12,fae_spellaux.12,fae_spellaux,character_event,character_event,learning,yes,no,0.000,0,1,score,,SPELLAUX.12.a;SPELLAUX.12,events/faerun_spell_aux_events.txt
spellaux.16,fae_spellaux.16,fae_spellaux,character_event,character_event,learning,yes,no,0.750,3,4,score,,,events/faerun_spell_aux_events.txt
spellaux.17,fae_spellaux.17,fae_spellaux,character_event,character_event,learning,yes,no,0.429,3,7,score,,SPELLAUX.17.a;SPELLAUX.17,events/faerun_spell_aux_events.txt
spellaux.18,fae_spellaux.18,fae_spellaux,character_event,character_event,learning,yes,no,0.750,3,4,score,,,events/faerun_spell_aux_events.txt
spellaux.19,fae_spellaux.19,fae_spellaux,character_event,character_event,learning,yes,no,0.000,0,3,score,,,events/faerun_spell_aux_events.txt
spellaux.2,fae_spellaux.2,fae_spellaux,character_event,character_event,default,yes,no,0.000,0,1,score,,,events/faerun_spell_aux_events.txt
spellaux.20,fae_spellaux.20,fae_spellaux,character_event,character_event,learning,yes,yes,1.000,1,1,,,SPELLAUX.20.a;SPELLAUX.20,events/faerun_spell_aux_events.txt
spellaux.21,fae_spellaux.21,fae_spellaux,character_event,character_event,learning,yes,no,0.500,1,2,score,,SPELLAUX.21.a;SPELLAUX.21,events/faerun_spell_aux_events.txt
spellaux.22,fae_spellaux.22,fae_spellaux,character_event,character_event,learning,yes,no,0.000,0,2,score;dead_call,spellaux.4,SPELLAUX.22.a;SPELLAUX.22,events/faerun_spell_aux_events.txt
spellaux.23,fae_spellaux.23,fae_spellaux,character_event,character_event,learning,yes,no,0.400,2,5,score,,SPELLAUX.23.a;SPELLAUX.23,events/faerun_spell_aux_events.txt
spellaux.24,fae_spellaux.24,fae_spellaux,character_event,character_event,learning,yes,yes,1.000,0,0,,,OK;SPELLAUX.24,events/faerun_spell_aux_events.txt
spellaux.25,fae_spellaux.25,fae_spellaux,character_event,character_event,learning,yes,yes,1.000,0,0,,,OK;SPELLAUX.25,events/faerun_spell_aux_events.txt
spellaux.26,fae_spellaux.26,fae_spellaux,character_event,character_event,learning,yes,no,0.429,3,7,score,,SPELLAUX.26.a;SPELLAUX.26,events/faerun_spell_aux_events.txt
spellaux.27,fae_spellaux.27,fae_spellaux,character_event,character_event,learning,yes,no,0.000,0,3,score,,,events/faerun_spell_aux_events.txt
spellaux.3,fae_spellaux.3,fae_spellaux,character_event,character_event,learning,yes,yes,1.000,0,0,,,OK;SPELLAUX.3,events/faerun_spell_aux_events.txt
spellaux.30,fae_spellaux.30,fae_spellaux,character_event,character_event,learning,yes,yes,1.000,0,0,,,OK;SPELLAUX.30,events/faerun_spell_aux_events.txt
spellaux.31,fae_spellaux.31,fae_spellaux,character_event,character_event,learning,yes,yes,1.000,0,0,,,OK;SPELLAUX.31,events/faerun_spell_aux_events.txt
spellaux.32,fae_spellaux.32,fae_spellaux,character_event,character_event,learning,yes,yes,1.000,0,0,,,OK;SPELLAUX.32,events/faerun_spell_aux_events.txt
spellaux.33,fae_spellaux.33,fae_spellaux,character_event,character_event,learning,yes,no,0.000,0,1,score,,SPELLAUX.33.a;SPELLAUX.33,events/faerun_spell_aux_events.txt
spellaux.34,fae_spellaux.34,fae_spellaux,character_event,character_event,learning,yes,yes,1.000,0,0,,,OK;SPELLAUX.34,events/faerun_spell_aux_events.txt
spellaux.35,fae_spellaux.35,fae_spellaux,character_event,character_event,learning,yes,yes,1.000,1,1,,,SPELLAUX.35.a;SPELLAUX.35,events/faerun_spell_aux_events.txt
spellaux.36,fae_spellaux.36,fae_spellaux,character_event,character_event,learning,yes,no,0.500,1,2,score,,SPELLAUX.21.a;SPELLAUX.21,events/faerun_spell_aux_events.txt
spellaux.37,fae_spellaux.37,fae_spellaux,character_event,character_event,learning,yes,no,0.000,0,2,score,,,events/faerun_spell_aux_events.txt
spellaux.38,fae_spellaux.38,fae_spellaux,character_event,character_event,learning,yes,no,0.000,0,1,score,,SPELLAUX.38.a;SPELLAUX.38,events/faerun_spell_aux_events.txt
spellaux.39,fae_spellaux.39,fae_spellaux,character_event,character_event,learning,yes,yes,1.000,0,0,,,OK;SPELLAUX.39,events/faerun_spell_aux_events.txt
spellaux.4,fae_spellaux.4,fae_spellaux,character_event,character_event,learning,yes,no,0.364,16,44,score,frmaint.63,SPELLAUX.4.a;SPELLAUX.4.c;SPELLAUX.4.b;SPELLAUX.4.d;SPELLAUX.4.e;SPELLAUX.4,events/faerun_spell_aux_events.txt
spellaux.40,fae_spellaux.40,fae_spellaux,character_event,character_event,learning,yes,no,0.000,0,4,score,,,events/faerun_spell_aux_events.txt
spellaux.41,fae_spellaux.41,fae_spellaux,character_event,character_event,learning,yes,yes,1.000,0,0,,,OK;SPELLAUX.41,events/faerun_spell_aux_events.txt
spellaux.42,fae_spellaux.42,fae_spellaux,character_event,character_event,default,yes,no,0.844,27,32,score;from_scope;unsaved_scope,,,events/faerun_spell_aux_events.txt
spellaux.43,fae_spellaux.43,fae_spellaux,character_event,character_event,learning,yes,no,0.250,1,4,score,,,events/faerun_spell_aux_events.txt
spellaux.44,fae_spellaux.44,fae_spellaux,character_event,character_event,default,yes,no,0.769,10,13,score,,,events/faerun_spell_aux_events.txt
spellaux.45,fae_spellaux.45,fae_spellaux,character_event,character_event,learning,yes,yes,1.000,0,0,,,SPELLAUX.7.a;SPELLAUX.45,events/faerun_spell_aux_events.txt
spellaux.46,fae_spellaux.46,fae_spellaux,character_event,character_event,learning,yes,yes,1.000,0,0,,,SPELLAUX.8.a;SPELLAUX.46,events/faerun_spell_aux_events.txt
spellaux.5,fae_spellaux.5,fae_spellaux,character_event,character_event,learning,yes,yes,1.000,0,0,,,OK;SPELLAUX.5,events/faerun_spell_aux_events.txt
spellaux.7,fae_spellaux.7,fae_spellaux,character_event,character_event,learning,yes,yes,1.000,0,0,,,SPELLAUX.7.a;SPELLAUX.7,events/faerun_spell_aux_events.txt
spellaux.8,fae_spellaux.8,fae_spellaux,character_event,character_event,learning,yes,yes,1.000,0,0,,,SPELLAUX.8.a;SPELLAUX.8,events/faerun_spell_aux_events.txt
spellaux.9,fae_spellaux.9,fae_spellaux,character_event,character_event,learning,yes,yes,1.000,0,0,,,SPELLAUX.7.a;SPELLAUX.9,events/faerun_spell_aux_events.txt
strength.0,fae_strength.0,fae_strength,character_event,character_event,default,yes,no,0.357,102,286,score,,EVTOPTAstrength_inheritance.0;EVTDESCstrength_inheritance.0,events/strength_trait_event.txt
triad.1,fae_triad.1,fae_triad,character_event,character_event,faith,yes,no,0.133,2,15,score,,TRIAD.1a;TRIAD.1,events/faerun_triad_events.txt
triad.2,fae_triad.2,fae_triad,character_event,character_event,faith,yes,no,0.154,2,13,score,,TRIAD.1a;TRIAD.2a;TRIAD.2b;TRIAD.2c,events/faerun_triad_events.txt
uthgar.0,fae_uthgar.0,fae_uthgar,character_event,character_event,default,yes,no,0.306,11,36,score,,,events/faerun_uthgardt_events.txt
uthgar.1,fae_uthgar.1,fae_uthgar,character_event,character_event,faith,yes,no,0.000,0,4,score;dead_call,uthgar.2,UTHGAR.1.a;UTHGAR.1.b;UTHGAR.1.c;TB_OPT_MORE;UTHGAR.1,events/faerun_uthgardt_events.txt
uthgar.10,fae_uthgar.10,fae_uthgar,character_event,character_event,default,yes,yes,1.000,1,1,,,,events/faerun_uthgardt_events.txt
uthgar.11,fae_uthgar.11,fae_uthgar,character_event,character_event,faith,yes,no,0.200,1,5,score;dead_call,uthgar.12;uthgar.12,UTHGAR.11.a;UTHGAR.11,events/faerun_uthgardt_events.txt
uthgar.12,fae_uthgar.12,fae_uthgar,character_event,character_event,faith,yes,no,0.000,0,5,score;dead_call,uthgar.14;uthgar.13,UTHGAR.12.a;UTHGAR.12.b;UTHGAR.12.c;UTHGAR.12,events/faerun_uthgardt_events.txt
uthgar.13,fae_uthgar.13,fae_uthgar,character_event,character_event,faith,yes,yes,1.000,1,1,,,UTHGAR.13.a;UTHGAR.13,events/faerun_uthgardt_events.txt
uthgar.14,fae_uthgar.14,fae_uthgar,character_event,character_event,faith,yes,no,0.000,0,1,score;dead_call,uthgar.15,UTHGAR.14.a;UTHGAR.14,events/faerun_uthgardt_events.txt
uthgar.15,fae_uthgar.15,fae_uthgar,character_event,character_event,martial,yes,no,0.000,0,1,score,,UTHGAR.15.a;UTHGAR.15,events/faerun_uthgardt_events.txt
uthgar.16,fae_uthgar.16,fae_uthgar,character_event,character_event,martial,yes,no,0.000,0,2,score,uthgar.13,UTHGAR.16.a;UTHGAR.16,events/faerun_uthgardt_events.txt
uthgar.17,fae_uthgar.17,fae_uthgar,character_event,character_event,martial,yes,no,0.333,1,3,score,uthgar.13,UTHGAR.16.a;UTHGAR.16,events/faerun_uthgardt_events.txt
uthgar.18,fae_uthgar.18,fae_uthgar,character_event,character_event,martial,yes,no,0.333,1,3,score,uthgar.13,UTHGAR.16.a;UTHGAR.16,events/faerun_uthgardt_events.txt
uthgar.19,fae_uthgar.19,fae_uthgar,character_event,character_event,martial,yes,no,0.333,1,3,score,uthgar.13,UTHGAR.19.a;UTHGAR.19,events/faerun_uthgardt_events.txt
uthgar.2,fae_uthgar.2,fae_uthgar,character_event,character_event,faith,yes,no,0.000,0,4,score;dead_call,uthgar.3,UTHGAR.2.a;UTHGAR.2.b;UTHGAR.2.c;TB_OPT_MORE;UTHGAR.1,events/faerun_uthgardt_events.txt
uthgar.20,fae_uthgar.20,fae_uthgar,character_event,character_event,martial,yes,no,0.000,0,3,score,uthgar.13,UTHGAR.20.a;UTHGAR.20,events/faerun_uthgardt_events.txt
uthgar.21,fae_uthgar.21,fae_uthgar,character_event,character_event,martial,yes,no,0.000,0,3,score,uthgar.13,UTHGAR.20.a;UTHGAR.20,events/faerun_uthgardt_events.txt
uthgar.22,fae_uthgar.22,fae_uthgar,character_event,character_event,martial,yes,no,0.000,0,1,score,,UTHGAR.22.a;UTHGAR.22,events/faerun_uthgardt_events.txt
uthgar.23,fae_uthgar.23,fae_uthgar,character_event,character_event,faith,yes,no,0.000,0,3,score,uthgar.13,UTHGAR.23.a;UTHGAR.23,events/faerun_uthgardt_events.txt
uthgar.24,fae_uthgar.24,fae_uthgar,character_event,character_event,faith,yes,no,0.000,0,3,score,uthgar.13,UTHGAR.24.a;UTHGAR.24,events/faerun_uthgardt_events.txt
uthgar.25,fae_uthgar.25,fae_uthgar,character_event,character_event,faith,yes,no,0.000,0,1,score,uthgar.13,UTHGAR.25.a;UTHGAR.25,events/faerun_uthgardt_events.txt
uthgar.26,fae_uthgar.26,fae_uthgar,character_event,character_event,default,yes,no,0.250,4,16,score,,,events/faerun_uthgardt_events.txt
uthgar.27,fae_uthgar.27,fae_uthgar,character_event,character_event,travel,yes,yes,1.000,5,5,,,,events/faerun_uthgardt_events.txt
uthgar.28,fae_uthgar.28,fae_uthgar,character_event,character_event,travel,yes,no,0.900,9,10,score;dead_call,uthgar.29,UTHGAR.28f;UTHGAR.28a;UTHGAR.28b;UTHGAR.28c;UTHGAR.28d;UTHGAR.28e,events/faerun_uthgardt_events.txt
uthgar.29,fae_uthgar.29,fae_uthgar,character_event,character_event,travel,yes,no,0.875,14,16,score,,UTHGAR.29f;UTHGAR.29a;UTHGAR.29b;UTHGAR.29c;UTHGAR.29d;UTHGAR.29e,events/faerun_uthgardt_events.txt
uthgar.3,fae_uthgar.3,fae_uthgar,character_event,character_event,faith,yes,no,0.000,0,4,score;dead_call,uthgar.4,UTHGAR.3.a;UTHGAR.3.b;UTHGAR.3.c;TB_OPT_MORE;UTHGAR.1,events/faerun_uthgardt_events.txt
uthgar.30,fae_uthgar.30,fae_uthgar,character_event,character_event,travel,yes,no,0.000,0,1,score,,,events/faerun_uthgardt_events.txt
uthgar.31,fae_uthgar.31,fae_uthgar,character_event,character_event,travel,yes,no,0.600,3,5,score,uthgar.33,,events/faerun_uthgardt_events.txt
uthgar.32,fae_uthgar.32,fae_uthgar,character_event,character_event,travel,yes,no,0.667,4,6,score,,,events/faerun_uthgardt_events.txt
uthgar.33,fae_uthgar.33,fae_uthgar,character_event,character_event,travel,yes,yes,1.000,0,0,,,OK;UTHGAR.33,events/faerun_uthgardt_events.txt
uthgar.34,fae_uthgar.34,fae_uthgar,character_event,character_event,faith,yes,no,0.333,1,3,score,,UTHGAR.34a;UTHGAR.34,events/faerun_uthgardt_events.txt
uthgar.35,fae_uthgar.35,fae_uthgar,character_event,character_event,faith,yes,no,0.500,1,2,score,,UTHGAR.35a;UTHGAR.35,events/faerun_uthgardt_events.txt
uthgar.36,fae_uthgar.36,fae_uthgar,character_event,character_event,default,yes,yes,1.000,10,10,,,,events/faerun_uthgardt_events.txt
uthgar.37,fae_uthgar.37,fae_uthgar,character_event,character_event,faith,yes,no,0.625,5,8,score;dead_call,uthgar.38,UTHGAR.37a;UTHGAR.37,events/faerun_uthgardt_events.txt
uthgar.38,fae_uthgar.38,fae_uthgar,character_event,character_event,faith,yes,no,0.250,2,8,score;from_scope;dead_call;unsaved_scope,uthgar.39,UTHGAR.38a;UTHGAR.38b;UTHGAR.38,events/faerun_uthgardt_events.txt
uthgar.39,fae_uthgar.39,fae_uthgar,character_event,character_event,faith,yes,no,0.000,0,1,score,,UTHGAR.39a;UTHGAR.39,events/faerun_uthgardt_events.txt
uthgar.4,fae_uthgar.4,fae_uthgar,character_event,character_event,faith,yes,no,0.000,0,5,score;dead_call,uthgar.1,UTHGAR.4.a;UTHGAR.4.b;TB_OPT_BACK;UTHGAR.1,events/faerun_uthgardt_events.txt
uthgar.40,fae_uthgar.40,fae_uthgar,character_event,character_event,faith,yes,no,0.500,1,2,score,,UTHGAR.40a;UTHGAR.40,events/faerun_uthgardt_events.txt
uthgar.41,fae_uthgar.41,fae_uthgar,character_event,character_event,faith,yes,yes,1.000,1,1,,,UTHGAR.40a;UTHGAR.41,events/faerun_uthgardt_events.txt
uthgar.42,fae_uthgar.42,fae_uthgar,character_event,character_event,faith,yes,no,0.500,1,2,score,,UTHGAR.42a;UTHGAR.42,events/faerun_uthgardt_events.txt
uthgar.43,fae_uthgar.43,fae_uthgar,character_event,character_event,faith,yes,yes,1.000,2,2,,,UTHGAR.42a;UTHGAR.43,events/faerun_uthgardt_events.txt
uthgar.44,fae_uthgar.44,fae_uthgar,character_event,character_event,faith,yes,no,0.643,9,14,score,,UTHGAR.44a;UTHGAR.44,events/faerun_uthgardt_events.txt
uthgar.45,fae_uthgar.45,fae_uthgar,character_event,character_event,faith,yes,yes,1.000,9,9,,,UTHGAR.44a;UTHGAR.45,events/faerun_uthgardt_events.txt
uthgar.46,fae_uthgar.46,fae_uthgar,character_event,character_event,mental_health,yes,no,0.636,7,11,score,,EVTOPTA_TOG_650;EVTDESC_TOG_650,events/faerun_uthgardt_events.txt
uthgar.47,fae_uthgar.47,fae_uthgar,character_event,character_event,mental_health,yes,no,0.400,2,5,score,,EVTOPTA_TOG_651;EVTOPTB_TOG_651;EVTDESC_TOG_651,events/faerun_uthgardt_events.txt
uthgar.48,fae_uthgar.48,fae_uthgar,character_event,character_event,default,yes,no,0.889,16,18,score;dead_call,uthgar.49,,events/faerun_uthgardt_events.txt
uthgar.49,fae_uthgar.49,fae_uthgar,character_event,character_event,faith,yes,no,0.000,0,4,score;from_scope;dead_call;unsaved_scope,uthgar.50,EVTOPTA_TOG_653;EVTDESC_TOG_653,events/faerun_uthgardt_events.txt
uthgar.5,fae_uthgar.5,fae_uthgar,character_event,character_event,faith,yes,no,0.486,18,37,score;from_scope;unsaved_scope,,UTHGAR.5.a;UTHGAR.5.b;UTHGAR.5,events/faerun_uthgardt_events.txt
uthgar.50,fae_uthgar.50,fae_uthgar,character_event,character_event,faith,yes,no,0.000,0,1,score,,EVTOPTA_TOG_654;EVTDESC_TOG_654,events/faerun_uthgardt_events.txt
uthgar.51,fae_uthgar.51,fae_uthgar,character_event,character_event,faith,yes,no,0.000,0,1,score,,EVTOPTA_TOG_655;EVTDESC_TOG_655,events/faerun_uthgardt_events.txt
uthgar.52,fae_uthgar.52,fae_uthgar,character_event,character_event,mental_health,yes,no,0.636,7,11,score,,EVTOPTA_TOG_656;EVTDESC_TOG_656,events/faerun_uthgardt_events.txt
uthgar.53,fae_uthgar.53,fae_uthgar,character_event,character_event,mental_health,yes,no,0.400,2,5,score,,EVTOPTA_TOG_657;EVTOPTB_TOG_657;EVTDESC_TOG_657,events/faerun_uthgardt_events.txt
uthgar.54,fae_uthgar.54,fae_uthgar,character_event,character_event,faith,yes,no,0.611,11,18,score,,EVTOPTA_TOG_658;EVTOPTB_TOG_658;EVTDESC_TOG_658,events/faerun_uthgardt_events.txt
uthgar.55,fae_uthgar.55,fae_uthgar,character_event,character_event,faith,yes,no,0.667,8,12,score;from_scope;unsaved_scope,,EVTOPTA_TOG_659;EVTOPTB_TOG_659;EVTOPTC_TOG_659;EVTDESC_TOG_659,events/faerun_uthgardt_events.txt
uthgar.56,fae_uthgar.56,fae_uthgar,character_event,character_event,default,yes,no,0.818,18,22,score;dead_call,uthgar.57,,events/faerun_uthgardt_events.txt
uthgar.57,fae_uthgar.57,fae_uthgar,character_event,character_event,faith,yes,no,0.000,0,2,score,,EVTOPTA_TOG_661;EVTDESC_TOG_661,events/faerun_uthgardt_events.txt
uthgar.58,fae_uthgar.58,fae_uthgar,character_event,character_event,faith,yes,no,0.000,0,1,score,,EVTOPTA_TOG_661;EVTDESC_TOG_661,events/faerun_uthgardt_events.txt
uthgar.59,fae_uthgar.59,fae_uthgar,character_event,character_event,default,yes,no,0.833,10,12,score;dead_call,uthgar.46,,events/faerun_uthgardt_events.txt
uthgar.6,fae_uthgar.6,fae_uthgar,character_event,character_event,default,yes,no,0.250,1,4,score,,,events/faerun_uthgardt_events.txt
uthgar.60,fae_uthgar.60,fae_uthgar,character_event,character_event,default,yes,no,0.833,10,12,score;dead_call,uthgar.48,,events/faerun_uthgardt_events.txt
uthgar.61,fae_uthgar.61,fae_uthgar,character_event,character_event,default,yes,no,0.833,10,12,score;dead_call,uthgar.52,,events/faerun_uthgardt_events.txt
uthgar.62,fae_uthgar.62,fae_uthgar,character_event,character_event,default,yes,no,0.857,12,14,score;dead_call,uthgar.54,,events/faerun_uthgardt_events.txt
uthgar.63,fae_uthgar.63,fae_uthgar,character_event,character_event,default,yes,no,0.920,23,25,score;dead_call,uthgar.56,,events/faerun_uthgardt_events.txt
uthgar.7,fae_uthgar.7,fae_uthgar,character_event,character_event,default,yes,no,0.423,11,26,score;from_scope;unsaved_scope,,,events/faerun_uthgardt_events.txt
uthgar.8,fae_uthgar.8,fae_uthgar,character_event,character_event,default,yes,no,0.250,2,8,score,,,events/faerun_uthgardt_events.txt
uthgar.9,fae_uthgar.9,fae_uthgar,character_event,character_event,default,yes,no,0.333,2,6,score,,,events/faerun_uthgardt_events.txt
wizinit.10,fae_wizinit.10,fae_wizinit,character_event,character_event,learning,yes,yes,1.000,0,0,,,OK;WIZINIT.10,events/faerun_wizard_init.txt
wizinit.11,fae_wizinit.11,fae_wizinit,character_event,character_event,witchcraft,yes,no,0.111,2,18,score;dead_call,wizinit.12;wizinit.22;wizinit.24,WIZINIT.11.a;WIZINIT.11.b;WIZINIT.11.c;WIZINIT.11,events/faerun_wizard_init.txt
wizinit.12,fae_wizinit.12,fae_wizinit,character_event,character_event,faith,yes,no,0.391,18,46,score;dead_call,wizinit.19;wizinit.20;wizinit.21,WIZINIT.12.a;WIZINIT.12.b;WIZINIT.12.c;WIZINIT.12.1;WIZINIT.12.2;WIZINIT.12.3,events/faerun_wizard_init.txt
wizinit.13,fae_wizinit.13,fae_wizinit,character_event,character_event,faith,yes,no,0.900,9,10,score,generalmisc.52,WIZINIT.13.a;WIZINIT.13;WIZINIT.13;WIZINIT.13,events/faerun_wizard_init.txt
wizinit.14,fae_wizinit.14,fae_wizinit,character_event,character_event,default,yes,yes,1.000,9,9,,,,events/faerun_wizard_init.txt
wizinit.15,fae_wizinit.15,fae_wizinit,character_event,character_event,default,yes,no,0.400,2,5,score;from_scope;dead_call;unsaved_scope,wizinit.16;wizinit.15,,events/faerun_wizard_init.txt
wizinit.16,fae_wizinit.16,fae_wizinit,character_event,character_event,learning,yes,yes,1.000,0,0,,,OK;WIZINIT.16,events/faerun_wizard_init.txt
wizinit.17,fae_wizinit.17,fae_wizinit,character_event,character_event,faith,yes,no,0.289,11,38,score;dead_call,wizinit.19;wizinit.20;wizinit.21,WIZINIT.17.a;WIZINIT.12.b;WIZINIT.17.c;WIZINIT.17,events/faerun_wizard_init.txt
wizinit.18,fae_wizinit.18,fae_wizinit,character_event,character_event,faith,yes,no,0.426,20,47,score;dead_call,generalmisc.52;wizinit.19;wizinit.20;wizinit.21,WIZINIT.18.a;WIZINIT.12.b;WIZINIT.17.c;WIZINIT.18;WIZINIT.18;WIZINIT.18,events/faerun_wizard_init.txt
wizinit.19,fae_wizinit.19,fae_wizinit,character_event,character_event,faith,yes,no,0.900,9,10,score,generalmisc.52,WIZINIT.19.a;WIZINIT.19;WIZINIT.19;WIZINIT.19,events/faerun_wizard_init.txt
wizinit.20,fae_wizinit.20,fae_wizinit,character_event,character_event,faith,yes,no,0.667,8,12,score,,WIZINIT.20.a;WIZINIT.20;WIZINIT.20;WIZINIT.20,events/faerun_wizard_init.txt
wizinit.21,fae_wizinit.21,fae_wizinit,character_event,character_event,faith,yes,no,0.889,8,9,score,,WIZINIT.21.a;WIZINIT.21;WIZINIT.21;WIZINIT.21,events/faerun_wizard_init.txt
wizinit.22,fae_wizinit.22,fae_wizinit,character_event,character_event,default,yes,no,0.167,3,18,score;dead_call,wizinit.12;wizinit.12;wizinit.12;wizinit.23,WIZINIT.22.a;WIZINIT.22.b;WIZINIT.22.c;TB_OPT_MORE;WIZINIT.22,events/faerun_wizard_init.txt
wizinit.23,fae_wizinit.23,fae_wizinit,character_event,character_event,default,yes,no,0.214,3,14,score;dead_call,wizinit.12;wizinit.22,WIZINIT.23.a;TB_OPT_BACK;EXIT;WIZINIT.22,events/faerun_wizard_init.txt
wizinit.24,fae_wizinit.24,fae_wizinit,character_event,character_event,default,yes,no,0.333,5,15,score;dead_call,wizinit.12;wizinit.12;wizinit.12,WIZINIT.24.a;WIZINIT.24.b;WIZINIT.24.c;EXIT;WIZINIT.24,events/faerun_wizard_init.txt
wizinit.25,fae_wizinit.25,fae_wizinit,character_event,character_event,default,yes,no,0.250,2,8,score,generalmisc.52,WIZINIT.25.a;WIZINIT.25,events/faerun_wizard_init.txt
wizinit.26,fae_wizinit.26,fae_wizinit,character_event,character_event,witchcraft,yes,no,0.667,2,3,score,,WIZINIT.26.a;WIZINIT.26.b;WIZINIT.26,events/faerun_wizard_init.txt
wizinit.27,fae_wizinit.27,fae_wizinit,character_event,character_event,witchcraft,yes,no,0.000,0,1,score,,WIZINIT.27.a;WIZINIT.27,events/faerun_wizard_init.txt
wizinit.28,fae_wizinit.28,fae_wizinit,character_event,character_event,default,yes,no,0.727,8,11,score;dead_call,wizinit.29,WIZINIT.28.a;WIZINIT.28,events/faerun_wizard_init.txt
wizinit.29,fae_wizinit.29,fae_wizinit,character_event,character_event,default,yes,no,0.333,1,3,score,wizinit.30,,events/faerun_wizard_init.txt
wizinit.3,fae_wizinit.3,fae_wizinit,character_event,character_event,learning,yes,no,0.474,9,19,score;dead_call,wizinit.4,WIZSPEC1;WIZSPEC2;WIZSPEC3;TB_OPT_MORE;OK;OK;OK;OK;OK;WIZSPECDESC,events/faerun_wizard_init.txt
wizinit.30,fae_wizinit.30,fae_wizinit,character_event,character_event,learning,yes,yes,1.000,0,0,,,OK;WIZINIT.30,events/faerun_wizard_init.txt
wizinit.31,fae_wizinit.31,fae_wizinit,character_event,character_event,learning,yes,no,0.133,4,30,score;dead_call,wizinit.32,WIZINIT.31.a;WIZINIT.31,events/faerun_wizard_init.txt
wizinit.32,fae_wizinit.32,fae_wizinit,character_event,character_event,default,yes,no,0.333,1,3,score,wizinit.33,,events/faerun_wizard_init.txt
wizinit.33,fae_wizinit.33,fae_wizinit,character_event,character_event,learning,yes,yes,1.000,0,0,,,OK;WIZINIT.33,events/faerun_wizard_init.txt
wizinit.34,fae_wizinit.34,fae_wizinit,character_event,character_event,default,yes,no,0.400,10,25,score;dead_call,wizinit.35,WIZINIT.34.a;WIZINIT.34,events/faerun_wizard_init.txt
wizinit.35,fae_wizinit.35,fae_wizinit,character_event,character_event,default,yes,no,0.333,1,3,score,wizinit.36,,events/faerun_wizard_init.txt
wizinit.36,fae_wizinit.36,fae_wizinit,character_event,character_event,learning,yes,yes,1.000,0,0,,,OK;WIZINIT.36,events/faerun_wizard_init.txt
wizinit.37,fae_wizinit.37,fae_wizinit,character_event,character_event,default,yes,no,0.333,1,3,score,wizinit.36,,events/faerun_wizard_init.txt
wizinit.4,fae_wizinit.4,fae_wizinit,character_event,character_event,learning,yes,no,0.750,3,4,score;dead_call,wizinit.5,WIZSPEC4;WIZSPEC5;WIZSPEC6;TB_OPT_MORE;WIZSPECDESC,events/faerun_wizard_init.txt
wizinit.5,fae_wizinit.5,fae_wizinit,character_event,character_event,learning,yes,no,0.500,2,4,score;dead_call,wizinit.3,WIZSPEC7;WIZSPEC8;TB_OPT_BACK;WIZSPECDESC,events/faerun_wizard_init.txt
wizinit.6,fae_wizinit.6,fae_wizinit,character_event,character_event,learning,yes,yes,1.000,1,1,,,WIZINIT.6.a;WIZINIT.6,events/faerun_wizard_init.txt
wizinit.7,fae_wizinit.7,fae_wizinit,character_event,character_event,default,yes,no,0.143,2,14,score,,WIZINIT.7.a;WIZINIT.7.b;WIZINIT.7,events/faerun_wizard_init.txt
wizinit.8,fae_wizinit.8,fae_wizinit,character_event,character_event,default,yes,no,0.346,27,78,score;dead_call,wizinit.9,WIZINIT.8.a;WIZINIT.8,events/faerun_wizard_init.txt
wizinit.9,fae_wizinit.9,fae_wizinit,character_event,character_event,default,yes,no,0.400,2,5,score,wizinit.10,,events/faerun_wizard_init.txt
womenstatusmaint.1,fae_womenstatusmaint.1,fae_womenstatusmaint,character_event,character_event,default,yes,no,0.091,2,22,score,,,events/faerun_status_of_women_maintenance.txt
yikaria.1,fae_yikaria.1,fae_yikaria,character_event,character_event,default,yes,no,0.389,7,18,score;from_scope;dead_call;unsaved_scope,frxp.1;yikaria.2,,events/faerun_yikaria.txt
yikaria.2,fae_yikaria.2,fae_yikaria,character_event,character_event,default,yes,no,0.000,0,1,score,,,events/faerun_yikaria.txt
