field,value,uses
picture,GFX_evt_bishop,113
picture,GFX_evt_relic_box,90
picture,GFX_evt_wizard,54
picture,GFX_evt_melee,44
picture,GFX_evt_vampire_1,43
picture,GFX_evt_angels_1,33
picture,GFX_evt_library,28
picture,GFX_evt_dark_prayer,24
picture,GFX_evt_werewolf,23
picture,GFX_evt_savage_frontier,20
picture,GFX_evt_experiment,17
picture,GFX_evt_joust,17
picture,GFX_evt_viking_throneroom_oldgods,16
picture,GFX_evt_stressed_ruler,15
picture,GFX_evt_steppe_mercenaries,15
picture,GFX_evt_shady_meeting,14
picture,GFX_evt_bandits,13
picture,GFX_evt_battle,13
picture,GFX_evt_gathering_of_minds,12
picture,GFX_evt_magic_ritual,12
picture,GFX_evt_large_army,11
picture,GFX_evt_duel_scene,11
picture,GFX_evt_feast,11
picture,GFX_evt_tribal_shrine,11
picture,GFX_evt_abyss_1,10
picture,GFX_evt_into_the_dungeon,9
picture,GFX_evt_adventurers_3,9
picture,GFX_evt_market,9
picture,GFX_evt_lovers,9
picture,GFX_evt_wizard_2,9
picture,GFX_evt_adventurers,8
picture,GFX_evt_burning_house,8
picture,GFX_evt_council,8
picture,GFX_evt_secret_ceremony,8
picture,GFX_evt_religious_exultation,8
picture,GFX_evt_whispers,8
picture,GFX_evt_vikings_arriving_oldgods,7
picture,GFX_evt_adventurers_2,7
picture,GFX_evt_catching_heretic,7
picture,GFX_evt_fire_imp,7
picture,GFX_evt_dragon_1,7
picture,GFX_evt_acererak_1,7
picture,GFX_evt_midwinter_blot_oldgods,7
picture,GFX_evt_angels_2,7
picture,GFX_evt_bloodlines,6
picture,GFX_evt_died_battle,6
picture,GFX_evt_quarrel,6
picture,GFX_evt_hunt,6
picture,GFX_evt_emissary,6
picture,GFX_evt_bad_news,6
picture,GFX_evt_orcs,6
picture,GFX_evt_underdark_1,5
picture,GFX_evt_castle_construction,5
picture,GFX_evt_treasure,5
picture,GFX_evt_noble_in_castle,5
picture,GFX_evt_mind_flayers_2,5
picture,GFX_evt_kraken,5
picture,GFX_evt_gossip_1,5
picture,GFX_evt_bhaalspawn,5
picture,GFX_evt_carnage_1,4
picture,GFX_evt_eavesdropping,4
picture,GFX_evt_drunk,4
picture,GFX_evt_death,4
picture,GFX_evt_death_knight,4
picture,GFX_evt_imam,4
picture,GFX_evt_emissary_arabic,4
picture,GFX_evt_waterdeep_1,4
picture,GFX_evt_huzuz_1,4
picture,GFX_evt_demons_1,4
picture,GFX_evt_torture,4
picture,GFX_evt_secluded_in_prayer,4
picture,GFX_evt_birth,3
picture,GFX_evt_illness,3
picture,GFX_evt_suspicious_noble,3
picture,GFX_evt_blue_fire_1,3
picture,GFX_evt_ioun_stones,3
picture,GFX_evt_lunatic,3
picture,GFX_evt_scandal,3
picture,GFX_evt_peasants,3
picture,GFX_evt_child_reading,3
picture,GFX_evt_doge_republic,3
picture,GFX_evt_born_purple_byzantine,3
picture,GFX_evt_blue_fire_3,3
picture,GFX_evt_festival_1,3
picture,GFX_evt_riders_night_hf,3
picture,GFX_evt_siege,3
picture,GFX_evt_barbarian_1,3
picture,GFX_evt_council_quarrelling,3
picture,GFX_evt_magic_2,3
picture,GFX_evt_zhentilar_1,2
picture,GFX_evt_plane_limbo_1,2
picture,GFX_evt_norse_tempest,2
picture,GFX_evt_adventurers_4,2
picture,GFX_evt_castle_3,2
picture,GFX_evt_burning_house_arabic,2
picture,GFX_evt_spelljammer_1,2
picture,GFX_evt_modrons_1,2
picture,GFX_evt_scholar_1,2
picture,GFX_evt_weaponsmith,2
picture,GFX_evt_book_carolingian_script,2
picture,GFX_evt_shadowy_cabal,2
picture,GFX_evt_marriage,2
picture,GFX_evt_noble_haughty_talking_to_peasants,2
picture,GFX_evt_busy_trading_dock_republic,2
picture,GFX_evt_rival_rulers,2
picture,GFX_evt_dragon_3,2
picture,GFX_evt_forest_a,2
picture,GFX_evt_rider_1,2
picture,GFX_evt_courtiers_talking,2
picture,GFX_evt_recovery,2
picture,GFX_evt_tribal_lands,2
picture,GFX_evt_forest_b,2
picture,GFX_evt_savannah_a,2
picture,GFX_evt_monastery_monks,2
picture,GFX_evt_bane_1,2
picture,GFX_evt_yikarian,2
picture,GFX_evt_jugglers,2
picture,GFX_evt_courier,2
picture,GFX_evt_runecaster_1,2
picture,GFX_evt_northlander_raid,2
picture,GFX_evt_prisoner_hf,2
picture,GFX_evt_china_expansionist,2
picture,GFX_evt_drow_2,2
picture,GFX_evt_drow_3,2
picture,GFX_evt_zakhara_ruins,2
picture,GFX_evt_sarya,2
picture,GFX_evt_red_wizards_1,2
picture,GFX_evt_shaman,2
picture,GFX_evt_brothel,2
picture,GFX_evt_genie_1,2
picture,GFX_evt_desert_rider,2
picture,GFX_evt_china_diplomatic_success,2
picture,GFX_evt_impalement,2
picture,GFX_evt_children_talking,1
picture,GFX_evt_sahuagin_1,1
picture,GFX_evt_aquatic_tomb,1
picture,GFX_evt_sneak_attack,1
picture,GFX_evt_camp_fire,1
picture,GFX_evt_high_forest,1
picture,GFX_evt_ruins_1,1
picture,GFX_evt_dungeons_1,1
picture,GFX_evt_traps_1,1
picture,GFX_evt_magic_cave,1
picture,"Block(entries=[Node(leading_comments=[], trailing_comment=None, blank_before=False, line=3335, key='trigger', op='=', value=Block(entries=[Node(leading_comments=[], trailing_comment=None, blank_before=False, line=3335, key='event_target:final_boss', op='=', value=Block(entries=[Node(leading_comments=[], trailing_comment=None, blank_before=False, line=3335, key='culture', op='=', value='orc', quoted_key=False, quoted_value=False)], end_comments=[], multiline=False), quoted_key=False, quoted_value=False)], end_comments=[], multiline=False), quoted_key=False, quoted_value=False), Node(leading_comments=[], trailing_comment=None, blank_before=False, line=3336, key='picture', op='=', value='GFX_evt_orcs', quoted_key=False, quoted_value=False)], end_comments=[], multiline=False)",1
picture,"Block(entries=[Node(leading_comments=[], trailing_comment=None, blank_before=False, line=3339, key='trigger', op='=', value=Block(entries=[Node(leading_comments=[], trailing_comment=None, blank_before=False, line=3339, key='event_target:final_boss', op='=', value=Block(entries=[Node(leading_comments=[], trailing_comment=None, blank_before=False, line=3339, key='culture', op='=', value='goblin', quoted_key=False, quoted_value=False)], end_comments=[], multiline=False), quoted_key=False, quoted_value=False)], end_comments=[], multiline=False), quoted_key=False, quoted_value=False), Node(leading_comments=[], trailing_comment=None, blank_before=False, line=3340, key='picture', op='=', value='GFX_evt_goblin_1', quoted_key=False, quoted_value=False)], end_comments=[], multiline=False)",1
picture,"Block(entries=[Node(leading_comments=[], trailing_comment=None, blank_before=False, line=3343, key='trigger', op='=', value=Block(entries=[Node(leading_comments=[], trailing_comment=None, blank_before=False, line=3343, key='event_target:final_boss', op='=', value=Block(entries=[Node(leading_comments=[], trailing_comment=None, blank_before=False, line=3343, key='culture', op='=', value='hobgoblin', quoted_key=False, quoted_value=False)], end_comments=[], multiline=False), quoted_key=False, quoted_value=False)], end_comments=[], multiline=False), quoted_key=False, quoted_value=False), Node(leading_comments=[], trailing_comment=None, blank_before=False, line=3344, key='picture', op='=', value='GFX_evt_hobgoblin_1', quoted_key=False, quoted_value=False)], end_comments=[], multiline=False)",1
picture,"Block(entries=[Node(leading_comments=[], trailing_comment=None, blank_before=False, line=3347, key='trigger', op='=', value=Block(entries=[Node(leading_comments=[], trailing_comment=None, blank_before=False, line=3347, key='event_target:final_boss', op='=', value=Block(entries=[Node(leading_comments=[], trailing_comment=None, blank_before=False, line=3347, key='culture', op='=', value='bugbear', quoted_key=False, quoted_value=False)], end_comments=[], multiline=False), quoted_key=False, quoted_value=False)], end_comments=[], multiline=False), quoted_key=False, quoted_value=False), Node(leading_comments=[], trailing_comment=None, blank_before=False, line=3348, key='picture', op='=', value='GFX_evt_bugbear_1', quoted_key=False, quoted_value=False)], end_comments=[], multiline=False)",1
picture,"Block(entries=[Node(leading_comments=[], trailing_comment=None, blank_before=False, line=3351, key='trigger', op='=', value=Block(entries=[Node(leading_comments=[], trailing_comment=None, blank_before=False, line=3351, key='event_target:final_boss', op='=', value=Block(entries=[Node(leading_comments=[], trailing_comment=None, blank_before=False, line=3351, key='culture', op='=', value='gnoll', quoted_key=False, quoted_value=False)], end_comments=[], multiline=False), quoted_key=False, quoted_value=False)], end_comments=[], multiline=False), quoted_key=False, quoted_value=False), Node(leading_comments=[], trailing_comment=None, blank_before=False, line=3352, key='picture', op='=', value='GFX_evt_gnoll_1', quoted_key=False, quoted_value=False)], end_comments=[], multiline=False)",1
picture,"Block(entries=[Node(leading_comments=[], trailing_comment=None, blank_before=False, line=3355, key='trigger', op='=', value=Block(entries=[Node(leading_comments=[], trailing_comment=None, blank_before=False, line=3355, key='event_target:final_boss', op='=', value=Block(entries=[Node(leading_comments=[], trailing_comment=None, blank_before=False, line=3355, key='culture', op='=', value='ogre', quoted_key=False, quoted_value=False)], end_comments=[], multiline=False), quoted_key=False, quoted_value=False)], end_comments=[], multiline=False), quoted_key=False, quoted_value=False), Node(leading_comments=[], trailing_comment=None, blank_before=False, line=3356, key='picture', op='=', value='GFX_evt_ogre_1', quoted_key=False, quoted_value=False)], end_comments=[], multiline=False)",1
picture,"Block(entries=[Node(leading_comments=[], trailing_comment=None, blank_before=False, line=3359, key='trigger', op='=', value=Block(entries=[Node(leading_comments=[], trailing_comment=None, blank_before=False, line=3359, key='event_target:final_boss', op='=', value=Block(entries=[Node(leading_comments=[], trailing_comment=None, blank_before=False, line=3359, key='culture', op='=', value='kobold', quoted_key=False, quoted_value=False)], end_comments=[], multiline=False), quoted_key=False, quoted_value=False)], end_comments=[], multiline=False), quoted_key=False, quoted_value=False), Node(leading_comments=[], trailing_comment=None, blank_before=False, line=3360, key='picture', op='=', value='GFX_evt_kobold_1', quoted_key=False, quoted_value=False)], end_comments=[], multiline=False)",1
picture,"Block(entries=[Node(leading_comments=[], trailing_comment=None, blank_before=False, line=3363, key='trigger', op='=', value=Block(entries=[Node(leading_comments=[], trailing_comment=None, blank_before=False, line=3363, key='event_target:final_boss', op='=', value=Block(entries=[Node(leading_comments=[], trailing_comment=None, blank_before=False, line=3363, key='culture', op='=', value='drow', quoted_key=False, quoted_value=False)], end_comments=[], multiline=False), quoted_key=False, quoted_value=False)], end_comments=[], multiline=False), quoted_key=False, quoted_value=False), Node(leading_comments=[], trailing_comment=None, blank_before=False, line=3364, key='picture', op='=', value='GFX_evt_drow_1', quoted_key=False, quoted_value=False)], end_comments=[], multiline=False)",1
picture,"Block(entries=[Node(leading_comments=[], trailing_comment=None, blank_before=False, line=3367, key='trigger', op='=', value=Block(entries=[Node(leading_comments=[], trailing_comment=None, blank_before=False, line=3367, key='event_target:final_boss', op='=', value=Block(entries=[Node(leading_comments=[], trailing_comment=None, blank_before=False, line=3367, key='culture', op='=', value='sahuagin', quoted_key=False, quoted_value=False)], end_comments=[], multiline=False), quoted_key=False, quoted_value=False)], end_comments=[], multiline=False), quoted_key=False, quoted_value=False), Node(leading_comments=[], trailing_comment=None, blank_before=False, line=3368, key='picture', op='=', value='GFX_evt_sahuagin_1', quoted_key=False, quoted_value=False)], end_comments=[], multiline=False)",1
picture,"Block(entries=[Node(leading_comments=[], trailing_comment=None, blank_before=False, line=3371, key='trigger', op='=', value=Block(entries=[Node(leading_comments=[], trailing_comment=None, blank_before=False, line=3371, key='event_target:final_boss', op='=', value=Block(entries=[Node(leading_comments=[], trailing_comment=None, blank_before=False, line=3371, key='trait', op='=', value='undead', quoted_key=False, quoted_value=False)], end_comments=[], multiline=False), quoted_key=False, quoted_value=False)], end_comments=[], multiline=False), quoted_key=False, quoted_value=False), Node(leading_comments=[], trailing_comment=None, blank_before=False, line=3372, key='picture', op='=', value='GFX_evt_undead_3', quoted_key=False, quoted_value=False)], end_comments=[], multiline=False)",1
picture,"Block(entries=[Node(leading_comments=[], trailing_comment=None, blank_before=False, line=3375, key='trigger', op='=', value=Block(entries=[Node(leading_comments=[], trailing_comment=None, blank_before=False, line=3375, key='event_target:final_boss', op='=', value=Block(entries=[Node(leading_comments=[], trailing_comment=None, blank_before=False, line=3375, key='culture', op='=', value='ogre_magi', quoted_key=False, quoted_value=False)], end_comments=[], multiline=False), quoted_key=False, quoted_value=False)], end_comments=[], multiline=False), quoted_key=False, quoted_value=False), Node(leading_comments=[], trailing_comment=None, blank_before=False, line=3376, key='picture', op='=', value='GFX_evt_ogre_magi', quoted_key=False, quoted_value=False)], end_comments=[], multiline=False)",1
picture,"Block(entries=[Node(leading_comments=[], trailing_comment=None, blank_before=False, line=3379, key='trigger', op='=', value=Block(entries=[Node(leading_comments=[], trailing_comment=None, blank_before=False, line=3379, key='event_target:final_boss', op='=', value=Block(entries=[Node(leading_comments=[], trailing_comment=None, blank_before=False, line=3379, key='culture', op='=', value='troll', quoted_key=False, quoted_value=False)], end_comments=[], multiline=False), quoted_key=False, quoted_value=False)], end_comments=[], multiline=False), quoted_key=False, quoted_value=False), Node(leading_comments=[], trailing_comment=None, blank_before=False, line=3380, key='picture', op='=', value='GFX_evt_troll_1', quoted_key=False, quoted_value=False)], end_comments=[], multiline=False)",1
picture,"Block(entries=[Node(leading_comments=[], trailing_comment=None, blank_before=False, line=3383, key='trigger', op='=', value=Block(entries=[Node(leading_comments=[], trailing_comment=None, blank_before=False, line=3383, key='event_target:final_boss', op='=', value=Block(entries=[Node(leading_comments=[], trailing_comment=None, blank_before=False, line=3383, key='culture', op='=', value='minotaur', quoted_key=False, quoted_value=False)], end_comments=[], multiline=False), quoted_key=False, quoted_value=False)], end_comments=[], multiline=False), quoted_key=False, quoted_value=False), Node(leading_comments=[], trailing_comment=None, blank_before=False, line=3384, key='picture', op='=', value='GFX_evt_minotaur_1', quoted_key=False, quoted_value=False)], end_comments=[], multiline=False)",1
picture,"Block(entries=[Node(leading_comments=[], trailing_comment=None, blank_before=False, line=3387, key='trigger', op='=', value=Block(entries=[Node(leading_comments=[], trailing_comment=None, blank_before=False, line=3387, key='event_target:final_boss', op='=', value=Block(entries=[Node(leading_comments=[], trailing_comment=None, blank_before=False, line=3387, key='trait', op='=', value='creature_giant', quoted_key=False, quoted_value=False)], end_comments=[], multiline=False), quoted_key=False, quoted_value=False)], end_comments=[], multiline=False), quoted_key=False, quoted_value=False), Node(leading_comments=[], trailing_comment=None, blank_before=False, line=3388, key='picture', op='=', value='GFX_evt_giant_fire', quoted_key=False, quoted_value=False)], end_comments=[], multiline=False)",1
picture,"Block(entries=[Node(leading_comments=[], trailing_comment=None, blank_before=False, line=3391, key='trigger', op='=', value=Block(entries=[Node(leading_comments=[], trailing_comment=None, blank_before=False, line=3391, key='event_target:final_boss', op='=', value=Block(entries=[Node(leading_comments=[], trailing_comment=None, blank_before=False, line=3391, key='culture', op='=', value='illithid', quoted_key=False, quoted_value=False)], end_comments=[], multiline=False), quoted_key=False, quoted_value=False)], end_comments=[], multiline=False), quoted_key=False, quoted_value=False), Node(leading_comments=[], trailing_comment=None, blank_before=False, line=3392, key='picture', op='=', value='GFX_evt_mind_flayers_2', quoted_key=False, quoted_value=False)], end_comments=[], multiline=False)",1
picture,"Block(entries=[Node(leading_comments=[], trailing_comment=None, blank_before=False, line=3395, key='trigger', op='=', value=Block(entries=[Node(leading_comments=[], trailing_comment=None, blank_before=False, line=3395, key='event_target:final_boss', op='=', value=Block(entries=[Node(leading_comments=[], trailing_comment=None, blank_before=False, line=3395, key='culture', op='=', value='beholder', quoted_key=False, quoted_value=False)], end_comments=[], multiline=False), quoted_key=False, quoted_value=False)], end_comments=[], multiline=False), quoted_key=False, quoted_value=False), Node(leading_comments=[], trailing_comment=None, blank_before=False, line=3396, key='picture', op='=', value='GFX_evt_beholder_1', quoted_key=False, quoted_value=False)], end_comments=[], multiline=False)",1
picture,"Block(entries=[Node(leading_comments=[], trailing_comment=None, blank_before=False, line=3399, key='trigger', op='=', value=Block(entries=[Node(leading_comments=[], trailing_comment=None, blank_before=False, line=3399, key='event_target:final_boss', op='=', value=Block(entries=[Node(leading_comments=[], trailing_comment=None, blank_before=False, line=3399, key='culture', op='=', value='aboleth', quoted_key=False, quoted_value=False)], end_comments=[], multiline=False), quoted_key=False, quoted_value=False)], end_comments=[], multiline=False), quoted_key=False, quoted_value=False), Node(leading_comments=[], trailing_comment=None, blank_before=False, line=3400, key='picture', op='=', value='GFX_evt_aboleth_1', quoted_key=False, quoted_value=False)], end_comments=[], multiline=False)",1
picture,"Block(entries=[Node(leading_comments=[], trailing_comment=None, blank_before=False, line=3403, key='trigger', op='=', value=Block(entries=[Node(leading_comments=[], trailing_comment=None, blank_before=False, line=3403, key='event_target:final_boss', op='=', value=Block(entries=[Node(leading_comments=[], trailing_comment=None, blank_before=False, line=3403, key='trait', op='=', value='creature_dragon', quoted_key=False, quoted_value=False)], end_comments=[], multiline=False), quoted_key=False, quoted_value=False)], end_comments=[], multiline=False), quoted_key=False, quoted_value=False), Node(leading_comments=[], trailing_comment=None, blank_before=False, line=3404, key='picture', op='=', value='GFX_evt_dragon_2', quoted_key=False, quoted_value=False)], end_comments=[], multiline=False)",1
picture,"Block(entries=[Node(leading_comments=[], trailing_comment=None, blank_before=False, line=3407, key='trigger', op='=', value=Block(entries=[Node(leading_comments=[], trailing_comment=None, blank_before=False, line=3407, key='event_target:final_boss', op='=', value=Block(entries=[Node(leading_comments=[], trailing_comment=None, blank_before=False, line=3407, key='trait', op='=', value='vampire', quoted_key=False, quoted_value=False)], end_comments=[], multiline=False), quoted_key=False, quoted_value=False)], end_comments=[], multiline=False), quoted_key=False, quoted_value=False), Node(leading_comments=[], trailing_comment=None, blank_before=False, line=3408, key='picture', op='=', value='GFX_evt_vampire_1', quoted_key=False, quoted_value=False)], end_comments=[], multiline=False)",1
picture,"Block(entries=[Node(leading_comments=[], trailing_comment=None, blank_before=False, line=3411, key='trigger', op='=', value=Block(entries=[Node(leading_comments=[], trailing_comment=None, blank_before=False, line=3411, key='event_target:final_boss', op='=', value=Block(entries=[Node(leading_comments=[], trailing_comment=None, blank_before=False, line=3411, key='trait', op='=', value='natural_lycanthrope', quoted_key=False, quoted_value=False)], end_comments=[], multiline=False), quoted_key=False, quoted_value=False)], end_comments=[], multiline=False), quoted_key=False, quoted_value=False), Node(leading_comments=[], trailing_comment=None, blank_before=False, line=3412, key='picture', op='=', value='GFX_evt_werewolf', quoted_key=False, quoted_value=False)], end_comments=[], multiline=False)",1
picture,"Block(entries=[Node(leading_comments=[], trailing_comment=None, blank_before=False, line=3415, key='trigger', op='=', value=Block(entries=[Node(leading_comments=[], trailing_comment=None, blank_before=False, line=3415, key='event_target:final_boss', op='=', value=Block(entries=[Node(leading_comments=[], trailing_comment=None, blank_before=False, line=3415, key='culture', op='=', value='naga', quoted_key=False, quoted_value=False)], end_comments=[], multiline=False), quoted_key=False, quoted_value=False)], end_comments=[], multiline=False), quoted_key=False, quoted_value=False), Node(leading_comments=[], trailing_comment=None, blank_before=False, line=3416, key='picture', op='=', value='GFX_evt_naga_2', quoted_key=False, quoted_value=False)], end_comments=[], multiline=False)",1
picture,"Block(entries=[Node(leading_comments=[], trailing_comment=None, blank_before=False, line=3419, key='trigger', op='=', value=Block(entries=[Node(leading_comments=[], trailing_comment=None, blank_before=False, line=3419, key='event_target:final_boss', op='=', value=Block(entries=[Node(leading_comments=[], trailing_comment=None, blank_before=False, line=3419, key='culture', op='=', value='baatezu', quoted_key=False, quoted_value=False)], end_comments=[], multiline=False), quoted_key=False, quoted_value=False)], end_comments=[], multiline=False), quoted_key=False, quoted_value=False), Node(leading_comments=[], trailing_comment=None, blank_before=False, line=3420, key='picture', op='=', value='GFX_evt_devils_1', quoted_key=False, quoted_value=False)], end_comments=[], multiline=False)",1
picture,"Block(entries=[Node(leading_comments=[], trailing_comment=None, blank_before=False, line=3423, key='trigger', op='=', value=Block(entries=[Node(leading_comments=[], trailing_comment=None, blank_before=False, line=3423, key='event_target:final_boss', op='=', value=Block(entries=[Node(leading_comments=[], trailing_comment=None, blank_before=False, line=3423, key='culture', op='=', value='tanarri', quoted_key=False, quoted_value=False)], end_comments=[], multiline=False), quoted_key=False, quoted_value=False)], end_comments=[], multiline=False), quoted_key=False, quoted_value=False), Node(leading_comments=[], trailing_comment=None, blank_before=False, line=3424, key='picture', op='=', value='GFX_evt_demons_1', quoted_key=False, quoted_value=False)], end_comments=[], multiline=False)",1
picture,"Block(entries=[Node(leading_comments=[], trailing_comment=None, blank_before=False, line=4348, key='trigger', op='=', value=Block(entries=[Node(leading_comments=[], trailing_comment=None, blank_before=False, line=4348, key='event_target:final_boss', op='=', value=Block(entries=[Node(leading_comments=[], trailing_comment=None, blank_before=False, line=4348, key='culture', op='=', value='orc', quoted_key=False, quoted_value=False)], end_comments=[], multiline=False), quoted_key=False, quoted_value=False)], end_comments=[], multiline=False), quoted_key=False, quoted_value=False), Node(leading_comments=[], trailing_comment=None, blank_before=False, line=4349, key='picture', op='=', value='GFX_evt_orcs', quoted_key=False, quoted_value=False)], end_comments=[], multiline=False)",1
picture,"Block(entries=[Node(leading_comments=[], trailing_comment=None, blank_before=False, line=4352, key='trigger', op='=', value=Block(entries=[Node(leading_comments=[], trailing_comment=None, blank_before=False, line=4352, key='event_target:final_boss', op='=', value=Block(entries=[Node(leading_comments=[], trailing_comment=None, blank_before=False, line=4352, key='culture', op='=', value='goblin', quoted_key=False, quoted_value=False)], end_comments=[], multiline=False), quoted_key=False, quoted_value=False)], end_comments=[], multiline=False), quoted_key=False, quoted_value=False), Node(leading_comments=[], trailing_comment=None, blank_before=False, line=4353, key='picture', op='=', value='GFX_evt_goblin_1', quoted_key=False, quoted_value=False)], end_comments=[], multiline=False)",1
picture,"Block(entries=[Node(leading_comments=[], trailing_comment=None, blank_before=False, line=4356, key='trigger', op='=', value=Block(entries=[Node(leading_comments=[], trailing_comment=None, blank_before=False, line=4356, key='event_target:final_boss', op='=', value=Block(entries=[Node(leading_comments=[], trailing_comment=None, blank_before=False, line=4356, key='culture', op='=', value='hobgoblin', quoted_key=False, quoted_value=False)], end_comments=[], multiline=False), quoted_key=False, quoted_value=False)], end_comments=[], multiline=False), quoted_key=False, quoted_value=False), Node(leading_comments=[], trailing_comment=None, blank_before=False, line=4357, key='picture', op='=', value='GFX_evt_hobgoblin_1', quoted_key=False, quoted_value=False)], end_comments=[], multiline=False)",1
picture,"Block(entries=[Node(leading_comments=[], trailing_comment=None, blank_before=False, line=4360, key='trigger', op='=', value=Block(entries=[Node(leading_comments=[], trailing_comment=None, blank_before=False, line=4360, key='event_target:final_boss', op='=', value=Block(entries=[Node(leading_comments=[], trailing_comment=None, blank_before=False, line=4360, key='culture', op='=', value='bugbear', quoted_key=False, quoted_value=False)], end_comments=[], multiline=False), quoted_key=False, quoted_value=False)], end_comments=[], multiline=False), quoted_key=False, quoted_value=False), Node(leading_comments=[], trailing_comment=None, blank_before=False, line=4361, key='picture', op='=', value='GFX_evt_bugbear_1', quoted_key=False, quoted_value=False)], end_comments=[], multiline=False)",1
picture,"Block(entries=[Node(leading_comments=[], trailing_comment=None, blank_before=False, line=4364, key='trigger', op='=', value=Block(entries=[Node(leading_comments=[], trailing_comment=None, blank_before=False, line=4364, key='event_target:final_boss', op='=', value=Block(entries=[Node(leading_comments=[], trailing_comment=None, blank_before=False, line=4364, key='culture', op='=', value='gnoll', quoted_key=False, quoted_value=False)], end_comments=[], multiline=False), quoted_key=False, quoted_value=False)], end_comments=[], multiline=False), quoted_key=False, quoted_value=False), Node(leading_comments=[], trailing_comment=None, blank_before=False, line=4365, key='picture', op='=', value='GFX_evt_gnoll_1', quoted_key=False, quoted_value=False)], end_comments=[], multiline=False)",1
picture,"Block(entries=[Node(leading_comments=[], trailing_comment=None, blank_before=False, line=4368, key='trigger', op='=', value=Block(entries=[Node(leading_comments=[], trailing_comment=None, blank_before=False, line=4368, key='event_target:final_boss', op='=', value=Block(entries=[Node(leading_comments=[], trailing_comment=None, blank_before=False, line=4368, key='culture', op='=', value='ogre', quoted_key=False, quoted_value=False)], end_comments=[], multiline=False), quoted_key=False, quoted_value=False)], end_comments=[], multiline=False), quoted_key=False, quoted_value=False), Node(leading_comments=[], trailing_comment=None, blank_before=False, line=4369, key='picture', op='=', value='GFX_evt_ogre_1', quoted_key=False, quoted_value=False)], end_comments=[], multiline=False)",1
picture,"Block(entries=[Node(leading_comments=[], trailing_comment=None, blank_before=False, line=4372, key='trigger', op='=', value=Block(entries=[Node(leading_comments=[], trailing_comment=None, blank_before=False, line=4372, key='event_target:final_boss', op='=', value=Block(entries=[Node(leading_comments=[], trailing_comment=None, blank_before=False, line=4372, key='culture', op='=', value='kobold', quoted_key=False, quoted_value=False)], end_comments=[], multiline=False), quoted_key=False, quoted_value=False)], end_comments=[], multiline=False), quoted_key=False, quoted_value=False), Node(leading_comments=[], trailing_comment=None, blank_before=False, line=4373, key='picture', op='=', value='GFX_evt_kobold_1', quoted_key=False, quoted_value=False)], end_comments=[], multiline=False)",1
picture,"Block(entries=[Node(leading_comments=[], trailing_comment=None, blank_before=False, line=4376, key='trigger', op='=', value=Block(entries=[Node(leading_comments=[], trailing_comment=None, blank_before=False, line=4376, key='event_target:final_boss', op='=', value=Block(entries=[Node(leading_comments=[], trailing_comment=None, blank_before=False, line=4376, key='culture', op='=', value='drow', quoted_key=False, quoted_value=False)], end_comments=[], multiline=False), quoted_key=False, quoted_value=False)], end_comments=[], multiline=False), quoted_key=False, quoted_value=False), Node(leading_comments=[], trailing_comment=None, blank_before=False, line=4377, key='picture', op='=', value='GFX_evt_drow_1', quoted_key=False, quoted_value=False)], end_comments=[], multiline=False)",1
picture,"Block(entries=[Node(leading_comments=[], trailing_comment=None, blank_before=False, line=4380, key='trigger', op='=', value=Block(entries=[Node(leading_comments=[], trailing_comment=None, blank_before=False, line=4380, key='event_target:final_boss', op='=', value=Block(entries=[Node(leading_comments=[], trailing_comment=None, blank_before=False, line=4380, key='culture', op='=', value='sahuagin', quoted_key=False, quoted_value=False)], end_comments=[], multiline=False), quoted_key=False, quoted_value=False)], end_comments=[], multiline=False), quoted_key=False, quoted_value=False), Node(leading_comments=[], trailing_comment=None, blank_before=False, line=4381, key='picture', op='=', value='GFX_evt_sahuagin_1', quoted_key=False, quoted_value=False)], end_comments=[], multiline=False)",1
picture,"Block(entries=[Node(leading_comments=[], trailing_comment=None, blank_before=False, line=4384, key='trigger', op='=', value=Block(entries=[Node(leading_comments=[], trailing_comment=None, blank_before=False, line=4384, key='event_target:final_boss', op='=', value=Block(entries=[Node(leading_comments=[], trailing_comment=None, blank_before=False, line=4384, key='trait', op='=', value='undead', quoted_key=False, quoted_value=False)], end_comments=[], multiline=False), quoted_key=False, quoted_value=False)], end_comments=[], multiline=False), quoted_key=False, quoted_value=False), Node(leading_comments=[], trailing_comment=None, blank_before=False, line=4385, key='picture', op='=', value='GFX_evt_undead_3', quoted_key=False, quoted_value=False)], end_comments=[], multiline=False)",1
picture,"Block(entries=[Node(leading_comments=[], trailing_comment=None, blank_before=False, line=4388, key='trigger', op='=', value=Block(entries=[Node(leading_comments=[], trailing_comment=None, blank_before=False, line=4388, key='event_target:final_boss', op='=', value=Block(entries=[Node(leading_comments=[], trailing_comment=None, blank_before=False, line=4388, key='culture', op='=', value='ogre_magi', quoted_key=False, quoted_value=False)], end_comments=[], multiline=False), quoted_key=False, quoted_value=False)], end_comments=[], multiline=False), quoted_key=False, quoted_value=False), Node(leading_comments=[], trailing_comment=None, blank_before=False, line=4389, key='picture', op='=', value='GFX_evt_ogre_magi', quoted_key=False, quoted_value=False)], end_comments=[], multiline=False)",1
picture,"Block(entries=[Node(leading_comments=[], trailing_comment=None, blank_before=False, line=4392, key='trigger', op='=', value=Block(entries=[Node(leading_comments=[], trailing_comment=None, blank_before=False, line=4392, key='event_target:final_boss', op='=', value=Block(entries=[Node(leading_comments=[], trailing_comment=None, blank_before=False, line=4392, key='culture', op='=', value='troll', quoted_key=False, quoted_value=False)], end_comments=[], multiline=False), quoted_key=False, quoted_value=False)], end_comments=[], multiline=False), quoted_key=False, quoted_value=False), Node(leading_comments=[], trailing_comment=None, blank_before=False, line=4393, key='picture', op='=', value='GFX_evt_troll_1', quoted_key=False, quoted_value=False)], end_comments=[], multiline=False)",1
picture,"Block(entries=[Node(leading_comments=[], trailing_comment=None, blank_before=False, line=4396, key='trigger', op='=', value=Block(entries=[Node(leading_comments=[], trailing_comment=None, blank_before=False, line=4396, key='event_target:final_boss', op='=', value=Block(entries=[Node(leading_comments=[], trailing_comment=None, blank_before=False, line=4396, key='culture', op='=', value='minotaur', quoted_key=False, quoted_value=False)], end_comments=[], multiline=False), quoted_key=False, quoted_value=False)], end_comments=[], multiline=False), quoted_key=False, quoted_value=False), Node(leading_comments=[], trailing_comment=None, blank_before=False, line=4397, key='picture', op='=', value='GFX_evt_minotaur_1', quoted_key=False, quoted_value=False)], end_comments=[], multiline=False)",1
picture,"Block(entries=[Node(leading_comments=[], trailing_comment=None, blank_before=False, line=4400, key='trigger', op='=', value=Block(entries=[Node(leading_comments=[], trailing_comment=None, blank_before=False, line=4400, key='event_target:final_boss', op='=', value=Block(entries=[Node(leading_comments=[], trailing_comment=None, blank_before=False, line=4400, key='trait', op='=', value='creature_giant', quoted_key=False, quoted_value=False)], end_comments=[], multiline=False), quoted_key=False, quoted_value=False)], end_comments=[], multiline=False), quoted_key=False, quoted_value=False), Node(leading_comments=[], trailing_comment=None, blank_before=False, line=4401, key='picture', op='=', value='GFX_evt_giant_fire', quoted_key=False, quoted_value=False)], end_comments=[], multiline=False)",1
picture,"Block(entries=[Node(leading_comments=[], trailing_comment=None, blank_before=False, line=4404, key='trigger', op='=', value=Block(entries=[Node(leading_comments=[], trailing_comment=None, blank_before=False, line=4404, key='event_target:final_boss', op='=', value=Block(entries=[Node(leading_comments=[], trailing_comment=None, blank_before=False, line=4404, key='culture', op='=', value='illithid', quoted_key=False, quoted_value=False)], end_comments=[], multiline=False), quoted_key=False, quoted_value=False)], end_comments=[], multiline=False), quoted_key=False, quoted_value=False), Node(leading_comments=[], trailing_comment=None, blank_before=False, line=4405, key='picture', op='=', value='GFX_evt_mind_flayers_2', quoted_key=False, quoted_value=False)], end_comments=[], multiline=False)",1
picture,"Block(entries=[Node(leading_comments=[], trailing_comment=None, blank_before=False, line=4408, key='trigger', op='=', value=Block(entries=[Node(leading_comments=[], trailing_comment=None, blank_before=False, line=4408, key='event_target:final_boss', op='=', value=Block(entries=[Node(leading_comments=[], trailing_comment=None, blank_before=False, line=4408, key='culture', op='=', value='beholder', quoted_key=False, quoted_value=False)], end_comments=[], multiline=False), quoted_key=False, quoted_value=False)], end_comments=[], multiline=False), quoted_key=False, quoted_value=False), Node(leading_comments=[], trailing_comment=None, blank_before=False, line=4409, key='picture', op='=', value='GFX_evt_beholder_1', quoted_key=False, quoted_value=False)], end_comments=[], multiline=False)",1
picture,"Block(entries=[Node(leading_comments=[], trailing_comment=None, blank_before=False, line=4412, key='trigger', op='=', value=Block(entries=[Node(leading_comments=[], trailing_comment=None, blank_before=False, line=4412, key='event_target:final_boss', op='=', value=Block(entries=[Node(leading_comments=[], trailing_comment=None, blank_before=False, line=4412, key='culture', op='=', value='aboleth', quoted_key=False, quoted_value=False)], end_comments=[], multiline=False), quoted_key=False, quoted_value=False)], end_comments=[], multiline=False), quoted_key=False, quoted_value=False), Node(leading_comments=[], trailing_comment=None, blank_before=False, line=4413, key='picture', op='=', value='GFX_evt_aboleth_1', quoted_key=False, quoted_value=False)], end_comments=[], multiline=False)",1
picture,"Block(entries=[Node(leading_comments=[], trailing_comment=None, blank_before=False, line=4416, key='trigger', op='=', value=Block(entries=[Node(leading_comments=[], trailing_comment=None, blank_before=False, line=4416, key='event_target:final_boss', op='=', value=Block(entries=[Node(leading_comments=[], trailing_comment=None, blank_before=False, line=4416, key='trait', op='=', value='creature_dragon', quoted_key=False, quoted_value=False)], end_comments=[], multiline=False), quoted_key=False, quoted_value=False)], end_comments=[], multiline=False), quoted_key=False, quoted_value=False), Node(leading_comments=[], trailing_comment=None, blank_before=False, line=4417, key='picture', op='=', value='GFX_evt_dragon_2', quoted_key=False, quoted_value=False)], end_comments=[], multiline=False)",1
picture,"Block(entries=[Node(leading_comments=[], trailing_comment=None, blank_before=False, line=4420, key='trigger', op='=', value=Block(entries=[Node(leading_comments=[], trailing_comment=None, blank_before=False, line=4420, key='event_target:final_boss', op='=', value=Block(entries=[Node(leading_comments=[], trailing_comment=None, blank_before=False, line=4420, key='trait', op='=', value='vampire', quoted_key=False, quoted_value=False)], end_comments=[], multiline=False), quoted_key=False, quoted_value=False)], end_comments=[], multiline=False), quoted_key=False, quoted_value=False), Node(leading_comments=[], trailing_comment=None, blank_before=False, line=4421, key='picture', op='=', value='GFX_evt_vampire_1', quoted_key=False, quoted_value=False)], end_comments=[], multiline=False)",1
picture,"Block(entries=[Node(leading_comments=[], trailing_comment=None, blank_before=False, line=4424, key='trigger', op='=', value=Block(entries=[Node(leading_comments=[], trailing_comment=None, blank_before=False, line=4424, key='event_target:final_boss', op='=', value=Block(entries=[Node(leading_comments=[], trailing_comment=None, blank_before=False, line=4424, key='trait', op='=', value='natural_lycanthrope', quoted_key=False, quoted_value=False)], end_comments=[], multiline=False), quoted_key=False, quoted_value=False)], end_comments=[], multiline=False), quoted_key=False, quoted_value=False), Node(leading_comments=[], trailing_comment=None, blank_before=False, line=4425, key='picture', op='=', value='GFX_evt_werewolf', quoted_key=False, quoted_value=False)], end_comments=[], multiline=False)",1
picture,"Block(entries=[Node(leading_comments=[], trailing_comment=None, blank_before=False, line=4428, key='trigger', op='=', value=Block(entries=[Node(leading_comments=[], trailing_comment=None, blank_before=False, line=4428, key='event_target:final_boss', op='=', value=Block(entries=[Node(leading_comments=[], trailing_comment=None, blank_before=False, line=4428, key='culture', op='=', value='naga', quoted_key=False, quoted_value=False)], end_comments=[], multiline=False), quoted_key=False, quoted_value=False)], end_comments=[], multiline=False), quoted_key=False, quoted_value=False), Node(leading_comments=[], trailing_comment=None, blank_before=False, line=4429, key='picture', op='=', value='GFX_evt_naga_2', quoted_key=False, quoted_value=False)], end_comments=[], multiline=False)",1
picture,"Block(entries=[Node(leading_comments=[], trailing_comment=None, blank_before=False, line=4432, key='trigger', op='=', value=Block(entries=[Node(leading_comments=[], trailing_comment=None, blank_before=False, line=4432, key='event_target:final_boss', op='=', value=Block(entries=[Node(leading_comments=[], trailing_comment=None, blank_before=False, line=4432, key='culture', op='=', value='baatezu', quoted_key=False, quoted_value=False)], end_comments=[], multiline=False), quoted_key=False, quoted_value=False)], end_comments=[], multiline=False), quoted_key=False, quoted_value=False), Node(leading_comments=[], trailing_comment=None, blank_before=False, line=4433, key='picture', op='=', value='GFX_evt_devils_1', quoted_key=False, quoted_value=False)], end_comments=[], multiline=False)",1
picture,"Block(entries=[Node(leading_comments=[], trailing_comment=None, blank_before=False, line=4436, key='trigger', op='=', value=Block(entries=[Node(leading_comments=[], trailing_comment=None, blank_before=False, line=4436, key='event_target:final_boss', op='=', value=Block(entries=[Node(leading_comments=[], trailing_comment=None, blank_before=False, line=4436, key='culture', op='=', value='tanarri', quoted_key=False, quoted_value=False)], end_comments=[], multiline=False), quoted_key=False, quoted_value=False)], end_comments=[], multiline=False), quoted_key=False, quoted_value=False), Node(leading_comments=[], trailing_comment=None, blank_before=False, line=4437, key='picture', op='=', value='GFX_evt_demons_1', quoted_key=False, quoted_value=False)], end_comments=[], multiline=False)",1
picture,GFX_evt_rock_slide,1
picture,GFX_evt_myconid,1
picture,GFX_evt_tavern,1
picture,GFX_evt_sleeping_town_hf,1
picture,GFX_evt_arson_hf,1
picture,GFX_evt_campfire_hf,1
picture,GFX_evt_tavern_2,1
picture,"Block(entries=[Node(leading_comments=['#angel'], trailing_comment=None, blank_before=False, line=4431, key='trigger', op='=', value=Block(entries=[Node(leading_comments=[], trailing_comment=None, blank_before=False, line=4432, key='event_target:invader_char', op='=', value=Block(entries=[Node(leading_comments=[], trailing_comment=None, blank_before=False, line=4433, key='culture_group', op='=', value='celestial_group', quoted_key=False, quoted_value=False), Node(leading_comments=[], trailing_comment=None, blank_before=False, line=4434, key='NOT', op='=', value=Block(entries=[Node(leading_comments=[], trailing_comment=None, blank_before=False, line=4434, key='has_character_flag', op='=', value='marine_invader', quoted_key=False, quoted_value=False)], end_comments=[], multiline=False), quoted_key=False, quoted_value=False)], end_comments=[], multiline=False), quoted_key=False, quoted_value=False), Node(leading_comments=[], trailing_comment=None, blank_before=False, line=4436, key='event_target:target_ruler', op='=', value=Block(entries=[Node(leading_comments=[], trailing_comment=None, blank_before=False, line=4437, key='NOR', op='=', value=Block(entries=[Node(leading_comments=[], trailing_comment=None, blank_before=False, line=4438, key='capital_scope', op='=', value=Block(entries=[Node(leading_comments=[], trailing_comment=None, blank_before=False, line=4439, key='OR', op='=', value=Block(entries=[Node(leading_comments=[], trailing_comment=None, blank_before=False, line=4440, key='region', op='=', value='shou_lung_region', quoted_key=False, quoted_value=False), Node(leading_comments=[], trailing_comment=None, blank_before=False, line=4441, key='region', op='=', value='katakoro_plateau_region', quoted_key=False, quoted_value=False), Node(leading_comments=[], trailing_comment=None, blank_before=False, line=4442, key='region', op='=', value='ama_region', quoted_key=False, quoted_value=False)], end_comments=[], multiline=False), quoted_key=False, quoted_value=False)], end_comments=[], multiline=False), quoted_key=False, quoted_value=False), Node(leading_comments=[], trailing_comment=None, blank_before=False, line=4445, key='has_landed_title', op='=', value='e_shou_lung_west_governor', quoted_key=False, quoted_value=False), Node(leading_comments=[], trailing_comment=None, blank_before=False, line=4446, key='primary_title', op='=', value=Block(entries=[Node(leading_comments=[], trailing_comment=None, blank_before=False, line=4447, key='has_title_flag', op='=', value='pretender_shou_lung_empire', quoted_key=False, quoted_value=False)], end_comments=[], multiline=False), quoted_key=False, quoted_value=False)], end_comments=[], multiline=False), quoted_key=False, quoted_value=False)], end_comments=[], multiline=False), quoted_key=False, quoted_value=False)], end_comments=[], multiline=False), quoted_key=False, quoted_value=False), Node(leading_comments=[], trailing_comment=None, blank_before=False, line=4452, key='picture', op='=', value='GFX_evt_angels_2', quoted_key=False, quoted_value=False)], end_comments=[], multiline=False)",1
picture,"Block(entries=[Node(leading_comments=['#tanarri'], trailing_comment=None, blank_before=False, line=4455, key='trigger', op='=', value=Block(entries=[Node(leading_comments=[], trailing_comment=None, blank_before=False, line=4456, key='event_target:invader_char', op='=', value=Block(entries=[Node(leading_comments=[], trailing_comment=None, blank_before=False, line=4457, key='culture', op='=', value='tanarri', quoted_key=False, quoted_value=False), Node(leading_comments=[], trailing_comment=None, blank_before=False, line=4458, key='NOT', op='=', value=Block(entries=[Node(leading_comments=[], trailing_comment=None, blank_before=False, line=4458, key='has_character_flag', op='=', value='marine_invader', quoted_key=False, quoted_value=False)], end_comments=[], multiline=False), quoted_key=False, quoted_value=False)], end_comments=[], multiline=False), quoted_key=False, quoted_value=False), Node(leading_comments=[], trailing_comment=None, blank_before=False, line=4460, key='event_target:target_ruler', op='=', value=Block(entries=[Node(leading_comments=[], trailing_comment=None, blank_before=False, line=4461, key='NOR', op='=', value=Block(entries=[Node(leading_comments=[], trailing_comment=None, blank_before=False, line=4462, key='capital_scope', op='=', value=Block(entries=[Node(leading_comments=[], trailing_comment=None, blank_before=False, line=4463, key='OR', op='=', value=Block(entries=[Node(leading_comments=[], trailing_comment=None, blank_before=False, line=4464, key='region', op='=', value='shou_lung_region', quoted_key=False, quoted_value=False), Node(leading_comments=[], trailing_comment=None, blank_before=False, line=4465, key='region', op='=', value='katakoro_plateau_region', quoted_key=False, quoted_value=False), Node(leading_comments=[], trailing_comment=None, blank_before=False, line=4466, key='region', op='=', value='ama_region', quoted_key=False, quoted_value=False)], end_comments=[], multiline=False), quoted_key=False, quoted_value=False)], end_comments=[], multiline=False), quoted_key=False, quoted_value=False), Node(leading_comments=[], trailing_comment=None, blank_before=False, line=4469, key='has_landed_title', op='=', value='e_shou_lung_west_governor', quoted_key=False, quoted_value=False), Node(leading_comments=[], trailing_comment=None, blank_before=False, line=4470, key='primary_title', op='=', value=Block(entries=[Node(leading_comments=[], trailing_comment=None, blank_before=False, line=4471, key='has_title_flag', op='=', value='pretender_shou_lung_empire', quoted_key=False, quoted_value=False)], end_comments=[], multiline=False), quoted_key=False, quoted_value=False)], end_comments=[], multiline=False), quoted_key=False, quoted_value=False)], end_comments=[], multiline=False), quoted_key=False, quoted_value=False)], end_comments=[], multiline=False), quoted_key=False, quoted_value=False), Node(leading_comments=[], trailing_comment=None, blank_before=False, line=4476, key='picture', op='=', value='GFX_evt_demons_1', quoted_key=False, quoted_value=False)], end_comments=[], multiline=False)",1
picture,"Block(entries=[Node(leading_comments=['# gehreleth'], trailing_comment=None, blank_before=False, line=4479, key='trigger', op='=', value=Block(entries=[Node(leading_comments=[], trailing_comment=None, blank_before=False, line=4480, key='event_target:invader_char', op='=', value=Block(entries=[Node(leading_comments=[], trailing_comment=None, blank_before=False, line=4481, key='culture', op='=', value='gehreleth', quoted_key=False, quoted_value=False), Node(leading_comments=[], trailing_comment=None, blank_before=False, line=4482, key='NOT', op='=', value=Block(entries=[Node(leading_comments=[], trailing_comment=None, blank_before=False, line=4482, key='has_character_flag', op='=', value='marine_invader', quoted_key=False, quoted_value=False)], end_comments=[], multiline=False), quoted_key=False, quoted_value=False)], end_comments=[], multiline=False), quoted_key=False, quoted_value=False), Node(leading_comments=[], trailing_comment=None, blank_before=False, line=4484, key='event_target:target_ruler', op='=', value=Block(entries=[Node(leading_comments=[], trailing_comment=None, blank_before=False, line=4485, key='NOR', op='=', value=Block(entries=[Node(leading_comments=[], trailing_comment=None, blank_before=False, line=4486, key='capital_scope', op='=', value=Block(entries=[Node(leading_comments=[], trailing_comment=None, blank_before=False, line=4487, key='OR', op='=', value=Block(entries=[Node(leading_comments=[], trailing_comment=None, blank_before=False, line=4488, key='region', op='=', value='shou_lung_region', quoted_key=False, quoted_value=False), Node(leading_comments=[], trailing_comment=None, blank_before=False, line=4489, key='region', op='=', value='katakoro_plateau_region', quoted_key=False, quoted_value=False), Node(leading_comments=[], trailing_comment=None, blank_before=False, line=4490, key='region', op='=', value='ama_region', quoted_key=False, quoted_value=False)], end_comments=[], multiline=False), quoted_key=False, quoted_value=False)], end_comments=[], multiline=False), quoted_key=False, quoted_value=False), Node(leading_comments=[], trailing_comment=None, blank_before=False, line=4493, key='has_landed_title', op='=', value='e_shou_lung_west_governor', quoted_key=False, quoted_value=False), Node(leading_comments=[], trailing_comment=None, blank_before=False, line=4494, key='primary_title', op='=', value=Block(entries=[Node(leading_comments=[], trailing_comment=None, blank_before=False, line=4495, key='has_title_flag', op='=', value='pretender_shou_lung_empire', quoted_key=False, quoted_value=False)], end_comments=[], multiline=False), quoted_key=False, quoted_value=False)], end_comments=[], multiline=False), quoted_key=False, quoted_value=False)], end_comments=[], multiline=False), quoted_key=False, quoted_value=False)], end_comments=[], multiline=False), quoted_key=False, quoted_value=False), Node(leading_comments=[], trailing_comment=None, blank_before=False, line=4500, key='picture', op='=', value='GFX_evt_carceri_1', quoted_key=False, quoted_value=False)], end_comments=[], multiline=False)",1
picture,"Block(entries=[Node(leading_comments=['# yugoloth'], trailing_comment=None, blank_before=False, line=4503, key='trigger', op='=', value=Block(entries=[Node(leading_comments=[], trailing_comment=None, blank_before=False, line=4504, key='event_target:invader_char', op='=', value=Block(entries=[Node(leading_comments=[], trailing_comment=None, blank_before=False, line=4505, key='culture', op='=', value='yugoloth', quoted_key=False, quoted_value=False), Node(leading_comments=[], trailing_comment=None, blank_before=False, line=4506, key='NOT', op='=', value=Block(entries=[Node(leading_comments=[], trailing_comment=None, blank_before=False, line=4506, key='has_character_flag', op='=', value='marine_invader', quoted_key=False, quoted_value=False)], end_comments=[], multiline=False), quoted_key=False, quoted_value=False)], end_comments=[], multiline=False), quoted_key=False, quoted_value=False), Node(leading_comments=[], trailing_comment=None, blank_before=False, line=4508, key='event_target:target_ruler', op='=', value=Block(entries=[Node(leading_comments=[], trailing_comment=None, blank_before=False, line=4509, key='NOR', op='=', value=Block(entries=[Node(leading_comments=[], trailing_comment=None, blank_before=False, line=4510, key='capital_scope', op='=', value=Block(entries=[Node(leading_comments=[], trailing_comment=None, blank_before=False, line=4511, key='OR', op='=', value=Block(entries=[Node(leading_comments=[], trailing_comment=None, blank_before=False, line=4512, key='region', op='=', value='shou_lung_region', quoted_key=False, quoted_value=False), Node(leading_comments=[], trailing_comment=None, blank_before=False, line=4513, key='region', op='=', value='katakoro_plateau_region', quoted_key=False, quoted_value=False), Node(leading_comments=[], trailing_comment=None, blank_before=False, line=4514, key='region', op='=', value='ama_region', quoted_key=False, quoted_value=False)], end_comments=[], multiline=False), quoted_key=False, quoted_value=False)], end_comments=[], multiline=False), quoted_key=False, quoted_value=False), Node(leading_comments=[], trailing_comment=None, blank_before=False, line=4517, key='has_landed_title', op='=', value='e_shou_lung_west_governor', quoted_key=False, quoted_value=False), Node(leading_comments=[], trailing_comment=None, blank_before=False, line=4518, key='primary_title', op='=', value=Block(entries=[Node(leading_comments=[], trailing_comment=None, blank_before=False, line=4519, key='has_title_flag', op='=', value='pretender_shou_lung_empire', quoted_key=False, quoted_value=False)], end_comments=[], multiline=False), quoted_key=False, quoted_value=False)], end_comments=[], multiline=False), quoted_key=False, quoted_value=False)], end_comments=[], multiline=False), quoted_key=False, quoted_value=False)], end_comments=[], multiline=False), quoted_key=False, quoted_value=False), Node(leading_comments=[], trailing_comment=None, blank_before=False, line=4524, key='picture', op='=', value='GFX_evt_grey_waste_1', quoted_key=False, quoted_value=False)], end_comments=[], multiline=False)",1
picture,"Block(entries=[Node(leading_comments=['#baatezu'], trailing_comment=None, blank_before=False, line=4527, key='trigger', op='=', value=Block(entries=[Node(leading_comments=[], trailing_comment=None, blank_before=False, line=4528, key='event_target:invader_char', op='=', value=Block(entries=[Node(leading_comments=[], trailing_comment=None, blank_before=False, line=4529, key='OR', op='=', value=Block(entries=[Node(leading_comments=[], trailing_comment=None, blank_before=False, line=4530, key='culture', op='=', value='baatezu', quoted_key=False, quoted_value=False), Node(leading_comments=[], trailing_comment=None, blank_before=False, line=4531, key='culture', op='=', value='ogre_magi', quoted_key=False, quoted_value=False)], end_comments=[], multiline=False), quoted_key=False, quoted_value=False), Node(leading_comments=[], trailing_comment=None, blank_before=False, line=4533, key='NOT', op='=', value=Block(entries=[Node(leading_comments=[], trailing_comment=None, blank_before=False, line=4533, key='has_character_flag', op='=', value='marine_invader', quoted_key=False, quoted_value=False)], end_comments=[], multiline=False), quoted_key=False, quoted_value=False)], end_comments=[], multiline=False), quoted_key=False, quoted_value=False), Node(leading_comments=[], trailing_comment=None, blank_before=False, line=4535, key='event_target:target_ruler', op='=', value=Block(entries=[Node(leading_comments=[], trailing_comment=None, blank_before=False, line=4536, key='NOR', op='=', value=Block(entries=[Node(leading_comments=[], trailing_comment=None, blank_before=False, line=4537, key='capital_scope', op='=', value=Block(entries=[Node(leading_comments=[], trailing_comment=None, blank_before=False, line=4538, key='OR', op='=', value=Block(entries=[Node(leading_comments=[], trailing_comment=None, blank_before=False, line=4539, key='region', op='=', value='shou_lung_region', quoted_key=False, quoted_value=False), Node(leading_comments=[], trailing_comment=None, blank_before=False, line=4540, key='region', op='=', value='katakoro_plateau_region', quoted_key=False, quoted_value=False), Node(leading_comments=[], trailing_comment=None, blank_before=False, line=4541, key='region', op='=', value='ama_region', quoted_key=False, quoted_value=False)], end_comments=[], multiline=False), quoted_key=False, quoted_value=False)], end_comments=[], multiline=False), quoted_key=False, quoted_value=False), Node(leading_comments=[], trailing_comment=None, blank_before=False, line=4544, key='has_landed_title', op='=', value='e_shou_lung_west_governor', quoted_key=False, quoted_value=False), Node(leading_comments=[], trailing_comment=None, blank_before=False, line=4545, key='primary_title', op='=', value=Block(entries=[Node(leading_comments=[], trailing_comment=None, blank_before=False, line=4546, key='has_title_flag', op='=', value='pretender_shou_lung_empire', quoted_key=False, quoted_value=False)], end_comments=[], multiline=False), quoted_key=False, quoted_value=False)], end_comments=[], multiline=False), quoted_key=False, quoted_value=False)], end_comments=[], multiline=False), quoted_key=False, quoted_value=False)], end_comments=[], multiline=False), quoted_key=False, quoted_value=False), Node(leading_comments=[], trailing_comment=None, blank_before=False, line=4551, key='picture', op='=', value='GFX_evt_devils_1', quoted_key=False, quoted_value=False)], end_comments=[], multiline=False)",1
picture,"Block(entries=[Node(leading_comments=['#scro'], trailing_comment=None, blank_before=False, line=4554, key='trigger', op='=', value=Block(entries=[Node(leading_comments=[], trailing_comment=None, blank_before=False, line=4555, key='event_target:invader_char', op='=', value=Block(entries=[Node(leading_comments=[], trailing_comment=None, blank_before=False, line=4556, key='culture', op='=', value='scro', quoted_key=False, quoted_value=False), Node(leading_comments=[], trailing_comment=None, blank_before=False, line=4557, key='NOT', op='=', value=Block(entries=[Node(leading_comments=[], trailing_comment=None, blank_before=False, line=4557, key='has_character_flag', op='=', value='marine_invader', quoted_key=False, quoted_value=False)], end_comments=[], multiline=False), quoted_key=False, quoted_value=False)], end_comments=[], multiline=False), quoted_key=False, quoted_value=False)], end_comments=[], multiline=False), quoted_key=False, quoted_value=False), Node(leading_comments=[], trailing_comment=None, blank_before=False, line=4560, key='picture', op='=', value='GFX_evt_orcs', quoted_key=False, quoted_value=False)], end_comments=[], multiline=False)",1
picture,"Block(entries=[Node(leading_comments=['# giants in grey'], trailing_comment=None, blank_before=False, line=4563, key='trigger', op='=', value=Block(entries=[Node(leading_comments=[], trailing_comment=None, blank_before=False, line=4564, key='event_target:invader_char', op='=', value=Block(entries=[Node(leading_comments=[], trailing_comment=None, blank_before=False, line=4565, key='OR', op='=', value=Block(entries=[Node(leading_comments=[], trailing_comment=None, blank_before=False, line=4566, key='culture_group', op='=', value='celestial_group', quoted_key=False, quoted_value=False), Node(leading_comments=[], trailing_comment=None, blank_before=False, line=4567, key='culture_group', op='=', value='fiendish_group', quoted_key=False, quoted_value=False), Node(leading_comments=[], trailing_comment=None, blank_before=False, line=4568, key='culture', op='=', value='ogre_magi', quoted_key=False, quoted_value=False)], end_comments=[], multiline=False), quoted_key=False, quoted_value=False), Node(leading_comments=[], trailing_comment=None, blank_before=False, line=4570, key='NOT', op='=', value=Block(entries=[Node(leading_comments=[], trailing_comment=None, blank_before=False, line=4570, key='has_character_flag', op='=', value='marine_invader', quoted_key=False, quoted_value=False)], end_comments=[], multiline=False), quoted_key=False, quoted_value=False)], end_comments=[], multiline=False), quoted_key=False, quoted_value=False), Node(leading_comments=[], trailing_comment=None, blank_before=False, line=4572, key='event_target:target_ruler', op='=', value=Block(entries=[Node(leading_comments=[], trailing_comment=None, blank_before=False, line=4573, key='OR', op='=', value=Block(entries=[Node(leading_comments=[], trailing_comment=None, blank_before=False, line=4574, key='capital_scope', op='=', value=Block(entries=[Node(leading_comments=[], trailing_comment=None, blank_before=False, line=4575, key='OR', op='=', value=Block(entries=[Node(leading_comments=[], trailing_comment=None, blank_before=False, line=4576, key='region', op='=', value='shou_lung_region', quoted_key=False, quoted_value=False), Node(leading_comments=[], trailing_comment=None, blank_before=False, line=4577, key='region', op='=', value='katakoro_plateau_region', quoted_key=False, quoted_value=False), Node(leading_comments=[], trailing_comment=None, blank_before=False, line=4578, key='region', op='=', value='ama_region', quoted_key=False, quoted_value=False)], end_comments=[], multiline=False), quoted_key=False, quoted_value=False)], end_comments=[], multiline=False), quoted_key=False, quoted_value=False), Node(leading_comments=[], trailing_comment=None, blank_before=False, line=4581, key='has_landed_title', op='=', value='e_shou_lung_west_governor', quoted_key=False, quoted_value=False), Node(leading_comments=[], trailing_comment=None, blank_before=False, line=4582, key='primary_title', op='=', value=Block(entries=[Node(leading_comments=[], trailing_comment=None, blank_before=False, line=4583, key='has_title_flag', op='=', value='pretender_shou_lung_empire', quoted_key=False, quoted_value=False)], end_comments=[], multiline=False), quoted_key=False, quoted_value=False)], end_comments=[], multiline=False), quoted_key=False, quoted_value=False)], end_comments=[], multiline=False), quoted_key=False, quoted_value=False)], end_comments=[], multiline=False), quoted_key=False, quoted_value=False), Node(leading_comments=[], trailing_comment=None, blank_before=False, line=4588, key='picture', op='=', value='GFX_evt_giants_in_grey', quoted_key=False, quoted_value=False)], end_comments=[], multiline=False)",1
picture,"Block(entries=[Node(leading_comments=['# Kara-Turan ships'], trailing_comment=None, blank_before=False, line=4591, key='trigger', op='=', value=Block(entries=[Node(leading_comments=[], trailing_comment=None, blank_before=False, line=4592, key='event_target:invader_char', op='=', value=Block(entries=[Node(leading_comments=[], trailing_comment=None, blank_before=False, line=4593, key='has_character_flag', op='=', value='marine_invader', quoted_key=False, quoted_value=False)], end_comments=[], multiline=False), quoted_key=False, quoted_value=False)], end_comments=[], multiline=False), quoted_key=False, quoted_value=False), Node(leading_comments=[], trailing_comment=None, blank_before=False, line=4596, key='picture', op='=', value='GFX_evt_treasure_fleet', quoted_key=False, quoted_value=False)], end_comments=[], multiline=False)",1
picture,"Block(entries=[Node(leading_comments=['#mortal crusader, update trigger when more invaders are added'], trailing_comment=None, blank_before=False, line=4599, key='trigger', op='=', value=Block(entries=[Node(leading_comments=[], trailing_comment=None, blank_before=False, line=4600, key='event_target:invader_char', op='=', value=Block(entries=[Node(leading_comments=[], trailing_comment=None, blank_before=False, line=4601, key='NOR', op='=', value=Block(entries=[Node(leading_comments=[], trailing_comment=None, blank_before=False, line=4602, key='culture_group', op='=', value='celestial_group', quoted_key=False, quoted_value=False), Node(leading_comments=[], trailing_comment=None, blank_before=False, line=4603, key='culture_group', op='=', value='fiendish_group', quoted_key=False, quoted_value=False), Node(leading_comments=[], trailing_comment=None, blank_before=False, line=4604, key='culture', op='=', value='scro', quoted_key=False, quoted_value=False)], end_comments=[], multiline=False), quoted_key=False, quoted_value=False), Node(leading_comments=[], trailing_comment=None, blank_before=False, line=4606, key='NOT', op='=', value=Block(entries=[Node(leading_comments=[], trailing_comment=None, blank_before=False, line=4606, key='has_character_flag', op='=', value='marine_invader', quoted_key=False, quoted_value=False)], end_comments=[], multiline=False), quoted_key=False, quoted_value=False)], end_comments=[], multiline=False), quoted_key=False, quoted_value=False)], end_comments=[], multiline=False), quoted_key=False, quoted_value=False), Node(leading_comments=[], trailing_comment=None, blank_before=False, line=4609, key='picture', op='=', value='GFX_evt_mounted_knights_hf', quoted_key=False, quoted_value=False)], end_comments=[], multiline=False)",1
picture,"Block(entries=[Node(leading_comments=['#angel'], trailing_comment=None, blank_before=False, line=4812, key='trigger', op='=', value=Block(entries=[Node(leading_comments=[], trailing_comment=None, blank_before=False, line=4812, key='event_target:invader_char', op='=', value=Block(entries=[Node(leading_comments=[], trailing_comment=None, blank_before=False, line=4812, key='culture_group', op='=', value='celestial_group', quoted_key=False, quoted_value=False)], end_comments=[], multiline=False), quoted_key=False, quoted_value=False)], end_comments=[], multiline=False), quoted_key=False, quoted_value=False), Node(leading_comments=[], trailing_comment=None, blank_before=False, line=4813, key='picture', op='=', value='GFX_evt_angels_2', quoted_key=False, quoted_value=False)], end_comments=[], multiline=False)",1
picture,"Block(entries=[Node(leading_comments=['#tanarri'], trailing_comment=None, blank_before=False, line=4816, key='trigger', op='=', value=Block(entries=[Node(leading_comments=[], trailing_comment=None, blank_before=False, line=4817, key='event_target:invader_char', op='=', value=Block(entries=[Node(leading_comments=[], trailing_comment=None, blank_before=False, line=4818, key='OR', op='=', value=Block(entries=[Node(leading_comments=[], trailing_comment=None, blank_before=False, line=4819, key='culture', op='=', value='tanarri', quoted_key=False, quoted_value=False), Node(leading_comments=[], trailing_comment=None, blank_before=False, line=4820, key='culture', op='=', value='gehreleth', quoted_key=False, quoted_value=False), Node(leading_comments=[], trailing_comment=None, blank_before=False, line=4821, key='culture', op='=', value='yugoloth', quoted_key=False, quoted_value=False)], end_comments=[], multiline=False), quoted_key=False, quoted_value=False)], end_comments=[], multiline=False), quoted_key=False, quoted_value=False)], end_comments=[], multiline=False), quoted_key=False, quoted_value=False), Node(leading_comments=[], trailing_comment=None, blank_before=False, line=4825, key='picture', op='=', value='GFX_evt_demons_1', quoted_key=False, quoted_value=False)], end_comments=[], multiline=False)",1
picture,"Block(entries=[Node(leading_comments=['#baatezu'], trailing_comment=None, blank_before=False, line=4828, key='trigger', op='=', value=Block(entries=[Node(leading_comments=[], trailing_comment=None, blank_before=False, line=4828, key='event_target:invader_char', op='=', value=Block(entries=[Node(leading_comments=[], trailing_comment=None, blank_before=False, line=4828, key='culture', op='=', value='baatezu', quoted_key=False, quoted_value=False)], end_comments=[], multiline=False), quoted_key=False, quoted_value=False)], end_comments=[], multiline=False), quoted_key=False, quoted_value=False), Node(leading_comments=[], trailing_comment=None, blank_before=False, line=4829, key='picture', op='=', value='GFX_evt_devils_1', quoted_key=False, quoted_value=False)], end_comments=[], multiline=False)",1
picture,"Block(entries=[Node(leading_comments=['#scro'], trailing_comment=None, blank_before=False, line=4832, key='trigger', op='=', value=Block(entries=[Node(leading_comments=[], trailing_comment=None, blank_before=False, line=4832, key='event_target:invader_char', op='=', value=Block(entries=[Node(leading_comments=[], trailing_comment=None, blank_before=False, line=4832, key='culture', op='=', value='scro', quoted_key=False, quoted_value=False)], end_comments=[], multiline=False), quoted_key=False, quoted_value=False)], end_comments=[], multiline=False), quoted_key=False, quoted_value=False), Node(leading_comments=[], trailing_comment=None, blank_before=False, line=4833, key='picture', op='=', value='GFX_evt_orcs', quoted_key=False, quoted_value=False)], end_comments=[], multiline=False)",1
picture,"Block(entries=[Node(leading_comments=['# Celestial Sea invaders'], trailing_comment=None, blank_before=False, line=4836, key='trigger', op='=', value=Block(entries=[Node(leading_comments=[], trailing_comment=None, blank_before=False, line=4837, key='event_target:invader_char', op='=', value=Block(entries=[Node(leading_comments=[], trailing_comment=None, blank_before=False, line=4838, key='has_character_flag', op='=', value='marine_invader', quoted_key=False, quoted_value=False)], end_comments=[], multiline=False), quoted_key=False, quoted_value=False)], end_comments=[], multiline=False), quoted_key=False, quoted_value=False), Node(leading_comments=[], trailing_comment=None, blank_before=False, line=4841, key='picture', op='=', value='GFX_evt_treasure_fleet', quoted_key=False, quoted_value=False)], end_comments=[], multiline=False)",1
picture,"Block(entries=[Node(leading_comments=['#mortal crusader, update condition when more invaders are added'], trailing_comment=None, blank_before=False, line=4844, key='trigger', op='=', value=Block(entries=[Node(leading_comments=[], trailing_comment=None, blank_before=False, line=4845, key='event_target:invader_char', op='=', value=Block(entries=[Node(leading_comments=[], trailing_comment=None, blank_before=False, line=4846, key='NOR', op='=', value=Block(entries=[Node(leading_comments=[], trailing_comment=None, blank_before=False, line=4847, key='culture_group', op='=', value='celestial_group', quoted_key=False, quoted_value=False), Node(leading_comments=[], trailing_comment=None, blank_before=False, line=4848, key='culture_group', op='=', value='fiendish_group', quoted_key=False, quoted_value=False), Node(leading_comments=[], trailing_comment=None, blank_before=False, line=4849, key='culture', op='=', value='scro', quoted_key=False, quoted_value=False), Node(leading_comments=[], trailing_comment=None, blank_before=False, line=4850, key='has_character_flag', op='=', value='marine_invader', quoted_key=False, quoted_value=False)], end_comments=[], multiline=False), quoted_key=False, quoted_value=False)], end_comments=[], multiline=False), quoted_key=False, quoted_value=False)], end_comments=[], multiline=False), quoted_key=False, quoted_value=False), Node(leading_comments=[], trailing_comment=None, blank_before=False, line=4854, key='picture', op='=', value='GFX_evt_mounted_knights_hf', quoted_key=False, quoted_value=False)], end_comments=[], multiline=False)",1
picture,GFX_evt_riots_byzantine,1
picture,GFX_evt_merchant_caravan,1
picture,GFX_evt_relaxed_ruler,1
picture,GFX_evt_court_physician,1
picture,GFX_evt_western_knights_byzantine,1
picture,GFX_evt_church_council,1
picture,GFX_evt_dragon_2,1
picture,"Block(entries=[Node(leading_comments=[], trailing_comment='#snowy picture', blank_before=False, line=353, key='picture', op='=', value='GFX_evt_duel_team', quoted_key=False, quoted_value=False), Node(leading_comments=[], trailing_comment=None, blank_before=False, line=354, key='trigger', op='=', value=Block(entries=[Node(leading_comments=[], trailing_comment=None, blank_before=False, line=355, key='capital_scope', op='=', value=Block(entries=[Node(leading_comments=[], trailing_comment=None, blank_before=False, line=356, key='location', op='=', value=Block(entries=[Node(leading_comments=[], trailing_comment=None, blank_before=False, line=356, key='is_winter', op='=', value=True, quoted_key=False, quoted_value=False)], end_comments=[], multiline=False), quoted_key=False, quoted_value=False)], end_comments=[], multiline=False), quoted_key=False, quoted_value=False)], end_comments=[], multiline=False), quoted_key=False, quoted_value=False)], end_comments=[], multiline=False)",1
picture,"Block(entries=[Node(leading_comments=[], trailing_comment='#snowy picture', blank_before=False, line=589, key='picture', op='=', value='GFX_evt_duel_team', quoted_key=False, quoted_value=False), Node(leading_comments=[], trailing_comment=None, blank_before=False, line=590, key='trigger', op='=', value=Block(entries=[Node(leading_comments=[], trailing_comment=None, blank_before=False, line=591, key='capital_scope', op='=', value=Block(entries=[Node(leading_comments=[], trailing_comment=None, blank_before=False, line=592, key='location', op='=', value=Block(entries=[Node(leading_comments=[], trailing_comment=None, blank_before=False, line=592, key='is_winter', op='=', value=True, quoted_key=False, quoted_value=False)], end_comments=[], multiline=False), quoted_key=False, quoted_value=False)], end_comments=[], multiline=False), quoted_key=False, quoted_value=False)], end_comments=[], multiline=False), quoted_key=False, quoted_value=False)], end_comments=[], multiline=False)",1
picture,"Block(entries=[Node(leading_comments=[], trailing_comment='#snowy picture', blank_before=False, line=821, key='picture', op='=', value='GFX_evt_duel_team', quoted_key=False, quoted_value=False), Node(leading_comments=[], trailing_comment=None, blank_before=False, line=822, key='trigger', op='=', value=Block(entries=[Node(leading_comments=[], trailing_comment=None, blank_before=False, line=823, key='capital_scope', op='=', value=Block(entries=[Node(leading_comments=[], trailing_comment=None, blank_before=False, line=824, key='location', op='=', value=Block(entries=[Node(leading_comments=[], trailing_comment=None, blank_before=False, line=824, key='is_winter', op='=', value=True, quoted_key=False, quoted_value=False)], end_comments=[], multiline=False), quoted_key=False, quoted_value=False)], end_comments=[], multiline=False), quoted_key=False, quoted_value=False)], end_comments=[], multiline=False), quoted_key=False, quoted_value=False)], end_comments=[], multiline=False)",1
picture,"Block(entries=[Node(leading_comments=[], trailing_comment='#snowy picture', blank_before=False, line=1006, key='picture', op='=', value='GFX_evt_duel_team', quoted_key=False, quoted_value=False), Node(leading_comments=[], trailing_comment=None, blank_before=False, line=1007, key='trigger', op='=', value=Block(entries=[Node(leading_comments=[], trailing_comment=None, blank_before=False, line=1008, key='capital_scope', op='=', value=Block(entries=[Node(leading_comments=[], trailing_comment=None, blank_before=False, line=1009, key='location', op='=', value=Block(entries=[Node(leading_comments=[], trailing_comment=None, blank_before=False, line=1009, key='is_winter', op='=', value=True, quoted_key=False, quoted_value=False)], end_comments=[], multiline=False), quoted_key=False, quoted_value=False)], end_comments=[], multiline=False), quoted_key=False, quoted_value=False)], end_comments=[], multiline=False), quoted_key=False, quoted_value=False)], end_comments=[], multiline=False)",1
picture,"Block(entries=[Node(leading_comments=[], trailing_comment='#snowy picture', blank_before=False, line=1132, key='picture', op='=', value='GFX_evt_duel_team', quoted_key=False, quoted_value=False), Node(leading_comments=[], trailing_comment=None, blank_before=False, line=1133, key='trigger', op='=', value=Block(entries=[Node(leading_comments=[], trailing_comment=None, blank_before=False, line=1134, key='capital_scope', op='=', value=Block(entries=[Node(leading_comments=[], trailing_comment=None, blank_before=False, line=1135, key='location', op='=', value=Block(entries=[Node(leading_comments=[], trailing_comment=None, blank_before=False, line=1135, key='is_winter', op='=', value=True, quoted_key=False, quoted_value=False)], end_comments=[], multiline=False), quoted_key=False, quoted_value=False)], end_comments=[], multiline=False), quoted_key=False, quoted_value=False)], end_comments=[], multiline=False), quoted_key=False, quoted_value=False)], end_comments=[], multiline=False)",1
picture,"Block(entries=[Node(leading_comments=[], trailing_comment='#snowy picture', blank_before=False, line=1169, key='picture', op='=', value='GFX_evt_duel_team', quoted_key=False, quoted_value=False), Node(leading_comments=[], trailing_comment=None, blank_before=False, line=1170, key='trigger', op='=', value=Block(entries=[Node(leading_comments=[], trailing_comment=None, blank_before=False, line=1171, key='capital_scope', op='=', value=Block(entries=[Node(leading_comments=[], trailing_comment=None, blank_before=False, line=1172, key='location', op='=', value=Block(entries=[Node(leading_comments=[], trailing_comment=None, blank_before=False, line=1172, key='is_winter', op='=', value=True, quoted_key=False, quoted_value=False)], end_comments=[], multiline=False), quoted_key=False, quoted_value=False)], end_comments=[], multiline=False), quoted_key=False, quoted_value=False)], end_comments=[], multiline=False), quoted_key=False, quoted_value=False)], end_comments=[], multiline=False)",1
picture,"Block(entries=[Node(leading_comments=[], trailing_comment=None, blank_before=False, line=1243, key='picture', op='=', value='GFX_evt_camaraderie', quoted_key=False, quoted_value=False), Node(leading_comments=[], trailing_comment=None, blank_before=False, line=1244, key='trigger', op='=', value=Block(entries=[Node(leading_comments=[], trailing_comment=None, blank_before=False, line=1244, key='has_character_flag', op='=', value='use_tribal_victory_pic', quoted_key=False, quoted_value=False)], end_comments=[], multiline=False), quoted_key=False, quoted_value=False)], end_comments=[], multiline=False)",1
picture,"Block(entries=[Node(leading_comments=[], trailing_comment=None, blank_before=False, line=1247, key='picture', op='=', value='GFX_evt_armory', quoted_key=False, quoted_value=False), Node(leading_comments=[], trailing_comment=None, blank_before=False, line=1248, key='trigger', op='=', value=Block(entries=[Node(leading_comments=[], trailing_comment=None, blank_before=False, line=1249, key='NOT', op='=', value=Block(entries=[Node(leading_comments=[], trailing_comment=None, blank_before=False, line=1249, key='has_character_flag', op='=', value='use_tribal_victory_pic', quoted_key=False, quoted_value=False)], end_comments=[], multiline=False), quoted_key=False, quoted_value=False)], end_comments=[], multiline=False), quoted_key=False, quoted_value=False)], end_comments=[], multiline=False)",1
picture,GFX_evt_mind_flayers_1,1
picture,GFX_evt_bloody_man,1
picture,GFX_evt_falconing,1
picture,GFX_evt_assassination,1
picture,GFX_evt_wish_1,1
picture,GFX_evt_pregnancy,1
picture,GFX_evt_icewind_dale_3,1
picture,GFX_evt_monk,1
picture,GFX_evt_knight_kneeling,1
picture,GFX_evt_mysterious_forest,1
picture,GFX_evt_powerful_ruler,1
picture,GFX_evt_blood_war_1,1
picture,GFX_evt_dwarf_party_1,1
picture,"Block(entries=[Node(leading_comments=[], trailing_comment=None, blank_before=False, line=316, key='trigger', op='=', value=Block(entries=[Node(leading_comments=[], trailing_comment=None, blank_before=False, line=316, key='FROM', op='=', value=Block(entries=[Node(leading_comments=[], trailing_comment=None, blank_before=False, line=316, key='culture', op='=', value='aslanlar', quoted_key=False, quoted_value=False)], end_comments=[], multiline=False), quoted_key=False, quoted_value=False)], end_comments=[], multiline=False), quoted_key=False, quoted_value=False), Node(leading_comments=[], trailing_comment=None, blank_before=False, line=317, key='picture', op='=', value='GFX_evt_moors', quoted_key=False, quoted_value=False)], end_comments=[], multiline=False)",1
picture,"Block(entries=[Node(leading_comments=[], trailing_comment=None, blank_before=False, line=320, key='trigger', op='=', value=Block(entries=[Node(leading_comments=[], trailing_comment=None, blank_before=False, line=320, key='FROM', op='=', value=Block(entries=[Node(leading_comments=[], trailing_comment=None, blank_before=False, line=320, key='culture', op='=', value='eraka', quoted_key=False, quoted_value=False)], end_comments=[], multiline=False), quoted_key=False, quoted_value=False)], end_comments=[], multiline=False), quoted_key=False, quoted_value=False), Node(leading_comments=[], trailing_comment=None, blank_before=False, line=321, key='picture', op='=', value='GFX_evt_savage_frontier', quoted_key=False, quoted_value=False)], end_comments=[], multiline=False)",1
picture,"Block(entries=[Node(leading_comments=[], trailing_comment=None, blank_before=False, line=324, key='trigger', op='=', value=Block(entries=[Node(leading_comments=[], trailing_comment=None, blank_before=False, line=325, key='FROM', op='=', value=Block(entries=[Node(leading_comments=[], trailing_comment=None, blank_before=False, line=326, key='OR', op='=', value=Block(entries=[Node(leading_comments=[], trailing_comment=None, blank_before=False, line=327, key='culture', op='=', value='gnoll', quoted_key=False, quoted_value=False), Node(leading_comments=[], trailing_comment=None, blank_before=False, line=328, key='culture', op='=', value='flind', quoted_key=False, quoted_value=False)], end_comments=[], multiline=False), quoted_key=False, quoted_value=False)], end_comments=[], multiline=False), quoted_key=False, quoted_value=False)], end_comments=[], multiline=False), quoted_key=False, quoted_value=False), Node(leading_comments=[], trailing_comment=None, blank_before=False, line=332, key='picture', op='=', value='GFX_evt_gnoll_1', quoted_key=False, quoted_value=False)], end_comments=[], multiline=False)",1
picture,"Block(entries=[Node(leading_comments=[], trailing_comment=None, blank_before=False, line=335, key='trigger', op='=', value=Block(entries=[Node(leading_comments=[], trailing_comment=None, blank_before=False, line=335, key='FROM', op='=', value=Block(entries=[Node(leading_comments=[], trailing_comment=None, blank_before=False, line=335, key='culture', op='=', value='wemic', quoted_key=False, quoted_value=False)], end_comments=[], multiline=False), quoted_key=False, quoted_value=False)], end_comments=[], multiline=False), quoted_key=False, quoted_value=False), Node(leading_comments=[], trailing_comment=None, blank_before=False, line=336, key='picture', op='=', value='GFX_evt_wemic', quoted_key=False, quoted_value=False)], end_comments=[], multiline=False)",1
picture,"Block(entries=[Node(leading_comments=[], trailing_comment=None, blank_before=False, line=339, key='trigger', op='=', value=Block(entries=[Node(leading_comments=[], trailing_comment=None, blank_before=False, line=339, key='FROM', op='=', value=Block(entries=[Node(leading_comments=[], trailing_comment=None, blank_before=False, line=339, key='culture', op='=', value='centaur', quoted_key=False, quoted_value=False)], end_comments=[], multiline=False), quoted_key=False, quoted_value=False)], end_comments=[], multiline=False), quoted_key=False, quoted_value=False), Node(leading_comments=[], trailing_comment=None, blank_before=False, line=340, key='picture', op='=', value='GFX_evt_centaur_1', quoted_key=False, quoted_value=False)], end_comments=[], multiline=False)",1
picture,"Block(entries=[Node(leading_comments=[], trailing_comment=None, blank_before=False, line=343, key='trigger', op='=', value=Block(entries=[Node(leading_comments=[], trailing_comment=None, blank_before=False, line=344, key='FROM', op='=', value=Block(entries=[Node(leading_comments=[], trailing_comment=None, blank_before=False, line=345, key='OR', op='=', value=Block(entries=[Node(leading_comments=[], trailing_comment=None, blank_before=False, line=346, key='culture', op='=', value='goblin', quoted_key=False, quoted_value=False), Node(leading_comments=[], trailing_comment=None, blank_before=False, line=347, key='culture', op='=', value='batiri', quoted_key=False, quoted_value=False), Node(leading_comments=[], trailing_comment=None, blank_before=False, line=348, key='culture', op='=', value='bakemono', quoted_key=False, quoted_value=False), Node(leading_comments=[], trailing_comment=None, blank_before=False, line=349, key='culture', op='=', value='hobgoblin', quoted_key=False, quoted_value=False), Node(leading_comments=[], trailing_comment=None, blank_before=False, line=350, key='culture', op='=', value='bugbear', quoted_key=False, quoted_value=False)], end_comments=[], multiline=False), quoted_key=False, quoted_value=False)], end_comments=[], multiline=False), quoted_key=False, quoted_value=False)], end_comments=[], multiline=False), quoted_key=False, quoted_value=False), Node(leading_comments=[], trailing_comment=None, blank_before=False, line=354, key='picture', op='=', value='GFX_evt_goblins', quoted_key=False, quoted_value=False)], end_comments=[], multiline=False)",1
picture,"Block(entries=[Node(leading_comments=[], trailing_comment=None, blank_before=False, line=357, key='trigger', op='=', value=Block(entries=[Node(leading_comments=[], trailing_comment=None, blank_before=False, line=358, key='FROM', op='=', value=Block(entries=[Node(leading_comments=[], trailing_comment=None, blank_before=False, line=359, key='OR', op='=', value=Block(entries=[Node(leading_comments=[], trailing_comment=None, blank_before=False, line=360, key='culture', op='=', value='orc', quoted_key=False, quoted_value=False), Node(leading_comments=[], trailing_comment=None, blank_before=False, line=361, key='culture', op='=', value='orog', quoted_key=False, quoted_value=False), Node(leading_comments=[], trailing_comment=None, blank_before=False, line=362, key='culture', op='=', value='tanarukk', quoted_key=False, quoted_value=False)], end_comments=[], multiline=False), quoted_key=False, quoted_value=False)], end_comments=[], multiline=False), quoted_key=False, quoted_value=False)], end_comments=[], multiline=False), quoted_key=False, quoted_value=False), Node(leading_comments=[], trailing_comment=None, blank_before=False, line=366, key='picture', op='=', value='GFX_evt_orcs', quoted_key=False, quoted_value=False)], end_comments=[], multiline=False)",1
picture,"Block(entries=[Node(leading_comments=[], trailing_comment=None, blank_before=False, line=369, key='trigger', op='=', value=Block(entries=[Node(leading_comments=[], trailing_comment=None, blank_before=False, line=370, key='FROM', op='=', value=Block(entries=[Node(leading_comments=[], trailing_comment=None, blank_before=False, line=371, key='OR', op='=', value=Block(entries=[Node(leading_comments=[], trailing_comment=None, blank_before=False, line=372, key='culture_group', op='=', value='taan_group', quoted_key=False, quoted_value=False), Node(leading_comments=[], trailing_comment=None, blank_before=False, line=373, key='culture', op='=', value='shaaran', quoted_key=False, quoted_value=False), Node(leading_comments=[], trailing_comment=None, blank_before=False, line=374, key='culture', op='=', value='arkaiun', quoted_key=False, quoted_value=False), Node(leading_comments=[], trailing_comment=None, blank_before=False, line=375, key='culture', op='=', value='nar', quoted_key=False, quoted_value=False)], end_comments=[], multiline=False), quoted_key=False, quoted_value=False)], end_comments=[], multiline=False), quoted_key=False, quoted_value=False)], end_comments=[], multiline=False), quoted_key=False, quoted_value=False), Node(leading_comments=[], trailing_comment=None, blank_before=False, line=379, key='picture', op='=', value='GFX_evt_steppe_mercenaries', quoted_key=False, quoted_value=False)], end_comments=[], multiline=False)",1
picture,"Block(entries=[Node(leading_comments=[], trailing_comment=None, blank_before=False, line=9, key='trigger', op='=', value=Block(entries=[Node(leading_comments=[], trailing_comment=None, blank_before=False, line=9, key='NOT', op='=', value=Block(entries=[Node(leading_comments=[], trailing_comment=None, blank_before=False, line=9, key='government', op='=', value='nomadic_tribal_government', quoted_key=False, quoted_value=False)], end_comments=[], multiline=False), quoted_key=False, quoted_value=False)], end_comments=[], multiline=False), quoted_key=False, quoted_value=False), Node(leading_comments=[], trailing_comment=None, blank_before=False, line=10, key='picture', op='=', value='GFX_evt_steppe_mercenaries', quoted_key=False, quoted_value=False)], end_comments=[], multiline=False)",1
picture,"Block(entries=[Node(leading_comments=[], trailing_comment=None, blank_before=False, line=13, key='trigger', op='=', value=Block(entries=[Node(leading_comments=[], trailing_comment=None, blank_before=False, line=13, key='culture', op='=', value='aslanlar', quoted_key=False, quoted_value=False)], end_comments=[], multiline=False), quoted_key=False, quoted_value=False), Node(leading_comments=[], trailing_comment=None, blank_before=False, line=14, key='picture', op='=', value='GFX_evt_moors', quoted_key=False, quoted_value=False)], end_comments=[], multiline=False)",1
picture,"Block(entries=[Node(leading_comments=[], trailing_comment=None, blank_before=False, line=17, key='trigger', op='=', value=Block(entries=[Node(leading_comments=[], trailing_comment=None, blank_before=False, line=17, key='culture', op='=', value='eraka', quoted_key=False, quoted_value=False)], end_comments=[], multiline=False), quoted_key=False, quoted_value=False), Node(leading_comments=[], trailing_comment=None, blank_before=False, line=18, key='picture', op='=', value='GFX_evt_savage_frontier', quoted_key=False, quoted_value=False)], end_comments=[], multiline=False)",1
picture,"Block(entries=[Node(leading_comments=[], trailing_comment=None, blank_before=False, line=21, key='trigger', op='=', value=Block(entries=[Node(leading_comments=[], trailing_comment=None, blank_before=False, line=21, key='culture', op='=', value='gnoll', quoted_key=False, quoted_value=False)], end_comments=[], multiline=False), quoted_key=False, quoted_value=False), Node(leading_comments=[], trailing_comment=None, blank_before=False, line=22, key='picture', op='=', value='GFX_evt_gnoll_1', quoted_key=False, quoted_value=False)], end_comments=[], multiline=False)",1
picture,"Block(entries=[Node(leading_comments=[], trailing_comment=None, blank_before=False, line=25, key='trigger', op='=', value=Block(entries=[Node(leading_comments=[], trailing_comment=None, blank_before=False, line=25, key='culture', op='=', value='wemic', quoted_key=False, quoted_value=False)], end_comments=[], multiline=False), quoted_key=False, quoted_value=False), Node(leading_comments=[], trailing_comment=None, blank_before=False, line=26, key='picture', op='=', value='GFX_evt_wemic', quoted_key=False, quoted_value=False)], end_comments=[], multiline=False)",1
picture,"Block(entries=[Node(leading_comments=[], trailing_comment=None, blank_before=False, line=29, key='trigger', op='=', value=Block(entries=[Node(leading_comments=[], trailing_comment=None, blank_before=False, line=29, key='culture', op='=', value='centaur', quoted_key=False, quoted_value=False)], end_comments=[], multiline=False), quoted_key=False, quoted_value=False), Node(leading_comments=[], trailing_comment=None, blank_before=False, line=30, key='picture', op='=', value='GFX_evt_centaur_1', quoted_key=False, quoted_value=False)], end_comments=[], multiline=False)",1
picture,"Block(entries=[Node(leading_comments=[], trailing_comment=None, blank_before=False, line=33, key='trigger', op='=', value=Block(entries=[Node(leading_comments=[], trailing_comment=None, blank_before=False, line=34, key='OR', op='=', value=Block(entries=[Node(leading_comments=[], trailing_comment=None, blank_before=False, line=35, key='culture', op='=', value='goblin', quoted_key=False, quoted_value=False), Node(leading_comments=[], trailing_comment=None, blank_before=False, line=36, key='culture', op='=', value='batiri', quoted_key=False, quoted_value=False), Node(leading_comments=[], trailing_comment=None, blank_before=False, line=37, key='culture', op='=', value='bakemono', quoted_key=False, quoted_value=False), Node(leading_comments=[], trailing_comment=None, blank_before=False, line=38, key='culture', op='=', value='hobgoblin', quoted_key=False, quoted_value=False), Node(leading_comments=[], trailing_comment=None, blank_before=False, line=39, key='culture', op='=', value='bugbear', quoted_key=False, quoted_value=False)], end_comments=[], multiline=False), quoted_key=False, quoted_value=False)], end_comments=[], multiline=False), quoted_key=False, quoted_value=False), Node(leading_comments=[], trailing_comment=None, blank_before=False, line=42, key='picture', op='=', value='GFX_evt_goblins', quoted_key=False, quoted_value=False)], end_comments=[], multiline=False)",1
picture,"Block(entries=[Node(leading_comments=[], trailing_comment=None, blank_before=False, line=45, key='trigger', op='=', value=Block(entries=[Node(leading_comments=[], trailing_comment=None, blank_before=False, line=46, key='OR', op='=', value=Block(entries=[Node(leading_comments=[], trailing_comment=None, blank_before=False, line=47, key='culture', op='=', value='orc', quoted_key=False, quoted_value=False), Node(leading_comments=[], trailing_comment=None, blank_before=False, line=48, key='culture', op='=', value='orog', quoted_key=False, quoted_value=False), Node(leading_comments=[], trailing_comment=None, blank_before=False, line=49, key='culture', op='=', value='tanarukk', quoted_key=False, quoted_value=False)], end_comments=[], multiline=False), quoted_key=False, quoted_value=False)], end_comments=[], multiline=False), quoted_key=False, quoted_value=False), Node(leading_comments=[], trailing_comment=None, blank_before=False, line=52, key='picture', op='=', value='GFX_evt_orcs', quoted_key=False, quoted_value=False)], end_comments=[], multiline=False)",1
picture,"Block(entries=[Node(leading_comments=[], trailing_comment=None, blank_before=False, line=55, key='trigger', op='=', value=Block(entries=[Node(leading_comments=[], trailing_comment=None, blank_before=False, line=56, key='OR', op='=', value=Block(entries=[Node(leading_comments=[], trailing_comment=None, blank_before=False, line=57, key='culture_group', op='=', value='taan_group', quoted_key=False, quoted_value=False), Node(leading_comments=[], trailing_comment=None, blank_before=False, line=58, key='culture', op='=', value='shaaran', quoted_key=False, quoted_value=False), Node(leading_comments=[], trailing_comment=None, blank_before=False, line=59, key='culture', op='=', value='arkaiun', quoted_key=False, quoted_value=False), Node(leading_comments=[], trailing_comment=None, blank_before=False, line=60, key='culture', op='=', value='nar', quoted_key=False, quoted_value=False)], end_comments=[], multiline=False), quoted_key=False, quoted_value=False)], end_comments=[], multiline=False), quoted_key=False, quoted_value=False), Node(leading_comments=[], trailing_comment=None, blank_before=False, line=63, key='picture', op='=', value='GFX_evt_steppe_mercenaries', quoted_key=False, quoted_value=False)], end_comments=[], multiline=False)",1
picture,"Block(entries=[Node(leading_comments=[], trailing_comment=None, blank_before=False, line=120, key='trigger', op='=', value=Block(entries=[Node(leading_comments=[], trailing_comment=None, blank_before=False, line=120, key='NOT', op='=', value=Block(entries=[Node(leading_comments=[], trailing_comment=None, blank_before=False, line=120, key='government', op='=', value='nomadic_tribal_government', quoted_key=False, quoted_value=False)], end_comments=[], multiline=False), quoted_key=False, quoted_value=False)], end_comments=[], multiline=False), quoted_key=False, quoted_value=False), Node(leading_comments=[], trailing_comment=None, blank_before=False, line=121, key='picture', op='=', value='GFX_evt_large_army', quoted_key=False, quoted_value=False)], end_comments=[], multiline=False)",1
picture,"Block(entries=[Node(leading_comments=[], trailing_comment=None, blank_before=False, line=124, key='trigger', op='=', value=Block(entries=[Node(leading_comments=[], trailing_comment=None, blank_before=False, line=124, key='culture', op='=', value='aslanlar', quoted_key=False, quoted_value=False)], end_comments=[], multiline=False), quoted_key=False, quoted_value=False), Node(leading_comments=[], trailing_comment=None, blank_before=False, line=125, key='picture', op='=', value='GFX_evt_moors', quoted_key=False, quoted_value=False)], end_comments=[], multiline=False)",1
picture,"Block(entries=[Node(leading_comments=[], trailing_comment=None, blank_before=False, line=128, key='trigger', op='=', value=Block(entries=[Node(leading_comments=[], trailing_comment=None, blank_before=False, line=128, key='culture', op='=', value='eraka', quoted_key=False, quoted_value=False)], end_comments=[], multiline=False), quoted_key=False, quoted_value=False), Node(leading_comments=[], trailing_comment=None, blank_before=False, line=129, key='picture', op='=', value='GFX_evt_savage_frontier', quoted_key=False, quoted_value=False)], end_comments=[], multiline=False)",1
picture,"Block(entries=[Node(leading_comments=[], trailing_comment=None, blank_before=False, line=132, key='trigger', op='=', value=Block(entries=[Node(leading_comments=[], trailing_comment=None, blank_before=False, line=132, key='culture', op='=', value='gnoll', quoted_key=False, quoted_value=False)], end_comments=[], multiline=False), quoted_key=False, quoted_value=False), Node(leading_comments=[], trailing_comment=None, blank_before=False, line=133, key='picture', op='=', value='GFX_evt_gnoll_1', quoted_key=False, quoted_value=False)], end_comments=[], multiline=False)",1
picture,"Block(entries=[Node(leading_comments=[], trailing_comment=None, blank_before=False, line=136, key='trigger', op='=', value=Block(entries=[Node(leading_comments=[], trailing_comment=None, blank_before=False, line=136, key='culture', op='=', value='wemic', quoted_key=False, quoted_value=False)], end_comments=[], multiline=False), quoted_key=False, quoted_value=False), Node(leading_comments=[], trailing_comment=None, blank_before=False, line=137, key='picture', op='=', value='GFX_evt_wemic', quoted_key=False, quoted_value=False)], end_comments=[], multiline=False)",1
picture,"Block(entries=[Node(leading_comments=[], trailing_comment=None, blank_before=False, line=140, key='trigger', op='=', value=Block(entries=[Node(leading_comments=[], trailing_comment=None, blank_before=False, line=140, key='culture', op='=', value='centaur', quoted_key=False, quoted_value=False)], end_comments=[], multiline=False), quoted_key=False, quoted_value=False), Node(leading_comments=[], trailing_comment=None, blank_before=False, line=141, key='picture', op='=', value='GFX_evt_centaur_1', quoted_key=False, quoted_value=False)], end_comments=[], multiline=False)",1
picture,"Block(entries=[Node(leading_comments=[], trailing_comment=None, blank_before=False, line=144, key='trigger', op='=', value=Block(entries=[Node(leading_comments=[], trailing_comment=None, blank_before=False, line=145, key='OR', op='=', value=Block(entries=[Node(leading_comments=[], trailing_comment=None, blank_before=False, line=146, key='culture', op='=', value='goblin', quoted_key=False, quoted_value=False), Node(leading_comments=[], trailing_comment=None, blank_before=False, line=147, key='culture', op='=', value='batiri', quoted_key=False, quoted_value=False), Node(leading_comments=[], trailing_comment=None, blank_before=False, line=148, key='culture', op='=', value='bakemono', quoted_key=False, quoted_value=False), Node(leading_comments=[], trailing_comment=None, blank_before=False, line=149, key='culture', op='=', value='hobgoblin', quoted_key=False, quoted_value=False), Node(leading_comments=[], trailing_comment=None, blank_before=False, line=150, key='culture', op='=', value='bugbear', quoted_key=False, quoted_value=False)], end_comments=[], multiline=False), quoted_key=False, quoted_value=False)], end_comments=[], multiline=False), quoted_key=False, quoted_value=False), Node(leading_comments=[], trailing_comment=None, blank_before=False, line=153, key='picture', op='=', value='GFX_evt_goblins', quoted_key=False, quoted_value=False)], end_comments=[], multiline=False)",1
picture,"Block(entries=[Node(leading_comments=[], trailing_comment=None, blank_before=False, line=156, key='trigger', op='=', value=Block(entries=[Node(leading_comments=[], trailing_comment=None, blank_before=False, line=157, key='OR', op='=', value=Block(entries=[Node(leading_comments=[], trailing_comment=None, blank_before=False, line=158, key='culture', op='=', value='orc', quoted_key=False, quoted_value=False), Node(leading_comments=[], trailing_comment=None, blank_before=False, line=159, key='culture', op='=', value='orog', quoted_key=False, quoted_value=False), Node(leading_comments=[], trailing_comment=None, blank_before=False, line=160, key='culture', op='=', value='tanarukk', quoted_key=False, quoted_value=False)], end_comments=[], multiline=False), quoted_key=False, quoted_value=False)], end_comments=[], multiline=False), quoted_key=False, quoted_value=False), Node(leading_comments=[], trailing_comment=None, blank_before=False, line=163, key='picture', op='=', value='GFX_evt_orcs', quoted_key=False, quoted_value=False)], end_comments=[], multiline=False)",1
picture,"Block(entries=[Node(leading_comments=[], trailing_comment=None, blank_before=False, line=166, key='trigger', op='=', value=Block(entries=[Node(leading_comments=[], trailing_comment=None, blank_before=False, line=167, key='OR', op='=', value=Block(entries=[Node(leading_comments=[], trailing_comment=None, blank_before=False, line=168, key='culture_group', op='=', value='taan_group', quoted_key=False, quoted_value=False), Node(leading_comments=[], trailing_comment=None, blank_before=False, line=169, key='culture', op='=', value='shaaran', quoted_key=False, quoted_value=False), Node(leading_comments=[], trailing_comment=None, blank_before=False, line=170, key='culture', op='=', value='arkaiun', quoted_key=False, quoted_value=False), Node(leading_comments=[], trailing_comment=None, blank_before=False, line=171, key='culture', op='=', value='nar', quoted_key=False, quoted_value=False)], end_comments=[], multiline=False), quoted_key=False, quoted_value=False)], end_comments=[], multiline=False), quoted_key=False, quoted_value=False), Node(leading_comments=[], trailing_comment=None, blank_before=False, line=174, key='picture', op='=', value='GFX_evt_steppe_mercenaries', quoted_key=False, quoted_value=False)], end_comments=[], multiline=False)",1
picture,"Block(entries=[Node(leading_comments=[], trailing_comment=None, blank_before=False, line=248, key='trigger', op='=', value=Block(entries=[Node(leading_comments=[], trailing_comment=None, blank_before=False, line=248, key='FROM', op='=', value=Block(entries=[Node(leading_comments=[], trailing_comment=None, blank_before=False, line=248, key='NOT', op='=', value=Block(entries=[Node(leading_comments=[], trailing_comment=None, blank_before=False, line=248, key='government', op='=', value='nomadic_tribal_government', quoted_key=False, quoted_value=False)], end_comments=[], multiline=False), quoted_key=False, quoted_value=False)], end_comments=[], multiline=False), quoted_key=False, quoted_value=False)], end_comments=[], multiline=False), quoted_key=False, quoted_value=False), Node(leading_comments=[], trailing_comment=None, blank_before=False, line=249, key='picture', op='=', value='GFX_evt_large_army', quoted_key=False, quoted_value=False)], end_comments=[], multiline=False)",1
picture,"Block(entries=[Node(leading_comments=[], trailing_comment=None, blank_before=False, line=252, key='trigger', op='=', value=Block(entries=[Node(leading_comments=[], trailing_comment=None, blank_before=False, line=252, key='FROM', op='=', value=Block(entries=[Node(leading_comments=[], trailing_comment=None, blank_before=False, line=252, key='culture', op='=', value='aslanlar', quoted_key=False, quoted_value=False)], end_comments=[], multiline=False), quoted_key=False, quoted_value=False)], end_comments=[], multiline=False), quoted_key=False, quoted_value=False), Node(leading_comments=[], trailing_comment=None, blank_before=False, line=253, key='picture', op='=', value='GFX_evt_moors', quoted_key=False, quoted_value=False)], end_comments=[], multiline=False)",1
picture,"Block(entries=[Node(leading_comments=[], trailing_comment=None, blank_before=False, line=256, key='trigger', op='=', value=Block(entries=[Node(leading_comments=[], trailing_comment=None, blank_before=False, line=256, key='FROM', op='=', value=Block(entries=[Node(leading_comments=[], trailing_comment=None, blank_before=False, line=256, key='culture', op='=', value='eraka', quoted_key=False, quoted_value=False)], end_comments=[], multiline=False), quoted_key=False, quoted_value=False)], end_comments=[], multiline=False), quoted_key=False, quoted_value=False), Node(leading_comments=[], trailing_comment=None, blank_before=False, line=257, key='picture', op='=', value='GFX_evt_savage_frontier', quoted_key=False, quoted_value=False)], end_comments=[], multiline=False)",1
picture,"Block(entries=[Node(leading_comments=[], trailing_comment=None, blank_before=False, line=260, key='trigger', op='=', value=Block(entries=[Node(leading_comments=[], trailing_comment=None, blank_before=False, line=260, key='FROM', op='=', value=Block(entries=[Node(leading_comments=[], trailing_comment=None, blank_before=False, line=260, key='culture', op='=', value='gnoll', quoted_key=False, quoted_value=False)], end_comments=[], multiline=False), quoted_key=False, quoted_value=False)], end_comments=[], multiline=False), quoted_key=False, quoted_value=False), Node(leading_comments=[], trailing_comment=None, blank_before=False, line=261, key='picture', op='=', value='GFX_evt_gnoll_1', quoted_key=False, quoted_value=False)], end_comments=[], multiline=False)",1
picture,"Block(entries=[Node(leading_comments=[], trailing_comment=None, blank_before=False, line=264, key='trigger', op='=', value=Block(entries=[Node(leading_comments=[], trailing_comment=None, blank_before=False, line=264, key='FROM', op='=', value=Block(entries=[Node(leading_comments=[], trailing_comment=None, blank_before=False, line=264, key='culture', op='=', value='wemic', quoted_key=False, quoted_value=False)], end_comments=[], multiline=False), quoted_key=False, quoted_value=False)], end_comments=[], multiline=False), quoted_key=False, quoted_value=False), Node(leading_comments=[], trailing_comment=None, blank_before=False, line=265, key='picture', op='=', value='GFX_evt_wemic', quoted_key=False, quoted_value=False)], end_comments=[], multiline=False)",1
picture,"Block(entries=[Node(leading_comments=[], trailing_comment=None, blank_before=False, line=268, key='trigger', op='=', value=Block(entries=[Node(leading_comments=[], trailing_comment=None, blank_before=False, line=268, key='FROM', op='=', value=Block(entries=[Node(leading_comments=[], trailing_comment=None, blank_before=False, line=268, key='culture', op='=', value='centaur', quoted_key=False, quoted_value=False)], end_comments=[], multiline=False), quoted_key=False, quoted_value=False)], end_comments=[], multiline=False), quoted_key=False, quoted_value=False), Node(leading_comments=[], trailing_comment=None, blank_before=False, line=269, key='picture', op='=', value='GFX_evt_centaur_1', quoted_key=False, quoted_value=False)], end_comments=[], multiline=False)",1
picture,"Block(entries=[Node(leading_comments=[], trailing_comment=None, blank_before=False, line=272, key='trigger', op='=', value=Block(entries=[Node(leading_comments=[], trailing_comment=None, blank_before=False, line=273, key='FROM', op='=', value=Block(entries=[Node(leading_comments=[], trailing_comment=None, blank_before=False, line=274, key='OR', op='=', value=Block(entries=[Node(leading_comments=[], trailing_comment=None, blank_before=False, line=275, key='culture', op='=', value='goblin', quoted_key=False, quoted_value=False), Node(leading_comments=[], trailing_comment=None, blank_before=False, line=276, key='culture', op='=', value='batiri', quoted_key=False, quoted_value=False), Node(leading_comments=[], trailing_comment=None, blank_before=False, line=277, key='culture', op='=', value='bakemono', quoted_key=False, quoted_value=False), Node(leading_comments=[], trailing_comment=None, blank_before=False, line=278, key='culture', op='=', value='hobgoblin', quoted_key=False, quoted_value=False), Node(leading_comments=[], trailing_comment=None, blank_before=False, line=279, key='culture', op='=', value='bugbear', quoted_key=False, quoted_value=False)], end_comments=[], multiline=False), quoted_key=False, quoted_value=False)], end_comments=[], multiline=False), quoted_key=False, quoted_value=False)], end_comments=[], multiline=False), quoted_key=False, quoted_value=False), Node(leading_comments=[], trailing_comment=None, blank_before=False, line=283, key='picture', op='=', value='GFX_evt_goblins', quoted_key=False, quoted_value=False)], end_comments=[], multiline=False)",1
picture,"Block(entries=[Node(leading_comments=[], trailing_comment=None, blank_before=False, line=286, key='trigger', op='=', value=Block(entries=[Node(leading_comments=[], trailing_comment=None, blank_before=False, line=287, key='FROM', op='=', value=Block(entries=[Node(leading_comments=[], trailing_comment=None, blank_before=False, line=288, key='OR', op='=', value=Block(entries=[Node(leading_comments=[], trailing_comment=None, blank_before=False, line=289, key='culture', op='=', value='orc', quoted_key=False, quoted_value=False), Node(leading_comments=[], trailing_comment=None, blank_before=False, line=290, key='culture', op='=', value='orog', quoted_key=False, quoted_value=False), Node(leading_comments=[], trailing_comment=None, blank_before=False, line=291, key='culture', op='=', value='tanarukk', quoted_key=False, quoted_value=False)], end_comments=[], multiline=False), quoted_key=False, quoted_value=False)], end_comments=[], multiline=False), quoted_key=False, quoted_value=False)], end_comments=[], multiline=False), quoted_key=False, quoted_value=False), Node(leading_comments=[], trailing_comment=None, blank_before=False, line=295, key='picture', op='=', value='GFX_evt_orcs', quoted_key=False, quoted_value=False)], end_comments=[], multiline=False)",1
picture,"Block(entries=[Node(leading_comments=[], trailing_comment=None, blank_before=False, line=298, key='trigger', op='=', value=Block(entries=[Node(leading_comments=[], trailing_comment=None, blank_before=False, line=299, key='FROM', op='=', value=Block(entries=[Node(leading_comments=[], trailing_comment=None, blank_before=False, line=300, key='OR', op='=', value=Block(entries=[Node(leading_comments=[], trailing_comment=None, blank_before=False, line=301, key='culture_group', op='=', value='taan_group', quoted_key=False, quoted_value=False), Node(leading_comments=[], trailing_comment=None, blank_before=False, line=302, key='culture', op='=', value='shaaran', quoted_key=False, quoted_value=False), Node(leading_comments=[], trailing_comment=None, blank_before=False, line=303, key='culture', op='=', value='arkaiun', quoted_key=False, quoted_value=False), Node(leading_comments=[], trailing_comment=None, blank_before=False, line=304, key='culture', op='=', value='nar', quoted_key=False, quoted_value=False)], end_comments=[], multiline=False), quoted_key=False, quoted_value=False)], end_comments=[], multiline=False), quoted_key=False, quoted_value=False)], end_comments=[], multiline=False), quoted_key=False, quoted_value=False), Node(leading_comments=[], trailing_comment=None, blank_before=False, line=308, key='picture', op='=', value='GFX_evt_steppe_mercenaries', quoted_key=False, quoted_value=False)], end_comments=[], multiline=False)",1
picture,"Block(entries=[Node(leading_comments=[], trailing_comment=None, blank_before=False, line=1013, key='trigger', op='=', value=Block(entries=[Node(leading_comments=[], trailing_comment=None, blank_before=False, line=1013, key='NOT', op='=', value=Block(entries=[Node(leading_comments=[], trailing_comment=None, blank_before=False, line=1013, key='government', op='=', value='nomadic_tribal_government', quoted_key=False, quoted_value=False)], end_comments=[], multiline=False), quoted_key=False, quoted_value=False)], end_comments=[], multiline=False), quoted_key=False, quoted_value=False), Node(leading_comments=[], trailing_comment=None, blank_before=False, line=1014, key='picture', op='=', value='GFX_evt_large_army', quoted_key=False, quoted_value=False)], end_comments=[], multiline=False)",1
picture,"Block(entries=[Node(leading_comments=[], trailing_comment=None, blank_before=False, line=1017, key='trigger', op='=', value=Block(entries=[Node(leading_comments=[], trailing_comment=None, blank_before=False, line=1017, key='culture', op='=', value='aslanlar', quoted_key=False, quoted_value=False)], end_comments=[], multiline=False), quoted_key=False, quoted_value=False), Node(leading_comments=[], trailing_comment=None, blank_before=False, line=1018, key='picture', op='=', value='GFX_evt_moors', quoted_key=False, quoted_value=False)], end_comments=[], multiline=False)",1
picture,"Block(entries=[Node(leading_comments=[], trailing_comment=None, blank_before=False, line=1021, key='trigger', op='=', value=Block(entries=[Node(leading_comments=[], trailing_comment=None, blank_before=False, line=1021, key='culture', op='=', value='eraka', quoted_key=False, quoted_value=False)], end_comments=[], multiline=False), quoted_key=False, quoted_value=False), Node(leading_comments=[], trailing_comment=None, blank_before=False, line=1022, key='picture', op='=', value='GFX_evt_savage_frontier', quoted_key=False, quoted_value=False)], end_comments=[], multiline=False)",1
picture,"Block(entries=[Node(leading_comments=[], trailing_comment=None, blank_before=False, line=1025, key='trigger', op='=', value=Block(entries=[Node(leading_comments=[], trailing_comment=None, blank_before=False, line=1025, key='culture', op='=', value='gnoll', quoted_key=False, quoted_value=False)], end_comments=[], multiline=False), quoted_key=False, quoted_value=False), Node(leading_comments=[], trailing_comment=None, blank_before=False, line=1026, key='picture', op='=', value='GFX_evt_gnoll_1', quoted_key=False, quoted_value=False)], end_comments=[], multiline=False)",1
picture,"Block(entries=[Node(leading_comments=[], trailing_comment=None, blank_before=False, line=1029, key='trigger', op='=', value=Block(entries=[Node(leading_comments=[], trailing_comment=None, blank_before=False, line=1029, key='culture', op='=', value='wemic', quoted_key=False, quoted_value=False)], end_comments=[], multiline=False), quoted_key=False, quoted_value=False), Node(leading_comments=[], trailing_comment=None, blank_before=False, line=1030, key='picture', op='=', value='GFX_evt_wemic', quoted_key=False, quoted_value=False)], end_comments=[], multiline=False)",1
picture,"Block(entries=[Node(leading_comments=[], trailing_comment=None, blank_before=False, line=1033, key='trigger', op='=', value=Block(entries=[Node(leading_comments=[], trailing_comment=None, blank_before=False, line=1033, key='culture', op='=', value='centaur', quoted_key=False, quoted_value=False)], end_comments=[], multiline=False), quoted_key=False, quoted_value=False), Node(leading_comments=[], trailing_comment=None, blank_before=False, line=1034, key='picture', op='=', value='GFX_evt_centaur_1', quoted_key=False, quoted_value=False)], end_comments=[], multiline=False)",1
picture,"Block(entries=[Node(leading_comments=[], trailing_comment=None, blank_before=False, line=1037, key='trigger', op='=', value=Block(entries=[Node(leading_comments=[], trailing_comment=None, blank_before=False, line=1038, key='OR', op='=', value=Block(entries=[Node(leading_comments=[], trailing_comment=None, blank_before=False, line=1039, key='culture', op='=', value='goblin', quoted_key=False, quoted_value=False), Node(leading_comments=[], trailing_comment=None, blank_before=False, line=1040, key='culture', op='=', value='batiri', quoted_key=False, quoted_value=False), Node(leading_comments=[], trailing_comment=None, blank_before=False, line=1041, key='culture', op='=', value='bakemono', quoted_key=False, quoted_value=False), Node(leading_comments=[], trailing_comment=None, blank_before=False, line=1042, key='culture', op='=', value='hobgoblin', quoted_key=False, quoted_value=False), Node(leading_comments=[], trailing_comment=None, blank_before=False, line=1043, key='culture', op='=', value='bugbear', quoted_key=False, quoted_value=False)], end_comments=[], multiline=False), quoted_key=False, quoted_value=False)], end_comments=[], multiline=False), quoted_key=False, quoted_value=False), Node(leading_comments=[], trailing_comment=None, blank_before=False, line=1046, key='picture', op='=', value='GFX_evt_goblins', quoted_key=False, quoted_value=False)], end_comments=[], multiline=False)",1
picture,"Block(entries=[Node(leading_comments=[], trailing_comment=None, blank_before=False, line=1049, key='trigger', op='=', value=Block(entries=[Node(leading_comments=[], trailing_comment=None, blank_before=False, line=1050, key='OR', op='=', value=Block(entries=[Node(leading_comments=[], trailing_comment=None, blank_before=False, line=1051, key='culture', op='=', value='orc', quoted_key=False, quoted_value=False), Node(leading_comments=[], trailing_comment=None, blank_before=False, line=1052, key='culture', op='=', value='orog', quoted_key=False, quoted_value=False), Node(leading_comments=[], trailing_comment=None, blank_before=False, line=1053, key='culture', op='=', value='tanarukk', quoted_key=False, quoted_value=False)], end_comments=[], multiline=False), quoted_key=False, quoted_value=False)], end_comments=[], multiline=False), quoted_key=False, quoted_value=False), Node(leading_comments=[], trailing_comment=None, blank_before=False, line=1056, key='picture', op='=', value='GFX_evt_orcs', quoted_key=False, quoted_value=False)], end_comments=[], multiline=False)",1
picture,"Block(entries=[Node(leading_comments=[], trailing_comment=None, blank_before=False, line=1059, key='trigger', op='=', value=Block(entries=[Node(leading_comments=[], trailing_comment=None, blank_before=False, line=1060, key='OR', op='=', value=Block(entries=[Node(leading_comments=[], trailing_comment=None, blank_before=False, line=1061, key='culture_group', op='=', value='taan_group', quoted_key=False, quoted_value=False), Node(leading_comments=[], trailing_comment=None, blank_before=False, line=1062, key='culture', op='=', value='shaaran', quoted_key=False, quoted_value=False), Node(leading_comments=[], trailing_comment=None, blank_before=False, line=1063, key='culture', op='=', value='arkaiun', quoted_key=False, quoted_value=False), Node(leading_comments=[], trailing_comment=None, blank_before=False, line=1064, key='culture', op='=', value='nar', quoted_key=False, quoted_value=False)], end_comments=[], multiline=False), quoted_key=False, quoted_value=False)], end_comments=[], multiline=False), quoted_key=False, quoted_value=False), Node(leading_comments=[], trailing_comment=None, blank_before=False, line=1067, key='picture', op='=', value='GFX_evt_steppe_mercenaries', quoted_key=False, quoted_value=False)], end_comments=[], multiline=False)",1
picture,"Block(entries=[Node(leading_comments=[], trailing_comment=None, blank_before=False, line=1103, key='trigger', op='=', value=Block(entries=[Node(leading_comments=[], trailing_comment=None, blank_before=False, line=1103, key='NOT', op='=', value=Block(entries=[Node(leading_comments=[], trailing_comment=None, blank_before=False, line=1103, key='government', op='=', value='nomadic_tribal_government', quoted_key=False, quoted_value=False)], end_comments=[], multiline=False), quoted_key=False, quoted_value=False)], end_comments=[], multiline=False), quoted_key=False, quoted_value=False), Node(leading_comments=[], trailing_comment=None, blank_before=False, line=1104, key='picture', op='=', value='GFX_evt_large_army', quoted_key=False, quoted_value=False)], end_comments=[], multiline=False)",1
picture,"Block(entries=[Node(leading_comments=[], trailing_comment=None, blank_before=False, line=1107, key='trigger', op='=', value=Block(entries=[Node(leading_comments=[], trailing_comment=None, blank_before=False, line=1107, key='culture', op='=', value='aslanlar', quoted_key=False, quoted_value=False)], end_comments=[], multiline=False), quoted_key=False, quoted_value=False), Node(leading_comments=[], trailing_comment=None, blank_before=False, line=1108, key='picture', op='=', value='GFX_evt_moors', quoted_key=False, quoted_value=False)], end_comments=[], multiline=False)",1
picture,"Block(entries=[Node(leading_comments=[], trailing_comment=None, blank_before=False, line=1111, key='trigger', op='=', value=Block(entries=[Node(leading_comments=[], trailing_comment=None, blank_before=False, line=1111, key='culture', op='=', value='eraka', quoted_key=False, quoted_value=False)], end_comments=[], multiline=False), quoted_key=False, quoted_value=False), Node(leading_comments=[], trailing_comment=None, blank_before=False, line=1112, key='picture', op='=', value='GFX_evt_savage_frontier', quoted_key=False, quoted_value=False)], end_comments=[], multiline=False)",1
picture,"Block(entries=[Node(leading_comments=[], trailing_comment=None, blank_before=False, line=1115, key='trigger', op='=', value=Block(entries=[Node(leading_comments=[], trailing_comment=None, blank_before=False, line=1115, key='culture', op='=', value='gnoll', quoted_key=False, quoted_value=False)], end_comments=[], multiline=False), quoted_key=False, quoted_value=False), Node(leading_comments=[], trailing_comment=None, blank_before=False, line=1116, key='picture', op='=', value='GFX_evt_gnoll_1', quoted_key=False, quoted_value=False)], end_comments=[], multiline=False)",1
picture,"Block(entries=[Node(leading_comments=[], trailing_comment=None, blank_before=False, line=1119, key='trigger', op='=', value=Block(entries=[Node(leading_comments=[], trailing_comment=None, blank_before=False, line=1119, key='culture', op='=', value='wemic', quoted_key=False, quoted_value=False)], end_comments=[], multiline=False), quoted_key=False, quoted_value=False), Node(leading_comments=[], trailing_comment=None, blank_before=False, line=1120, key='picture', op='=', value='GFX_evt_wemic', quoted_key=False, quoted_value=False)], end_comments=[], multiline=False)",1
picture,"Block(entries=[Node(leading_comments=[], trailing_comment=None, blank_before=False, line=1123, key='trigger', op='=', value=Block(entries=[Node(leading_comments=[], trailing_comment=None, blank_before=False, line=1123, key='culture', op='=', value='centaur', quoted_key=False, quoted_value=False)], end_comments=[], multiline=False), quoted_key=False, quoted_value=False), Node(leading_comments=[], trailing_comment=None, blank_before=False, line=1124, key='picture', op='=', value='GFX_evt_centaur_1', quoted_key=False, quoted_value=False)], end_comments=[], multiline=False)",1
picture,"Block(entries=[Node(leading_comments=[], trailing_comment=None, blank_before=False, line=1127, key='trigger', op='=', value=Block(entries=[Node(leading_comments=[], trailing_comment=None, blank_before=False, line=1128, key='OR', op='=', value=Block(entries=[Node(leading_comments=[], trailing_comment=None, blank_before=False, line=1129, key='culture', op='=', value='goblin', quoted_key=False, quoted_value=False), Node(leading_comments=[], trailing_comment=None, blank_before=False, line=1130, key='culture', op='=', value='batiri', quoted_key=False, quoted_value=False), Node(leading_comments=[], trailing_comment=None, blank_before=False, line=1131, key='culture', op='=', value='bakemono', quoted_key=False, quoted_value=False), Node(leading_comments=[], trailing_comment=None, blank_before=False, line=1132, key='culture', op='=', value='hobgoblin', quoted_key=False, quoted_value=False), Node(leading_comments=[], trailing_comment=None, blank_before=False, line=1133, key='culture', op='=', value='bugbear', quoted_key=False, quoted_value=False)], end_comments=[], multiline=False), quoted_key=False, quoted_value=False)], end_comments=[], multiline=False), quoted_key=False, quoted_value=False), Node(leading_comments=[], trailing_comment=None, blank_before=False, line=1136, key='picture', op='=', value='GFX_evt_goblins', quoted_key=False, quoted_value=False)], end_comments=[], multiline=False)",1
picture,"Block(entries=[Node(leading_comments=[], trailing_comment=None, blank_before=False, line=1139, key='trigger', op='=', value=Block(entries=[Node(leading_comments=[], trailing_comment=None, blank_before=False, line=1140, key='OR', op='=', value=Block(entries=[Node(leading_comments=[], trailing_comment=None, blank_before=False, line=1141, key='culture', op='=', value='orc', quoted_key=False, quoted_value=False), Node(leading_comments=[], trailing_comment=None, blank_before=False, line=1142, key='culture', op='=', value='orog', quoted_key=False, quoted_value=False), Node(leading_comments=[], trailing_comment=None, blank_before=False, line=1143, key='culture', op='=', value='tanarukk', quoted_key=False, quoted_value=False)], end_comments=[], multiline=False), quoted_key=False, quoted_value=False)], end_comments=[], multiline=False), quoted_key=False, quoted_value=False), Node(leading_comments=[], trailing_comment=None, blank_before=False, line=1146, key='picture', op='=', value='GFX_evt_orcs', quoted_key=False, quoted_value=False)], end_comments=[], multiline=False)",1
picture,"Block(entries=[Node(leading_comments=[], trailing_comment=None, blank_before=False, line=1149, key='trigger', op='=', value=Block(entries=[Node(leading_comments=[], trailing_comment=None, blank_before=False, line=1150, key='OR', op='=', value=Block(entries=[Node(leading_comments=[], trailing_comment=None, blank_before=False, line=1151, key='culture_group', op='=', value='taan_group', quoted_key=False, quoted_value=False), Node(leading_comments=[], trailing_comment=None, blank_before=False, line=1152, key='culture', op='=', value='shaaran', quoted_key=False, quoted_value=False), Node(leading_comments=[], trailing_comment=None, blank_before=False, line=1153, key='culture', op='=', value='arkaiun', quoted_key=False, quoted_value=False), Node(leading_comments=[], trailing_comment=None, blank_before=False, line=1154, key='culture', op='=', value='nar', quoted_key=False, quoted_value=False)], end_comments=[], multiline=False), quoted_key=False, quoted_value=False)], end_comments=[], multiline=False), quoted_key=False, quoted_value=False), Node(leading_comments=[], trailing_comment=None, blank_before=False, line=1157, key='picture', op='=', value='GFX_evt_steppe_mercenaries', quoted_key=False, quoted_value=False)], end_comments=[], multiline=False)",1
picture,"Block(entries=[Node(leading_comments=[], trailing_comment=None, blank_before=False, line=1212, key='trigger', op='=', value=Block(entries=[Node(leading_comments=[], trailing_comment=None, blank_before=False, line=1212, key='NOT', op='=', value=Block(entries=[Node(leading_comments=[], trailing_comment=None, blank_before=False, line=1212, key='government', op='=', value='nomadic_tribal_government', quoted_key=False, quoted_value=False)], end_comments=[], multiline=False), quoted_key=False, quoted_value=False)], end_comments=[], multiline=False), quoted_key=False, quoted_value=False), Node(leading_comments=[], trailing_comment=None, blank_before=False, line=1213, key='picture', op='=', value='GFX_evt_large_army', quoted_key=False, quoted_value=False)], end_comments=[], multiline=False)",1
picture,"Block(entries=[Node(leading_comments=[], trailing_comment=None, blank_before=False, line=1216, key='trigger', op='=', value=Block(entries=[Node(leading_comments=[], trailing_comment=None, blank_before=False, line=1216, key='culture', op='=', value='aslanlar', quoted_key=False, quoted_value=False)], end_comments=[], multiline=False), quoted_key=False, quoted_value=False), Node(leading_comments=[], trailing_comment=None, blank_before=False, line=1217, key='picture', op='=', value='GFX_evt_moors', quoted_key=False, quoted_value=False)], end_comments=[], multiline=False)",1
picture,"Block(entries=[Node(leading_comments=[], trailing_comment=None, blank_before=False, line=1220, key='trigger', op='=', value=Block(entries=[Node(leading_comments=[], trailing_comment=None, blank_before=False, line=1220, key='culture', op='=', value='eraka', quoted_key=False, quoted_value=False)], end_comments=[], multiline=False), quoted_key=False, quoted_value=False), Node(leading_comments=[], trailing_comment=None, blank_before=False, line=1221, key='picture', op='=', value='GFX_evt_savage_frontier', quoted_key=False, quoted_value=False)], end_comments=[], multiline=False)",1
picture,"Block(entries=[Node(leading_comments=[], trailing_comment=None, blank_before=False, line=1224, key='trigger', op='=', value=Block(entries=[Node(leading_comments=[], trailing_comment=None, blank_before=False, line=1224, key='culture', op='=', value='gnoll', quoted_key=False, quoted_value=False)], end_comments=[], multiline=False), quoted_key=False, quoted_value=False), Node(leading_comments=[], trailing_comment=None, blank_before=False, line=1225, key='picture', op='=', value='GFX_evt_gnoll_1', quoted_key=False, quoted_value=False)], end_comments=[], multiline=False)",1
picture,"Block(entries=[Node(leading_comments=[], trailing_comment=None, blank_before=False, line=1228, key='trigger', op='=', value=Block(entries=[Node(leading_comments=[], trailing_comment=None, blank_before=False, line=1228, key='culture', op='=', value='wemic', quoted_key=False, quoted_value=False)], end_comments=[], multiline=False), quoted_key=False, quoted_value=False), Node(leading_comments=[], trailing_comment=None, blank_before=False, line=1229, key='picture', op='=', value='GFX_evt_wemic', quoted_key=False, quoted_value=False)], end_comments=[], multiline=False)",1
picture,"Block(entries=[Node(leading_comments=[], trailing_comment=None, blank_before=False, line=1232, key='trigger', op='=', value=Block(entries=[Node(leading_comments=[], trailing_comment=None, blank_before=False, line=1232, key='culture', op='=', value='centaur', quoted_key=False, quoted_value=False)], end_comments=[], multiline=False), quoted_key=False, quoted_value=False), Node(leading_comments=[], trailing_comment=None, blank_before=False, line=1233, key='picture', op='=', value='GFX_evt_centaur_1', quoted_key=False, quoted_value=False)], end_comments=[], multiline=False)",1
picture,"Block(entries=[Node(leading_comments=[], trailing_comment=None, blank_before=False, line=1236, key='trigger', op='=', value=Block(entries=[Node(leading_comments=[], trailing_comment=None, blank_before=False, line=1237, key='OR', op='=', value=Block(entries=[Node(leading_comments=[], trailing_comment=None, blank_before=False, line=1238, key='culture', op='=', value='goblin', quoted_key=False, quoted_value=False), Node(leading_comments=[], trailing_comment=None, blank_before=False, line=1239, key='culture', op='=', value='batiri', quoted_key=False, quoted_value=False), Node(leading_comments=[], trailing_comment=None, blank_before=False, line=1240, key='culture', op='=', value='bakemono', quoted_key=False, quoted_value=False), Node(leading_comments=[], trailing_comment=None, blank_before=False, line=1241, key='culture', op='=', value='hobgoblin', quoted_key=False, quoted_value=False), Node(leading_comments=[], trailing_comment=None, blank_before=False, line=1242, key='culture', op='=', value='bugbear', quoted_key=False, quoted_value=False)], end_comments=[], multiline=False), quoted_key=False, quoted_value=False)], end_comments=[], multiline=False), quoted_key=False, quoted_value=False), Node(leading_comments=[], trailing_comment=None, blank_before=False, line=1245, key='picture', op='=', value='GFX_evt_goblins', quoted_key=False, quoted_value=False)], end_comments=[], multiline=False)",1
picture,"Block(entries=[Node(leading_comments=[], trailing_comment=None, blank_before=False, line=1248, key='trigger', op='=', value=Block(entries=[Node(leading_comments=[], trailing_comment=None, blank_before=False, line=1249, key='OR', op='=', value=Block(entries=[Node(leading_comments=[], trailing_comment=None, blank_before=False, line=1250, key='culture', op='=', value='orc', quoted_key=False, quoted_value=False), Node(leading_comments=[], trailing_comment=None, blank_before=False, line=1251, key='culture', op='=', value='orog', quoted_key=False, quoted_value=False), Node(leading_comments=[], trailing_comment=None, blank_before=False, line=1252, key='culture', op='=', value='tanarukk', quoted_key=False, quoted_value=False)], end_comments=[], multiline=False), quoted_key=False, quoted_value=False)], end_comments=[], multiline=False), quoted_key=False, quoted_value=False), Node(leading_comments=[], trailing_comment=None, blank_before=False, line=1255, key='picture', op='=', value='GFX_evt_orcs', quoted_key=False, quoted_value=False)], end_comments=[], multiline=False)",1
picture,"Block(entries=[Node(leading_comments=[], trailing_comment=None, blank_before=False, line=1258, key='trigger', op='=', value=Block(entries=[Node(leading_comments=[], trailing_comment=None, blank_before=False, line=1259, key='OR', op='=', value=Block(entries=[Node(leading_comments=[], trailing_comment=None, blank_before=False, line=1260, key='culture_group', op='=', value='taan_group', quoted_key=False, quoted_value=False), Node(leading_comments=[], trailing_comment=None, blank_before=False, line=1261, key='culture', op='=', value='shaaran', quoted_key=False, quoted_value=False), Node(leading_comments=[], trailing_comment=None, blank_before=False, line=1262, key='culture', op='=', value='arkaiun', quoted_key=False, quoted_value=False), Node(leading_comments=[], trailing_comment=None, blank_before=False, line=1263, key='culture', op='=', value='nar', quoted_key=False, quoted_value=False)], end_comments=[], multiline=False), quoted_key=False, quoted_value=False)], end_comments=[], multiline=False), quoted_key=False, quoted_value=False), Node(leading_comments=[], trailing_comment=None, blank_before=False, line=1266, key='picture', op='=', value='GFX_evt_steppe_mercenaries', quoted_key=False, quoted_value=False)], end_comments=[], multiline=False)",1
picture,"Block(entries=[Node(leading_comments=[], trailing_comment=None, blank_before=False, line=1304, key='trigger', op='=', value=Block(entries=[Node(leading_comments=[], trailing_comment=None, blank_before=False, line=1304, key='FROM', op='=', value=Block(entries=[Node(leading_comments=[], trailing_comment=None, blank_before=False, line=1304, key='NOT', op='=', value=Block(entries=[Node(leading_comments=[], trailing_comment=None, blank_before=False, line=1304, key='government', op='=', value='nomadic_tribal_government', quoted_key=False, quoted_value=False)], end_comments=[], multiline=False), quoted_key=False, quoted_value=False)], end_comments=[], multiline=False), quoted_key=False, quoted_value=False)], end_comments=[], multiline=False), quoted_key=False, quoted_value=False), Node(leading_comments=[], trailing_comment=None, blank_before=False, line=1305, key='picture', op='=', value='GFX_evt_large_army', quoted_key=False, quoted_value=False)], end_comments=[], multiline=False)",1
picture,"Block(entries=[Node(leading_comments=[], trailing_comment=None, blank_before=False, line=1312, key='trigger', op='=', value=Block(entries=[Node(leading_comments=[], trailing_comment=None, blank_before=False, line=1312, key='FROM', op='=', value=Block(entries=[Node(leading_comments=[], trailing_comment=None, blank_before=False, line=1312, key='culture', op='=', value='aslanlar', quoted_key=False, quoted_value=False)], end_comments=[], multiline=False), quoted_key=False, quoted_value=False)], end_comments=[], multiline=False), quoted_key=False, quoted_value=False), Node(leading_comments=[], trailing_comment=None, blank_before=False, line=1313, key='picture', op='=', value='GFX_evt_moors', quoted_key=False, quoted_value=False)], end_comments=[], multiline=False)",1
picture,"Block(entries=[Node(leading_comments=[], trailing_comment=None, blank_before=False, line=1320, key='trigger', op='=', value=Block(entries=[Node(leading_comments=[], trailing_comment=None, blank_before=False, line=1320, key='FROM', op='=', value=Block(entries=[Node(leading_comments=[], trailing_comment=None, blank_before=False, line=1320, key='culture', op='=', value='eraka', quoted_key=False, quoted_value=False)], end_comments=[], multiline=False), quoted_key=False, quoted_value=False)], end_comments=[], multiline=False), quoted_key=False, quoted_value=False), Node(leading_comments=[], trailing_comment=None, blank_before=False, line=1321, key='picture', op='=', value='GFX_evt_savage_frontier', quoted_key=False, quoted_value=False)], end_comments=[], multiline=False)",1
picture,"Block(entries=[Node(leading_comments=[], trailing_comment=None, blank_before=False, line=1328, key='trigger', op='=', value=Block(entries=[Node(leading_comments=[], trailing_comment=None, blank_before=False, line=1328, key='FROM', op='=', value=Block(entries=[Node(leading_comments=[], trailing_comment=None, blank_before=False, line=1328, key='culture', op='=', value='gnoll', quoted_key=False, quoted_value=False)], end_comments=[], multiline=False), quoted_key=False, quoted_value=False)], end_comments=[], multiline=False), quoted_key=False, quoted_value=False), Node(leading_comments=[], trailing_comment=None, blank_before=False, line=1329, key='picture', op='=', value='GFX_evt_gnoll_1', quoted_key=False, quoted_value=False)], end_comments=[], multiline=False)",1
picture,"Block(entries=[Node(leading_comments=[], trailing_comment=None, blank_before=False, line=1336, key='trigger', op='=', value=Block(entries=[Node(leading_comments=[], trailing_comment=None, blank_before=False, line=1336, key='FROM', op='=', value=Block(entries=[Node(leading_comments=[], trailing_comment=None, blank_before=False, line=1336, key='culture', op='=', value='wemic', quoted_key=False, quoted_value=False)], end_comments=[], multiline=False), quoted_key=False, quoted_value=False)], end_comments=[], multiline=False), quoted_key=False, quoted_value=False), Node(leading_comments=[], trailing_comment=None, blank_before=False, line=1337, key='picture', op='=', value='GFX_evt_wemic', quoted_key=False, quoted_value=False)], end_comments=[], multiline=False)",1
picture,"Block(entries=[Node(leading_comments=[], trailing_comment=None, blank_before=False, line=1344, key='trigger', op='=', value=Block(entries=[Node(leading_comments=[], trailing_comment=None, blank_before=False, line=1344, key='FROM', op='=', value=Block(entries=[Node(leading_comments=[], trailing_comment=None, blank_before=False, line=1344, key='culture', op='=', value='centaur', quoted_key=False, quoted_value=False)], end_comments=[], multiline=False), quoted_key=False, quoted_value=False)], end_comments=[], multiline=False), quoted_key=False, quoted_value=False), Node(leading_comments=[], trailing_comment=None, blank_before=False, line=1345, key='picture', op='=', value='GFX_evt_centaur_1', quoted_key=False, quoted_value=False)], end_comments=[], multiline=False)",1
picture,"Block(entries=[Node(leading_comments=[], trailing_comment=None, blank_before=False, line=1362, key='trigger', op='=', value=Block(entries=[Node(leading_comments=[], trailing_comment=None, blank_before=False, line=1363, key='FROM', op='=', value=Block(entries=[Node(leading_comments=[], trailing_comment=None, blank_before=False, line=1364, key='OR', op='=', value=Block(entries=[Node(leading_comments=[], trailing_comment=None, blank_before=False, line=1365, key='culture', op='=', value='goblin', quoted_key=False, quoted_value=False), Node(leading_comments=[], trailing_comment=None, blank_before=False, line=1366, key='culture', op='=', value='batiri', quoted_key=False, quoted_value=False), Node(leading_comments=[], trailing_comment=None, blank_before=False, line=1367, key='culture', op='=', value='bakemono', quoted_key=False, quoted_value=False), Node(leading_comments=[], trailing_comment=None, blank_before=False, line=1368, key='culture', op='=', value='hobgoblin', quoted_key=False, quoted_value=False), Node(leading_comments=[], trailing_comment=None, blank_before=False, line=1369, key='culture', op='=', value='bugbear', quoted_key=False, quoted_value=False)], end_comments=[], multiline=False), quoted_key=False, quoted_value=False)], end_comments=[], multiline=False), quoted_key=False, quoted_value=False)], end_comments=[], multiline=False), quoted_key=False, quoted_value=False), Node(leading_comments=[], trailing_comment=None, blank_before=False, line=1373, key='picture', op='=', value='GFX_evt_goblins', quoted_key=False, quoted_value=False)], end_comments=[], multiline=False)",1
picture,"Block(entries=[Node(leading_comments=[], trailing_comment=None, blank_before=False, line=1388, key='trigger', op='=', value=Block(entries=[Node(leading_comments=[], trailing_comment=None, blank_before=False, line=1389, key='FROM', op='=', value=Block(entries=[Node(leading_comments=[], trailing_comment=None, blank_before=False, line=1390, key='OR', op='=', value=Block(entries=[Node(leading_comments=[], trailing_comment=None, blank_before=False, line=1391, key='culture', op='=', value='orc', quoted_key=False, quoted_value=False), Node(leading_comments=[], trailing_comment=None, blank_before=False, line=1392, key='culture', op='=', value='orog', quoted_key=False, quoted_value=False), Node(leading_comments=[], trailing_comment=None, blank_before=False, line=1393, key='culture', op='=', value='tanarukk', quoted_key=False, quoted_value=False)], end_comments=[], multiline=False), quoted_key=False, quoted_value=False)], end_comments=[], multiline=False), quoted_key=False, quoted_value=False)], end_comments=[], multiline=False), quoted_key=False, quoted_value=False), Node(leading_comments=[], trailing_comment=None, blank_before=False, line=1397, key='picture', op='=', value='GFX_evt_orcs', quoted_key=False, quoted_value=False)], end_comments=[], multiline=False)",1
picture,"Block(entries=[Node(leading_comments=[], trailing_comment=None, blank_before=False, line=1413, key='trigger', op='=', value=Block(entries=[Node(leading_comments=[], trailing_comment=None, blank_before=False, line=1414, key='FROM', op='=', value=Block(entries=[Node(leading_comments=[], trailing_comment=None, blank_before=False, line=1415, key='OR', op='=', value=Block(entries=[Node(leading_comments=[], trailing_comment=None, blank_before=False, line=1416, key='culture_group', op='=', value='taan_group', quoted_key=False, quoted_value=False), Node(leading_comments=[], trailing_comment=None, blank_before=False, line=1417, key='culture', op='=', value='shaaran', quoted_key=False, quoted_value=False), Node(leading_comments=[], trailing_comment=None, blank_before=False, line=1418, key='culture', op='=', value='arkaiun', quoted_key=False, quoted_value=False), Node(leading_comments=[], trailing_comment=None, blank_before=False, line=1419, key='culture', op='=', value='nar', quoted_key=False, quoted_value=False)], end_comments=[], multiline=False), quoted_key=False, quoted_value=False)], end_comments=[], multiline=False), quoted_key=False, quoted_value=False)], end_comments=[], multiline=False), quoted_key=False, quoted_value=False), Node(leading_comments=[], trailing_comment=None, blank_before=False, line=1423, key='picture', op='=', value='GFX_evt_steppe_mercenaries', quoted_key=False, quoted_value=False)], end_comments=[], multiline=False)",1
picture,"Block(entries=[Node(leading_comments=[], trailing_comment=None, blank_before=False, line=1541, key='trigger', op='=', value=Block(entries=[Node(leading_comments=[], trailing_comment=None, blank_before=False, line=1541, key='FROM', op='=', value=Block(entries=[Node(leading_comments=[], trailing_comment=None, blank_before=False, line=1541, key='NOT', op='=', value=Block(entries=[Node(leading_comments=[], trailing_comment=None, blank_before=False, line=1541, key='government', op='=', value='nomadic_tribal_government', quoted_key=False, quoted_value=False)], end_comments=[], multiline=False), quoted_key=False, quoted_value=False)], end_comments=[], multiline=False), quoted_key=False, quoted_value=False)], end_comments=[], multiline=False), quoted_key=False, quoted_value=False), Node(leading_comments=[], trailing_comment=None, blank_before=False, line=1542, key='picture', op='=', value='GFX_evt_large_army', quoted_key=False, quoted_value=False)], end_comments=[], multiline=False)",1
picture,"Block(entries=[Node(leading_comments=[], trailing_comment=None, blank_before=False, line=1549, key='trigger', op='=', value=Block(entries=[Node(leading_comments=[], trailing_comment=None, blank_before=False, line=1549, key='FROM', op='=', value=Block(entries=[Node(leading_comments=[], trailing_comment=None, blank_before=False, line=1549, key='culture', op='=', value='aslanlar', quoted_key=False, quoted_value=False)], end_comments=[], multiline=False), quoted_key=False, quoted_value=False)], end_comments=[], multiline=False), quoted_key=False, quoted_value=False), Node(leading_comments=[], trailing_comment=None, blank_before=False, line=1550, key='picture', op='=', value='GFX_evt_moors', quoted_key=False, quoted_value=False)], end_comments=[], multiline=False)",1
picture,"Block(entries=[Node(leading_comments=[], trailing_comment=None, blank_before=False, line=1557, key='trigger', op='=', value=Block(entries=[Node(leading_comments=[], trailing_comment=None, blank_before=False, line=1557, key='FROM', op='=', value=Block(entries=[Node(leading_comments=[], trailing_comment=None, blank_before=False, line=1557, key='culture', op='=', value='eraka', quoted_key=False, quoted_value=False)], end_comments=[], multiline=False), quoted_key=False, quoted_value=False)], end_comments=[], multiline=False), quoted_key=False, quoted_value=False), Node(leading_comments=[], trailing_comment=None, blank_before=False, line=1558, key='picture', op='=', value='GFX_evt_savage_frontier', quoted_key=False, quoted_value=False)], end_comments=[], multiline=False)",1
picture,"Block(entries=[Node(leading_comments=[], trailing_comment=None, blank_before=False, line=1565, key='trigger', op='=', value=Block(entries=[Node(leading_comments=[], trailing_comment=None, blank_before=False, line=1565, key='FROM', op='=', value=Block(entries=[Node(leading_comments=[], trailing_comment=None, blank_before=False, line=1565, key='culture', op='=', value='gnoll', quoted_key=False, quoted_value=False)], end_comments=[], multiline=False), quoted_key=False, quoted_value=False)], end_comments=[], multiline=False), quoted_key=False, quoted_value=False), Node(leading_comments=[], trailing_comment=None, blank_before=False, line=1566, key='picture', op='=', value='GFX_evt_gnoll_1', quoted_key=False, quoted_value=False)], end_comments=[], multiline=False)",1
picture,"Block(entries=[Node(leading_comments=[], trailing_comment=None, blank_before=False, line=1573, key='trigger', op='=', value=Block(entries=[Node(leading_comments=[], trailing_comment=None, blank_before=False, line=1573, key='FROM', op='=', value=Block(entries=[Node(leading_comments=[], trailing_comment=None, blank_before=False, line=1573, key='culture', op='=', value='wemic', quoted_key=False, quoted_value=False)], end_comments=[], multiline=False), quoted_key=False, quoted_value=False)], end_comments=[], multiline=False), quoted_key=False, quoted_value=False), Node(leading_comments=[], trailing_comment=None, blank_before=False, line=1574, key='picture', op='=', value='GFX_evt_wemic', quoted_key=False, quoted_value=False)], end_comments=[], multiline=False)",1
picture,"Block(entries=[Node(leading_comments=[], trailing_comment=None, blank_before=False, line=1581, key='trigger', op='=', value=Block(entries=[Node(leading_comments=[], trailing_comment=None, blank_before=False, line=1581, key='FROM', op='=', value=Block(entries=[Node(leading_comments=[], trailing_comment=None, blank_before=False, line=1581, key='culture', op='=', value='centaur', quoted_key=False, quoted_value=False)], end_comments=[], multiline=False), quoted_key=False, quoted_value=False)], end_comments=[], multiline=False), quoted_key=False, quoted_value=False), Node(leading_comments=[], trailing_comment=None, blank_before=False, line=1582, key='picture', op='=', value='GFX_evt_centaur_1', quoted_key=False, quoted_value=False)], end_comments=[], multiline=False)",1
picture,"Block(entries=[Node(leading_comments=[], trailing_comment=None, blank_before=False, line=1599, key='trigger', op='=', value=Block(entries=[Node(leading_comments=[], trailing_comment=None, blank_before=False, line=1600, key='FROM', op='=', value=Block(entries=[Node(leading_comments=[], trailing_comment=None, blank_before=False, line=1601, key='OR', op='=', value=Block(entries=[Node(leading_comments=[], trailing_comment=None, blank_before=False, line=1602, key='culture', op='=', value='goblin', quoted_key=False, quoted_value=False), Node(leading_comments=[], trailing_comment=None, blank_before=False, line=1603, key='culture', op='=', value='batiri', quoted_key=False, quoted_value=False), Node(leading_comments=[], trailing_comment=None, blank_before=False, line=1604, key='culture', op='=', value='bakemono', quoted_key=False, quoted_value=False), Node(leading_comments=[], trailing_comment=None, blank_before=False, line=1605, key='culture', op='=', value='hobgoblin', quoted_key=False, quoted_value=False), Node(leading_comments=[], trailing_comment=None, blank_before=False, line=1606, key='culture', op='=', value='bugbear', quoted_key=False, quoted_value=False)], end_comments=[], multiline=False), quoted_key=False, quoted_value=False)], end_comments=[], multiline=False), quoted_key=False, quoted_value=False)], end_comments=[], multiline=False), quoted_key=False, quoted_value=False), Node(leading_comments=[], trailing_comment=None, blank_before=False, line=1610, key='picture', op='=', value='GFX_evt_goblins', quoted_key=False, quoted_value=False)], end_comments=[], multiline=False)",1
picture,"Block(entries=[Node(leading_comments=[], trailing_comment=None, blank_before=False, line=1625, key='trigger', op='=', value=Block(entries=[Node(leading_comments=[], trailing_comment=None, blank_before=False, line=1626, key='FROM', op='=', value=Block(entries=[Node(leading_comments=[], trailing_comment=None, blank_before=False, line=1627, key='OR', op='=', value=Block(entries=[Node(leading_comments=[], trailing_comment=None, blank_before=False, line=1628, key='culture', op='=', value='orc', quoted_key=False, quoted_value=False), Node(leading_comments=[], trailing_comment=None, blank_before=False, line=1629, key='culture', op='=', value='orog', quoted_key=False, quoted_value=False), Node(leading_comments=[], trailing_comment=None, blank_before=False, line=1630, key='culture', op='=', value='tanarukk', quoted_key=False, quoted_value=False)], end_comments=[], multiline=False), quoted_key=False, quoted_value=False)], end_comments=[], multiline=False), quoted_key=False, quoted_value=False)], end_comments=[], multiline=False), quoted_key=False, quoted_value=False), Node(leading_comments=[], trailing_comment=None, blank_before=False, line=1634, key='picture', op='=', value='GFX_evt_orcs', quoted_key=False, quoted_value=False)], end_comments=[], multiline=False)",1
picture,"Block(entries=[Node(leading_comments=[], trailing_comment=None, blank_before=False, line=1650, key='trigger', op='=', value=Block(entries=[Node(leading_comments=[], trailing_comment=None, blank_before=False, line=1651, key='FROM', op='=', value=Block(entries=[Node(leading_comments=[], trailing_comment=None, blank_before=False, line=1652, key='OR', op='=', value=Block(entries=[Node(leading_comments=[], trailing_comment=None, blank_before=False, line=1653, key='culture_group', op='=', value='taan_group', quoted_key=False, quoted_value=False), Node(leading_comments=[], trailing_comment=None, blank_before=False, line=1654, key='culture', op='=', value='shaaran', quoted_key=False, quoted_value=False), Node(leading_comments=[], trailing_comment=None, blank_before=False, line=1655, key='culture', op='=', value='arkaiun', quoted_key=False, quoted_value=False), Node(leading_comments=[], trailing_comment=None, blank_before=False, line=1656, key='culture', op='=', value='nar', quoted_key=False, quoted_value=False)], end_comments=[], multiline=False), quoted_key=False, quoted_value=False)], end_comments=[], multiline=False), quoted_key=False, quoted_value=False)], end_comments=[], multiline=False), quoted_key=False, quoted_value=False), Node(leading_comments=[], trailing_comment=None, blank_before=False, line=1660, key='picture', op='=', value='GFX_evt_steppe_mercenaries', quoted_key=False, quoted_value=False)], end_comments=[], multiline=False)",1
picture,"Block(entries=[Node(leading_comments=[], trailing_comment=None, blank_before=False, line=1783, key='trigger', op='=', value=Block(entries=[Node(leading_comments=[], trailing_comment=None, blank_before=False, line=1783, key='FROM', op='=', value=Block(entries=[Node(leading_comments=[], trailing_comment=None, blank_before=False, line=1783, key='NOT', op='=', value=Block(entries=[Node(leading_comments=[], trailing_comment=None, blank_before=False, line=1783, key='government', op='=', value='nomadic_tribal_government', quoted_key=False, quoted_value=False)], end_comments=[], multiline=False), quoted_key=False, quoted_value=False)], end_comments=[], multiline=False), quoted_key=False, quoted_value=False)], end_comments=[], multiline=False), quoted_key=False, quoted_value=False), Node(leading_comments=[], trailing_comment=None, blank_before=False, line=1784, key='picture', op='=', value='GFX_evt_large_army', quoted_key=False, quoted_value=False)], end_comments=[], multiline=False)",1
picture,"Block(entries=[Node(leading_comments=[], trailing_comment=None, blank_before=False, line=1787, key='trigger', op='=', value=Block(entries=[Node(leading_comments=[], trailing_comment=None, blank_before=False, line=1787, key='FROM', op='=', value=Block(entries=[Node(leading_comments=[], trailing_comment=None, blank_before=False, line=1787, key='culture', op='=', value='aslanlar', quoted_key=False, quoted_value=False)], end_comments=[], multiline=False), quoted_key=False, quoted_value=False)], end_comments=[], multiline=False), quoted_key=False, quoted_value=False), Node(leading_comments=[], trailing_comment=None, blank_before=False, line=1788, key='picture', op='=', value='GFX_evt_moors', quoted_key=False, quoted_value=False)], end_comments=[], multiline=False)",1
picture,"Block(entries=[Node(leading_comments=[], trailing_comment=None, blank_before=False, line=1791, key='trigger', op='=', value=Block(entries=[Node(leading_comments=[], trailing_comment=None, blank_before=False, line=1791, key='FROM', op='=', value=Block(entries=[Node(leading_comments=[], trailing_comment=None, blank_before=False, line=1791, key='culture', op='=', value='eraka', quoted_key=False, quoted_value=False)], end_comments=[], multiline=False), quoted_key=False, quoted_value=False)], end_comments=[], multiline=False), quoted_key=False, quoted_value=False), Node(leading_comments=[], trailing_comment=None, blank_before=False, line=1792, key='picture', op='=', value='GFX_evt_savage_frontier', quoted_key=False, quoted_value=False)], end_comments=[], multiline=False)",1
picture,"Block(entries=[Node(leading_comments=[], trailing_comment=None, blank_before=False, line=1795, key='trigger', op='=', value=Block(entries=[Node(leading_comments=[], trailing_comment=None, blank_before=False, line=1795, key='FROM', op='=', value=Block(entries=[Node(leading_comments=[], trailing_comment=None, blank_before=False, line=1795, key='culture', op='=', value='gnoll', quoted_key=False, quoted_value=False)], end_comments=[], multiline=False), quoted_key=False, quoted_value=False)], end_comments=[], multiline=False), quoted_key=False, quoted_value=False), Node(leading_comments=[], trailing_comment=None, blank_before=False, line=1796, key='picture', op='=', value='GFX_evt_gnoll_1', quoted_key=False, quoted_value=False)], end_comments=[], multiline=False)",1
picture,"Block(entries=[Node(leading_comments=[], trailing_comment=None, blank_before=False, line=1799, key='trigger', op='=', value=Block(entries=[Node(leading_comments=[], trailing_comment=None, blank_before=False, line=1799, key='FROM', op='=', value=Block(entries=[Node(leading_comments=[], trailing_comment=None, blank_before=False, line=1799, key='culture', op='=', value='wemic', quoted_key=False, quoted_value=False)], end_comments=[], multiline=False), quoted_key=False, quoted_value=False)], end_comments=[], multiline=False), quoted_key=False, quoted_value=False), Node(leading_comments=[], trailing_comment=None, blank_before=False, line=1800, key='picture', op='=', value='GFX_evt_wemic', quoted_key=False, quoted_value=False)], end_comments=[], multiline=False)",1
picture,"Block(entries=[Node(leading_comments=[], trailing_comment=None, blank_before=False, line=1803, key='trigger', op='=', value=Block(entries=[Node(leading_comments=[], trailing_comment=None, blank_before=False, line=1803, key='FROM', op='=', value=Block(entries=[Node(leading_comments=[], trailing_comment=None, blank_before=False, line=1803, key='culture', op='=', value='centaur', quoted_key=False, quoted_value=False)], end_comments=[], multiline=False), quoted_key=False, quoted_value=False)], end_comments=[], multiline=False), quoted_key=False, quoted_value=False), Node(leading_comments=[], trailing_comment=None, blank_before=False, line=1804, key='picture', op='=', value='GFX_evt_centaur_1', quoted_key=False, quoted_value=False)], end_comments=[], multiline=False)",1
picture,"Block(entries=[Node(leading_comments=[], trailing_comment=None, blank_before=False, line=1807, key='trigger', op='=', value=Block(entries=[Node(leading_comments=[], trailing_comment=None, blank_before=False, line=1808, key='FROM', op='=', value=Block(entries=[Node(leading_comments=[], trailing_comment=None, blank_before=False, line=1809, key='OR', op='=', value=Block(entries=[Node(leading_comments=[], trailing_comment=None, blank_before=False, line=1810, key='culture', op='=', value='goblin', quoted_key=False, quoted_value=False), Node(leading_comments=[], trailing_comment=None, blank_before=False, line=1811, key='culture', op='=', value='batiri', quoted_key=False, quoted_value=False), Node(leading_comments=[], trailing_comment=None, blank_before=False, line=1812, key='culture', op='=', value='bakemono', quoted_key=False, quoted_value=False), Node(leading_comments=[], trailing_comment=None, blank_before=False, line=1813, key='culture', op='=', value='hobgoblin', quoted_key=False, quoted_value=False), Node(leading_comments=[], trailing_comment=None, blank_before=False, line=1814, key='culture', op='=', value='bugbear', quoted_key=False, quoted_value=False)], end_comments=[], multiline=False), quoted_key=False, quoted_value=False)], end_comments=[], multiline=False), quoted_key=False, quoted_value=False)], end_comments=[], multiline=False), quoted_key=False, quoted_value=False), Node(leading_comments=[], trailing_comment=None, blank_before=False, line=1818, key='picture', op='=', value='GFX_evt_goblins', quoted_key=False, quoted_value=False)], end_comments=[], multiline=False)",1
picture,"Block(entries=[Node(leading_comments=[], trailing_comment=None, blank_before=False, line=1821, key='trigger', op='=', value=Block(entries=[Node(leading_comments=[], trailing_comment=None, blank_before=False, line=1822, key='FROM', op='=', value=Block(entries=[Node(leading_comments=[], trailing_comment=None, blank_before=False, line=1823, key='OR', op='=', value=Block(entries=[Node(leading_comments=[], trailing_comment=None, blank_before=False, line=1824, key='culture', op='=', value='orc', quoted_key=False, quoted_value=False), Node(leading_comments=[], trailing_comment=None, blank_before=False, line=1825, key='culture', op='=', value='orog', quoted_key=False, quoted_value=False), Node(leading_comments=[], trailing_comment=None, blank_before=False, line=1826, key='culture', op='=', value='tanarukk', quoted_key=False, quoted_value=False)], end_comments=[], multiline=False), quoted_key=False, quoted_value=False)], end_comments=[], multiline=False), quoted_key=False, quoted_value=False)], end_comments=[], multiline=False), quoted_key=False, quoted_value=False), Node(leading_comments=[], trailing_comment=None, blank_before=False, line=1830, key='picture', op='=', value='GFX_evt_orcs', quoted_key=False, quoted_value=False)], end_comments=[], multiline=False)",1
picture,"Block(entries=[Node(leading_comments=[], trailing_comment=None, blank_before=False, line=1833, key='trigger', op='=', value=Block(entries=[Node(leading_comments=[], trailing_comment=None, blank_before=False, line=1834, key='FROM', op='=', value=Block(entries=[Node(leading_comments=[], trailing_comment=None, blank_before=False, line=1835, key='OR', op='=', value=Block(entries=[Node(leading_comments=[], trailing_comment=None, blank_before=False, line=1836, key='culture_group', op='=', value='taan_group', quoted_key=False, quoted_value=False), Node(leading_comments=[], trailing_comment=None, blank_before=False, line=1837, key='culture', op='=', value='shaaran', quoted_key=False, quoted_value=False), Node(leading_comments=[], trailing_comment=None, blank_before=False, line=1838, key='culture', op='=', value='arkaiun', quoted_key=False, quoted_value=False), Node(leading_comments=[], trailing_comment=None, blank_before=False, line=1839, key='culture', op='=', value='nar', quoted_key=False, quoted_value=False)], end_comments=[], multiline=False), quoted_key=False, quoted_value=False)], end_comments=[], multiline=False), quoted_key=False, quoted_value=False)], end_comments=[], multiline=False), quoted_key=False, quoted_value=False), Node(leading_comments=[], trailing_comment=None, blank_before=False, line=1843, key='picture', op='=', value='GFX_evt_steppe_mercenaries', quoted_key=False, quoted_value=False)], end_comments=[], multiline=False)",1
picture,"Block(entries=[Node(leading_comments=[], trailing_comment=None, blank_before=False, line=1902, key='trigger', op='=', value=Block(entries=[Node(leading_comments=[], trailing_comment=None, blank_before=False, line=1902, key='NOT', op='=', value=Block(entries=[Node(leading_comments=[], trailing_comment=None, blank_before=False, line=1902, key='government', op='=', value='nomadic_tribal_government', quoted_key=False, quoted_value=False)], end_comments=[], multiline=False), quoted_key=False, quoted_value=False)], end_comments=[], multiline=False), quoted_key=False, quoted_value=False), Node(leading_comments=[], trailing_comment=None, blank_before=False, line=1903, key='picture', op='=', value='GFX_evt_large_army', quoted_key=False, quoted_value=False)], end_comments=[], multiline=False)",1
picture,"Block(entries=[Node(leading_comments=[], trailing_comment=None, blank_before=False, line=1906, key='trigger', op='=', value=Block(entries=[Node(leading_comments=[], trailing_comment=None, blank_before=False, line=1906, key='culture', op='=', value='aslanlar', quoted_key=False, quoted_value=False)], end_comments=[], multiline=False), quoted_key=False, quoted_value=False), Node(leading_comments=[], trailing_comment=None, blank_before=False, line=1907, key='picture', op='=', value='GFX_evt_moors', quoted_key=False, quoted_value=False)], end_comments=[], multiline=False)",1
picture,"Block(entries=[Node(leading_comments=[], trailing_comment=None, blank_before=False, line=1910, key='trigger', op='=', value=Block(entries=[Node(leading_comments=[], trailing_comment=None, blank_before=False, line=1910, key='culture', op='=', value='eraka', quoted_key=False, quoted_value=False)], end_comments=[], multiline=False), quoted_key=False, quoted_value=False), Node(leading_comments=[], trailing_comment=None, blank_before=False, line=1911, key='picture', op='=', value='GFX_evt_savage_frontier', quoted_key=False, quoted_value=False)], end_comments=[], multiline=False)",1
picture,"Block(entries=[Node(leading_comments=[], trailing_comment=None, blank_before=False, line=1914, key='trigger', op='=', value=Block(entries=[Node(leading_comments=[], trailing_comment=None, blank_before=False, line=1914, key='culture', op='=', value='gnoll', quoted_key=False, quoted_value=False)], end_comments=[], multiline=False), quoted_key=False, quoted_value=False), Node(leading_comments=[], trailing_comment=None, blank_before=False, line=1915, key='picture', op='=', value='GFX_evt_gnoll_1', quoted_key=False, quoted_value=False)], end_comments=[], multiline=False)",1
picture,"Block(entries=[Node(leading_comments=[], trailing_comment=None, blank_before=False, line=1918, key='trigger', op='=', value=Block(entries=[Node(leading_comments=[], trailing_comment=None, blank_before=False, line=1918, key='culture', op='=', value='wemic', quoted_key=False, quoted_value=False)], end_comments=[], multiline=False), quoted_key=False, quoted_value=False), Node(leading_comments=[], trailing_comment=None, blank_before=False, line=1919, key='picture', op='=', value='GFX_evt_wemic', quoted_key=False, quoted_value=False)], end_comments=[], multiline=False)",1
picture,"Block(entries=[Node(leading_comments=[], trailing_comment=None, blank_before=False, line=1922, key='trigger', op='=', value=Block(entries=[Node(leading_comments=[], trailing_comment=None, blank_before=False, line=1922, key='culture', op='=', value='centaur', quoted_key=False, quoted_value=False)], end_comments=[], multiline=False), quoted_key=False, quoted_value=False), Node(leading_comments=[], trailing_comment=None, blank_before=False, line=1923, key='picture', op='=', value='GFX_evt_centaur_1', quoted_key=False, quoted_value=False)], end_comments=[], multiline=False)",1
picture,"Block(entries=[Node(leading_comments=[], trailing_comment=None, blank_before=False, line=1926, key='trigger', op='=', value=Block(entries=[Node(leading_comments=[], trailing_comment=None, blank_before=False, line=1927, key='OR', op='=', value=Block(entries=[Node(leading_comments=[], trailing_comment=None, blank_before=False, line=1928, key='culture', op='=', value='goblin', quoted_key=False, quoted_value=False), Node(leading_comments=[], trailing_comment=None, blank_before=False, line=1929, key='culture', op='=', value='batiri', quoted_key=False, quoted_value=False), Node(leading_comments=[], trailing_comment=None, blank_before=False, line=1930, key='culture', op='=', value='bakemono', quoted_key=False, quoted_value=False), Node(leading_comments=[], trailing_comment=None, blank_before=False, line=1931, key='culture', op='=', value='hobgoblin', quoted_key=False, quoted_value=False), Node(leading_comments=[], trailing_comment=None, blank_before=False, line=1932, key='culture', op='=', value='bugbear', quoted_key=False, quoted_value=False)], end_comments=[], multiline=False), quoted_key=False, quoted_value=False)], end_comments=[], multiline=False), quoted_key=False, quoted_value=False), Node(leading_comments=[], trailing_comment=None, blank_before=False, line=1935, key='picture', op='=', value='GFX_evt_goblins', quoted_key=False, quoted_value=False)], end_comments=[], multiline=False)",1
picture,"Block(entries=[Node(leading_comments=[], trailing_comment=None, blank_before=False, line=1938, key='trigger', op='=', value=Block(entries=[Node(leading_comments=[], trailing_comment=None, blank_before=False, line=1939, key='OR', op='=', value=Block(entries=[Node(leading_comments=[], trailing_comment=None, blank_before=False, line=1940, key='culture', op='=', value='orc', quoted_key=False, quoted_value=False), Node(leading_comments=[], trailing_comment=None, blank_before=False, line=1941, key='culture', op='=', value='orog', quoted_key=False, quoted_value=False), Node(leading_comments=[], trailing_comment=None, blank_before=False, line=1942, key='culture', op='=', value='tanarukk', quoted_key=False, quoted_value=False)], end_comments=[], multiline=False), quoted_key=False, quoted_value=False)], end_comments=[], multiline=False), quoted_key=False, quoted_value=False), Node(leading_comments=[], trailing_comment=None, blank_before=False, line=1945, key='picture', op='=', value='GFX_evt_orcs', quoted_key=False, quoted_value=False)], end_comments=[], multiline=False)",1
picture,"Block(entries=[Node(leading_comments=[], trailing_comment=None, blank_before=False, line=1948, key='trigger', op='=', value=Block(entries=[Node(leading_comments=[], trailing_comment=None, blank_before=False, line=1949, key='OR', op='=', value=Block(entries=[Node(leading_comments=[], trailing_comment=None, blank_before=False, line=1950, key='culture_group', op='=', value='taan_group', quoted_key=False, quoted_value=False), Node(leading_comments=[], trailing_comment=None, blank_before=False, line=1951, key='culture', op='=', value='shaaran', quoted_key=False, quoted_value=False), Node(leading_comments=[], trailing_comment=None, blank_before=False, line=1952, key='culture', op='=', value='arkaiun', quoted_key=False, quoted_value=False), Node(leading_comments=[], trailing_comment=None, blank_before=False, line=1953, key='culture', op='=', value='nar', quoted_key=False, quoted_value=False)], end_comments=[], multiline=False), quoted_key=False, quoted_value=False)], end_comments=[], multiline=False), quoted_key=False, quoted_value=False), Node(leading_comments=[], trailing_comment=None, blank_before=False, line=1956, key='picture', op='=', value='GFX_evt_steppe_mercenaries', quoted_key=False, quoted_value=False)], end_comments=[], multiline=False)",1
picture,GFX_evt_heretic,1
picture,GFX_evt_blue_fire_2,1
picture,GFX_evt_plague_doctor,1
picture,GFX_evt_war_planning,1
picture,"Block(entries=[Node(leading_comments=[], trailing_comment=None, blank_before=False, line=1284, key='trigger', op='=', value=Block(entries=[Node(leading_comments=[], trailing_comment=None, blank_before=False, line=1284, key='is_female', op='=', value=False, quoted_key=False, quoted_value=False)], end_comments=[], multiline=False), quoted_key=False, quoted_value=False), Node(leading_comments=[], trailing_comment=None, blank_before=False, line=1285, key='picture', op='=', value='GFX_evt_vikings_arriving_oldgods', quoted_key=False, quoted_value=False)], end_comments=[], multiline=False)",1
picture,"Block(entries=[Node(leading_comments=[], trailing_comment=None, blank_before=False, line=1288, key='trigger', op='=', value=Block(entries=[Node(leading_comments=[], trailing_comment=None, blank_before=False, line=1288, key='is_female', op='=', value=True, quoted_key=False, quoted_value=False)], end_comments=[], multiline=False), quoted_key=False, quoted_value=False), Node(leading_comments=[], trailing_comment=None, blank_before=False, line=1289, key='picture', op='=', value='GFX_evt_norse_tempest', quoted_key=False, quoted_value=False)], end_comments=[], multiline=False)",1
picture,"Block(entries=[Node(leading_comments=[], trailing_comment=None, blank_before=False, line=1429, key='trigger', op='=', value=Block(entries=[Node(leading_comments=[], trailing_comment=None, blank_before=False, line=1429, key='is_female', op='=', value=False, quoted_key=False, quoted_value=False)], end_comments=[], multiline=False), quoted_key=False, quoted_value=False), Node(leading_comments=[], trailing_comment=None, blank_before=False, line=1430, key='picture', op='=', value='GFX_evt_vikings_arriving_oldgods', quoted_key=False, quoted_value=False)], end_comments=[], multiline=False)",1
picture,"Block(entries=[Node(leading_comments=[], trailing_comment=None, blank_before=False, line=1433, key='trigger', op='=', value=Block(entries=[Node(leading_comments=[], trailing_comment=None, blank_before=False, line=1433, key='is_female', op='=', value=True, quoted_key=False, quoted_value=False)], end_comments=[], multiline=False), quoted_key=False, quoted_value=False), Node(leading_comments=[], trailing_comment=None, blank_before=False, line=1434, key='picture', op='=', value='GFX_evt_norse_tempest', quoted_key=False, quoted_value=False)], end_comments=[], multiline=False)",1
picture,GFX_evt_camaraderie,1
picture,GFX_evt_plane_shadowfell_1,1
picture,GFX_evt_adventurers_7,1
picture,GFX_evt_waterdeep_4,1
picture,GFX_evt_plane_hell_1,1
picture,GFX_evt_king_of_shadows_1,1
picture,GFX_evt_mephisto_1,1
picture,GFX_evt_shade_enclave_1,1
picture,GFX_evt_shining_crusade_1,1
picture,GFX_evt_shining_crusade_2,1
picture,GFX_evt_dwarf_hold_1,1
picture,GFX_evt_necromancer2,1
picture,GFX_evt_moors,1
picture,GFX_evt_magic,1
picture,GFX_evt_doctor_tending_to_sick,1
picture,GFX_evt_child_talking,1
picture,GFX_evt_drow_1,1
picture,GFX_evt_orc_pantheon_1,1
border,GFX_event_normal_frame_religion,345
border,GFX_event_normal_frame_war,108
border,GFX_event_normal_frame_intrigue,71
border,GFX_event_letter_frame_religion,28
border,GFX_event_normal_frame_economy,27
border,GFX_event_normal_frame_diplomacy,20
border,GFX_event_narrative_frame_war,9
border,GFX_event_narrative_frame_religion,3
border,GFX_event_long_frame_war,2
border,GFX_event_letter_frame_war,1
border,GFX_event_letter_frame_intrigue,1
border,GFX_event_narrative_frame_diplomacy,1
border,GFX_event_letter_frame_diplomacy,1
