ck2_id,ck3_id,r,g,b,name,kind,barony,county,holding
1638,1,224,91,57,b_tarmalune,barony,b_tarmalune,c_tarmalune,city_holding
1638,2,86,124,15,b_arendenmore,barony,b_arendenmore,c_tarmalune,castle_holding
1638,3,177,145,150,b_dawnside,barony,b_dawnside,c_tarmalune,city_holding
1638,4,92,109,101,b_maerhavel,barony,b_maerhavel,c_tarmalune,church_holding
1630,5,90,200,207,b_ramekho,barony,b_ramekho,c_ramekho,city_holding
1628,6,192,27,113,b_imdolphyn,barony,b_imdolphyn,c_imdolphyn,city_holding
1628,7,94,160,119,b_dexal,barony,b_dexal,c_imdolphyn,castle_holding
1625,8,217,160,202,b_harglast,barony,b_harglast,c_harglast,city_holding
1625,9,234,175,93,b_ironguard,barony,b_ironguard,c_harglast,castle_holding
1637,10,28,129,64,b_fanedown,barony,b_fanedown,c_fanedown,city_holding
1637,11,124,74,224,b_mraelarneka,barony,b_mraelarneka,c_fanedown,castle_holding
1629,12,246,98,56,b_orgymist,barony,b_orgymist,c_orgymist,tribal_holding
1631,13,251,113,245,b_maskath,barony,b_maskath,c_maskath,tribal_holding
1626,14,121,78,137,b_sambral,barony,b_sambral,c_sambral,castle_holding
1626,15,195,85,42,b_the_high_rise,barony,b_the_high_rise,c_sambral,city_holding
1627,16,18,217,170,b_ishamar,barony,b_ishamar,c_ishamar_isles,tribal_holding
2150,17,157,114,251,b_lylorn,barony,b_lylorn,c_lylorn,city_holding
2150,18,198,161,189,b_arombar,barony,b_arombar,c_lylorn,castle_holding
2151,19,92,25,155,b_marrauk,barony,b_marrauk,c_marrauk,city_holding
2394,20,78,140,132,b_amral,barony,b_amral,c_amral,castle_holding
2146,21,127,198,118,b_tarsith,barony,b_tarsith,c_tarsith,city_holding
2146,22,67,149,224,b_kust,barony,b_kust,c_tarsith,castle_holding
2145,23,150,205,143,b_telox,barony,b_telox,c_telox,tribal_holding
2148,24,163,253,19,b_djerad_saari,barony,b_djerad_saari,c_gontal_pass,castle_holding
2149,25,66,44,151,b_aradiman,barony,b_aradiman,c_aradiman,tribal_holding
2147,26,240,100,245,b_mreyelundar,barony,b_mreyelundar,c_mreyelundar,city_holding
2147,27,92,168,207,b_dragonwing,barony,b_dragonwing,c_mreyelundar,church_holding
2154,28,18,215,150,b_dusklan,barony,b_dusklan,c_dusklan,city_holding
2154,29,98,121,17,b_rondim,barony,b_rondim,c_dusklan,church_holding
2155,30,196,130,7,b_brittlebone_well,barony,b_brittlebone_well,c_brittlebone_coast,tribal_holding
2156,31,32,41,229,b_maranetha,barony,b_maranetha,c_oraundil,tribal_holding
2157,32,154,243,147,b_graxan,barony,b_graxan,c_graxan_forest,tribal_holding
2158,33,78,18,130,b_arashand,barony,b_arashand,c_arashand,tribal_holding
1665,34,38,203,248,b_marangor,barony,b_marangor,c_marangor,castle_holding
1665,35,164,192,246,b_oriph,barony,b_oriph,c_marangor,city_holding
1665,36,48,14,136,b_araxaur,barony,b_araxaur,c_marangor,church_holding
1666,37,62,245,180,b_kaluth,barony,b_kaluth,c_kaluth,castle_holding
1663,38,190,81,1,b_lamrar,barony,b_lamrar,c_lamrar,castle_holding
1663,39,33,199,66,b_maura_rauth,barony,b_maura_rauth,c_lamrar,city_holding
1667,40,50,189,168,b_daerr,barony,b_daerr,c_daerr,castle_holding
1667,41,206,183,16,b_corglaak,barony,b_corglaak,c_daerr,city_holding
1668,42,134,4,48,b_ulvarr,barony,b_ulvarr,c_ulvarr,castle_holding
1669,43,94,145,109,b_djerad_aramazath,barony,b_djerad_aramazath,c_maeynda,castle_holding
1657,44,24,231,69,b_glarn,barony,b_glarn,c_glarn,castle_holding
1657,45,62,26,204,b_tyebar,barony,b_tyebar,c_glarn,city_holding
1656,46,244,126,78,b_arangyn,barony,b_arangyn,c_arangyn,castle_holding
1656,47,10,196,31,b_djerad_azaurand,barony,b_djerad_azaurand,c_arangyn,city_holding
1658,48,162,98,227,b_mratanga,barony,b_mratanga,c_mratanga,castle_holding
1660,49,184,190,97,b_tetath,barony,b_tetath,c_tymanchebar,castle_holding
1660,50,207,107,35,b_mandisk,barony,b_mandisk,c_tymanchebar,city_holding
1659,51,135,161,58,b_narvarr,barony,b_narvarr,c_narvarr,castle_holding
1659,52,238,80,152,b_thera,barony,b_thera,c_narvarr,city_holding
2393,53,26,113,175,b_cokhis,barony,b_cokhis,c_cormanda,castle_holding
1664,54,182,166,246,b_mirande,barony,b_mirande,c_mirande,city_holding
1664,55,242,30,18,b_djerad_laxand,barony,b_djerad_laxand,c_mirande,castle_holding
1662,56,107,234,248,b_qaragar,barony,b_qaragar,c_qaragar,castle_holding
1662,57,226,159,249,b_djerad_rorgaechara,barony,b_djerad_rorgaechara,c_qaragar,city_holding
1661,58,176,91,73,b_oceansigh,barony,b_oceansigh,c_oceans_sigh,castle_holding
1647,59,108,87,246,b_stormhelm,barony,b_stormhelm,c_stormhelm,castle_holding
1648,60,117,200,209,b_rondeval,barony,b_rondeval,c_rondeval,castle_holding
1653,61,110,170,238,b_bellakh,barony,b_bellakh,c_bellakh,castle_holding
1649,62,122,152,151,b_nornglast,barony,b_nornglast,c_nornglast,castle_holding
1643,63,142,20,100,b_sawsh,barony,b_sawsh,c_sawsh,tribal_holding
1646,64,118,239,21,b_mistshaws,barony,b_mistshaws,c_mistshaws,castle_holding
1644,65,29,246,159,b_belprins_hold,barony,b_belprins_hold,c_belprins_hold,castle_holding
1650,66,124,41,242,b_djerad_tauro,barony,b_djerad_tauro,c_stormslough,tribal_holding
1655,67,122,49,150,b_akalentar,barony,b_akalentar,c_hargleth_forest,tribal_holding
1654,68,157,181,86,b_argul,barony,b_argul,c_argul,castle_holding
1645,69,30,4,218,b_raurokh,barony,b_raurokh,c_raurokh,tribal_holding
2517,70,22,172,203,b_oroth,barony,b_oroth,c_oroth,tribal_holding
1651,71,67,58,97,b_mariphim,barony,b_mariphim,c_bregenduth,castle_holding
1652,72,226,247,21,b_djerad_axatar,barony,b_djerad_axatar,c_spiteful_isles,tribal_holding
2395,73,54,213,32,b_djerad_dimee,barony,b_djerad_dimee,c_dimee_moor,castle_holding
2141,74,101,172,11,b_gontal,barony,b_gontal,c_gontal,tribal_holding
2141,75,49,220,243,b_sanda,barony,b_sanda,c_gontal,city_holding
2141,76,66,86,157,b_areyn,barony,b_areyn,c_gontal,church_holding
2140,77,96,194,240,b_szant,barony,b_szant,c_szant,tribal_holding
2140,78,54,232,127,b_achaurax,barony,b_achaurax,c_szant,city_holding
2138,79,24,212,81,b_aretax,barony,b_aretax,c_aretax_bay,tribal_holding
2139,80,251,216,117,b_djerad_harngha,barony,b_djerad_harngha,c_djerad_harngha,tribal_holding
2139,81,247,185,174,b_arora,barony,b_arora,c_djerad_harngha,city_holding
2142,82,170,133,172,b_arnda,barony,b_arnda,c_darkturret,castle_holding
2137,83,243,216,74,b_sierrak,barony,b_sierrak,c_sierrak,tribal_holding
2133,84,161,229,147,b_alorev,barony,b_alorev,c_alorev,tribal_holding
2135,85,77,224,75,b_lyndar,barony,b_lyndar,c_lyndar,tribal_holding
2134,86,57,184,215,b_halorar,barony,b_halorar,c_umbral_murk,tribal_holding
2136,87,216,235,80,b_kustaelau,barony,b_kustaelau,c_glaurflow,tribal_holding
2132,88,48,119,77,b_riimlost,barony,b_riimlost,c_riimlost,tribal_holding
2132,89,131,5,87,b_bleak_pass,barony,b_bleak_pass,c_riimlost,city_holding
2143,90,252,223,145,b_korar,barony,b_korar,c_korar_hills,tribal_holding
2143,91,178,175,20,b_djerad_arandal,barony,b_djerad_arandal,c_korar_hills,city_holding
2131,92,200,48,146,b_surraer,barony,b_surraer,c_surraer,tribal_holding
2144,93,150,221,84,b_velandilmur,barony,b_velandilmur,c_velandilmur,tribal_holding
2144,94,224,73,65,b_djerad_thar_ghul,barony,b_djerad_thar_ghul,c_velandilmur,city_holding
2161,95,123,191,211,b_sarara,barony,b_sarara,c_sartha_coast,tribal_holding
2160,96,135,176,58,b_mere,barony,b_mere,c_southspar,tribal_holding
2159,97,84,161,135,b_arael,barony,b_arael,c_arael_hills,castle_holding
1689,98,224,67,107,b_graulthanc,barony,b_graulthanc,c_graulthanc,castle_holding
1617,99,47,228,235,b_sathadech,barony,b_sathadech,c_sathadech,castle_holding
2130,100,17,99,110,b_orantrax,barony,b_orantrax,c_lower_glaur,tribal_holding
1691,101,144,165,207,b_djerad_kurar,barony,b_djerad_kurar,c_starspire,tribal_holding
1690,102,200,197,235,b_landithust,barony,b_landithust,c_landithust,tribal_holding
1540,103,242,115,75,b_mevarand,barony,b_mevarand,c_mevarand,castle_holding
1616,104,241,81,8,b_ithan,barony,b_ithan,c_ithan,castle_holding
2129,105,248,120,4,b_djerad_madara,barony,b_djerad_madara,c_the_fang,tribal_holding
2152,106,45,169,107,b_xoraar,barony,b_xoraar,c_xoraar,castle_holding
2152,107,197,208,104,b_handia,barony,b_handia,c_xoraar,city_holding
2153,108,198,231,246,b_araash,barony,b_araash,c_araash,castle_holding
1687,109,204,59,254,b_malaarar,barony,b_malaarar,c_malaarar,tribal_holding
1688,110,91,159,104,b_talara,barony,b_talara,c_talaran_highlands,tribal_holding
1681,111,252,202,83,b_roraari,barony,b_roraari,c_roraari,castle_holding
1680,112,201,253,89,b_arrlaur,barony,b_arrlaur,c_coldlight_cliffs,tribal_holding
1685,113,101,151,131,b_tera_dur,barony,b_tera_dur,c_tera_dur,tribal_holding
1686,114,92,37,185,b_taran,barony,b_taran,c_taranmire,castle_holding
1682,115,230,146,112,b_djerad_tarora,barony,b_djerad_tarora,c_lost_land,tribal_holding
2391,116,101,216,59,b_marghu,barony,b_marghu,c_windswept_plain,tribal_holding
1639,117,185,19,248,b_aldreth,barony,b_aldreth,c_aldreth,city_holding
1640,118,40,52,4,b_ulark,barony,b_ulark,c_ulark,city_holding
1641,119,161,105,161,b_rorst,barony,b_rorst,c_rorst,city_holding
1636,120,210,253,125,b_ara_mraar,barony,b_ara_mraar,c_mraar_forest,tribal_holding
1642,121,25,210,17,b_maelevarar,barony,b_maelevarar,c_maelevarar,city_holding
1642,122,39,223,187,b_blindwood,barony,b_blindwood,c_maelevarar,castle_holding
1635,123,43,134,122,b_qamaphut,barony,b_qamaphut,c_wrecking_coast,castle_holding
1632,124,173,231,40,b_kothask,barony,b_kothask,c_kothask,tribal_holding
1634,125,234,159,121,b_rotimur,barony,b_rotimur,c_sunrise_hills,tribal_holding
1633,126,228,251,159,b_mossy_stone,barony,b_mossy_stone,c_long_marsh,tribal_holding
1684,127,142,96,31,b_rokthorl,barony,b_rokthorl,c_rokthorl,castle_holding
1684,128,157,165,228,b_harone_thar,barony,b_harone_thar,c_rokthorl,city_holding
1671,129,40,73,16,b_argaer,barony,b_argaer,c_argaervale,tribal_holding
1670,130,117,130,32,b_misthaul,barony,b_misthaul,c_mistfells,castle_holding
1683,131,96,121,63,b_amarrev,barony,b_amarrev,c_amarrev,castle_holding
1678,132,170,56,44,b_darrawn,barony,b_darrawn,c_darrawn,castle_holding
1678,133,83,248,43,b_kor_tera,barony,b_kor_tera,c_darrawn,city_holding
1678,134,146,183,99,b_mrorg,barony,b_mrorg,c_darrawn,church_holding
1679,135,162,20,219,b_rimlost,barony,b_rimlost,c_rimlost,church_holding
1676,136,245,59,253,b_arechar,barony,b_arechar,c_dragonbones,castle_holding
1677,137,207,109,66,b_grimroost,barony,b_grimroost,c_grimroost,castle_holding
1677,138,87,242,49,b_arsthar,barony,b_arsthar,c_grimroost,city_holding
2387,139,65,73,202,b_blackhold,barony,b_blackhold,c_blackhold,city_holding
2387,140,23,33,110,b_caraemar,barony,b_caraemar,c_blackhold,castle_holding
2392,141,124,186,11,b_forgefires,barony,b_forgefires,c_forgefires,tribal_holding
2386,142,240,54,162,b_xirev,barony,b_xirev,c_xirev,tribal_holding
1672,143,73,51,1,b_pelandar,barony,b_pelandar,c_pelandar,tribal_holding
1673,144,91,40,69,b_haantamm,barony,b_haantamm,c_fangmoor,castle_holding
2388,145,120,142,129,b_lylkara,barony,b_lylkara,c_lylkara_valley,tribal_holding
1674,146,84,162,93,b_gondistho,barony,b_gondistho,c_gondistho,castle_holding
1675,147,148,100,57,b_taronerdist,barony,b_taronerdist,c_chain_of_broken_dreams,tribal_holding
2408,148,105,15,150,b_ubarka,barony,b_ubarka,c_mountain_of_iron,tribal_holding
1221,149,194,182,5,b_mabasha,barony,b_mabasha,c_mabasha,tribal_holding
907,150,69,69,16,b_chan,barony,b_chan,c_chan,tribal_holding
910,151,202,84,245,b_cholta,barony,b_cholta,c_cholta,tribal_holding
874,152,126,18,0,b_peqqir,barony,b_peqqir,c_peqqir,city_holding
1332,153,113,177,142,b_alamaqu,barony,b_alamaqu,c_alamaqu,city_holding
908,154,247,170,219,b_yidyn,barony,b_yidyn,c_yidyn,tribal_holding
1781,155,239,155,255,b_maldali,barony,b_maldali,c_maldali,tribal_holding
1333,156,218,24,8,b_panjuis,barony,b_panjuis,c_panjuis,castle_holding
1414,157,16,117,116,b_shaqu,barony,b_shaqu,c_far_ulhai,tribal_holding
909,158,204,42,80,b_quli,barony,b_quli,c_quli,tribal_holding
2407,159,129,129,195,b_melganavin,barony,b_melganavin,c_upper_ama,tribal_holding
890,160,70,177,2,b_chama,barony,b_chama,c_chama,tribal_holding
1385,161,85,95,199,b_jaria,barony,b_jaria,c_jaria,tribal_holding
1388,162,78,119,113,b_chulq,barony,b_chulq,c_chulq,tribal_holding
2396,163,176,185,180,b_aldoman,barony,b_aldoman,c_aldoman,tribal_holding
2404,164,253,124,117,b_kakhi,barony,b_kakhi,c_tomyris,church_holding
2405,165,174,175,90,b_adzha,barony,b_adzha,c_west_nanayok,castle_holding
2406,166,34,229,16,b_byongab,barony,b_byongab,c_palevash,church_holding
1384,167,167,128,83,b_bunsha,barony,b_bunsha,c_bunsha,tribal_holding
2400,168,96,5,69,b_kengarun,barony,b_kengarun,c_inner_ama,tribal_holding
2397,169,123,147,8,b_olattan,barony,b_olattan,c_olattan,tribal_holding
2398,170,133,196,169,b_tantay,barony,b_tantay,c_tantay,tribal_holding
2399,171,86,5,199,b_khivak,barony,b_khivak,c_khivak,tribal_holding
2401,172,16,187,191,b_khapo,barony,b_khapo,c_sinking_palace,tribal_holding
2402,173,57,106,251,b_kayari,barony,b_kayari,c_kayari,tribal_holding
2403,174,132,227,14,b_toshayuy,barony,b_toshayuy,c_karoah,tribal_holding
74,175,178,228,204,b_scepter_district,barony,b_scepter_district,c_athkatla,city_holding
74,176,100,175,20,b_waukeens_promenade,barony,b_waukeens_promenade,c_athkatla,church_holding
74,177,197,195,20,b_goldbridge,barony,b_goldbridge,c_athkatla,city_holding
75,178,40,122,150,b_kalathtyr,barony,b_kalathtyr,c_kalathtyr,city_holding
75,179,103,240,103,b_ankara,barony,b_ankara,c_kalathtyr,city_holding
75,180,217,152,251,b_wulen,barony,b_wulen,c_kalathtyr,church_holding
75,181,71,194,178,b_sassalt,barony,b_sassalt,c_kalathtyr,castle_holding
237,182,75,175,246,b_purskul,barony,b_purskul,c_purskul,castle_holding
237,183,248,59,4,b_karastra,barony,b_karastra,c_purskul,city_holding
77,184,133,183,226,b_crimmor,barony,b_crimmor,c_crimmor,city_holding
77,185,136,254,135,b_crytrapper,barony,b_crytrapper,c_crimmor,castle_holding
77,186,8,72,51,b_chaunteas_cradle,barony,b_chaunteas_cradle,c_crimmor,church_holding
1571,187,249,75,235,b_arnise,barony,b_arnise,c_hamlar_hills,castle_holding
1571,188,36,218,158,b_st_carwells_vale,barony,b_st_carwells_vale,c_hamlar_hills,church_holding
64,189,22,33,47,b_nashkel,barony,b_nashkel,c_nashkel,city_holding
64,190,117,0,248,b_high_song,barony,b_high_song,c_nashkel,church_holding
2531,191,235,65,93,b_minsor_vale,barony,b_minsor_vale,c_lake_weng,tribal_holding
2531,192,47,158,25,b_citadel_rashturl,barony,b_citadel_rashturl,c_lake_weng,castle_holding
78,193,97,148,200,b_eshpurta,barony,b_eshpurta,c_eshpurta,castle_holding
78,194,85,217,22,b_golden_fortress,barony,b_golden_fortress,c_eshpurta,castle_holding
78,195,213,249,135,b_towers_of_the_vengeful_hand,barony,b_towers_of_the_vengeful_hand,c_eshpurta,church_holding
78,196,150,39,202,b_towers_of_willful_suffering,barony,b_towers_of_willful_suffering,c_eshpurta,church_holding
2530,197,105,211,126,b_trollford,barony,b_trollford,c_amstelar,castle_holding
2530,198,217,92,29,b_turova,barony,b_turova,c_amstelar,city_holding
1709,199,170,38,106,b_fort_ilbratha,barony,b_fort_ilbratha,c_qadim_hills,tribal_holding
583,200,108,65,56,b_boar_pike,barony,b_boar_pike,c_snakewood,tribal_holding
89,201,139,200,98,b_fort_mirasandoral,barony,b_fort_mirasandoral,c_shilmista,castle_holding
1710,202,211,234,237,b_daoine_dun,barony,b_daoine_dun,c_the_dells,castle_holding
76,203,71,137,35,b_esmeltaran,barony,b_esmeltaran,c_esmeltaran,city_holding
76,204,254,223,61,b_kings_arch,barony,b_kings_arch,c_esmeltaran,city_holding
81,205,153,36,59,b_keczulla,barony,b_keczulla,c_keczulla,castle_holding
81,206,241,148,165,b_karlyn_bridge,barony,b_karlyn_bridge,c_keczulla,city_holding
80,207,7,157,69,b_amnwater,barony,b_amnwater,c_amnwater,city_holding
80,208,1,5,244,b_wheelarit,barony,b_wheelarit,c_amnwater,castle_holding
80,209,184,129,176,b_ironseth,barony,b_ironseth,c_amnwater,church_holding
80,210,83,126,63,b_yhliivast,barony,b_yhliivast,c_amnwater,castle_holding
2534,211,102,68,109,b_orlsfall,barony,b_orlsfall,c_the_ridge,castle_holding
2534,212,176,169,182,b_burrowville,barony,b_burrowville,c_the_ridge,city_holding
79,213,242,105,34,b_imnescar,barony,b_imnescar,c_imnescar,city_holding
79,214,139,237,29,b_hydcont_hall,barony,b_hydcont_hall,c_imnescar,castle_holding
79,215,150,123,200,b_battlescarred_bard,barony,b_battlescarred_bard,c_imnescar,church_holding
2434,216,183,74,255,b_esford,barony,b_esford,c_the_imnescourse,city_holding
2434,217,201,57,112,b_shepardston,barony,b_shepardston,c_the_imnescourse,castle_holding
2535,218,118,94,165,b_hillfort_ishla,barony,b_hillfort_ishla,c_windspear_hills,castle_holding
2535,219,84,73,122,b_zinner,barony,b_zinner,c_windspear_hills,city_holding
136,220,239,99,89,b_hillfort_torbold,barony,b_hillfort_torbold,c_west_tejarn,castle_holding
136,221,147,31,248,b_archring,barony,b_archring,c_west_tejarn,city_holding
87,222,217,137,32,b_hillfort_keshla,barony,b_hillfort_keshla,c_east_tejarn,castle_holding
87,223,113,102,58,b_junest,barony,b_junest,c_east_tejarn,city_holding
86,224,17,237,61,b_coryllvol,barony,b_coryllvol,c_meiritin,castle_holding
86,225,169,1,21,b_shimmalshyr,barony,b_shimmalshyr,c_meiritin,city_holding
200,226,52,171,179,b_valash,barony,b_valash,c_cortrynn,castle_holding
200,227,143,226,198,b_kingard,barony,b_kingard,c_cortrynn,city_holding
82,228,198,145,50,b_murann,barony,b_murann,c_murann,castle_holding
82,229,71,149,250,b_ommlur_hills,barony,b_ommlur_hills,c_murann,city_holding
84,230,34,241,126,b_brost,barony,b_brost,c_brost,castle_holding
84,231,141,31,57,b_imnesvale,barony,b_imnesvale,c_brost,city_holding
83,232,199,150,176,b_trademeet,barony,b_trademeet,c_trademeet,castle_holding
83,233,89,116,151,b_bormton,barony,b_bormton,c_trademeet,city_holding
83,234,75,203,244,b_twin_towers,barony,b_twin_towers,c_trademeet,church_holding
2551,235,224,2,27,b_chapterhouse,barony,b_chapterhouse,c_finger_pass,tribal_holding
1234,236,4,30,56,b_riatavin,barony,b_riatavin,c_riatavin,castle_holding
1234,237,147,87,165,b_tannitton,barony,b_tannitton,c_riatavin,city_holding
1234,238,21,255,239,b_rhianna,barony,b_rhianna,c_riatavin,church_holding
1234,239,221,163,246,b_tannithall,barony,b_tannithall,c_riatavin,castle_holding
88,240,23,121,28,b_trailstone,barony,b_trailstone,c_trailstone,castle_holding
88,241,164,122,39,b_spulzeer,barony,b_spulzeer,c_trailstone,castle_holding
88,242,155,46,72,b_spulzeer_vale,barony,b_spulzeer_vale,c_trailstone,church_holding
176,243,157,141,92,b_iomaport,barony,b_iomaport,c_ioma,castle_holding
176,244,27,254,177,b_ompalarn,barony,b_ompalarn,c_ioma,church_holding
180,245,169,245,32,b_toaridge_at_the_suns_setting,barony,b_toaridge_at_the_suns_setting,c_toaridge_at_the_suns_setting,castle_holding
181,246,174,237,237,b_seaspray,barony,b_seaspray,c_the_flint,castle_holding
179,247,195,219,37,b_the_rookery,barony,b_the_rookery,c_the_rookery,castle_holding
1574,248,93,240,209,b_nemessor,barony,b_nemessor,c_nemessor,castle_holding
177,249,27,202,232,b_jokkursbay,barony,b_jokkursbay,c_irphong,castle_holding
178,250,158,79,233,b_elderbay,barony,b_elderbay,c_thordentor,castle_holding
1126,251,93,141,64,b_pearlhouse,barony,b_pearlhouse,c_the_pearls,castle_holding
183,252,128,162,164,b_mermaid_cove,barony,b_mermaid_cove,c_the_singing_rocks,castle_holding
182,253,34,3,190,b_borammur,barony,b_borammur,c_the_tusks,castle_holding
1099,254,146,158,71,b_sister_of_rains,barony,b_sister_of_rains,c_shoal_of_thirst,tribal_holding
1099,255,114,191,47,b_oracakon,barony,b_oracakon,c_shoal_of_thirst,city_holding
1099,256,253,207,11,b_sehaedi,barony,b_sehaedi,c_shoal_of_thirst,church_holding
1099,257,224,79,25,b_oyripan,barony,b_oyripan,c_shoal_of_thirst,castle_holding
1099,258,199,233,177,b_ioriere,barony,b_ioriere,c_shoal_of_thirst,castle_holding
1096,259,18,26,214,b_elahzad,barony,b_elahzad,c_hills_of_scent,tribal_holding
1102,260,142,213,141,b_orofin,barony,b_orofin,c_the_saiyaddar,tribal_holding
1068,261,98,154,39,b_bhaerlith,barony,b_bhaerlith,c_bhaerlith,tribal_holding
1097,262,243,166,182,b_olomaa,barony,b_olomaa,c_olomaa,castle_holding
1065,263,191,56,105,b_vuerthyl,barony,b_vuerthyl,c_vuerthyl,castle_holding
1066,264,99,191,128,b_delia,barony,b_delia,c_the_throat,castle_holding
1103,265,172,117,36,b_lundeth,barony,b_lundeth,c_lundeth,castle_holding
1101,266,166,83,204,b_maatar,barony,b_maatar,c_great_sands,tribal_holding
1105,267,210,64,5,b_lions_eye,barony,b_lions_eye,c_quarter_of_emptiness,tribal_holding
2411,268,114,85,78,b_argent_rock,barony,b_argent_rock,c_the_flats,tribal_holding
1104,269,79,85,49,b_amazandar,barony,b_amazandar,c_amazandar,tribal_holding
1104,270,214,169,138,b_hlithal,barony,b_hlithal,c_amazandar,city_holding
1104,271,133,7,255,b_ramanth,barony,b_ramanth,c_amazandar,church_holding
1100,272,218,101,155,b_anauril,barony,b_anauril,c_anauril,tribal_holding
378,273,119,218,60,b_helvara,barony,b_helvara,c_sixstreams,tribal_holding
2416,274,233,233,31,b_chanth,barony,b_chanth,c_the_burn,tribal_holding
2414,275,20,135,30,b_phelajarama,barony,b_phelajarama,c_phelajarama,castle_holding
2414,276,222,146,184,b_orolin,barony,b_orolin,c_phelajarama,church_holding
283,277,247,3,106,b_miirsar,barony,b_miirsar,c_miir,tribal_holding
2422,278,134,78,229,b_tarkhaldarth,barony,b_tarkhaldarth,c_lost_vale,tribal_holding
1226,279,42,118,130,b_mhaelos,barony,b_mhaelos,c_mhaelos,castle_holding
1226,280,238,30,7,b_addas_babar,barony,b_addas_babar,c_mhaelos,church_holding
1067,281,78,45,42,b_vil,barony,b_vil,c_atars_looking_glass,tribal_holding
373,282,200,70,162,b_araugul,barony,b_araugul,c_araugul,tribal_holding
375,283,196,100,31,b_oakmere,barony,b_oakmere,c_farsea_marsh,castle_holding
374,284,233,37,100,b_lundar,barony,b_lundar,c_goblin_marches,tribal_holding
2412,285,100,6,65,b_thandril,barony,b_thandril,c_sunset_foothills,tribal_holding
376,286,55,28,96,b_needlespires,barony,b_needlespires,c_the_stonelands,tribal_holding
377,287,205,56,139,b_rausrawna,barony,b_rausrawna,c_shaddath,tribal_holding
2413,288,158,31,142,b_marts_keep,barony,b_marts_keep,c_high_moors,castle_holding
328,289,244,16,42,b_tilverton,barony,b_tilverton,c_tilverton,castle_holding
328,290,201,176,80,b_griffon_hill,barony,b_griffon_hill,c_tilverton,city_holding
330,291,226,103,18,b_halfhap,barony,b_halfhap,c_the_ride,castle_holding
330,292,47,139,188,b_darkenshield,barony,b_darkenshield,c_the_ride,city_holding
330,293,136,49,109,b_geneva_lake,barony,b_geneva_lake,c_the_ride,castle_holding
1091,294,199,131,43,b_hlaungadath,barony,b_hlaungadath,c_hlaungadath,tribal_holding
1260,295,80,26,172,b_anarath,barony,b_anarath,c_anarath,tribal_holding
1264,296,20,69,142,b_keltash,barony,b_keltash,c_riven_frost,tribal_holding
1093,297,76,227,220,b_oreme,barony,b_oreme,c_oreme,castle_holding
1095,298,240,64,150,b_glakis,barony,b_glakis,c_glakis,tribal_holding
1094,299,246,1,68,b_quaver,barony,b_quaver,c_quaver,tribal_holding
1092,300,11,208,117,b_spellgard,barony,b_spellgard,c_spellgard,castle_holding
1262,301,127,66,39,b_untrivven,barony,b_untrivven,c_untrivven,castle_holding
1262,302,2,113,189,b_achal,barony,b_achal,c_untrivven,city_holding
1261,303,236,4,68,b_bhaulaea,barony,b_bhaulaea,c_bhaulaea,castle_holding
1263,304,1,243,43,b_urumph,barony,b_urumph,c_smokeholes,tribal_holding
2605,305,116,105,48,b_lashloc,barony,b_lashloc,c_lashloc,tribal_holding
1060,306,144,183,36,b_negarath,barony,b_negarath,c_fallen_giant_rift,tribal_holding
1063,307,55,114,62,b_tauros,barony,b_tauros,c_tauros,tribal_holding
1064,308,153,132,109,b_iouloum,barony,b_iouloum,c_helm_rift,tribal_holding
1062,309,135,147,92,b_the_swordpoint,barony,b_the_swordpoint,c_the_swordpoint,tribal_holding
2476,310,186,129,236,b_gers,barony,b_gers,c_seventon,tribal_holding
1061,311,241,109,109,b_aerithaes_rest,barony,b_aerithaes_rest,c_netheril_river,castle_holding
1098,312,150,227,208,b_heroes_helm,barony,b_heroes_helm,c_shattered_tower,tribal_holding
1106,313,199,85,198,b_jockteleg,barony,b_jockteleg,c_the_alley,tribal_holding
1438,314,91,215,65,b_vrandaks_grave,barony,b_vrandaks_grave,c_vrandaks_grave,tribal_holding
142,315,22,1,139,b_pashas_sabban,barony,b_pashas_sabban,c_calimport,castle_holding
142,316,170,104,59,b_calephs_court,barony,b_calephs_court,c_calimport,city_holding
142,317,56,236,12,b_raor_bakkal,barony,b_raor_bakkal,c_calimport,church_holding
142,318,55,171,142,b_muzad,barony,b_muzad,c_calimport,castle_holding
142,319,28,76,177,b_khandaq,barony,b_khandaq,c_calimport,city_holding
142,320,176,200,231,b_calimport,barony,b_calimport,c_calimport,church_holding
147,321,254,56,12,b_keltar,barony,b_keltar,c_keltar,castle_holding
147,322,43,19,85,b_evenstar,barony,b_evenstar,c_keltar,city_holding
147,323,164,48,104,b_yuram,barony,b_yuram,c_keltar,church_holding
143,324,73,159,179,b_teshburl,barony,b_teshburl,c_teshburl,castle_holding
143,325,98,23,149,b_st_noradnars,barony,b_st_noradnars,c_teshburl,city_holding
143,326,169,197,231,b_st_litwans,barony,b_st_litwans,c_teshburl,church_holding
143,327,190,102,47,b_ibinhalt,barony,b_ibinhalt,c_teshburl,castle_holding
2590,328,60,209,74,b_calim_river,barony,b_calim_river,c_calim_river,castle_holding
2599,329,237,121,204,b_teshyll,barony,b_teshyll,c_teshyll,castle_holding
146,330,86,241,135,b_zenitrag,barony,b_zenitrag,c_calim_desert,tribal_holding
146,331,197,33,130,b_dallabad,barony,b_dallabad,c_calim_desert,city_holding
2597,332,169,2,45,b_dashadjen,barony,b_dashadjen,c_dashadjen,tribal_holding
2597,333,137,12,36,b_altar_of_the_air,barony,b_altar_of_the_air,c_dashadjen,church_holding
2600,334,87,57,125,b_calimstone,barony,b_calimstone,c_calimstone,tribal_holding
144,335,110,125,83,b_memnon,barony,b_memnon,c_memnon,city_holding
144,336,110,136,78,b_scarlet_gate,barony,b_scarlet_gate,c_memnon,castle_holding
144,337,55,231,46,b_vesparal,barony,b_vesparal,c_memnon,city_holding
235,338,95,165,26,b_amkethran,barony,b_amkethran,c_amkethran,castle_holding
235,339,11,151,223,b_assar,barony,b_assar,c_amkethran,city_holding
235,340,57,64,209,b_kemal,barony,b_kemal,c_amkethran,church_holding
2598,341,41,167,106,b_calimban_knoll,barony,b_calimban_knoll,c_calimban,castle_holding
145,342,1,131,252,b_manshaka,barony,b_manshaka,c_manshaka,castle_holding
145,343,62,194,162,b_sessemal,barony,b_sessemal,c_manshaka,city_holding
145,344,33,27,58,b_st_tarils,barony,b_st_tarils,c_manshaka,church_holding
145,345,58,213,22,b_faerinstar,barony,b_faerinstar,c_manshaka,castle_holding
153,346,179,100,151,b_talvannir,barony,b_talvannir,c_plainsmarch,castle_holding
153,347,99,176,129,b_urkest,barony,b_urkest,c_plainsmarch,city_holding
153,348,156,107,132,b_carteneg,barony,b_carteneg,c_plainsmarch,church_holding
149,349,60,6,34,b_schamedar,barony,b_schamedar,c_schamedar,castle_holding
149,350,196,230,150,b_bakkals_sabban,barony,b_bakkals_sabban,c_schamedar,city_holding
149,351,173,22,252,b_jessimal,barony,b_jessimal,c_schamedar,church_holding
150,352,224,184,175,b_volothamp,barony,b_volothamp,c_volothamp,castle_holding
150,353,3,221,234,b_dainar,barony,b_dainar,c_volothamp,city_holding
150,354,26,152,92,b_awagadust,barony,b_awagadust,c_volothamp,church_holding
150,355,222,204,221,b_marratesh,barony,b_marratesh,c_volothamp,castle_holding
151,356,47,177,62,b_almraiven,barony,b_almraiven,c_almraiven,castle_holding
151,357,251,227,152,b_st_ihrvyn,barony,b_st_ihrvyn,c_almraiven,church_holding
161,358,91,139,118,b_alamir_rock,barony,b_alamir_rock,c_alamirs_end,castle_holding
161,359,226,202,179,b_cliffcrest,barony,b_cliffcrest,c_alamirs_end,city_holding
161,360,218,241,220,b_wensin,barony,b_wensin,c_alamirs_end,church_holding
1198,361,106,202,144,b_ajhuutal,barony,b_ajhuutal,c_spider_swamp,tribal_holding
2592,362,146,83,18,b_nykkar,barony,b_nykkar,c_nykkar,castle_holding
2592,363,238,128,90,b_st_faelar,barony,b_st_faelar,c_nykkar,church_holding
2592,364,137,25,226,b_olympus_dag,barony,b_olympus_dag,c_nykkar,castle_holding
2593,365,144,30,161,b_kochar_steppe,barony,b_kochar_steppe,c_kochar_steppe,tribal_holding
2593,366,141,84,161,b_zains_crossing,barony,b_zains_crossing,c_kochar_steppe,castle_holding
2593,367,123,52,164,b_two_falls_end,barony,b_two_falls_end,c_kochar_steppe,church_holding
2591,368,180,48,41,b_faeressar,barony,b_faeressar,c_faeressar,castle_holding
148,369,178,129,155,b_valshada,barony,b_valshada,c_valshada,castle_holding
148,370,38,128,14,b_traispek,barony,b_traispek,c_valshada,city_holding
148,371,253,129,144,b_st_doblas,barony,b_st_doblas,c_valshada,church_holding
167,372,86,112,169,b_mintar,barony,b_mintar,c_mintar,castle_holding
167,373,27,195,59,b_delliam,barony,b_delliam,c_mintar,city_holding
173,374,82,242,239,b_ankhapur,barony,b_ankhapur,c_ankhapur,castle_holding
173,375,147,72,53,b_yult,barony,b_yult,c_ankhapur,city_holding
173,376,232,113,186,b_calers_hand,barony,b_calers_hand,c_ankhapur,church_holding
173,377,216,189,187,b_st_sossor,barony,b_st_sossor,c_ankhapur,castle_holding
172,378,166,171,60,b_saelmur,barony,b_saelmur,c_saelmur,castle_holding
172,379,138,35,110,b_vodariim,barony,b_vodariim,c_saelmur,city_holding
174,380,34,79,231,b_yhep,barony,b_yhep,c_yhep,castle_holding
174,381,48,252,206,b_forvane,barony,b_forvane,c_yhep,city_holding
2308,382,137,200,71,b_arnrock,barony,b_arnrock,c_arnrock,castle_holding
159,383,168,150,217,b_suldolphor,barony,b_suldolphor,c_suldolphor,castle_holding
1197,384,129,150,33,b_olodel,barony,b_olodel,c_beasts_coast,tribal_holding
160,385,45,57,66,b_yeshpek,barony,b_yeshpek,c_yeshpek,city_holding
160,386,128,216,153,b_bezrim_bay,barony,b_bezrim_bay,c_yeshpek,castle_holding
2569,387,2,29,123,b_sultans_citadel,barony,b_sultans_citadel,c_tulmon,castle_holding
2569,388,195,154,123,b_tulmon,barony,b_tulmon,c_tulmon,city_holding
2569,389,111,125,182,b_skullspire,barony,b_skullspire,c_tulmon,church_holding
499,390,198,51,122,b_innarlith,barony,b_innarlith,c_innarlith,city_holding
499,391,6,189,203,b_eamford,barony,b_eamford,c_innarlith,castle_holding
499,392,92,20,243,b_stathmore,barony,b_stathmore,c_innarlith,church_holding
496,393,223,141,254,b_venne,barony,b_venne,c_venne,city_holding
496,394,134,139,168,b_hyge_castle,barony,b_hyge_castle,c_venne,castle_holding
1130,395,22,9,74,b_stawindis,barony,b_stawindis,c_misty_plains,tribal_holding
604,396,73,47,211,b_telgath,barony,b_telgath,c_ankhwood,tribal_holding
175,397,197,84,77,b_temish,barony,b_temish,c_thornwood,tribal_holding
1132,398,157,239,24,b_lin,barony,b_lin,c_vale_of_the_reaver,tribal_holding
1132,399,152,162,56,b_stanish,barony,b_stanish,c_vale_of_the_reaver,city_holding
1697,400,81,209,81,b_lupeiros,barony,b_lupeiros,c_cloven_hills,tribal_holding
1697,401,214,89,149,b_yllenora,barony,b_yllenora,c_cloven_hills,city_holding
1131,402,170,73,69,b_stharelle,barony,b_stharelle,c_minta_vale,tribal_holding
568,403,136,94,135,b_esparaal,barony,b_esparaal,c_thornwash_vale,tribal_holding
1133,404,35,46,70,b_gerns_hold,barony,b_gerns_hold,c_treshla,tribal_holding
475,405,109,126,35,b_themasulter,barony,b_themasulter,c_themasulter,castle_holding
1193,406,61,31,227,b_arthyn,barony,b_arthyn,c_arthyn,city_holding
1193,407,0,184,236,b_waernd,barony,b_waernd,c_arthyn,castle_holding
1192,408,39,3,171,b_ranraths_run,barony,b_ranraths_run,c_the_neth_stand,tribal_holding
497,409,26,191,174,b_thur,barony,b_thur,c_thur,city_holding
497,410,254,88,186,b_blackalblade,barony,b_blackalblade,c_thur,church_holding
476,411,2,12,48,b_theymarsh,barony,b_theymarsh,c_theymarsh,castle_holding
1196,412,224,231,10,b_caldarth,barony,b_caldarth,c_jundarwood,church_holding
477,413,126,83,185,b_yallasch,barony,b_yallasch,c_yallasch,castle_holding
477,414,7,142,241,b_myrinjar,barony,b_myrinjar,c_yallasch,city_holding
495,415,92,228,83,b_dapplegate,barony,b_dapplegate,c_dapplegate,city_holding
495,416,157,21,84,b_gallard,barony,b_gallard,c_dapplegate,city_holding
495,417,74,84,161,b_selpt,barony,b_selpt,c_dapplegate,castle_holding
1195,418,6,92,94,b_blackbarn,barony,b_blackbarn,c_shantal,city_holding
1194,419,148,19,84,b_oeble,barony,b_oeble,c_talduth_vale,city_holding
1194,420,14,11,12,b_emrys,barony,b_emrys,c_talduth_vale,city_holding
504,421,105,134,218,b_derlusk,barony,b_derlusk,c_derlusk,city_holding
504,422,228,114,38,b_splondar,barony,b_splondar,c_derlusk,castle_holding
504,423,217,79,193,b_luthbaern,barony,b_luthbaern,c_derlusk,city_holding
498,424,23,91,222,b_alamontyr,barony,b_alamontyr,c_alamontyr,castle_holding
498,425,231,123,22,b_ythtym,barony,b_ythtym,c_alamontyr,city_holding
498,426,58,135,49,b_felshroum,barony,b_felshroum,c_alamontyr,church_holding
546,427,132,111,214,b_qurthing,barony,b_qurthing,c_qurth_forest,tribal_holding
542,428,186,252,184,b_hesparin,barony,b_hesparin,c_the_duskwood,tribal_holding
2596,429,159,98,55,b_magis_tor,barony,b_magis_tor,c_magis_tor,castle_holding
139,430,87,99,161,b_iskashyoll,barony,b_iskashyoll,c_iskashyoll,castle_holding
139,431,71,17,150,b_khanall,barony,b_khanall,c_iskashyoll,city_holding
140,432,9,195,122,b_alisiwhann,barony,b_alisiwhann,c_alisiwhann,castle_holding
140,433,82,123,115,b_adarthir,barony,b_adarthir,c_alisiwhann,city_holding
140,434,21,24,103,b_ragkyls_hold,barony,b_ragkyls_hold,c_alisiwhann,city_holding
141,435,191,145,11,b_ithal_pass,barony,b_ithal_pass,c_ithal_pass,castle_holding
141,436,15,153,138,b_formithlind,barony,b_formithlind,c_ithal_pass,city_holding
2595,437,63,172,19,b_myth_dyraalis,barony,b_myth_dyraalis,c_myth_dyraalis,city_holding
2595,438,109,149,20,b_argentor,barony,b_argentor,c_myth_dyraalis,castle_holding
152,439,43,52,54,b_sarenestar_glade,barony,b_sarenestar_glade,c_sarenestar,tribal_holding
166,440,4,253,47,b_kzelter,barony,b_kzelter,c_kzelter,castle_holding
166,441,171,140,200,b_xora,barony,b_xora,c_kzelter,city_holding
168,442,74,0,33,b_midstone,barony,b_midstone,c_midvale,castle_holding
247,443,147,98,81,b_urbeth,barony,b_urbeth,c_tharsult,castle_holding
247,444,100,58,209,b_aunthurr,barony,b_aunthurr,c_tharsult,city_holding
247,445,144,32,59,b_funearil,barony,b_funearil,c_tharsult,church_holding
247,446,192,65,97,b_chastel,barony,b_chastel,c_tharsult,castle_holding
1217,447,245,86,35,b_umbarra,barony,b_umbarra,c_umbarra,castle_holding
210,448,64,85,19,b_arrabar,barony,b_arrabar,c_arrabar,castle_holding
210,449,116,3,162,b_thelgauble,barony,b_thelgauble,c_arrabar,city_holding
210,450,203,102,95,b_arkhelar,barony,b_arkhelar,c_arrabar,church_holding
210,451,33,97,136,b_iphash,barony,b_iphash,c_arrabar,castle_holding
2542,452,39,233,196,b_mussum,barony,b_mussum,c_mussum,tribal_holding
2542,453,118,43,77,b_house_of_holy_suffering,barony,b_house_of_holy_suffering,c_mussum,church_holding
1236,454,10,99,60,b_iljak,barony,b_iljak,c_iljak,city_holding
1237,455,72,185,40,b_samra,barony,b_samra,c_samra,city_holding
1237,456,95,9,24,b_orbrech,barony,b_orbrech,c_samra,castle_holding
1237,457,102,112,97,b_cormins,barony,b_cormins,c_samra,church_holding
573,458,102,170,106,b_shamph,barony,b_shamph,c_shamph,city_holding
573,459,248,16,192,b_timindar,barony,b_timindar,c_shamph,castle_holding
573,460,25,41,48,b_taranth,barony,b_taranth,c_shamph,church_holding
1207,461,208,219,69,b_sapra,barony,b_sapra,c_ilighon,church_holding
581,462,131,205,238,b_ixinos,barony,b_ixinos,c_ixinos,castle_holding
1208,463,50,238,7,b_queen_of_the_water,barony,b_queen_of_the_water,c_wavecrest,church_holding
574,464,12,162,94,b_nun,barony,b_nun,c_nun,church_holding
574,465,126,65,216,b_horlord,barony,b_horlord,c_nun,castle_holding
2543,466,77,89,128,b_fields_of_nun,barony,b_fields_of_nun,c_fields_of_nun,castle_holding
577,467,199,83,246,b_hlath,barony,b_hlath,c_hlath,city_holding
577,468,40,169,90,b_skasar,barony,b_skasar,c_hlath,castle_holding
577,469,170,85,210,b_alatar,barony,b_alatar,c_hlath,church_holding
576,470,193,136,15,b_st_vale,barony,b_st_vale,c_nunwood,tribal_holding
1442,471,39,97,86,b_reth,barony,b_reth,c_reth,city_holding
1442,472,152,80,252,b_sleeping_dragons,barony,b_sleeping_dragons,c_reth,castle_holding
611,473,248,200,247,b_sumbria,barony,b_sumbria,c_sumbria,city_holding
611,474,81,6,80,b_kirenzia,barony,b_kirenzia,c_sumbria,castle_holding
611,475,43,253,60,b_geguna,barony,b_geguna,c_sumbria,church_holding
2431,476,86,180,82,b_zutria,barony,b_zutria,c_zutria,city_holding
2431,477,30,99,121,b_nisse,barony,b_nisse,c_zutria,castle_holding
2430,478,18,226,41,b_colletro,barony,b_colletro,c_colletro,city_holding
2430,479,132,79,198,b_galb,barony,b_galb,c_colletro,castle_holding
612,480,132,121,177,b_lomatra,barony,b_lomatra,c_lomatra,city_holding
612,481,200,233,252,b_lomoli,barony,b_lomoli,c_lomatra,castle_holding
616,482,29,247,191,b_elghal,barony,b_elghal,c_elghal,city_holding
616,483,255,144,164,b_latun_stronghold,barony,b_latun_stronghold,c_elghal,castle_holding
615,484,125,0,191,b_oslin,barony,b_oslin,c_oslin,city_holding
615,485,245,168,79,b_fel_atas,barony,b_fel_atas,c_oslin,castle_holding
613,486,217,63,208,b_rivers_run,barony,b_rivers_run,c_rivers_run,tribal_holding
613,487,53,152,46,b_kalamata,barony,b_kalamata,c_rivers_run,city_holding
613,488,148,84,9,b_anatras,barony,b_anatras,c_rivers_run,church_holding
238,489,57,144,155,b_alaghon_city,barony,b_alaghon_city,c_alaghon,city_holding
238,490,71,185,219,b_karakast,barony,b_karakast,c_alaghon,church_holding
238,491,64,100,199,b_demstar,barony,b_demstar,c_alaghon,castle_holding
238,492,82,207,186,b_turmistir,barony,b_turmistir,c_alaghon,city_holding
239,493,119,245,82,b_morningstar_hollows,barony,b_morningstar_hollows,c_alaoreum,tribal_holding
241,494,43,226,18,b_holdensword,barony,b_holdensword,c_holdensword,city_holding
241,495,75,117,34,b_obelners_well,barony,b_obelners_well,c_holdensword,castle_holding
240,496,204,93,148,b_gildenglade,barony,b_gildenglade,c_gildenglade,city_holding
240,497,8,65,243,b_merrydell,barony,b_merrydell,c_gildenglade,castle_holding
240,498,25,63,28,b_banathar,barony,b_banathar,c_gildenglade,church_holding
240,499,151,76,182,b_zustild,barony,b_zustild,c_gildenglade,church_holding
242,500,244,244,18,b_nonthal,barony,b_nonthal,c_nonthal,city_holding
242,501,201,228,42,b_zendath,barony,b_zendath,c_nonthal,castle_holding
242,502,37,25,107,b_sambryntyn,barony,b_sambryntyn,c_nonthal,church_holding
242,503,53,34,168,b_peldrathans_pool,barony,b_peldrathans_pool,c_nonthal,church_holding
245,504,31,100,200,b_tarnring,barony,b_tarnring,c_the_perloush,tribal_holding
243,505,16,91,157,b_dauntshield,barony,b_dauntshield,c_the_faraway,city_holding
243,506,237,59,197,b_ravilars_cloak,barony,b_ravilars_cloak,c_the_faraway,castle_holding
244,507,73,191,161,b_xorhun,barony,b_xorhun,c_xorhun,city_holding
244,508,240,234,54,b_ulvers_lance,barony,b_ulvers_lance,c_xorhun,castle_holding
246,509,102,43,49,b_five_lions,barony,b_five_lions,c_the_allascar,tribal_holding
246,510,133,110,136,b_shaus,barony,b_shaus,c_the_allascar,castle_holding
246,511,83,16,185,b_marikor,barony,b_marikor,c_the_allascar,city_holding
205,512,88,60,234,b_hlondeth,barony,b_hlondeth,c_hlondeth,castle_holding
205,513,16,170,97,b_tanarspear,barony,b_tanarspear,c_hlondeth,city_holding
205,514,124,55,81,b_amphisbaena,barony,b_amphisbaena,c_hlondeth,church_holding
205,515,170,135,152,b_halfling_vale,barony,b_halfling_vale,c_hlondeth,city_holding
1432,516,143,238,86,b_stormsteer,barony,b_stormsteer,c_ospkur,castle_holding
209,517,46,129,108,b_pike_hold,barony,b_pike_hold,c_pikemans_folly,castle_holding
209,518,219,149,77,b_troll_bridge,barony,b_troll_bridge,c_pikemans_folly,city_holding
1573,519,26,232,101,b_nleeth,barony,b_nleeth,c_nleeth_and_amah,city_holding
1573,520,41,158,205,b_amah,barony,b_amah,c_nleeth_and_amah,castle_holding
302,521,181,99,129,b_asple,barony,b_asple,c_farshore,city_holding
302,522,199,221,12,b_torl,barony,b_torl,c_farshore,castle_holding
302,523,3,91,254,b_gildensails,barony,b_gildensails,c_farshore,church_holding
575,524,30,67,59,b_daroush,barony,b_daroush,c_lilit_pass,city_holding
575,525,115,102,100,b_aelor,barony,b_aelor,c_lilit_pass,castle_holding
163,526,187,41,40,b_lheshayl,barony,b_lheshayl,c_lheshayl,castle_holding
163,527,70,160,162,b_lothia,barony,b_lothia,c_lheshayl,city_holding
198,528,97,128,248,b_murpeth,barony,b_murpeth,c_murpeth,tribal_holding
198,529,87,61,172,b_tulhaspyr,barony,b_tulhaspyr,c_murpeth,city_holding
199,530,125,251,20,b_surkh,barony,b_surkh,c_surkh,castle_holding
199,531,107,166,192,b_ulken,barony,b_ulken,c_surkh,city_holding
194,532,12,128,191,b_nathlekh,barony,b_nathlekh,c_nathlekh,city_holding
194,533,48,163,82,b_kesstar,barony,b_kesstar,c_nathlekh,castle_holding
202,534,196,4,183,b_kens_rise,barony,b_kens_rise,c_long_arm,tribal_holding
202,535,227,168,251,b_port_orlam,barony,b_port_orlam,c_long_arm,castle_holding
569,536,183,47,91,b_kenvale,barony,b_kenvale,c_orbrekhland,tribal_holding
197,537,81,13,237,b_ormath,barony,b_ormath,c_ormath,castle_holding
197,538,235,248,116,b_stessarun,barony,b_stessarun,c_ormath,city_holding
206,539,208,12,214,b_urml,barony,b_urml,c_the_wetwoods,tribal_holding
195,540,227,137,87,b_assam,barony,b_assam,c_assam,city_holding
195,541,206,111,9,b_khearan,barony,b_khearan,c_assam,castle_holding
192,542,121,161,94,b_quarrelshigh,barony,b_quarrelshigh,c_karlyns_vale,tribal_holding
201,543,2,68,2,b_iisilmark,barony,b_iisilmark,c_giants_run,castle_holding
1711,544,119,26,131,b_karmhold,barony,b_karmhold,c_karmsteppe,tribal_holding
193,545,63,62,195,b_qord,barony,b_qord,c_widestep,tribal_holding
1712,546,130,199,235,b_obarval,barony,b_obarval,c_obarval,tribal_holding
204,547,51,61,117,b_fenders_run,barony,b_fenders_run,c_broadfields,tribal_holding
203,548,156,160,149,b_estafern,barony,b_estafern,c_westmark,tribal_holding
1713,549,167,56,218,b_argenmoor,barony,b_argenmoor,c_argenmoor,tribal_holding
584,550,82,71,99,b_rucien_xan,barony,b_rucien_xan,c_rucien_xan,castle_holding
584,551,28,227,183,b_villia,barony,b_villia,c_rucien_xan,city_holding
2533,552,251,43,116,b_thurgabanteth,barony,b_thurgabanteth,c_green_shadows,castle_holding
2533,553,61,101,170,b_tempushrine,barony,b_tempushrine,c_green_shadows,church_holding
595,554,111,190,228,b_sarketh,barony,b_sarketh,c_nearwoods,tribal_holding
594,555,141,246,87,b_holyheart_house,barony,b_holyheart_house,c_satyr_road,tribal_holding
596,556,26,239,126,b_olum,barony,b_olum,c_olum,tribal_holding
597,557,47,126,14,b_illuks,barony,b_illuks,c_illuks,tribal_holding
2436,558,14,155,185,b_iyrandrar,barony,b_iyrandrar,c_iyrandrar,city_holding
598,559,39,43,214,b_adder_point,barony,b_adder_point,c_adder_woods,tribal_holding
599,560,77,147,133,b_velsit,barony,b_velsit,c_velsit,tribal_holding
610,561,223,17,205,b_zams,barony,b_zams,c_zamsgrove,tribal_holding
606,562,164,7,201,b_ormpetarr,barony,b_ormpetarr,c_ormpetarr,castle_holding
606,563,163,159,57,b_xems,barony,b_xems,c_ormpetarr,city_holding
606,564,15,100,46,b_glukharks_delve,barony,b_glukharks_delve,c_ormpetarr,church_holding
606,565,157,58,111,b_tillisetr,barony,b_tillisetr,c_ormpetarr,city_holding
607,566,178,131,142,b_fort_arran,barony,b_fort_arran,c_arran,castle_holding
607,567,252,197,221,b_arranford,barony,b_arranford,c_arran,church_holding
607,568,196,163,136,b_elburh,barony,b_elburh,c_arran,city_holding
1239,569,130,200,234,b_iphlain,barony,b_iphlain,c_naga_plain,tribal_holding
608,570,129,103,149,b_elbulder,barony,b_elbulder,c_elbulder,city_holding
608,571,180,7,7,b_eveshades,barony,b_eveshades,c_elbulder,castle_holding
608,572,115,34,21,b_perlshaw,barony,b_perlshaw,c_elbulder,church_holding
609,573,133,118,204,b_nagaford,barony,b_nagaford,c_golden_road,tribal_holding
1719,574,155,23,110,b_aurinstrat,barony,b_aurinstrat,c_golden_crossing,tribal_holding
547,575,234,139,249,b_torsch,barony,b_torsch,c_torsch,castle_holding
547,576,249,90,117,b_araric,barony,b_araric,c_torsch,city_holding
548,577,56,51,230,b_tolling_hill,barony,b_tolling_hill,c_old_road,tribal_holding
1721,578,8,223,207,b_firepost,barony,b_firepost,c_firesteap_woods,tribal_holding
1720,579,31,121,200,b_eldersvale,barony,b_eldersvale,c_eldergroves,tribal_holding
600,580,224,176,113,b_nagarr,barony,b_nagarr,c_nagarr,city_holding
605,581,92,179,135,b_kurrsh,barony,b_kurrsh,c_kurrsh,city_holding
1129,582,222,235,29,b_thalep,barony,b_thalep,c_nagaflow,tribal_holding
601,583,21,104,110,b_wintercloak_keep,barony,b_wintercloak_keep,c_wintercloak,tribal_holding
208,584,187,228,226,b_nimpeth,barony,b_nimpeth,c_nimpeth,castle_holding
208,585,222,81,216,b_woren,barony,b_woren,c_nimpeth,city_holding
208,586,89,251,99,b_kelgeth,barony,b_kelgeth,c_nimpeth,church_holding
208,587,177,107,116,b_acham,barony,b_acham,c_nimpeth,castle_holding
207,588,239,0,241,b_lachom,barony,b_lachom,c_lachom,city_holding
1199,589,119,4,90,b_mimph,barony,b_mimph,c_mimph,city_holding
1199,590,243,124,213,b_vale_vassara,barony,b_vale_vassara,c_mimph,castle_holding
1199,591,1,89,43,b_emeralda,barony,b_emeralda,c_mimph,castle_holding
602,592,3,68,169,b_misthome,barony,b_misthome,c_north_winterwood,tribal_holding
603,593,20,245,57,b_chestam,barony,b_chestam,c_south_winterwood,tribal_holding
1718,594,4,162,105,b_olyseserin,barony,b_olyseserin,c_misted_court,tribal_holding
441,595,2,98,14,b_mezro,barony,b_mezro,c_mezro,castle_holding
441,596,100,167,163,b_kanu,barony,b_kanu,c_mezro,city_holding
441,597,79,160,246,b_rotheha,barony,b_rotheha,c_mezro,church_holding
441,598,178,115,73,b_nkinge,barony,b_nkinge,c_mezro,castle_holding
441,599,182,242,100,b_deda,barony,b_deda,c_mezro,church_holding
441,600,219,56,125,b_agwux,barony,b_agwux,c_mezro,castle_holding
455,601,209,53,155,b_port_castigliar,barony,b_port_castigliar,c_shatterwave,castle_holding
443,602,185,58,126,b_ataz_muhaha,barony,b_ataz_muhaha,c_talacoast,castle_holding
443,603,233,69,21,b_hastou,barony,b_hastou,c_talacoast,city_holding
443,604,79,158,174,b_kunnya,barony,b_kunnya,c_talacoast,church_holding
452,605,14,35,167,b_port_nyanzaru,barony,b_port_nyanzaru,c_nyanzaru,castle_holding
452,606,27,129,97,b_agwun,barony,b_agwun,c_nyanzaru,castle_holding
452,607,91,202,133,b_babyth,barony,b_babyth,c_nyanzaru,church_holding
454,608,67,199,116,b_olung,barony,b_olung,c_olung,castle_holding
458,609,81,193,83,b_port_beluarian,barony,b_port_beluarian,c_wildstorm_vale,tribal_holding
463,610,3,120,80,b_nangalore,barony,b_nangalore,c_nangalore,tribal_holding
459,611,32,23,156,b_bulobo,barony,b_bulobo,c_bulobo,castle_holding
464,612,224,191,119,b_kir_sabal,barony,b_kir_sabal,c_nsi,castle_holding
464,613,195,192,204,b_edieh,barony,b_edieh,c_nsi,city_holding
461,614,141,27,167,b_jahaka,barony,b_jahaka,c_jahaka_bay,castle_holding
461,615,112,84,153,b_kengabar,barony,b_kengabar,c_jahaka_bay,city_holding
453,616,189,85,242,b_mbala,barony,b_mbala,c_mbala,castle_holding
460,617,134,47,141,b_orolunga,barony,b_orolunga,c_orolunga,tribal_holding
465,618,184,78,243,b_matolo,barony,b_matolo,c_matolo,tribal_holding
456,619,170,123,102,b_aldani,barony,b_aldani,c_aldani_basin,tribal_holding
444,620,61,55,150,b_ishau,barony,b_ishau,c_ishau,tribal_holding
448,621,189,67,60,b_hisari,barony,b_hisari,c_hisari,castle_holding
448,622,152,214,68,b_aggen,barony,b_aggen,c_hisari,city_holding
445,623,242,235,66,b_bindra,barony,b_bindra,c_sapphire_shores,castle_holding
445,624,53,124,148,b_adeoyen,barony,b_adeoyen,c_sapphire_shores,city_holding
446,625,166,154,249,b_chova_step,barony,b_chova_step,c_the_chultengar,castle_holding
1420,626,229,209,107,b_eyrie,barony,b_eyrie,c_pterafolk_eyries,tribal_holding
447,627,152,181,91,b_klossolo,barony,b_klossolo,c_valley_of_dread,tribal_holding
1421,628,85,8,1,b_batiri,barony,b_batiri,c_batiriland,tribal_holding
1566,629,174,15,28,b_omu,barony,b_omu,c_omu,castle_holding
1566,630,38,192,228,b_aataz_yklawzi,barony,b_aataz_yklawzi,c_omu,city_holding
1566,631,116,237,19,b_bibiwe,barony,b_bibiwe,c_omu,church_holding
1566,632,115,69,205,b_biloga,barony,b_biloga,c_omu,castle_holding
1565,633,58,86,85,b_aataz_kahakla,barony,b_aataz_kahakla,c_valley_of_embers,tribal_holding
449,634,251,173,144,b_shilku,barony,b_shilku,c_shilku_bay,castle_holding
449,635,97,113,23,b_jeboye,barony,b_jeboye,c_shilku_bay,city_holding
2128,636,251,103,52,b_hrakhamar,barony,b_hrakhamar,c_hrakhamar,castle_holding
2128,637,17,175,136,b_wyrmheart,barony,b_wyrmheart,c_hrakhamar,church_holding
450,638,77,210,141,b_ataaz_yklwazi,barony,b_ataaz_yklwazi,c_valley_of_lost_honor,castle_holding
451,639,130,51,26,b_kalax,barony,b_kalax,c_couatl_wilds,tribal_holding
462,640,227,254,217,b_belit,barony,b_belit,c_snapping_turtle_bay,tribal_holding
419,641,205,221,9,b_tembasi,barony,b_tembasi,c_tembasi,tribal_holding
457,642,210,135,175,b_pyraxia,barony,b_pyraxia,c_land_of_ash_and_smoke,tribal_holding
392,643,112,222,10,b_samargol,barony,b_samargol,c_samargol,castle_holding
392,644,192,104,181,b_ingress,barony,b_ingress,c_samargol,city_holding
392,645,91,48,26,b_samar_stone,barony,b_samar_stone,c_samargol,church_holding
392,646,192,74,11,b_gemhar,barony,b_gemhar,c_samargol,castle_holding
410,647,126,242,52,b_laas,barony,b_laas,c_laas,tribal_holding
397,648,131,121,84,b_rassatan,barony,b_rassatan,c_rassatan,castle_holding
397,649,3,157,13,b_diboyo,barony,b_diboyo,c_rassatan,city_holding
396,650,83,241,206,b_temmah,barony,b_temmah,c_snout_of_omgar,tribal_holding
442,651,86,254,93,b_samargard,barony,b_samargard,c_the_samarlogh,castle_holding
442,652,243,244,188,b_flatdrift,barony,b_flatdrift,c_the_samarlogh,church_holding
398,653,158,235,200,b_sorl,barony,b_sorl,c_sorl,castle_holding
398,654,178,253,80,b_fairgrasp,barony,b_fairgrasp,c_sorl,city_holding
408,655,21,90,168,b_joums,barony,b_joums,c_joums,castle_holding
408,656,11,82,236,b_degai,barony,b_degai,c_joums,city_holding
409,657,34,243,23,b_soussal,barony,b_soussal,c_soussal,castle_holding
409,658,232,212,237,b_rewold,barony,b_rewold,c_soussal,city_holding
399,659,129,36,121,b_taruin,barony,b_taruin,c_taruin,castle_holding
399,660,50,68,41,b_ash_kaba,barony,b_ash_kaba,c_taruin,church_holding
430,661,103,249,95,b_thindar,barony,b_thindar,c_thindar,city_holding
430,662,159,158,66,b_gurdeth,barony,b_gurdeth,c_thindar,city_holding
430,663,197,174,88,b_buta,barony,b_buta,c_thindar,church_holding
432,664,54,107,108,b_deltar,barony,b_deltar,c_deltar,city_holding
432,665,53,232,25,b_mpashi,barony,b_mpashi,c_deltar,castle_holding
433,666,84,143,91,b_samagard,barony,b_samagard,c_samagard,city_holding
433,667,176,182,110,b_chada,barony,b_chada,c_samagard,castle_holding
416,668,146,249,164,b_narubel,barony,b_narubel,c_narubel,castle_holding
416,669,131,208,86,b_tradewind,barony,b_tradewind,c_narubel,city_holding
418,670,59,240,25,b_ahma,barony,b_ahma,c_ahma,tribal_holding
417,671,172,25,43,b_arabasi,barony,b_arabasi,c_arabalar,castle_holding
417,672,86,29,168,b_ngube,barony,b_ngube,c_arabalar,city_holding
440,673,93,131,4,b_askam,barony,b_askam,c_thingulphar,city_holding
440,674,102,157,119,b_chionga,barony,b_chionga,c_thingulphar,castle_holding
434,675,71,32,103,b_old_lundeth,barony,b_old_lundeth,c_lundeth_bay,city_holding
434,676,87,76,187,b_vestilun,barony,b_vestilun,c_lundeth_bay,city_holding
439,677,84,121,53,b_tchinggult,barony,b_tchinggult,c_tching,castle_holding
439,678,243,239,34,b_heyt,barony,b_heyt,c_tching,city_holding
439,679,52,64,208,b_moba,barony,b_moba,c_tching,church_holding
435,680,233,42,57,b_delselar,barony,b_delselar,c_delselar,city_holding
435,681,41,57,124,b_chiko,barony,b_chiko,c_delselar,city_holding
435,682,86,87,201,b_chamba,barony,b_chamba,c_delselar,church_holding
436,683,168,131,217,b_aztul,barony,b_aztul,c_aztul,castle_holding
436,684,132,217,210,b_bona,barony,b_bona,c_aztul,city_holding
437,685,142,17,143,b_dolselgar,barony,b_dolselgar,c_dolsel_gap,castle_holding
438,686,154,34,38,b_guth,barony,b_guth,c_guth,city_holding
438,687,106,57,87,b_olmfarth,barony,b_olmfarth,c_guth,city_holding
370,688,226,148,98,b_heliogabalus,barony,b_heliogabalus,c_heliogabalus,castle_holding
370,689,246,242,59,b_rosekeep,barony,b_rosekeep,c_heliogabalus,church_holding
369,690,174,167,57,b_withermeet,barony,b_withermeet,c_polten,castle_holding
369,691,101,254,103,b_daleport,barony,b_daleport,c_polten,city_holding
369,692,141,173,45,b_tellerth,barony,b_tellerth,c_polten,church_holding
1577,693,104,165,12,b_halriden,barony,b_halriden,c_poltensmark,castle_holding
363,694,141,8,248,b_ravensburg,barony,b_ravensburg,c_carmathan,castle_holding
363,695,125,225,214,b_vladistone,barony,b_vladistone,c_carmathan,city_holding
371,696,41,223,44,b_praka,barony,b_praka,c_ostel,castle_holding
371,697,187,209,162,b_brotha,barony,b_brotha,c_ostel,city_holding
371,698,185,92,149,b_portith,barony,b_portith,c_ostel,church_holding
1578,699,161,42,49,b_kinbrace,barony,b_kinbrace,c_galena_snake,castle_holding
1578,700,148,2,50,b_kinnery,barony,b_kinnery,c_galena_snake,church_holding
2565,701,97,23,49,b_ironspur,barony,b_ironspur,c_ironspur,castle_holding
2565,702,61,108,209,b_justins_mine,barony,b_justins_mine,c_ironspur,city_holding
2565,703,102,10,169,b_samek,barony,b_samek,c_ironspur,church_holding
365,704,138,251,44,b_helmsdale,barony,b_helmsdale,c_highcountry,castle_holding
368,705,125,151,5,b_rekkavik,barony,b_rekkavik,c_east_soravia,tribal_holding
367,706,178,63,145,b_tokard,barony,b_tokard,c_tokards_cross,tribal_holding
364,707,132,195,236,b_goliad,barony,b_goliad,c_brandiar,castle_holding
364,708,240,3,249,b_omskar,barony,b_omskar,c_brandiar,city_holding
362,709,70,255,66,b_bloodstone,barony,b_bloodstone,c_bloodstone,castle_holding
362,710,209,148,156,b_engsbar,barony,b_engsbar,c_bloodstone,city_holding
361,711,44,144,8,b_ostrav,barony,b_ostrav,c_arcata,castle_holding
361,712,146,229,221,b_valls,barony,b_valls,c_arcata,city_holding
1181,713,32,155,252,b_tomrav,barony,b_tomrav,c_earthwood,castle_holding
266,714,252,134,187,b_zhentil_keep,barony,b_zhentil_keep,c_zhentil_keep,castle_holding
266,715,198,216,139,b_thargate,barony,b_thargate,c_zhentil_keep,city_holding
266,716,253,141,73,b_lone_tower,barony,b_lone_tower,c_zhentil_keep,church_holding
266,717,231,179,28,b_linitra,barony,b_linitra,c_zhentil_keep,castle_holding
341,718,34,183,241,b_valjevo_castle,barony,b_valjevo_castle,c_phlan,castle_holding
341,719,223,159,167,b_phlan,barony,b_phlan,c_phlan,city_holding
341,720,122,148,34,b_sokol_keep,barony,b_sokol_keep,c_phlan,church_holding
267,721,114,0,100,b_yulash,barony,b_yulash,c_yulash,city_holding
267,722,226,15,225,b_maidens_loss,barony,b_maidens_loss,c_yulash,castle_holding
267,723,29,112,27,b_abarats_folly,barony,b_abarats_folly,c_yulash,church_holding
350,724,242,12,172,b_snowmantle,barony,b_snowmantle,c_rystall_wood,city_holding
347,725,190,44,183,b_coniferia,barony,b_coniferia,c_north_rystall,tribal_holding
268,726,64,15,128,b_castle_maalthiir,barony,b_castle_maalthiir,c_hillsfar,castle_holding
268,727,50,77,24,b_hillsfar,barony,b_hillsfar,c_hillsfar,city_holding
268,728,121,133,250,b_tailings_bay,barony,b_tailings_bay,c_hillsfar,church_holding
269,729,203,205,226,b_elventree,barony,b_elventree,c_elventree,castle_holding
269,730,109,137,35,b_halls_of_the_unicorn,barony,b_halls_of_the_unicorn,c_elventree,church_holding
2468,731,12,241,184,b_elmwood,barony,b_elmwood,c_elmwood,city_holding
2468,732,190,0,70,b_littleford,barony,b_littleford,c_elmwood,church_holding
342,733,202,148,121,b_asberyth,barony,b_asberyth,c_melvaunt,church_holding
342,734,220,124,107,b_melvaunt,barony,b_melvaunt,c_melvaunt,city_holding
344,735,44,160,183,b_griffonwatch_keep,barony,b_griffonwatch_keep,c_hulburg,castle_holding
344,736,252,38,53,b_hulburg,barony,b_hulburg,c_hulburg,city_holding
346,737,109,123,32,b_watchlords_tower,barony,b_watchlords_tower,c_thentia,castle_holding
346,738,201,223,148,b_thentia,barony,b_thentia,c_thentia,city_holding
346,739,132,151,138,b_house_of_the_moon,barony,b_house_of_the_moon,c_thentia,church_holding
270,740,67,190,177,b_mulmaster,barony,b_mulmaster,c_mulmaster,city_holding
270,741,114,64,42,b_black_altar,barony,b_black_altar,c_mulmaster,church_holding
270,742,53,161,136,b_tower_of_the_blade,barony,b_tower_of_the_blade,c_mulmaster,castle_holding
383,743,94,243,61,b_fort_dalton,barony,b_fort_dalton,c_daltonsvale,castle_holding
383,744,101,158,184,b_maskyrs_trail,barony,b_maskyrs_trail,c_daltonsvale,tribal_holding
2470,745,159,194,252,b_ironfang_keep,barony,b_ironfang_keep,c_ironfang_keep,castle_holding
2470,746,196,245,167,b_eastwall,barony,b_eastwall,c_ironfang_keep,city_holding
2470,747,206,33,119,b_tel_verinal,barony,b_tel_verinal,c_ironfang_keep,church_holding
343,748,97,16,154,b_sulasspryn,barony,b_sulasspryn,c_galenarr,castle_holding
2350,749,205,70,191,b_mount_wormlook,barony,b_mount_wormlook,c_glacier_of_the_white_worm,tribal_holding
349,750,102,55,71,b_citadel_of_the_raven,barony,b_citadel_of_the_raven,c_citadel_of_the_raven,castle_holding
349,751,43,230,109,b_camnods_cairn,barony,b_camnods_cairn,c_citadel_of_the_raven,city_holding
352,752,149,19,70,b_whitehorn,barony,b_whitehorn,c_whitehorn,city_holding
2467,753,155,119,162,b_verdigris,barony,b_verdigris,c_verdigris,city_holding
2467,754,103,220,74,b_castle_of_the_twins,barony,b_castle_of_the_twins,c_verdigris,castle_holding
351,755,214,240,1,b_ilinvur,barony,b_ilinvur,c_ilinvur,city_holding
351,756,83,167,150,b_aetherglen,barony,b_aetherglen,c_ilinvur,church_holding
351,757,60,84,26,b_verrunmill,barony,b_verrunmill,c_ilinvur,castle_holding
354,758,236,27,113,b_duindelve,barony,b_duindelve,c_barze,tribal_holding
1431,759,236,240,13,b_vercy_hold,barony,b_vercy_hold,c_vercy_wood,tribal_holding
2466,760,215,129,6,b_bridge_of_kin,barony,b_bridge_of_kin,c_pelauvir,tribal_holding
345,761,34,140,99,b_fangjaws_hold,barony,b_fangjaws_hold,c_thar,tribal_holding
2546,762,159,135,17,b_xul_jarak,barony,b_xul_jarak,c_xul_jarak,castle_holding
2546,763,187,66,167,b_gray_citadel,barony,b_gray_citadel,c_xul_jarak,city_holding
348,764,162,204,113,b_hawksroost,barony,b_hawksroost,c_hawksroost,tribal_holding
1584,765,151,19,183,b_glister,barony,b_glister,c_glister,castle_holding
360,766,241,191,254,b_etuabe,barony,b_etuabe,c_mirror_lake,tribal_holding
384,767,85,180,105,b_moortown,barony,b_moortown,c_bottomless_bog,tribal_holding
384,768,177,97,20,b_kond,barony,b_kond,c_bottomless_bog,city_holding
384,769,56,10,239,b_giants_stone,barony,b_giants_stone,c_bottomless_bog,church_holding
358,770,110,207,183,b_granite_tower,barony,b_granite_tower,c_stillmoors,castle_holding
357,771,1,224,104,b_darmshall,barony,b_darmshall,c_darmshall,city_holding
357,772,162,74,64,b_maur_eturo,barony,b_maur_eturo,c_darmshall,castle_holding
357,773,124,156,121,b_nigels_ford,barony,b_nigels_ford,c_darmshall,church_holding
357,774,202,127,29,b_iron_divide,barony,b_iron_divide,c_darmshall,castle_holding
1575,775,192,26,56,b_hillsafar_hall,barony,b_hillsafar_hall,c_haatar_baen,castle_holding
1575,776,128,56,233,b_black_hole,barony,b_black_hole,c_haatar_baen,city_holding
1575,777,6,232,50,b_mt_throndor,barony,b_mt_throndor,c_haatar_baen,church_holding
359,778,212,136,34,b_telos,barony,b_telos,c_cinnabar,city_holding
359,779,115,176,234,b_iron_sky,barony,b_iron_sky,c_cinnabar,castle_holding
359,780,236,37,128,b_cinnabar_wastes,barony,b_cinnabar_wastes,c_cinnabar,castle_holding
359,781,201,26,119,b_dead_mans_bridge,barony,b_dead_mans_bridge,c_cinnabar,church_holding
2554,782,107,154,30,b_castle_perilous,barony,b_castle_perilous,c_perilous,castle_holding
2554,783,70,133,253,b_daerthe,barony,b_daerthe,c_perilous,city_holding
2554,784,157,239,7,b_wings_of_the_queen_reborn,barony,b_wings_of_the_queen_reborn,c_perilous,church_holding
2554,785,141,57,10,b_lugsaas_slopes,barony,b_lugsaas_slopes,c_perilous,tribal_holding
2555,786,59,7,176,b_palischuk,barony,b_palischuk,c_palischuk,city_holding
2555,787,70,32,58,b_ishe,barony,b_ishe,c_palischuk,church_holding
2555,788,53,54,243,b_howling_kupuk,barony,b_howling_kupuk,c_palischuk,castle_holding
2556,789,71,123,241,b_talagbar,barony,b_talagbar,c_talagbar,castle_holding
2556,790,169,9,69,b_the_rock,barony,b_the_rock,c_talagbar,city_holding
1242,791,153,51,88,b_lilinuk,barony,b_lilinuk,c_lilinuk,tribal_holding
1247,792,167,177,42,b_imajuvisik,barony,b_imajuvisik,c_imajuvisik,tribal_holding
1265,793,152,73,20,b_lugotak,barony,b_lugotak,c_lugotak,tribal_holding
1244,794,104,73,217,b_saichik,barony,b_saichik,c_saichik,tribal_holding
1243,795,231,59,58,b_vekkak,barony,b_vekkak,c_vekkak,tribal_holding
1268,796,50,70,223,b_morrowikik,barony,b_morrowikik,c_morrowikik,tribal_holding
1268,797,22,129,141,b_qaini,barony,b_qaini,c_morrowikik,city_holding
1253,798,228,16,99,b_huplik,barony,b_huplik,c_huplik,tribal_holding
1254,799,15,81,128,b_shannath,barony,b_shannath,c_shannath,castle_holding
1266,800,202,152,224,b_ibelgrak,barony,b_ibelgrak,c_ibelgrak,tribal_holding
1251,801,13,1,191,b_utui,barony,b_utui,c_utui,tribal_holding
1252,802,203,169,67,b_igenghack,barony,b_igenghack,c_igenghack,tribal_holding
1256,803,175,211,125,b_wertikak,barony,b_wertikak,c_wertikak,tribal_holding
1258,804,112,85,115,b_jajam,barony,b_jajam,c_jajam,tribal_holding
1245,805,18,68,86,b_hykopgrok,barony,b_hykopgrok,c_hykopgrok,tribal_holding
1267,806,55,225,63,b_ahtitlak,barony,b_ahtitlak,c_ahtitlak,tribal_holding
1267,807,129,35,126,b_takari,barony,b_takari,c_ahtitlak,church_holding
1246,808,208,207,52,b_eghagu,barony,b_eghagu,c_eghagu,tribal_holding
2564,809,164,60,23,b_mount_okk,barony,b_mount_okk,c_okk,church_holding
2564,810,20,1,39,b_ice_castle,barony,b_ice_castle,c_okk,castle_holding
1255,811,115,120,96,b_kresttet,barony,b_kresttet,c_kresttet,tribal_holding
1270,812,146,94,146,b_olyniak,barony,b_olyniak,c_olyniak,tribal_holding
1269,813,37,163,114,b_shakkak,barony,b_shakkak,c_shakkak,tribal_holding
1257,814,183,39,201,b_siksuv,barony,b_siksuv,c_siksuv,tribal_holding
1250,815,18,41,159,b_gomwenk,barony,b_gomwenk,c_gomwenk,tribal_holding
1248,816,6,168,30,b_patatak,barony,b_patatak,c_patatak,tribal_holding
1249,817,200,134,4,b_snokkok,barony,b_snokkok,c_snokkok,tribal_holding
1157,818,109,12,184,b_naupau,barony,b_naupau,c_naupau,castle_holding
1157,819,140,1,226,b_immuyak,barony,b_immuyak,c_naupau,city_holding
1157,820,32,105,230,b_aktokisasaq,barony,b_aktokisasaq,c_naupau,church_holding
1161,821,215,198,74,b_sossvaal,barony,b_sossvaal,c_sossvaal,church_holding
1161,822,199,222,199,b_kainiq,barony,b_kainiq,c_sossvaal,castle_holding
1158,823,16,37,138,b_sundice,barony,b_sundice,c_sundice,castle_holding
1159,824,193,108,166,b_dharvil,barony,b_dharvil,c_dharvil,church_holding
1160,825,112,231,241,b_armridge,barony,b_armridge,c_armridge,church_holding
2515,826,155,159,59,b_dareth_citadel,barony,b_dareth_citadel,c_dareth,tribal_holding
2514,827,145,236,174,b_sundabar_citadel,barony,b_sundabar_citadel,c_mount_sundabar,tribal_holding
2323,828,60,200,40,b_heroes_height,barony,b_heroes_height,c_heroes_height,tribal_holding
1090,829,104,186,224,b_eski,barony,b_eski,c_fields_of_rime,tribal_holding
389,830,71,21,0,b_vangsland,barony,b_vangsland,c_gaethluntar,tribal_holding
390,831,188,96,126,b_wintersburn,barony,b_wintersburn,c_wintersburn,tribal_holding
388,832,134,128,191,b_sunrise_peak,barony,b_sunrise_peak,c_taurax,tribal_holding
1089,833,101,241,167,b_end_of_light,barony,b_end_of_light,c_end_of_light,tribal_holding
1089,834,195,21,140,b_deathpines,barony,b_deathpines,c_end_of_light,city_holding
1788,835,80,243,120,b_deryks_tomb,barony,b_deryks_tomb,c_aurils_end,church_holding
355,836,253,254,155,b_frozen_flindyke,barony,b_frozen_flindyke,c_frozen_flindyke,tribal_holding
2465,837,246,54,47,b_way_of_the_powrie,barony,b_way_of_the_powrie,c_kalterland,tribal_holding
2472,838,32,170,249,b_akkadash,barony,b_akkadash,c_chilled_plain,tribal_holding
2563,839,243,244,172,b_titan_peaks,barony,b_titan_peaks,c_titan_peaks,tribal_holding
386,840,114,84,94,b_bluestone,barony,b_bluestone,c_remorhaz_ride,tribal_holding
1259,841,79,51,67,b_urt,barony,b_urt,c_aurora,tribal_holding
387,842,176,94,177,b_gartthalt,barony,b_gartthalt,c_frozen_forest,tribal_holding
338,843,169,61,187,b_castle_cormanthor,barony,b_castle_cormanthor,c_myth_drannor,castle_holding
338,844,145,109,153,b_cormanthor,barony,b_cormanthor,c_myth_drannor,city_holding
338,845,141,246,131,b_sheshyrinnam,barony,b_sheshyrinnam,c_myth_drannor,church_holding
338,846,173,1,52,b_kerradunath,barony,b_kerradunath,c_myth_drannor,castle_holding
338,847,109,183,142,b_dlabraddath,barony,b_dlabraddath,c_myth_drannor,city_holding
2420,848,213,192,110,b_ihyrennstar,barony,b_ihyrennstar,c_beast_marches,tribal_holding
2420,849,12,77,254,b_garnets_pure,barony,b_garnets_pure,c_beast_marches,church_holding
1155,850,74,244,0,b_greengrove,barony,b_greengrove,c_greentree,tribal_holding
1155,851,152,126,230,b_ushaalnoth,barony,b_ushaalnoth,c_greentree,city_holding
1155,852,103,187,86,b_kerymiir,barony,b_kerymiir,c_greentree,church_holding
1153,853,214,123,186,b_caronal,barony,b_caronal,c_wildergroves,tribal_holding
1153,854,67,248,192,b_trenahess,barony,b_trenahess,c_wildergroves,city_holding
1153,855,187,47,77,b_stareyes,barony,b_stareyes,c_wildergroves,church_holding
335,856,115,173,118,b_elven_court,barony,b_elven_court,c_elven_court,castle_holding
335,857,196,125,171,b_xenphal,barony,b_xenphal,c_elven_court,church_holding
339,858,31,106,134,b_minauthkeep,barony,b_minauthkeep,c_darkwoods,castle_holding
340,859,122,50,64,b_halvans_wood,barony,b_halvans_wood,c_liswood,tribal_holding
336,860,141,187,225,b_the_tangled_trees,barony,b_the_tangled_trees,c_tangled_trees,tribal_holding
336,861,98,159,173,b_gielaph,barony,b_gielaph,c_tangled_trees,castle_holding
2419,862,20,181,144,b_standing_stone,barony,b_standing_stone,c_heartwood,castle_holding
2419,863,18,166,10,b_greatstone,barony,b_greatstone,c_heartwood,city_holding
337,864,35,194,245,b_vale_of_lost_voices,barony,b_vale_of_lost_voices,c_vale_of_lost_voices,tribal_holding
333,865,199,237,203,b_sember,barony,b_sember,c_semberholme,tribal_holding
333,866,216,86,50,b_zulmas,barony,b_zulmas,c_semberholme,city_holding
333,867,89,97,13,b_caer_cadrin,barony,b_caer_cadrin,c_semberholme,church_holding
334,868,90,179,70,b_arauvuddelve,barony,b_arauvuddelve,c_mosstrunks,tribal_holding
334,869,252,6,188,b_the_old_stone,barony,b_the_old_stone,c_mosstrunks,city_holding
1154,870,38,131,59,b_ssrenshen,barony,b_ssrenshen,c_ssrenshen,tribal_holding
2606,871,123,92,237,b_beast_country,barony,b_beast_country,c_beast_country,tribal_holding
372,872,94,221,92,b_finders_keep,barony,b_finders_keep,c_spiderhaunt_woods,castle_holding
372,873,106,116,235,b_stormpenhauder,barony,b_stormpenhauder,c_spiderhaunt_woods,city_holding
275,874,207,75,148,b_highmoon,barony,b_highmoon,c_highmoon,city_holding
275,875,50,64,239,b_bristar,barony,b_bristar,c_highmoon,church_holding
2573,876,219,137,252,b_three_rivers,barony,b_three_rivers,c_three_rivers,city_holding
284,877,168,154,35,b_tegals_mark,barony,b_tegals_mark,c_tegals_mark,castle_holding
284,878,188,251,254,b_the_just_hammer,barony,b_the_just_hammer,c_tegals_mark,church_holding
284,879,224,225,239,b_tasselheart,barony,b_tasselheart,c_tegals_mark,city_holding
2574,880,226,94,11,b_archtassel,barony,b_archtassel,c_archtassel,castle_holding
2574,881,41,29,166,b_moontassel,barony,b_moontassel,c_archtassel,city_holding
277,882,142,66,224,b_harrowdale,barony,b_harrowdale,c_harrowdale,city_holding
277,883,47,144,44,b_two_rocks,barony,b_two_rocks,c_harrowdale,castle_holding
2601,884,157,179,192,b_velarswood,barony,b_velarswood,c_velarswood,city_holding
2601,885,84,9,49,b_harvest_moon,barony,b_harvest_moon,c_velarswood,church_holding
2602,886,98,110,206,b_cold_field,barony,b_cold_field,c_cold_field,castle_holding
282,887,79,164,49,b_twisted_tower,barony,b_twisted_tower,c_shadowdale,castle_holding
282,888,166,110,28,b_shadowdale,barony,b_shadowdale,c_shadowdale,city_holding
282,889,145,118,244,b_elminster_tower,barony,b_elminster_tower,c_shadowdale,castle_holding
2603,890,171,127,126,b_freedale,barony,b_freedale,c_freedale,city_holding
2604,891,212,20,191,b_shadowglade,barony,b_shadowglade,c_shadowglade,city_holding
279,892,154,25,217,b_ashabenford,barony,b_ashabenford,c_ashabenford,city_holding
279,893,223,81,78,b_mistletarn,barony,b_mistletarn,c_ashabenford,castle_holding
279,894,97,132,132,b_the_golden_sheaf,barony,b_the_golden_sheaf,c_ashabenford,church_holding
2607,895,243,157,223,b_peldans_helm,barony,b_peldans_helm,c_barrowfield,city_holding
2607,896,187,80,136,b_oakengrove,barony,b_oakengrove,c_barrowfield,church_holding
272,897,33,167,246,b_essembra,barony,b_essembra,c_essembra,castle_holding
272,898,244,86,184,b_tangled_trees,barony,b_tangled_trees,c_essembra,church_holding
272,899,249,6,6,b_oaknoll,barony,b_oaknoll,c_essembra,city_holding
2608,900,234,54,243,b_hap,barony,b_hap,c_hap,city_holding
2608,901,52,216,26,b_tower_of_dracandros,barony,b_tower_of_dracandros,c_hap,castle_holding
280,902,230,194,154,b_scardale_town,barony,b_scardale_town,c_scardale,castle_holding
280,903,226,53,191,b_scarsdeep,barony,b_scarsdeep,c_scardale,church_holding
280,904,113,182,227,b_scar_harbor,barony,b_scar_harbor,c_scardale,city_holding
2611,905,46,84,181,b_chandlerscross,barony,b_chandlerscross,c_chandlerscross,castle_holding
2611,906,254,15,13,b_wyverns_rift,barony,b_wyverns_rift,c_chandlerscross,castle_holding
2610,907,30,190,25,b_wrights_ferry,barony,b_wrights_ferry,c_wrights_ferry,city_holding
276,908,91,229,75,b_blackfeather_bridge,barony,b_blackfeather_bridge,c_blackfeather_bridge,castle_holding
274,909,78,172,174,b_white_chalk_hollow,barony,b_white_chalk_hollow,c_daggerdale,city_holding
274,910,66,132,24,b_teshmere,barony,b_teshmere,c_daggerdale,castle_holding
274,911,57,126,105,b_dordrien_keep,barony,b_dordrien_keep,c_daggerdale,castle_holding
2612,912,25,71,32,b_castle_daggerdale,barony,b_castle_daggerdale,c_dagger_falls,castle_holding
2612,913,146,101,50,b_dagger_falls,barony,b_dagger_falls,c_dagger_falls,city_holding
285,914,194,162,229,b_teshwave,barony,b_teshwave,c_teshwave,castle_holding
285,915,138,28,61,b_teshwave_manor,barony,b_teshwave_manor,c_teshwave,city_holding
2613,916,87,226,250,b_voonlar,barony,b_voonlar,c_voonlar,city_holding
273,917,20,251,185,b_archenbridge,barony,b_archenbridge,c_archenbridge,castle_holding
273,918,133,229,188,b_ramblecoats,barony,b_ramblecoats,c_archenbridge,city_holding
273,919,174,145,121,b_nairning,barony,b_nairning,c_archenbridge,church_holding
2576,920,228,110,236,b_white_ford,barony,b_white_ford,c_white_ford,city_holding
260,921,133,215,30,b_ordulin,barony,b_ordulin,c_ordulin,city_holding
260,922,107,237,111,b_bower_of_the_lady,barony,b_bower_of_the_lady,c_ordulin,church_holding
260,923,74,230,248,b_ornstar,barony,b_ornstar,c_ordulin,city_holding
2575,924,121,211,156,b_arch_wood,barony,b_arch_wood,c_arch_wood,tribal_holding
278,925,188,23,126,b_highcastle,barony,b_highcastle,c_highcastle,city_holding
278,926,39,118,17,b_dancing_place,barony,b_dancing_place,c_highcastle,church_holding
2577,927,8,113,167,b_hidden_vale,barony,b_hidden_vale,c_hidden_vale,city_holding
281,928,0,212,169,b_sessrenglade,barony,b_sessrenglade,c_sessrenglade,tribal_holding
281,929,184,94,112,b_oversember_vale,barony,b_oversember_vale,c_sessrenglade,city_holding
2572,930,119,52,221,b_tilvers_gap,barony,b_tilvers_gap,c_tilvers_gap,castle_holding
1107,931,14,85,140,b_moonstone_palace,barony,b_moonstone_palace,c_leuthilspar,castle_holding
1107,932,49,54,140,b_leuthilspar,barony,b_leuthilspar,c_leuthilspar,city_holding
1107,933,79,82,208,b_temple_of_the_seldarine,barony,b_temple_of_the_seldarine,c_leuthilspar,church_holding
1107,934,104,164,91,b_the_glade,barony,b_the_glade,c_leuthilspar,castle_holding
1107,935,185,221,108,b_sunstone_common,barony,b_sunstone_common,c_leuthilspar,city_holding
1117,936,6,114,97,b_helespa,barony,b_helespa,c_eagle_hills,castle_holding
1117,937,77,0,239,b_uadinsa,barony,b_uadinsa,c_eagle_hills,city_holding
1143,938,136,53,72,b_summer_palace,barony,b_summer_palace,c_shaelyn,castle_holding
1143,939,119,240,83,b_shaelynsrun,barony,b_shaelynsrun,c_shaelyn,city_holding
1143,940,198,179,112,b_yessael,barony,b_yessael,c_shaelyn,church_holding
1116,941,201,63,143,b_everantha,barony,b_everantha,c_silver_hills,castle_holding
1116,942,52,136,236,b_tyathalael,barony,b_tyathalael,c_silver_hills,city_holding
1116,943,106,3,125,b_fyfe_ortheiad,barony,b_fyfe_ortheiad,c_silver_hills,church_holding
1113,944,119,18,243,b_lighthouse_keep,barony,b_lighthouse_keep,c_ruith,castle_holding
1113,945,118,119,135,b_ruith,barony,b_ruith,c_ruith,city_holding
1113,946,40,216,102,b_the_thousand_trees,barony,b_the_thousand_trees,c_ruith,church_holding
1119,947,207,193,50,b_corellons_grove,barony,b_corellons_grove,c_corellons_grove,castle_holding
1119,948,189,239,35,b_lynrion,barony,b_lynrion,c_corellons_grove,city_holding
1119,949,60,81,90,b_nythle_serin,barony,b_nythle_serin,c_corellons_grove,church_holding
1118,950,197,59,46,b_craulnober_keep,barony,b_craulnober_keep,c_elion,castle_holding
1118,951,82,16,216,b_elion,barony,b_elion,c_elion,city_holding
1115,952,97,187,152,b_taltempla,barony,b_taltempla,c_taltempla,castle_holding
1115,953,153,196,102,b_grove_of_the_four_winds,barony,b_grove_of_the_four_winds,c_taltempla,church_holding
1115,954,67,199,29,b_the_green_paths,barony,b_the_green_paths,c_taltempla,city_holding
1111,955,82,241,69,b_drelagara,barony,b_drelagara,c_drelagara,tribal_holding
1205,956,45,172,226,b_othars_hand,barony,b_othars_hand,c_othars_hand,castle_holding
1205,957,44,129,165,b_thilvetheas,barony,b_thilvetheas,c_othars_hand,city_holding
1205,958,120,75,213,b_springshadow,barony,b_springshadow,c_othars_hand,church_holding
1108,959,60,102,204,b_siiluth_keep,barony,b_siiluth_keep,c_siiluth,castle_holding
1108,960,82,40,92,b_nyfh,barony,b_nyfh,c_siiluth,city_holding
1108,961,183,155,162,b_esela,barony,b_esela,c_siiluth,church_holding
1108,962,23,114,16,b_minarisa,barony,b_minarisa,c_siiluth,castle_holding
1110,963,117,116,236,b_sumbrar,barony,b_sumbrar,c_sumbrar,castle_holding
1120,964,231,140,165,b_araksa,barony,b_araksa,c_araksa,castle_holding
1112,965,166,206,230,b_belintholme,barony,b_belintholme,c_belintholme,castle_holding
1109,966,239,1,60,b_nimlith,barony,b_nimlith,c_nimlith,castle_holding
1109,967,226,255,76,b_jave_alari,barony,b_jave_alari,c_nimlith,city_holding
1109,968,184,231,143,b_alens,barony,b_alens,c_nimlith,church_holding
1204,969,172,29,152,b_haelev,barony,b_haelev,c_haelwood,castle_holding
1204,970,93,88,218,b_onorar,barony,b_onorar,c_haelwood,city_holding
1204,971,107,54,166,b_afen_allanar,barony,b_afen_allanar,c_haelwood,church_holding
1114,972,126,238,179,b_farmeadows,barony,b_farmeadows,c_the_farmeadows,castle_holding
1114,973,141,131,159,b_ullhonoris,barony,b_ullhonoris,c_the_farmeadows,city_holding
249,974,30,85,138,b_azoun_palace,barony,b_azoun_palace,c_suzail,castle_holding
249,975,171,136,237,b_suzail,barony,b_suzail,c_suzail,city_holding
249,976,239,156,223,b_hilp,barony,b_hilp,c_suzail,church_holding
249,977,87,235,94,b_jesters_green,barony,b_jesters_green,c_suzail,castle_holding
250,978,237,137,150,b_wheloon,barony,b_wheloon,c_wyvernwater,city_holding
250,979,192,104,141,b_redstone,barony,b_redstone,c_wyvernwater,castle_holding
250,980,63,98,24,b_immersea,barony,b_immersea,c_wyvernwater,church_holding
255,981,82,240,125,b_warmshores,barony,b_warmshores,c_warmshores,castle_holding
255,982,26,61,41,b_zundle,barony,b_zundle,c_warmshores,city_holding
301,983,239,91,105,b_waymoot,barony,b_waymoot,c_kings_forest,castle_holding
301,984,62,187,198,b_stag_steads,barony,b_stag_steads,c_kings_forest,city_holding
252,985,69,123,216,b_marsember,barony,b_marsember,c_marsember,city_holding
252,986,159,239,47,b_sharmran_isle,barony,b_sharmran_isle,c_marsember,church_holding
252,987,92,32,244,b_antanmarans_isle,barony,b_antanmarans_isle,c_marsember,castle_holding
252,988,116,8,196,b_kings_tower,barony,b_kings_tower,c_marsember,castle_holding
254,989,63,124,207,b_dawngleam,barony,b_dawngleam,c_dawngleam,castle_holding
254,990,73,68,15,b_kirinwood,barony,b_kirinwood,c_dawngleam,city_holding
478,991,181,245,10,b_monksblade,barony,b_monksblade,c_monksblade,castle_holding
478,992,108,240,247,b_juniril,barony,b_juniril,c_monksblade,city_holding
332,993,96,243,248,b_thunderstone,barony,b_thunderstone,c_thunderstone,castle_holding
332,994,224,79,86,b_besert,barony,b_besert,c_thunderstone,city_holding
332,995,235,4,94,b_ghars,barony,b_ghars,c_thunderstone,church_holding
1564,996,193,223,171,b_lost_refuge,barony,b_lost_refuge,c_vast_swamp,tribal_holding
1391,997,4,180,71,b_thunderlun,barony,b_thunderlun,c_thunder_gap,castle_holding
1391,998,109,111,94,b_volkumburgh,barony,b_volkumburgh,c_thunder_gap,city_holding
329,999,11,112,171,b_tethgard,barony,b_tethgard,c_hullack_forest,castle_holding
329,1000,9,85,11,b_wyvernstones,barony,b_wyvernstones,c_hullack_forest,city_holding
466,1001,10,147,48,b_hillmarch,barony,b_hillmarch,c_immerflow,castle_holding
466,1002,57,68,120,b_masoners_bridge,barony,b_masoners_bridge,c_immerflow,city_holding
253,1003,134,155,67,b_the_citadel,barony,b_the_citadel,c_arabel,castle_holding
253,1004,162,220,216,b_arabel,barony,b_arabel,c_arabel,city_holding
253,1005,133,206,234,b_the_ladys_hall,barony,b_the_ladys_hall,c_arabel,church_holding
253,1006,168,26,119,b_yeoman_bridge,barony,b_yeoman_bridge,c_arabel,castle_holding
331,1007,12,55,114,b_castle_kilgrave,barony,b_castle_kilgrave,c_redspring,castle_holding
331,1008,138,172,227,b_castle_crag,barony,b_castle_crag,c_redspring,castle_holding
331,1009,175,225,121,b_redspring,barony,b_redspring,c_redspring,church_holding
251,1010,91,199,56,b_eveningstar,barony,b_eveningstar,c_eveningstar,castle_holding
251,1011,140,17,98,b_espar,barony,b_espar,c_eveningstar,city_holding
251,1012,202,24,254,b_tyrluk,barony,b_tyrluk,c_eveningstar,church_holding
251,1013,216,195,239,b_harkstead,barony,b_harkstead,c_eveningstar,castle_holding
2516,1014,94,253,201,b_high_horn,barony,b_high_horn,c_high_horn,castle_holding
2516,1015,204,125,58,b_huthduth,barony,b_huthduth,c_high_horn,church_holding
286,1016,13,243,220,b_skull_crag,barony,b_skull_crag,c_storm_horns,castle_holding
286,1017,240,253,44,b_greatgaunt,barony,b_greatgaunt,c_storm_horns,city_holding
400,1018,67,231,206,b_lyrabar,barony,b_lyrabar,c_lyrabar,castle_holding
400,1019,228,150,219,b_moranay,barony,b_moranay,c_lyrabar,city_holding
400,1020,3,204,9,b_bertiholm,barony,b_bertiholm,c_lyrabar,church_holding
1585,1021,251,124,90,b_hlammach,barony,b_hlammach,c_hlammach,castle_holding
1585,1022,54,135,197,b_amgoth,barony,b_amgoth,c_hlammach,city_holding
1585,1023,55,72,68,b_pick_and_axe,barony,b_pick_and_axe,c_hlammach,church_holding
391,1024,212,63,122,b_dilpur,barony,b_dilpur,c_dilpur,castle_holding
391,1025,86,179,237,b_red_bluffs,barony,b_red_bluffs,c_dilpur,city_holding
407,1026,68,193,97,b_songhal,barony,b_songhal,c_songhal,castle_holding
407,1027,131,7,142,b_filfur,barony,b_filfur,c_songhal,church_holding
2537,1028,116,210,239,b_dun_orthass,barony,b_dun_orthass,c_dun_orthass,castle_holding
401,1029,99,153,243,b_ilmwatch,barony,b_ilmwatch,c_ilmwatch,castle_holding
401,1030,194,135,192,b_cairnpur,barony,b_cairnpur,c_ilmwatch,city_holding
401,1031,170,34,42,b_maracath,barony,b_maracath,c_ilmwatch,church_holding
393,1032,247,15,164,b_baytown,barony,b_baytown,c_lenchvale,castle_holding
393,1033,226,135,236,b_lenchford,barony,b_lenchford,c_lenchvale,city_holding
394,1034,37,10,53,b_maracrath,barony,b_maracrath,c_soleineflow,castle_holding
394,1035,56,249,36,b_guidodale,barony,b_guidodale,c_soleineflow,city_holding
403,1036,134,175,157,b_sarshel,barony,b_sarshel,c_sarshel,castle_holding
403,1037,204,170,106,b_thelnam,barony,b_thelnam,c_sarshel,city_holding
403,1038,132,157,199,b_arns_cove,barony,b_arns_cove,c_sarshel,church_holding
405,1039,188,97,5,b_laviguer,barony,b_laviguer,c_laviguer,castle_holding
402,1040,136,154,76,b_three_horns,barony,b_three_horns,c_three_horns,castle_holding
402,1041,135,184,75,b_borgars_mill,barony,b_borgars_mill,c_three_horns,city_holding
1580,1042,51,108,142,b_mal,barony,b_mal,c_middenlands,castle_holding
1580,1043,56,39,64,b_black_rose,barony,b_black_rose,c_middenlands,church_holding
406,1044,112,104,112,b_uphold,barony,b_uphold,c_uplands,castle_holding
406,1045,173,154,108,b_ithfel,barony,b_ithfel,c_uplands,city_holding
1024,1046,235,171,190,b_velprintalar,barony,b_velprintalar,c_velprintalar,castle_holding
1024,1047,138,250,120,b_findar,barony,b_findar,c_velprintalar,city_holding
1024,1048,2,182,221,b_corth,barony,b_corth,c_velprintalar,church_holding
1024,1049,235,38,200,b_tahirba,barony,b_tahirba,c_velprintalar,castle_holding
1026,1050,229,150,138,b_orithar,barony,b_orithar,c_orithar,castle_holding
1026,1051,113,44,221,b_dahst,barony,b_dahst,c_orithar,city_holding
1026,1052,145,82,207,b_furthinghome,barony,b_furthinghome,c_orithar,church_holding
1027,1053,220,215,144,b_urve,barony,b_urve,c_urve,castle_holding
1027,1054,5,137,109,b_urst,barony,b_urst,c_urve,city_holding
1028,1055,210,65,20,b_emmech,barony,b_emmech,c_emmech,castle_holding
1028,1056,17,63,173,b_viedana,barony,b_viedana,c_emmech,city_holding
1025,1057,32,98,186,b_dlusk,barony,b_dlusk,c_dlusk,castle_holding
1025,1058,73,190,22,b_mesring,barony,b_mesring,c_dlusk,city_holding
1427,1059,55,75,44,b_thayguard,barony,b_thayguard,c_watchwall,castle_holding
1427,1060,172,204,103,b_glarondar,barony,b_glarondar,c_watchwall,castle_holding
2437,1061,124,132,6,b_royal_hall,barony,b_royal_hall,c_relkaths_foot,castle_holding
2437,1062,114,159,68,b_relkaths_foot,barony,b_relkaths_foot,c_relkaths_foot,city_holding
2437,1063,141,178,112,b_house_of_the_leaflord,barony,b_house_of_the_leaflord,c_relkaths_foot,church_holding
1241,1064,147,217,107,b_sunglade,barony,b_sunglade,c_sunglade,castle_holding
1057,1065,80,135,158,b_yuirin,barony,b_yuirin,c_yuirwood,castle_holding
1057,1066,94,233,62,b_caer_malla,barony,b_caer_malla,c_yuirwood,city_holding
1057,1067,140,122,241,b_enens,barony,b_enens,c_yuirwood,church_holding
1134,1068,155,25,190,b_badest,barony,b_badest,c_isle_of_prespur,castle_holding
1137,1069,29,156,36,b_alphar,barony,b_alphar,c_alphar_and_kelthan,castle_holding
1136,1070,221,216,157,b_immurks_hold,barony,b_immurks_hold,c_dragonisle,castle_holding
1138,1071,87,55,187,b_harnor,barony,b_harnor,c_the_jaws,castle_holding
1146,1072,233,141,101,b_kelpar,barony,b_kelpar,c_the_wayrock,tribal_holding
1135,1073,183,37,27,b_sthega,barony,b_sthega,c_whamite_isles,castle_holding
190,1074,125,200,227,b_crownhall,barony,b_crownhall,c_westgate,castle_holding
190,1075,125,240,194,b_westgate,barony,b_westgate,c_westgate,city_holding
190,1076,139,109,115,b_tidetown,barony,b_tidetown,c_westgate,city_holding
190,1077,221,39,7,b_spirestone,barony,b_spirestone,c_westgate,church_holding
190,1078,144,192,140,b_westarend,barony,b_westarend,c_westgate,castle_holding
1227,1079,39,165,87,b_karsus_keep,barony,b_karsus_keep,c_traders_road,castle_holding
1227,1080,73,126,170,b_smugglers_bank,barony,b_smugglers_bank,c_traders_road,city_holding
189,1081,144,79,51,b_redwater,barony,b_redwater,c_redwater_dale,castle_holding
185,1082,84,137,198,b_moonstorm_house,barony,b_moonstorm_house,c_elversult,castle_holding
185,1083,158,140,119,b_elversult,barony,b_elversult,c_elversult,city_holding
185,1084,194,34,141,b_temple_hill,barony,b_temple_hill,c_elversult,church_holding
185,1085,218,67,245,b_the_fair,barony,b_the_fair,c_elversult,city_holding
1430,1086,108,216,92,b_ilipur,barony,b_ilipur,c_ilipur,city_holding
1430,1087,242,232,74,b_bloodtower,barony,b_bloodtower,c_ilipur,castle_holding
186,1088,95,3,229,b_priapurl,barony,b_priapurl,c_priapurl,castle_holding
186,1089,166,123,179,b_mindulgulph,barony,b_mindulgulph,c_priapurl,castle_holding
184,1090,40,31,108,b_proskur,barony,b_proskur,c_proskur,city_holding
184,1091,209,128,81,b_illimpakh,barony,b_illimpakh,c_proskur,castle_holding
570,1092,14,31,57,b_cedarsproke,barony,b_cedarsproke,c_cedarvale,church_holding
572,1093,70,86,26,b_tanglefoot,barony,b_tanglefoot,c_eastgulth,church_holding
571,1094,85,100,235,b_gurnth,barony,b_gurnth,c_westgulth,church_holding
1714,1095,151,109,90,b_little_orbrekh,barony,b_little_orbrekh,c_orbrekh_hills,tribal_holding
187,1096,96,164,176,b_teziir,barony,b_teziir,c_teziir,city_holding
187,1097,105,253,141,b_daragang,barony,b_daragang,c_teziir,castle_holding
187,1098,193,88,127,b_noum,barony,b_noum,c_teziir,church_holding
188,1099,242,206,79,b_reddansyr,barony,b_reddansyr,c_reddansyr,city_holding
2409,1100,120,140,113,b_wyrms_hamlet,barony,b_wyrms_hamlet,c_upper_reddan,city_holding
191,1101,49,216,29,b_starmantle,barony,b_starmantle,c_starmantle,city_holding
191,1102,184,199,80,b_vamars_tower,barony,b_vamars_tower,c_starmantle,castle_holding
191,1103,199,240,86,b_inske,barony,b_inske,c_starmantle,church_holding
303,1104,19,204,173,b_amry,barony,b_amry,c_amry,castle_holding
303,1105,238,90,169,b_strestead,barony,b_strestead,c_amry,city_holding
248,1106,37,233,222,b_telpir,barony,b_telpir,c_telpir,city_holding
248,1107,66,246,127,b_st_caham,barony,b_st_caham,c_telpir,church_holding
262,1108,212,164,159,b_tantras,barony,b_tantras,c_tantras,city_holding
262,1109,254,207,217,b_house_of_glory,barony,b_house_of_glory,c_tantras,church_holding
262,1110,41,211,48,b_orlimmin,barony,b_orlimmin,c_tantras,castle_holding
262,1111,119,25,211,b_highbank_forest,barony,b_highbank_forest,c_tantras,city_holding
264,1112,33,58,18,b_fortress_of_the_five_vultures,barony,b_fortress_of_the_five_vultures,c_calaunt,castle_holding
264,1113,59,190,218,b_calaunt,barony,b_calaunt,c_calaunt,city_holding
264,1114,189,224,63,b_moonsilver_house,barony,b_moonsilver_house,c_calaunt,church_holding
263,1115,252,48,239,b_ravendark_castle,barony,b_ravendark_castle,c_ravens_bluff,castle_holding
263,1116,91,102,223,b_altarside,barony,b_altarside,c_ravens_bluff,church_holding
263,1117,51,194,160,b_bitterstone,barony,b_bitterstone,c_ravens_bluff,city_holding
263,1118,117,226,83,b_seaglimpse,barony,b_seaglimpse,c_ravens_bluff,castle_holding
381,1119,69,2,90,b_hlintar,barony,b_hlintar,c_hlintar,city_holding
379,1120,249,190,255,b_dragon_falls,barony,b_dragon_falls,c_fire_river,castle_holding
379,1121,252,49,181,b_goldenford,barony,b_goldenford,c_fire_river,city_holding
265,1122,119,94,131,b_procampur,barony,b_procampur,c_procampur,castle_holding
265,1123,2,61,212,b_maerstar,barony,b_maerstar,c_procampur,church_holding
1202,1124,33,245,117,b_caerenvalt,barony,b_caerenvalt,c_grey_wood,tribal_holding
404,1125,20,69,104,b_tsurlagol,barony,b_tsurlagol,c_tsurlagol,city_holding
404,1126,23,146,106,b_sevencho,barony,b_sevencho,c_tsurlagol,castle_holding
404,1127,150,84,84,b_graypike,barony,b_graypike,c_tsurlagol,church_holding
1582,1128,78,187,32,b_duras_vale,barony,b_duras_vale,c_brynwood,tribal_holding
380,1129,154,238,205,b_kings_reach,barony,b_kings_reach,c_kings_reach,castle_holding
380,1130,105,83,4,b_swords_pool,barony,b_swords_pool,c_kings_reach,city_holding
1581,1131,16,175,86,b_karon,barony,b_karon,c_karondar,tribal_holding
1569,1132,107,234,81,b_earthfast,barony,b_earthfast,c_earthfast,castle_holding
1569,1133,111,207,35,b_halrunedar,barony,b_halrunedar,c_earthfast,city_holding
271,1134,162,94,126,b_ylraphon,barony,b_ylraphon,c_ylraphon,city_holding
271,1135,168,99,97,b_tavilar,barony,b_tavilar,c_ylraphon,castle_holding
382,1136,245,70,36,b_kurth,barony,b_kurth,c_kurth,castle_holding
382,1137,160,163,133,b_maskyrs_eye,barony,b_maskyrs_eye,c_kurth,city_holding
2471,1138,231,105,164,b_hollow_mountain,barony,b_hollow_mountain,c_hollow_mountain,tribal_holding
2471,1139,233,235,79,b_deepfires,barony,b_deepfires,c_hollow_mountain,castle_holding
2471,1140,127,81,218,b_glimmering_swords,barony,b_glimmering_swords,c_hollow_mountain,castle_holding
256,1141,46,52,42,b_selgaunt,barony,b_selgaunt,c_selgaunt,city_holding
256,1142,12,168,179,b_palace_of_the_hulorn,barony,b_palace_of_the_hulorn,c_selgaunt,castle_holding
256,1143,112,235,181,b_the_high_bridge,barony,b_the_high_bridge,c_selgaunt,city_holding
256,1144,213,138,0,b_oxblood,barony,b_oxblood,c_selgaunt,city_holding
256,1145,149,99,194,b_firehairs_house,barony,b_firehairs_house,c_selgaunt,church_holding
258,1146,7,212,177,b_saerloon,barony,b_saerloon,c_saerloon,city_holding
258,1147,136,118,14,b_dolphin_market,barony,b_dolphin_market,c_saerloon,city_holding
258,1148,114,45,135,b_house_of_the_high_one,barony,b_house_of_the_high_one,c_saerloon,church_holding
258,1149,2,138,59,b_aria,barony,b_aria,c_saerloon,castle_holding
304,1150,76,153,90,b_mulhessen,barony,b_mulhessen,c_mulhessen,city_holding
304,1151,190,114,244,b_olturret,barony,b_olturret,c_mulhessen,city_holding
2421,1152,115,162,113,b_saerb,barony,b_saerb,c_saerb,city_holding
2421,1153,238,36,212,b_fairhaven,barony,b_fairhaven,c_saerb,city_holding
259,1154,46,146,27,b_daerlun,barony,b_daerlun,c_daerlun,city_holding
259,1155,183,58,28,b_bergun_hall,barony,b_bergun_hall,c_daerlun,city_holding
259,1156,114,219,227,b_house_of_firehair,barony,b_house_of_firehair,c_daerlun,church_holding
259,1157,70,210,136,b_griffonfang_bridge,barony,b_griffonfang_bridge,c_daerlun,castle_holding
327,1158,33,32,160,b_huddagh,barony,b_huddagh,c_huddagh,city_holding
327,1159,253,42,179,b_halfknot,barony,b_halfknot,c_huddagh,castle_holding
327,1160,55,211,169,b_kulta,barony,b_kulta,c_huddagh,church_holding
257,1161,101,185,108,b_urmlaspyr,barony,b_urmlaspyr,c_urmlaspyr,city_holding
257,1162,185,164,27,b_waham,barony,b_waham,c_urmlaspyr,city_holding
257,1163,227,94,61,b_sentry_hill,barony,b_sentry_hill,c_urmlaspyr,church_holding
2418,1164,90,153,45,b_nolin,barony,b_nolin,c_nolin,city_holding
2418,1165,21,37,134,b_jarliel,barony,b_jarliel,c_nolin,city_holding
261,1166,15,172,75,b_roadkeep,barony,b_roadkeep,c_yhaunn,castle_holding
261,1167,166,120,131,b_yhaunn,barony,b_yhaunn,c_yhaunn,city_holding
261,1168,234,168,199,b_moonshadow_hall,barony,b_moonshadow_hall,c_yhaunn,church_holding
261,1169,46,185,50,b_stiltways,barony,b_stiltways,c_yhaunn,city_holding
1206,1170,157,201,24,b_prensak,barony,b_prensak,c_aluivyn,city_holding
1206,1171,196,24,49,b_obbles,barony,b_obbles,c_aluivyn,city_holding
1206,1172,71,27,137,b_chimish,barony,b_chimish,c_aluivyn,church_holding
231,1173,58,242,219,b_tulbegh,barony,b_tulbegh,c_tulbeghoth,city_holding
231,1174,216,251,36,b_highpoint,barony,b_highpoint,c_tulbeghoth,castle_holding
748,1175,163,129,5,b_klionna,barony,b_klionna,c_klionna,castle_holding
748,1176,45,41,173,b_chavyondat,barony,b_chavyondat,c_klionna,city_holding
748,1177,206,193,253,b_tammat,barony,b_tammat,c_klionna,church_holding
748,1178,144,69,50,b_helshagar,barony,b_helshagar,c_klionna,castle_holding
734,1179,16,179,5,b_gapure,barony,b_gapure,c_kingshore,castle_holding
734,1180,115,177,6,b_nerahu,barony,b_nerahu,c_kingshore,city_holding
1125,1181,69,241,187,b_white_rocks,barony,b_white_rocks,c_the_white_rocks,castle_holding
1212,1182,151,187,162,b_zabbasz,barony,b_zabbasz,c_zabbasz,castle_holding
1212,1183,178,103,27,b_perambapur,barony,b_perambapur,c_zabbasz,city_holding
1212,1184,223,117,234,b_hurambash,barony,b_hurambash,c_zabbasz,church_holding
749,1185,164,79,90,b_ulara,barony,b_ulara,c_ulara,castle_holding
749,1186,164,236,107,b_thancha,barony,b_thancha,c_ulara,city_holding
751,1187,253,118,104,b_gafolh,barony,b_gafolh,c_envarl,castle_holding
751,1188,12,157,117,b_mangori,barony,b_mangori,c_envarl,city_holding
752,1189,105,125,16,b_gundar_kanga,barony,b_gundar_kanga,c_gundar_forest,castle_holding
750,1190,104,181,138,b_rastaal,barony,b_rastaal,c_rastaal,castle_holding
771,1191,193,255,164,b_heldapan,barony,b_heldapan,c_heldar,city_holding
771,1192,157,60,232,b_seldazar,barony,b_seldazar,c_heldar,castle_holding
771,1193,103,253,178,b_agankmu,barony,b_agankmu,c_heldar,church_holding
771,1194,85,22,12,b_ramumbua,barony,b_ramumbua,c_heldar,castle_holding
771,1195,232,245,156,b_sradiga,barony,b_sradiga,c_heldar,city_holding
765,1196,142,132,119,b_huorm,barony,b_huorm,c_adamas_tooth,city_holding
765,1197,189,62,204,b_mulur,barony,b_mulur,c_adamas_tooth,castle_holding
767,1198,227,197,200,b_orpher,barony,b_orpher,c_orpher,city_holding
767,1199,228,163,51,b_vurpar,barony,b_vurpar,c_orpher,castle_holding
766,1200,236,158,190,b_sezilinta,barony,b_sezilinta,c_sezilinta,city_holding
766,1201,62,41,225,b_ssundyl,barony,b_ssundyl,c_sezilinta,castle_holding
766,1202,2,40,208,b_narba,barony,b_narba,c_sezilinta,church_holding
770,1203,129,21,231,b_bralizzar,barony,b_bralizzar,c_dustwall,tribal_holding
1790,1204,13,54,135,b_delrune,barony,b_delrune,c_delrune,tribal_holding
1145,1205,172,66,187,b_thommardale,barony,b_thommardale,c_thommar,castle_holding
1145,1206,204,239,243,b_ahatk,barony,b_ahatk,c_thommar,city_holding
774,1207,164,35,73,b_morvar,barony,b_morvar,c_morvar,city_holding
774,1208,34,40,178,b_carmuel,barony,b_carmuel,c_morvar,castle_holding
774,1209,14,184,114,b_fasianad,barony,b_fasianad,c_morvar,church_holding
775,1210,196,167,238,b_orodan,barony,b_orodan,c_ajmer_forest,tribal_holding
776,1211,238,53,75,b_protain,barony,b_protain,c_protain,city_holding
776,1212,215,235,226,b_vanamu,barony,b_vanamu,c_protain,castle_holding
773,1213,81,153,193,b_sandsrun,barony,b_sandsrun,c_sandsrun,city_holding
773,1214,209,150,61,b_pharsul,barony,b_pharsul,c_sandsrun,castle_holding
2552,1215,186,165,76,b_saekolath,barony,b_saekolath,c_saekolath,castle_holding
2552,1216,123,152,105,b_place_of_shade,barony,b_place_of_shade,c_saekolath,church_holding
2552,1217,242,35,113,b_vinetrunks,barony,b_vinetrunks,c_saekolath,city_holding
764,1218,33,87,78,b_vaelan,barony,b_vaelan,c_vaelan,city_holding
764,1219,225,100,132,b_assur,barony,b_assur,c_vaelan,castle_holding
764,1220,36,164,205,b_atarem,barony,b_atarem,c_vaelan,church_holding
772,1221,59,78,29,b_durgach,barony,b_durgach,c_durgach,castle_holding
772,1222,68,101,45,b_gust,barony,b_gust,c_durgach,city_holding
769,1223,54,53,173,b_ormpe,barony,b_ormpe,c_ormpe,city_holding
769,1224,144,120,118,b_muramba,barony,b_muramba,c_ormpe,castle_holding
769,1225,35,19,149,b_chanyist,barony,b_chanyist,c_ormpe,church_holding
768,1226,163,134,17,b_turelve,barony,b_turelve,c_turelve,city_holding
768,1227,89,143,168,b_atalans,barony,b_atalans,c_turelve,castle_holding
1069,1228,198,173,27,b_terbakar,barony,b_terbakar,c_terbakar,castle_holding
1075,1229,107,179,247,b_al_qahera,barony,b_al_qahera,c_al_qahera,castle_holding
1075,1230,149,134,49,b_atao,barony,b_atao,c_al_qahera,city_holding
1075,1231,36,0,196,b_abaghajin,barony,b_abaghajin,c_al_qahera,church_holding
1076,1232,237,160,27,b_pazar,barony,b_pazar,c_pazar,tribal_holding
1076,1233,116,20,49,b_sule,barony,b_sule,c_pazar,city_holding
1128,1234,17,208,90,b_carthag,barony,b_carthag,c_phoenix,tribal_holding
1128,1235,242,66,56,b_akhir,barony,b_akhir,c_phoenix,city_holding
724,1236,123,32,91,b_acks,barony,b_acks,c_fuirgar,castle_holding
724,1237,118,85,102,b_telser,barony,b_telser,c_fuirgar,city_holding
724,1238,205,115,150,b_vasherjar,barony,b_vasherjar,c_fuirgar,church_holding
725,1239,27,141,184,b_nezras,barony,b_nezras,c_nezras,castle_holding
556,1240,74,155,129,b_hundred_spears,barony,b_hundred_spears,c_hundred_spears,tribal_holding
1079,1241,237,27,71,b_imroley,barony,b_imroley,c_imroley,castle_holding
1080,1242,25,244,171,b_maskana,barony,b_maskana,c_maskana,tribal_holding
1071,1243,55,11,213,b_jab,barony,b_jab,c_jab,church_holding
1083,1244,135,215,123,b_chiem,barony,b_chiem,c_chiem,castle_holding
1084,1245,154,7,62,b_peskar,barony,b_peskar,c_peskar,tribal_holding
1758,1246,145,4,192,b_akararbasa,barony,b_akararbasa,c_akararbasa,tribal_holding
1078,1247,230,186,193,b_khuld,barony,b_khuld,c_khuld,tribal_holding
1078,1248,172,255,173,b_muinach,barony,b_muinach,c_khuld,church_holding
1087,1249,174,182,25,b_tower_of_the_talon,barony,b_tower_of_the_talon,c_plain_of_the_talon,tribal_holding
1088,1250,168,54,182,b_rauder,barony,b_rauder,c_rauder,castle_holding
1757,1251,12,152,12,b_ket_bel,barony,b_ket_bel,c_ket_bel,tribal_holding
1077,1252,139,239,86,b_solon,barony,b_solon,c_solon,castle_holding
1077,1253,201,228,114,b_salarijab,barony,b_salarijab,c_solon,city_holding
1077,1254,245,78,112,b_tatsalarana,barony,b_tatsalarana,c_solon,church_holding
825,1255,245,92,252,b_jorhat_shan,barony,b_jorhat_shan,c_jorhat_shan,castle_holding
1070,1256,145,136,126,b_tomai,barony,b_tomai,c_tomai,tribal_holding
1082,1257,251,95,135,b_uitoril,barony,b_uitoril,c_uitoril,tribal_holding
1081,1258,46,169,106,b_uysos,barony,b_uysos,c_uysos,castle_holding
1072,1259,85,96,68,b_medinat_muskawoon,barony,b_medinat_muskawoon,c_medinat_muskawoon,castle_holding
1074,1260,37,147,238,b_broaspu,barony,b_broaspu,c_broaspu,castle_holding
1073,1261,110,4,22,b_inupras,barony,b_inupras,c_inupras,castle_holding
779,1262,123,102,211,b_orvyltar,barony,b_orvyltar,c_orvyltar,castle_holding
779,1263,216,157,177,b_anksal,barony,b_anksal,c_orvyltar,city_holding
779,1264,140,185,248,b_asbalt,barony,b_asbalt,c_orvyltar,church_holding
779,1265,236,186,135,b_monyri,barony,b_monyri,c_orvyltar,castle_holding
779,1266,70,20,215,b_puresha,barony,b_puresha,c_orvyltar,city_holding
790,1267,240,97,179,b_kelazzan,barony,b_kelazzan,c_kelazzan,castle_holding
790,1268,206,250,247,b_naguda,barony,b_naguda,c_kelazzan,city_holding
788,1269,173,49,103,b_kellesar,barony,b_kellesar,c_kellesar,tribal_holding
791,1270,37,34,179,b_suntar,barony,b_suntar,c_suntar,castle_holding
791,1271,136,88,179,b_khis,barony,b_khis,c_suntar,city_holding
791,1272,186,7,98,b_carish,barony,b_carish,c_suntar,church_holding
780,1273,63,104,99,b_surbar,barony,b_surbar,c_surbar,castle_holding
780,1274,17,184,141,b_halahanyl,barony,b_halahanyl,c_surbar,city_holding
780,1275,23,80,192,b_shandan,barony,b_shandan,c_surbar,church_holding
781,1276,149,72,187,b_dralpur,barony,b_dralpur,c_dralpur,castle_holding
781,1277,36,216,178,b_mabagan,barony,b_mabagan,c_dralpur,city_holding
781,1278,160,104,187,b_zart,barony,b_zart,c_dralpur,church_holding
1211,1279,7,133,100,b_budais_cleft,barony,b_budais_cleft,c_budais_cleft,castle_holding
1211,1280,2,202,168,b_kerrechi,barony,b_kerrechi,c_budais_cleft,church_holding
784,1281,12,233,176,b_kasper,barony,b_kasper,c_kasper,castle_holding
784,1282,248,228,50,b_etedin,barony,b_etedin,c_kasper,city_holding
1760,1283,46,78,161,b_earalnst,barony,b_earalnst,c_free_heights,tribal_holding
782,1284,70,130,170,b_anshola,barony,b_anshola,c_barbarians_road,tribal_holding
787,1285,112,34,166,b_ashavasa,barony,b_ashavasa,c_dalvind,tribal_holding
1220,1286,92,228,25,b_stormy_high,barony,b_stormy_high,c_stormy_high,tribal_holding
783,1287,187,155,22,b_suormpar,barony,b_suormpar,c_suormpar,castle_holding
783,1288,90,24,118,b_ravvan,barony,b_ravvan,c_suormpar,city_holding
783,1289,131,136,70,b_jata,barony,b_jata,c_suormpar,church_holding
786,1290,29,27,162,b_fort_blumantle,barony,b_fort_blumantle,c_blumantle_pass,tribal_holding
785,1291,149,184,220,b_flyndagol,barony,b_flyndagol,c_flyndagol,castle_holding
785,1292,148,56,183,b_dispura,barony,b_dispura,c_flyndagol,city_holding
753,1293,215,99,11,b_pyratar,barony,b_pyratar,c_pyratar,castle_holding
753,1294,80,110,155,b_jeeti,barony,b_jeeti,c_pyratar,city_holding
753,1295,155,176,67,b_angarany,barony,b_angarany,c_pyratar,church_holding
753,1296,140,156,69,b_pura,barony,b_pura,c_pyratar,castle_holding
754,1297,192,242,113,b_des,barony,b_des,c_des,church_holding
754,1298,228,65,151,b_nisich,barony,b_nisich,c_des,city_holding
754,1299,135,128,82,b_despair,barony,b_despair,c_des,city_holding
755,1300,214,140,245,b_myrmyr,barony,b_myrmyr,c_myrmyr,church_holding
755,1301,128,217,2,b_kulpurai,barony,b_kulpurai,c_myrmyr,city_holding
759,1302,27,143,129,b_zelpir,barony,b_zelpir,c_zelpir,church_holding
759,1303,108,12,33,b_abam,barony,b_abam,c_zelpir,city_holding
756,1304,206,46,36,b_kolapur,barony,b_kolapur,c_kolapur,castle_holding
756,1305,216,95,234,b_zhiyanyi,barony,b_zhiyanyi,c_kolapur,city_holding
756,1306,22,28,91,b_zelar,barony,b_zelar,c_kolapur,church_holding
758,1307,150,232,1,b_ganak,barony,b_ganak,c_golden_fields,castle_holding
758,1308,31,171,212,b_sish,barony,b_sish,c_golden_fields,city_holding
757,1309,152,165,71,b_tiry,barony,b_tiry,c_tiry,castle_holding
757,1310,128,114,37,b_shivpure,barony,b_shivpure,c_tiry,city_holding
1759,1311,225,241,82,b_edgelight,barony,b_edgelight,c_erum,castle_holding
1759,1312,170,23,230,b_cedtarzahs_rock,barony,b_cedtarzahs_rock,c_erum,city_holding
800,1313,216,111,229,b_tannath,barony,b_tannath,c_ship_isle,city_holding
1140,1314,30,250,172,b_mordyr,barony,b_mordyr,c_sunset_rocks,city_holding
550,1315,251,62,172,b_errusk,barony,b_errusk,c_errusk,tribal_holding
1744,1316,223,75,43,b_harngel,barony,b_harngel,c_harngel,tribal_holding
558,1317,139,44,74,b_bloodstark,barony,b_bloodstark,c_redstar,castle_holding
763,1318,107,201,246,b_karat,barony,b_karat,c_beast_lands,tribal_holding
760,1319,117,181,29,b_xiltor,barony,b_xiltor,c_xiltor,tribal_holding
761,1320,179,164,52,b_lastarr,barony,b_lastarr,c_lastarr,tribal_holding
1745,1321,3,170,19,b_faeniel,barony,b_faeniel,c_bloodlake,tribal_holding
486,1322,245,156,255,b_sharawood,barony,b_sharawood,c_sharawood,tribal_holding
549,1323,234,207,182,b_alhanar,barony,b_alhanar,c_everwide,church_holding
1746,1324,32,208,59,b_shinalel,barony,b_shinalel,c_quorat,tribal_holding
762,1325,110,161,57,b_banyshu,barony,b_banyshu,c_aerilpar_forest,tribal_holding
1747,1326,130,101,228,b_brackhill,barony,b_brackhill,c_varshum,tribal_holding
1144,1327,178,68,147,b_tervish,barony,b_tervish,c_midways,tribal_holding
777,1328,238,70,91,b_narer,barony,b_narer,c_midwinter_pass,tribal_holding
792,1329,45,168,135,b_tharkar,barony,b_tharkar,c_tharkar,city_holding
792,1330,44,178,9,b_dasoda,barony,b_dasoda,c_tharkar,castle_holding
792,1331,35,81,45,b_keton,barony,b_keton,c_tharkar,church_holding
792,1332,89,241,237,b_dimu,barony,b_dimu,c_tharkar,castle_holding
789,1333,105,20,13,b_esbresh,barony,b_esbresh,c_esbresh,city_holding
789,1334,120,56,234,b_charinc,barony,b_charinc,c_esbresh,castle_holding
789,1335,176,156,22,b_sharenda,barony,b_sharenda,c_esbresh,church_holding
803,1336,143,151,71,b_dekar,barony,b_dekar,c_dekar,city_holding
803,1337,191,233,73,b_pyra,barony,b_pyra,c_dekar,castle_holding
805,1338,1,12,92,b_zendar,barony,b_zendar,c_zendar,city_holding
805,1339,77,2,134,b_fivirah,barony,b_fivirah,c_zendar,castle_holding
805,1340,170,7,248,b_saury,barony,b_saury,c_zendar,church_holding
804,1341,92,30,63,b_zendum,barony,b_zendum,c_zendum,city_holding
804,1342,237,66,230,b_henvafa,barony,b_henvafa,c_zendum,castle_holding
804,1343,113,102,14,b_devysurys,barony,b_devysurys,c_zendum,church_holding
804,1344,103,239,119,b_muspil,barony,b_muspil,c_zendum,castle_holding
821,1345,67,240,134,b_omm,barony,b_omm,c_ommvale,castle_holding
821,1346,171,200,226,b_orurva,barony,b_orurva,c_ommvale,city_holding
1232,1347,243,140,206,b_firealm_tower,barony,b_firealm_tower,c_firealm,castle_holding
1232,1348,126,5,209,b_vorshtish,barony,b_vorshtish,c_firealm,city_holding
814,1349,230,53,46,b_kemva,barony,b_kemva,c_highstars,castle_holding
814,1350,60,127,12,b_thufuj,barony,b_thufuj,c_highstars,city_holding
806,1351,42,57,252,b_eldrinfar,barony,b_eldrinfar,c_eldrinfar,castle_holding
806,1352,173,129,110,b_anylpe,barony,b_anylpe,c_eldrinfar,city_holding
806,1353,247,78,166,b_alarpo,barony,b_alarpo,c_eldrinfar,church_holding
806,1354,139,191,151,b_elahi,barony,b_elahi,c_eldrinfar,castle_holding
807,1355,15,100,246,b_quental,barony,b_quental,c_doegenflow,castle_holding
807,1356,162,44,66,b_agapu,barony,b_agapu,c_doegenflow,city_holding
808,1357,224,115,112,b_iuham,barony,b_iuham,c_doegwood,castle_holding
808,1358,204,121,114,b_masinamu,barony,b_masinamu,c_doegwood,city_holding
809,1359,203,252,177,b_urhar,barony,b_urhar,c_grendel,castle_holding
809,1360,202,65,173,b_bemame,barony,b_bemame,c_grendel,city_holding
811,1361,133,92,36,b_edenvale,barony,b_edenvale,c_edenvale,castle_holding
811,1362,20,67,170,b_akarin,barony,b_akarin,c_edenvale,city_holding
811,1363,4,50,216,b_myizapu,barony,b_myizapu,c_edenvale,church_holding
813,1364,95,9,243,b_olstone,barony,b_olstone,c_olstone,castle_holding
813,1365,241,68,66,b_pebrook,barony,b_pebrook,c_olstone,city_holding
812,1366,232,146,110,b_jevall,barony,b_jevall,c_serpent_valley,castle_holding
812,1367,228,142,180,b_alahita,barony,b_alahita,c_serpent_valley,city_holding
822,1368,38,59,60,b_venasci,barony,b_venasci,c_venasca,castle_holding
1191,1369,234,237,167,b_temphish,barony,b_temphish,c_lower_terrace,castle_holding
1191,1370,157,87,5,b_tharig,barony,b_tharig,c_lower_terrace,city_holding
1188,1371,237,242,10,b_banshee_hold,barony,b_banshee_hold,c_phantom_pass,castle_holding
816,1372,0,85,200,b_konigheim,barony,b_konigheim,c_konigheim,castle_holding
816,1373,144,134,201,b_sivuzkma,barony,b_sivuzkma,c_konigheim,city_holding
816,1374,176,230,68,b_natiasa,barony,b_natiasa,c_konigheim,church_holding
816,1375,230,35,143,b_rurmpo,barony,b_rurmpo,c_konigheim,castle_holding
817,1376,71,162,41,b_khelas,barony,b_khelas,c_khelas,castle_holding
817,1377,94,45,72,b_sammal,barony,b_sammal,c_khelas,city_holding
1187,1378,200,16,247,b_treggiland,barony,b_treggiland,c_treggi_jungle,castle_holding
1184,1379,65,5,250,b_beowood,barony,b_beowood,c_beowood,tribal_holding
1186,1380,89,136,14,b_konigstadt,barony,b_konigstadt,c_konig_hills,castle_holding
1186,1381,162,139,251,b_ushalab,barony,b_ushalab,c_konig_hills,city_holding
955,1382,232,249,94,b_majma,barony,b_majma,c_inkelvale,castle_holding
955,1383,206,16,214,b_qamisha,barony,b_qamisha,c_inkelvale,city_holding
1185,1384,54,73,230,b_meadhall,barony,b_meadhall,c_bjeoerns_pass,tribal_holding
1189,1385,119,24,11,b_nixning,barony,b_nixning,c_nix,tribal_holding
1446,1386,247,76,157,b_norgrim,barony,b_norgrim,c_upper_nix,tribal_holding
956,1387,189,85,126,b_nathong,barony,b_nathong,c_gate_of_heaven,castle_holding
956,1388,189,90,98,b_taranvanp,barony,b_taranvanp,c_gate_of_heaven,city_holding
957,1389,28,47,13,b_tikana,barony,b_tikana,c_enlightened_ring,castle_holding
957,1390,16,118,80,b_dattaramopahe,barony,b_dattaramopahe,c_enlightened_ring,city_holding
819,1391,159,226,192,b_lipo,barony,b_lipo,c_lipo,castle_holding
819,1392,104,50,244,b_kawa,barony,b_kawa,c_lipo,city_holding
818,1393,116,218,241,b_sragadha,barony,b_sragadha,c_sragadha,castle_holding
820,1394,42,63,135,b_kash,barony,b_kash,c_suns_eye,castle_holding
820,1395,10,54,231,b_aguland,barony,b_aguland,c_suns_eye,city_holding
961,1396,164,8,76,b_ings,barony,b_ings,c_ghost_leopard,castle_holding
961,1397,119,179,127,b_narmuli,barony,b_narmuli,c_ghost_leopard,city_holding
963,1398,178,250,183,b_shimundra,barony,b_shimundra,c_red_goat,castle_holding
963,1399,95,83,221,b_rakaranf,barony,b_rakaranf,c_red_goat,city_holding
963,1400,244,24,160,b_sinelin,barony,b_sinelin,c_red_goat,church_holding
2174,1401,113,174,161,b_rarila,barony,b_rarila,c_lower_red_goat,castle_holding
2174,1402,226,101,221,b_kanabris,barony,b_kanabris,c_lower_red_goat,church_holding
962,1403,144,111,170,b_alhala,barony,b_alhala,c_yaks_horn,castle_holding
962,1404,143,36,48,b_dammi,barony,b_dammi,c_yaks_horn,city_holding
958,1405,245,232,49,b_tighyshi,barony,b_tighyshi,c_fiends_wing,castle_holding
958,1406,240,81,205,b_raladha,barony,b_raladha,c_fiends_wing,city_holding
964,1407,228,62,112,b_unjhur,barony,b_unjhur,c_bronze_falcon,castle_holding
964,1408,240,171,72,b_tiliggal,barony,b_tiliggal,c_bronze_falcon,city_holding
1223,1409,158,7,137,b_biliduda,barony,b_biliduda,c_lower_wing,castle_holding
1223,1410,43,176,17,b_apragada,barony,b_apragada,c_lower_wing,city_holding
295,1411,96,3,59,b_ormen,barony,b_ormen,c_ormen,castle_holding
295,1412,240,36,114,b_promasur,barony,b_promasur,c_ormen,city_holding
295,1413,155,231,88,b_ovrdal,barony,b_ovrdal,c_ormen,church_holding
295,1414,17,167,229,b_kengers,barony,b_kengers,c_ormen,castle_holding
296,1415,31,42,43,b_curstallyon,barony,b_curstallyon,c_curstallyon,castle_holding
296,1416,215,86,233,b_esdul,barony,b_esdul,c_curstallyon,city_holding
296,1417,242,253,159,b_tethmore,barony,b_tethmore,c_curstallyon,church_holding
1203,1418,227,30,183,b_nimsur,barony,b_nimsur,c_nimsur,castle_holding
1203,1419,44,194,253,b_vindal,barony,b_vindal,c_nimsur,city_holding
1203,1420,248,157,167,b_vessyral,barony,b_vessyral,c_nimsur,church_holding
294,1421,40,62,72,b_salpir,barony,b_salpir,c_salpir,castle_holding
294,1422,131,123,218,b_suthaven,barony,b_suthaven,c_salpir,city_holding
294,1423,197,44,197,b_bromtor,barony,b_bromtor,c_salpir,church_holding
297,1424,126,5,185,b_sombor,barony,b_sombor,c_sombor,castle_holding
297,1425,197,135,45,b_nimith,barony,b_nimith,c_sombor,city_holding
297,1426,110,54,224,b_arevar,barony,b_arevar,c_sombor,church_holding
2383,1427,193,143,77,b_farpoint,barony,b_farpoint,c_farhaven,castle_holding
2383,1428,107,73,95,b_torlar_under_sun,barony,b_torlar_under_sun,c_farhaven,church_holding
298,1429,10,158,147,b_star_beacon,barony,b_star_beacon,c_beacon_rocks,castle_holding
299,1430,191,40,178,b_waterhouse,barony,b_waterhouse,c_the_whales_flukes,castle_holding
287,1431,88,172,111,b_sambar,barony,b_sambar,c_sambar,city_holding
287,1432,155,205,150,b_illul,barony,b_illul,c_sambar,castle_holding
287,1433,45,232,26,b_perlinvast,barony,b_perlinvast,c_sambar,church_holding
287,1434,128,134,201,b_quergorl,barony,b_quergorl,c_sambar,city_holding
288,1435,17,117,109,b_lethtar,barony,b_lethtar,c_leth,city_holding
288,1436,56,149,27,b_myth_iiscar,barony,b_myth_iiscar,c_leth,castle_holding
1233,1437,165,253,206,b_orlil,barony,b_orlil,c_orlil,city_holding
289,1438,234,123,234,b_sundrah,barony,b_sundrah,c_sundrah,city_holding
289,1439,78,201,159,b_orostling,barony,b_orostling,c_sundrah,castle_holding
292,1440,134,216,3,b_treys_anchorage,barony,b_treys_anchorage,c_mother_of_mists,tribal_holding
1214,1441,238,126,28,b_hidden_hopes,barony,b_hidden_hopes,c_hidden_hopes,castle_holding
293,1442,255,179,204,b_keep_of_dawn,barony,b_keep_of_dawn,c_the_dawn_warrior,tribal_holding
290,1443,13,201,233,b_tsan,barony,b_tsan,c_tsan,city_holding
290,1444,239,138,4,b_darluj,barony,b_darluj,c_tsan,castle_holding
290,1445,189,192,73,b_dtakkar,barony,b_dtakkar,c_tsan,church_holding
291,1446,116,223,37,b_baelrah,barony,b_baelrah,c_baelrah,city_holding
291,1447,163,10,48,b_anchoril,barony,b_anchoril,c_baelrah,castle_holding
2380,1448,197,131,90,b_gorag_citadel,barony,b_gorag_citadel,c_lopango,tribal_holding
2578,1449,13,172,18,b_arak,barony,b_arak,c_jungled_approach,tribal_holding
2384,1450,35,135,168,b_chuapli,barony,b_chuapli,c_mokalonni_islands,castle_holding
2384,1451,222,159,158,b_maju,barony,b_maju,c_mokalonni_islands,church_holding
2385,1452,215,132,28,b_sentinel_stand,barony,b_sentinel_stand,c_sentinel_island,tribal_holding
2579,1453,36,25,91,b_southhome,barony,b_southhome,c_southwatch,tribal_holding
2580,1454,174,55,44,b_feathered_port,barony,b_feathered_port,c_couatls_landing,tribal_holding
975,1455,89,105,156,b_fatuta_chuba,barony,b_fatuta_chuba,c_fatuta_chuba,castle_holding
976,1456,45,62,35,b_neachal_fountain,barony,b_neachal_fountain,c_neachal,castle_holding
976,1457,237,22,115,b_moranth,barony,b_moranth,c_neachal,city_holding
1274,1458,229,254,165,b_shih_tuh,barony,b_shih_tuh,c_shih_tuh,castle_holding
1274,1459,206,149,34,b_naxu,barony,b_naxu,c_shih_tuh,city_holding
966,1460,201,232,246,b_tsaparang,barony,b_tsaparang,c_tsaparang,castle_holding
966,1461,43,84,41,b_wanpa,barony,b_wanpa,c_tsaparang,city_holding
965,1462,62,44,25,b_zanda_tholing,barony,b_zanda_tholing,c_zanda_tholing,church_holding
1320,1463,206,54,208,b_open_fields,barony,b_open_fields,c_fallow_steppe,castle_holding
1321,1464,163,34,86,b_hai,barony,b_hai,c_hai_jungle,tribal_holding
1330,1465,223,187,14,b_shan_sao,barony,b_shan_sao,c_shan_sao,tribal_holding
1694,1466,203,152,195,b_daong,barony,b_daong,c_daong_forest,tribal_holding
1225,1467,155,244,235,b_penshan,barony,b_penshan,c_katakoro_pass,tribal_holding
1201,1468,81,191,81,b_maviddi,barony,b_maviddi,c_maviddi_forest,tribal_holding
972,1469,144,117,233,b_peshaj,barony,b_peshaj,c_scarlet_jungle,tribal_holding
1219,1470,162,9,137,b_clouds_on_high,barony,b_clouds_on_high,c_vale_of_clouds,castle_holding
971,1471,69,42,211,b_lashghar,barony,b_lashghar,c_lashghar,castle_holding
968,1472,134,223,216,b_fengze,barony,b_fengze,c_katakoro_tundra,tribal_holding
970,1473,78,123,63,b_muren_tso,barony,b_muren_tso,c_muren_tso,castle_holding
969,1474,163,253,96,b_loeng,barony,b_loeng,c_wild_yak_meadows,tribal_holding
1764,1475,198,231,151,b_yudol,barony,b_yudol,c_yudol,castle_holding
967,1476,244,119,19,b_punakha_dzong,barony,b_punakha_dzong,c_punakha_dzong,church_holding
973,1477,51,104,35,b_shey_chorten,barony,b_shey_chorten,c_shey_chorten,castle_holding
988,1478,96,116,135,b_sangal,barony,b_sangal,c_takt_muren,castle_holding
974,1479,147,163,130,b_yarlhang_la,barony,b_yarlhang_la,c_yarlhang_la,tribal_holding
977,1480,244,68,158,b_alashan,barony,b_alashan,c_alashan,castle_holding
977,1481,144,227,69,b_keldam,barony,b_keldam,c_alashan,city_holding
977,1482,160,164,248,b_dokpak,barony,b_dokpak,c_alashan,church_holding
977,1483,104,169,253,b_wangdun,barony,b_wangdun,c_alashan,castle_holding
980,1484,171,15,184,b_luntse_dzong,barony,b_luntse_dzong,c_broken_wall_pass,castle_holding
980,1485,117,17,253,b_barkhul,barony,b_barkhul,c_broken_wall_pass,city_holding
979,1486,169,211,58,b_manass,barony,b_manass,c_manass,castle_holding
979,1487,128,39,68,b_dampab,barony,b_dampab,c_manass,city_holding
979,1488,36,161,61,b_ngdengp,barony,b_ngdengp,c_manass,church_holding
978,1489,4,121,141,b_skarou,barony,b_skarou,c_skarou,castle_holding
978,1490,139,76,255,b_shonang,barony,b_shonang,c_skarou,city_holding
981,1491,102,75,35,b_saikhoi,barony,b_saikhoi,c_saikhoi,castle_holding
981,1492,107,55,85,b_sangmm,barony,b_sangmm,c_saikhoi,city_holding
981,1493,68,25,149,b_chongye,barony,b_chongye,c_saikhoi,church_holding
981,1494,232,246,140,b_gyamam,barony,b_gyamam,c_saikhoi,castle_holding
823,1495,254,211,212,b_lagiluri,barony,b_lagiluri,c_lagiluri,castle_holding
823,1496,23,151,244,b_namuto,barony,b_namuto,c_lagiluri,city_holding
982,1497,75,101,192,b_rainbow_falls,barony,b_rainbow_falls,c_rainbow_falls,castle_holding
982,1498,110,77,36,b_nyangyenda,barony,b_nyangyenda,c_rainbow_falls,city_holding
982,1499,101,67,47,b_dakten,barony,b_dakten,c_rainbow_falls,church_holding
984,1500,31,159,250,b_kasawak,barony,b_kasawak,c_road_less_traveled,castle_holding
984,1501,143,44,120,b_satsote,barony,b_satsote,c_road_less_traveled,city_holding
983,1502,57,130,40,b_yumbu_citadel,barony,b_yumbu_citadel,c_yumbu_shan,castle_holding
983,1503,27,46,242,b_sasho,barony,b_sasho,c_yumbu_shan,city_holding
985,1504,57,81,150,b_kushk,barony,b_kushk,c_kushk,castle_holding
985,1505,77,76,220,b_shama,barony,b_shama,c_kushk,city_holding
985,1506,32,71,149,b_dabterm,barony,b_dabterm,c_kushk,church_holding
425,1507,178,245,6,b_sheirtalar,barony,b_sheirtalar,c_sheirtalar,city_holding
425,1508,95,111,206,b_gashags,barony,b_gashags,c_sheirtalar,castle_holding
425,1509,145,228,106,b_runswire,barony,b_runswire,c_sheirtalar,church_holding
425,1510,240,155,50,b_bifars_hold,barony,b_bifars_hold,c_sheirtalar,castle_holding
518,1511,148,64,236,b_jaasa_hold,barony,b_jaasa_hold,c_jaasa,city_holding
518,1512,179,21,229,b_great_stronghold,barony,b_great_stronghold,c_jaasa,castle_holding
518,1513,203,21,198,b_demongulch,barony,b_demongulch,c_jaasa,church_holding
426,1514,65,29,250,b_ormpur,barony,b_ormpur,c_ormpur,city_holding
426,1515,136,220,61,b_makath_jaam,barony,b_makath_jaam,c_ormpur,castle_holding
421,1516,229,28,12,b_ithmong,barony,b_ithmong,c_ithmong,city_holding
421,1517,198,35,103,b_rabluff,barony,b_rabluff,c_ithmong,castle_holding
427,1518,241,255,41,b_lapalgard,barony,b_lapalgard,c_lapalgard,castle_holding
427,1519,197,158,111,b_glouto,barony,b_glouto,c_lapalgard,city_holding
424,1520,123,147,140,b_lushpool,barony,b_lushpool,c_lushpool,city_holding
424,1521,238,189,191,b_beda,barony,b_beda,c_lushpool,castle_holding
424,1522,118,78,34,b_beacastle,barony,b_beacastle,c_lushpool,church_holding
428,1523,238,59,162,b_usurr,barony,b_usurr,c_usurr,church_holding
428,1524,180,254,220,b_mayanjo,barony,b_mayanjo,c_usurr,city_holding
428,1525,135,3,134,b_arcorht_hill,barony,b_arcorht_hill,c_usurr,castle_holding
429,1526,79,170,29,b_makaxar,barony,b_makaxar,c_makaxar,city_holding
429,1527,82,125,143,b_kyani,barony,b_kyani,c_makaxar,castle_holding
429,1528,51,166,148,b_hohai,barony,b_hohai,c_makaxar,church_holding
423,1529,103,82,223,b_abreon,barony,b_abreon,c_abreon,city_holding
423,1530,40,162,76,b_st_blencagolph,barony,b_st_blencagolph,c_abreon,church_holding
422,1531,177,200,184,b_sammaresh,barony,b_sammaresh,c_sammaresh,city_holding
422,1532,213,228,137,b_tule,barony,b_tule,c_sammaresh,castle_holding
422,1533,148,217,26,b_mafor_tower,barony,b_mafor_tower,c_sammaresh,church_holding
500,1534,101,252,247,b_laila,barony,b_laila,c_laila,church_holding
500,1535,235,178,101,b_hila,barony,b_hila,c_laila,city_holding
501,1536,31,83,235,b_dunland,barony,b_dunland,c_dun_hills,castle_holding
519,1537,170,93,223,b_laphe,barony,b_laphe,c_laphe,tribal_holding
519,1538,47,3,31,b_todahling,barony,b_todahling,c_laphe,city_holding
1726,1539,53,186,148,b_aratha_hold,barony,b_aratha_hold,c_the_wormbones,tribal_holding
513,1540,65,70,45,b_mhairhetel,barony,b_mhairhetel,c_mhairhetel,city_holding
513,1541,133,125,16,b_amahtal,barony,b_amahtal,c_mhairhetel,castle_holding
513,1542,11,165,110,b_burpond,barony,b_burpond,c_mhairhetel,church_holding
469,1543,119,175,14,b_mhairling,barony,b_mhairling,c_mhairling,tribal_holding
511,1544,145,251,170,b_moonkind,barony,b_moonkind,c_moonvales,tribal_holding
509,1545,144,95,165,b_toa,barony,b_toa,c_toa,tribal_holding
1730,1546,66,69,75,b_ulguum,barony,b_ulguum,c_ulguum,castle_holding
508,1547,212,114,8,b_qota,barony,b_qota,c_qota,tribal_holding
1731,1548,6,26,76,b_yorduul,barony,b_yorduul,c_yorduul,tribal_holding
2499,1549,230,177,147,b_mhair_pass,barony,b_mhair_pass,c_mhair_pass,tribal_holding
516,1550,46,145,129,b_kassa_stand,barony,b_kassa_stand,c_kassa_bay,castle_holding
517,1551,32,98,185,b_kinyo,barony,b_kinyo,c_kinyo,tribal_holding
502,1552,175,213,96,b_ophat,barony,b_ophat,c_saraath,tribal_holding
2127,1553,216,184,102,b_mella,barony,b_mella,c_mella,castle_holding
467,1554,130,8,187,b_lapalstar,barony,b_lapalstar,c_lapalgulph,tribal_holding
431,1555,215,217,77,b_kaz,barony,b_kaz,c_blackvale,castle_holding
514,1556,159,80,35,b_lapaalis_waters,barony,b_lapaalis_waters,c_lapaalis,castle_holding
512,1557,151,114,239,b_orphar,barony,b_orphar,c_orphar,tribal_holding
515,1558,116,85,168,b_sesserash,barony,b_sesserash,c_sesserash,tribal_holding
505,1559,209,9,26,b_kaarekh,barony,b_kaarekh,c_kaarekh,tribal_holding
506,1560,249,25,214,b_bamas,barony,b_bamas,c_bamas,tribal_holding
503,1561,204,168,247,b_serpar,barony,b_serpar,c_coilvines,tribal_holding
507,1562,164,240,240,b_oostar,barony,b_oostar,c_oostar,tribal_holding
474,1563,45,170,39,b_zanzazzar,barony,b_zanzazzar,c_zanzazzar,castle_holding
411,1564,66,166,212,b_tashluta,barony,b_tashluta,c_tashluta,city_holding
411,1565,74,34,198,b_kondo,barony,b_kondo,c_tashluta,church_holding
413,1566,96,151,239,b_procalith,barony,b_procalith,c_delphin,tribal_holding
420,1567,227,82,3,b_tangath,barony,b_tangath,c_tashan_gap,tribal_holding
412,1568,56,121,106,b_zamazda,barony,b_zamazda,c_zamazda,city_holding
412,1569,144,185,247,b_garmsbar,barony,b_garmsbar,c_zamazda,castle_holding
414,1570,87,20,170,b_akaam,barony,b_akaam,c_akaam,castle_holding
414,1571,126,156,81,b_trawich,barony,b_trawich,c_akaam,city_holding
415,1572,5,206,237,b_veshit,barony,b_veshit,c_veshit,castle_holding
415,1573,3,105,98,b_ghawa,barony,b_ghawa,c_veshit,city_holding
680,1574,118,170,238,b_skuld,barony,b_skuld,c_skuld,castle_holding
680,1575,242,13,97,b_uthragkan,barony,b_uthragkan,c_skuld,city_holding
680,1576,233,37,11,b_donar,barony,b_donar,c_skuld,church_holding
680,1577,184,255,245,b_selag,barony,b_selag,c_skuld,castle_holding
680,1578,61,186,59,b_ganathari,barony,b_ganathari,c_skuld,city_holding
2457,1579,112,88,112,b_pharus,barony,b_pharus,c_golden_shore,castle_holding
2457,1580,98,15,228,b_zassatam,barony,b_zassatam,c_golden_shore,city_holding
684,1581,138,38,140,b_equan,barony,b_equan,c_rauthgor,castle_holding
684,1582,136,27,25,b_narvi,barony,b_narvi,c_rauthgor,city_holding
684,1583,144,20,81,b_narqa,barony,b_narqa,c_rauthgor,city_holding
1756,1584,106,172,216,b_nisalin,barony,b_nisalin,c_nisalin,castle_holding
1756,1585,107,204,201,b_alirmote,barony,b_alirmote,c_nisalin,city_holding
687,1586,136,99,58,b_mulharahold,barony,b_mulharahold,c_mulharahold,castle_holding
687,1587,29,67,108,b_sidu,barony,b_sidu,c_mulharahold,city_holding
686,1588,32,12,91,b_rauthil,barony,b_rauthil,c_rauthil,castle_holding
686,1589,70,237,115,b_ninki,barony,b_ninki,c_rauthil,city_holding
688,1590,187,88,59,b_maelar,barony,b_maelar,c_maelar,castle_holding
688,1591,47,119,0,b_gemijo,barony,b_gemijo,c_maelar,city_holding
674,1592,168,98,88,b_angast,barony,b_angast,c_angast,castle_holding
674,1593,100,77,162,b_sishapesh,barony,b_sishapesh,c_angast,city_holding
674,1594,195,196,163,b_nimez,barony,b_nimez,c_angast,church_holding
676,1595,27,185,165,b_klondor,barony,b_klondor,c_klondor,castle_holding
676,1596,243,36,75,b_nindur,barony,b_nindur,c_klondor,city_holding
675,1597,125,145,117,b_mishtan,barony,b_mishtan,c_mishtan,castle_holding
675,1598,122,119,36,b_azalhar,barony,b_azalhar,c_mishtan,city_holding
675,1599,49,248,85,b_nishal,barony,b_nishal,c_mishtan,church_holding
677,1600,151,163,10,b_surbroar,barony,b_surbroar,c_surbroar,castle_holding
677,1601,50,249,251,b_azanana,barony,b_azanana,c_surbroar,city_holding
677,1602,15,211,38,b_arshe,barony,b_arshe,c_surbroar,church_holding
1441,1603,116,4,40,b_ulzel,barony,b_ulzel,c_ulzel,castle_holding
1441,1604,10,172,169,b_sisan,barony,b_sisan,c_ulzel,city_holding
689,1605,173,134,190,b_kesker,barony,b_kesker,c_fields_of_kesk,castle_holding
689,1606,14,86,136,b_ghujel,barony,b_ghujel,c_fields_of_kesk,city_holding
681,1607,2,33,172,b_jhalhoran,barony,b_jhalhoran,c_jhalhoran,castle_holding
681,1608,150,134,126,b_dimish,barony,b_dimish,c_jhalhoran,city_holding
1142,1609,39,87,199,b_asham,barony,b_asham,c_kesh,castle_holding
1142,1610,150,251,48,b_sumelel,barony,b_sumelel,c_kesh,city_holding
683,1611,105,94,12,b_sultim,barony,b_sultim,c_sultim,castle_holding
683,1612,224,236,85,b_vursanj,barony,b_vursanj,c_sultim,city_holding
683,1613,158,24,55,b_haripan,barony,b_haripan,c_sultim,church_holding
682,1614,194,25,147,b_vintal,barony,b_vintal,c_vintal,castle_holding
682,1615,137,49,106,b_kethar,barony,b_kethar,c_vintal,city_holding
657,1616,143,227,162,b_neldorild,barony,b_neldorild,c_neldorild,castle_holding
657,1617,191,38,150,b_azarota,barony,b_azarota,c_neldorild,city_holding
657,1618,132,125,195,b_akimarkia,barony,b_akimarkia,c_neldorild,church_holding
678,1619,100,97,201,b_aina,barony,b_aina,c_aina,castle_holding
678,1620,3,174,54,b_espesha,barony,b_espesha,c_aina,city_holding
679,1621,96,28,174,b_gheldaneth,barony,b_gheldaneth,c_gheldaneth,castle_holding
679,1622,170,249,51,b_delgora,barony,b_delgora,c_gheldaneth,city_holding
679,1623,82,42,73,b_azala,barony,b_azala,c_gheldaneth,church_holding
679,1624,219,215,149,b_dazarqash,barony,b_dazarqash,c_gheldaneth,castle_holding
1440,1625,215,164,115,b_sampranasz,barony,b_sampranasz,c_sampranasz,castle_holding
1440,1626,148,215,237,b_akisath,barony,b_akisath,c_sampranasz,city_holding
1755,1627,57,160,167,b_ku_akh,barony,b_ku_akh,c_ku_akh,castle_holding
1755,1628,83,13,160,b_panalu,barony,b_panalu,c_ku_akh,city_holding
690,1629,191,37,66,b_phannaskul,barony,b_phannaskul,c_phannaskul,castle_holding
690,1630,229,67,30,b_madan,barony,b_madan,c_phannaskul,city_holding
690,1631,219,247,10,b_ninsid,barony,b_ninsid,c_phannaskul,church_holding
690,1632,183,12,100,b_dorosi,barony,b_dorosi,c_phannaskul,castle_holding
691,1633,34,116,158,b_isfasan,barony,b_isfasan,c_isfasan,castle_holding
691,1634,213,167,39,b_eveh,barony,b_eveh,c_isfasan,city_holding
691,1635,245,123,71,b_laho,barony,b_laho,c_isfasan,church_holding
697,1636,109,196,212,b_murghyr,barony,b_murghyr,c_murghyr,castle_holding
697,1637,150,21,91,b_shavshannar,barony,b_shavshannar,c_murghyr,city_holding
697,1638,146,61,234,b_desarwin,barony,b_desarwin,c_murghyr,church_holding
696,1639,173,18,168,b_thandyl,barony,b_thandyl,c_thandyl,castle_holding
696,1640,49,32,141,b_alzayat,barony,b_alzayat,c_thandyl,city_holding
1141,1641,66,68,161,b_vanorva,barony,b_vanorva,c_vanorva,castle_holding
1141,1642,69,219,4,b_ebbaresh,barony,b_ebbaresh,c_vanorva,city_holding
2455,1643,187,24,150,b_cennuroth,barony,b_cennuroth,c_cennuroth,castle_holding
2455,1644,241,177,190,b_qikkha,barony,b_qikkha,c_cennuroth,church_holding
1173,1645,25,216,253,b_nimjammir,barony,b_nimjammir,c_fields_of_ganath,castle_holding
1173,1646,178,237,236,b_punjwar,barony,b_punjwar,c_fields_of_ganath,city_holding
685,1647,150,51,67,b_shendra,barony,b_shendra,c_ganathwood,castle_holding
685,1648,79,174,134,b_imasq,barony,b_imasq,c_ganathwood,city_holding
698,1649,138,218,105,b_ankherhome,barony,b_ankherhome,c_high_valley,tribal_holding
693,1650,246,93,136,b_port_ghast,barony,b_port_ghast,c_port_ghast,castle_holding
693,1651,165,87,33,b_taj,barony,b_taj,c_port_ghast,city_holding
693,1652,114,95,172,b_graumot,barony,b_graumot,c_port_ghast,church_holding
694,1653,23,76,116,b_kilastann,barony,b_kilastann,c_kilastann,castle_holding
694,1654,206,13,33,b_sughra,barony,b_sughra,c_kilastann,city_holding
705,1655,76,255,161,b_umarah,barony,b_umarah,c_umarah,castle_holding
705,1656,153,24,190,b_talathat,barony,b_talathat,c_umarah,city_holding
692,1657,25,136,240,b_jurash,barony,b_jurash,c_white_coast,castle_holding
692,1658,1,172,38,b_isa,barony,b_isa,c_white_coast,city_holding
703,1659,52,58,252,b_ustann,barony,b_ustann,c_ustann_and_tuulish,castle_holding
703,1660,25,210,188,b_tuulish,barony,b_tuulish,c_ustann_and_tuulish,city_holding
703,1661,92,207,120,b_aransum,barony,b_aransum,c_ustann_and_tuulish,church_holding
703,1662,24,65,22,b_varstoth,barony,b_varstoth,c_ustann_and_tuulish,castle_holding
704,1663,42,200,117,b_athab,barony,b_athab,c_athab_cape,castle_holding
704,1664,149,170,72,b_khalab,barony,b_khalab,c_athab_cape,city_holding
702,1665,181,38,179,b_rume,barony,b_rume,c_rume,castle_holding
702,1666,240,78,223,b_amsa,barony,b_amsa,c_rume,city_holding
702,1667,194,152,240,b_nisudu,barony,b_nisudu,c_rume,church_holding
706,1668,75,35,1,b_somraggah,barony,b_somraggah,c_somraggah,castle_holding
706,1669,105,50,171,b_wakirnayskul,barony,b_wakirnayskul,c_somraggah,city_holding
706,1670,7,219,3,b_kishorc,barony,b_kishorc,c_somraggah,church_holding
2456,1671,86,60,89,b_delbyl,barony,b_delbyl,c_delbyl,castle_holding
2456,1672,153,207,235,b_tjenni,barony,b_tjenni,c_delbyl,church_holding
1422,1673,47,122,191,b_ingmur,barony,b_ingmur,c_ingmur,tribal_holding
699,1674,91,181,49,b_illix,barony,b_illix,c_upper_murghol,tribal_holding
1775,1675,86,107,170,b_zada,barony,b_zada,c_zada,tribal_holding
707,1676,89,232,182,b_dhaztanar,barony,b_dhaztanar,c_dhaztanar,castle_holding
707,1677,188,145,27,b_merv,barony,b_merv,c_dhaztanar,city_holding
707,1678,254,68,71,b_baduraya,barony,b_baduraya,c_dhaztanar,church_holding
707,1679,51,78,69,b_kili,barony,b_kili,c_dhaztanar,castle_holding
707,1680,161,61,29,b_hunam,barony,b_hunam,c_dhaztanar,city_holding
708,1681,57,65,255,b_darabjind,barony,b_darabjind,c_darabjind,castle_holding
708,1682,189,80,21,b_maristan,barony,b_maristan,c_darabjind,city_holding
708,1683,248,110,45,b_apashann,barony,b_apashann,c_darabjind,church_holding
1174,1684,156,29,107,b_semkhrun,barony,b_semkhrun,c_semkhrun,castle_holding
1174,1685,68,31,123,b_ubbaresh,barony,b_ubbaresh,c_semkhrun,city_holding
717,1686,164,7,208,b_qumis,barony,b_qumis,c_sempharin,castle_holding
717,1687,27,44,85,b_siniyat,barony,b_siniyat,c_sempharin,city_holding
717,1688,62,165,114,b_babis,barony,b_babis,c_sempharin,church_holding
718,1689,173,176,44,b_zabad,barony,b_zabad,c_zabad,castle_holding
718,1690,87,139,208,b_anbar,barony,b_anbar,c_zabad,city_holding
718,1691,170,170,4,b_taquasma,barony,b_taquasma,c_zabad,church_holding
718,1692,71,253,255,b_kelareth,barony,b_kelareth,c_zabad,castle_holding
719,1693,244,86,233,b_phelzol,barony,b_phelzol,c_phelzol,castle_holding
719,1694,227,75,185,b_saaid,barony,b_saaid,c_phelzol,city_holding
719,1695,64,4,178,b_nihawand,barony,b_nihawand,c_phelzol,church_holding
721,1696,93,239,190,b_banu,barony,b_banu,c_banu,castle_holding
721,1697,113,187,149,b_dar_al_kalif,barony,b_dar_al_kalif,c_banu,city_holding
721,1698,128,16,248,b_nimrikki,barony,b_nimrikki,c_banu,church_holding
722,1699,106,138,46,b_duirtanal,barony,b_duirtanal,c_duirtanal,castle_holding
722,1700,240,143,198,b_khalis,barony,b_khalis,c_duirtanal,city_holding
722,1701,57,131,200,b_wadieskab,barony,b_wadieskab,c_duirtanal,church_holding
778,1702,189,190,88,b_bhaluin,barony,b_bhaluin,c_bhaluin,castle_holding
720,1703,14,169,193,b_harb,barony,b_harb,c_harb,castle_holding
720,1704,244,148,249,b_uman,barony,b_uman,c_harb,city_holding
720,1705,232,234,47,b_shahar,barony,b_shahar,c_harb,church_holding
711,1706,213,20,245,b_deadfels,barony,b_deadfels,c_plain_of_heroes,castle_holding
711,1707,152,168,60,b_cutholme,barony,b_cutholme,c_plain_of_heroes,city_holding
716,1708,233,80,116,b_takrit,barony,b_takrit,c_takrit,castle_holding
716,1709,10,57,5,b_simman,barony,b_simman,c_takrit,city_holding
716,1710,148,48,145,b_dayr,barony,b_dayr,c_takrit,church_holding
824,1711,112,254,231,b_fustat,barony,b_fustat,c_fustat,castle_holding
824,1712,167,79,197,b_yarkamm,barony,b_yarkamm,c_fustat,city_holding
709,1713,138,183,104,b_istafa,barony,b_istafa,c_howling_gap,tribal_holding
710,1714,114,213,223,b_naysabur,barony,b_naysabur,c_naysabur,castle_holding
710,1715,100,216,191,b_quas_al_hasani,barony,b_quas_al_hasani,c_naysabur,city_holding
712,1716,93,212,139,b_iliphanar,barony,b_iliphanar,c_iliphanar,castle_holding
712,1717,226,167,98,b_kel_erish,barony,b_kel_erish,c_iliphanar,city_holding
713,1718,49,153,188,b_lexx,barony,b_lexx,c_dustwaves,castle_holding
713,1719,232,157,130,b_nulbundum,barony,b_nulbundum,c_dustwaves,city_holding
714,1720,62,169,69,b_darrabhar,barony,b_darrabhar,c_semphar_water,castle_holding
714,1721,56,175,239,b_fars,barony,b_fars,c_semphar_water,city_holding
715,1722,247,120,153,b_fasa,barony,b_fasa,c_upper_goldenflow,castle_holding
715,1723,202,56,73,b_aranare,barony,b_aranare,c_upper_goldenflow,city_holding
723,1724,162,220,123,b_tonge,barony,b_tonge,c_tonge,tribal_holding
728,1725,47,34,181,b_erath,barony,b_erath,c_estan,castle_holding
728,1726,35,157,140,b_alech,barony,b_alech,c_estan,city_holding
729,1727,178,193,97,b_kaleth,barony,b_kaleth,c_fergana,castle_holding
729,1728,177,94,189,b_far_amegal,barony,b_far_amegal,c_fergana,city_holding
726,1729,156,139,125,b_bexel,barony,b_bexel,c_ghaastwood,tribal_holding
727,1730,7,133,42,b_askamal,barony,b_askamal,c_haqar,castle_holding
1426,1731,41,232,38,b_thaymount_citadel,barony,b_thaymount_citadel,c_thaymount,castle_holding
1426,1732,209,10,98,b_bolchal,barony,b_bolchal,c_thaymount,church_holding
1426,1733,126,35,47,b_csim,barony,b_csim,c_thaymount,city_holding
1045,1734,119,179,3,b_dmir,barony,b_dmir,c_dmir,castle_holding
1045,1735,143,148,235,b_komikor,barony,b_komikor,c_dmir,city_holding
1045,1736,175,41,225,b_alharera,barony,b_alharera,c_dmir,church_holding
1044,1737,1,129,123,b_szul,barony,b_szul,c_szul,castle_holding
1044,1738,45,173,141,b_rautham,barony,b_rautham,c_szul,city_holding
1043,1739,112,214,241,b_umbthal,barony,b_umbthal,c_umbthal,castle_holding
1043,1740,127,162,60,b_eltab,barony,b_eltab,c_umbthal,city_holding
1035,1741,42,116,97,b_umratharos,barony,b_umratharos,c_umratharos,castle_holding
1035,1742,56,253,176,b_umatula,barony,b_umatula,c_umratharos,city_holding
1035,1743,167,113,2,b_gulduk,barony,b_gulduk,c_umratharos,church_holding
1172,1744,105,142,71,b_keluthar,barony,b_keluthar,c_keluthar,castle_holding
1172,1745,129,224,226,b_bez_eska,barony,b_bez_eska,c_keluthar,city_holding
1172,1746,229,234,186,b_naldiskor,barony,b_naldiskor,c_keluthar,church_holding
1034,1747,227,121,35,b_eltabbar,barony,b_eltabbar,c_eltabbar,castle_holding
1034,1748,73,214,85,b_daerath,barony,b_daerath,c_eltabbar,city_holding
1034,1749,34,252,255,b_venaros,barony,b_venaros,c_eltabbar,church_holding
1034,1750,236,243,229,b_pargethos,barony,b_pargethos,c_eltabbar,castle_holding
1051,1751,233,77,168,b_thossos,barony,b_thossos,c_rathmar,castle_holding
1046,1752,32,149,207,b_sefriszar,barony,b_sefriszar,c_sefriszar,castle_holding
1046,1753,142,212,133,b_thaldax,barony,b_thaldax,c_sefriszar,city_holding
1046,1754,164,7,44,b_zuldana,barony,b_zuldana,c_sefriszar,church_holding
1039,1755,89,134,179,b_gauros_keep,barony,b_gauros_keep,c_gauros,castle_holding
1039,1756,178,116,97,b_achnizu,barony,b_achnizu,c_gauros,city_holding
700,1757,134,121,153,b_denzar,barony,b_denzar,c_denzar,city_holding
700,1758,4,216,202,b_chur_gathos,barony,b_chur_gathos,c_denzar,castle_holding
1040,1759,213,72,201,b_escalant,barony,b_escalant,c_escalant,castle_holding
1040,1760,229,141,78,b_asha_masdak,barony,b_asha_masdak,c_escalant,city_holding
1040,1761,168,16,237,b_stal_masdak,barony,b_stal_masdak,c_escalant,church_holding
1048,1762,13,45,187,b_amruthar,barony,b_amruthar,c_amruthar,castle_holding
1048,1763,70,156,31,b_nethwatch,barony,b_nethwatch,c_amruthar,city_holding
1038,1764,30,37,6,b_anhaurz,barony,b_anhaurz,c_anhaurz,castle_holding
1038,1765,146,104,199,b_mithana,barony,b_mithana,c_anhaurz,city_holding
1012,1766,20,130,218,b_nethentir,barony,b_nethentir,c_nethentir,castle_holding
1012,1767,11,61,114,b_the_fanfare,barony,b_the_fanfare,c_nethentir,city_holding
1011,1768,137,63,7,b_nethjet,barony,b_nethjet,c_nethjet,castle_holding
1011,1769,79,112,174,b_eshyas,barony,b_eshyas,c_nethjet,city_holding
1011,1770,4,34,30,b_melmas,barony,b_melmas,c_nethjet,church_holding
1041,1771,157,41,194,b_pyrados,barony,b_pyrados,c_pyarados,castle_holding
1041,1772,141,219,118,b_moduhur,barony,b_moduhur,c_pyarados,city_holding
1041,1773,66,133,26,b_eracaz,barony,b_eracaz,c_pyarados,church_holding
1041,1774,19,27,177,b_delluk,barony,b_delluk,c_pyarados,castle_holding
1059,1775,183,38,183,b_onnaghi,barony,b_onnaghi,c_the_surague,castle_holding
1059,1776,47,133,183,b_ishtamir,barony,b_ishtamir,c_the_surague,city_holding
1023,1777,118,116,93,b_surtowers,barony,b_surtowers,c_surthay,castle_holding
1023,1778,199,132,203,b_westsulkh,barony,b_westsulkh,c_surthay,city_holding
1023,1779,31,240,38,b_true_surthay,barony,b_true_surthay,c_surthay,church_holding
1022,1780,6,121,231,b_rikthana,barony,b_rikthana,c_mulsanyaar,tribal_holding
1009,1781,33,10,213,b_dagleth,barony,b_dagleth,c_surmarsh,castle_holding
1042,1782,28,12,17,b_moszabbar,barony,b_moszabbar,c_moszabbar,castle_holding
1042,1783,120,181,252,b_thazar,barony,b_thazar,c_moszabbar,castle_holding
2497,1784,60,75,115,b_thazar_keep,barony,b_thazar_keep,c_thazar,castle_holding
2497,1785,151,95,244,b_hebe,barony,b_hebe,c_thazar,city_holding
1047,1786,102,172,179,b_krenlith,barony,b_krenlith,c_thazarim,castle_holding
1047,1787,234,13,246,b_zunthra,barony,b_zunthra,c_thazarim,city_holding
1033,1788,56,18,201,b_thund_greatharbor_anchorage,barony,b_thund_greatharbor_anchorage,c_the_alaor,castle_holding
1032,1789,28,175,171,b_bezantur,barony,b_bezantur,c_bezantur,castle_holding
1032,1790,73,167,166,b_unnakan,barony,b_unnakan,c_bezantur,city_holding
1032,1791,101,212,121,b_hexcidon,barony,b_hexcidon,c_bezantur,church_holding
1032,1792,99,142,195,b_balber,barony,b_balber,c_bezantur,castle_holding
1032,1793,40,33,198,b_thrakhos,barony,b_thrakhos,c_bezantur,city_holding
1037,1794,189,174,10,b_murbant,barony,b_murbant,c_murbant,castle_holding
1037,1795,207,211,58,b_pytharigla,barony,b_pytharigla,c_murbant,city_holding
1036,1796,159,49,195,b_thasselen,barony,b_thasselen,c_thasselen,castle_holding
1036,1797,237,195,253,b_sekbrax,barony,b_sekbrax,c_thasselen,city_holding
1036,1798,147,211,36,b_nishkashes,barony,b_nishkashes,c_thasselen,church_holding
1031,1799,251,65,236,b_tyraturos,barony,b_tyraturos,c_tyraturos,castle_holding
1031,1800,55,32,238,b_delabbar,barony,b_delabbar,c_tyraturos,city_holding
1031,1801,227,77,210,b_belizir,barony,b_belizir,c_tyraturos,church_holding
1031,1802,185,254,102,b_sekelmur,barony,b_sekelmur,c_tyraturos,castle_holding
1031,1803,196,206,0,b_nythgoro,barony,b_nythgoro,c_tyraturos,city_holding
2496,1804,18,99,90,b_ankhur,barony,b_ankhur,c_ankhur,castle_holding
2496,1805,71,206,40,b_dranikmor,barony,b_dranikmor,c_ankhur,city_holding
2496,1806,4,49,34,b_yadara,barony,b_yadara,c_ankhur,church_holding
1050,1807,169,220,212,b_nuthretos,barony,b_nuthretos,c_nuthretos,castle_holding
1050,1808,9,110,92,b_hurkh,barony,b_hurkh,c_nuthretos,city_holding
1050,1809,114,188,98,b_mophur,barony,b_mophur,c_nuthretos,church_holding
1425,1810,28,202,43,b_surag,barony,b_surag,c_surag,castle_holding
1425,1811,252,182,134,b_thazrumaros,barony,b_thazrumaros,c_surag,city_holding
1425,1812,197,139,47,b_kurkha,barony,b_kurkha,c_surag,church_holding
1049,1813,103,119,63,b_zolum,barony,b_zolum,c_zolum,castle_holding
1049,1814,92,216,167,b_solzepar,barony,b_solzepar,c_zolum,city_holding
1049,1815,108,46,56,b_arkira,barony,b_arkira,c_zolum,city_holding
992,1816,212,69,226,b_bildoobaris,barony,b_bildoobaris,c_bildoobaris,tribal_holding
992,1817,139,248,164,b_runalundr,barony,b_runalundr,c_bildoobaris,church_holding
922,1818,204,210,217,b_muirenon,barony,b_muirenon,c_the_teardrops,tribal_holding
927,1819,159,40,206,b_kolium,barony,b_kolium,c_kolium,tribal_holding
928,1820,121,140,3,b_njast,barony,b_njast,c_njast,tribal_holding
2540,1821,242,160,240,b_shandaular,barony,b_shandaular,c_shandaular,tribal_holding
997,1822,247,197,166,b_kront,barony,b_kront,c_kront,castle_holding
925,1823,102,140,127,b_julrish,barony,b_julrish,c_erech_forest,tribal_holding
926,1824,240,31,111,b_ixxim,barony,b_ixxim,c_falls_of_erech,tribal_holding
920,1825,172,209,44,b_vestil,barony,b_vestil,c_luirbrech,tribal_holding
924,1826,171,0,81,b_hoarbridge,barony,b_hoarbridge,c_hoarbridge,tribal_holding
921,1827,238,90,21,b_aspervi,barony,b_aspervi,c_aspervi,tribal_holding
923,1828,82,132,14,b_nar_sek_qutel,barony,b_nar_sek_qutel,c_qutel,tribal_holding
1579,1829,218,35,14,b_icelace,barony,b_icelace,c_icelace,tribal_holding
930,1830,10,134,204,b_peltarch,barony,b_peltarch,c_icetail,tribal_holding
1424,1831,62,91,213,b_denderdale,barony,b_denderdale,c_denderdale,tribal_holding
932,1832,206,171,72,b_jelvym,barony,b_jelvym,c_jelvym,tribal_holding
929,1833,46,111,113,b_nar_ormpur,barony,b_nar_ormpur,c_nar_ormpur,tribal_holding
931,1834,222,250,113,b_selmast,barony,b_selmast,c_quistrade,tribal_holding
2538,1835,32,186,132,b_giant_gap,barony,b_giant_gap,c_giant_gap,tribal_holding
366,1836,102,183,240,b_merkun,barony,b_merkun,c_merkungard,tribal_holding
2524,1837,192,170,34,b_graskynar,barony,b_graskynar,c_graskynar,castle_holding
2524,1838,88,229,15,b_yaughsonn,barony,b_yaughsonn,c_graskynar,city_holding
2524,1839,129,247,127,b_tavwurn,barony,b_tavwurn,c_graskynar,church_holding
395,1840,102,244,64,b_uthmere,barony,b_uthmere,c_uthmere,castle_holding
395,1841,215,59,180,b_maubergs_oak,barony,b_maubergs_oak,c_uthmere,city_holding
395,1842,171,70,78,b_hall_of_the_just,barony,b_hall_of_the_just,c_uthmere,church_holding
395,1843,224,211,187,b_lords_palace,barony,b_lords_palace,c_uthmere,castle_holding
994,1844,87,49,219,b_bezentil,barony,b_bezentil,c_bezentil,city_holding
990,1845,245,134,226,b_carwyth_hold,barony,b_carwyth_hold,c_carwyth,castle_holding
990,1846,18,195,148,b_evreltheds_hill,barony,b_evreltheds_hill,c_carwyth,city_holding
998,1847,192,252,22,b_new_sarshel,barony,b_new_sarshel,c_new_sarshel,castle_holding
993,1848,144,92,118,b_fortress_narder,barony,b_fortress_narder,c_narderwood,church_holding
1156,1849,64,248,186,b_jellik,barony,b_jellik,c_middlewoods,church_holding
991,1850,242,220,206,b_lethywald,barony,b_lethywald,c_west_lethyr,church_holding
1423,1851,205,73,167,b_flamhold,barony,b_flamhold,c_wood_of_flam,church_holding
2539,1852,190,41,209,b_dun_tharos,barony,b_dun_tharos,c_dun_tharos,church_holding
986,1853,205,58,208,b_nighthawk_tower,barony,b_nighthawk_tower,c_helenas_wood,church_holding
989,1854,213,54,140,b_dag_nast,barony,b_dag_nast,c_dunwood,church_holding
987,1855,78,42,192,b_fortress_clymph,barony,b_fortress_clymph,c_sidewinder_wood,tribal_holding
1576,1856,219,219,185,b_myth_telvondial,barony,b_myth_telvondial,c_myth_telvondial,tribal_holding
996,1857,113,152,48,b_spearsmouth,barony,b_spearsmouth,c_spearsmouth_dale,castle_holding
996,1858,157,238,144,b_arglith,barony,b_arglith,c_spearsmouth_dale,city_holding
995,1859,195,136,127,b_kuthnuk,barony,b_kuthnuk,c_mettledale,castle_holding
1000,1860,21,62,244,b_telflamm,barony,b_telflamm,c_telflamm,city_holding
1000,1861,192,217,215,b_castle_balindre,barony,b_castle_balindre,c_telflamm,castle_holding
1000,1862,139,21,3,b_merchants_fortress,barony,b_merchants_fortress,c_telflamm,city_holding
1000,1863,144,187,226,b_hall_of_the_avenging_hammer,barony,b_hall_of_the_avenging_hammer,c_telflamm,church_holding
1001,1864,72,41,23,b_culmaster,barony,b_culmaster,c_culmaster,castle_holding
1001,1865,141,34,82,b_thassalra,barony,b_thassalra,c_culmaster,city_holding
999,1866,91,244,139,b_nyth,barony,b_nyth,c_nyth,city_holding
999,1867,24,223,111,b_ethdale,barony,b_ethdale,c_nyth,castle_holding
1029,1868,250,140,153,b_milvarune,barony,b_milvarune,c_milvarune,castle_holding
1029,1869,87,119,158,b_marbelaga,barony,b_marbelaga,c_milvarune,church_holding
1006,1870,213,231,65,b_two_stars,barony,b_two_stars,c_two_stars,castle_holding
1006,1871,18,170,23,b_mulsantir_ferry,barony,b_mulsantir_ferry,c_two_stars,city_holding
1006,1872,56,117,145,b_klinthruk,barony,b_klinthruk,c_two_stars,church_holding
1010,1873,97,140,199,b_kannur,barony,b_kannur,c_ashanvast,tribal_holding
1008,1874,10,55,4,b_admash,barony,b_admash,c_murthil,tribal_holding
1007,1875,36,183,132,b_tezir_on_the_marsh,barony,b_tezir_on_the_marsh,c_tezir,city_holding
1002,1876,100,198,106,b_phent,barony,b_phent,c_phent,city_holding
1002,1877,128,79,57,b_inkra,barony,b_inkra,c_phent,castle_holding
1013,1878,64,37,66,b_ethvale,barony,b_ethvale,c_ethvale,castle_holding
1013,1879,51,94,122,b_avargand,barony,b_avargand,c_ethvale,city_holding
1003,1880,181,49,99,b_phsant,barony,b_phsant,c_phsant,city_holding
1003,1881,125,204,123,b_klonna,barony,b_klonna,c_phsant,castle_holding
1004,1882,137,169,164,b_surcross,barony,b_surcross,c_surcross,city_holding
1005,1883,66,107,105,b_tammar,barony,b_tammar,c_tammar,city_holding
1005,1884,5,215,174,b_simbath,barony,b_simbath,c_tammar,castle_holding
25,1885,50,215,114,b_silverymoon,barony,b_silverymoon,c_silverymoon,city_holding
25,1886,111,180,215,b_rauvinwatch,barony,b_rauvinwatch,c_silverymoon,castle_holding
25,1887,155,106,228,b_ladys_hand,barony,b_ladys_hand,c_silverymoon,church_holding
25,1888,65,237,47,b_khelb,barony,b_khelb,c_silverymoon,city_holding
28,1889,18,79,113,b_rivermoot,barony,b_rivermoot,c_rivermoot,city_holding
28,1890,231,185,117,b_winter_edge,barony,b_winter_edge,c_rivermoot,city_holding
30,1891,66,68,226,b_hawks_nest,barony,b_hawks_nest,c_silvermoon_pass,castle_holding
30,1892,77,36,52,b_auvandell,barony,b_auvandell,c_silvermoon_pass,city_holding
30,1893,243,5,1,b_deckon_thar,barony,b_deckon_thar,c_silvermoon_pass,castle_holding
1409,1894,69,190,114,b_olostins_hold,barony,b_olostins_hold,c_silverwood,tribal_holding
2449,1895,10,221,250,b_hall_of_kings,barony,b_hall_of_kings,c_adbarrim,castle_holding
2449,1896,183,131,180,b_adbarrim,barony,b_adbarrim,c_adbarrim,city_holding
36,1897,60,182,110,b_citadel_adbar,barony,b_citadel_adbar,c_citadel_adbar,castle_holding
36,1898,243,134,167,b_dragonspikes,barony,b_dragonspikes,c_citadel_adbar,castle_holding
2462,1899,22,154,117,b_meruindelve,barony,b_meruindelve,c_cold_vale,tribal_holding
2461,1900,201,20,9,b_ascore_gates,barony,b_ascore_gates,c_ascore,castle_holding
53,1901,178,143,45,b_graevelwood,barony,b_graevelwood,c_arn_forest,castle_holding
479,1902,251,84,63,b_deadsnows,barony,b_deadsnows,c_the_fork,tribal_holding
1436,1903,232,137,32,b_vordrorn,barony,b_vordrorn,c_vordrorn_forest,castle_holding
32,1904,44,89,157,b_mithral_hall,barony,b_mithral_hall,c_mithral_hall,castle_holding
32,1905,105,208,199,b_fourthpeak,barony,b_fourthpeak,c_mithral_hall,city_holding
32,1906,36,91,158,b_hall_of_dumathoin,barony,b_hall_of_dumathoin,c_mithral_hall,church_holding
32,1907,242,142,106,b_garumns_gorge,barony,b_garumns_gorge,c_mithral_hall,castle_holding
2511,1908,154,168,16,b_andalbruin,barony,b_andalbruin,c_selskar_vale,tribal_holding
1413,1909,15,26,111,b_settlestone,barony,b_settlestone,c_settlestone,castle_holding
1413,1910,134,122,193,b_keepers_dale,barony,b_keepers_dale,c_settlestone,city_holding
1413,1911,18,177,99,b_northlook,barony,b_northlook,c_settlestone,church_holding
38,1912,44,55,22,b_masters_hall_sbr,barony,b_masters_hall_sbr,c_sundabar,castle_holding
38,1913,98,150,153,b_sundabar,barony,b_sundabar,c_sundabar,city_holding
38,1914,127,249,142,b_hall_of_vigilance,barony,b_hall_of_vigilance,c_sundabar,church_holding
38,1915,149,110,194,b_newfort,barony,b_newfort,c_sundabar,castle_holding
106,1916,134,239,154,b_citadel_felbarr,barony,b_citadel_felbarr,c_felbarr,castle_holding
106,1917,34,82,44,b_felbarr_fields,barony,b_felbarr_fields,c_felbarr,city_holding
2550,1918,68,146,127,b_dead_orc_pass,barony,b_dead_orc_pass,c_dead_orc_pass,tribal_holding
29,1919,49,21,214,b_hall_of_the_elders,barony,b_hall_of_the_elders,c_everlund,castle_holding
29,1920,139,24,3,b_everlund,barony,b_everlund,c_everlund,city_holding
29,1921,62,75,13,b_moongleam,barony,b_moongleam,c_everlund,church_holding
473,1922,152,51,6,b_jalanthar,barony,b_jalanthar,c_jalanthar,city_holding
473,1923,252,175,236,b_moon_pass,barony,b_moon_pass,c_jalanthar,castle_holding
2614,1924,146,113,117,b_maer_dualdon,barony,b_maer_dualdon,c_maer_dualdon,city_holding
2614,1925,194,133,212,b_jarlmoot,barony,b_jarlmoot,c_maer_dualdon,castle_holding
46,1926,3,125,158,b_easthaven,barony,b_easthaven,c_lac_dinneshere,city_holding
46,1927,84,201,98,b_caer_dineval,barony,b_caer_dineval,c_lac_dinneshere,castle_holding
2615,1928,154,20,255,b_good_mead,barony,b_good_mead,c_redwaters,church_holding
2615,1929,99,112,196,b_dougans_hole,barony,b_dougans_hole,c_redwaters,city_holding
2615,1930,237,178,46,b_redwaters,barony,b_redwaters,c_redwaters,tribal_holding
45,1931,153,137,43,b_kelvins_cairn,barony,b_kelvins_cairn,c_kelvins_cairn,castle_holding
2616,1932,245,181,125,b_dwarven_valley,barony,b_dwarven_valley,c_dwarven_valley,castle_holding
2616,1933,55,168,47,b_termalaine,barony,b_termalaine,c_dwarven_valley,castle_holding
2617,1934,151,190,76,b_highplume_station,barony,b_highplume_station,c_highplume_station,tribal_holding
23,1935,233,76,103,b_windlyne_fort,barony,b_windlyne_fort,c_fireshear,castle_holding
23,1936,141,143,147,b_fireshear,barony,b_fireshear,c_fireshear,city_holding
43,1937,162,148,105,b_ironmaster,barony,b_ironmaster,c_ironmaster,castle_holding
43,1938,99,121,0,b_firestone,barony,b_firestone,c_ironmaster,city_holding
2571,1939,148,246,61,b_mirar_green,barony,b_mirar_green,c_hosttower_of_the_arcane,tribal_holding
2571,1940,64,51,238,b_central_spire,barony,b_central_spire,c_hosttower_of_the_arcane,castle_holding
2620,1941,200,203,14,b_the_icefields,barony,b_the_icefields,c_the_icefields,tribal_holding
2561,1942,183,153,50,b_icewind_coast,barony,b_icewind_coast,c_icewind_coast,tribal_holding
51,1943,13,54,80,b_evermelt,barony,b_evermelt,c_evermelt,tribal_holding
1175,1944,73,38,150,b_prints_floe,barony,b_prints_floe,c_prints_floe,tribal_holding
1433,1945,49,163,159,b_rurikar,barony,b_rurikar,c_ruriks_end,tribal_holding
2567,1946,193,36,43,b_outer_reghed,barony,b_outer_reghed,c_outer_reghed,tribal_holding
50,1947,47,95,124,b_kuldahar,barony,b_kuldahar,c_the_great_oak,church_holding
2568,1948,96,3,165,b_the_rift,barony,b_the_rift,c_the_rift,tribal_holding
2619,1949,127,63,153,b_broken_well,barony,b_broken_well,c_broken_well,castle_holding
2587,1950,16,82,124,b_wyrmdoom_crag,barony,b_wyrmdoom_crag,c_wyrmdoom_crag,tribal_holding
2618,1951,195,23,120,b_skytower_shelter,barony,b_skytower_shelter,c_skytower_shelter,tribal_holding
2424,1952,63,93,26,b_wyrms_tooth,barony,b_wyrms_tooth,c_wyrms_tooth,castle_holding
2424,1953,83,176,235,b_dorns_deep,barony,b_dorns_deep,c_wyrms_tooth,city_holding
44,1954,55,102,131,b_hundelstone,barony,b_hundelstone,c_hundelstone,castle_holding
44,1955,101,137,58,b_chevlarin,barony,b_chevlarin,c_hundelstone,city_holding
2566,1956,62,234,214,b_severed_hand,barony,b_severed_hand,c_severed_hand,castle_holding
2566,1957,162,6,2,b_vale_of_shadows,barony,b_vale_of_shadows,c_severed_hand,church_holding
17,1958,5,127,109,b_captains_court,barony,b_captains_court,c_luskan,castle_holding
17,1959,209,157,22,b_whitesails_harbour,barony,b_whitesails_harbour,c_luskan,city_holding
17,1960,219,214,114,b_winter_palace,barony,b_winter_palace,c_luskan,church_holding
42,1961,205,121,209,b_blackford,barony,b_blackford,c_blackford,tribal_holding
42,1962,95,96,175,b_icemelt,barony,b_icemelt,c_blackford,city_holding
472,1963,109,188,22,b_port_wyn,barony,b_port_wyn,c_lyntara,tribal_holding
472,1964,116,119,84,b_valarholm,barony,b_valarholm,c_lyntara,city_holding
234,1965,158,155,211,b_blackstars,barony,b_blackstars,c_the_fell_wood,tribal_holding
40,1966,159,28,82,b_mirabar,barony,b_mirabar,c_mirabar,city_holding
40,1967,207,103,93,b_duronds_town,barony,b_duronds_town,c_mirabar,city_holding
40,1968,155,152,55,b_alemaster,barony,b_alemaster,c_mirabar,church_holding
40,1969,34,180,188,b_crag_creek,barony,b_crag_creek,c_mirabar,castle_holding
41,1970,19,118,191,b_khedvallahir,barony,b_khedvallahir,c_khedrun_valley,tribal_holding
41,1971,236,134,183,b_shield_way,barony,b_shield_way,c_khedrun_valley,city_holding
1165,1972,88,152,171,b_klaidson,barony,b_klaidson,c_valley_of_klaidson,tribal_holding
2609,1973,175,194,189,b_upper_khedrun,barony,b_upper_khedrun,c_upper_khedrun,tribal_holding
1216,1974,191,50,181,b_dark_arrow_keep,barony,b_dark_arrow_keep,c_dark_arrow,castle_holding
39,1975,211,220,236,b_shallows,barony,b_shallows,c_fell_pass,tribal_holding
39,1976,36,80,97,b_castle_of_illusion,barony,b_castle_of_illusion,c_fell_pass,castle_holding
2444,1977,226,122,121,b_fortress_eyegad,barony,b_fortress_eyegad,c_eyegad,castle_holding
21,1978,170,35,200,b_halanaskarr,barony,b_halanaskarr,c_lurkwood,tribal_holding
21,1979,123,114,211,b_maraks_tor,barony,b_maraks_tor,c_lurkwood,church_holding
26,1980,108,109,71,b_griffons_nest,barony,b_griffons_nest,c_surbrin_hills,tribal_holding
2510,1981,161,51,65,b_shining_white,barony,b_shining_white,c_shining_white,tribal_holding
1200,1982,132,79,37,b_grunwald,barony,b_grunwald,c_grunwald,tribal_holding
169,1983,24,11,239,b_orglaunt,barony,b_orglaunt,c_the_crags,tribal_holding
2532,1984,30,85,158,b_white_tree,barony,b_white_tree,c_wild_hills,tribal_holding
582,1985,201,173,89,b_nesme,barony,b_nesme,c_nesme,city_holding
582,1986,144,252,195,b_mornbryns_shield,barony,b_mornbryns_shield,c_nesme,castle_holding
27,1987,131,67,187,b_startop,barony,b_startop,c_the_evermoors,tribal_holding
2509,1988,114,252,114,b_flint_rock,barony,b_flint_rock,c_flint_rock,tribal_holding
33,1989,175,220,193,b_frostrill,barony,b_frostrill,c_druarwood,castle_holding
35,1990,94,104,124,b_thradulf,barony,b_thradulf,c_coldwood,tribal_holding
34,1991,226,125,11,b_quaervarr,barony,b_quaervarr,c_moonwood,tribal_holding
47,1992,131,245,212,b_beorunnas_well,barony,b_beorunnas_well,c_night_trees,castle_holding
48,1993,232,80,88,b_stagwick,barony,b_stagwick,c_hartsvale,castle_holding
52,1994,6,11,173,b_fir_palace,barony,b_fir_palace,c_endless_blizzard,church_holding
52,1995,43,69,242,b_storming_gorge,barony,b_storming_gorge,c_endless_blizzard,castle_holding
69,1996,18,191,13,b_twilight_hold,barony,b_twilight_hold,c_the_bleak_plain,tribal_holding
69,1997,79,106,142,b_truespir,barony,b_truespir,c_the_bleak_plain,church_holding
49,1998,41,16,141,b_tholvarr,barony,b_tholvarr,c_tholvarr,tribal_holding
1435,1999,252,98,70,b_tharitesh,barony,b_tharitesh,c_winters_edge,tribal_holding
1434,2000,117,218,144,b_toraldur,barony,b_toraldur,c_toraldur,tribal_holding
1176,2001,26,121,163,b_dzoulins_cradle,barony,b_dzoulins_cradle,c_dzoulins_cradle,tribal_holding
1177,2002,215,86,126,b_gallads_garden,barony,b_gallads_garden,c_gallads_garden,tribal_holding
1178,2003,144,84,152,b_lonefang,barony,b_lonefang,c_lonefang,tribal_holding
2,2004,234,153,230,b_bargewright_inn,barony,b_bargewright_inn,c_amphail,castle_holding
2,2005,32,63,206,b_amphail,barony,b_amphail,c_amphail,city_holding
2,2006,185,244,182,b_rundreth,barony,b_rundreth,c_amphail,church_holding
2427,2007,87,206,108,b_goldenfields,barony,b_goldenfields,c_goldenfields,church_holding
2427,2008,167,119,159,b_harvesthome,barony,b_harvesthome,c_goldenfields,church_holding
2429,2009,235,2,161,b_womford,barony,b_womford,c_womford,castle_holding
2429,2010,28,95,116,b_ganstars_creek,barony,b_ganstars_creek,c_womford,city_holding
18,2011,37,79,149,b_red_larch,barony,b_red_larch,c_red_larch,city_holding
18,2012,43,17,122,b_westbridge,barony,b_westbridge,c_red_larch,castle_holding
18,2013,67,5,76,b_helvenblade,barony,b_helvenblade,c_red_larch,church_holding
2508,2014,83,9,127,b_scarlet_moon_hall,barony,b_scarlet_moon_hall,c_sumber_hills,city_holding
2508,2015,82,100,182,b_sacred_stone,barony,b_sacred_stone,c_sumber_hills,church_holding
2508,2016,162,226,80,b_rivergard,barony,b_rivergard,c_sumber_hills,tribal_holding
100,2017,210,151,79,b_beliard,barony,b_beliard,c_beliard,city_holding
100,2018,251,168,34,b_gladestone,barony,b_gladestone,c_beliard,castle_holding
156,2019,155,58,206,b_waterbarons_hall,barony,b_waterbarons_hall,c_yartar,castle_holding
156,2020,132,67,35,b_yartar,barony,b_yartar,c_yartar,city_holding
156,2021,93,131,44,b_two_hap_fort_hall,barony,b_two_hap_fort_hall,c_yartar,church_holding
156,2022,156,98,63,b_shield_tower,barony,b_shield_tower,c_yartar,castle_holding
31,2023,154,228,181,b_noanars_hold,barony,b_noanars_hold,c_calling_horns,castle_holding
31,2024,152,8,190,b_calling_horns,barony,b_calling_horns,c_calling_horns,city_holding
19,2025,231,180,92,b_longsaddle,barony,b_longsaddle,c_longsaddle,castle_holding
19,2026,57,246,236,b_harpell_hill,barony,b_harpell_hill,c_longsaddle,city_holding
4,2027,139,25,74,b_triboar,barony,b_triboar,c_triboar,city_holding
4,2028,179,1,246,b_westpharl,barony,b_westpharl,c_triboar,castle_holding
4,2029,149,245,123,b_lost_moon,barony,b_lost_moon,c_triboar,church_holding
1439,2030,0,159,168,b_beruns_hill,barony,b_beruns_hill,c_starmetal_hills,church_holding
1439,2031,118,0,60,b_twilight_tor,barony,b_twilight_tor,c_starmetal_hills,city_holding
57,2032,86,183,253,b_eldathyn,barony,b_eldathyn,c_the_sisters,tribal_holding
57,2033,239,118,180,b_khlecayre,barony,b_khlecayre,c_the_sisters,city_holding
57,2034,171,34,234,b_darmaerthe,barony,b_darmaerthe,c_the_sisters,church_holding
57,2035,220,104,158,b_talon_tower,barony,b_talon_tower,c_the_sisters,castle_holding
56,2036,82,1,88,b_lhuve,barony,b_lhuve,c_heartblood,tribal_holding
56,2037,130,142,224,b_karse,barony,b_karse,c_heartblood,castle_holding
1403,2038,213,108,138,b_starshadow,barony,b_starshadow,c_the_old_trees,tribal_holding
1403,2039,238,134,221,b_old_trees,barony,b_old_trees,c_the_old_trees,city_holding
1152,2040,236,208,147,b_nordahaeril,barony,b_nordahaeril,c_centaur_run,tribal_holding
1152,2041,73,153,100,b_morynarth,barony,b_morynarth,c_centaur_run,city_holding
1152,2042,212,53,73,b_far_forount,barony,b_far_forount,c_centaur_run,church_holding
70,2043,104,1,191,b_caerilcarn,barony,b_caerilcarn,c_unicorn_run,tribal_holding
70,2044,125,250,111,b_ellatharion,barony,b_ellatharion,c_unicorn_run,city_holding
1568,2045,221,60,90,b_pharren,barony,b_pharren,c_pharren,tribal_holding
67,2046,165,26,236,b_teuveamanthaar,barony,b_teuveamanthaar,c_tall_trees,church_holding
67,2047,17,157,213,b_morkermhoarth,barony,b_morkermhoarth,c_tall_trees,city_holding
67,2048,73,199,194,b_kerymnaar,barony,b_kerymnaar,c_tall_trees,castle_holding
67,2049,89,192,167,b_vale_of_memory,barony,b_vale_of_memory,c_tall_trees,church_holding
300,2050,240,133,130,b_eastwood,barony,b_eastwood,c_eastwood,castle_holding
300,2051,39,174,2,b_karscragg,barony,b_karscragg,c_eastwood,city_holding
300,2052,214,238,134,b_starpoint,barony,b_starpoint,c_eastwood,church_holding
1692,2053,247,50,125,b_elven_port,barony,b_elven_port,c_elven_port,castle_holding
1692,2054,30,29,127,b_nar_kerymhoarth,barony,b_nar_kerymhoarth,c_elven_port,church_holding
2473,2055,114,177,54,b_glaurachyndaar,barony,b_glaurachyndaar,c_glaurachyndaar,castle_holding
2473,2056,28,230,161,b_talgotha,barony,b_talgotha,c_glaurachyndaar,city_holding
2473,2057,132,143,41,b_star_mausoleum,barony,b_star_mausoleum,c_glaurachyndaar,church_holding
2473,2058,153,214,165,b_tuerel,barony,b_tuerel,c_glaurachyndaar,castle_holding
105,2059,108,131,16,b_hellgate_keep,barony,b_hellgate_keep,c_ascalhorn,castle_holding
105,2060,128,29,243,b_orinthae,barony,b_orinthae,c_ascalhorn,church_holding
105,2061,80,11,113,b_telkouns_tower,barony,b_telkouns_tower,c_ascalhorn,castle_holding
105,2062,225,238,208,b_ascalharla,barony,b_ascalharla,c_ascalhorn,city_holding
107,2063,109,96,119,b_taerymdoom,barony,b_taerymdoom,c_far_forest,castle_holding
305,2064,86,201,98,b_veska,barony,b_veska,c_weathercote_wood,tribal_holding
305,2065,85,248,202,b_tamm,barony,b_tamm,c_weathercote_wood,city_holding
305,2066,110,76,221,b_juloth,barony,b_juloth,c_weathercote_wood,church_holding
108,2067,180,58,35,b_saharelgard,barony,b_saharelgard,c_fallen_lands,tribal_holding
108,2068,177,129,255,b_dry_hills,barony,b_dry_hills,c_fallen_lands,city_holding
108,2069,143,209,141,b_ustark,barony,b_ustark,c_fallen_lands,church_holding
1162,2070,137,157,252,b_lothen,barony,b_lothen,c_lothen,castle_holding
1162,2071,238,59,123,b_aelyth,barony,b_aelyth,c_lothen,city_holding
2475,2072,25,121,172,b_arselyndaar,barony,b_arselyndaar,c_ong_woods,tribal_holding
2475,2073,239,162,122,b_sylfaaril,barony,b_sylfaaril,c_ong_woods,church_holding
2475,2074,44,206,105,b_caelpiir,barony,b_caelpiir,c_ong_woods,city_holding
55,2075,178,84,216,b_morndinvuddrin,barony,b_morndinvuddrin,c_lost_peaks,castle_holding
55,2076,27,213,210,b_rornfaern,barony,b_rornfaern,c_lost_peaks,city_holding
55,2077,180,123,70,b_grandfather_tree,barony,b_grandfather_tree,c_lost_peaks,church_holding
1437,2078,48,83,208,b_mhiilamniir,barony,b_mhiilamniir,c_mhiilamnir,tribal_holding
1437,2079,197,194,184,b_fhaorkerymkiir,barony,b_fhaorkerymkiir,c_mhiilamnir,city_holding
1437,2080,117,20,232,b_xeler,barony,b_xeler,c_mhiilamnir,church_holding
37,2081,222,85,118,b_citadel_of_the_mists,barony,b_citadel_of_the_mists,c_turlangs_wood,castle_holding
37,2082,113,30,78,b_orlgotha,barony,b_orlgotha,c_turlangs_wood,city_holding
37,2083,53,52,18,b_shilrua,barony,b_shilrua,c_turlangs_wood,church_holding
37,2084,237,226,44,b_darkmaidens_leap,barony,b_darkmaidens_leap,c_turlangs_wood,castle_holding
2547,2085,79,90,133,b_hartblood_spring,barony,b_hartblood_spring,c_star_mounts,tribal_holding
1,2086,47,47,111,b_castle_waterdeep,barony,b_castle_waterdeep,c_waterdeep,castle_holding
1,2087,23,250,13,b_castle_ward,barony,b_castle_ward,c_waterdeep,castle_holding
1,2088,252,167,22,b_sea_ward,barony,b_sea_ward,c_waterdeep,city_holding
1,2089,247,228,169,b_north_ward,barony,b_north_ward,c_waterdeep,city_holding
1445,2090,34,2,142,b_roaring_dragon_house,barony,b_roaring_dragon_house,c_zundbridge,city_holding
1445,2091,237,147,65,b_rat_hills,barony,b_rat_hills,c_zundbridge,church_holding
1406,2092,93,73,58,b_rassalantars_keep,barony,b_rassalantars_keep,c_rassalantar,castle_holding
1406,2093,235,91,32,b_rassalantar,barony,b_rassalantar,c_rassalantar,city_holding
1406,2094,99,101,133,b_maidens_tomb_tor,barony,b_maidens_tomb_tor,c_rassalantar,church_holding
2548,2095,113,58,197,b_mount_sar,barony,b_mount_sar,c_mount_sar,castle_holding
5,2096,58,25,31,b_hespheira,barony,b_hespheira,c_red_cliffs,castle_holding
20,2097,205,9,48,b_southkrypt,barony,b_southkrypt,c_kryptgarden_forest,tribal_holding
307,2098,115,73,67,b_kheldell,barony,b_kheldell,c_westwood,church_holding
2195,2099,186,148,137,b_illefarn_keep,barony,b_illefarn_keep,c_mount_illefarn,tribal_holding
2195,2100,117,3,191,b_laughing_hollow,barony,b_laughing_hollow,c_mount_illefarn,city_holding
468,2101,171,226,207,b_firehammer_hold,barony,b_firehammer_hold,c_forlorn_hills,tribal_holding
468,2102,17,128,74,b_torstultok,barony,b_torstultok,c_forlorn_hills,church_holding
468,2103,230,36,44,b_house_of_taeros,barony,b_house_of_taeros,c_forlorn_hills,city_holding
12,2104,74,6,191,b_leilon,barony,b_leilon,c_leilon,castle_holding
12,2105,227,26,47,b_highcliff,barony,b_highcliff,c_leilon,city_holding
471,2106,2,207,28,b_phandalin,barony,b_phandalin,c_cony_gap,castle_holding
471,2107,40,36,16,b_umbrage_hill,barony,b_umbrage_hill,c_cony_gap,city_holding
471,2108,71,229,165,b_axeholm,barony,b_axeholm,c_cony_gap,tribal_holding
471,2109,6,10,201,b_ieirithymbul,barony,b_ieirithymbul,c_cony_gap,city_holding
2622,2110,146,122,251,b_icespire_peak,barony,b_icespire_peak,c_icespire_peak,tribal_holding
2623,2111,32,225,133,b_conyberry,barony,b_conyberry,c_conyberry,city_holding
9,2112,102,217,88,b_uthtower,barony,b_uthtower,c_mere_of_dead_men,church_holding
9,2113,132,116,191,b_west_harbor,barony,b_west_harbor,c_mere_of_dead_men,city_holding
2553,2114,40,59,18,b_thornhold,barony,b_thornhold,c_thornhold,castle_holding
233,2115,219,51,47,b_greentree_haven,barony,b_greentree_haven,c_ardeep_forest,tribal_holding
233,2116,38,238,213,b_glen_of_aloevan,barony,b_glen_of_aloevan,c_ardeep_forest,city_holding
233,2117,146,59,205,b_deepening_moon,barony,b_deepening_moon,c_ardeep_forest,church_holding
1447,2118,135,21,65,b_talmost,barony,b_talmost,c_halangorn,tribal_holding
1447,2119,158,34,77,b_loghann,barony,b_loghann,c_halangorn,city_holding
1447,2120,37,126,121,b_hardstone,barony,b_hardstone,c_halangorn,church_holding
8,2121,32,10,123,b_castle_never,barony,b_castle_never,c_neverwinter,castle_holding
8,2122,168,95,202,b_the_academy,barony,b_the_academy,c_neverwinter,castle_holding
8,2123,27,113,142,b_blacklake,barony,b_blacklake,c_neverwinter,city_holding
8,2124,32,199,189,b_neverdeath,barony,b_neverdeath,c_neverwinter,church_holding
2426,2125,250,245,133,b_helms_hold,barony,b_helms_hold,c_helms_hold,city_holding
2426,2126,250,150,220,b_helms_cathedral,barony,b_helms_cathedral,c_helms_hold,church_holding
2426,2127,218,224,143,b_crossroad_keep,barony,b_crossroad_keep,c_helms_hold,castle_holding
10,2128,134,151,0,b_port_llast,barony,b_port_llast,c_port_llast,city_holding
10,2129,2,3,168,b_graths_hold,barony,b_graths_hold,c_port_llast,castle_holding
11,2130,220,24,198,b_thundertree,barony,b_thundertree,c_neverwinter_wood,tribal_holding
11,2131,65,232,181,b_charwood,barony,b_charwood,c_neverwinter_wood,city_holding
11,2132,71,8,9,b_xinlenal,barony,b_xinlenal,c_neverwinter_wood,castle_holding
2428,2133,58,77,61,b_sharandar,barony,b_sharandar,c_sharandar,tribal_holding
2428,2134,30,160,11,b_eveninglight,barony,b_eveninglight,c_sharandar,city_holding
2438,2135,218,39,11,b_everwinter,barony,b_everwinter,c_illuskwood,tribal_holding
2624,2136,117,164,30,b_cragmaw,barony,b_cragmaw,c_cragmaw,castle_holding
2625,2137,37,255,210,b_shederran_grove,barony,b_shederran_grove,c_shederran_grove,tribal_holding
1015,2138,123,193,199,b_mulsantir,barony,b_mulsantir,c_mulsantir,castle_holding
1015,2139,136,149,149,b_arashamar,barony,b_arashamar,c_mulsantir,city_holding
1016,2140,233,223,205,b_ashenwood,barony,b_ashenwood,c_ashenwood,tribal_holding
1021,2141,177,75,254,b_rashaflow,barony,b_rashaflow,c_rashaflow,castle_holding
1058,2142,193,137,210,b_tinnir,barony,b_tinnir,c_tinnir,castle_holding
1058,2143,149,196,3,b_rence,barony,b_rence,c_tinnir,city_holding
841,2144,96,37,161,b_citadel_rashemar,barony,b_citadel_rashemar,c_citadel_rashemar,castle_holding
1020,2145,160,194,144,b_shevel,barony,b_shevel,c_thasunta,castle_holding
1020,2146,210,112,158,b_thasunta,barony,b_thasunta,c_thasunta,city_holding
848,2147,33,240,196,b_kouangi,barony,b_kouangi,c_kouangi,castle_holding
1017,2148,218,213,86,b_immilmar,barony,b_immilmar,c_immilmar,castle_holding
1017,2149,77,42,151,b_trancana,barony,b_trancana,c_immilmar,city_holding
1018,2150,54,65,91,b_mulptan,barony,b_mulptan,c_mulptan,castle_holding
1018,2151,125,0,212,b_mulp_phim,barony,b_mulp_phim,c_mulptan,city_holding
1019,2152,207,12,78,b_urling,barony,b_urling,c_urlingwood,castle_holding
1019,2153,221,206,226,b_taporan,barony,b_taporan,c_urlingwood,city_holding
914,2154,32,25,151,b_beacon_cairn,barony,b_beacon_cairn,c_beacon_cairn,castle_holding
849,2155,98,207,10,b_tane,barony,b_tane,c_tane,tribal_holding
2498,2156,115,214,138,b_clearflow_keep,barony,b_clearflow_keep,c_clearflow_vale,castle_holding
916,2157,48,57,153,b_nathoud,barony,b_nathoud,c_nathoud,castle_holding
919,2158,199,119,86,b_horaholm,barony,b_horaholm,c_horaholm,castle_holding
917,2159,206,108,105,b_kalish,barony,b_kalish,c_kalish,castle_holding
918,2160,182,232,22,b_nenvar,barony,b_nenvar,c_nenvar,castle_holding
835,2161,118,19,176,b_galuka,barony,b_galuka,c_galuka,tribal_holding
836,2162,135,17,152,b_talukhi,barony,b_talukhi,c_talukhi,tribal_holding
1786,2163,132,188,69,b_satous,barony,b_satous,c_satous,tribal_holding
1784,2164,202,48,235,b_soranda,barony,b_soranda,c_soranda,tribal_holding
1785,2165,102,26,179,b_deraala,barony,b_deraala,c_deraala,tribal_holding
913,2166,97,249,131,b_almorel,barony,b_almorel,c_almorel,city_holding
913,2167,165,201,12,b_antoumek,barony,b_antoumek,c_almorel,castle_holding
844,2168,114,245,82,b_uzbeg,barony,b_uzbeg,c_ugewood,tribal_holding
1773,2169,75,133,86,b_drubiev,barony,b_drubiev,c_drubiev,city_holding
845,2170,130,245,179,b_boorva,barony,b_boorva,c_boorva,tribal_holding
846,2171,157,219,83,b_bynua,barony,b_bynua,c_bynua,tribal_holding
843,2172,40,188,115,b_sant,barony,b_sant,c_sant,tribal_holding
1777,2173,111,34,113,b_panforza,barony,b_panforza,c_panforza,tribal_holding
701,2174,210,113,246,b_cassiddifel,barony,b_cassiddifel,c_ejen_horo,tribal_holding
842,2175,148,9,2,b_buukhinkh,barony,b_buukhinkh,c_khopet_dag,tribal_holding
695,2176,160,161,154,b_morten,barony,b_morten,c_mortens_gap,tribal_holding
830,2177,93,232,197,b_mangangan,barony,b_mangangan,c_mangangan,tribal_holding
840,2178,121,175,137,b_avyn,barony,b_avyn,c_avyn,tribal_holding
832,2179,175,94,66,b_murmaan,barony,b_murmaan,c_kholaa,tribal_holding
839,2180,113,131,78,b_naiganga,barony,b_naiganga,c_naiganga,tribal_holding
831,2181,134,125,246,b_qarintg,barony,b_qarintg,c_qarintg,tribal_holding
834,2182,238,6,1,b_neryudzhan,barony,b_neryudzhan,c_neryudzhan,tribal_holding
912,2183,135,18,18,b_geman,barony,b_geman,c_geman,castle_holding
1698,2184,173,176,114,b_ochoq,barony,b_ochoq,c_ochoq,tribal_holding
833,2185,83,188,45,b_braleuz,barony,b_braleuz,c_braleuz,tribal_holding
837,2186,91,237,129,b_khaa,barony,b_khaa,c_khaa,tribal_holding
838,2187,247,19,73,b_akhrasut_nath,barony,b_akhrasut_nath,c_shay_hills,tribal_holding
866,2188,97,95,185,b_ouranalathas_tower,barony,b_ouranalathas_tower,c_syevyer_forest,tribal_holding
1782,2189,250,128,13,b_zoy_zando,barony,b_zoy_zando,c_zoy_zando,tribal_holding
585,2190,97,155,255,b_the_gates,barony,b_the_gates,c_underhome,castle_holding
585,2191,86,202,33,b_underhome,barony,b_underhome,c_underhome,city_holding
585,2192,167,127,87,b_scaaminter,barony,b_scaaminter,c_underhome,church_holding
585,2193,53,150,25,b_tumar,barony,b_tumar,c_underhome,castle_holding
489,2194,64,184,86,b_eartheart,barony,b_eartheart,c_eartheart,castle_holding
489,2195,240,217,253,b_riftedge,barony,b_riftedge,c_eartheart,city_holding
489,2196,176,10,106,b_lowstair,barony,b_lowstair,c_eartheart,church_holding
586,2197,51,113,198,b_firecaverns,barony,b_firecaverns,c_quarat,castle_holding
586,2198,252,238,69,b_quarat,barony,b_quarat,c_quarat,city_holding
586,2199,12,92,243,b_vendy,barony,b_vendy,c_quarat,church_holding
587,2200,241,90,136,b_hall_of_echoes,barony,b_hall_of_echoes,c_shadows_end,castle_holding
587,2201,179,154,150,b_oldfast,barony,b_oldfast,c_shadows_end,city_holding
587,2202,22,172,236,b_jurunvalt,barony,b_jurunvalt,c_shadows_end,church_holding
588,2203,75,2,166,b_rimmator,barony,b_rimmator,c_rimmator,castle_holding
588,2204,45,53,224,b_nargabuz,barony,b_nargabuz,c_rimmator,city_holding
588,2205,5,59,223,b_nalatho,barony,b_nalatho,c_rimmator,church_holding
590,2206,171,232,179,b_daunting,barony,b_daunting,c_daunting,castle_holding
592,2207,55,1,96,b_glitterdelve,barony,b_glitterdelve,c_glitterdelve,castle_holding
591,2208,0,53,187,b_harlending,barony,b_harlending,c_harlending,castle_holding
591,2209,146,27,22,b_orpool,barony,b_orpool,c_harlending,city_holding
591,2210,172,47,97,b_nulukkhol,barony,b_nulukkhol,c_harlending,church_holding
593,2211,190,35,29,b_sundasz,barony,b_sundasz,c_sundasz,castle_holding
589,2212,26,157,23,b_tarnhall,barony,b_tarnhall,c_tarnhall,castle_holding
589,2213,11,232,245,b_hithlade,barony,b_hithlade,c_tarnhall,city_holding
589,2214,157,100,28,b_nargabar,barony,b_nargabar,c_tarnhall,church_holding
2562,2215,238,27,115,b_llurth_dreier,barony,b_llurth_dreier,c_llurth_dreier,church_holding
2562,2216,138,249,114,b_overflowing_pit,barony,b_overflowing_pit,c_llurth_dreier,castle_holding
2562,2217,193,234,6,b_mudflats,barony,b_mudflats,c_llurth_dreier,city_holding
567,2218,38,46,99,b_buldamar,barony,b_buldamar,c_buldamar,city_holding
567,2219,96,150,132,b_clayglen,barony,b_clayglen,c_buldamar,city_holding
481,2220,13,202,78,b_azun,barony,b_azun,c_azun,city_holding
481,2221,250,27,12,b_eathbeg,barony,b_eathbeg,c_azun,church_holding
481,2222,199,171,188,b_warrington,barony,b_warrington,c_azun,city_holding
480,2223,136,251,182,b_beland,barony,b_beland,c_beland,tribal_holding
557,2224,76,6,8,b_cointoll,barony,b_cointoll,c_dust_road,tribal_holding
2544,2225,173,241,107,b_sarrukoth,barony,b_sarrukoth,c_sarrukoth,castle_holding
2544,2226,117,177,152,b_khuzdar_hall,barony,b_khuzdar_hall,c_sarrukoth,church_holding
2545,2227,223,32,166,b_vaults_of_record,barony,b_vaults_of_record,c_vaults_of_record,castle_holding
552,2228,82,193,118,b_forol,barony,b_forol,c_forol,tribal_holding
561,2229,174,190,101,b_five_guard,barony,b_five_guard,c_legionsway,tribal_holding
1748,2230,105,159,149,b_wemskall,barony,b_wemskall,c_warfields,tribal_holding
560,2231,142,47,48,b_jullatgrave,barony,b_jullatgrave,c_the_scarland,tribal_holding
1749,2232,119,171,176,b_turmans,barony,b_turmans,c_turmans,tribal_holding
559,2233,28,235,118,b_true_eskat,barony,b_true_eskat,c_eskat,tribal_holding
490,2234,180,212,147,b_delzimmer,barony,b_delzimmer,c_delzimmer,city_holding
490,2235,127,6,213,b_sacoth,barony,b_sacoth,c_delzimmer,castle_holding
490,2236,1,29,28,b_avasta,barony,b_avasta,c_delzimmer,church_holding
551,2237,142,233,232,b_stingvale,barony,b_stingvale,c_stingfields,tribal_holding
1739,2238,59,235,248,b_warging,barony,b_warging,c_amtar_eave,tribal_holding
488,2239,223,215,230,b_riftwood,barony,b_riftwood,c_riftwood,castle_holding
488,2240,127,243,121,b_aerilon,barony,b_aerilon,c_riftwood,city_holding
1750,2241,66,255,213,b_izots_tomb,barony,b_izots_tomb,c_despond,tribal_holding
1751,2242,217,248,80,b_arjol,barony,b_arjol,c_arjol,tribal_holding
2541,2243,53,208,80,b_southern_shandaular,barony,b_southern_shandaular,c_southern_shandaular,tribal_holding
482,2244,62,170,145,b_hillgard,barony,b_hillgard,c_council_hills,church_holding
482,2245,230,164,104,b_azil,barony,b_azil,c_council_hills,city_holding
562,2246,91,230,104,b_irahat,barony,b_irahat,c_asher_plain,tribal_holding
484,2247,168,204,48,b_brightfields,barony,b_brightfields,c_brightfields,tribal_holding
485,2248,170,209,222,b_hardcastle,barony,b_hardcastle,c_hardcastle,castle_holding
485,2249,67,254,61,b_naporia,barony,b_naporia,c_hardcastle,city_holding
485,2250,173,132,86,b_bilgunar,barony,b_bilgunar,c_hardcastle,church_holding
483,2251,155,231,213,b_jeradin,barony,b_jeradin,c_jeradin,tribal_holding
566,2252,254,76,159,b_yorash,barony,b_yorash,c_yorash,tribal_holding
1752,2253,217,66,25,b_skouth,barony,b_skouth,c_skouth,tribal_holding
487,2254,63,40,54,b_balaj,barony,b_balaj,c_balaj,tribal_holding
563,2255,31,97,154,b_cirik,barony,b_cirik,c_tensteps,tribal_holding
491,2256,41,215,127,b_kholtar,barony,b_kholtar,c_kholtar,city_holding
491,2257,113,239,72,b_basincross,barony,b_basincross,c_kholtar,castle_holding
491,2258,65,63,51,b_narakib,barony,b_narakib,c_kholtar,church_holding
564,2259,212,239,12,b_kollyat,barony,b_kollyat,c_kollyat,tribal_holding
510,2260,4,255,53,b_hammer_and_anvil,barony,b_hammer_and_anvil,c_the_vensal,city_holding
510,2261,181,68,137,b_hellash,barony,b_hellash,c_the_vensal,castle_holding
510,2262,86,172,223,b_shizdusharb,barony,b_shizdusharb,c_the_vensal,church_holding
492,2263,37,147,42,b_three_swords,barony,b_three_swords,c_three_swords,city_holding
493,2264,245,154,45,b_channathgate,barony,b_channathgate,c_channathgate,castle_holding
493,2265,54,75,182,b_lordsthrone,barony,b_lordsthrone,c_channathgate,city_holding
493,2266,229,50,115,b_rosebridge,barony,b_rosebridge,c_channathgate,church_holding
494,2267,185,161,118,b_yeshi,barony,b_yeshi,c_channathwood,tribal_holding
536,2268,10,147,186,b_midstride,barony,b_midstride,c_lowfork,tribal_holding
527,2269,120,50,199,b_rethmar,barony,b_rethmar,c_rethmar,city_holding
527,2270,160,223,28,b_teewick,barony,b_teewick,c_rethmar,castle_holding
1727,2271,237,216,208,b_hartvold,barony,b_hartvold,c_channath_rise,castle_holding
1727,2272,75,184,90,b_rochdale,barony,b_rochdale,c_channath_rise,city_holding
521,2273,200,116,23,b_teths_stand,barony,b_teths_stand,c_scrabbleground,tribal_holding
522,2274,26,94,156,b_swordsbane,barony,b_swordsbane,c_broken_swords,tribal_holding
523,2275,217,144,124,b_wasterun,barony,b_wasterun,c_deadstars,tribal_holding
526,2276,162,110,205,b_iirgar,barony,b_iirgar,c_iirgar,tribal_holding
1729,2277,104,196,100,b_xilberos_ridge,barony,b_xilberos_ridge,c_shadowed_grave,tribal_holding
524,2278,208,60,250,b_misty_keep,barony,b_misty_keep,c_misty_vale,tribal_holding
535,2279,203,60,8,b_estacell,barony,b_estacell,c_shaareach_forest,tribal_holding
525,2280,0,86,9,b_hundard,barony,b_hundard,c_talarvale,tribal_holding
539,2281,9,42,143,b_urula,barony,b_urula,c_urula,tribal_holding
1428,2282,232,203,107,b_wyrmbone,barony,b_wyrmbone,c_the_wyrmbones,tribal_holding
538,2283,181,206,117,b_flatshield_rise,barony,b_flatshield_rise,c_flatshield,tribal_holding
1699,2284,57,87,181,b_kuraakim,barony,b_kuraakim,c_kuraakim,tribal_holding
1728,2285,183,224,126,b_mangale,barony,b_mangale,c_mangale,tribal_holding
530,2286,4,40,81,b_shaarmid,barony,b_shaarmid,c_shaarmid,city_holding
530,2287,72,178,43,b_stewich,barony,b_stewich,c_shaarmid,castle_holding
530,2288,52,154,98,b_hurtlepool,barony,b_hurtlepool,c_shaarmid,church_holding
543,2289,204,74,52,b_imval_vale,barony,b_imval_vale,c_firesteap_hills,tribal_holding
1723,2290,69,58,16,b_tezarbal,barony,b_tezarbal,c_tezarbal,tribal_holding
540,2291,8,42,41,b_genval,barony,b_genval,c_genval,tribal_holding
541,2292,28,12,205,b_skeskia,barony,b_skeskia,c_skeska,tribal_holding
520,2293,144,58,27,b_ssensval,barony,b_ssensval,c_ssensval,tribal_holding
531,2294,198,46,94,b_lhesper,barony,b_lhesper,c_lhesper,tribal_holding
532,2295,46,163,157,b_kormul,barony,b_kormul,c_kormul,castle_holding
532,2296,205,82,182,b_kinbarukth,barony,b_kinbarukth,c_kormul,city_holding
532,2297,61,46,158,b_boyhill,barony,b_boyhill,c_kormul,church_holding
533,2298,99,111,69,b_khephal,barony,b_khephal,c_lhespenbog,castle_holding
528,2299,99,146,14,b_sebben,barony,b_sebben,c_sebben,tribal_holding
565,2300,51,48,211,b_hedrun,barony,b_hedrun,c_jelvak,church_holding
534,2301,15,195,70,b_ashanva,barony,b_ashanva,c_riverride,tribal_holding
1725,2302,19,40,182,b_shaargald,barony,b_shaargald,c_shaargald,tribal_holding
544,2303,252,22,111,b_archerpost,barony,b_archerpost,c_skywall,church_holding
544,2304,217,184,230,b_gunala,barony,b_gunala,c_skywall,city_holding
544,2305,8,93,64,b_noriande,barony,b_noriande,c_skywall,church_holding
545,2306,217,51,44,b_cerrek,barony,b_cerrek,c_horizons,tribal_holding
529,2307,27,233,11,b_sendail,barony,b_sendail,c_the_shaarwood,tribal_holding
1724,2308,173,190,12,b_leaping_hold,barony,b_leaping_hold,c_leaping_grasses,tribal_holding
1275,2309,64,192,116,b_tempat_larang,barony,b_tempat_larang,c_tempat_larang,castle_holding
1276,2310,94,48,56,b_kelereng,barony,b_kelereng,c_kelereng_valley,tribal_holding
1278,2311,254,179,143,b_sumitra,barony,b_sumitra,c_kumandang,church_holding
1402,2312,224,217,15,b_bumi_gerak,barony,b_bumi_gerak,c_salju,tribal_holding
1286,2313,65,80,55,b_medang_perang,barony,b_medang_perang,c_medang_perang,castle_holding
1693,2314,209,140,66,b_tangkap,barony,b_tangkap,c_tangkap,tribal_holding
1288,2315,168,180,176,b_chowok,barony,b_chowok,c_chowok,tribal_holding
1287,2316,157,115,94,b_laou,barony,b_laou,c_hanya_maut,tribal_holding
1289,2317,26,139,56,b_kaget,barony,b_kaget,c_kaget_valley,tribal_holding
1323,2318,108,31,81,b_perpustakaan,barony,b_perpustakaan,c_perpustakaan,castle_holding
1324,2319,217,59,0,b_sekola_atas,barony,b_sekola_atas,c_sekola_atas,castle_holding
1281,2320,29,109,38,b_utara,barony,b_utara,c_kabut,tribal_holding
1283,2321,217,191,153,b_olah_raga,barony,b_olah_raga,c_kabus_highlands,tribal_holding
1284,2322,181,158,190,b_selatan,barony,b_selatan,c_ketcheel,tribal_holding
1282,2323,219,169,134,b_barat,barony,b_barat,c_lower_kuning,tribal_holding
1353,2324,152,58,11,b_pasar,barony,b_pasar,c_pasar,city_holding
1353,2325,230,223,164,b_tempat,barony,b_tempat,c_pasar,church_holding
1354,2326,119,252,193,b_padang,barony,b_padang,c_lower_kayu,tribal_holding
1387,2327,109,175,155,b_tehing,barony,b_tehing,c_tehing,tribal_holding
1386,2328,174,6,112,b_ungaran,barony,b_ungaran,c_ungaran,tribal_holding
1357,2329,151,199,84,b_penuh_susak,barony,b_penuh_susak,c_penuh_susak,castle_holding
1358,2330,170,203,58,b_mahligwi,barony,b_mahligwi,c_mahligwi,castle_holding
1359,2331,95,94,22,b_rambut,barony,b_rambut,c_binatang,castle_holding
1361,2332,19,142,50,b_rimba,barony,b_rimba,c_rimba,castle_holding
1360,2333,81,169,227,b_sepusang,barony,b_sepusang,c_soto,tribal_holding
1355,2334,45,219,60,b_penong,barony,b_penong,c_keluh,tribal_holding
1362,2335,89,71,188,b_durkon,barony,b_durkon,c_kera,castle_holding
1362,2336,34,76,226,b_shokan,barony,b_shokan,c_kera,city_holding
1356,2337,138,138,43,b_panas,barony,b_panas,c_kobar,tribal_holding
1290,2338,112,141,248,b_uchan,barony,b_uchan,c_uchan,church_holding
1290,2339,189,253,63,b_ji,barony,b_ji,c_uchan,city_holding
1290,2340,17,41,191,b_pokarr,barony,b_pokarr,c_uchan,castle_holding
1291,2341,198,23,128,b_bidnop_so,barony,b_bidnop_so,c_bidnop_so,castle_holding
1291,2342,207,70,216,b_lii,barony,b_lii,c_bidnop_so,church_holding
1291,2343,157,25,52,b_hun_chao,barony,b_hun_chao,c_bidnop_so,city_holding
1417,2344,40,125,209,b_motra,barony,b_motra,c_motra,castle_holding
1417,2345,248,173,22,b_talung,barony,b_talung,c_motra,city_holding
1418,2346,225,217,57,b_haimang,barony,b_haimang,c_po_yul_dzayul,tribal_holding
1327,2347,154,0,93,b_tsetsu,barony,b_tsetsu,c_tsetu,church_holding
1298,2348,198,206,37,b_tsagang,barony,b_tsagang,c_tsagang,church_holding
1329,2349,184,227,165,b_shentsa,barony,b_shentsa,c_shentsa,castle_holding
1296,2350,19,79,77,b_draya,barony,b_draya,c_draya,castle_holding
1296,2351,160,117,227,b_fij,barony,b_fij,c_draya,city_holding
1328,2352,114,126,196,b_ekwong,barony,b_ekwong,c_ekwong,tribal_holding
1299,2353,88,125,12,b_mache,barony,b_mache,c_mache_gap,tribal_holding
1297,2354,55,212,165,b_rokstang,barony,b_rokstang,c_wide_cascades,castle_holding
1763,2355,215,149,54,b_lan,barony,b_lan,c_upper_pass,church_holding
1293,2356,127,219,93,b_phutan,barony,b_phutan,c_phutan,tribal_holding
1301,2357,33,232,186,b_kemati,barony,b_kemati,c_kemati_valley,church_holding
1301,2358,23,247,122,b_lobcha,barony,b_lobcha,c_kemati_valley,city_holding
1300,2359,250,213,238,b_langdarma,barony,b_langdarma,c_langdarma,church_holding
1300,2360,124,93,253,b_gahong,barony,b_gahong,c_langdarma,city_holding
1300,2361,108,119,65,b_kamsoperi,barony,b_kamsoperi,c_langdarma,castle_holding
1300,2362,94,159,57,b_kirtilamai,barony,b_kirtilamai,c_langdarma,church_holding
1419,2363,200,1,218,b_chamar,barony,b_chamar,c_skyvale,church_holding
1326,2364,180,173,209,b_ohmai,barony,b_ohmai,c_ohmai,castle_holding
1326,2365,252,41,174,b_pabex,barony,b_pabex,c_ohmai,city_holding
1280,2366,221,141,212,b_joya,barony,b_joya,c_joya,castle_holding
1295,2367,54,37,152,b_tocpe,barony,b_tocpe,c_tocpe,castle_holding
1325,2368,78,193,115,b_uhon_tsa,barony,b_uhon_tsa,c_uhon_tsa,castle_holding
1294,2369,78,174,128,b_namtan,barony,b_namtan,c_namtan,tribal_holding
1292,2370,255,55,78,b_larut,barony,b_larut,c_larut,castle_holding
732,2371,150,70,184,b_cathyr,barony,b_cathyr,c_cathyr,castle_holding
732,2372,188,85,252,b_lahyrst,barony,b_lahyrst,c_cathyr,city_holding
732,2373,52,30,119,b_melina,barony,b_melina,c_cathyr,church_holding
732,2374,1,154,169,b_angoman,barony,b_angoman,c_cathyr,castle_holding
733,2375,112,150,161,b_hazuth,barony,b_hazuth,c_hazuth,castle_holding
733,2376,19,34,230,b_geddye,barony,b_geddye,c_hazuth,city_holding
733,2377,111,83,168,b_hashimi,barony,b_hashimi,c_hazuth,church_holding
793,2378,156,94,211,b_bhyanaga,barony,b_bhyanaga,c_hills_of_the_dead_kings,castle_holding
793,2379,198,241,228,b_mithyme,barony,b_mithyme,c_hills_of_the_dead_kings,city_holding
731,2380,19,220,106,b_maarlith,barony,b_maarlith,c_maarlith,castle_holding
731,2381,3,173,11,b_adrinden,barony,b_adrinden,c_maarlith,city_holding
736,2382,178,247,60,b_ammathtar,barony,b_ammathtar,c_ammathtar,castle_holding
736,2383,32,34,119,b_dunfeld,barony,b_dunfeld,c_ammathtar,city_holding
736,2384,137,9,160,b_alarzou,barony,b_alarzou,c_ammathtar,church_holding
735,2385,108,59,55,b_elveswatch,barony,b_elveswatch,c_elveswatch,castle_holding
795,2386,210,131,236,b_herath,barony,b_herath,c_herath,castle_holding
795,2387,141,18,96,b_gramander,barony,b_gramander,c_herath,city_holding
1222,2388,220,184,84,b_condish,barony,b_condish,c_conaluil_range,tribal_holding
796,2389,193,39,136,b_guilmarl,barony,b_guilmarl,c_guilmarl,castle_holding
796,2390,212,12,66,b_coibal,barony,b_coibal,c_guilmarl,city_holding
802,2391,39,16,9,b_timarl,barony,b_timarl,c_conaluil,castle_holding
802,2392,3,105,128,b_madia,barony,b_madia,c_conaluil,city_holding
802,2393,19,244,240,b_umes,barony,b_umes,c_conaluil,church_holding
730,2394,73,255,117,b_luenath,barony,b_luenath,c_luenath,castle_holding
730,2395,50,255,116,b_alamplon,barony,b_alamplon,c_luenath,city_holding
730,2396,127,208,123,b_shaing,barony,b_shaing,c_luenath,church_holding
794,2397,175,201,130,b_prastuil,barony,b_prastuil,c_prastuil,castle_holding
794,2398,5,123,64,b_suuriris,barony,b_suuriris,c_prastuil,city_holding
794,2399,198,114,111,b_albang,barony,b_albang,c_prastuil,church_holding
829,2400,187,29,126,b_westbay,barony,b_westbay,c_westbay,castle_holding
829,2401,7,165,230,b_unan,barony,b_unan,c_westbay,city_holding
1740,2402,9,105,189,b_rokmond_gate,barony,b_rokmond_gate,c_caraguir,castle_holding
801,2403,14,147,38,b_kethid,barony,b_kethid,c_kethid,tribal_holding
1231,2404,17,158,228,b_zhal,barony,b_zhal,c_azhul_pass,tribal_holding
1209,2405,83,81,22,b_ilimar,barony,b_ilimar,c_ilimar,tribal_holding
1734,2406,75,4,156,b_mudhill,barony,b_mudhill,c_rethild_shore,tribal_holding
1122,2407,236,220,19,b_red_cove,barony,b_red_cove,c_the_red_giant,castle_holding
1123,2408,199,140,63,b_wards_port,barony,b_wards_port,c_wards_islands,tribal_holding
797,2409,176,248,184,b_hethar,barony,b_hethar,c_hethar,castle_holding
797,2410,21,64,134,b_gahyrst,barony,b_gahyrst,c_hethar,city_holding
797,2411,140,181,180,b_ghikuli,barony,b_ghikuli,c_hethar,church_holding
1171,2412,29,38,104,b_dolphin_waters,barony,b_dolphin_waters,c_dancing_dolphins,castle_holding
798,2413,72,202,162,b_darmesh,barony,b_darmesh,c_darmesh,castle_holding
798,2414,171,32,165,b_far_outpost,barony,b_far_outpost,c_darmesh,city_holding
618,2415,186,246,224,b_evth,barony,b_evth,c_irestone,tribal_holding
619,2416,82,210,196,b_karns,barony,b_karns,c_vargath,tribal_holding
1737,2417,164,201,176,b_molken,barony,b_molken,c_molken,tribal_holding
1738,2418,167,22,132,b_azna_camp,barony,b_azna_camp,c_aznawood,tribal_holding
621,2419,249,32,57,b_vetkth,barony,b_vetkth,c_addak,tribal_holding
622,2420,49,199,222,b_ouargh,barony,b_ouargh,c_gnollhomes,tribal_holding
620,2421,45,231,140,b_helmsa,barony,b_helmsa,c_wolfwoods,tribal_holding
635,2422,87,137,57,b_halarahh,barony,b_halarahh,c_halarahh,castle_holding
635,2423,135,250,71,b_lath,barony,b_lath,c_halarahh,city_holding
635,2424,13,152,101,b_halabar,barony,b_halabar,c_halarahh,church_holding
635,2425,69,107,150,b_mardala,barony,b_mardala,c_halarahh,castle_holding
643,2426,247,177,249,b_nishtul,barony,b_nishtul,c_aluar,castle_holding
643,2427,209,187,102,b_aluarim,barony,b_aluarim,c_aluar,city_holding
636,2428,212,102,135,b_bathme,barony,b_bathme,c_bathme,castle_holding
636,2429,135,31,94,b_thom,barony,b_thom,c_bathme,city_holding
637,2430,154,248,199,b_borah,barony,b_borah,c_ghalagar,castle_holding
645,2431,128,183,177,b_sulaziir,barony,b_sulaziir,c_sulaziir,castle_holding
645,2432,15,234,159,b_marrass,barony,b_marrass,c_sulaziir,city_holding
644,2433,89,179,225,b_maeruhal,barony,b_maeruhal,c_maeruhal,castle_holding
644,2434,208,168,61,b_orbedal,barony,b_orbedal,c_maeruhal,city_holding
646,2435,233,246,196,b_elchul,barony,b_elchul,c_elchulmarch,castle_holding
646,2436,135,27,36,b_everspree,barony,b_everspree,c_elchulmarch,city_holding
647,2437,135,66,140,b_maerzalar,barony,b_maerzalar,c_maerzalar,castle_holding
647,2438,100,181,226,b_zaralara,barony,b_zaralara,c_maerzalar,city_holding
1741,2439,208,158,158,b_achelar,barony,b_achelar,c_achelar,castle_holding
1741,2440,210,232,241,b_ravamyar_wood,barony,b_ravamyar_wood,c_achelar,city_holding
649,2441,175,58,134,b_talathgard,barony,b_talathgard,c_talathgard,church_holding
649,2442,126,147,243,b_talath_pass,barony,b_talath_pass,c_talathgard,city_holding
649,2443,87,74,171,b_achathila,barony,b_achathila,c_talathgard,castle_holding
652,2444,139,132,35,b_edouura,barony,b_edouura,c_edouura,castle_holding
652,2445,140,205,114,b_hamphal,barony,b_hamphal,c_edouura,city_holding
652,2446,128,137,253,b_alathil,barony,b_alathil,c_edouura,church_holding
651,2447,66,109,219,b_zzuntal,barony,b_zzuntal,c_zzuntal,castle_holding
651,2448,62,94,52,b_eru,barony,b_eru,c_zzuntal,city_holding
642,2449,106,18,51,b_mathass,barony,b_mathass,c_halar_hills,castle_holding
642,2450,210,122,185,b_nuundal,barony,b_nuundal,c_halar_hills,church_holding
1732,2451,251,42,35,b_zoundar,barony,b_zoundar,c_zoundar,castle_holding
650,2452,48,33,89,b_thilzoun,barony,b_thilzoun,c_thilzoun,castle_holding
650,2453,252,68,166,b_ssorsil,barony,b_ssorsil,c_thilzoun,city_holding
650,2454,134,143,136,b_mairb,barony,b_mairb,c_thilzoun,church_holding
650,2455,135,249,12,b_erulala,barony,b_erulala,c_thilzoun,castle_holding
653,2456,135,15,9,b_zalazuu,barony,b_zalazuu,c_azuni,castle_holding
653,2457,250,2,29,b_githim,barony,b_githim,c_azuni,city_holding
655,2458,108,66,214,b_assundath,barony,b_assundath,c_assundath,castle_holding
655,2459,239,240,84,b_kithala,barony,b_kithala,c_assundath,city_holding
654,2460,107,245,181,b_mithel,barony,b_mithel,c_mithel,castle_holding
654,2461,180,212,167,b_letharr,barony,b_letharr,c_mithel,city_holding
656,2462,98,99,36,b_zoulalah,barony,b_zoulalah,c_yaulazna,city_holding
1085,2463,113,3,36,b_stormcliffs,barony,b_stormcliffs,c_the_stormtails,castle_holding
1086,2464,36,68,38,b_shipgrave,barony,b_shipgrave,c_shipgrave_isles,castle_holding
638,2465,150,74,57,b_rulasuu,barony,b_rulasuu,c_ralasuu_isle,tribal_holding
640,2466,215,161,16,b_halagard,barony,b_halagard,c_halagard,castle_holding
640,2467,76,129,129,b_kithymm,barony,b_kithymm,c_halagard,city_holding
639,2468,43,10,25,b_halaze,barony,b_halaze,c_halaze,castle_holding
639,2469,175,83,66,b_maezoun,barony,b_maezoun,c_halaze,city_holding
641,2470,88,252,53,b_lhair,barony,b_lhair,c_lhair,castle_holding
641,2471,19,75,185,b_nuulatha,barony,b_nuulatha,c_lhair,city_holding
1733,2472,187,215,169,b_nhobel,barony,b_nhobel,c_taertal_gates,castle_holding
1733,2473,192,61,144,b_grasmere,barony,b_grasmere,c_taertal_gates,city_holding
648,2474,112,39,32,b_fenzorwyn,barony,b_fenzorwyn,c_the_nath,church_holding
1210,2475,193,203,60,b_achernath,barony,b_achernath,c_nath_pass,tribal_holding
747,2476,52,70,71,b_beluir,barony,b_beluir,c_beluir,city_holding
747,2477,65,162,15,b_helmsong,barony,b_helmsong,c_beluir,city_holding
747,2478,180,101,38,b_chaibrook,barony,b_chaibrook,c_beluir,church_holding
747,2479,59,231,1,b_nalukkhath,barony,b_nalukkhath,c_beluir,castle_holding
739,2480,174,144,170,b_fasriul,barony,b_fasriul,c_fasriul,city_holding
739,2481,34,252,223,b_crimmel,barony,b_crimmel,c_fasriul,castle_holding
739,2482,24,0,198,b_paerzula,barony,b_paerzula,c_fasriul,church_holding
740,2483,217,131,98,b_otennath,barony,b_otennath,c_otennath,city_holding
740,2484,137,161,190,b_shoun,barony,b_shoun,c_otennath,church_holding
742,2485,194,6,186,b_atag,barony,b_atag,c_granuin_forest,tribal_holding
737,2486,220,149,166,b_ammathluir,barony,b_ammathluir,c_ammathluir,city_holding
737,2487,255,141,75,b_wharjila,barony,b_wharjila,c_ammathluir,church_holding
745,2488,63,159,236,b_sana,barony,b_sana,c_isle_of_quelthiir,tribal_holding
746,2489,199,13,149,b_krenatir,barony,b_krenatir,c_luirund,city_holding
746,2490,34,169,90,b_shibiki,barony,b_shibiki,c_luirund,church_holding
1240,2491,7,7,245,b_chethel,barony,b_chethel,c_mortik_swamp,tribal_holding
741,2492,130,215,230,b_nanath,barony,b_nanath,c_east_lluirwood,tribal_holding
743,2493,222,248,26,b_thruldar,barony,b_thruldar,c_great_traders_way,tribal_holding
744,2494,161,253,3,b_al_tana,barony,b_al_tana,c_lluirwood,church_holding
1742,2495,226,230,11,b_mortling,barony,b_mortling,c_middle_longwood,tribal_holding
1743,2496,204,201,33,b_st_xanvalor,barony,b_st_xanvalor,c_west_toadsquat,tribal_holding
553,2497,106,130,69,b_vephal,barony,b_vephal,c_outlaw_waste,tribal_holding
738,2498,58,203,146,b_north_post,barony,b_north_post,c_beastburn,tribal_holding
554,2499,184,191,190,b_keldsgar,barony,b_keldsgar,c_fornaluit_plain,tribal_holding
1736,2500,118,195,124,b_sethemyne,barony,b_sethemyne,c_north_fornaluit,tribal_holding
1735,2501,205,13,184,b_blue_pana,barony,b_blue_pana,c_south_fornaluit,tribal_holding
555,2502,62,121,196,b_evus,barony,b_evus,c_shining_gap,tribal_holding
1213,2503,197,72,174,b_broken_helms,barony,b_broken_helms,c_halruaan_heights,tribal_holding
537,2504,248,242,33,b_kindle,barony,b_kindle,c_kindle,tribal_holding
13,2505,48,196,202,b_high_hall,barony,b_high_hall,c_baldurs_gate,city_holding
13,2506,188,214,57,b_ulgoths_beard,barony,b_ulgoths_beard,c_baldurs_gate,castle_holding
13,2507,145,236,152,b_bloomridge,barony,b_bloomridge,c_baldurs_gate,city_holding
13,2508,3,162,53,b_twin_songs,barony,b_twin_songs,c_baldurs_gate,church_holding
1411,2509,70,125,251,b_wyrms_crossing,barony,b_wyrms_crossing,c_chionthar,castle_holding
1411,2510,37,155,245,b_rivington,barony,b_rivington,c_chionthar,city_holding
2626,2511,204,239,220,b_bloodhawk_hold,barony,b_bloodhawk_hold,c_bloodhawk_hold,castle_holding
91,2512,104,143,195,b_arylon,barony,b_arylon,c_arylon,castle_holding
1704,2513,219,114,34,b_beldenshyn,barony,b_beldenshyn,c_beldenshyn,castle_holding
2527,2514,69,183,0,b_moonrise_towers,barony,b_moonrise_towers,c_moonrise,castle_holding
2527,2515,113,243,148,b_selunes_sanctum,barony,b_selunes_sanctum,c_moonrise,church_holding
2536,2516,193,224,112,b_rosymorn_monastery,barony,b_rosymorn_monastery,c_thundars_ride,church_holding
2536,2517,85,14,122,b_gaernwood,barony,b_gaernwood,c_thundars_ride,tribal_holding
72,2518,71,149,142,b_roaringshore,barony,b_roaringshore,c_roaringshore,city_holding
72,2519,100,242,200,b_lathtarls_lantern,barony,b_lathtarls_lantern,c_roaringshore,castle_holding
14,2520,210,55,167,b_trollclaw_ford,barony,b_trollclaw_ford,c_the_trollclaws,tribal_holding
1705,2521,153,187,131,b_kheldrivver,barony,b_kheldrivver,c_kheldrivver,castle_holding
61,2522,102,114,14,b_brown_bear_lodge,barony,b_brown_bear_lodge,c_cloakwood,church_holding
2528,2523,193,198,32,b_borlyth,barony,b_borlyth,c_cloak_bay,church_holding
62,2524,38,95,248,b_cragmyr_keep,barony,b_cragmyr_keep,c_beregost,city_holding
62,2525,219,190,71,b_beregost,barony,b_beregost,c_beregost,city_holding
62,2526,129,19,108,b_song_of_the_morning,barony,b_song_of_the_morning,c_beregost,church_holding
71,2527,57,156,77,b_candlekeep,barony,b_candlekeep,c_candlekeep,castle_holding
71,2528,116,53,227,b_exhaltation,barony,b_exhaltation,c_candlekeep,church_holding
236,2529,40,58,66,b_friendly_arm_inn,barony,b_friendly_arm_inn,c_coast_way,castle_holding
236,2530,220,128,48,b_temple_of_wisdom,barony,b_temple_of_wisdom,c_coast_way,church_holding
1149,2531,117,218,150,b_orlumbor,barony,b_orlumbor,c_orlumbor,castle_holding
1405,2532,195,186,97,b_raerest,barony,b_raerest,c_crab_reach,tribal_holding
2478,2533,145,4,121,b_caspias,barony,b_caspias,c_treacherous_isles,tribal_holding
15,2534,122,130,121,b_elturel,barony,b_elturel,c_elturel,castle_holding
15,2535,87,17,76,b_fort_morninglord,barony,b_fort_morninglord,c_elturel,castle_holding
15,2536,42,145,55,b_ferngul,barony,b_ferngul,c_elturel,church_holding
15,2537,51,188,12,b_chesseni,barony,b_chesseni,c_elturel,city_holding
16,2538,105,153,81,b_scornubel,barony,b_scornubel,c_scornubel,city_holding
16,2539,154,14,147,b_scornubel_hall,barony,b_scornubel_hall,c_scornubel,castle_holding
1703,2540,96,57,241,b_wisteria_vale,barony,b_wisteria_vale,c_vyridian_forest,tribal_holding
799,2541,168,193,218,b_southshore,barony,b_southshore,c_skuldusk,castle_holding
1583,2542,95,251,223,b_bridgefort,barony,b_bridgefort,c_boareskyr_bridge,castle_holding
63,2543,39,64,25,b_soubar,barony,b_soubar,c_soubar,castle_holding
63,2544,145,109,163,b_lyrans_hold,barony,b_lyrans_hold,c_soubar,church_holding
65,2545,8,223,168,b_durlags_tower,barony,b_durlags_tower,c_durlags_tower,castle_holding
1183,2546,224,131,60,b_peldvale,barony,b_peldvale,c_peldvale,church_holding
2529,2547,144,186,235,b_stepping_stones,barony,b_stepping_stones,c_wood_of_sharp_teeth,tribal_holding
92,2548,148,99,157,b_the_tor,barony,b_the_tor,c_iriaebor,castle_holding
92,2549,4,156,198,b_iriaebor,barony,b_iriaebor,c_iriaebor,city_holding
92,2550,40,218,152,b_dragonrise_keep,barony,b_dragonrise_keep,c_iriaebor,castle_holding
92,2551,237,199,60,b_blacktalon,barony,b_blacktalon,c_iriaebor,church_holding
1429,2552,12,107,64,b_easting,barony,b_easting,c_easting,castle_holding
196,2553,120,92,5,b_chatlarhune,barony,b_chatlarhune,c_starfields,tribal_holding
95,2554,103,43,237,b_asbravn,barony,b_asbravn,c_asbravn,city_holding
66,2555,48,230,88,b_berdusk,barony,b_berdusk,c_berdusk,castle_holding
66,2556,88,53,23,b_qheldins_mask,barony,b_qheldins_mask,c_berdusk,city_holding
66,2557,191,220,4,b_evensong_tower,barony,b_evensong_tower,c_berdusk,church_holding
73,2558,33,253,56,b_greenest,barony,b_greenest,c_greenest,castle_holding
73,2559,194,185,87,b_millstone,barony,b_millstone,c_greenest,city_holding
1700,2560,101,91,99,b_fendarls_gate,barony,b_fendarls_gate,c_fendarls_gate,castle_holding
85,2561,72,211,105,b_firewine_bridge,barony,b_firewine_bridge,c_firewine,castle_holding
85,2562,170,54,190,b_gullykin,barony,b_gullykin,c_firewine,city_holding
1182,2563,45,24,71,b_uldoon_post,barony,b_uldoon_post,c_uldoon,tribal_holding
1182,2564,80,46,136,b_merrydales,barony,b_merrydales,c_uldoon,city_holding
1701,2565,198,125,65,b_astranar,barony,b_astranar,c_green_fields,tribal_holding
90,2566,135,2,151,b_old_well,barony,b_old_well,c_old_well,tribal_holding
1702,2567,140,108,30,b_nember,barony,b_nember,c_nember,tribal_holding
103,2568,87,51,26,b_reachgard,barony,b_reachgard,c_reaching_wood,tribal_holding
1235,2569,164,142,132,b_quickwinds,barony,b_quickwinds,c_north_reaching_wood,tribal_holding
93,2570,13,21,75,b_hills_edge,barony,b_hills_edge,c_hills_edge,city_holding
93,2571,64,6,26,b_gilting,barony,b_gilting,c_hills_edge,church_holding
1147,2572,192,178,34,b_drawn_swords,barony,b_drawn_swords,c_northdark_woods,tribal_holding
1148,2573,135,246,105,b_hardbuckler,barony,b_hardbuckler,c_trielta_hills,castle_holding
1224,2574,233,150,254,b_darkhold,barony,b_darkhold,c_darkhold,castle_holding
1224,2575,87,146,198,b_far_hills_post,barony,b_far_hills_post,c_darkhold,city_holding
1224,2576,142,46,102,b_ink_dell,barony,b_ink_dell,c_darkhold,church_holding
2435,2577,251,232,104,b_hluthvar,barony,b_hluthvar,c_hluthvar,church_holding
94,2578,208,30,192,b_corm_orp,barony,b_corm_orp,c_corm_orp,city_holding
2423,2579,88,213,251,b_iritasker,barony,b_iritasker,c_iritasker,castle_holding
2447,2580,172,22,145,b_citadel_oghrann,barony,b_citadel_oghrann,c_oghrann,tribal_holding
2448,2581,251,237,127,b_sshamath,barony,b_sshamath,c_sshamath,castle_holding
2448,2582,104,234,237,b_zorrbauth,barony,b_zorrbauth,c_sshamath,city_holding
211,2583,106,168,154,b_wyrmhall,barony,b_wyrmhall,c_marsh_of_tun,tribal_holding
211,2584,137,41,64,b_threetrees,barony,b_threetrees,c_marsh_of_tun,city_holding
1570,2585,73,166,6,b_zorastyl_keep,barony,b_zorastyl_keep,c_tun,tribal_holding
1570,2586,247,180,94,b_tun,barony,b_tun,c_tun,city_holding
1570,2587,252,134,210,b_malorens_rest,barony,b_malorens_rest,c_tun,church_holding
212,2588,114,0,204,b_aris_castle,barony,b_aris_castle,c_veilstone,castle_holding
154,2589,86,173,155,b_darromar,barony,b_darromar,c_darromar,city_holding
154,2590,190,165,117,b_garden_of_rhinda,barony,b_garden_of_rhinda,c_darromar,church_holding
154,2591,225,56,174,b_queens_market,barony,b_queens_market,c_darromar,castle_holding
154,2592,190,213,31,b_black_quarter,barony,b_black_quarter,c_darromar,city_holding
123,2593,85,68,255,b_loranse,barony,b_loranse,c_ithmonn,castle_holding
123,2594,237,30,238,b_hostim,barony,b_hostim,c_ithmonn,city_holding
127,2595,41,49,160,b_lhestyns_hearth,barony,b_lhestyns_hearth,c_rivershire,castle_holding
127,2596,62,155,132,b_st_ostus,barony,b_st_ostus,c_rivershire,city_holding
135,2597,74,71,100,b_toralath,barony,b_toralath,c_spellshire,castle_holding
135,2598,140,85,151,b_shildamere,barony,b_shildamere,c_spellshire,city_holding
131,2599,185,140,64,b_tor_arcana,barony,b_tor_arcana,c_varyth,castle_holding
131,2600,66,138,12,b_sulduskooner,barony,b_sulduskooner,c_varyth,city_holding
125,2601,1,225,182,b_daraqadim,barony,b_daraqadim,c_calimmon,castle_holding
125,2602,53,204,94,b_memnonnar,barony,b_memnonnar,c_calimmon,city_holding
125,2603,175,119,30,b_fort_agis,barony,b_fort_agis,c_calimmon,church_holding
126,2604,212,22,6,b_pelmarin,barony,b_pelmarin,c_monteshi,castle_holding
126,2605,162,63,146,b_ruba,barony,b_ruba,c_monteshi,city_holding
126,2606,174,10,197,b_st_sarils,barony,b_st_sarils,c_monteshi,church_holding
126,2607,10,122,28,b_st_rucir,barony,b_st_rucir,c_monteshi,castle_holding
1412,2608,142,105,173,b_fort_teqlar,barony,b_fort_teqlar,c_shoonach,castle_holding
1412,2609,230,36,91,b_agis,barony,b_agis,c_shoonach,city_holding
1412,2610,54,128,37,b_iltakar,barony,b_iltakar,c_shoonach,church_holding
1412,2611,51,224,236,b_debukkher,barony,b_debukkher,c_shoonach,castle_holding
116,2612,229,179,157,b_millvulthan,barony,b_millvulthan,c_firedrake,castle_holding
116,2613,220,1,33,b_velen,barony,b_velen,c_firedrake,city_holding
116,2614,54,111,195,b_tordraken,barony,b_tordraken,c_firedrake,church_holding
116,2615,70,68,118,b_the_stoneblade,barony,b_the_stoneblade,c_firedrake,castle_holding
117,2616,136,246,174,b_jhaansciim,barony,b_jhaansciim,c_fyraven,castle_holding
117,2617,167,90,109,b_honourguard,barony,b_honourguard,c_fyraven,church_holding
117,2618,13,124,83,b_khalids_wall,barony,b_khalids_wall,c_fyraven,castle_holding
117,2619,235,120,179,b_toaketh,barony,b_toaketh,c_fyraven,church_holding
1789,2620,196,151,69,b_tulmene,barony,b_tulmene,c_tulmene,castle_holding
1789,2621,154,72,251,b_monguldarath,barony,b_monguldarath,c_tulmene,castle_holding
118,2622,55,72,88,b_kirgard,barony,b_kirgard,c_greenshores,castle_holding
118,2623,251,66,168,b_kirlyntar,barony,b_kirlyntar,c_greenshores,city_holding
118,2624,8,117,123,b_st_domin,barony,b_st_domin,c_greenshores,church_holding
133,2625,125,156,19,b_morninggold_keep,barony,b_morninggold_keep,c_morninggold,castle_holding
133,2626,42,213,4,b_mt_noblesse,barony,b_mt_noblesse,c_morninggold,church_holding
133,2627,41,117,55,b_lyllburg,barony,b_lyllburg,c_morninggold,city_holding
1716,2628,201,177,253,b_elbencort,barony,b_elbencort,c_elbencort,castle_holding
1716,2629,153,175,255,b_tagarath,barony,b_tagarath,c_elbencort,city_holding
132,2630,42,132,33,b_mourning_stones,barony,b_mourning_stones,c_hazamarch,castle_holding
132,2631,210,202,137,b_chevangard,barony,b_chevangard,c_hazamarch,city_holding
134,2632,254,107,212,b_caer_dusk,barony,b_caer_dusk,c_valashar,castle_holding
134,2633,35,226,219,b_nomerritin,barony,b_nomerritin,c_valashar,city_holding
119,2634,19,22,81,b_zazesspur,barony,b_zazesspur,c_starspur,castle_holding
119,2635,67,169,187,b_st_ramedar,barony,b_st_ramedar,c_starspur,church_holding
119,2636,74,41,119,b_karlaggar,barony,b_karlaggar,c_starspur,castle_holding
119,2637,114,133,179,b_oldspire,barony,b_oldspire,c_starspur,city_holding
155,2638,83,116,38,b_dunod,barony,b_dunod,c_dunod,castle_holding
155,2639,121,116,35,b_pansemil,barony,b_pansemil,c_dunod,city_holding
124,2640,60,217,101,b_uluran_keep,barony,b_uluran_keep,c_uluran,castle_holding
124,2641,196,38,129,b_tresper_hall,barony,b_tresper_hall,c_uluran,city_holding
120,2642,129,94,50,b_vineshade,barony,b_vineshade,c_vintor,castle_holding
120,2643,103,193,101,b_barrowsmorn,barony,b_barrowsmorn,c_vintor,city_holding
120,2644,141,118,30,b_st_rhyndas,barony,b_st_rhyndas,c_vintor,church_holding
1572,2645,214,19,80,b_marakir,barony,b_marakir,c_zaz_in_vintor,castle_holding
1572,2646,224,175,121,b_hhune,barony,b_hhune,c_zaz_in_vintor,city_holding
1572,2647,114,99,123,b_venazir,barony,b_venazir,c_zaz_in_vintor,church_holding
121,2648,190,24,196,b_saharkhan,barony,b_saharkhan,c_bardshyr,castle_holding
121,2649,108,191,34,b_alemanders_needle,barony,b_alemanders_needle,c_bardshyr,city_holding
121,2650,223,181,232,b_castle_tethir,barony,b_castle_tethir,c_bardshyr,castle_holding
122,2651,186,41,221,b_myratma,barony,b_myratma,c_elemetar,city_holding
122,2652,128,54,193,b_khaarysaim,barony,b_khaarysaim,c_elemetar,castle_holding
130,2653,123,3,214,b_saradush,barony,b_saradush,c_surkazar,castle_holding
130,2654,156,148,215,b_colbertann,barony,b_colbertann,c_surkazar,city_holding
130,2655,143,92,219,b_spires_against_the_stars,barony,b_spires_against_the_stars,c_surkazar,church_holding
129,2656,199,57,59,b_barakmordin,barony,b_barakmordin,c_alonmarch,city_holding
129,2657,244,80,23,b_st_teresa,barony,b_st_teresa,c_alonmarch,church_holding
129,2658,41,56,21,b_thrynnars_hold,barony,b_thrynnars_hold,c_alonmarch,castle_holding
128,2659,27,157,248,b_clovis_fields,barony,b_clovis_fields,c_clovis_fields,castle_holding
128,2660,123,60,63,b_ezzagard,barony,b_ezzagard,c_clovis_fields,city_holding
164,2661,40,170,212,b_khlarsamryn,barony,b_khlarsamryn,c_shalanar,castle_holding
164,2662,112,195,64,b_llorbauth,barony,b_llorbauth,c_shalanar,city_holding
164,2663,165,215,244,b_ellhimars_tower,barony,b_ellhimars_tower,c_shalanar,church_holding
170,2664,8,18,15,b_tibold,barony,b_tibold,c_carrelath,castle_holding
170,2665,225,252,244,b_golconda,barony,b_golconda,c_carrelath,city_holding
2526,2666,232,206,253,b_skurrukh,barony,b_skurrukh,c_skurrukh,tribal_holding
2526,2667,105,46,244,b_ravimors_cave,barony,b_ravimors_cave,c_skurrukh,city_holding
2526,2668,76,254,196,b_mount_turbold,barony,b_mount_turbold,c_skurrukh,church_holding
162,2669,122,156,215,b_carradoon_isle,barony,b_carradoon_isle,c_impresk,castle_holding
162,2670,59,168,94,b_caradoon,barony,b_caradoon,c_impresk,city_holding
162,2671,184,238,111,b_spirit_soaring,barony,b_spirit_soaring,c_impresk,church_holding
162,2672,26,9,139,b_castle_trinity,barony,b_castle_trinity,c_impresk,castle_holding
171,2673,195,136,183,b_duhlnarim,barony,b_duhlnarim,c_ahlarkhem,castle_holding
171,2674,38,228,96,b_furrowswich,barony,b_furrowswich,c_ahlarkhem,city_holding
171,2675,251,252,226,b_saarlik,barony,b_saarlik,c_ahlarkhem,church_holding
165,2676,15,0,183,b_five_spears_hold,barony,b_five_spears_hold,c_tanistan,castle_holding
165,2677,73,18,140,b_praskallest,barony,b_praskallest,c_tanistan,city_holding
165,2678,176,12,129,b_rivenshield,barony,b_rivenshield,c_tanistan,castle_holding
1717,2679,148,36,235,b_mytran,barony,b_mytran,c_pehrrifaal,castle_holding
137,2680,43,6,39,b_suldanessellar,barony,b_suldanessellar,c_suldanessellar,castle_holding
137,2681,240,115,145,b_swanmays_glade,barony,b_swanmays_glade,c_suldanessellar,city_holding
137,2682,160,218,166,b_kings_tree,barony,b_kings_tree,c_suldanessellar,church_holding
137,2683,55,99,6,b_nebulae_pool,barony,b_nebulae_pool,c_suldanessellar,castle_holding
137,2684,101,234,84,b_kinbranch,barony,b_kinbranch,c_suldanessellar,city_holding
158,2685,222,191,161,b_eights_tree,barony,b_eights_tree,c_moonglade,castle_holding
158,2686,47,67,91,b_zoastrias_stand,barony,b_zoastrias_stand,c_moonglade,city_holding
158,2687,217,236,135,b_eldaths_gate,barony,b_eldaths_gate,c_moonglade,church_holding
1715,2688,11,209,75,b_nymphwood,barony,b_nymphwood,c_nymphwood,tribal_holding
138,2689,38,116,94,b_myth_rhynn,barony,b_myth_rhynn,c_mytharan_woods,castle_holding
138,2690,2,49,81,b_cairn_wheel,barony,b_cairn_wheel,c_mytharan_woods,city_holding
1164,2691,248,181,8,b_kalmins_grove,barony,b_kalmins_grove,c_kalmins_grove,castle_holding
1164,2692,156,105,82,b_old_oak_dell,barony,b_old_oak_dell,c_kalmins_grove,city_holding
1164,2693,209,2,166,b_hunters_tree,barony,b_hunters_tree,c_kalmins_grove,church_holding
157,2694,112,13,82,b_council_glade,barony,b_council_glade,c_the_shield,castle_holding
157,2695,92,144,52,b_tall_trees,barony,b_tall_trees,c_the_shield,city_holding
2507,2696,227,118,127,b_baenth,barony,b_baenth,c_ust_natha,city_holding
2507,2697,215,253,24,b_ichein,barony,b_ichein,c_ust_natha,church_holding
2588,2698,10,112,92,b_thargill,barony,b_thargill,c_thargill,tribal_holding
224,2699,48,24,136,b_ruathym,barony,b_ruathym,c_ruathym,castle_holding
224,2700,115,106,83,b_hastor,barony,b_hastor,c_ruathym,church_holding
1179,2701,126,94,41,b_rethgaard,barony,b_rethgaard,c_axard,castle_holding
1180,2702,140,94,72,b_nerth,barony,b_nerth,c_nerth,castle_holding
225,2703,109,162,47,b_aurilssbarg,barony,b_aurilssbarg,c_the_icepeak,city_holding
226,2704,197,41,25,b_gundbarg,barony,b_gundbarg,c_gundarlun,tribal_holding
228,2705,54,185,179,b_ulf_of_thuger,barony,b_ulf_of_thuger,c_purple_rocks,tribal_holding
227,2706,140,43,159,b_uttersea,barony,b_uttersea,c_tuern,tribal_holding
229,2707,136,37,228,b_umukek,barony,b_umukek,c_umukek,tribal_holding
2513,2708,125,159,252,b_svardborg,barony,b_svardborg,c_svardborg,castle_holding
219,2709,130,81,124,b_tower_of_storms,barony,b_tower_of_storms,c_wave_rocks,castle_holding
213,2710,228,198,195,b_gull_nest,barony,b_gull_nest,c_gullrocks,castle_holding
1127,2711,216,88,231,b_barth,barony,b_barth,c_the_teeth,castle_holding
2637,2712,240,17,201,b_havraquoar,barony,b_havraquoar,c_havraquoar,tribal_holding
2204,2713,20,61,255,b_lion_rock,barony,b_lion_rock,c_lammasus_plain,tribal_holding
2638,2714,144,168,87,b_dragonbones,barony,b_dragonbones,c_dragongrounds,tribal_holding
2636,2715,64,250,79,b_portage,barony,b_portage,c_the_anchorage,tribal_holding
2635,2716,39,185,83,b_frosthold,barony,b_frosthold,c_roof_of_the_world,tribal_holding
2634,2717,19,114,234,b_coldsand,barony,b_coldsand,c_shivering_coast,tribal_holding
2311,2718,123,216,227,b_avian_keep,barony,b_avian_keep,c_ancients_hollow,tribal_holding
2642,2719,71,109,46,b_spearhead,barony,b_spearhead,c_spearhead_point,tribal_holding
2640,2720,53,210,148,b_shark_point,barony,b_shark_point,c_whalers_end,tribal_holding
2641,2721,83,140,205,b_last_stop,barony,b_last_stop,c_lonely_rock,tribal_holding
2639,2722,75,181,120,b_frosteeth,barony,b_frosteeth,c_coldcrag,tribal_holding
308,2723,245,67,19,b_caer_callidyrr,barony,b_caer_callidyrr,c_callidyrr,castle_holding
308,2724,77,195,20,b_llandeilo,barony,b_llandeilo,c_callidyrr,castle_holding
310,2725,205,92,61,b_stagford,barony,b_stagford,c_stagford,castle_holding
310,2726,254,159,49,b_holyhead,barony,b_holyhead,c_stagford,city_holding
309,2727,228,155,247,b_ogden,barony,b_ogden,c_talffolk,castle_holding
309,2728,13,23,37,b_cobh,barony,b_cobh,c_talffolk,city_holding
309,2729,204,130,2,b_torriage_wood,barony,b_torriage_wood,c_talffolk,church_holding
311,2730,145,204,86,b_blythe,barony,b_blythe,c_stirgewick,castle_holding
311,2731,221,205,151,b_regents_field,barony,b_regents_field,c_stirgewick,city_holding
312,2732,235,99,231,b_llewellyn,barony,b_llewellyn,c_bregonshire,castle_holding
2688,2733,99,11,97,b_doncastle,barony,b_doncastle,c_dernall,castle_holding
2688,2734,242,157,94,b_aithelar,barony,b_aithelar,c_dernall,city_holding
313,2735,162,26,84,b_gnarhelm,barony,b_gnarhelm,c_gnarhelm,castle_holding
313,2736,3,248,38,b_deaths_door,barony,b_deaths_door,c_gnarhelm,city_holding
314,2737,130,239,254,b_hardangheight,barony,b_hardangheight,c_hardang,tribal_holding
315,2738,48,188,195,b_sunderstaad,barony,b_sunderstaad,c_sunder,castle_holding
2629,2739,223,83,187,b_olafstaad,barony,b_olafstaad,c_olafstaad,castle_holding
2629,2740,57,8,205,b_norcaster,barony,b_norcaster,c_olafstaad,city_holding
1567,2741,240,57,93,b_blackstone,barony,b_blackstone,c_fairheight,castle_holding
1567,2742,155,158,229,b_white_rock,barony,b_white_rock,c_fairheight,city_holding
220,2743,248,56,181,b_caer_westphal,barony,b_caer_westphal,c_westphal,castle_holding
321,2744,113,105,23,b_dynnatt,barony,b_dynnatt,c_corwell,city_holding
321,2745,107,229,129,b_pontswain,barony,b_pontswain,c_corwell,church_holding
326,2746,179,126,91,b_fenton,barony,b_fenton,c_shrouded_lands,castle_holding
319,2747,50,152,227,b_kingsbay,barony,b_kingsbay,c_kingsbay,castle_holding
319,2748,117,41,183,b_macsheehan,barony,b_macsheehan,c_kingsbay,church_holding
325,2749,203,200,96,b_wyngate,barony,b_wyngate,c_wyngate,castle_holding
325,2750,225,97,188,b_graystone,barony,b_graystone,c_wyngate,city_holding
318,2751,111,234,145,b_argen_tellirynd,barony,b_argen_tellirynd,c_synnoria,castle_holding
320,2752,167,138,154,b_deepglen,barony,b_deepglen,c_myrloch_vale,castle_holding
320,2753,97,202,142,b_mal_temesis,barony,b_mal_temesis,c_myrloch_vale,city_holding
320,2754,223,230,228,b_blackhoof,barony,b_blackhoof,c_myrloch_vale,church_holding
320,2755,222,42,192,b_shee_pool,barony,b_shee_pool,c_myrloch_vale,castle_holding
214,2756,17,168,250,b_flamsterd,barony,b_flamsterd,c_flamsterd,castle_holding
323,2757,157,243,175,b_citadel_umbra,barony,b_citadel_umbra,c_winterglen,castle_holding
323,2758,235,29,245,b_taeya,barony,b_taeya,c_winterglen,city_holding
322,2759,236,154,253,b_darkhorn_castle,barony,b_darkhorn_castle,c_cambro,castle_holding
322,2760,172,217,125,b_cambro,barony,b_cambro,c_cambro,city_holding
324,2761,143,8,43,b_codscove,barony,b_codscove,c_codsbay,castle_holding
2621,2762,127,109,142,b_caer_moray,barony,b_caer_moray,c_caer_moray,castle_holding
316,2763,108,24,200,b_dynnegall,barony,b_dynnegall,c_dynnegall,castle_holding
317,2764,220,141,179,b_kork,barony,b_kork,c_kork,castle_holding
221,2765,111,25,161,b_sunset,barony,b_sunset,c_sunset,tribal_holding
217,2766,65,29,154,b_rogarsheim,barony,b_rogarsheim,c_frostfenn,castle_holding
218,2767,234,110,26,b_arndtbergon,barony,b_arndtbergon,c_grondsgrunn,tribal_holding
215,2768,39,34,128,b_hammerstaad,barony,b_hammerstaad,c_norheim,castle_holding
216,2769,47,222,230,b_caftenor,barony,b_caftenor,c_korinn,castle_holding
2627,2770,65,141,153,b_skadaurak,barony,b_skadaurak,c_skadaurak,tribal_holding
1401,2771,152,94,17,b_graystaad,barony,b_graystaad,c_northwind,castle_holding
2659,2772,154,135,16,b_trondhelm,barony,b_trondhelm,c_iron_keep,castle_holding
223,2773,53,92,10,b_mintarn,barony,b_mintarn,c_mintarn,city_holding
232,2774,190,210,105,b_branestria,barony,b_branestria,c_cimarine_isles,castle_holding
230,2775,227,84,85,b_finback,barony,b_finback,c_the_whalebones,castle_holding
659,2776,120,68,92,b_unthalass,barony,b_unthalass,c_unthalass,castle_holding
659,2777,243,122,81,b_rijath,barony,b_rijath,c_unthalass,city_holding
659,2778,161,233,182,b_narr,barony,b_narr,c_unthalass,church_holding
659,2779,9,42,247,b_barina,barony,b_barina,c_unthalass,castle_holding
661,2780,87,255,163,b_red_haven,barony,b_red_haven,c_red_shores,castle_holding
661,2781,92,138,192,b_burbo,barony,b_burbo,c_red_shores,city_holding
661,2782,103,158,84,b_sisud,barony,b_sisud,c_red_shores,church_holding
1443,2783,189,135,138,b_ssintar,barony,b_ssintar,c_ssintar,castle_holding
2453,2784,250,253,17,b_nuz,barony,b_nuz,c_tomb_hills,castle_holding
2453,2785,14,87,118,b_tell_keggri,barony,b_tell_keggri,c_tomb_hills,city_holding
2453,2786,127,202,10,b_unzez_os,barony,b_unzez_os,c_tomb_hills,church_holding
664,2787,94,206,110,b_firetrees,barony,b_firetrees,c_firetrees,castle_holding
664,2788,158,138,25,b_kingsarch,barony,b_kingsarch,c_firetrees,city_holding
664,2789,100,122,45,b_sige,barony,b_sige,c_firetrees,church_holding
660,2790,56,63,225,b_dalath,barony,b_dalath,c_dalath,castle_holding
660,2791,165,20,164,b_talukad,barony,b_talukad,c_dalath,city_holding
660,2792,154,191,166,b_nidunch,barony,b_nidunch,c_dalath,church_holding
658,2793,26,69,224,b_eye_of_insight,barony,b_eye_of_insight,c_ship_of_the_gods,castle_holding
668,2794,254,82,107,b_messemprar,barony,b_messemprar,c_messemprar,castle_holding
668,2795,181,178,87,b_thamor,barony,b_thamor,c_messemprar,city_holding
668,2796,205,145,3,b_dotho,barony,b_dotho,c_messemprar,church_holding
668,2797,250,144,52,b_kenna,barony,b_kenna,c_messemprar,castle_holding
631,2798,56,10,26,b_mourktar,barony,b_mourktar,c_mourktar,castle_holding
631,2799,86,185,212,b_oros,barony,b_oros,c_mourktar,city_holding
631,2800,171,187,70,b_broken_shield,barony,b_broken_shield,c_mourktar,church_holding
1229,2801,74,28,144,b_ulphish,barony,b_ulphish,c_river_of_metals,castle_holding
1229,2802,94,111,156,b_zembral,barony,b_zembral,c_river_of_metals,city_holding
669,2803,232,12,171,b_shussel,barony,b_shussel,c_shussel,castle_holding
669,2804,226,157,205,b_hawold,barony,b_hawold,c_shussel,city_holding
669,2805,178,48,136,b_kapidum,barony,b_kapidum,c_shussel,church_holding
665,2806,62,96,187,b_angol,barony,b_angol,c_angol,castle_holding
665,2807,78,200,202,b_arojas,barony,b_arojas,c_angol,city_holding
1754,2808,131,191,57,b_quretta,barony,b_quretta,c_quretta,castle_holding
2460,2809,88,183,15,b_niltuk,barony,b_niltuk,c_ashfields,castle_holding
2460,2810,158,127,85,b_gilamuth,barony,b_gilamuth,c_ashfields,city_holding
1228,2811,160,10,131,b_imkath,barony,b_imkath,c_road_of_dust,castle_holding
1228,2812,20,212,150,b_uluzam,barony,b_uluzam,c_road_of_dust,city_holding
663,2813,177,54,183,b_kaoll,barony,b_kaoll,c_kaoll,castle_holding
663,2814,120,17,245,b_chiosina,barony,b_chiosina,c_kaoll,city_holding
2458,2815,29,168,27,b_sekras,barony,b_sekras,c_sekras,castle_holding
2458,2816,150,174,30,b_ruinspoke,barony,b_ruinspoke,c_sekras,city_holding
2458,2817,198,219,75,b_oss,barony,b_oss,c_sekras,church_holding
666,2818,164,69,39,b_inkrath,barony,b_inkrath,c_inkrath,castle_holding
666,2819,213,40,244,b_mesa,barony,b_mesa,c_inkrath,city_holding
1753,2820,49,133,233,b_nagarana,barony,b_nagarana,c_nagarana,tribal_holding
672,2821,208,185,185,b_fusselflow,barony,b_fusselflow,c_fussellshade,castle_holding
672,2822,118,91,29,b_ari_avelba,barony,b_ari_avelba,c_fussellshade,city_holding
2452,2823,137,214,14,b_arsof,barony,b_arsof,c_smoking_mountains,castle_holding
2452,2824,138,243,191,b_citadel_of_black_ash,barony,b_citadel_of_black_ash,c_smoking_mountains,castle_holding
667,2825,70,54,172,b_ashenstars,barony,b_ashenstars,c_black_ash_plain,tribal_holding
673,2826,36,97,68,b_uthangol,barony,b_uthangol,c_uthangol,castle_holding
673,2827,223,237,127,b_ari_ethos,barony,b_ari_ethos,c_uthangol,city_holding
2459,2828,45,214,82,b_shuruppak,barony,b_shuruppak,c_riders_to_the_sky,castle_holding
670,2829,159,99,58,b_sadamzar,barony,b_sadamzar,c_sadamzar,castle_holding
670,2830,50,87,197,b_outava,barony,b_outava,c_sadamzar,city_holding
662,2831,156,176,20,b_methwood,barony,b_methwood,c_methwood,tribal_holding
2454,2832,16,102,28,b_myth_valorthae,barony,b_myth_valorthae,c_east_methwood,tribal_holding
1056,2833,177,152,97,b_spandeliyon,barony,b_spandeliyon,c_spandeliyon,city_holding
1054,2834,30,103,234,b_delthuntle,barony,b_delthuntle,c_delthuntle,city_holding
1054,2835,170,198,140,b_tyrnakaia,barony,b_tyrnakaia,c_delthuntle,castle_holding
1055,2836,121,186,173,b_ingdals_arm,barony,b_ingdals_arm,c_ingdals_arm,castle_holding
1055,2837,152,78,251,b_cardended,barony,b_cardended,c_ingdals_arm,city_holding
1121,2838,161,192,79,b_thonns_fist,barony,b_thonns_fist,c_thonns_fist,city_holding
1416,2839,38,8,6,b_shamandra,barony,b_shamandra,c_shamandra,city_holding
1030,2840,81,248,135,b_laothkund,barony,b_laothkund,c_laothkund,castle_holding
1030,2841,234,94,195,b_enus,barony,b_enus,c_laothkund,city_holding
1052,2842,87,177,245,b_taskaunt,barony,b_taskaunt,c_taskaunt,castle_holding
1052,2843,28,237,133,b_lasdur,barony,b_lasdur,c_taskaunt,city_holding
1053,2844,129,24,102,b_tilbrand,barony,b_tilbrand,c_tilbrand,city_holding
1053,2845,98,55,151,b_ritherhithe,barony,b_ritherhithe,c_tilbrand,castle_holding
2495,2846,245,45,65,b_nethra,barony,b_nethra,c_nethra,castle_holding
2495,2847,190,109,181,b_teth,barony,b_teth,c_nethra,city_holding
1014,2848,99,179,229,b_autumant,barony,b_autumant,c_umber_marsh,tribal_holding
579,2849,247,210,161,b_palace_of_the_sceptanar,barony,b_palace_of_the_sceptanar,c_cimbar,castle_holding
579,2850,18,109,223,b_old_cimbar,barony,b_old_cimbar,c_cimbar,church_holding
579,2851,196,132,213,b_new_cimbar,barony,b_new_cimbar,c_cimbar,city_holding
578,2852,149,64,80,b_airspur,barony,b_airspur,c_airspur,city_holding
578,2853,241,180,196,b_the_crimson_wall,barony,b_the_crimson_wall,c_airspur,castle_holding
578,2854,250,143,14,b_akanawater,barony,b_akanawater,c_airspur,church_holding
626,2855,216,223,74,b_erebos,barony,b_erebos,c_erebos,castle_holding
626,2856,68,114,232,b_amalin,barony,b_amalin,c_erebos,city_holding
626,2857,197,24,195,b_boscara,barony,b_boscara,c_erebos,church_holding
614,2858,72,75,70,b_rodanar,barony,b_rodanar,c_rodanar,castle_holding
614,2859,210,65,114,b_thurik,barony,b_thurik,c_rodanar,city_holding
580,2860,35,1,169,b_soorenar,barony,b_soorenar,c_soorenar,castle_holding
580,2861,51,250,218,b_pleham,barony,b_pleham,c_soorenar,city_holding
580,2862,177,169,146,b_arikrlundr,barony,b_arikrlundr,c_soorenar,church_holding
627,2863,149,7,7,b_maerch,barony,b_maerch,c_maerch,castle_holding
627,2864,166,249,89,b_egarama,barony,b_egarama,c_maerch,city_holding
1444,2865,126,41,5,b_markais,barony,b_markais,c_winding_river,castle_holding
1230,2866,46,48,21,b_maerchlin,barony,b_maerchlin,c_maerchlin,castle_holding
1230,2867,92,218,121,b_alexandis,barony,b_alexandis,c_maerchlin,city_holding
628,2868,15,157,94,b_calmaersor,barony,b_calmaersor,c_maerchwoods,castle_holding
1722,2869,188,80,44,b_adderspring,barony,b_adderspring,c_adderspring,castle_holding
629,2870,9,174,142,b_maerduuth,barony,b_maerduuth,c_maerduuth,castle_holding
629,2871,105,144,203,b_uslin,barony,b_uslin,c_maerduuth,city_holding
629,2872,89,118,237,b_saden,barony,b_saden,c_maerduuth,church_holding
630,2873,51,114,121,b_akanax,barony,b_akanax,c_akanax,castle_holding
630,2874,197,125,112,b_tulach,barony,b_tulach,c_akanax,city_holding
617,2875,47,57,73,b_avax,barony,b_avax,c_avax,castle_holding
617,2876,229,203,105,b_tevilla,barony,b_tevilla,c_avax,city_holding
2432,2877,87,208,232,b_chelms_roost,barony,b_chelms_roost,c_maerwatch,castle_holding
2432,2878,247,7,249,b_mantan,barony,b_mantan,c_maerwatch,city_holding
623,2879,30,86,136,b_war_college,barony,b_war_college,c_luthcheq,castle_holding
623,2880,58,103,244,b_luthcheq,barony,b_luthcheq,c_luthcheq,city_holding
623,2881,118,96,105,b_house_of_tchazzar,barony,b_house_of_tchazzar,c_luthcheq,church_holding
2433,2882,167,154,107,b_heptios,barony,b_heptios,c_heptios,castle_holding
2433,2883,214,195,231,b_nekala,barony,b_nekala,c_heptios,church_holding
671,2884,215,243,27,b_baex,barony,b_baex,c_adder_swamp,church_holding
624,2885,44,144,236,b_mordulkin,barony,b_mordulkin,c_mordulkin,castle_holding
624,2886,3,48,196,b_toreus,barony,b_toreus,c_mordulkin,city_holding
625,2887,58,142,170,b_soolabax,barony,b_soolabax,c_soolabax,castle_holding
625,2888,209,37,38,b_samnur,barony,b_samnur,c_soolabax,city_holding
625,2889,139,213,102,b_heptics,barony,b_heptics,c_soolabax,church_holding
632,2890,172,199,137,b_thulbane,barony,b_thulbane,c_thulbane,castle_holding
2417,2891,162,204,26,b_aktyn,barony,b_aktyn,c_fields_of_pryollus,castle_holding
2417,2892,240,80,6,b_gonnach,barony,b_gonnach,c_fields_of_pryollus,city_holding
634,2893,130,57,143,b_askix,barony,b_askix,c_jade_hills,city_holding
634,2894,8,134,198,b_bratun,barony,b_bratun,c_jade_hills,castle_holding
634,2895,170,165,222,b_leeside,barony,b_leeside,c_jade_hills,church_holding
633,2896,81,111,175,b_drakelight,barony,b_drakelight,c_watchers_cape,castle_holding
3,2897,95,89,185,b_ducal_castle,barony,b_ducal_castle,c_daggerford,castle_holding
3,2898,9,210,237,b_daggerford,barony,b_daggerford,c_daggerford,city_holding
3,2899,250,116,121,b_morninglow_tower,barony,b_morninglow_tower,c_daggerford,church_holding
1163,2900,225,165,4,b_bowshot,barony,b_bowshot,c_bowshot,castle_holding
1163,2901,90,16,230,b_gillians_hill,barony,b_gillians_hill,c_bowshot,city_holding
1163,2902,34,61,215,b_roosting_griffon,barony,b_roosting_griffon,c_bowshot,church_holding
1410,2903,126,146,56,b_cromms_hold,barony,b_cromms_hold,c_lizard_marsh,tribal_holding
1410,2904,187,224,90,b_rock_island,barony,b_rock_island,c_lizard_marsh,city_holding
22,2905,249,34,56,b_floshin_manor,barony,b_floshin_manor,c_ardeepsward,castle_holding
22,2906,249,141,168,b_the_selpir,barony,b_the_selpir,c_ardeepsward,city_holding
1448,2907,136,28,148,b_seatower_of_ilinyth,barony,b_seatower_of_ilinyth,c_open_marches,tribal_holding
1448,2908,129,76,11,b_scathril,barony,b_scathril,c_open_marches,city_holding
1448,2909,218,27,231,b_moon_isle,barony,b_moon_isle,c_open_marches,church_holding
58,2910,37,113,41,b_watchtower_of_syorathil,barony,b_watchtower_of_syorathil,c_trollbark_forest,tribal_holding
58,2911,138,244,52,b_fiddlers_pass,barony,b_fiddlers_pass,c_trollbark_forest,city_holding
58,2912,67,108,8,b_banshee_woods,barony,b_banshee_woods,c_trollbark_forest,church_holding
1696,2913,51,8,171,b_orbedal_tower,barony,b_orbedal_tower,c_orbedal,castle_holding
385,2914,18,62,91,b_altand,barony,b_altand,c_misty_forest,tribal_holding
385,2915,133,20,4,b_elderstone,barony,b_elderstone,c_misty_forest,city_holding
1707,2916,137,238,15,b_eldaths_water,barony,b_eldaths_water,c_eldaths_water,tribal_holding
112,2917,200,214,218,b_cloudcrown,barony,b_cloudcrown,c_evereska,castle_holding
112,2918,52,235,187,b_evereska,barony,b_evereska,c_evereska,city_holding
112,2919,4,75,153,b_shaeradim,barony,b_shaeradim,c_evereska,castle_holding
112,2920,192,6,135,b_the_sisters,barony,b_the_sisters,c_evereska,city_holding
112,2921,216,247,244,b_fountainheart_of_shimmering_gold,barony,b_fountainheart_of_shimmering_gold,c_evereska,church_holding
113,2922,46,170,188,b_greyhome,barony,b_greyhome,c_greycloak_hills,castle_holding
113,2923,220,133,97,b_halfway_inn,barony,b_halfway_inn,c_greycloak_hills,city_holding
101,2924,56,240,155,b_ssthartissssum,barony,b_ssthartissssum,c_najara,castle_holding
96,2925,231,67,70,b_yarthrain,barony,b_yarthrain,c_yarthrain,tribal_holding
102,2926,120,42,16,b_serpents_cowl,barony,b_serpents_cowl,c_forest_of_wyrms,tribal_holding
97,2927,208,147,63,b_sskhanaja,barony,b_sskhanaja,c_serpent_hills,tribal_holding
111,2928,246,246,111,b_dunkapple_castle,barony,b_dunkapple_castle,c_chelimber,castle_holding
1215,2929,137,12,119,b_kasidikals_keep,barony,b_kasidikals_keep,c_serpents_tail,castle_holding
109,2930,116,236,229,b_aumvors_castle,barony,b_aumvors_castle,c_lonely_moor,castle_holding
110,2931,206,86,80,b_oaksong_tower,barony,b_oaksong_tower,c_forgotten_forest,tribal_holding
1238,2932,99,155,122,b_keep_of_pale_night,barony,b_keep_of_pale_night,c_battle_of_bones,castle_holding
114,2933,242,30,211,b_gavelstone,barony,b_gavelstone,c_pelleors_prairie,tribal_holding
115,2934,194,45,141,b_well_of_dragons,barony,b_well_of_dragons,c_well_of_dragons,city_holding
115,2935,200,33,125,b_lady_dove,barony,b_lady_dove,c_well_of_dragons,castle_holding
115,2936,184,92,149,b_skull_gorge,barony,b_skull_gorge,c_well_of_dragons,church_holding
1708,2937,138,46,38,b_endar_aglandtor,barony,b_endar_aglandtor,c_endar_aglandtor,church_holding
1708,2938,41,124,220,b_mansfield,barony,b_mansfield,c_endar_aglandtor,castle_holding
6,2939,32,144,151,b_dragonspear_castle,barony,b_dragonspear_castle,c_dragonspear,church_holding
1404,2940,137,143,97,b_the_way_inn,barony,b_the_way_inn,c_the_tradeway,city_holding
68,2941,191,91,164,b_ebenfar,barony,b_ebenfar,c_ebenfar,tribal_holding
68,2942,162,42,245,b_hark,barony,b_hark,c_ebenfar,city_holding
98,2943,119,87,233,b_hammer_hall,barony,b_hammer_hall,c_hammer_hall,castle_holding
99,2944,39,182,250,b_greenleaf_vale,barony,b_greenleaf_vale,c_the_rockshaws,tribal_holding
2439,2945,207,147,58,b_mistfells,barony,b_mistfells,c_westfells,tribal_holding
1706,2946,163,229,243,b_orogoth,barony,b_orogoth,c_orogoth,castle_holding
104,2947,195,78,77,b_llorkh,barony,b_llorkh,c_llorkh,city_holding
104,2948,127,88,147,b_iron_hill,barony,b_iron_hill,c_llorkh,castle_holding
1151,2949,132,210,73,b_parnast,barony,b_parnast,c_dawn_pass,city_holding
1151,2950,123,188,137,b_dawn_pass,barony,b_dawn_pass,c_dawn_pass,castle_holding
54,2951,33,87,111,b_loudwater,barony,b_loudwater,c_loudwater,city_holding
54,2952,72,220,208,b_kauth,barony,b_kauth,c_loudwater,castle_holding
54,2953,230,204,219,b_veltienorethal,barony,b_veltienorethal,c_loudwater,church_holding
60,2954,205,126,17,b_highluthholt,barony,b_highluthholt,c_southwood,tribal_holding
7,2955,151,0,239,b_undarls_tower,barony,b_undarls_tower,c_secomber,castle_holding
7,2956,126,175,143,b_secomber,barony,b_secomber,c_secomber,city_holding
24,2957,80,177,118,b_uluvin,barony,b_uluvin,c_uluvin,castle_holding
24,2958,255,41,118,b_starshadow_vale,barony,b_starshadow_vale,c_uluvin,city_holding
470,2959,5,19,221,b_athgard_keep,barony,b_athgard_keep,c_julkoun,castle_holding
470,2960,165,126,237,b_julkoun,barony,b_julkoun,c_julkoun,city_holding
59,2961,234,202,82,b_zelbross,barony,b_zelbross,c_zelbross,castle_holding
59,2962,194,190,131,b_urmish,barony,b_urmish,c_zelbross,city_holding
59,2963,91,180,20,b_gallywal,barony,b_gallywal,c_zelbross,church_holding
1302,2964,196,252,160,b_yenching,barony,b_yenching,c_yenching,castle_holding
1302,2965,67,144,15,b_shaozuishan,barony,b_shaozuishan,c_yenching,city_holding
1302,2966,149,147,145,b_mianqihar,barony,b_mianqihar,c_yenching,church_holding
1302,2967,97,101,24,b_pude,barony,b_pude,c_yenching,castle_holding
1395,2968,116,75,189,b_tonglish,barony,b_tonglish,c_fields_of_salt,tribal_holding
810,2969,254,174,240,b_lo_tu,barony,b_lo_tu,c_lo_tu,castle_holding
810,2970,210,150,5,b_zoachong,barony,b_zoachong,c_lo_tu,city_holding
810,2971,88,64,210,b_xumay,barony,b_xumay,c_lo_tu,church_holding
1303,2972,227,207,41,b_qugong,barony,b_qugong,c_ochre_hills,church_holding
1304,2973,3,103,67,b_lo_pan,barony,b_lo_pan,c_sorghum_fields,castle_holding
1304,2974,86,238,128,b_xinhai,barony,b_xinhai,c_sorghum_fields,city_holding
1337,2975,61,169,91,b_jade_gate,barony,b_jade_gate,c_jade_gate,castle_holding
1337,2976,41,157,43,b_panchun,barony,b_panchun,c_jade_gate,city_holding
1305,2977,153,86,110,b_shanshu,barony,b_shanshu,c_shanshu,castle_holding
1305,2978,63,17,44,b_xuanchai,barony,b_xuanchai,c_shanshu,city_holding
1346,2979,230,209,64,b_suzhai,barony,b_suzhai,c_suzhai,castle_holding
1307,2980,176,219,242,b_zoahua,barony,b_zoahua,c_zoahua,castle_holding
1307,2981,255,246,97,b_jiaoyang,barony,b_jiaoyang,c_zoahua,city_holding
2484,2982,34,153,40,b_minlow,barony,b_minlow,c_minlow,castle_holding
2484,2983,237,104,52,b_tangqihar,barony,b_tangqihar,c_minlow,city_holding
2484,2984,169,236,15,b_edgeforest,barony,b_edgeforest,c_minlow,church_holding
2479,2985,196,146,93,b_guihar,barony,b_guihar,c_guihar,tribal_holding
2332,2986,6,232,13,b_yuanqihar,barony,b_yuanqihar,c_east_rendai,castle_holding
2332,2987,122,2,134,b_shanshan,barony,b_shanshan,c_east_rendai,city_holding
2332,2988,143,151,131,b_tengcheng,barony,b_tengcheng,c_east_rendai,church_holding
1139,2989,172,112,127,b_shengyi,barony,b_shengyi,c_middle_rendai,tribal_holding
1306,2990,134,149,146,b_tongwei,barony,b_tongwei,c_west_rendai,tribal_holding
1772,2991,27,94,141,b_zhoman,barony,b_zhoman,c_zhoman,tribal_holding
1373,2992,77,54,222,b_seikung,barony,b_seikung,c_seikung,castle_holding
1373,2993,175,12,11,b_mianxiang,barony,b_mianxiang,c_seikung,city_holding
1373,2994,192,104,91,b_shizuiguan,barony,b_shizuiguan,c_seikung,church_holding
1373,2995,5,68,27,b_meiyuan,barony,b_meiyuan,c_seikung,castle_holding
1372,2996,148,111,56,b_akshu,barony,b_akshu,c_akshu,castle_holding
1372,2997,16,63,49,b_mudanxing,barony,b_mudanxing,c_akshu,city_holding
1372,2998,1,57,71,b_qingmay,barony,b_qingmay,c_akshu,church_holding
1374,2999,5,149,204,b_feifeng,barony,b_feifeng,c_feifeng,castle_holding
1374,3000,113,197,160,b_itu,barony,b_itu,c_feifeng,city_holding
1375,3001,95,142,132,b_po,barony,b_po,c_herders_crook,castle_holding
1375,3002,142,251,81,b_tanggong,barony,b_tanggong,c_herders_crook,city_holding
1376,3003,94,15,199,b_atai,barony,b_atai,c_atai,tribal_holding
1377,3004,71,61,228,b_guizen,barony,b_guizen,c_halu,tribal_holding
1383,3005,22,245,7,b_shou_kuan,barony,b_shou_kuan,c_shou_kuan,castle_holding
1383,3006,202,219,222,b_xinging,barony,b_xinging,c_shou_kuan,city_holding
1383,3007,242,181,203,b_xutou,barony,b_xutou,c_shou_kuan,church_holding
1394,3008,59,177,230,b_beijiangm,barony,b_beijiangm,c_wellspring_hills,tribal_holding
1768,3009,216,83,189,b_xuheing,barony,b_xuheing,c_xuheing,castle_holding
2213,3010,94,17,63,b_taicheng,barony,b_taicheng,c_kuan_road,castle_holding
2213,3011,23,74,39,b_nangong,barony,b_nangong,c_kuan_road,city_holding
2213,3012,106,23,57,b_mudanramay,barony,b_mudanramay,c_kuan_road,church_holding
2480,3013,233,198,182,b_quchang,barony,b_quchang,c_quchang,tribal_holding
2482,3014,217,136,39,b_zoajing,barony,b_zoajing,c_zoajing,castle_holding
2482,3015,171,32,195,b_guirao,barony,b_guirao,c_zoajing,city_holding
2482,3016,201,237,232,b_shangxing,barony,b_shangxing,c_zoajing,church_holding
1767,3017,236,205,207,b_hengfena,barony,b_hengfena,c_hengfena,tribal_holding
1393,3018,128,186,102,b_chaikou,barony,b_chaikou,c_chaikou_hills,tribal_holding
1392,3019,183,126,165,b_meiliang,barony,b_meiliang,c_fertile_moon,tribal_holding
2481,3020,173,228,164,b_tongchun,barony,b_tongchun,c_tongchun,castle_holding
2481,3021,105,7,93,b_shizuitong,barony,b_shizuitong,c_tongchun,church_holding
2481,3022,8,232,94,b_shizuiliang,barony,b_shizuiliang,c_tongchun,city_holding
1363,3023,91,188,13,b_toming,barony,b_toming,c_toming,castle_holding
1363,3024,0,212,69,b_guusai,barony,b_guusai,c_toming,city_holding
1363,3025,135,216,49,b_jiangjin,barony,b_jiangjin,c_toming,church_holding
1367,3026,140,40,97,b_mishan,barony,b_mishan,c_mishan,castle_holding
1367,3027,74,167,167,b_hangping,barony,b_hangping,c_mishan,city_holding
1379,3028,8,236,145,b_laiwei,barony,b_laiwei,c_laiwei,castle_holding
1379,3029,240,153,147,b_jiangyi,barony,b_jiangyi,c_laiwei,city_holding
1770,3030,27,102,147,b_naon,barony,b_naon,c_naon,castle_holding
2483,3031,43,48,169,b_shangtao,barony,b_shangtao,c_shangtao,castle_holding
2483,3032,212,240,67,b_qindong,barony,b_qindong,c_shangtao,city_holding
1310,3033,111,71,16,b_shihfang,barony,b_shihfang,c_shihfang,castle_holding
1310,3034,6,214,46,b_zhongzhou,barony,b_zhongzhou,c_shihfang,city_holding
1769,3035,206,84,155,b_huai,barony,b_huai,c_huai,castle_holding
1312,3036,27,157,170,b_tapenga,barony,b_tapenga,c_tapenga,castle_holding
1312,3037,20,233,62,b_guangqiu,barony,b_guangqiu,c_tapenga,city_holding
1312,3038,184,211,29,b_suchun,barony,b_suchun,c_tapenga,church_holding
1311,3039,111,0,41,b_nanxun,barony,b_nanxun,c_nanxun,castle_holding
1311,3040,133,37,83,b_yueh,barony,b_yueh,c_nanxun,city_holding
1309,3041,222,112,216,b_jiaoguan,barony,b_jiaoguan,c_sky_fields,castle_holding
1309,3042,103,29,170,b_sharbei,barony,b_sharbei,c_sky_fields,city_holding
1309,3043,222,29,63,b_changzhou,barony,b_changzhou,c_sky_fields,church_holding
815,3044,162,93,244,b_jingong,barony,b_jingong,c_yellow_serpent,castle_holding
1766,3045,95,147,19,b_qinyi,barony,b_qinyi,c_qinyi,castle_holding
1765,3046,107,110,174,b_hame,barony,b_hame,c_hame,castle_holding
1343,3047,162,99,17,b_chao_yang,barony,b_chao_yang,c_chao_yang,castle_holding
1343,3048,210,35,228,b_yincha,barony,b_yincha,c_chao_yang,city_holding
1343,3049,187,21,126,b_jiaxian,barony,b_jiaxian,c_chao_yang,church_holding
1308,3050,136,255,183,b_qingliang,barony,b_qingliang,c_west_road,castle_holding
1308,3051,225,20,93,b_guangtou,barony,b_guangtou,c_west_road,city_holding
1345,3052,144,117,126,b_loulan,barony,b_loulan,c_loulan,castle_holding
1345,3053,25,178,4,b_putai,barony,b_putai,c_loulan,city_holding
1345,3054,64,12,213,b_suizhou,barony,b_suizhou,c_loulan,church_holding
1382,3055,68,74,57,b_jinchou,barony,b_jinchou,c_taotie,castle_holding
1382,3056,100,252,62,b_guanghai,barony,b_guanghai,c_taotie,city_holding
1381,3057,226,242,220,b_fukiow,barony,b_fukiow,c_fukiow,castle_holding
1381,3058,111,161,71,b_donggyi,barony,b_donggyi,c_fukiow,city_holding
1695,3059,212,147,23,b_kuo_meilan,barony,b_kuo_meilan,c_kuo_meilan,castle_holding
2346,3060,50,207,189,b_delliun,barony,b_delliun,c_delliun,castle_holding
2346,3061,156,11,56,b_pingliang,barony,b_pingliang,c_delliun,church_holding
2346,3062,241,136,135,b_darkvale,barony,b_darkvale,c_delliun,city_holding
1313,3063,72,64,169,b_ermani,barony,b_ermani,c_generals_stand,tribal_holding
1344,3064,226,38,104,b_zhouramay,barony,b_zhouramay,c_kuang_chu_road,castle_holding
1344,3065,136,243,49,b_shanchun,barony,b_shanchun,c_kuang_chu_road,city_holding
1378,3066,122,203,247,b_kangste,barony,b_kangste,c_kangste,castle_holding
1378,3067,61,183,226,b_anzhoun,barony,b_anzhoun,c_kangste,city_holding
1315,3068,144,140,188,b_qudao,barony,b_qudao,c_qudao,tribal_holding
1364,3069,52,72,244,b_kai_shan,barony,b_kai_shan,c_kai_shan,city_holding
1364,3070,200,150,6,b_qinggong,barony,b_qinggong,c_kai_shan,castle_holding
1364,3071,188,202,48,b_donghua,barony,b_donghua,c_kai_shan,church_holding
1364,3072,74,226,44,b_guijiang,barony,b_guijiang,c_kai_shan,city_holding
1366,3073,227,171,193,b_kochung,barony,b_kochung,c_kochung,church_holding
1366,3074,124,134,3,b_hengwei,barony,b_hengwei,c_kochung,castle_holding
1369,3075,225,203,195,b_weifei,barony,b_weifei,c_weifei,castle_holding
1369,3076,104,130,174,b_zhaojing,barony,b_zhaojing,c_weifei,city_holding
1369,3077,241,189,93,b_hengliang,barony,b_hengliang,c_weifei,church_holding
1415,3078,22,124,66,b_zhouang,barony,b_zhouang,c_white_hills,castle_holding
1415,3079,160,48,112,b_guaoun,barony,b_guaoun,c_white_hills,city_holding
1415,3080,219,38,205,b_shutong,barony,b_shutong,c_white_hills,church_holding
1365,3081,18,44,1,b_yao_sai,barony,b_yao_sai,c_yao_sai,castle_holding
1365,3082,201,224,39,b_baohou,barony,b_baohou,c_yao_sai,city_holding
1368,3083,20,13,247,b_wang,barony,b_wang,c_wang,castle_holding
1368,3084,234,130,235,b_qinshu,barony,b_qinshu,c_wang,city_holding
1771,3085,31,76,174,b_meinan,barony,b_meinan,c_meinan,castle_holding
2485,3086,28,214,17,b_changdao,barony,b_changdao,c_changdao,tribal_holding
2486,3087,73,171,207,b_jianggong,barony,b_jianggong,c_forests_edge,tribal_holding
1370,3088,252,125,16,b_taishan,barony,b_taishan,c_taishan,castle_holding
1370,3089,24,160,209,b_nanxing,barony,b_nanxing,c_taishan,city_holding
1371,3090,217,213,110,b_saigai,barony,b_saigai,c_saigai,church_holding
1371,3091,247,125,219,b_tenghai,barony,b_tenghai,c_saigai,castle_holding
1371,3092,118,170,72,b_hunhai,barony,b_hunhai,c_saigai,church_holding
905,3093,218,81,241,b_kourmira,barony,b_kourmira,c_kourmira,tribal_holding
905,3094,184,174,40,b_balenulalik,barony,b_balenulalik,c_kourmira,city_holding
905,3095,249,220,120,b_tenji,barony,b_tenji,c_kourmira,church_holding
905,3096,5,72,172,b_nanshark,barony,b_nanshark,c_kourmira,castle_holding
904,3097,228,53,60,b_banlm,barony,b_banlm,c_banlm,tribal_holding
904,3098,126,99,28,b_sago,barony,b_sago,c_banlm,city_holding
903,3099,1,148,183,b_winterkeep,barony,b_winterkeep,c_winterkeep,castle_holding
1787,3100,144,116,112,b_seshano,barony,b_seshano,c_seshano,tribal_holding
894,3101,250,158,218,b_teri,barony,b_teri,c_teri,tribal_holding
897,3102,116,189,162,b_qorkh,barony,b_qorkh,c_qorkh,tribal_holding
895,3103,230,239,151,b_tuma,barony,b_tuma,c_tuma,tribal_holding
896,3104,164,9,158,b_daynk,barony,b_daynk,c_daynk,tribal_holding
901,3105,5,65,114,b_nanhu,barony,b_nanhu,c_nanhu,tribal_holding
915,3106,160,225,247,b_yegororyanen,barony,b_yegororyanen,c_yegororyanen,tribal_holding
899,3107,144,71,205,b_quaraband,barony,b_quaraband,c_quaraband,tribal_holding
902,3108,241,69,96,b_darakh,barony,b_darakh,c_darakh,tribal_holding
902,3109,149,49,30,b_taynligola,barony,b_taynligola,c_darakh,city_holding
900,3110,87,111,60,b_salira,barony,b_salira,c_salira,tribal_holding
900,3111,161,168,46,b_natangoj,barony,b_natangoj,c_salira,city_holding
1776,3112,228,27,84,b_vral,barony,b_vral,c_vral,tribal_holding
1779,3113,69,226,125,b_bukhouk,barony,b_bukhouk,c_bukhouk,tribal_holding
1778,3114,15,211,118,b_kituzeelal,barony,b_kituzeelal,c_kituzeelal,tribal_holding
898,3115,107,33,176,b_terva,barony,b_terva,c_flowery_well,tribal_holding
906,3116,180,188,138,b_atoratgins,barony,b_atoratgins,c_atoratgins,tribal_holding
850,3117,226,242,27,b_borich,barony,b_borich,c_borich,tribal_holding
853,3118,16,208,70,b_saintkho,barony,b_saintkho,c_iris_spring,castle_holding
852,3119,208,83,58,b_jarir,barony,b_jarir,c_jarir,tribal_holding
854,3120,152,68,32,b_fortress_of_the_old_man,barony,b_fortress_of_the_old_man,c_sentinel_spire,church_holding
854,3121,73,99,12,b_budaarcha,barony,b_budaarcha,c_sentinel_spire,castle_holding
854,3122,3,51,129,b_chintshen,barony,b_chintshen,c_sentinel_spire,church_holding
826,3123,189,243,211,b_leopard_shan,barony,b_leopard_shan,c_leopard_shan,tribal_holding
933,3124,94,66,179,b_akashay,barony,b_akashay,c_akashay,tribal_holding
827,3125,219,253,77,b_amassa,barony,b_amassa,c_amassa,tribal_holding
828,3126,218,24,193,b_jelnesh,barony,b_jelnesh,c_jelnesh,tribal_holding
1331,3127,25,34,35,b_li_raz,barony,b_li_raz,c_li_raz,city_holding
879,3128,13,134,14,b_sakh,barony,b_sakh,c_sakh,tribal_holding
1271,3129,124,115,233,b_haxkhun,barony,b_haxkhun,c_haxkhun,city_holding
882,3130,159,246,66,b_munli,barony,b_munli,c_munli,tribal_holding
880,3131,183,226,241,b_bariya,barony,b_bariya,c_bariya,tribal_holding
881,3132,214,251,188,b_tariatooroi,barony,b_tariatooroi,c_tariatooroi,tribal_holding
886,3133,199,128,41,b_nogoonraat,barony,b_nogoonraat,c_nogoonraat,tribal_holding
884,3134,27,85,82,b_bulaantaro,barony,b_bulaantaro,c_bulaantaro,tribal_holding
883,3135,11,152,252,b_gurvandene,barony,b_gurvandene,c_gurvandene,tribal_holding
885,3136,195,55,212,b_hatgiainli,barony,b_hatgiainli,c_hatgiainli,tribal_holding
1780,3137,55,201,20,b_abarun,barony,b_abarun,c_abarun,tribal_holding
855,3138,255,120,64,b_bura,barony,b_bura,c_iceroot_forest,tribal_holding
857,3139,107,191,65,b_bulangalant,barony,b_bulangalant,c_bulangalant,tribal_holding
856,3140,11,228,54,b_shirc,barony,b_shirc,c_shirc,tribal_holding
887,3141,144,40,89,b_banda,barony,b_banda,c_banda,tribal_holding
891,3142,20,12,152,b_charig,barony,b_charig,c_bitter_well,tribal_holding
888,3143,81,186,131,b_bogon,barony,b_bogon,c_horseshoe_oasis,church_holding
876,3144,117,187,202,b_nagoo,barony,b_nagoo,c_nagoo,tribal_holding
889,3145,2,100,103,b_tatanulgts,barony,b_tatanulgts,c_tatanulgts,tribal_holding
877,3146,141,20,40,b_ansi,barony,b_ansi,c_ansi,city_holding
893,3147,197,158,72,b_bara,barony,b_bara,c_bara,tribal_holding
870,3148,67,189,191,b_chegoyui,barony,b_chegoyui,c_chegoyui,city_holding
878,3149,11,123,88,b_deraiairgak,barony,b_deraiairgak,c_deraiairgak,tribal_holding
892,3150,28,140,129,b_taria,barony,b_taria,c_pigeon_rock,tribal_holding
1334,3151,35,164,194,b_jugicha,barony,b_jugicha,c_jugicha,city_holding
1272,3152,194,144,151,b_quaraqand,barony,b_quaraqand,c_quaraqand,city_holding
1380,3153,84,203,117,b_zoachang,barony,b_zoachang,c_thunder_hills,tribal_holding
1317,3154,33,80,38,b_kwachow,barony,b_kwachow,c_kwachow,castle_holding
1318,3155,219,194,16,b_nagai,barony,b_nagai,c_nagai_terrace,tribal_holding
1316,3156,92,247,252,b_taikho,barony,b_taikho,c_taikho_gaze,tribal_holding
1319,3157,110,133,63,b_yohun,barony,b_yohun,c_yohun_fields,tribal_holding
1314,3158,222,247,232,b_hulan,barony,b_hulan,c_hulan,tribal_holding
1279,3159,174,231,66,b_banai,barony,b_banai,c_banai,tribal_holding
1335,3160,148,187,166,b_ondene,barony,b_ondene,c_ondene,tribal_holding
1336,3161,96,63,167,b_xair,barony,b_xair,c_xair,tribal_holding
868,3162,172,29,1,b_chan_liu_shui,barony,b_chan_liu_shui,c_chan_liu_shui,tribal_holding
869,3163,245,246,244,b_bakhuk,barony,b_bakhuk,c_bakhuk,tribal_holding
862,3164,87,140,222,b_mata_bol,barony,b_mata_bol,c_mata,tribal_holding
859,3165,128,85,221,b_ni_ko,barony,b_ni_ko,c_ni_ko,tribal_holding
867,3166,174,34,141,b_tonli,barony,b_tonli,c_tonli,tribal_holding
861,3167,194,6,42,b_burich,barony,b_burich,c_burich,tribal_holding
865,3168,205,196,16,b_bisoturi,barony,b_bisoturi,c_bisoturi,tribal_holding
863,3169,74,184,102,b_khol,barony,b_khol,c_khol,tribal_holding
864,3170,103,219,219,b_qantun,barony,b_qantun,c_qantun,tribal_holding
860,3171,52,14,15,b_gukh,barony,b_gukh,c_gukh,castle_holding
911,3172,45,29,31,b_noondai,barony,b_noondai,c_noondai,castle_holding
858,3173,104,37,216,b_byog,barony,b_byog,c_umberwood,castle_holding
1783,3174,145,77,220,b_bahat,barony,b_bahat,c_bahat,castle_holding
2307,3175,173,152,237,b_treley,barony,b_treley,c_the_great_spire,castle_holding
871,3176,142,195,45,b_tungtairira,barony,b_tungtairira,c_tungtairira,tribal_holding
873,3177,90,83,229,b_bunshin,barony,b_bunshin,c_bunshin,tribal_holding
872,3178,93,68,144,b_kholassa,barony,b_kholassa,c_kholassa,tribal_holding
875,3179,124,48,131,b_shota,barony,b_shota,c_shota,tribal_holding
1277,3180,84,237,205,b_lajang,barony,b_lajang,c_lajang,castle_holding
1322,3181,208,118,216,b_simbilan,barony,b_simbilan,c_kuning,tribal_holding
1762,3182,50,98,97,b_potong,barony,b_potong,c_aval,tribal_holding
1285,3183,55,66,156,b_muara,barony,b_muara,c_muara,castle_holding
2488,3184,92,26,73,b_thapadan,barony,b_thapadan,c_jakadiri,tribal_holding
2487,3185,253,73,54,b_kanori,barony,b_kanori,c_panjang_river,tribal_holding
2489,3186,66,168,141,b_saridang,barony,b_saridang,c_detar_land,tribal_holding
2490,3187,139,139,56,b_barit,barony,b_barit,c_chulacca,tribal_holding
2491,3188,121,41,245,b_tapakgan,barony,b_tapakgan,c_lunru,tribal_holding
1167,3189,193,79,62,b_funashi,barony,b_funashi,c_hernes_wood,castle_holding
1190,3190,113,71,255,b_anktarina,barony,b_anktarina,c_anktarina,tribal_holding
1761,3191,129,43,133,b_amithiph,barony,b_amithiph,c_upper_sempadan,castle_holding
1170,3192,249,230,160,b_tshalkha,barony,b_tshalkha,c_tshalkha,castle_holding
2331,3193,132,137,228,b_senia,barony,b_senia,c_senia_plateau,tribal_holding
1168,3194,245,168,179,b_jhalolokati,barony,b_jhalolokati,c_jhalolokati,tribal_holding
1166,3195,250,9,223,b_adapra,barony,b_adapra,c_segaran_swamp,castle_holding
1169,3196,58,200,200,b_battachi,barony,b_battachi,c_odesh,castle_holding
1520,3197,20,20,244,b_bukitega,barony,b_bukitega,c_bukitega,tribal_holding
1519,3198,144,172,8,b_narodara,barony,b_narodara,c_narodara,tribal_holding
1389,3199,148,8,4,b_silapathar,barony,b_silapathar,c_silapathar,tribal_holding
1390,3200,133,125,216,b_narari,barony,b_narari,c_narari,tribal_holding
1512,3201,162,171,246,b_limjung,barony,b_limjung,c_limjung,tribal_holding
1511,3202,203,27,0,b_jeranjah,barony,b_jeranjah,c_jeranjah,tribal_holding
1510,3203,111,139,28,b_samphos,barony,b_samphos,c_samphos,tribal_holding
1518,3204,0,4,56,b_tayabuk,barony,b_tayabuk,c_tayabuk,tribal_holding
1517,3205,146,163,213,b_nathenje,barony,b_nathenje,c_nathenje,tribal_holding
1505,3206,56,113,36,b_kajiaruti,barony,b_kajiaruti,c_kajiaruti,tribal_holding
1506,3207,123,29,42,b_hudariyah,barony,b_hudariyah,c_hudariyah,tribal_holding
1508,3208,232,53,35,b_sigram,barony,b_sigram,c_sigram,tribal_holding
1504,3209,100,135,239,b_al_hanieh,barony,b_al_hanieh,c_al_hanieh,castle_holding
1507,3210,125,210,39,b_giniracha,barony,b_giniracha,c_giniracha,tribal_holding
1514,3211,176,192,205,b_nawal,barony,b_nawal,c_nawal,tribal_holding
1513,3212,108,212,77,b_tadabbur,barony,b_tadabbur,c_tadabbur,tribal_holding
1513,3213,213,181,52,b_al_hamidiyah,barony,b_al_hamidiyah,c_tadabbur,castle_holding
1513,3214,187,206,52,b_ronralal,barony,b_ronralal,c_tadabbur,city_holding
1515,3215,28,168,85,b_gimise,barony,b_gimise,c_gimise,tribal_holding
1516,3216,164,208,61,b_qanadad,barony,b_qanadad,c_qanadad,tribal_holding
1509,3217,249,128,146,b_sariban,barony,b_sariban,c_sariban,tribal_holding
1467,3218,68,120,167,b_huzuz,barony,b_huzuz,c_huzuz,castle_holding
1467,3219,145,128,244,b_marirah,barony,b_marirah,c_huzuz,city_holding
1467,3220,33,10,48,b_gamremah,barony,b_gamremah,c_huzuz,church_holding
1467,3221,74,202,226,b_sadabad,barony,b_sadabad,c_huzuz,castle_holding
1557,3222,196,24,101,b_magrib,barony,b_magrib,c_magrib,castle_holding
1557,3223,63,164,83,b_jeral,barony,b_jeral,c_magrib,city_holding
1557,3224,45,112,215,b_bareel,barony,b_bareel,c_magrib,church_holding
1468,3225,98,152,195,b_saraq,barony,b_saraq,c_saraq,castle_holding
1468,3226,155,253,130,b_mahan,barony,b_mahan,c_saraq,city_holding
1468,3227,179,134,66,b_dirhan,barony,b_dirhan,c_saraq,church_holding
1469,3228,79,91,110,b_zayir,barony,b_zayir,c_zayir,castle_holding
1469,3229,203,251,24,b_farwuraq,barony,b_farwuraq,c_zayir,city_holding
1466,3230,11,124,215,b_wadurah,barony,b_wadurah,c_al_sarif,tribal_holding
1464,3231,154,33,40,b_halwa,barony,b_halwa,c_halwa,castle_holding
1464,3232,160,204,170,b_qurtai,barony,b_qurtai,c_halwa,city_holding
1464,3233,128,20,196,b_shinuraiq,barony,b_shinuraiq,c_halwa,church_holding
1465,3234,115,63,106,b_zarif,barony,b_zarif,c_zarif,castle_holding
1465,3235,11,250,22,b_rawdat_thematah,barony,b_rawdat_thematah,c_zarif,city_holding
1465,3236,205,69,91,b_shahaid,barony,b_shahaid,c_zarif,church_holding
1463,3237,217,71,111,b_sadul,barony,b_sadul,c_al_malih,castle_holding
1463,3238,48,143,245,b_arehla,barony,b_arehla,c_al_malih,city_holding
1458,3239,129,121,0,b_fereej_al_amail,barony,b_fereej_al_amail,c_golden_falcon,tribal_holding
1461,3240,48,199,66,b_wasat,barony,b_wasat,c_wasat,castle_holding
1461,3241,39,253,181,b_wusan,barony,b_wusan,c_wasat,city_holding
1461,3242,138,248,129,b_huwaga,barony,b_huwaga,c_wasat,church_holding
1461,3243,32,184,72,b_qalat,barony,b_qalat,c_wasat,castle_holding
1460,3244,122,184,190,b_hayyir,barony,b_hayyir,c_hayyir,castle_holding
1460,3245,100,161,210,b_busaib,barony,b_busaib,c_hayyir,city_holding
1460,3246,160,218,111,b_jahrarak,barony,b_jahrarak,c_hayyir,church_holding
1460,3247,53,75,183,b_winalus,barony,b_winalus,c_hayyir,castle_holding
1556,3248,152,191,39,b_al_nuziyyah,barony,b_al_nuziyyah,c_al_nuziyyah,castle_holding
1556,3249,149,88,33,b_suwut,barony,b_suwut,c_al_nuziyyah,city_holding
1459,3250,111,62,214,b_haimaq,barony,b_haimaq,c_jibal_al_taif,tribal_holding
1462,3251,22,97,132,b_zill,barony,b_zill,c_zill,castle_holding
1462,3252,229,204,110,b_abrura,barony,b_abrura,c_zill,city_holding
1455,3253,132,162,191,b_shakham,barony,b_shakham,c_shakham,castle_holding
1455,3254,49,249,154,b_wubufi,barony,b_wubufi,c_shakham,church_holding
1453,3255,228,200,126,b_hiyal,barony,b_hiyal,c_hiyal,castle_holding
1453,3256,107,90,73,b_jurdaiya,barony,b_jurdaiya,c_hiyal,city_holding
1453,3257,191,107,80,b_hamuwa,barony,b_hamuwa,c_hiyal,church_holding
1453,3258,178,214,246,b_sabus,barony,b_sabus,c_hiyal,church_holding
1555,3259,27,234,97,b_aib,barony,b_aib,c_aib,castle_holding
1555,3260,4,110,63,b_abu_azada,barony,b_abu_azada,c_aib,city_holding
1554,3261,18,75,144,b_karzuwa,barony,b_karzuwa,c_karzuwa,tribal_holding
1452,3262,224,6,216,b_budiya,barony,b_budiya,c_al_wahl,castle_holding
1452,3263,252,11,142,b_halura,barony,b_halura,c_al_wahl,city_holding
1454,3264,30,181,128,b_dubegat,barony,b_dubegat,c_dubegat,castle_holding
1477,3265,36,98,11,b_itiraf,barony,b_itiraf,c_itiraf,castle_holding
1477,3266,4,84,137,b_samaybi,barony,b_samaybi,c_itiraf,church_holding
1477,3267,86,233,115,b_umm_kulaf,barony,b_umm_kulaf,c_itiraf,city_holding
1477,3268,94,103,87,b_badais,barony,b_badais,c_itiraf,church_holding
1474,3269,47,120,237,b_fahhas,barony,b_fahhas,c_fahhas,castle_holding
1474,3270,213,170,88,b_sabam,barony,b_sabam,c_fahhas,city_holding
1474,3271,218,53,14,b_shamai,barony,b_shamai,c_fahhas,church_holding
1591,3272,118,49,112,b_hahami,barony,b_hahami,c_hahami,castle_holding
1473,3273,24,111,107,b_dakan,barony,b_dakan,c_dakan,castle_holding
1473,3274,90,207,226,b_hamail,barony,b_hamail,c_dakan,church_holding
1479,3275,163,179,34,b_burj,barony,b_burj,c_burj,castle_holding
1479,3276,124,226,243,b_bahlalah,barony,b_bahlalah,c_burj,city_holding
1479,3277,141,135,223,b_shaga,barony,b_shaga,c_burj,church_holding
1482,3278,109,49,233,b_fanus,barony,b_fanus,c_fanus,castle_holding
1482,3279,241,175,114,b_haralus,barony,b_haralus,c_fanus,city_holding
1476,3280,3,37,112,b_sibbaqiyah,barony,b_sibbaqiyah,c_hitan_island,castle_holding
1475,3281,242,69,129,b_alarah,barony,b_alarah,c_sumuk_island,castle_holding
2375,3282,68,148,241,b_al_jarracha,barony,b_al_jarracha,c_risha,tribal_holding
1483,3283,115,53,137,b_faihakus,barony,b_faihakus,c_al_faraq_islands,tribal_holding
1480,3284,238,205,242,b_mahabba,barony,b_mahabba,c_mahabba,castle_holding
1480,3285,194,110,131,b_hamz_al_jasrail,barony,b_hamz_al_jasrail,c_mahabba,city_holding
1480,3286,156,240,220,b_khaligat,barony,b_khaligat,c_mahabba,church_holding
1480,3287,117,247,145,b_mirbifi,barony,b_mirbifi,c_mahabba,city_holding
1481,3288,64,5,153,b_hudid,barony,b_hudid,c_hudid,castle_holding
1481,3289,137,233,74,b_araitan,barony,b_araitan,c_hudid,city_holding
1481,3290,116,144,230,b_hususan,barony,b_hususan,c_hudid,church_holding
1481,3291,216,45,6,b_nuzheem,barony,b_nuzheem,c_hudid,castle_holding
1478,3292,252,166,78,b_biduraq,barony,b_biduraq,c_al_munamma,castle_holding
1478,3293,159,112,125,b_umm_salal_barata,barony,b_umm_salal_barata,c_al_munamma,church_holding
1484,3294,98,81,54,b_al_harmah,barony,b_al_harmah,c_al_harmah,tribal_holding
1484,3295,177,103,5,b_tetari,barony,b_tetari,c_al_harmah,city_holding
1471,3296,237,76,2,b_hilm,barony,b_hilm,c_hilm,castle_holding
1471,3297,246,69,178,b_zarwuya,barony,b_zarwuya,c_hilm,city_holding
1471,3298,142,38,216,b_raleem,barony,b_raleem,c_hilm,church_holding
1471,3299,163,212,52,b_as_bidbiyat,barony,b_as_bidbiyat,c_hilm,church_holding
1472,3300,30,204,177,b_talab,barony,b_talab,c_talab,castle_holding
1472,3301,188,7,204,b_jurdabis,barony,b_jurdabis,c_talab,city_holding
1472,3302,2,179,249,b_zabrila,barony,b_zabrila,c_talab,church_holding
1470,3303,164,64,175,b_fujegat,barony,b_fujegat,c_fujegat,castle_holding
1470,3304,57,14,6,b_banad,barony,b_banad,c_fujegat,church_holding
1396,3305,126,162,190,b_qudra,barony,b_qudra,c_qudra,castle_holding
1396,3306,151,59,59,b_hamsaad,barony,b_hamsaad,c_qudra,city_holding
1396,3307,51,42,63,b_jawfah,barony,b_jawfah,c_qudra,church_holding
1396,3308,169,98,36,b_ain_smafarik,barony,b_ain_smafarik,c_qudra,castle_holding
1338,3309,253,166,229,b_liham,barony,b_liham,c_liham,castle_holding
1338,3310,183,145,77,b_al_sari,barony,b_al_sari,c_liham,city_holding
1338,3311,35,31,78,b_umm_rahud,barony,b_umm_rahud,c_liham,church_holding
1338,3312,109,135,41,b_rabali,barony,b_rabali,c_liham,castle_holding
1400,3313,143,34,95,b_el_khrouled,barony,b_el_khrouled,c_al_faddi,tribal_holding
1397,3314,233,218,42,b_taliat,barony,b_taliat,c_taliat,castle_holding
1397,3315,192,236,233,b_omidihreza,barony,b_omidihreza,c_taliat,city_holding
1397,3316,181,143,192,b_salmaqqah,barony,b_salmaqqah,c_taliat,church_holding
1397,3317,204,251,58,b_qatimis,barony,b_qatimis,c_taliat,castle_holding
1398,3318,97,83,41,b_adhal,barony,b_adhal,c_adhal,castle_holding
1398,3319,45,217,3,b_yagrah,barony,b_yagrah,c_adhal,city_holding
2170,3320,26,200,214,b_kaslaib,barony,b_kaslaib,c_kaslaib,tribal_holding
1450,3321,40,95,210,b_zuwaruk,barony,b_zuwaruk,c_zuwaruk,castle_holding
1451,3322,160,215,186,b_rago,barony,b_rago,c_rago,castle_holding
1553,3323,247,14,237,b_malualti,barony,b_malualti,c_malualti,tribal_holding
1399,3324,118,24,18,b_mina,barony,b_mina,c_mina,castle_holding
1399,3325,176,87,129,b_muyar,barony,b_muyar,c_mina,city_holding
1399,3326,164,27,195,b_gokorhisar,barony,b_gokorhisar,c_mina,church_holding
1536,3327,53,55,126,b_goulous,barony,b_goulous,c_lizards_tongue_pass,tribal_holding
1537,3328,204,48,57,b_nouarada,barony,b_nouarada,c_nouarada,tribal_holding
1347,3329,206,231,157,b_krak_al_niraan,barony,b_krak_al_niraan,c_krak_al_niraan,castle_holding
1347,3330,77,190,69,b_ghaliha,barony,b_ghaliha,c_krak_al_niraan,city_holding
1349,3331,84,20,110,b_sokkar,barony,b_sokkar,c_sokkar,castle_holding
1352,3332,85,189,61,b_taham,barony,b_taham,c_taham,castle_holding
1352,3333,50,199,132,b_al_qufag,barony,b_al_qufag,c_taham,city_holding
1273,3334,123,246,29,b_genies_garden,barony,b_genies_garden,c_genies_garden,tribal_holding
2125,3335,226,133,179,b_ubar,barony,b_ubar,c_ubar,castle_holding
2125,3336,173,215,186,b_baqarm,barony,b_baqarm,c_ubar,city_holding
2125,3337,224,251,225,b_akhmedo,barony,b_akhmedo,c_ubar,church_holding
2126,3338,192,158,116,b_midnight_waters,barony,b_midnight_waters,c_midnight_waters,tribal_holding
2123,3339,31,150,252,b_krak_al_mazhar,barony,b_krak_al_mazhar,c_krak_al_mazhar,castle_holding
1348,3340,226,18,175,b_moradask,barony,b_moradask,c_moradask,castle_holding
1348,3341,174,46,128,b_sugola,barony,b_sugola,c_moradask,city_holding
2425,3342,78,44,162,b_khor_biligat,barony,b_khor_biligat,c_sea_of_salt,castle_holding
953,3343,245,182,213,b_al_anwahr,barony,b_al_anwahr,c_al_anwahr,tribal_holding
1457,3344,160,107,123,b_surireb,barony,b_surireb,c_hand_of_the_sky,tribal_holding
1456,3345,91,115,165,b_adrila,barony,b_adrila,c_adrila,castle_holding
2124,3346,9,35,162,b_jabal_sarahin,barony,b_jabal_sarahin,c_jabal_sarahin,castle_holding
1563,3347,233,132,219,b_tajar,barony,b_tajar,c_tajar,castle_holding
1563,3348,110,57,142,b_miladis,barony,b_miladis,c_tajar,church_holding
1587,3349,196,204,81,b_al_suweb,barony,b_al_suweb,c_al_abib,tribal_holding
2171,3350,8,87,36,b_sinna,barony,b_sinna,c_sinna,tribal_holding
1562,3351,152,206,53,b_takeyef,barony,b_takeyef,c_takeyef,castle_holding
1559,3352,17,35,223,b_ar_rasumah,barony,b_ar_rasumah,c_ar_rasumah,castle_holding
1558,3353,178,226,21,b_gamruhan,barony,b_gamruhan,c_gamruhan,tribal_holding
1539,3354,209,45,57,b_telah,barony,b_telah,c_telah,tribal_holding
1552,3355,60,165,123,b_aman,barony,b_aman,c_aman,tribal_holding
1560,3356,237,218,89,b_hamid,barony,b_hamid,c_hamid,tribal_holding
1561,3357,154,177,176,b_jamal,barony,b_jamal,c_jamal,tribal_holding
1541,3358,152,115,124,b_hulm,barony,b_hulm,c_hulm,tribal_holding
1551,3359,160,244,102,b_raziz,barony,b_raziz,c_raziz,tribal_holding
1550,3360,188,220,71,b_yarrat,barony,b_yarrat,c_yarrat,tribal_holding
1549,3361,205,166,191,b_wakrawa,barony,b_wakrawa,c_wakrawa,tribal_holding
1545,3362,110,2,101,b_sadazeh,barony,b_sadazeh,c_sadazeh,tribal_holding
945,3363,217,33,121,b_muluk,barony,b_muluk,c_muluk,castle_holding
945,3364,250,197,40,b_ashfah,barony,b_ashfah,c_muluk,city_holding
945,3365,159,98,97,b_athuw,barony,b_athuw,c_muluk,church_holding
947,3366,66,197,93,b_talv,barony,b_talv,c_sakina,tribal_holding
2501,3367,120,11,208,b_maharas_vale,barony,b_maharas_vale,c_maharas_vale,castle_holding
951,3368,154,239,160,b_qadib,barony,b_qadib,c_qadib,castle_holding
952,3369,21,193,12,b_al_haul,barony,b_al_haul,c_al_haul,tribal_holding
950,3370,51,53,35,b_hafaya,barony,b_hafaya,c_hafaya,castle_holding
950,3371,226,26,250,b_yabah,barony,b_yabah,c_hafaya,city_holding
950,3372,205,227,175,b_umm_gafago,barony,b_umm_gafago,c_hafaya,church_holding
950,3373,16,157,10,b_dammaydah,barony,b_dammaydah,c_hafaya,castle_holding
959,3374,90,193,58,b_rana,barony,b_rana,c_al_kidr,tribal_holding
954,3375,122,195,138,b_utaqa,barony,b_utaqa,c_utaqa,castle_holding
954,3376,238,130,167,b_muqdawja,barony,b_muqdawja,c_utaqa,city_holding
954,3377,147,197,99,b_khaniw,barony,b_khaniw,c_utaqa,church_holding
960,3378,58,244,228,b_tujul,barony,b_tujul,c_jasan_pass,castle_holding
1350,3379,86,170,79,b_surardaha,barony,b_surardaha,c_burning_shore,tribal_holding
948,3380,121,57,254,b_jahaai,barony,b_jahaai,c_bladed_coast,tribal_holding
946,3381,164,202,107,b_simbaya,barony,b_simbaya,c_simbaya,castle_holding
946,3382,157,118,111,b_ghumra,barony,b_ghumra,c_simbaya,city_holding
949,3383,150,239,251,b_umara,barony,b_umara,c_umara,castle_holding
949,3384,53,33,36,b_khenlal,barony,b_khenlal,c_umara,city_holding
949,3385,123,39,132,b_rinina,barony,b_rinina,c_umara,church_holding
2500,3386,118,186,127,b_mazat,barony,b_mazat,c_mazat,castle_holding
940,3387,76,116,72,b_hawa,barony,b_hawa,c_hawa,castle_holding
940,3388,232,38,189,b_safe_cove,barony,b_safe_cove,c_hawa,city_holding
940,3389,191,160,154,b_diraraht,barony,b_diraraht,c_hawa,church_holding
940,3390,111,135,69,b_tissemgara,barony,b_tissemgara,c_hawa,castle_holding
939,3391,46,63,44,b_ghajar,barony,b_ghajar,c_ghajar,castle_holding
941,3392,114,164,114,b_al_oyun,barony,b_al_oyun,c_the_eyes,castle_holding
941,3393,74,196,33,b_alarara,barony,b_alarara,c_the_eyes,church_holding
942,3394,130,18,77,b_al_azra,barony,b_al_azra,c_al_azra,castle_holding
942,3395,164,47,231,b_khanala,barony,b_khanala,c_al_azra,city_holding
943,3396,239,84,49,b_al_harir,barony,b_al_harir,c_al_harir,castle_holding
944,3397,68,30,52,b_ghadal,barony,b_ghadal,c_the_wizards_reach,castle_holding
944,3398,232,106,115,b_kaha,barony,b_kaha,c_the_wizards_reach,city_holding
1218,3399,195,88,203,b_nemoree_high,barony,b_nemoree_high,c_nemoree_isles,tribal_holding
1124,3400,129,28,102,b_far_nemoree,barony,b_far_nemoree,c_far_nemoree,castle_holding
934,3401,98,227,194,b_al_tir,barony,b_al_tir,c_the_bird,castle_holding
1351,3402,221,218,135,b_lahib,barony,b_lahib,c_lahib_island,castle_holding
935,3403,23,118,8,b_al_raqsa,barony,b_al_raqsa,c_the_dancer,castle_holding
935,3404,58,60,63,b_kerkejez,barony,b_kerkejez,c_the_dancer,city_holding
1339,3405,32,85,143,b_al_qalat,barony,b_al_qalat,c_the_fortress,castle_holding
1538,3406,90,233,201,b_al_fujinat,barony,b_al_fujinat,c_dahab_island,tribal_holding
936,3407,46,7,157,b_jarazah,barony,b_jarazah,c_the_dune,city_holding
938,3408,122,139,139,b_ravenwing,barony,b_ravenwing,c_the_camels_hump,castle_holding
937,3409,161,6,247,b_muzefroun,barony,b_muzefroun,c_the_chador,castle_holding
2122,3410,154,31,226,b_sembabule,barony,b_sembabule,c_sembabule,castle_holding
2122,3411,183,34,176,b_karuyaga,barony,b_karuyaga,c_sembabule,church_holding
2121,3412,208,14,28,b_zeibiley,barony,b_zeibiley,c_zeibiley,castle_holding
2121,3413,155,1,195,b_cyanbungo,barony,b_cyanbungo,c_zeibiley,city_holding
2121,3414,32,171,152,b_byri,barony,b_byri,c_zeibiley,church_holding
2120,3415,28,43,100,b_lugabi,barony,b_lugabi,c_lugabi,castle_holding
2120,3416,48,29,118,b_nyachedo,barony,b_nyachedo,c_lugabi,city_holding
2120,3417,118,17,238,b_mabansenyi,barony,b_mabansenyi,c_lugabi,church_holding
2389,3418,97,238,181,b_giteyosha,barony,b_giteyosha,c_giteyosha,castle_holding
2389,3419,141,176,138,b_godaayacado,barony,b_godaayacado,c_giteyosha,city_holding
2389,3420,79,19,206,b_kibongari,barony,b_kibongari,c_giteyosha,church_holding
2119,3421,190,39,94,b_kiasia,barony,b_kiasia,c_kiasia,castle_holding
2119,3422,249,191,36,b_maligi,barony,b_maligi,c_kiasia,city_holding
2119,3423,13,77,51,b_gisetara,barony,b_gisetara,c_kiasia,church_holding
2118,3424,45,135,165,b_babado,barony,b_babado,c_babado,castle_holding
2118,3425,169,220,119,b_lino,barony,b_lino,c_babado,city_holding
2118,3426,182,84,190,b_nyaroto,barony,b_nyaroto,c_babado,church_holding
2117,3427,132,66,66,b_mekebat,barony,b_mekebat,c_mekebat,castle_holding
2117,3428,119,51,3,b_indole,barony,b_indole,c_mekebat,church_holding
2117,3429,173,98,44,b_kinana,barony,b_kinana,c_mekebat,city_holding
2372,3430,114,53,198,b_morgala,barony,b_morgala,c_ndoto,tribal_holding
2373,3431,142,56,80,b_chalasam,barony,b_chalasam,c_nyangumi,castle_holding
2369,3432,206,196,230,b_kupote,barony,b_kupote,c_kupoteza,tribal_holding
2370,3433,202,60,229,b_emu,barony,b_emu,c_damu,tribal_holding
2371,3434,186,38,174,b_morgu,barony,b_morgu,c_mnyama,tribal_holding
2368,3435,219,200,51,b_kufa,barony,b_kufa,c_amekufa,castle_holding
2368,3436,147,124,46,b_amekufa,barony,b_amekufa,c_amekufa,city_holding
2368,3437,198,3,148,b_mukafa,barony,b_mukafa,c_amekufa,church_holding
2366,3438,81,195,123,b_kavu,barony,b_kavu,c_ardhi_kavu,city_holding
2366,3439,57,147,82,b_luvu,barony,b_luvu,c_ardhi_kavu,castle_holding
2367,3440,227,17,37,b_shasira,barony,b_shasira,c_hasira,castle_holding
2367,3441,196,227,167,b_kashira,barony,b_kashira,c_hasira,city_holding
2367,3442,95,124,99,b_loshina,barony,b_loshina,c_hasira,church_holding
2116,3443,213,59,135,b_belhancol,barony,b_belhancol,c_belhancol,castle_holding
2116,3444,88,64,228,b_morosi,barony,b_morosi,c_belhancol,city_holding
2116,3445,189,113,106,b_mtwabako,barony,b_mtwabako,c_belhancol,church_holding
2390,3446,150,44,204,b_moraan,barony,b_moraan,c_moraan,castle_holding
2390,3447,55,147,47,b_rini,barony,b_rini,c_moraan,city_holding
2390,3448,224,89,219,b_babondo,barony,b_babondo,c_moraan,church_holding
1624,3449,19,217,223,b_wanrifa,barony,b_wanrifa,c_wahasha,tribal_holding
1622,3450,0,228,167,b_marmadani,barony,b_marmadani,c_almawt,tribal_holding
1623,3451,64,186,134,b_farahah,barony,b_farahah,c_sharira,tribal_holding
1546,3452,52,40,228,b_akota,barony,b_akota,c_medina_akota,castle_holding
1546,3453,176,159,177,b_yawoon,barony,b_yawoon,c_medina_akota,city_holding
1546,3454,154,78,54,b_regdaruk,barony,b_regdaruk,c_medina_akota,church_holding
1547,3455,209,190,27,b_fida,barony,b_fida,c_fida,tribal_holding
1544,3456,19,141,55,b_sabrasha,barony,b_sabrasha,c_sabrasha,tribal_holding
1548,3457,122,133,9,b_sumedhimiya,barony,b_sumedhimiya,c_marching_camels_road,tribal_holding
1543,3458,44,61,69,b_naqayna,barony,b_naqayna,c_naqayna,tribal_holding
1542,3459,61,114,55,b_teladem,barony,b_teladem,c_teladem,tribal_holding
1528,3460,106,60,50,b_medina_al_afyal,barony,b_medina_al_afyal,c_medina_al_afyal,castle_holding
1528,3461,94,54,83,b_gimba,barony,b_gimba,c_medina_al_afyal,city_holding
1528,3462,152,114,22,b_kayunhunga,barony,b_kayunhunga,c_medina_al_afyal,church_holding
1527,3463,234,24,46,b_kasal,barony,b_kasal,c_kasal,castle_holding
1527,3464,147,100,69,b_lyareka,barony,b_lyareka,c_kasal,church_holding
1521,3465,95,12,115,b_al_kurtum,barony,b_al_kurtum,c_al_kurtum,castle_holding
1522,3466,217,181,55,b_bab_al_gaba,barony,b_bab_al_gaba,c_bab_al_gaba,castle_holding
1522,3467,111,157,120,b_gadin,barony,b_gadin,c_bab_al_gaba,city_holding
1525,3468,249,98,209,b_al_asirr,barony,b_al_asirr,c_al_asirr,castle_holding
1525,3469,140,180,54,b_bashera,barony,b_bashera,c_al_asirr,city_holding
1525,3470,93,35,123,b_taxal,barony,b_taxal,c_al_asirr,church_holding
1523,3471,226,89,61,b_the_calves,barony,b_the_calves,c_the_calves,castle_holding
1524,3472,244,162,95,b_nahr_al_fil,barony,b_nahr_al_fil,c_nahr_al_fil,castle_holding
1524,3473,150,121,75,b_bahandri,barony,b_bahandri,c_nahr_al_fil,city_holding
1526,3474,203,159,91,b_horn_of_afyal,barony,b_horn_of_afyal,c_horn_of_afyal,castle_holding
1526,3475,33,203,123,b_wazikkar,barony,b_wazikkar,c_horn_of_afyal,city_holding
1598,3476,170,114,166,b_gana,barony,b_gana,c_gana,castle_holding
1598,3477,60,184,137,b_kache,barony,b_kache,c_gana,city_holding
1598,3478,205,232,89,b_wad_menar,barony,b_wad_menar,c_gana,church_holding
1597,3479,240,122,250,b_krak_al_shidda,barony,b_krak_al_shidda,c_krak_al_shidda,tribal_holding
1599,3480,149,213,166,b_taam,barony,b_taam,c_taam,tribal_holding
1592,3481,79,1,251,b_sikak,barony,b_sikak,c_sikak,castle_holding
1592,3482,199,121,107,b_sahazz,barony,b_sahazz,c_sikak,city_holding
1592,3483,139,119,157,b_al_tudah,barony,b_al_tudah,c_sikak,church_holding
1588,3484,18,0,28,b_turab,barony,b_turab,c_turab,castle_holding
1588,3485,208,127,240,b_el_boudouaou,barony,b_el_boudouaou,c_turab,church_holding
1588,3486,250,177,208,b_sralanca,barony,b_sralanca,c_turab,church_holding
1588,3487,10,230,121,b_al_manurah,barony,b_al_manurah,c_turab,church_holding
1593,3488,51,107,35,b_samak,barony,b_samak,c_maribar_island,castle_holding
1594,3489,186,128,228,b_jumlat,barony,b_jumlat,c_jumlat,castle_holding
1594,3490,169,1,41,b_zaralfa,barony,b_zaralfa,c_jumlat,church_holding
1594,3491,182,35,224,b_dibba_qorewah,barony,b_dibba_qorewah,c_jumlat,church_holding
1595,3492,3,228,226,b_safaq,barony,b_safaq,c_safaq,castle_holding
1595,3493,214,253,66,b_rawdat_azizair,barony,b_rawdat_azizair,c_safaq,city_holding
1596,3494,236,46,57,b_durrar,barony,b_durrar,c_pearl_banks,castle_holding
1605,3495,230,208,165,b_ajayib,barony,b_ajayib,c_ajayib,castle_holding
1605,3496,0,216,191,b_buni,barony,b_buni,c_ajayib,church_holding
1605,3497,40,168,40,b_khamah,barony,b_khamah,c_ajayib,church_holding
1602,3498,86,13,189,b_araneh,barony,b_araneh,c_araneh,castle_holding
1602,3499,24,7,195,b_sabakan,barony,b_sabakan,c_araneh,church_holding
1604,3500,155,154,123,b_intibah,barony,b_intibah,c_intibah,castle_holding
1604,3501,177,227,198,b_noubin,barony,b_noubin,c_intibah,city_holding
1603,3502,42,118,192,b_al_mahabanah,barony,b_al_mahabanah,c_al_mahabanah,tribal_holding
1600,3503,17,20,142,b_msalin,barony,b_msalin,c_msalin,castle_holding
1606,3504,152,114,116,b_regdasaid,barony,b_regdasaid,c_regdasaid,tribal_holding
1609,3505,252,51,235,b_ibreb,barony,b_ibreb,c_ibreb,castle_holding
1589,3506,64,89,61,b_zaym,barony,b_zaym,c_zaym,tribal_holding
1589,3507,147,148,57,b_khaldun,barony,b_khaldun,c_zaym,church_holding
1590,3508,245,9,251,b_hakim,barony,b_hakim,c_hakim,tribal_holding
1601,3509,98,237,229,b_murr,barony,b_murr,c_murr,tribal_holding
1496,3510,180,98,30,b_rogosto,barony,b_rogosto,c_rogosto,castle_holding
1496,3511,34,175,44,b_hadirma,barony,b_hadirma,c_rogosto,city_holding
1496,3512,249,19,175,b_taleik,barony,b_taleik,c_rogosto,church_holding
1492,3513,143,98,162,b_yinazzil,barony,b_yinazzil,c_yinazzil,castle_holding
1492,3514,200,68,165,b_hasdames,barony,b_hasdames,c_yinazzil,city_holding
1492,3515,229,176,231,b_ar_rahiriyah,barony,b_ar_rahiriyah,c_yinazzil,church_holding
1497,3516,252,208,115,b_mafrad,barony,b_mafrad,c_mafrad,castle_holding
1497,3517,68,165,147,b_hutan,barony,b_hutan,c_mafrad,city_holding
1497,3518,130,134,178,b_anaah,barony,b_anaah,c_mafrad,church_holding
1495,3519,39,248,193,b_sagat,barony,b_sagat,c_dawihi_island,tribal_holding
1498,3520,93,215,187,b_krak_al_uruj,barony,b_krak_al_uruj,c_krak_al_uruj,castle_holding
1498,3521,52,159,53,b_sahala,barony,b_sahala,c_krak_al_uruj,city_holding
1499,3522,255,63,173,b_ankatatra,barony,b_ankatatra,c_ankatatra,tribal_holding
1500,3523,150,35,227,b_mahazaka,barony,b_mahazaka,c_mahazaka,tribal_holding
1503,3524,121,47,3,b_tayaraan,barony,b_tayaraan,c_tayaraan,castle_holding
1503,3525,72,22,230,b_momayo,barony,b_momayo,c_tayaraan,city_holding
1503,3526,185,199,8,b_senza,barony,b_senza,c_tayaraan,church_holding
1501,3527,1,172,126,b_kitbezi,barony,b_kitbezi,c_kitbezi,tribal_holding
1502,3528,234,27,192,b_kapuli,barony,b_kapuli,c_kapuli,tribal_holding
1494,3529,30,249,67,b_kadarasto,barony,b_kadarasto,c_kadarasto,castle_holding
1494,3530,37,149,116,b_milaydah,barony,b_milaydah,c_kadarasto,city_holding
1494,3531,240,134,13,b_taqqa,barony,b_taqqa,c_kadarasto,church_holding
1494,3532,66,115,68,b_salname,barony,b_salname,c_kadarasto,church_holding
2172,3533,240,216,240,b_sendalam,barony,b_sendalam,c_sendalam,castle_holding
2172,3534,69,239,232,b_metawet,barony,b_metawet,c_sendalam,city_holding
1493,3535,50,196,215,b_krak_al_sajjaan,barony,b_krak_al_sajjaan,c_krak_al_sajjaan,castle_holding
1493,3536,12,85,103,b_qudsamanah,barony,b_qudsamanah,c_krak_al_sajjaan,city_holding
1493,3537,72,71,46,b_touinana,barony,b_touinana,c_krak_al_sajjaan,church_holding
1491,3538,9,204,82,b_qudalla,barony,b_qudalla,c_qudalla,castle_holding
1491,3539,8,100,126,b_wad_bangola,barony,b_wad_bangola,c_qudalla,city_holding
1488,3540,44,172,123,b_dihliz,barony,b_dihliz,c_dihliz,castle_holding
1488,3541,38,122,14,b_tescahaqd,barony,b_tescahaqd,c_dihliz,city_holding
1488,3542,48,91,190,b_jura,barony,b_jura,c_dihliz,church_holding
2173,3543,170,133,28,b_sorib,barony,b_sorib,c_sorib,tribal_holding
1487,3544,112,28,209,b_bisatare,barony,b_bisatare,c_bisatare,tribal_holding
1487,3545,118,131,46,b_byoranga,barony,b_byoranga,c_bisatare,church_holding
1489,3546,95,193,49,b_sidi,barony,b_sidi,c_sidi_island,castle_holding
1490,3547,85,136,126,b_elne,barony,b_elne,c_elne,castle_holding
1486,3548,191,156,62,b_ysawis,barony,b_ysawis,c_ysawis,castle_holding
1486,3549,54,193,219,b_areef,barony,b_areef,c_ysawis,city_holding
1486,3550,171,244,55,b_qurirah,barony,b_qurirah,c_ysawis,church_holding
1485,3551,146,54,247,b_qosodera,barony,b_qosodera,c_qosodera,tribal_holding
2175,3552,210,17,249,b_ragado,barony,b_ragado,c_ragado,tribal_holding
1613,3553,70,67,176,b_al_ralilah,barony,b_al_ralilah,c_naqq_and_qutil,tribal_holding
1615,3554,147,118,48,b_al_bariya,barony,b_al_bariya,c_eayan_aljunun,tribal_holding
1614,3555,193,182,118,b_al_dawhawa,barony,b_al_dawhawa,c_thueban,tribal_holding
2169,3556,77,227,162,b_saasakhoura,barony,b_saasakhoura,c_dirs,tribal_holding
1611,3557,92,25,148,b_tall_fallunawa,barony,b_tall_fallunawa,c_anklis_and_qusur,tribal_holding
1612,3558,234,152,83,b_al_hamim,barony,b_al_hamim,c_manhus_and_saliam,tribal_holding
1610,3559,150,165,171,b_al_sisarran,barony,b_al_sisarran,c_dabab,tribal_holding
2166,3560,9,252,77,b_qudana,barony,b_qudana,c_al_zabdiyat,castle_holding
2167,3561,141,222,199,b_bandar_al_saadat,barony,b_bandar_al_saadat,c_masud_jazayir,castle_holding
1607,3562,6,132,0,b_bidbooth,barony,b_bidbooth,c_al_tarik_islands,tribal_holding
2374,3563,182,29,223,b_mahaireb,barony,b_mahaireb,c_sayf,tribal_holding
1608,3564,77,138,127,b_kharaifat,barony,b_kharaifat,c_tarikat_island,tribal_holding
2168,3565,126,250,147,b_suralah,barony,b_suralah,c_jazayir_al_alfar,tribal_holding
1531,3566,4,154,101,b_uruk,barony,b_uruk,c_uruk,tribal_holding
1531,3567,8,44,141,b_jemdet,barony,b_jemdet,c_uruk,city_holding
1531,3568,180,18,127,b_warka,barony,b_warka,c_uruk,church_holding
1532,3569,245,181,36,b_misbahd,barony,b_misbahd,c_misbahd,castle_holding
1532,3570,105,189,97,b_lakar,barony,b_lakar,c_misbahd,city_holding
1532,3571,111,185,221,b_adaba,barony,b_adaba,c_misbahd,church_holding
1530,3572,190,122,138,b_jinutt,barony,b_jinutt,c_jinutt,tribal_holding
1530,3573,158,107,133,b_sarhak,barony,b_sarhak,c_jinutt,city_holding
1530,3574,2,255,160,b_aprech,barony,b_aprech,c_jinutt,church_holding
1533,3575,117,99,78,b_al_maralem,barony,b_al_maralem,c_rubbans_tears,tribal_holding
1529,3576,122,112,63,b_kilad,barony,b_kilad,c_mergu,tribal_holding
1618,3577,68,161,36,b_jebafi,barony,b_jebafi,c_jezarh_jadew,tribal_holding
1621,3578,112,89,178,b_tall_kuthah,barony,b_tall_kuthah,c_bender_adewah,tribal_holding
1619,3579,52,64,222,b_al_qusanawat,barony,b_al_qusanawat,c_jezarh_shemshar,tribal_holding
1620,3580,135,38,82,b_el_gamahimiya,barony,b_el_gamahimiya,c_bender_berdh,tribal_holding
2165,3581,72,78,184,b_bidburaq,barony,b_bidburaq,c_leneta,tribal_holding
1534,3582,9,138,172,b_dawarout,barony,b_dawarout,c_jezarh_mar,tribal_holding
2163,3583,2,218,189,b_madirah,barony,b_madirah,c_mergu_saah,tribal_holding
2162,3584,85,145,24,b_amudani,barony,b_amudani,c_jezarh_mah_alewd,tribal_holding
1535,3585,18,42,176,b_al_salakamah,barony,b_al_salakamah,c_serzeman_bamar,tribal_holding
2164,3586,254,37,57,b_karza,barony,b_karza,c_jezarh_restakhaz,tribal_holding
2493,3587,222,251,102,b_quellarzorl,barony,b_quellarzorl,c_menzoberranzan,castle_holding
2503,3588,81,211,40,b_ched_nasad,barony,b_ched_nasad,c_ched_nasad,castle_holding
2494,3589,68,98,153,b_the_mantle,barony,b_the_mantle,c_bauthwaf,castle_holding
306,3590,152,51,148,b_glaurimm_keep,barony,b_glaurimm_keep,c_mt_hotenow,castle_holding
306,3591,53,1,52,b_gauntlgrym,barony,b_gauntlgrym,c_mt_hotenow,castle_holding
2502,3592,152,115,145,b_gracklstugh,barony,b_gracklstugh,c_gracklstugh,castle_holding
2443,3593,241,30,231,b_eryndlyn,barony,b_eryndlyn,c_eryndlyn,castle_holding
2443,3594,22,117,29,b_five_pillars,barony,b_five_pillars,c_eryndlyn,city_holding
2445,3595,21,161,106,b_kanaglym,barony,b_kanaglym,c_kanaglym,castle_holding
2445,3596,94,228,42,b_nepenthe_basin,barony,b_nepenthe_basin,c_kanaglym,city_holding
2445,3597,50,111,65,b_hunnabar,barony,b_hunnabar,c_kanaglym,church_holding
2241,3598,244,126,73,b_dolblunde,barony,b_dolblunde,c_dolblunde,tribal_holding
2441,3599,95,209,82,b_adamantine_palace,barony,b_adamantine_palace,c_splendarrmornn,castle_holding
2441,3600,163,104,188,b_splendarrmornn,barony,b_splendarrmornn,c_splendarrmornn,castle_holding
1408,3601,108,16,193,b_deadstone_cleft,barony,b_deadstone_cleft,c_loagrann,tribal_holding
1408,3602,17,4,60,b_orlbar,barony,b_orlbar,c_loagrann,city_holding
2474,3603,140,166,184,b_east_keep,barony,b_east_keep,c_east_keep,castle_holding
2474,3604,81,132,76,b_wyrmstrike_mines,barony,b_wyrmstrike_mines,c_east_keep,city_holding
2474,3605,176,54,122,b_mithril_pick_hall,barony,b_mithril_pick_hall,c_east_keep,church_holding
2477,3606,193,141,37,b_north_peak,barony,b_north_peak,c_north_peak,castle_holding
2477,3607,91,61,101,b_fellridge,barony,b_fellridge,c_north_peak,city_holding
2477,3608,69,161,153,b_vigilant_towers,barony,b_vigilant_towers,c_north_peak,church_holding
1407,3609,216,234,52,b_obrynns_landing,barony,b_obrynns_landing,c_high_gap,castle_holding
1407,3610,205,158,87,b_lothamar,barony,b_lothamar,c_high_gap,church_holding
2442,3611,209,225,135,b_nether_keep,barony,b_nether_keep,c_nether_mountains,tribal_holding
2442,3612,112,75,171,b_ammarindar,barony,b_ammarindar,c_nether_mountains,city_holding
2446,3613,203,8,187,b_citadel_yaunoroth,barony,b_citadel_yaunoroth,c_yaunoroth,tribal_holding
2446,3614,42,97,227,b_yaunoroth,barony,b_yaunoroth,c_yaunoroth,city_holding
1449,3615,185,178,203,b_dekanter,barony,b_dekanter,c_dekanter,tribal_holding
1449,3616,160,196,168,b_dethdor,barony,b_dethdor,c_dekanter,city_holding
1150,3617,167,151,147,b_rrinlurgh,barony,b_rrinlurgh,c_naurogloth,tribal_holding
1150,3618,130,83,167,b_sstharalam,barony,b_sstharalam,c_naurogloth,city_holding
1150,3619,209,227,179,b_sstissamuun,barony,b_sstissamuun,c_naurogloth,church_holding
1340,3620,79,111,233,b_ironfang_deep,barony,b_ironfang_deep,c_ironfang_deep,castle_holding
1340,3621,129,40,73,b_thogh,barony,b_thogh,c_ironfang_deep,city_holding
1340,3622,144,245,52,b_zigila,barony,b_zigila,c_ironfang_deep,church_holding
1340,3623,170,9,232,b_dhoggari,barony,b_dhoggari,c_ironfang_deep,castle_holding
1342,3624,75,248,47,b_bronzehelms,barony,b_bronzehelms,c_bronzehelms,castle_holding
1342,3625,208,132,213,b_bigwahr,barony,b_bigwahr,c_bronzehelms,city_holding
1341,3626,218,163,168,b_drivendelve,barony,b_drivendelve,c_old_drivendelve,tribal_holding
1341,3627,136,146,198,b_khagkohldur,barony,b_khagkohldur,c_old_drivendelve,city_holding
2506,3628,177,58,187,b_dunspeirrin,barony,b_dunspeirrin,c_dunspeirrin,castle_holding
2505,3629,137,223,55,b_drik_hargunen,barony,b_drik_hargunen,c_drik_hargunen,castle_holding
2504,3630,98,96,11,b_oryndoll,barony,b_oryndoll,c_oryndoll,castle_holding
2504,3631,106,109,5,b_ring_caverns,barony,b_ring_caverns,c_oryndoll,city_holding
2504,3632,180,250,221,b_thrall_caverns,barony,b_thrall_caverns,c_oryndoll,church_holding
2560,3633,238,8,244,b_undraeth,barony,b_undraeth,c_undraeth,castle_holding
2523,3634,50,199,150,b_fireforges,barony,b_fireforges,c_fireforges,castle_holding
2523,3635,188,199,91,b_chund_peak,barony,b_chund_peak,c_fireforges,city_holding
2522,3636,89,53,35,b_khaelud,barony,b_khaelud,c_khaelud,castle_holding
2522,3637,238,64,210,b_axebite,barony,b_axebite,c_khaelud,church_holding
2549,3638,36,11,83,b_traaskl_thorog,barony,b_traaskl_thorog,c_traaskl_thorog,tribal_holding
2558,3639,55,166,49,b_planners_citadel,barony,b_planners_citadel,c_deep_imaskar,castle_holding
2558,3640,34,144,222,b_deep_imaskar,barony,b_deep_imaskar,c_deep_imaskar,city_holding
2558,3641,247,237,77,b_purple_library,barony,b_purple_library,c_deep_imaskar,church_holding
2518,3642,246,222,208,b_qarlondrar,barony,b_qarlondrar,c_qarlondrar,castle_holding
2518,3643,210,145,244,b_cave_of_sighs,barony,b_cave_of_sighs,c_qarlondrar,city_holding
2518,3644,18,84,46,b_gorfaern,barony,b_gorfaern,c_qarlondrar,church_holding
851,3645,162,44,62,b_siremun,barony,b_siremun,c_firepeaks,castle_holding
851,3646,179,76,72,b_natoigo,barony,b_natoigo,c_firepeaks,city_holding
851,3647,129,254,236,b_diarintarj,barony,b_diarintarj,c_firepeaks,church_holding
2521,3648,206,247,2,b_raskuldin,barony,b_raskuldin,c_raskuldin,castle_holding
2521,3649,88,60,35,b_gorduun,barony,b_gorduun,c_raskuldin,city_holding
2521,3650,150,82,136,b_skull_peak,barony,b_skull_peak,c_raskuldin,church_holding
2525,3651,167,169,11,b_utuerth,barony,b_utuerth,c_utuerth,castle_holding
2525,3652,221,43,65,b_white_sand,barony,b_white_sand,c_utuerth,city_holding
2559,3653,177,85,124,b_makthar,barony,b_makthar,c_ikemmu,castle_holding
2559,3654,177,148,147,b_pyton,barony,b_pyton,c_ikemmu,city_holding
2520,3655,239,70,6,b_ahruukar,barony,b_ahruukar,c_ahruukar,castle_holding
2520,3656,107,107,227,b_arau,barony,b_arau,c_ahruukar,city_holding
2520,3657,74,166,190,b_vardetor,barony,b_vardetor,c_ahruukar,church_holding
847,3658,133,131,251,b_songfarla,barony,b_songfarla,c_songfarla,castle_holding
847,3659,167,17,14,b_gilded_nugget,barony,b_gilded_nugget,c_songfarla,city_holding
847,3660,181,223,94,b_covarrkar_cave,barony,b_covarrkar_cave,c_songfarla,church_holding
1774,3661,217,188,210,b_thelaena,barony,b_thelaena,c_oyargh,tribal_holding
2519,3662,7,223,212,b_harheldur,barony,b_harheldur,c_harheldur,castle_holding
2519,3663,59,96,213,b_mordinsonn,barony,b_mordinsonn,c_harheldur,city_holding
2519,3664,129,123,48,b_firedelves,barony,b_firedelves,c_harheldur,church_holding
2570,3665,47,190,85,b_thazar_pass,barony,b_thazar_pass,c_thazar_pass,castle_holding
2450,3666,89,35,50,b_castle_maerimydra,barony,b_castle_maerimydra,c_maerimydra,castle_holding
2451,3667,69,248,60,b_castle_zanhoriloch,barony,b_castle_zanhoriloch,c_zanhoriloch,castle_holding
2451,3668,69,72,111,b_zanhoriloch,barony,b_zanhoriloch,c_zanhoriloch,city_holding
2628,3669,159,183,198,b_szith_morcane,barony,b_szith_morcane,c_szith_morcane,church_holding
2557,3670,101,138,214,b_house_of_lolth,barony,b_house_of_lolth,c_sschindylryn,church_holding
2463,3671,238,164,205,b_thunderholme,barony,b_thunderholme,c_thunderholme,castle_holding
2415,3672,18,32,228,b_tethyamar,barony,b_tethyamar,c_tethyamar,castle_holding
2415,3673,215,156,54,b_ironthrone,barony,b_ironthrone,c_tethyamar,city_holding
2415,3674,58,146,251,b_helgrinns_arch,barony,b_helgrinns_arch,c_tethyamar,castle_holding
2469,3675,47,255,229,b_aefarn_citadel,barony,b_aefarn_citadel,c_turnback_mountain,church_holding
2469,3676,16,72,166,b_aefarn,barony,b_aefarn,c_turnback_mountain,castle_holding
2469,3677,107,214,166,b_house_of_gold,barony,b_house_of_gold,c_turnback_mountain,city_holding
356,3678,33,157,88,b_ondathel,barony,b_ondathel,c_ondathel,tribal_holding
356,3679,77,22,64,b_esham,barony,b_esham,c_ondathel,city_holding
356,3680,169,67,2,b_brightfalls,barony,b_brightfalls,c_ondathel,church_holding
353,3681,32,176,199,b_forharn,barony,b_forharn,c_forharn,castle_holding
353,3682,248,142,199,b_kossuths_ire,barony,b_kossuths_ire,c_forharn,church_holding
353,3683,62,153,219,b_geshun,barony,b_geshun,c_forharn,city_holding
2589,3684,181,27,79,b_smokespire,barony,b_smokespire,c_smokespire,tribal_holding
2594,3685,233,83,242,b_iltkazar,barony,b_iltkazar,c_iltkazar,castle_holding
2594,3686,202,159,128,b_mith_baraks_hall,barony,b_mith_baraks_hall,c_iltkazar,city_holding
2440,3687,126,62,189,b_sarengard_keep,barony,b_sarengard_keep,c_mount_sarengard,castle_holding
2440,3688,172,132,193,b_vault_of_cloaked_midnight,barony,b_vault_of_cloaked_midnight,c_mount_sarengard,church_holding
2652,3689,49,193,51,b_brightaxe_hall,barony,b_brightaxe_hall,c_brightaxe_hall,castle_holding
2651,3690,76,219,186,b_guallidurth,barony,b_guallidurth,c_guallidurth,castle_holding
2694,3691,26,81,222,b_the_mad_wizards_lair,barony,b_the_mad_wizards_lair,c_undermountain,castle_holding
2697,3692,171,12,187,b_lair_of_the_eye,barony,b_lair_of_the_eye,c_lair_of_the_eye,city_holding
2696,3693,210,155,49,b_the_port,barony,b_the_port,c_skullport,city_holding
2695,3694,176,29,255,b_the_promenade,barony,b_the_promenade,c_sargauth,church_holding
222,3695,131,206,143,Grampalt Highlands,land,,,
1586,3696,144,5,42,Orsraun Mountains,land,,,
1791,3697,223,157,218,Coast of Moray,sea,,,
1792,3698,194,213,228,Sea of Swords,sea,,,
1793,3699,232,251,68,Trackless Sea,sea,,,
1794,3700,157,200,255,Lantan Coast,sea,,,
1795,3701,242,212,245,Lantan Coast,sea,,,
1796,3702,119,187,206,Sea of Swords,sea,,,
1797,3703,246,226,209,Middle Shining Sea,sea,,,
1798,3704,143,180,182,Lapal Coast,sea,,,
1799,3705,127,236,188,Lake of Steam,sea,,,
1800,3706,185,191,213,Far Northern Sea of Swords,sea,,,
1801,3707,143,164,161,Northern Sea of Swords,sea,,,
1802,3708,188,200,225,Sea of Swords,sea,,,
1803,3709,216,222,213,Western Frozenfar,sea,,,
1804,3710,164,191,173,Eastern Frozenfar,sea,,,
1805,3711,197,219,234,Middle Frozenfar,sea,,,
1806,3712,146,182,200,Southern Frozenfar,sea,,,
1807,3713,179,219,237,Korinn Archipelago,sea,,,
1808,3714,128,173,225,Southern Sea of Swords,sea,,,
1809,3715,200,170,197,Flamsterd Coast,sea,,,
1810,3716,213,197,194,Sea of Moonshae,sea,,,
1811,3717,161,237,197,Norland Coast,sea,,,
1812,3718,225,216,234,Wave Rocks,sea,,,
1813,3719,231,179,197,Snowdown Coast,sea,,,
1814,3720,149,170,182,The Teeth,sea,,,
1815,3721,197,185,161,Tashtan Coast,sea,,,
1816,3722,237,213,188,Dolphingulph,sea,,,
1817,3723,167,194,185,Calim Coast,sea,,,
1818,3724,213,216,213,Eastern Calim Coast,sea,,,
1819,3725,173,173,179,Lapal Coast,sea,,,
1820,3726,197,191,228,The Singing Rocks,sea,,,
1821,3727,164,222,185,Talagaths Gauntlet,sea,,,
1822,3728,170,231,219,Eastern Lake of Steam,sea,,,
1823,3729,234,231,170,Western Lake of Steam,sea,,,
1824,3730,237,200,170,Nelanther Isles,sea,,,
1825,3731,228,228,206,Firedrake Bay,sea,,,
1826,3732,209,222,173,Western Shining Sea,sea,,,
1827,3733,188,191,228,Chultan Coast,sea,,,
1828,3734,206,209,191,Araksa,sea,,,
1829,3735,206,252,206,Lantan Coast,sea,,,
1830,3736,182,203,161,Outer Shining Sea,sea,,,
1831,3737,194,228,200,Coast of Mists,sea,,,
1832,3738,219,222,185,Wild Coast,sea,,,
1833,3739,234,182,158,Thindol Coast,sea,,,
1834,3740,234,228,200,Bay of Taertal,sea,,,
1835,3741,167,197,234,Lake Halruaa,sea,,,
1836,3742,240,216,219,Nimlith Coast,sea,,,
1837,3743,209,209,191,Farmeadows Coast,sea,,,
1838,3744,231,185,206,Evermeet Approach,sea,,,
1839,3745,182,219,170,Taltempla Coast,sea,,,
1840,3746,240,197,209,Beacon Rocks Passage,sea,,,
1841,3747,161,231,182,Northern Nimbral Coast,sea,,,
1842,3748,170,206,231,Southern Nimbral Coast,sea,,,
1843,3749,219,206,228,Konigheim Coast,sea,,,
1844,3750,170,228,209,Bay of Pirates,sea,,,
1845,3751,206,167,222,Coast of Pearls,sea,,,
1846,3752,188,219,194,Utter Eastern Coast,sea,,,
1847,3753,188,194,255,Estagund Coast,sea,,,
1848,3754,222,216,206,Bay of the Dancing Dolphins,sea,,,
1849,3755,246,200,173,Inner Golden Water,sea,,,
1850,3756,246,237,182,Outer Golden Water,sea,,,
1851,3757,158,206,234,Luiren Coast,sea,,,
1852,3758,170,182,170,Corsair Straits,sea,,,
1853,3759,237,219,194,Trackless Sea,sea,,,
1854,3760,237,115,176,River Mirar,river,,,
1855,3761,158,228,246,Lower River Chionthar,river,,,
1856,3762,182,155,167,River Chionthar,river,,,
1857,3763,191,219,197,Eastern Segara Sea,sea,,,
1858,3764,158,237,100,Esmel River,river,,,
1859,3765,115,219,200,Lake Esmel,river,,,
1860,3766,158,219,55,Lower Sulduskoon River,river,,,
1861,3767,52,179,155,Sulduskoon River,river,,,
1862,3768,246,167,131,Lower River Ith,river,,,
1863,3769,134,228,58,River Ith,river,,,
1864,3770,121,143,146,River Olung,river,,,
1865,3771,182,206,203,Lake Luo,river,,,
1866,3772,231,225,158,River Shaar,river,,,
1867,3773,137,231,188,Lake Lhespen,river,,,
1868,3774,219,179,103,Upper River Shaar,river,,,
1869,3775,237,237,231,River Talar,river,,,
1870,3776,18,170,207,Istishias Respite,sea,,,
1871,3777,21,64,169,Sashela's Fountain,sea,,,
1872,3778,213,225,219,River Delimbiyr,river,,,
1873,3779,249,200,158,Lower River Dessarin,river,,,
1874,3780,228,164,106,River Dessarin,river,,,
1875,3781,209,209,231,Golden Coast,sea,,,
1876,3782,137,216,216,Corsair Sea,sea,,,
1877,3783,246,228,134,Haunted Coast,sea,,,
1878,3784,185,222,200,Corsair Passage,sea,,,
1879,3785,228,219,219,Middle Shining Sea,sea,,,
1880,3786,176,200,206,Sea of Nemoree,sea,,,
1881,3787,179,182,161,Lapalgulph,sea,,,
1882,3788,203,222,176,River Panka,river,,,
1883,3789,12,188,225,Lapal Sea,river,,,
1884,3790,222,222,234,Lapal Flow,river,,,
1885,3791,243,216,252,Reaching River,river,,,
1886,3792,203,237,237,Upper River Chionthar,river,,,
1887,3793,219,203,237,Amstel River,river,,,
1888,3794,237,252,240,River Maeru,river,,,
1889,3795,209,216,185,River Halar,river,,,
1890,3796,228,206,231,River Aluar,river,,,
1891,3797,55,124,91,Lake Maeru,river,,,
1892,3798,219,243,249,Highridden River,river,,,
1893,3799,209,191,12,River Agis,river,,,
1894,3800,112,228,219,Bay of Chult,sea,,,
1895,3801,200,182,134,Samarach Coast,sea,,,
1896,3802,203,234,155,Zakharan Coast,sea,,,
1897,3803,193,203,244,Bay of Bormul,sea,,,
1898,3804,240,209,219,Nelanther Isles,sea,,,
1899,3805,213,206,231,Xontuil Bay,sea,,,
1900,3806,197,217,185,Rauvin River,river,,,
1901,3807,29,14,100,Trollcrag Mountains,land,,,
1902,3808,222,149,124,The Riftlake,lake,,,
1903,3809,185,179,176,Icerim Lake,lake,,,
1904,3810,128,131,131,Lake Thaylambar,lake,,,
1905,3811,43,191,246,Lake Woe,lake,,,
1906,3812,143,155,149,Lake Tirulag,lake,,,
1907,3813,216,203,216,Lake Musker,lake,,,
1908,3814,161,164,173,Lake Mereth,lake,,,
1909,3815,91,109,112,Lake Muirenon,lake,,,
1910,3816,213,219,228,Huta Lake,lake,,,
1911,3817,85,73,79,Pelauvir Lake,lake,,,
1912,3818,143,121,131,Ice Lakes,lake,,,
1913,3819,109,61,70,Redwaters,lake,,,
1914,3820,149,124,112,Lac Dinneshere,lake,,,
1915,3821,39,55,52,Maer Dualdon,lake,,,
1916,3822,27,76,67,Everlake,lake,,,
1917,3823,85,118,152,Highstar Lake,lake,,,
1918,3824,155,188,203,Lake Weng,lake,,,
1919,3825,112,155,173,Lake of the Snake,lake,,,
1920,3826,70,76,73,Redwater,lake,,,
1921,3827,97,112,188,Lake Sember,lake,,,
1922,3828,52,176,200,Pool of Yeven,lake,,,
1923,3829,149,206,170,Lake Icemelt,lake,,,
1924,3830,64,79,118,Impresk Lake,lake,,,
1925,3831,24,39,164,Shalane Lake,lake,,,
1926,3832,161,61,61,Bloodlake,lake,,,
1927,3833,30,209,21,Evenstar Lake,lake,,,
1928,3834,58,46,219,Beastburn Lake,lake,,,
1929,3835,33,24,146,Nor Tso,lake,,,
1930,3836,33,203,191,Nor Yudol,lake,,,
1931,3837,15,36,149,Nor Zanskra,lake,,,
1932,3838,209,200,55,Nor Takt,lake,,,
1933,3839,58,131,55,Nor Subra,lake,,,
1934,3840,109,206,161,Nor Gubol,lake,,,
1935,3841,131,58,170,Lonely Lake,lake,,,
1936,3842,222,176,73,Lake Ashane,lake,,,
1937,3843,237,191,197,Lugotak Sea,lake,,,
1938,3844,194,109,97,Umaylu Lake,lake,,,
1939,3845,124,46,55,Igotak Sea,lake,,,
1940,3846,234,216,176,Nakalpgotak Sea,lake,,,
1941,3847,112,85,49,Lugalpgotak Sea,lake,,,
1942,3848,170,167,152,Nukqup Lake,lake,,,
1943,3849,97,55,36,Ahtahqugotak Sea,lake,,,
1944,3850,228,134,124,Angsaas Lake,lake,,,
1945,3851,185,100,36,Lake of Dreams,lake,,,
1946,3852,246,79,185,Myrloch,lake,,,
1947,3853,219,185,222,Lake Sunder,lake,,,
1948,3854,149,85,146,Norfen Lake,lake,,,
1949,3855,203,128,185,Vasty Drink,lake,,,
1950,3856,164,234,200,Cherrapuni Nor,lake,,,
1951,3857,88,203,82,Manasowar,lake,,,
1952,3858,243,228,149,Norasil,lake,,,
1953,3859,213,197,206,Akundi,lake,,,
1954,3860,155,158,231,Dharbang,lake,,,
1955,3861,243,170,185,The Lost King,lake,,,
1956,3862,206,219,88,Hungste,lake,,,
1957,3863,185,225,64,Lake of Palms,lake,,,
1958,3864,128,252,188,Lake of Drifting Stars,lake,,,
1959,3865,152,36,158,Taak Lake,lake,,,
1960,3866,70,200,36,Akpahlurik Lake,lake,,,
1961,3867,43,33,64,Risuak Lake,lake,,,
1962,3868,30,85,30,Nyu Lake,lake,,,
1963,3869,173,219,213,Llashloch,lake,,,
1964,3870,216,21,179,Nad Ho Ting,lake,,,
1965,3871,30,21,179,Nam Tso,lake,,,
1966,3872,206,106,39,Lake Menuap,lake,,,
1967,3873,197,161,252,Lake Serampa,lake,,,
1968,3874,121,49,182,Lake Pasar,lake,,,
1969,3875,234,225,200,Lake Panjang,lake,,,
1970,3876,234,228,143,Lake Dingin,lake,,,
1971,3877,43,58,228,Lake Halu,lake,,,
1972,3878,67,240,216,Lake Murthil,lake,,,
1973,3879,121,52,182,Yeshelmaar Lake,lake,,,
1974,3880,213,106,209,Lake Flamm,lake,,,
1975,3881,161,231,140,Lake Aryana,lake,,,
1976,3882,213,64,131,Nebulae Pool,lake,,,
1977,3883,149,213,167,Clearflow River,river,,,
1978,3884,246,176,185,River Murghol,river,,,
1979,3885,191,225,206,Lake of Mists,river,,,
1980,3886,179,209,225,Brightstar Lake,sea,,,
1981,3887,191,219,206,Semphar Water,sea,,,
1982,3888,128,231,246,Upper Rauthenflow River,river,,,
1983,3889,206,155,188,Lower Rauthenflow River,river,,,
1984,3890,234,240,112,Lower River Murghol,river,,,
1985,3891,164,203,234,The Goldenflow,river,,,
1986,3892,231,228,240,Sempharin,river,,,
1987,3893,196,240,197,Aldani Basin,lake,,,
1988,3894,114,216,244,Arch Basin,lake,,,
1989,3895,41,100,203,Lake of the Ghuls,lake,,,
1990,3896,2,176,38,Lake of the Winter Spirits,lake,,,
1991,3897,98,176,195,Lake Oraundil,lake,,,
1992,3898,62,161,250,Ulvarr Water,lake,,,
1993,3899,226,207,170,Lake Miir,lake,,,
1994,3900,51,154,206,Bloodmuck,lake,,,
1995,3901,128,203,186,Lake Tabat,lake,,,
1996,3902,61,46,236,Shadow Sea,lake,,,
1997,3903,228,228,228,Icelace Lake,lake,,,
1998,3904,202,172,202,Alamber Sea,sea,,,
1999,3905,188,230,232,Eastern Moonsea,sea,,,
2000,3906,222,216,228,Easting Reach,sea,,,
2001,3907,137,164,167,Northern Alamber Sea,sea,,,
2002,3908,179,206,200,Eastern Wizards Reach,sea,,,
2003,3909,134,161,146,Bay of Chessenta,sea,,,
2004,3910,200,213,213,Southern Alamber Sea,sea,,,
2005,3911,185,194,255,Lake of Dragons,sea,,,
2006,3912,134,146,200,Dragon Reach,sea,,,
2007,3913,128,206,225,Inner Vilhon Reach,sea,,,
2008,3914,70,155,209,Outer Vilhon Reach,sea,,,
2009,3915,109,155,176,Chessentan Coast,sea,,,
2010,3916,149,152,203,Sea of Dlurg,sea,,,
2011,3917,88,191,209,Turmish Coast,sea,,,
2012,3918,131,161,167,Starmantle Reach,sea,,,
2013,3919,118,176,170,Thousand Swords,sea,,,
2014,3920,118,200,182,Sea of Fallen Stars,sea,,,
2015,3921,203,246,155,River Lis,sea,,,
2016,3922,176,225,216,Western Moonsea,sea,,,
2017,3923,246,140,18,Fire River,river,,,
2018,3924,246,182,234,Traders Bay,river,,,
2019,3925,170,231,203,River of Metals,river,,,
2020,3926,112,106,134,Methmere,river,,,
2021,3927,219,219,167,River of Swords,river,,,
2022,3928,231,228,231,Azulduth,river,,,
2023,3929,237,167,176,Adder River,river,,,
2024,3930,228,219,194,River Akax,river,,,
2025,3931,64,225,46,The Akanamere,river,,,
2026,3932,222,213,234,The Nagaflow,river,,,
2027,3933,39,112,231,Nagawater,river,,,
2028,3934,237,179,197,River Umber,river,,,
2029,3935,76,73,85,Lake Umber,river,,,
2030,3936,176,185,188,Lower Wet River,river,,,
2031,3937,225,237,225,Wet River,river,,,
2032,3938,49,82,140,Lake of the Long Arm,river,,,
2033,3939,213,213,179,Great Imphras River,river,,,
2034,3940,237,188,237,Icelace River,river,,,
2035,3941,194,231,176,River of Shadows,river,,,
2036,3942,237,191,161,River Alambar,river,,,
2037,3943,225,234,252,River Beaumaris,river,,,
2038,3944,124,228,231,The Wyvernflow,river,,,
2039,3945,185,219,237,Wyvernwater,river,,,
2040,3946,219,225,167,River Arkhen,river,,,
2041,3947,164,179,206,Selgaunt Bay,sea,,,
2042,3948,204,252,138,The Neck,sea,,,
2043,3949,163,225,184,Easting Reach,sea,,,
2044,3950,85,224,198,Vilhon Reach,sea,,,
2045,3951,143,206,225,Western Wizard's Reach,sea,,,
2046,3952,169,199,241,Forgotten Shore,sea,,,
2047,3953,49,223,157,River Xon,river,,,
2048,3954,140,194,190,Trackless Sea,sea,,,
2049,3955,14,111,141,Trackless Sea,sea,,,
2050,3956,18,246,241,Western Trackless Sea,sea,,,
2051,3957,49,135,150,Western Trackless Sea,sea,,,
2052,3958,147,250,250,Western Trackless Sea,sea,,,
2053,3959,156,245,204,Trackless Sea,sea,,,
2054,3960,35,113,196,Western Trackless Sea,sea,,,
2055,3961,2,172,204,Trackless Sea,sea,,,
2056,3962,165,222,211,Dragon Sea,sea,,,
2057,3963,70,137,210,Dragon Sea,sea,,,
2058,3964,83,161,223,Dragon Sea,sea,,,
2059,3965,162,222,205,Bay of Relmaur,sea,,,
2060,3966,70,236,187,Sea of Caravans,sea,,,
2061,3967,24,167,107,al-Tariq Channel,sea,,,
2062,3968,60,51,215,Suq Bay,sea,,,
2063,3969,17,60,220,Suq Bay,sea,,,
2064,3970,26,94,176,Golden Gulf,sea,,,
2065,3971,19,95,153,Golden Gulf,sea,,,
2066,3972,4,126,228,Golden Gulf,sea,,,
2067,3973,58,95,96,Pearl Banks,sea,,,
2068,3974,97,186,242,Crowded Sea,sea,,,
2069,3975,105,169,127,Pilgrims Gulf,sea,,,
2070,3976,18,94,154,Crowded Sea,sea,,,
2071,3977,12,226,213,Serpent Bay,sea,,,
2072,3978,32,145,212,The Gateway,sea,,,
2073,3979,25,179,213,Gulf of Kadar,sea,,,
2074,3980,236,150,36,Upper River Delimbiyr,river,,,
2075,3981,7,209,190,Crowded Sea,sea,,,
2076,3982,224,234,224,Foreigners Sea,sea,,,
2077,3983,6,233,196,Foreigners Sea,sea,,,
2078,3984,119,203,229,Foreigners Sea,sea,,,
2079,3985,47,148,248,Southern Segara Sea,sea,,,
2080,3986,108,96,186,Crowded Sea,sea,,,
2081,3987,25,155,152,Crimson Sea,sea,,,
2082,3988,51,123,232,Devil Shark Coast,sea,,,
2083,3989,134,170,177,Sea of Marids,sea,,,
2084,3990,171,245,241,Luirenstrand,sea,,,
2085,3991,26,54,168,Crowded Sea,sea,,,
2086,3992,54,115,174,Crowded Sea,sea,,,
2087,3993,59,136,150,Crowded Sea,sea,,,
2088,3994,13,149,224,Crowded Sea,sea,,,
2089,3995,205,197,228,Trackless Sea,sea,,,
2090,3996,184,176,216,Surbrin River,river,,,
2091,3997,61,213,225,Nogaro River,river,,,
2092,3998,42,195,90,Nogaro River,river,,,
2093,3999,192,212,124,Kadan River,river,,,
2094,4000,67,216,152,al-Iltifat River,river,,,
2095,4001,134,228,218,al-Iltifat River,river,,,
2096,4002,75,150,238,River Tantulph,river,,,
2097,4003,56,253,20,River Sundarra,river,,,
2098,4004,108,246,121,Sword River,river,,,
2099,4005,41,166,191,The Stormflow,river,,,
2100,4006,41,189,62,Skelkor River,river,,,
2101,4007,203,218,225,Crescent Lake,river,,,
2102,4008,135,211,140,River Vypaeryn,river,,,
2103,4009,102,157,215,River Esmur,river,,,
2104,4010,251,238,59,Glaur River,river,,,
2105,4011,240,191,126,Lake Glaur,river,,,
2106,4012,48,185,238,Corsair's Doom,sea,,,
2107,4013,81,246,243,Crowded Sea,sea,,,
2108,4014,124,179,115,Eastern Segara Sea,sea,,,
2109,4015,170,243,197,Western Segara Sea,sea,,,
2110,4016,141,209,227,Sempar River,river,,,
2111,4017,43,203,213,Nixin River,river,,,
2112,4018,43,159,254,Merrow's Feast,sea,,,
2113,4019,83,138,167,Pirate's Wreck,sea,,,
2114,4020,105,159,192,Akotan Sea,sea,,,
2115,4021,91,192,98,Great Sea,sea,,,
2176,4022,49,84,221,High Desert,land,,,
2177,4023,89,56,179,High Desert,land,,,
2178,4024,31,32,192,Genies Anvil,land,,,
2179,4025,64,72,27,Mamnu Island,land,,,
2180,4026,49,1,173,al-Sartan,land,,,
2181,4027,33,35,26,Harab,land,,,
2182,4028,66,57,28,Bariya,land,,,
2183,4029,37,41,103,al-Akara Mountains,land,,,
2184,4030,80,22,38,Howling Mountains,land,,,
2185,4031,96,37,125,The Elephants Spine,land,,,
2186,4032,61,47,9,al-Sayaj Mountains,land,,,
2187,4033,71,20,96,Ghost Mountains,land,,,
2188,4034,32,55,109,al-Yabki Mountains,land,,,
2189,4035,56,2,221,al-Suqut Mountains,land,,,
2190,4036,61,53,54,Range of the Marching Camels,land,,,
2191,4037,44,49,41,Spine of the Dog,land,,,
2192,4038,58,56,1,Mountains of Forgotten Dreams,land,,,
2193,4039,87,1,73,Mountains of the Lizards Tongue,land,,,
2194,4040,62,31,35,Wall of the Wailing Elephant,land,,,
2196,4041,151,229,211,Endless Ice Sea,land,,,
2197,4042,40,66,177,The Starspur,land,,,
2198,4043,13,18,44,Jumpa Gorge,land,,,
2199,4044,155,169,137,Lake Longreach,land,,,
2200,4045,161,200,228,Spine of the World,land,,,
2201,4046,228,231,237,Sea of Moving Ice,land,,,
2202,4047,191,191,213,Great Ice Sea,land,,,
2203,4048,194,200,194,Reghed Glacier,land,,,
2205,4049,137,222,216,Endless Ice Sea,land,,,
2206,4050,254,92,168,Sanrach Mountains,land,,,
2207,4051,182,203,133,Ghalyi Shan,land,,,
2208,4052,188,234,252,Land of the Snow Spirits,land,,,
2209,4053,167,143,243,The Yehimal,land,,,
2210,4054,149,118,58,Furrowed Mountains,land,,,
2211,4055,240,228,191,Kavir al-Mawt,land,,,
2212,4056,194,216,206,Katakoro Shan,land,,,
2214,4057,243,209,121,The Giants Belt,land,,,
2215,4058,216,115,55,Dragonsword Mountains,land,,,
2216,4059,228,67,121,Dustwall Mountains,land,,,
2217,4060,213,200,191,Spiderhaunt Peaks,land,,,
2218,4061,39,43,64,Mountains of Copper,land,,,
2219,4062,27,134,43,Sentinel Spire,land,,,
2220,4063,115,36,18,Kora Shan,land,,,
2221,4064,164,85,55,Hagon Shan,land,,,
2222,4065,100,39,161,Glittering Spires,land,,,
2223,4066,234,146,58,Curna Mountains,land,,,
2224,4067,43,137,55,The North Wall,land,,,
2225,4068,100,182,124,The West Wall,land,,,
2226,4069,64,155,58,The East Wall,land,,,
2227,4070,30,112,222,Gnollwatch Mountains,land,,,
2228,4071,46,55,46,Rathgaunt Hills,land,,,
2229,4072,30,49,64,Tannath,land,,,
2230,4073,91,36,61,Alamir Mountains,land,,,
2231,4074,213,58,43,Firesteap Mountains,land,,,
2232,4075,149,24,18,Uthangol Mountains,land,,,
2233,4076,206,158,222,Adder Peaks,land,,,
2234,4077,155,58,137,The Maerthwatch,land,,,
2235,4078,91,222,70,Smoking Mountains,land,,,
2236,4079,36,231,128,Cloven Mountains,land,,,
2237,4080,219,231,85,Thunder Peaks,land,,,
2238,4081,219,216,197,Eastern Stormhorns,land,,,
2239,4082,170,200,143,Sunset Mountains,land,,,
2240,4083,249,109,115,The Stormhorns,land,,,
2242,4084,24,170,112,Galena Mountains,land,,,
2243,4085,36,94,200,Sunrise Mountains,land,,,
2244,4086,61,188,173,The Thaymount,land,,,
2245,4087,59,5,37,Earthfast Mountains,land,,,
2246,4088,33,137,103,Earthspur Mountains,land,,,
2247,4089,237,46,167,Sword Mountains,land,,,
2248,4090,225,85,176,Nether Mountains,land,,,
2249,4091,225,79,18,Rauvin Mountains,land,,,
2250,4092,88,79,243,Ice Mountains,land,,,
2251,4093,43,36,167,The Ice Spires,land,,,
2252,4094,140,252,118,Greypeak Mountains,land,,,
2253,4095,97,206,219,The High Country,land,,,
2254,4096,52,61,179,A-Ling Shan,land,,,
2255,4097,85,100,234,Kun-Yen Shan,land,,,
2256,4098,33,39,188,Toadsquat Mountains,land,,,
2257,4099,100,112,240,Dragonspine Mountains,land,,,
2258,4100,36,188,191,Qimam al-Kadan,land,,,
2259,4101,70,240,140,World Pillar Mountains,land,,,
2260,4102,24,194,134,Wu Pi Te Shao,land,,,
2261,4103,167,234,73,Konig Peaks,land,,,
2262,4104,24,100,209,Mistcliff Mountains,land,,,
2263,4105,197,49,179,Sanrach Mountains,land,,,
2264,4106,234,49,58,Hazur Mountains,land,,,
2265,4107,252,115,9,Guth Mountains,land,,,
2266,4108,179,46,82,Delphin Mountains,land,,,
2267,4109,228,106,158,Sky Lizard Mountains,land,,,
2268,4110,30,103,94,Marching Mountains,land,,,
2269,4111,58,234,27,Starspire Mountains,land,,,
2270,4112,27,234,200,Omlarandin,land,,,
2271,4113,76,33,200,Kobold Mountains,land,,,
2272,4114,21,121,255,Wild Coast,land,,,
2273,4115,33,33,70,Snowflake Mountains,land,,,
2274,4116,109,109,21,Kuldin Peaks,land,,,
2275,4117,109,55,164,High Peaks,land,,,
2276,4118,124,33,58,Deepwing Mountains,land,,,
2277,4119,100,33,21,Orsraun Mountains,land,,,
2278,4120,39,33,94,Giants Run Mountains,land,,,
2279,4121,21,67,121,Troll Mountains,land,,,
2280,4122,91,216,185,Orbrekh Mountains,land,,,
2281,4123,118,200,134,Cloud Peaks,land,,,
2282,4124,128,237,219,Small Teeth,land,,,
2283,4125,203,206,219,Akanapeaks,land,,,
2284,4126,203,173,219,Aphrunn Mountains,land,,,
2285,4127,88,35,198,Dragonjaw Mountains,land,,,
2286,4128,182,73,200,Thesk Mountains,land,,,
2287,4129,243,73,79,The Riders to the Sky,land,,,
2288,4130,243,100,46,Mount Thulbane,land,,,
2289,4131,191,39,82,White Peaks,land,,,
2290,4132,240,197,24,Desertsmouth Mountains,land,,,
2291,4133,191,70,24,Troll Hills,land,,,
2292,4134,56,31,23,Giantspire Mountains,land,,,
2293,4135,167,64,24,Firward Mountains,land,,,
2294,4136,228,228,191,Icerim Mountains,land,,,
2295,4137,228,43,18,Godswatch Mountains,land,,,
2296,4138,213,94,85,Raurin Alta Mountains,land,,,
2297,4139,255,94,36,Abbey Mountains,land,,,
2298,4140,39,234,222,Mountains of Gold,land,,,
2299,4141,225,246,64,Firepeaks,land,,,
2300,4142,30,52,36,Scimitar Spires,land,,,
2301,4143,167,176,24,Dragons Back Peaks,land,,,
2302,4144,73,234,234,Teeth of Taglo,land,,,
2303,4145,249,149,70,Ushar Mountains,land,,,
2304,4146,219,49,61,Ulhai Shan,land,,,
2305,4147,27,158,234,Koryaz Shan,land,,,
2306,4148,55,52,206,Hagga Shan,land,,,
2309,4149,170,103,85,Jotunhammer Mountains,land,,,
2310,4150,106,103,46,Black Mountains,land,,,
2312,4151,228,109,112,Hollow Crown Mountains,land,,,
2313,4152,79,73,134,Ardulith Mountains,land,,,
2315,4153,9,60,195,Skelkor Mountains,land,,,
2317,4154,213,43,46,Lugsaas Chain,land,,,
2318,4155,149,137,234,Tutsaas Chain,land,,,
2319,4156,15,33,179,Angsaas Chain,land,,,
2320,4157,209,91,216,Keryjek Range,land,,,
2321,4158,115,49,12,Novularond,land,,,
2322,4159,131,64,52,Surykyk Range,land,,,
2324,4160,216,200,164,Nakalpgotak Range,land,,,
2325,4161,121,225,203,Glacier of Ulutiu,land,,,
2326,4162,158,61,43,Shan Trango,land,,,
2327,4163,79,115,24,Chu Yuan,land,,,
2328,4164,58,43,70,Deang Mountains,land,,,
2329,4165,43,52,24,Jumpa River Gorge,land,,,
2330,4166,158,216,106,Hakari Ridge,land,,,
2333,4167,0,33,64,Mahasarpa,land,,,
2334,4168,197,73,15,Southern Wu Pi Te Shao,land,,,
2335,4169,146,243,79,Northern Wu Pi Te Shao,land,,,
2336,4170,106,33,170,Po Yul Dzayul Range,land,,,
2337,4171,176,191,112,Growing Mountains,land,,,
2338,4172,94,18,21,Salju Shan,land,,,
2339,4173,203,164,179,The Burning Lands,land,,,
2340,4174,216,158,115,Haunted Lands,land,,,
2341,4175,67,219,209,Sacred Mountain of Kushk,land,,,
2342,4176,91,91,152,Intan Shan,land,,,
2343,4177,203,237,213,Fengnao,land,,,
2344,4178,33,43,237,Petan,land,,,
2345,4179,21,24,43,Krashatai Shan,land,,,
2347,4180,97,188,194,The Dock,land,,,
2348,4181,97,33,97,Salju Shan,land,,,
2349,4182,149,64,225,Peaks of Flame,land,,,
2351,4183,55,49,158,Gorge of Gauros,land,,,
2352,4184,141,25,182,Po Yul Dzayul,land,,,
2353,4185,166,220,125,Greypeak Mountains,land,,,
2354,4186,141,216,84,Greypeak Mountains,land,,,
2355,4187,151,220,63,Greypeak Mountains,land,,,
2356,4188,48,30,14,Star Mounts,land,,,
2357,4189,71,38,69,Shining Plateau,land,,,
2358,4190,88,213,149,Western Yal Tengri,sea,,,
2359,4191,134,234,170,Eastern Yal Tengri,sea,,,
2360,4192,67,188,121,Bay of Raum,sea,,,
2361,4193,134,200,124,Northern Yal Tengri,sea,,,
2362,4194,237,191,188,Lower Arundi River,river,,,
2363,4195,225,222,176,Arundi River,river,,,
2364,4196,52,164,240,Winterflow River,river,,,
2365,4197,163,185,144,The Great Anvil,land,,,
2376,4198,69,22,155,Eskornar Peaks,land,,,
2377,4199,17,62,170,Dusk Mountains,land,,,
2378,4200,12,59,150,Glaur Mountains,land,,,
2379,4201,51,30,22,Elkannath Mountains,land,,,
2381,4202,18,40,245,Arandron,land,,,
2382,4203,38,62,118,Katashaka,land,,,
2410,4204,19,31,60,Dawning Mountains,land,,,
2464,4205,137,55,36,The Highlands,land,,,
2492,4206,73,39,15,Hissing Isles,land,,,
2512,4207,31,31,160,Frost Hills,land,,,
2581,4208,85,87,48,West Sea,sea,,,
2582,4209,52,57,246,Gulf of Katashaka,sea,,,
2583,4210,65,212,157,Gulf of Lopango,sea,,,
2584,4211,163,255,182,Lopango Sea,sea,,,
2585,4212,232,217,189,South Maztica Sea,sea,,,
2586,4213,183,20,53,North Maztica Sea,sea,,,
2630,4214,75,195,232,Trackless Sea,sea,,,
2631,4215,8,51,64,Trackless Sea,sea,,,
2632,4216,74,113,126,Trackless Sea,sea,,,
2633,4217,122,139,144,The Western Frost,land,,,
2643,4218,65,11,100,The High Ice,land,,,
2644,4219,99,222,100,Xothaerin,land,,,
2645,4220,214,60,60,Kossuth's Eye,land,,,
2646,4221,190,55,190,Korolnor,land,,,
2647,4222,213,213,0,Torglor,land,,,
2648,4223,90,20,70,Drakkalor,land,,,
2649,4224,79,113,199,Barakuir,land,,,
2650,4225,108,149,29,Holorar,land,,,
2653,4226,160,147,147,Zolkir,land,,,
2654,4227,237,9,121,Rogarsheim,land,,,
2655,4228,56,143,23,Tvarstoldt,land,,,
2656,4229,193,186,20,Jotunhammer,land,,,
2657,4230,192,43,193,Stone Wood,land,,,
2658,4231,43,193,193,Lillemaren,land,,,
2660,4232,19,124,19,Trondhelm,land,,,
2661,4233,109,184,202,Trackless Strait,sea,,,
2662,4234,141,222,245,Strait of Oman,sea,,,
2663,4235,121,121,181,Strait of Alaron,sea,,,
2664,4236,220,170,240,Strait of the Leviathan,sea,,,
2665,4237,153,213,223,Lotan's Abyss,sea,,,
2666,4238,173,247,222,Corwell Firth,sea,,,
2667,4239,245,210,245,Dragon Head,sea,,,
2668,4240,210,245,233,Kingsbay,sea,,,
2669,4241,235,210,245,Mintarn Coast,sea,,,
2670,4242,210,245,230,Callidyrr Coast,sea,,,
2671,4243,230,180,220,Northwind Strait,sea,,,
2672,4244,135,100,35,Cambro Mountains,land,,,
2673,4245,20,75,0,Lisloch,land,,,
2674,4246,75,0,22,Lisbunt,land,,,
2675,4247,75,55,0,Farfair,land,,,
2676,4248,0,0,1,Fairheight Range,land,,,
2677,4249,144,4,4,Aspenheight,land,,,
2678,4250,245,220,245,Lake of the Leech,lake,,,
2679,4251,245,200,245,Lisloch,lake,,,
2680,4252,245,190,245,Lac Sielya,lake,,,
2681,4253,245,180,245,Firloch,lake,,,
2682,4254,245,170,245,Shee Pool,lake,,,
2683,4255,245,160,245,Mal Tamesis,lake,,,
2684,4256,245,150,245,Mal Tarbat,lake,,,
2685,4257,245,140,245,Lake Chrysalis,lake,,,
2686,4258,245,130,245,Harloch,lake,,,
2687,4259,125,150,5,Brannoch,land,,,
2689,4260,9,90,90,Storaad,land,,,
2690,4261,180,210,90,Orcskulls,land,,,
2691,4262,100,210,90,Breasal,land,,,
2692,4263,100,95,30,Dennin's Delve,land,,,
2693,4264,35,100,30,Llyrath,land,,,
,4265,0,0,96,Trackless Deep,sea,,,
2314,,,,,,dropped,,,
2316,,,,,,dropped,,,
2698,,,,,,dropped,,,
