source,count,message_shape
pdx_localize,15282,Duplicate localization key. Key 'X' is defined in both 'X' and 'X'.
title_links,12877,Failed to fetch a valid landed title 'X' at location 'X'
history,2105,Referencing non-existent character in script link character:N
gameobjectlocators,723,Failed to get transform for locator type 'X' instance id N
holy_site_type,326,No county found for holy site 'X'
coat_of_arms_dynamic_definitions,122,Could not find title 'X' for dynamic coat of arms definition
coat_of_arms_dynamic_definitions,122,Title template 'X' must have a pre-scripted coat of arms to be used with the dynamic coa definitions
bookmark,82,Bookmark character 'X' location image 'X' not found
history,80,Referencing non-existent character in script link character:fictional_kimeks_N
culture_trait,67,Pillar 'X' is a heritage so it should have a audio parameter
jomini_effect,58,Variable 'X' is set but is never used. Note that use in localization doesn't count due to technical limitations. Use in unused scripted triggers and effects also does not count
history,57,Referencing non-existent character in script link character:japanese_minamoto_seiwa_N
history,56,Referencing non-existent character in script link character:fictional_turkish_N
history,47,Referencing non-existent character in script link character:japanese_fujiwara_N
history,40,Referencing non-existent character in script link character:fictional_kipchaks_N
history,32,Referencing non-existent character in script link character:han_N
history,30,Referencing non-existent character in script link character:mpo_mongol_N
history,28,Referencing non-existent character in script link character:andalusian_N
map,27,Province 'X' is neighbouring but not part of island region 'X'
history,26,Referencing non-existent character in script link character:fictional_kirghiz_N
history,24,Referencing non-existent character in script link character:japanese_yamato_N
history,20,Referencing non-existent character in script link character:japanese_taira_kanmu_N
history,20,Referencing non-existent character in script link character:fictional_karluks_N
history,20,Referencing non-existent character in script link character:fictional_uriankhais_N
history,19,Referencing non-existent character in script link character:tangut_liang_N
history,18,Referencing non-existent character in script link character:fictional_naimans_N
history,18,Referencing non-existent character in script link character:fictional_mongols_N
bookmark,17,Bookmark 'X' background 'X' not found
titlehistory,17,Title history tries to change its defacto liege despite it being a barony - file: history/titles/fae_baronies.txt line: N
history,16,Referencing non-existent character in script link character:fictional_cumans_N
jomini_dynamicdescription,14,Unrecognized loc key trait_thayan_tattoo_N. thayan_tattoo_N
jomini_dynamicdescription,14,Unrecognized loc key trait_thayan_tattoo_N_desc. thayan_tattoo_N
jomini_dynamicdescription,12,Unrecognized loc key trait_lifespan_N_desc. lifespan_N
history,12,Referencing non-existent character in script link character:easteregg_jakub_potapczyk
history,12,Referencing non-existent character in script link character:viet_ly_N
pdx_persistent_reader,11,"Error: ""Failed to read key reference: k_chrysanthemum_throne: k_chrysanthemum_throne, near line: N"" in file: ""common/flavorization/N_tgp_japan_flavorization.txt"" near line: N"
jomini_dynamicdescription,10,Unrecognized loc key trait_scarred_type_N. scarred_type_N
jomini_dynamicdescription,10,Unrecognized loc key trait_scarred_type_N_desc. scarred_type_N
pdx_persistent_reader,10,"Error: ""Failed to read key reference: e_japan: e_japan, near line: N"" in file: ""common/flavorization/N_tgp_japan_flavorization.txt"" near line: N"
history,9,Referencing non-existent character in script link character:easteregg_joe_parkin
history,9,Referencing non-existent character in script link character:japanese_kiyohara_N
history,8,Referencing non-existent character in script link character:easteregg_chad_uhl
history,8,Referencing non-existent character in script link character:fictional_khazars_N
history,8,Referencing non-existent character in script link character:fictional_pechenegs_N
history,8,Referencing non-existent character in script link character:fictional_buryats_N
history,8,Referencing non-existent character in script link character:fictional_ostyaks_N
gfx_caps,7,Unknown GfxVendor ID 'X' for 'X'
pdx_persistent_reader,7,"Error: ""Failed to read key reference: e_goryeo: e_goryeo, near line: N"" in file: ""common/flavorization/N_tgp_korea_flavorization.txt"" near line: N"
pdx_localize,6,Localization key hash collision. Key 'X' and 'X' have the same hash: -N. 
jomini_dynamicdescription,6,Unrecognized loc key trait_norse_tattoo_N. norse_tattoo_N
jomini_dynamicdescription,6,Unrecognized loc key trait_norse_tattoo_N_desc. norse_tattoo_N
jomini_dynamicdescription,6,Unrecognized loc key trait_slavic_tattoo_N. slavic_tattoo_N
jomini_dynamicdescription,6,Unrecognized loc key trait_slavic_tattoo_N_desc. slavic_tattoo_N
history,6,Referencing non-existent character in script link character:easteregg_alessandro_bragalini
history,6,Referencing non-existent character in script link character:easteregg_daan_broekhof
history,6,Referencing non-existent character in script link character:easteregg_debbie_lane
history,6,Referencing non-existent character in script link character:easteregg_veronica_pazos
history,6,Referencing non-existent character in script link character:easteregg_ida_hedberg
history,6,Referencing non-existent character in script link character:danisN
history,6,Referencing non-existent character in script link character:begteginid_N
history,6,Referencing non-existent character in script link character:fadlid_N
history,6,Referencing non-existent character in script link character:su_NCF_N
history,6,Referencing non-existent character in script link character:japanese_minamoto_murakami_N
history,6,Referencing non-existent character in script link character:john_monk
history,6,Referencing non-existent character in script link character:japanese_lowborn_N
history,6,Referencing non-existent character in script link character:fictional_keraits_N
history,6,Referencing non-existent character in script link character:jurchen_boli_N_fic
pdx_localize,5,Localization key hash collision. Key 'X' and 'X' have the same hash: N. 
culture_name_equivalency,5,"Missing loc Riechauf: ""Riechauf"""
history,5,Referencing non-existent character in script link character:norman_crispin_N
history,5,Referencing non-existent character in script link character:naiman_guchugud_N
history,5,Referencing non-existent character in script link character:bookmark_huang_chao
pdx_persistent_reader,4,"Error: ""Failed to read key reference: k_yongson_throne: k_yongson_throne, near line: N"" in file: ""common/flavorization/N_tgp_korea_flavorization.txt"" near line: N"
history,4,Referencing non-existent character in script link character:animation_test_female_pregnant
history,4,Referencing non-existent character in script link character:castilianN
history,4,Referencing non-existent character in script link character:balhae_dae_N
history,4,Referencing non-existent character in script link character:jurchen_tuowen_N_fic
history,4,Referencing non-existent character in script link character:jurchen_wanyan_N
history,4,Referencing non-existent character in script link character:jurchen_yulou_N
history,4,Referencing non-existent character in script link character:jurchen_yuexi_N
history,4,Referencing non-existent character in script link character:fictional_oirats_N
pdx_persistent_reader,3,"Error: ""There'X'county'X'c_kufa': county, near line: N"" in file: ""common/religion/holy_site_types/N_holy_site_types.txt"" near line: N"
pdx_persistent_reader,3,"Error: ""There'X'county'X'c_angkor': county, near line: N"" in file: ""common/religion/holy_site_types/N_holy_site_types.txt"" near line: N"
pdx_persistent_reader,3,"Error: ""There'X'county'X'c_JAV_mataram': county, near line: N"" in file: ""common/religion/holy_site_types/N_holy_site_types.txt"" near line: N"
pdx_persistent_reader,3,"Error: ""Failed to read key reference: k_austria: k_austria, near line: N"" in file: ""common/flavorization/N_title_holders.txt"" near line: N"
pdx_persistent_reader,3,"Error: ""Failed to read key reference: e_north_sea: e_north_sea, near line: N"" in file: ""common/flavorization/N_title_holders.txt"" near line: N"
pdx_persistent_reader,3,"Error: ""Failed to read key reference: d_dauphine: d_dauphine, near line: N"" in file: ""common/flavorization/N_title_holders.txt"" near line: N"
pdx_persistent_reader,3,"Error: ""Failed to read key reference: e_britannia: e_britannia, near line: N"" in file: ""common/flavorization/N_title_holders.txt"" near line: N"
pdx_persistent_reader,3,"Error: ""Failed to read key reference: k_wales: k_wales, near line: N"" in file: ""common/flavorization/N_title_holders.txt"" near line: N"
pdx_persistent_reader,3,"Error: ""Failed to read key reference: d_cordoba: d_cordoba, near line: N"
pdx_persistent_reader,3,"Error: ""Failed to read key reference: d_khorezm: d_khorezm, near line: N"" in file: ""common/flavorization/N_title_holders.txt"" near line: N"
pdx_persistent_reader,3,"Error: ""Failed to read key reference: d_brittany: d_brittany, near line: N"" in file: ""common/flavorization/N_title_holders.txt"" near line: N"
pdx_persistent_reader,3,"Error: ""Failed to read key reference: h_roman_empire: h_roman_empire, near line: N"
culture_name_equivalency,3,"Missing loc Dobsoka: ""Dobsoka"""
history,3,Referencing non-existent character in script link character:easteregg_isabella_welch
history,3,Referencing non-existent character in script link character:easteregg_elisabeth_gangenes
history,3,Referencing non-existent character in script link character:easteregg_henrik_fahraeus
history,3,Referencing non-existent character in script link character:easteregg_alexander_oltner
history,3,Referencing non-existent character in script link character:easteregg_joacim_carlberg
history,3,Referencing non-existent character in script link character:easteregg_olof_bjork
history,3,Referencing non-existent character in script link character:easteregg_petter_lundh
history,3,Referencing non-existent character in script link character:easteregg_linnea_thimren
history,3,Referencing non-existent character in script link character:easteregg_matthew_clohessy
history,3,Referencing non-existent character in script link character:easteregg_steacy_mcilwham
history,3,Referencing non-existent character in script link character:easteregg_rebecca_gottfredsson
history,3,Referencing non-existent character in script link character:easteregg_nils_wadensten
history,3,Referencing non-existent character in script link character:easteregg_emil_tisander
history,3,Referencing non-existent character in script link character:easteregg_joel_hansson
history,3,Referencing non-existent character in script link character:easteregg_peter_johannesson
history,3,Referencing non-existent character in script link character:easteregg_malin_jonsson
history,3,Referencing non-existent character in script link character:easteregg_linda_tiger
history,3,Referencing non-existent character in script link character:easteregg_katya_boestad
history,3,Referencing non-existent character in script link character:easteregg_mathilda_bjarnehed
history,3,Referencing non-existent character in script link character:easteregg_milla_lankinen
history,3,Referencing non-existent character in script link character:easteregg_petter_vilberg
history,3,Referencing non-existent character in script link character:easteregg_henrik_lohmander
history,3,Referencing non-existent character in script link character:easteregg_max_weltz
history,3,Referencing non-existent character in script link character:easteregg_lysann_schlegel
history,3,Referencing non-existent character in script link character:easteregg_sean_hughes
history,3,Referencing non-existent character in script link character:easteregg_ismael_serrano
history,3,Referencing non-existent character in script link character:easteregg_bianca_savazzi
history,3,Referencing non-existent character in script link character:easteregg_christian_daflos
history,3,Referencing non-existent character in script link character:easteregg_max_collin
history,3,Referencing non-existent character in script link character:easteregg_jonas_wickerstrom
history,3,Referencing non-existent character in script link character:easteregg_tegan_harris
history,3,Referencing non-existent character in script link character:easteregg_paul_depre
history,3,Referencing non-existent character in script link character:easteregg_maximilian_olbers
history,3,Referencing non-existent character in script link character:easteregg_hanna_lohman
history,3,Referencing non-existent character in script link character:easteregg_anna_strom
history,3,Referencing non-existent character in script link character:easteregg_nikolaos_kaltsogiannis
history,3,Referencing non-existent character in script link character:easteregg_pontus_olofsson
history,3,Referencing non-existent character in script link character:easteregg_martin_anward
history,3,Referencing non-existent character in script link character:easteregg_zack_holmgren
history,3,Referencing non-existent character in script link character:easteregg_claudia_baldassi
history,3,Referencing non-existent character in script link character:easteregg_mathias_frostewarn
history,3,Referencing non-existent character in script link character:easteregg_marcus_bose
history,3,Referencing non-existent character in script link character:easteregg_jesse_kopparvall
history,3,Referencing non-existent character in script link character:easteregg_lukasz_opara
history,3,Referencing non-existent character in script link character:easteregg_mateusz_mierzwa
history,3,Referencing non-existent character in script link character:easteregg_natalia_lechnata
history,3,Referencing non-existent character in script link character:easteregg_natalia_poreba
history,3,Referencing non-existent character in script link character:easteregg_struan_mccallum
history,3,Referencing non-existent character in script link character:easteregg_riad_deneche
history,3,Referencing non-existent character in script link character:easteregg_anton_leirnes
history,3,Referencing non-existent character in script link character:easteregg_tomasz_ender
history,3,Referencing non-existent character in script link character:easteregg_stella_carrick
history,3,Referencing non-existent character in script link character:easteregg_fenni_johansson
history,3,Referencing non-existent character in script link character:easteregg_james_beaumont
history,3,Referencing non-existent character in script link character:easteregg_bahar_shefket
history,3,Referencing non-existent character in script link character:easteregg_hugo_cortell
history,3,Referencing non-existent character in script link character:easteregg_alexander_newcombe
history,3,Referencing non-existent character in script link character:easteregg_elena_zenko
history,3,Referencing non-existent character in script link character:easteregg_fei_berg_hulthen
history,3,Referencing non-existent character in script link character:easteregg_stina_arvidsson_radestig
history,3,Referencing non-existent character in script link character:easteregg_ola_jentzsch
history,3,Referencing non-existent character in script link character:easteregg_nikola_stokic
history,3,Referencing non-existent character in script link character:easteregg_tamara_stokic
history,3,Referencing non-existent character in script link character:easteregg_sandra_runge_moller
history,3,Referencing non-existent character in script link character:easteregg_jon_astrup_hallkvist
history,3,Referencing non-existent character in script link character:easteregg_maxence_voleau
history,3,Referencing non-existent character in script link character:easteregg_jason_cantalini
history,3,Referencing non-existent character in script link character:easteregg_fabian_franzen
history,3,Referencing non-existent character in script link character:easteregg_weronika_kowalczyk
history,3,Referencing non-existent character in script link character:easteregg_jakob_jorstedt
history,3,Referencing non-existent character in script link character:easteregg_berrak_oz
history,3,Referencing non-existent character in script link character:easteregg_tess_lindholm
history,3,Referencing non-existent character in script link character:easteregg_luke_bean
history,3,Referencing non-existent character in script link character:easteregg_artur_kacprzak
history,3,Referencing non-existent character in script link character:easteregg_tomas_versekys
history,3,Referencing non-existent character in script link character:easteregg_alexander_windahl
history,3,Referencing non-existent character in script link character:easteregg_johan_husen
history,3,Referencing non-existent character in script link character:easteregg_alexia_belfort
history,3,Referencing non-existent character in script link character:easteregg_david_drake
history,3,Referencing non-existent character in script link character:easteregg_ernesto_lopez
history,3,Referencing non-existent character in script link character:easteregg_lucas_ribeiro
history,3,Referencing non-existent character in script link character:easteregg_daniel_velasquez
history,3,Referencing non-existent character in script link character:easteregg_jakob_eklund
history,3,Referencing non-existent character in script link character:easteregg_emelie_verdugo
history,3,Referencing non-existent character in script link character:easteregg_anton_holmqvist
history,3,Referencing non-existent character in script link character:easteregg_samet_atasoy
history,3,Referencing non-existent character in script link character:easteregg_richard_lindkvist
history,3,Referencing non-existent character in script link character:easteregg_daniel_tolman
history,3,Referencing non-existent character in script link character:easteregg_jacopo_freddi
history,3,Referencing non-existent character in script link character:easteregg_francesca_passoni
history,3,Referencing non-existent character in script link character:easteregg_melanie_albarn
history,3,Referencing non-existent character in script link character:easteregg_alva_granholm
history,3,Referencing non-existent character in script link character:easteregg_david_ostlund
history,3,Referencing non-existent character in script link character:easteregg_philip_wessman
history,3,Referencing non-existent character in script link character:easteregg_neyla_garcia
history,3,Referencing non-existent character in script link character:easteregg_jonathan_collinder
history,3,Referencing non-existent character in script link character:easteregg_liana_tosunyan
history,3,Referencing non-existent character in script link character:easteregg_henry_of_skalitz
history,3,Referencing non-existent character in script link character:easteregg_henry_kobyla
history,3,Referencing non-existent character in script link character:easteregg_henry_kobyla_late
history,3,Referencing non-existent character in script link character:easteregg_laurence_kennedy
history,3,Referencing non-existent character in script link character:barcelona_N
history,3,Referencing non-existent character in script link character:surunbaqiN
history,3,Referencing non-existent character in script link character:extra_turks_N
history,3,Referencing non-existent character in script link character:extra_habbaris_N
history,3,Referencing non-existent character in script link character:additional_karakar_N
history,3,Referencing non-existent character in script link character:burmanN
history,3,Referencing non-existent character in script link character:marinid_N
history,3,Referencing non-existent character in script link character:dabbabid_N
history,3,Referencing non-existent character in script link character:li_NE_zhuye_N
history,3,Referencing non-existent character in script link character:he_NFN_N_N
history,3,Referencing non-existent character in script link character:dali_duan_N
history,3,Referencing non-existent character in script link character:jurchen_tudan_N
history,3,Referencing non-existent character in script link character:khmer_varman_N
history,3,Referencing non-existent character in script link character:earlyburmanN
history,3,Referencing non-existent character in script link character:dayak_segara_N
history,3,Referencing non-existent character in script link character:javanese_sanjaya_N
history,3,Referencing non-existent character in script link character:haripunjaya_ruler_N
history,3,Referencing non-existent character in script link character:japanese_nakahara_kiso_N
history,3,Referencing non-existent character in script link character:easteregg_anna_johansson
history,3,Referencing non-existent character in script link character:easteregg_charna_frostwhisper
history,3,Referencing non-existent character in script link character:additional_fatimids_N
history,3,Referencing non-existent character in script link character:viet_to_N
pdx_persistent_reader,2,"Error: ""There'X'county'X'c_jerusalem': county, near line: N"" in file: ""common/religion/holy_site_types/N_holy_site_types.txt"" near line: N"
pdx_persistent_reader,2,"Error: ""There'X'county'X'c_baghdad': county, near line: N"" in file: ""common/religion/holy_site_types/N_holy_site_types.txt"" near line: N"
pdx_persistent_reader,2,"Error: ""There'X'county'X'c_kerala': county, near line: N"" in file: ""common/religion/holy_site_types/N_holy_site_types.txt"" near line: N"
pdx_persistent_reader,2,"Error: ""There'X'county'X'c_toledo': county, near line: N"" in file: ""common/religion/holy_site_types/N_holy_site_types.txt"" near line: N"
pdx_persistent_reader,2,"Error: ""There'X'county'X'c_tunis': county, near line: N"" in file: ""common/religion/holy_site_types/N_holy_site_types.txt"" near line: N"
pdx_persistent_reader,2,"Error: ""There'X'county'X'c_nishapur': county, near line: N"" in file: ""common/religion/holy_site_types/N_holy_site_types.txt"" near line: N"
pdx_persistent_reader,2,"Error: ""There'X'county'X'c_kerch': county, near line: N"" in file: ""common/religion/holy_site_types/N_holy_site_types.txt"" near line: N"
pdx_persistent_reader,2,"Error: ""There'X'county'X'c_varanasi': county, near line: N"" in file: ""common/religion/holy_site_types/N_holy_site_types.txt"" near line: N"
pdx_persistent_reader,2,"Error: ""There'X'county'X'c_vatsagulma': county, near line: N"" in file: ""common/religion/holy_site_types/N_holy_site_types.txt"" near line: N"
pdx_persistent_reader,2,"Error: ""There'X'county'X'c_pagan': county, near line: N"" in file: ""common/religion/holy_site_types/N_holy_site_types.txt"" near line: N"
pdx_persistent_reader,2,"Error: ""There'X'county'X'c_garwhal': county, near line: N"" in file: ""common/religion/holy_site_types/N_holy_site_types.txt"" near line: N"
pdx_persistent_reader,2,"Error: ""There'X'barony'X'b_JAV_Mataram': barony, near line: N"" in file: ""common/religion/holy_site_types/N_holy_site_types.txt"" near line: N"
pdx_persistent_reader,2,"Error: ""There'X'county'X'c_baduspan': county, near line: N"" in file: ""common/religion/holy_site_types/N_holy_site_types.txt"" near line: N"
pdx_persistent_reader,2,"Error: ""There'X'county'X'c_kiev': county, near line: N"" in file: ""common/religion/holy_site_types/N_holy_site_types.txt"" near line: N"
pdx_persistent_reader,2,"Error: ""There'X'county'X'c_henan': county, near line: N"" in file: ""common/religion/holy_site_types/N_holy_site_types.txt"" near line: N"
pdx_persistent_reader,2,"Error: ""There'X'county'X'c_jingzhou_N': county, near line: N"" in file: ""common/religion/holy_site_types/N_holy_site_types.txt"" near line: N"
pdx_persistent_reader,2,"Error: ""There'X'county'X'c_goseong': county, near line: N"" in file: ""common/religion/holy_site_types/N_holy_site_types.txt"" near line: N"
pdx_persistent_reader,2,"Error: ""There'X'county'X'c_gaeseong': county, near line: N"" in file: ""common/religion/holy_site_types/N_holy_site_types.txt"" near line: N"
pdx_persistent_reader,2,"Error: ""Failed to read key reference: k_orthodox: k_orthodox, near line: N"" in file: ""common/flavorization/N_title_holders.txt"" near line: N"
pdx_persistent_reader,2,"Error: ""Failed to read key reference: k_switzerland: k_switzerland, near line: N"
pdx_persistent_reader,2,"Error: ""Failed to read key reference: k_ireland: k_ireland, near line: N"" in file: ""common/flavorization/N_title_holders.txt"" near line: N"
pdx_persistent_reader,2,"Error: ""Failed to read key reference: e_hindustan: e_hindustan, near line: N"" in file: ""common/flavorization/N_title_holders.txt"" near line: N"
pdx_persistent_reader,2,"Error: ""Failed to read key reference: e_byzantium: e_byzantium, near line: N"" in file: ""common/flavorization/N_title_holders.txt"" near line: N"
pdx_persistent_reader,2,"Error: ""Failed to read key reference: h_india: h_india, near line: N"" in file: ""common/flavorization/N_title_holders.txt"" near line: N"
pdx_persistent_reader,2,"Error: ""Failed to read key reference: e_minister_chancellor: e_minister_chancellor, near line: N"" in file: ""common/flavorization/N_tgp_china_flavorization.txt"" near line: N"
pdx_persistent_reader,2,"Error: ""Failed to read key reference: e_minister_censor: e_minister_censor, near line: N"" in file: ""common/flavorization/N_tgp_china_flavorization.txt"" near line: N"
pdx_persistent_reader,2,"Error: ""Failed to read key reference: e_minister_grand_marshal: e_minister_grand_marshal, near line: N"" in file: ""common/flavorization/N_tgp_china_flavorization.txt"" near line: N"
pdx_persistent_reader,2,"Error: ""Failed to read key reference: e_minister_of_personnel: e_minister_of_personnel, near line: N"
bookmark,2,Bookmark character 'X' has invalid dynasty and invalid dynasty house scripted
jomini_effect,2,Event target 'X' is used but is never set. Setting it in an unused scripted trigger or effect does not count
history,2,Referencing non-existent character in script link character:dynamic_mongol_N
history,2,Referencing non-existent character in script link character:animation_test_female
history,2,Referencing non-existent character in script link character:animation_test_male
history,2,Referencing non-existent character in script link character:animation_test_dwarf_female
history,2,Referencing non-existent character in script link character:animation_test_dwarf_male
history,2,Referencing non-existent character in script link character:animation_test_fat_dwarf_female
history,2,Referencing non-existent character in script link character:animation_test_fat_dwarf_male
history,2,Referencing non-existent character in script link character:animation_test_hunchbacked_female
history,2,Referencing non-existent character in script link character:animation_test_hunchbacked_male
history,2,Referencing non-existent character in script link character:animation_test_female_child
history,2,Referencing non-existent character in script link character:animation_test_male_child
history,2,Referencing non-existent character in script link character:animation_test_muscular_female
history,2,Referencing non-existent character in script link character:animation_test_muscular_male
history,2,Referencing non-existent character in script link character:st_amand_N
history,2,Referencing non-existent character in script link character:danishmendid_N
history,2,Referencing non-existent character in script link character:ding_hui_N
history,2,Referencing non-existent character in script link character:zhu_quanzhong_N
history,2,Referencing non-existent character in script link character:japanese_miyoshi_N
history,2,Referencing non-existent character in script link character:ki_hwon_N
history,2,Referencing non-existent character in script link character:toson_N
history,2,Referencing non-existent character in script link character:ly_do_doc_N
history,2,Referencing non-existent character in script link character:song_jiang_N
history,2,Referencing non-existent character in script link character:yang_zongbao_N
history,2,Referencing non-existent character in script link character:furong_daokai_N
history,2,Referencing non-existent character in script link character:jojin_N
history,2,Referencing non-existent character in script link character:isawa_no_saburo_N
history,2,Referencing non-existent character in script link character:tsukushi_no_koretaka_N
history,2,Referencing non-existent character in script link character:kim_mu_che_N
history,2,Referencing non-existent character in script link character:baekho_N
history,2,Referencing non-existent character in script link character:khong_lo_N
history,2,Referencing non-existent character in script link character:nga_yamankan_N
history,2,Referencing non-existent character in script link character:mpu_bharada_N
history,2,Referencing non-existent character in script link character:wang_chuyi_N
history,2,Referencing non-existent character in script link character:jiang_kui_N
history,2,Referencing non-existent character in script link character:lembong_N
history,2,Referencing non-existent character in script link character:zhu_zhongba_N
history,2,Referencing non-existent character in script link character:quach_boc_N
history,2,Referencing non-existent character in script link character:il_eom_N
history,2,Referencing non-existent character in script link character:gochi_in_no_tajima_N
history,2,Referencing non-existent character in script link character:shin_capata_N
history,2,Referencing non-existent character in script link character:fictional_mogyers_N
history,2,Referencing non-existent character in script link character:fictional_alans_N
history,2,Referencing non-existent character in script link character:fictional_laktans_N
history,2,Referencing non-existent character in script link character:jurchen_tieli_N
history,2,Referencing non-existent character in script link character:jurchen_odoli_N_fic
history,2,Referencing non-existent character in script link character:mohe_funie_N
history,2,Referencing non-existent character in script link character:mohe_yuexi_N
history,2,Referencing non-existent character in script link character:mohe_yulou_N
history,2,Referencing non-existent character in script link character:mohe_suhemo_N
history,2,Referencing non-existent character in script link character:mohe_a_N
history,2,Referencing non-existent character in script link character:ruzhe_N
history,2,Referencing non-existent character in script link character:nn_yelu_zongyuan
history,2,Referencing non-existent character in script link character:nn_yelu_tieli_LUF
history,2,Referencing non-existent character in script link character:nn_xiao_yangliu
history,2,Referencing non-existent character in script link character:balhae_go_N
history,2,Referencing non-existent character in script link character:jurchen_jiagu_N_fic
history,2,Referencing non-existent character in script link character:jurchen_adian_N_fic
history,2,Referencing non-existent character in script link character:jurchen_tangkuo_N_fic
history,2,Referencing non-existent character in script link character:jurchen_nipanggu_N_fic
history,2,Referencing non-existent character in script link character:jurchen_tudan_N_fic
history,2,Referencing non-existent character in script link character:jurchen_hesheli_N_fic
history,2,Referencing non-existent character in script link character:fictional_bashkirs_N
history,2,Referencing non-existent character in script link character:jurchen_yalu_N_fic
history,2,Referencing non-existent character in script link character:fictional_bolghars_N
history,2,Referencing non-existent character in script link character:karakhanid_N
history,2,Referencing non-existent character in script link character:mohe_molihewen_N_fic
history,2,Referencing non-existent character in script link character:mohe_choripi_N_fic
history,2,Referencing non-existent character in script link character:mohe_wuguihai_N_fic
history,2,Referencing non-existent character in script link character:mohe_heishuiyang_N_fic
history,2,Referencing non-existent character in script link character:mohe_beihean_N_fic
history,2,Referencing non-existent character in script link character:mohe_vanda_N_fic
history,2,Referencing non-existent character in script link character:mohe_nimen_N_fic
culture_trait,1,Pillar 'X' is a language so it should have a color
pdx_persistent_reader,1,"Error: ""There'X'county'X'c_roma': county, near line: N"" in file: ""common/religion/holy_site_types/N_holy_site_types.txt"" near line: N"
pdx_persistent_reader,1,"Error: ""There'X'barony'X'b_vaticano': barony, near line: N"" in file: ""common/religion/holy_site_types/N_holy_site_types.txt"" near line: N"
pdx_persistent_reader,1,"Error: ""There'X'county'X'c_cologne': county, near line: N"" in file: ""common/religion/holy_site_types/N_holy_site_types.txt"" near line: N"
pdx_persistent_reader,1,"Error: ""There'X'county'X'c_santiago': county, near line: N"" in file: ""common/religion/holy_site_types/N_holy_site_types.txt"" near line: N"
pdx_persistent_reader,1,"Error: ""There'X'county'X'c_kent': county, near line: N"" in file: ""common/religion/holy_site_types/N_holy_site_types.txt"" near line: N"
pdx_persistent_reader,1,"Error: ""There'X'barony'X'b_canterbury': barony, near line: N"" in file: ""common/religion/holy_site_types/N_holy_site_types.txt"" near line: N"
pdx_persistent_reader,1,"Error: ""There'X'county'X'c_byzantion': county, near line: N"" in file: ""common/religion/holy_site_types/N_holy_site_types.txt"" near line: N"
pdx_persistent_reader,1,"Error: ""There'X'county'X'c_alexandria': county, near line: N"" in file: ""common/religion/holy_site_types/N_holy_site_types.txt"" near line: N"
pdx_persistent_reader,1,"Error: ""There'X'county'X'c_antiocheia': county, near line: N"" in file: ""common/religion/holy_site_types/N_holy_site_types.txt"" near line: N"
pdx_persistent_reader,1,"Error: ""There'X'county'X'c_tigre': county, near line: N"" in file: ""common/religion/holy_site_types/N_holy_site_types.txt"" near line: N"
pdx_persistent_reader,1,"Error: ""There'X'county'X'c_meroe': county, near line: N"" in file: ""common/religion/holy_site_types/N_holy_site_types.txt"" near line: N"
pdx_persistent_reader,1,"Error: ""There'X'county'X'c_suenik': county, near line: N"" in file: ""common/religion/holy_site_types/N_holy_site_types.txt"" near line: N"
pdx_persistent_reader,1,"Error: ""There'X'county'X'c_dvin': county, near line: N"" in file: ""common/religion/holy_site_types/N_holy_site_types.txt"" near line: N"
pdx_persistent_reader,1,"Error: ""There'X'county'X'c_colonea': county, near line: N"" in file: ""common/religion/holy_site_types/N_holy_site_types.txt"" near line: N"
pdx_persistent_reader,1,"Error: ""There'X'county'X'c_beirut': county, near line: N"" in file: ""common/religion/holy_site_types/N_holy_site_types.txt"" near line: N"
pdx_persistent_reader,1,"Error: ""There'X'county'X'c_shiraz': county, near line: N"" in file: ""common/religion/holy_site_types/N_holy_site_types.txt"" near line: N"
pdx_persistent_reader,1,"Error: ""There'X'county'X'c_oriel': county, near line: N"" in file: ""common/religion/holy_site_types/N_holy_site_types.txt"" near line: N"
pdx_persistent_reader,1,"Error: ""There'X'county'X'c_inner_hebrides': county, near line: N"" in file: ""common/religion/holy_site_types/N_holy_site_types.txt"" near line: N"
pdx_persistent_reader,1,"Error: ""There'X'county'X'c_rama': county, near line: N"" in file: ""common/religion/holy_site_types/N_holy_site_types.txt"" near line: N"
pdx_persistent_reader,1,"Error: ""There'X'county'X'c_ragusa': county, near line: N"" in file: ""common/religion/holy_site_types/N_holy_site_types.txt"" near line: N"
pdx_persistent_reader,1,"Error: ""There'X'county'X'c_esztergom': county, near line: N"" in file: ""common/religion/holy_site_types/N_holy_site_types.txt"" near line: N"
pdx_persistent_reader,1,"Error: ""There'X'county'X'c_albi': county, near line: N"" in file: ""common/religion/holy_site_types/N_holy_site_types.txt"" near line: N"
pdx_persistent_reader,1,"Error: ""There'X'county'X'c_lyon': county, near line: N"" in file: ""common/religion/holy_site_types/N_holy_site_types.txt"" near line: N"
pdx_persistent_reader,1,"Error: ""There'X'county'X'c_mecca': county, near line: N"" in file: ""common/religion/holy_site_types/N_holy_site_types.txt"" near line: N"
pdx_persistent_reader,1,"Error: ""There'X'county'X'c_medina': county, near line: N"" in file: ""common/religion/holy_site_types/N_holy_site_types.txt"" near line: N"
pdx_persistent_reader,1,"Error: ""There'X'county'X'c_cordoba': county, near line: N"" in file: ""common/religion/holy_site_types/N_holy_site_types.txt"" near line: N"
pdx_persistent_reader,1,"Error: ""There'X'county'X'c_sinai': county, near line: N"" in file: ""common/religion/holy_site_types/N_holy_site_types.txt"" near line: N"
pdx_persistent_reader,1,"Error: ""There'X'county'X'c_tinmallal': county, near line: N"" in file: ""common/religion/holy_site_types/N_holy_site_types.txt"" near line: N"
pdx_persistent_reader,1,"Error: ""There'X'county'X'c_fes': county, near line: N"" in file: ""common/religion/holy_site_types/N_holy_site_types.txt"" near line: N"
pdx_persistent_reader,1,"Error: ""There'X'barony'X'b_subu': barony, near line: N"" in file: ""common/religion/holy_site_types/N_holy_site_types.txt"" near line: N"
pdx_persistent_reader,1,"Error: ""There'X'barony'X'b_an-najaf': barony, near line: N"" in file: ""common/religion/holy_site_types/N_holy_site_types.txt"" near line: N"
pdx_persistent_reader,1,"Error: ""There'X'county'X'c_damascus': county, near line: N"" in file: ""common/religion/holy_site_types/N_holy_site_types.txt"" near line: N"
pdx_persistent_reader,1,"Error: ""There'X'county'X'c_palmyra': county, near line: N"" in file: ""common/religion/holy_site_types/N_holy_site_types.txt"" near line: N"
pdx_persistent_reader,1,"Error: ""There'X'county'X'c_basra': county, near line: N"" in file: ""common/religion/holy_site_types/N_holy_site_types.txt"" near line: N"
pdx_persistent_reader,1,"Error: ""There'X'county'X'c_nizwa': county, near line: N"" in file: ""common/religion/holy_site_types/N_holy_site_types.txt"" near line: N"
pdx_persistent_reader,1,"Error: ""There'X'county'X'c_sijilmasa': county, near line: N"" in file: ""common/religion/holy_site_types/N_holy_site_types.txt"" near line: N"
pdx_persistent_reader,1,"Error: ""There'X'county'X'c_qatif': county, near line: N"" in file: ""common/religion/holy_site_types/N_holy_site_types.txt"" near line: N"
pdx_persistent_reader,1,"Error: ""There'X'county'X'c_yamama': county, near line: N"" in file: ""common/religion/holy_site_types/N_holy_site_types.txt"" near line: N"
pdx_persistent_reader,1,"Error: ""There'X'county'X'c_qom': county, near line: N"" in file: ""common/religion/holy_site_types/N_holy_site_types.txt"" near line: N"
pdx_persistent_reader,1,"Error: ""There'X'county'X'c_sinjar': county, near line: N"" in file: ""common/religion/holy_site_types/N_holy_site_types.txt"" near line: N"
pdx_persistent_reader,1,"Error: ""There'X'county'X'c_baalbek': county, near line: N"" in file: ""common/religion/holy_site_types/N_holy_site_types.txt"" near line: N"
pdx_persistent_reader,1,"Error: ""There'X'county'X'c_ninive': county, near line: N"" in file: ""common/religion/holy_site_types/N_holy_site_types.txt"" near line: N"
pdx_persistent_reader,1,"Error: ""There'X'county'X'c_mandestan': county, near line: N"" in file: ""common/religion/holy_site_types/N_holy_site_types.txt"" near line: N"
pdx_persistent_reader,1,"Error: ""There'X'county'X'c_bakharz': county, near line: N"" in file: ""common/religion/holy_site_types/N_holy_site_types.txt"" near line: N"
pdx_persistent_reader,1,"Error: ""There'X'county'X'c_semien': county, near line: N"" in file: ""common/religion/holy_site_types/N_holy_site_types.txt"" near line: N"
pdx_persistent_reader,1,"Error: ""There'X'county'X'c_acre': county, near line: N"" in file: ""common/religion/holy_site_types/N_holy_site_types.txt"" near line: N"
pdx_persistent_reader,1,"Error: ""There'X'barony'X'b_nablus': barony, near line: N"" in file: ""common/religion/holy_site_types/N_holy_site_types.txt"" near line: N"
pdx_persistent_reader,1,"Error: ""There'X'county'X'c_itil': county, near line: N"" in file: ""common/religion/holy_site_types/N_holy_site_types.txt"" near line: N"
pdx_persistent_reader,1,"Error: ""There'X'barony'X'b_kunjakari': barony, near line: N"" in file: ""common/religion/holy_site_types/N_holy_site_types.txt"" near line: N"
pdx_persistent_reader,1,"Error: ""There'X'county'X'c_manipur': county, near line: N"" in file: ""common/religion/holy_site_types/N_holy_site_types.txt"" near line: N"
pdx_persistent_reader,1,"Error: ""There'X'county'X'c_hamadan': county, near line: N"" in file: ""common/religion/holy_site_types/N_holy_site_types.txt"" near line: N"
pdx_persistent_reader,1,"Error: ""There'X'barony'X'b_hamadan': barony, near line: N"" in file: ""common/religion/holy_site_types/N_holy_site_types.txt"" near line: N"
pdx_persistent_reader,1,"Error: ""There'X'barony'X'b_al-hila': barony, near line: N"" in file: ""common/religion/holy_site_types/N_holy_site_types.txt"" near line: N"
pdx_persistent_reader,1,"Error: ""There'X'county'X'c_ahvaz': county, near line: N"" in file: ""common/religion/holy_site_types/N_holy_site_types.txt"" near line: N"
pdx_persistent_reader,1,"Error: ""There'X'county'X'c_samarkand': county, near line: N"" in file: ""common/religion/holy_site_types/N_holy_site_types.txt"" near line: N"
pdx_persistent_reader,1,"Error: ""There'X'county'X'c_udabhanda': county, near line: N"" in file: ""common/religion/holy_site_types/N_holy_site_types.txt"" near line: N"
pdx_persistent_reader,1,"Error: ""There'X'county'X'c_cairo': county, near line: N"" in file: ""common/religion/holy_site_types/N_holy_site_types.txt"" near line: N"
pdx_persistent_reader,1,"Error: ""There'X'barony'X'b_hulwan-cairo': barony, near line: N"" in file: ""common/religion/holy_site_types/N_holy_site_types.txt"" near line: N"
pdx_persistent_reader,1,"Error: ""There'X'county'X'c_gaya': county, near line: N"" in file: ""common/religion/holy_site_types/N_holy_site_types.txt"" near line: N"
pdx_persistent_reader,1,"Error: ""There'X'county'X'c_lumbini': county, near line: N"" in file: ""common/religion/holy_site_types/N_holy_site_types.txt"" near line: N"
pdx_persistent_reader,1,"Error: ""There'X'county'X'c_vidisa': county, near line: N"" in file: ""common/religion/holy_site_types/N_holy_site_types.txt"" near line: N"
pdx_persistent_reader,1,"Error: ""There'X'barony'X'b_sanchi': barony, near line: N"" in file: ""common/religion/holy_site_types/N_holy_site_types.txt"" near line: N"
pdx_persistent_reader,1,"Error: ""There'X'county'X'c_sagya': county, near line: N"" in file: ""common/religion/holy_site_types/N_holy_site_types.txt"" near line: N"
pdx_persistent_reader,1,"Error: ""There'X'county'X'c_dagon': county, near line: N"" in file: ""common/religion/holy_site_types/N_holy_site_types.txt"" near line: N"
pdx_persistent_reader,1,"Error: ""There'X'county'X'c_ava': county, near line: N"" in file: ""common/religion/holy_site_types/N_holy_site_types.txt"" near line: N"
pdx_persistent_reader,1,"Error: ""There'X'county'X'c_sittaung': county, near line: N"" in file: ""common/religion/holy_site_types/N_holy_site_types.txt"" near line: N"
pdx_persistent_reader,1,"Error: ""There'X'county'X'c_phiti': county, near line: N"" in file: ""common/religion/holy_site_types/N_holy_site_types.txt"" near line: N"
pdx_persistent_reader,1,"Error: ""There'X'county'X'c_nallamala': county, near line: N"" in file: ""common/religion/holy_site_types/N_holy_site_types.txt"" near line: N"
pdx_persistent_reader,1,"Error: ""There'X'county'X'c_ayodhya': county, near line: N"" in file: ""common/religion/holy_site_types/N_holy_site_types.txt"" near line: N"
pdx_persistent_reader,1,"Error: ""There'X'county'X'c_mathura': county, near line: N"" in file: ""common/religion/holy_site_types/N_holy_site_types.txt"" near line: N"
pdx_persistent_reader,1,"Error: ""There'X'county'X'c_sthanisvara': county, near line: N"" in file: ""common/religion/holy_site_types/N_holy_site_types.txt"" near line: N"
pdx_persistent_reader,1,"Error: ""There'X'county'X'c_kanchipuram': county, near line: N"" in file: ""common/religion/holy_site_types/N_holy_site_types.txt"" near line: N"
pdx_persistent_reader,1,"Error: ""There'X'county'X'c_ujjayini': county, near line: N"" in file: ""common/religion/holy_site_types/N_holy_site_types.txt"" near line: N"
pdx_persistent_reader,1,"Error: ""There'X'county'X'c_dvaraka': county, near line: N"" in file: ""common/religion/holy_site_types/N_holy_site_types.txt"" near line: N"
pdx_persistent_reader,1,"Error: ""There'X'county'X'c_puri': county, near line: N"" in file: ""common/religion/holy_site_types/N_holy_site_types.txt"" near line: N"
pdx_persistent_reader,1,"Error: ""There'X'barony'X'b_uttarkashi': barony, near line: N"" in file: ""common/religion/holy_site_types/N_holy_site_types.txt"" near line: N"
pdx_persistent_reader,1,"Error: ""There'X'county'X'c_banavasi': county, near line: N"" in file: ""common/religion/holy_site_types/N_holy_site_types.txt"" near line: N"
pdx_persistent_reader,1,"Error: ""There'X'barony'X'b_shringeri': barony, near line: N"" in file: ""common/religion/holy_site_types/N_holy_site_types.txt"" near line: N"
pdx_persistent_reader,1,"Error: ""There'X'county'X'c_kataka': county, near line: N"" in file: ""common/religion/holy_site_types/N_holy_site_types.txt"" near line: N"
pdx_persistent_reader,1,"Error: ""There'X'barony'X'b_konarak': barony, near line: N"" in file: ""common/religion/holy_site_types/N_holy_site_types.txt"" near line: N"
pdx_persistent_reader,1,"Error: ""There'X'barony'X'b_JAV_Borobodur': barony, near line: N"" in file: ""common/religion/holy_site_types/N_holy_site_types.txt"" near line: N"
pdx_persistent_reader,1,"Error: ""There'X'county'X'c_SUM_muara_takus': county, near line: N"" in file: ""common/religion/holy_site_types/N_holy_site_types.txt"" near line: N"
pdx_persistent_reader,1,"Error: ""There'X'barony'X'b_SUM_Muara_Takus': barony, near line: N"" in file: ""common/religion/holy_site_types/N_holy_site_types.txt"" near line: N"
pdx_persistent_reader,1,"Error: ""There'X'county'X'c_prea_vihear': county, near line: N"" in file: ""common/religion/holy_site_types/N_holy_site_types.txt"" near line: N"
pdx_persistent_reader,1,"Error: ""There'X'barony'X'b_prea_vihear': barony, near line: N"" in file: ""common/religion/holy_site_types/N_holy_site_types.txt"" near line: N"
pdx_persistent_reader,1,"Error: ""There'X'county'X'c_indrapura': county, near line: N"" in file: ""common/religion/holy_site_types/N_holy_site_types.txt"" near line: N"
pdx_persistent_reader,1,"Error: ""There'X'barony'X'b_my_son': barony, near line: N"" in file: ""common/religion/holy_site_types/N_holy_site_types.txt"" near line: N"
pdx_persistent_reader,1,"Error: ""There'X'county'X'c_SUM_palembang': county, near line: N"" in file: ""common/religion/holy_site_types/N_holy_site_types.txt"" near line: N"
pdx_persistent_reader,1,"Error: ""There'X'barony'X'b_SUM_Musi': barony, near line: N"" in file: ""common/religion/holy_site_types/N_holy_site_types.txt"" near line: N"
pdx_persistent_reader,1,"Error: ""There'X'county'X'c_lop_buri': county, near line: N"" in file: ""common/religion/holy_site_types/N_holy_site_types.txt"" near line: N"
pdx_persistent_reader,1,"Error: ""There'X'barony'X'b_sri_thep': barony, near line: N"" in file: ""common/religion/holy_site_types/N_holy_site_types.txt"" near line: N"
pdx_persistent_reader,1,"Error: ""There'X'barony'X'b_pagan': barony, near line: N"" in file: ""common/religion/holy_site_types/N_holy_site_types.txt"" near line: N"
pdx_persistent_reader,1,"Error: ""There'X'county'X'c_somnath': county, near line: N"" in file: ""common/religion/holy_site_types/N_holy_site_types.txt"" near line: N"
pdx_persistent_reader,1,"Error: ""There'X'county'X'c_radha': county, near line: N"" in file: ""common/religion/holy_site_types/N_holy_site_types.txt"" near line: N"
pdx_persistent_reader,1,"Error: ""There'X'county'X'c_naddula': county, near line: N"" in file: ""common/religion/holy_site_types/N_holy_site_types.txt"" near line: N"
pdx_persistent_reader,1,"Error: ""There'X'county'X'c_kongu': county, near line: N"" in file: ""common/religion/holy_site_types/N_holy_site_types.txt"" near line: N"
pdx_persistent_reader,1,"Error: ""There'X'county'X'c_itanagar': county, near line: N"" in file: ""common/religion/holy_site_types/N_holy_site_types.txt"" near line: N"
pdx_persistent_reader,1,"Error: ""There'X'county'X'c_pemako': county, near line: N"" in file: ""common/religion/holy_site_types/N_holy_site_types.txt"" near line: N"
pdx_persistent_reader,1,"Error: ""There'X'county'X'c_rima': county, near line: N"" in file: ""common/religion/holy_site_types/N_holy_site_types.txt"" near line: N"
pdx_persistent_reader,1,"Error: ""There'X'county'X'c_tezu': county, near line: N"" in file: ""common/religion/holy_site_types/N_holy_site_types.txt"" near line: N"
pdx_persistent_reader,1,"Error: ""There'X'county'X'c_kathmandu': county, near line: N"" in file: ""common/religion/holy_site_types/N_holy_site_types.txt"" near line: N"
pdx_persistent_reader,1,"Error: ""There'X'county'X'c_ilam': county, near line: N"" in file: ""common/religion/holy_site_types/N_holy_site_types.txt"" near line: N"
pdx_persistent_reader,1,"Error: ""There'X'county'X'c_jumla': county, near line: N"" in file: ""common/religion/holy_site_types/N_holy_site_types.txt"" near line: N"
pdx_persistent_reader,1,"Error: ""There'X'county'X'c_hanzhou': county, near line: N"" in file: ""common/religion/holy_site_types/N_holy_site_types.txt"" near line: N"
pdx_persistent_reader,1,"Error: ""There'X'county'X'c_ngawa': county, near line: N"" in file: ""common/religion/holy_site_types/N_holy_site_types.txt"" near line: N"
pdx_persistent_reader,1,"Error: ""There'X'county'X'c_chakla': county, near line: N"" in file: ""common/religion/holy_site_types/N_holy_site_types.txt"" near line: N"
pdx_persistent_reader,1,"Error: ""There'X'county'X'c_gyaitang': county, near line: N"" in file: ""common/religion/holy_site_types/N_holy_site_types.txt"" near line: N"
pdx_persistent_reader,1,"Error: ""There'X'county'X'c_rebgong': county, near line: N"" in file: ""common/religion/holy_site_types/N_holy_site_types.txt"" near line: N"
pdx_persistent_reader,1,"Error: ""There'X'county'X'c_lingzhou': county, near line: N"" in file: ""common/religion/holy_site_types/N_holy_site_types.txt"" near line: N"
pdx_persistent_reader,1,"Error: ""There'X'county'X'c_tongcheng': county, near line: N"" in file: ""common/religion/holy_site_types/N_holy_site_types.txt"" near line: N"
pdx_persistent_reader,1,"Error: ""There'X'county'X'c_alxa': county, near line: N"" in file: ""common/religion/holy_site_types/N_holy_site_types.txt"" near line: N"
pdx_persistent_reader,1,"Error: ""There'X'county'X'c_yazd': county, near line: N"" in file: ""common/religion/holy_site_types/N_holy_site_types.txt"" near line: N"
pdx_persistent_reader,1,"Error: ""There'X'county'X'c_riqan': county, near line: N"" in file: ""common/religion/holy_site_types/N_holy_site_types.txt"" near line: N"
pdx_persistent_reader,1,"Error: ""There'X'county'X'c_irahistan': county, near line: N"" in file: ""common/religion/holy_site_types/N_holy_site_types.txt"" near line: N"
pdx_persistent_reader,1,"Error: ""There'X'barony'X'b_kariyan': barony, near line: N"" in file: ""common/religion/holy_site_types/N_holy_site_types.txt"" near line: N"
pdx_persistent_reader,1,"Error: ""There'X'barony'X'b_rivand': barony, near line: N"" in file: ""common/religion/holy_site_types/N_holy_site_types.txt"" near line: N"
pdx_persistent_reader,1,"Error: ""There'X'county'X'c_wakhsh': county, near line: N"" in file: ""common/religion/holy_site_types/N_holy_site_types.txt"" near line: N"
pdx_persistent_reader,1,"Error: ""There'X'barony'X'b_awzaj': barony, near line: N"" in file: ""common/religion/holy_site_types/N_holy_site_types.txt"" near line: N"
pdx_persistent_reader,1,"Error: ""There'X'county'X'c_urmiya': county, near line: N"" in file: ""common/religion/holy_site_types/N_holy_site_types.txt"" near line: N"
pdx_persistent_reader,1,"Error: ""There'X'barony'X'b_firrim': barony, near line: N"" in file: ""common/religion/holy_site_types/N_holy_site_types.txt"" near line: N"
pdx_persistent_reader,1,"Error: ""There'X'county'X'c_tabriz': county, near line: N"" in file: ""common/religion/holy_site_types/N_holy_site_types.txt"" near line: N"
pdx_persistent_reader,1,"Error: ""There'X'barony'X'b_ahar': barony, near line: N"" in file: ""common/religion/holy_site_types/N_holy_site_types.txt"" near line: N"
pdx_persistent_reader,1,"Error: ""There'X'barony'X'b_an-nahrawan': barony, near line: N"" in file: ""common/religion/holy_site_types/N_holy_site_types.txt"" near line: N"
pdx_persistent_reader,1,"Error: ""There'X'county'X'c_hayk': county, near line: N"" in file: ""common/religion/holy_site_types/N_holy_site_types.txt"" near line: N"
pdx_persistent_reader,1,"Error: ""There'X'barony'X'b_ani': barony, near line: N"" in file: ""common/religion/holy_site_types/N_holy_site_types.txt"" near line: N"
pdx_persistent_reader,1,"Error: ""There'X'county'X'c_kurdar': county, near line: N"" in file: ""common/religion/holy_site_types/N_holy_site_types.txt"" near line: N"
pdx_persistent_reader,1,"Error: ""There'X'barony'X'b_mizdahqan': barony, near line: N"" in file: ""common/religion/holy_site_types/N_holy_site_types.txt"" near line: N"
pdx_persistent_reader,1,"Error: ""There'X'county'X'c_dunhuang': county, near line: N"" in file: ""common/religion/holy_site_types/N_holy_site_types.txt"" near line: N"
pdx_persistent_reader,1,"Error: ""There'X'county'X'c_upland': county, near line: N"" in file: ""common/religion/holy_site_types/N_holy_site_types.txt"" near line: N"
pdx_persistent_reader,1,"Error: ""There'X'county'X'c_sjaelland': county, near line: N"" in file: ""common/religion/holy_site_types/N_holy_site_types.txt"" near line: N"
pdx_persistent_reader,1,"Error: ""There'X'county'X'c_paderborn': county, near line: N"" in file: ""common/religion/holy_site_types/N_holy_site_types.txt"" near line: N"
pdx_persistent_reader,1,"Error: ""There'X'county'X'c_zeeland': county, near line: N"" in file: ""common/religion/holy_site_types/N_holy_site_types.txt"" near line: N"
pdx_persistent_reader,1,"Error: ""There'X'county'X'c_trandheim': county, near line: N"" in file: ""common/religion/holy_site_types/N_holy_site_types.txt"" near line: N"
pdx_persistent_reader,1,"Error: ""There'X'county'X'c_north_riding': county, near line: N"" in file: ""common/religion/holy_site_types/N_holy_site_types.txt"" near line: N"
pdx_persistent_reader,1,"Error: ""There'X'barony'X'b_yarlestre': barony, near line: N"" in file: ""common/religion/holy_site_types/N_holy_site_types.txt"" near line: N"
pdx_persistent_reader,1,"Error: ""There'X'county'X'c_kakisalmi': county, near line: N"" in file: ""common/religion/holy_site_types/N_holy_site_types.txt"" near line: N"
pdx_persistent_reader,1,"Error: ""There'X'county'X'c_osel': county, near line: N"" in file: ""common/religion/holy_site_types/N_holy_site_types.txt"" near line: N"
pdx_persistent_reader,1,"Error: ""There'X'barony'X'b_hiiumaa': barony, near line: N"" in file: ""common/religion/holy_site_types/N_holy_site_types.txt"" near line: N"
pdx_persistent_reader,1,"Error: ""There'X'county'X'c_akkel': county, near line: N"" in file: ""common/religion/holy_site_types/N_holy_site_types.txt"" near line: N"
pdx_persistent_reader,1,"Error: ""There'X'county'X'c_perm': county, near line: N"" in file: ""common/religion/holy_site_types/N_holy_site_types.txt"" near line: N"
pdx_persistent_reader,1,"Error: ""There'X'county'X'c_novgorod': county, near line: N"" in file: ""common/religion/holy_site_types/N_holy_site_types.txt"" near line: N"
pdx_persistent_reader,1,"Error: ""There'X'barony'X'b_soltsy': barony, near line: N"" in file: ""common/religion/holy_site_types/N_holy_site_types.txt"" near line: N"
pdx_persistent_reader,1,"Error: ""There'X'county'X'c_barlad': county, near line: N"" in file: ""common/religion/holy_site_types/N_holy_site_types.txt"" near line: N"
pdx_persistent_reader,1,"Error: ""There'X'county'X'c_plocka': county, near line: N"" in file: ""common/religion/holy_site_types/N_holy_site_types.txt"" near line: N"
pdx_persistent_reader,1,"Error: ""There'X'county'X'c_zemigalians': county, near line: N"" in file: ""common/religion/holy_site_types/N_holy_site_types.txt"" near line: N"
pdx_persistent_reader,1,"Error: ""There'X'barony'X'b_dobele': barony, near line: N"" in file: ""common/religion/holy_site_types/N_holy_site_types.txt"" near line: N"
pdx_persistent_reader,1,"Error: ""There'X'county'X'c_torun': county, near line: N"" in file: ""common/religion/holy_site_types/N_holy_site_types.txt"" near line: N"
pdx_persistent_reader,1,"Error: ""There'X'county'X'c_braslau': county, near line: N"" in file: ""common/religion/holy_site_types/N_holy_site_types.txt"" near line: N"
pdx_persistent_reader,1,"Error: ""There'X'county'X'c_rugen': county, near line: N"" in file: ""common/religion/holy_site_types/N_holy_site_types.txt"" near line: N"
pdx_persistent_reader,1,"Error: ""There'X'county'X'c_visegrad': county, near line: N"" in file: ""common/religion/holy_site_types/N_holy_site_types.txt"" near line: N"
pdx_persistent_reader,1,"Error: ""There'X'barony'X'b_pest': barony, near line: N"" in file: ""common/religion/holy_site_types/N_holy_site_types.txt"" near line: N"
pdx_persistent_reader,1,"Error: ""There'X'county'X'c_odessa': county, near line: N"" in file: ""common/religion/holy_site_types/N_holy_site_types.txt"" near line: N"
pdx_persistent_reader,1,"Error: ""There'X'barony'X'b_olbia_ETEL': barony, near line: N"" in file: ""common/religion/holy_site_types/N_holy_site_types.txt"" near line: N"
pdx_persistent_reader,1,"Error: ""There'X'county'X'c_poszony': county, near line: N"" in file: ""common/religion/holy_site_types/N_holy_site_types.txt"" near line: N"
pdx_persistent_reader,1,"Error: ""There'X'county'X'c_sarysyn': county, near line: N"" in file: ""common/religion/holy_site_types/N_holy_site_types.txt"" near line: N"
pdx_persistent_reader,1,"Error: ""There'X'county'X'c_karakorum': county, near line: N"" in file: ""common/religion/holy_site_types/N_holy_site_types.txt"" near line: N"
pdx_persistent_reader,1,"Error: ""There'X'county'X'c_qayaliq': county, near line: N"" in file: ""common/religion/holy_site_types/N_holy_site_types.txt"" near line: N"
pdx_persistent_reader,1,"Error: ""There'X'county'X'c_tavan_bogd': county, near line: N"" in file: ""common/religion/holy_site_types/N_holy_site_types.txt"" near line: N"
pdx_persistent_reader,1,"Error: ""There'X'county'X'c_dorostorum': county, near line: N"" in file: ""common/religion/holy_site_types/N_holy_site_types.txt"" near line: N"
pdx_persistent_reader,1,"Error: ""There'X'county'X'c_attica': county, near line: N"" in file: ""common/religion/holy_site_types/N_holy_site_types.txt"" near line: N"
pdx_persistent_reader,1,"Error: ""There'X'county'X'c_thessalia': county, near line: N"" in file: ""common/religion/holy_site_types/N_holy_site_types.txt"" near line: N"
pdx_persistent_reader,1,"Error: ""There'X'barony'X'b_servia': barony, near line: N"" in file: ""common/religion/holy_site_types/N_holy_site_types.txt"" near line: N"
pdx_persistent_reader,1,"Error: ""There'X'county'X'c_laconia': county, near line: N"" in file: ""common/religion/holy_site_types/N_holy_site_types.txt"" near line: N"
pdx_persistent_reader,1,"Error: ""There'X'county'X'c_kabul': county, near line: N"" in file: ""common/religion/holy_site_types/N_holy_site_types.txt"" near line: N"
pdx_persistent_reader,1,"Error: ""There'X'county'X'c_multan': county, near line: N"" in file: ""common/religion/holy_site_types/N_holy_site_types.txt"" near line: N"
pdx_persistent_reader,1,"Error: ""There'X'county'X'c_bost': county, near line: N"" in file: ""common/religion/holy_site_types/N_holy_site_types.txt"" near line: N"
pdx_persistent_reader,1,"Error: ""There'X'county'X'c_khotan': county, near line: N"" in file: ""common/religion/holy_site_types/N_holy_site_types.txt"" near line: N"
pdx_persistent_reader,1,"Error: ""There'X'barony'X'b_lafak': barony, near line: N"" in file: ""common/religion/holy_site_types/N_holy_site_types.txt"" near line: N"
pdx_persistent_reader,1,"Error: ""There'X'county'X'c_balkh': county, near line: N"" in file: ""common/religion/holy_site_types/N_holy_site_types.txt"" near line: N"
pdx_persistent_reader,1,"Error: ""There'X'county'X'c_lhasa': county, near line: N"" in file: ""common/religion/holy_site_types/N_holy_site_types.txt"" near line: N"
pdx_persistent_reader,1,"Error: ""There'X'barony'X'b_lhasa': barony, near line: N"" in file: ""common/religion/holy_site_types/N_holy_site_types.txt"" near line: N"
pdx_persistent_reader,1,"Error: ""There'X'county'X'c_purang': county, near line: N"" in file: ""common/religion/holy_site_types/N_holy_site_types.txt"" near line: N"
pdx_persistent_reader,1,"Error: ""There'X'county'X'c_tyumen': county, near line: N"" in file: ""common/religion/holy_site_types/N_holy_site_types.txt"" near line: N"
pdx_persistent_reader,1,"Error: ""There'X'county'X'c_kazym': county, near line: N"" in file: ""common/religion/holy_site_types/N_holy_site_types.txt"" near line: N"
pdx_persistent_reader,1,"Error: ""There'X'county'X'c_ob': county, near line: N"" in file: ""common/religion/holy_site_types/N_holy_site_types.txt"" near line: N"
pdx_persistent_reader,1,"Error: ""There'X'county'X'c_olkhon': county, near line: N"" in file: ""common/religion/holy_site_types/N_holy_site_types.txt"" near line: N"
pdx_persistent_reader,1,"Error: ""There'X'county'X'c_viscaya': county, near line: N"" in file: ""common/religion/holy_site_types/N_holy_site_types.txt"" near line: N"
pdx_persistent_reader,1,"Error: ""There'X'county'X'c_alto_aragon': county, near line: N"" in file: ""common/religion/holy_site_types/N_holy_site_types.txt"" near line: N"
pdx_persistent_reader,1,"Error: ""There'X'county'X'c_bordeaux': county, near line: N"" in file: ""common/religion/holy_site_types/N_holy_site_types.txt"" near line: N"
pdx_persistent_reader,1,"Error: ""There'X'county'X'c_awkar': county, near line: N"" in file: ""common/religion/holy_site_types/N_holy_site_types.txt"" near line: N"
pdx_persistent_reader,1,"Error: ""There'X'county'X'c_jenne': county, near line: N"" in file: ""common/religion/holy_site_types/N_holy_site_types.txt"" near line: N"
pdx_persistent_reader,1,"Error: ""There'X'county'X'c_niani': county, near line: N"" in file: ""common/religion/holy_site_types/N_holy_site_types.txt"" near line: N"
pdx_persistent_reader,1,"Error: ""There'X'county'X'c_kukiya': county, near line: N"" in file: ""common/religion/holy_site_types/N_holy_site_types.txt"" near line: N"
pdx_persistent_reader,1,"Error: ""There'X'county'X'c_wadan': county, near line: N"" in file: ""common/religion/holy_site_types/N_holy_site_types.txt"" near line: N"
pdx_persistent_reader,1,"Error: ""There'X'county'X'c_daura': county, near line: N"" in file: ""common/religion/holy_site_types/N_holy_site_types.txt"" near line: N"
pdx_persistent_reader,1,"Error: ""There'X'county'X'c_garumele': county, near line: N"" in file: ""common/religion/holy_site_types/N_holy_site_types.txt"" near line: N"
pdx_persistent_reader,1,"Error: ""There'X'county'X'c_igbo': county, near line: N"" in file: ""common/religion/holy_site_types/N_holy_site_types.txt"" near line: N"
pdx_persistent_reader,1,"Error: ""There'X'county'X'c_el_fasher': county, near line: N"" in file: ""common/religion/holy_site_types/N_holy_site_types.txt"" near line: N"
pdx_persistent_reader,1,"Error: ""There'X'county'X'c_wandala': county, near line: N"" in file: ""common/religion/holy_site_types/N_holy_site_types.txt"" near line: N"
pdx_persistent_reader,1,"Error: ""There'X'county'X'c_kisi': county, near line: N"" in file: ""common/religion/holy_site_types/N_holy_site_types.txt"" near line: N"
pdx_persistent_reader,1,"Error: ""There'X'county'X'c_sherbro': county, near line: N"" in file: ""common/religion/holy_site_types/N_holy_site_types.txt"" near line: N"
pdx_persistent_reader,1,"Error: ""There'X'county'X'c_kayor': county, near line: N"" in file: ""common/religion/holy_site_types/N_holy_site_types.txt"" near line: N"
pdx_persistent_reader,1,"Error: ""There'X'county'X'c_kasa': county, near line: N"" in file: ""common/religion/holy_site_types/N_holy_site_types.txt"" near line: N"
pdx_persistent_reader,1,"Error: ""There'X'county'X'c_bono': county, near line: N"" in file: ""common/religion/holy_site_types/N_holy_site_types.txt"" near line: N"
pdx_persistent_reader,1,"Error: ""There'X'county'X'c_kumasi': county, near line: N"" in file: ""common/religion/holy_site_types/N_holy_site_types.txt"" near line: N"
pdx_persistent_reader,1,"Error: ""There'X'county'X'c_ife': county, near line: N"" in file: ""common/religion/holy_site_types/N_holy_site_types.txt"" near line: N"
pdx_persistent_reader,1,"Error: ""There'X'county'X'c_nikki': county, near line: N"" in file: ""common/religion/holy_site_types/N_holy_site_types.txt"" near line: N"
pdx_persistent_reader,1,"Error: ""There'X'county'X'c_aswan': county, near line: N"" in file: ""common/religion/holy_site_types/N_holy_site_types.txt"" near line: N"
pdx_persistent_reader,1,"Error: ""There'X'county'X'c_wadi_el-milk': county, near line: N"" in file: ""common/religion/holy_site_types/N_holy_site_types.txt"" near line: N"
pdx_persistent_reader,1,"Error: ""There'X'county'X'c_naqis': county, near line: N"" in file: ""common/religion/holy_site_types/N_holy_site_types.txt"" near line: N"
pdx_persistent_reader,1,"Error: ""There'X'county'X'c_sennar': county, near line: N"" in file: ""common/religion/holy_site_types/N_holy_site_types.txt"" near line: N"
pdx_persistent_reader,1,"Error: ""There'X'county'X'c_canarias': county, near line: N"" in file: ""common/religion/holy_site_types/N_holy_site_types.txt"" near line: N"
pdx_persistent_reader,1,"Error: ""There'X'barony'X'b_tenerife': barony, near line: N"" in file: ""common/religion/holy_site_types/N_holy_site_types.txt"" near line: N"
pdx_persistent_reader,1,"Error: ""There'X'county'X'c_murcia': county, near line: N"" in file: ""common/religion/holy_site_types/N_holy_site_types.txt"" near line: N"
pdx_persistent_reader,1,"Error: ""There'X'barony'X'b_cartagena': barony, near line: N"" in file: ""common/religion/holy_site_types/N_holy_site_types.txt"" near line: N"
pdx_persistent_reader,1,"Error: ""There'X'county'X'c_madeira': county, near line: N"" in file: ""common/religion/holy_site_types/N_holy_site_types.txt"" near line: N"
pdx_persistent_reader,1,"Error: ""There'X'county'X'c_danakil': county, near line: N"" in file: ""common/religion/holy_site_types/N_holy_site_types.txt"" near line: N"
pdx_persistent_reader,1,"Error: ""There'X'county'X'c_kaffa': county, near line: N"" in file: ""common/religion/holy_site_types/N_holy_site_types.txt"" near line: N"
pdx_persistent_reader,1,"Error: ""There'X'county'X'c_harar': county, near line: N"" in file: ""common/religion/holy_site_types/N_holy_site_types.txt"" near line: N"
pdx_persistent_reader,1,"Error: ""There'X'county'X'c_makhir': county, near line: N"" in file: ""common/religion/holy_site_types/N_holy_site_types.txt"" near line: N"
pdx_persistent_reader,1,"Error: ""There'X'county'X'c_mogadishu': county, near line: N"" in file: ""common/religion/holy_site_types/N_holy_site_types.txt"" near line: N"
pdx_persistent_reader,1,"Error: ""There'X'county'X'c_kirinyaga': county, near line: N"" in file: ""common/religion/holy_site_types/N_holy_site_types.txt"" near line: N"
pdx_persistent_reader,1,"Error: ""There'X'county'X'c_mombasa': county, near line: N"" in file: ""common/religion/holy_site_types/N_holy_site_types.txt"" near line: N"
pdx_persistent_reader,1,"Error: ""There'X'barony'X'b_mtwapa': barony, near line: N"" in file: ""common/religion/holy_site_types/N_holy_site_types.txt"" near line: N"
pdx_persistent_reader,1,"Error: ""There'X'county'X'c_kilimanjaro': county, near line: N"" in file: ""common/religion/holy_site_types/N_holy_site_types.txt"" near line: N"
pdx_persistent_reader,1,"Error: ""There'X'county'X'c_gilgit': county, near line: N"" in file: ""common/religion/holy_site_types/N_holy_site_types.txt"" near line: N"
pdx_persistent_reader,1,"Error: ""There'X'county'X'c_nakkavaram': county, near line: N"" in file: ""common/religion/holy_site_types/N_holy_site_types.txt"" near line: N"
pdx_persistent_reader,1,"Error: ""There'X'county'X'c_andamans': county, near line: N"" in file: ""common/religion/holy_site_types/N_holy_site_types.txt"" near line: N"
pdx_persistent_reader,1,"Error: ""There'X'county'X'c_suzhou': county, near line: N"" in file: ""common/religion/holy_site_types/N_holy_site_types.txt"" near line: N"
pdx_persistent_reader,1,"Error: ""There'X'county'X'c_shuozhou': county, near line: N"" in file: ""common/religion/holy_site_types/N_holy_site_types.txt"" near line: N"
pdx_persistent_reader,1,"Error: ""There'X'county'X'c_jianchang': county, near line: N"" in file: ""common/religion/holy_site_types/N_holy_site_types.txt"" near line: N"
pdx_persistent_reader,1,"Error: ""There'X'barony'X'b_nancheng': barony, near line: N"" in file: ""common/religion/holy_site_types/N_holy_site_types.txt"" near line: N"
pdx_persistent_reader,1,"Error: ""There'X'county'X'c_chengdu': county, near line: N"" in file: ""common/religion/holy_site_types/N_holy_site_types.txt"" near line: N"
pdx_persistent_reader,1,"Error: ""There'X'county'X'c_yunzhou': county, near line: N"" in file: ""common/religion/holy_site_types/N_holy_site_types.txt"" near line: N"
pdx_persistent_reader,1,"Error: ""There'X'county'X'c_taiyuan': county, near line: N"" in file: ""common/religion/holy_site_types/N_holy_site_types.txt"" near line: N"
pdx_persistent_reader,1,"Error: ""There'X'county'X'c_dengzhou': county, near line: N"" in file: ""common/religion/holy_site_types/N_holy_site_types.txt"" near line: N"
pdx_persistent_reader,1,"Error: ""There'X'county'X'c_junzhou': county, near line: N"" in file: ""common/religion/holy_site_types/N_holy_site_types.txt"" near line: N"
pdx_persistent_reader,1,"Error: ""There'X'county'X'c_shezhou': county, near line: N"" in file: ""common/religion/holy_site_types/N_holy_site_types.txt"" near line: N"
pdx_persistent_reader,1,"Error: ""There'X'county'X'c_bozhou': county, near line: N"" in file: ""common/religion/holy_site_types/N_holy_site_types.txt"" near line: N"
pdx_persistent_reader,1,"Error: ""There'X'barony'X'b_luyi': barony, near line: N"" in file: ""common/religion/holy_site_types/N_holy_site_types.txt"" near line: N"
pdx_persistent_reader,1,"Error: ""There'X'county'X'c_iyo': county, near line: N"" in file: ""common/religion/holy_site_types/N_holy_site_types.txt"" near line: N"
pdx_persistent_reader,1,"Error: ""There'X'barony'X'b_ishizuchi': barony, near line: N"" in file: ""common/religion/holy_site_types/N_holy_site_types.txt"" near line: N"
pdx_persistent_reader,1,"Error: ""There'X'county'X'c_suruga': county, near line: N"" in file: ""common/religion/holy_site_types/N_holy_site_types.txt"" near line: N"
pdx_persistent_reader,1,"Error: ""There'X'barony'X'b_fuji': barony, near line: N"" in file: ""common/religion/holy_site_types/N_holy_site_types.txt"" near line: N"
pdx_persistent_reader,1,"Error: ""There'X'county'X'c_kaga': county, near line: N"" in file: ""common/religion/holy_site_types/N_holy_site_types.txt"" near line: N"
pdx_persistent_reader,1,"Error: ""There'X'barony'X'b_haku': barony, near line: N"" in file: ""common/religion/holy_site_types/N_holy_site_types.txt"" near line: N"
pdx_persistent_reader,1,"Error: ""There'X'county'X'c_ise': county, near line: N"" in file: ""common/religion/holy_site_types/N_holy_site_types.txt"" near line: N"
pdx_persistent_reader,1,"Error: ""There'X'barony'X'b_ise_jingu': barony, near line: N"" in file: ""common/religion/holy_site_types/N_holy_site_types.txt"" near line: N"
pdx_persistent_reader,1,"Error: ""There'X'county'X'c_kii': county, near line: N"" in file: ""common/religion/holy_site_types/N_holy_site_types.txt"" near line: N"
pdx_persistent_reader,1,"Error: ""There'X'barony'X'b_kongobu_ji': barony, near line: N"" in file: ""common/religion/holy_site_types/N_holy_site_types.txt"" near line: N"
pdx_persistent_reader,1,"Error: ""There'X'county'X'c_tokisara': county, near line: N"" in file: ""common/religion/holy_site_types/N_holy_site_types.txt"" near line: N"
pdx_persistent_reader,1,"Error: ""There'X'barony'X'b_tokisara': barony, near line: N"" in file: ""common/religion/holy_site_types/N_holy_site_types.txt"" near line: N"
pdx_persistent_reader,1,"Error: ""There'X'county'X'c_aki': county, near line: N"" in file: ""common/religion/holy_site_types/N_holy_site_types.txt"" near line: N"
pdx_persistent_reader,1,"Error: ""There'X'barony'X'b_itsukushima': barony, near line: N"" in file: ""common/religion/holy_site_types/N_holy_site_types.txt"" near line: N"
pdx_persistent_reader,1,"Error: ""There'X'county'X'c_buzen': county, near line: N"" in file: ""common/religion/holy_site_types/N_holy_site_types.txt"" near line: N"
pdx_persistent_reader,1,"Error: ""There'X'barony'X'b_usa': barony, near line: N"" in file: ""common/religion/holy_site_types/N_holy_site_types.txt"" near line: N"
pdx_persistent_reader,1,"Error: ""There'X'barony'X'b_dengfeng': barony, near line: N"" in file: ""common/religion/holy_site_types/N_holy_site_types.txt"" near line: N"
pdx_persistent_reader,1,"Error: ""There'X'county'X'c_hangzhou': county, near line: N"" in file: ""common/religion/holy_site_types/N_holy_site_types.txt"" near line: N"
pdx_persistent_reader,1,"Error: ""There'X'county'X'c_daizhou': county, near line: N"" in file: ""common/religion/holy_site_types/N_holy_site_types.txt"" near line: N"
pdx_persistent_reader,1,"Error: ""There'X'county'X'c_jiazhou': county, near line: N"" in file: ""common/religion/holy_site_types/N_holy_site_types.txt"" near line: N"
pdx_persistent_reader,1,"Error: ""There'X'county'X'c_chizhou': county, near line: N"" in file: ""common/religion/holy_site_types/N_holy_site_types.txt"" near line: N"
pdx_persistent_reader,1,"Error: ""There'X'county'X'c_yuezhou_N': county, near line: N"" in file: ""common/religion/holy_site_types/N_holy_site_types.txt"" near line: N"
pdx_persistent_reader,1,"Error: ""There'X'county'X'c_SuMa_wenang': county, near line: N"" in file: ""common/religion/holy_site_types/N_holy_site_types.txt"" near line: N"
pdx_persistent_reader,1,"Error: ""There'X'county'X'c_SuMa_siang': county, near line: N"" in file: ""common/religion/holy_site_types/N_holy_site_types.txt"" near line: N"
pdx_persistent_reader,1,"Error: ""There'X'county'X'c_monyin': county, near line: N"" in file: ""common/religion/holy_site_types/N_holy_site_types.txt"" near line: N"
pdx_persistent_reader,1,"Error: ""There'X'county'X'c_dali': county, near line: N"" in file: ""common/religion/holy_site_types/N_holy_site_types.txt"" near line: N"
pdx_persistent_reader,1,"Error: ""There'X'county'X'c_shicheng': county, near line: N"" in file: ""common/religion/holy_site_types/N_holy_site_types.txt"" near line: N"
pdx_persistent_reader,1,"Error: ""There'X'county'X'c_chiang_rung': county, near line: N"" in file: ""common/religion/holy_site_types/N_holy_site_types.txt"" near line: N"
pdx_persistent_reader,1,"Error: ""There'X'county'X'c_huizhou': county, near line: N"" in file: ""common/religion/holy_site_types/N_holy_site_types.txt"" near line: N"
pdx_persistent_reader,1,"Error: ""There'X'county'X'c_jingzhao': county, near line: N"" in file: ""common/religion/holy_site_types/N_holy_site_types.txt"" near line: N"
pdx_persistent_reader,1,"Error: ""There'X'county'X'c_gyeongju': county, near line: N"" in file: ""common/religion/holy_site_types/N_holy_site_types.txt"" near line: N"
pdx_persistent_reader,1,"Error: ""There'X'county'X'c_jangheung': county, near line: N"" in file: ""common/religion/holy_site_types/N_holy_site_types.txt"" near line: N"
pdx_persistent_reader,1,"Error: ""There'X'county'X'c_PHI_cotabato': county, near line: N"" in file: ""common/religion/holy_site_types/N_holy_site_types.txt"" near line: N"
pdx_persistent_reader,1,"Error: ""There'X'county'X'c_PHI_samar': county, near line: N"" in file: ""common/religion/holy_site_types/N_holy_site_types.txt"" near line: N"
pdx_persistent_reader,1,"Error: ""There'X'county'X'c_PHI_tondo': county, near line: N"" in file: ""common/religion/holy_site_types/N_holy_site_types.txt"" near line: N"
pdx_persistent_reader,1,"Error: ""There'X'county'X'c_PHI_ivatan': county, near line: N"" in file: ""common/religion/holy_site_types/N_holy_site_types.txt"" near line: N"
pdx_persistent_reader,1,"Error: ""There'X'county'X'c_PHI_south_palawan': county, near line: N"" in file: ""common/religion/holy_site_types/N_holy_site_types.txt"" near line: N"
pdx_persistent_reader,1,"Error: ""There'X'county'X'c_myitkyina': county, near line: N"" in file: ""common/religion/holy_site_types/N_holy_site_types.txt"" near line: N"
pdx_persistent_reader,1,"Error: ""There'X'county'X'c_magadha': county, near line: N"" in file: ""common/religion/holy_site_types/N_holy_site_types.txt"" near line: N"
pdx_persistent_reader,1,"Error: ""There'X'county'X'c_vien_chan': county, near line: N"" in file: ""common/religion/holy_site_types/N_holy_site_types.txt"" near line: N"
pdx_persistent_reader,1,"Error: ""There'X'county'X'c_hsenwi': county, near line: N"" in file: ""common/religion/holy_site_types/N_holy_site_types.txt"" near line: N"
pdx_persistent_reader,1,"Error: ""There'X'county'X'c_sukhothai': county, near line: N"" in file: ""common/religion/holy_site_types/N_holy_site_types.txt"" near line: N"
pdx_persistent_reader,1,"Error: ""There'X'county'X'c_binh_nguyen': county, near line: N"" in file: ""common/religion/holy_site_types/N_holy_site_types.txt"" near line: N"
pdx_persistent_reader,1,"Error: ""There'X'county'X'c_eman_molihewen': county, near line: N"" in file: ""common/religion/holy_site_types/N_holy_site_types.txt"" near line: N"
pdx_persistent_reader,1,"Error: ""There'X'county'X'c_eman_yam_alin': county, near line: N"" in file: ""common/religion/holy_site_types/N_holy_site_types.txt"" near line: N"
pdx_persistent_reader,1,"Error: ""There'X'county'X'c_chupka': county, near line: N"" in file: ""common/religion/holy_site_types/N_holy_site_types.txt"" near line: N"
pdx_persistent_reader,1,"Error: ""There'X'county'X'c_BAL_dongpyeong_yizhou': county, near line: N"" in file: ""common/religion/holy_site_types/N_holy_site_types.txt"" near line: N"
pdx_persistent_reader,1,"Error: ""There'X'county'X'c_amami': county, near line: N"" in file: ""common/religion/holy_site_types/N_holy_site_types.txt"" near line: N"
pdx_persistent_reader,1,"Error: ""There'X'barony'X'b_amami': barony, near line: N"" in file: ""common/religion/holy_site_types/N_holy_site_types.txt"" near line: N"
pdx_persistent_reader,1,"Error: ""There'X'county'X'c_ucinaa': county, near line: N"" in file: ""common/religion/holy_site_types/N_holy_site_types.txt"" near line: N"
pdx_persistent_reader,1,"Error: ""There'X'barony'X'b_simajiri': barony, near line: N"" in file: ""common/religion/holy_site_types/N_holy_site_types.txt"" near line: N"
pdx_persistent_reader,1,"Error: ""There'X'county'X'c_shinano': county, near line: N"" in file: ""common/religion/holy_site_types/N_holy_site_types.txt"" near line: N"
pdx_persistent_reader,1,"Error: ""There'X'county'X'c_awa': county, near line: N"" in file: ""common/religion/holy_site_types/N_holy_site_types.txt"" near line: N"
pdx_persistent_reader,1,"Error: ""There'X'county'X'c_BOR_iban': county, near line: N"" in file: ""common/religion/holy_site_types/N_holy_site_types.txt"" near line: N"
pdx_persistent_reader,1,"Error: ""There'X'county'X'c_BOR_kudat': county, near line: N"" in file: ""common/religion/holy_site_types/N_holy_site_types.txt"" near line: N"
pdx_persistent_reader,1,"Error: ""There'X'county'X'c_BOR_taiao': county, near line: N"" in file: ""common/religion/holy_site_types/N_holy_site_types.txt"" near line: N"
pdx_persistent_reader,1,"Error: ""There'X'county'X'c_BOR_sukadana': county, near line: N"" in file: ""common/religion/holy_site_types/N_holy_site_types.txt"" near line: N"
pdx_persistent_reader,1,"Error: ""There'X'county'X'c_BOR_kutai_utara': county, near line: N"" in file: ""common/religion/holy_site_types/N_holy_site_types.txt"" near line: N"
pdx_persistent_reader,1,"Error: ""There'X'county'X'c_quanzhou': county, near line: N"" in file: ""common/religion/holy_site_types/N_holy_site_types.txt"" near line: N"
pdx_persistent_reader,1,"Error: ""There'X'county'X'c_kara_khoja': county, near line: N"" in file: ""common/religion/holy_site_types/N_holy_site_types.txt"" near line: N"
pdx_persistent_reader,1,"Error: ""There'X'barony'X'b_turpan': barony, near line: N"" in file: ""common/religion/holy_site_types/N_holy_site_types.txt"" near line: N"
pdx_persistent_reader,1,"Error: ""There'X'county'X'c_yanzhou': county, near line: N"" in file: ""common/religion/holy_site_types/N_holy_site_types.txt"" near line: N"
pdx_persistent_reader,1,"Error: ""There'X'barony'X'b_fuqu': barony, near line: N"" in file: ""common/religion/holy_site_types/N_holy_site_types.txt"" near line: N"
pdx_persistent_reader,1,"Error: ""There'X'county'X'c_quzhou': county, near line: N"" in file: ""common/religion/holy_site_types/N_holy_site_types.txt"" near line: N"
pdx_persistent_reader,1,"Error: ""There'X'county'X'c_qingzhou': county, near line: N"" in file: ""common/religion/holy_site_types/N_holy_site_types.txt"" near line: N"
pdx_persistent_reader,1,"Error: ""There'X'county'X'c_bianzhou': county, near line: N"" in file: ""common/religion/holy_site_types/N_holy_site_types.txt"" near line: N"
pdx_persistent_reader,1,"Error: ""There'X'county'X'c_datong': county, near line: N"" in file: ""common/religion/holy_site_types/N_holy_site_types.txt"" near line: N"
pdx_persistent_reader,1,"Error: ""There'X'county'X'c_langzhou_N': county, near line: N"" in file: ""common/religion/holy_site_types/N_holy_site_types.txt"" near line: N"
pdx_persistent_reader,1,"Error: ""There'X'county'X'c_IDO_wehale': county, near line: N"" in file: ""common/religion/holy_site_types/N_holy_site_types.txt"" near line: N"
pdx_persistent_reader,1,"Error: ""There'X'county'X'c_qiongzhou': county, near line: N"" in file: ""common/religion/holy_site_types/N_holy_site_types.txt"" near line: N"
pdx_persistent_reader,1,"Error: ""There'X'county'X'c_SuMa_ajatappareng': county, near line: N"" in file: ""common/religion/holy_site_types/N_holy_site_types.txt"" near line: N"
pdx_persistent_reader,1,"Error: ""There'X'barony'X'b_SUL_Amparita': barony, near line: N"" in file: ""common/religion/holy_site_types/N_holy_site_types.txt"" near line: N"
pdx_persistent_reader,1,"Error: ""There'X'county'X'c_SuMa_buru-sula': county, near line: N"" in file: ""common/religion/holy_site_types/N_holy_site_types.txt"" near line: N"
pdx_persistent_reader,1,"Error: ""There'X'county'X'c_papua_selatan': county, near line: N"" in file: ""common/religion/holy_site_types/N_holy_site_types.txt"" near line: N"
pdx_persistent_reader,1,"Error: ""There'X'county'X'c_kepala_burung': county, near line: N"" in file: ""common/religion/holy_site_types/N_holy_site_types.txt"" near line: N"
pdx_persistent_reader,1,"Error: ""There'X'county'X'c_hoanya': county, near line: N"" in file: ""common/religion/holy_site_types/N_holy_site_types.txt"" near line: N"
pdx_persistent_reader,1,"Error: ""There'X'county'X'c_IDO_sonba_i': county, near line: N"" in file: ""common/religion/holy_site_types/N_holy_site_types.txt"" near line: N"
pdx_persistent_reader,1,"Error: ""There'X'county'X'c_SUM_riak_nan_berbedur': county, near line: N"" in file: ""common/religion/holy_site_types/N_holy_site_types.txt"" near line: N"
pdx_persistent_reader,1,"Error: ""There'X'county'X'c_MAL_gangganegara': county, near line: N"" in file: ""common/religion/holy_site_types/N_holy_site_types.txt"" near line: N"
pdx_persistent_reader,1,"Error: ""There'X'county'X'c_menas': county, near line: N"" in file: ""common/religion/holy_site_types/N_holy_site_types.txt"" near line: N"
pdx_persistent_reader,1,"Error: ""There'X'barony'X'b_opereperkep': barony, near line: N"" in file: ""common/religion/holy_site_types/N_holy_site_types.txt"" near line: N"
pdx_persistent_reader,1,"Error: ""There'X'county'X'c_ioci': county, near line: N"" in file: ""common/religion/holy_site_types/N_holy_site_types.txt"" near line: N"
pdx_persistent_reader,1,"Error: ""There'X'barony'X'b_aptapet_ainu': barony, near line: N"" in file: ""common/religion/holy_site_types/N_holy_site_types.txt"" near line: N"
pdx_persistent_reader,1,"Error: ""There'X'county'X'c_tarayka': county, near line: N"" in file: ""common/religion/holy_site_types/N_holy_site_types.txt"" near line: N"
pdx_persistent_reader,1,"Error: ""There'X'barony'X'b_tarayka': barony, near line: N"" in file: ""common/religion/holy_site_types/N_holy_site_types.txt"" near line: N"
pdx_persistent_reader,1,"Error: ""There'X'county'X'c_iskar': county, near line: N"" in file: ""common/religion/holy_site_types/N_holy_site_types.txt"" near line: N"
pdx_persistent_reader,1,"Error: ""There'X'barony'X'b_cup_pet': barony, near line: N"" in file: ""common/religion/holy_site_types/N_holy_site_types.txt"" near line: N"
pdx_persistent_reader,1,"Error: ""There'X'county'X'c_isawa': county, near line: N"" in file: ""common/religion/holy_site_types/N_holy_site_types.txt"" near line: N"
pdx_persistent_reader,1,"Error: ""There'X'barony'X'b_isawa': barony, near line: N"" in file: ""common/religion/holy_site_types/N_holy_site_types.txt"" near line: N"
pdx_persistent_reader,1,"Error: ""There'X'county'X'c_yongzhou': county, near line: N"" in file: ""common/religion/holy_site_types/N_holy_site_types.txt"" near line: N"
pdx_persistent_reader,1,"Error: ""There'X'county'X'c_muze': county, near line: N"" in file: ""common/religion/holy_site_types/N_holy_site_types.txt"" near line: N"
pdx_persistent_reader,1,"Error: ""There'X'county'X'c_jiangzhou_N': county, near line: N"" in file: ""common/religion/holy_site_types/N_holy_site_types.txt"" near line: N"
pdx_persistent_reader,1,"Error: ""There'X'county'X'c_daozhou': county, near line: N"" in file: ""common/religion/holy_site_types/N_holy_site_types.txt"" near line: N"
pdx_persistent_reader,1,"Error: ""There'X'county'X'c_yanchuan': county, near line: N"" in file: ""common/religion/holy_site_types/N_holy_site_types.txt"" near line: N"
pdx_persistent_reader,1,"Error: ""There'X'county'X'c_haripunjaya': county, near line: N"" in file: ""common/religion/holy_site_types/N_holy_site_types.txt"" near line: N"
pdx_persistent_reader,1,"Error: ""There'X'county'X'c_quoc_oai': county, near line: N"" in file: ""common/religion/holy_site_types/N_holy_site_types.txt"" near line: N"
pdx_persistent_reader,1,"Error: ""There'X'county'X'c_ezhou': county, near line: N"" in file: ""common/religion/holy_site_types/N_holy_site_types.txt"" near line: N"
pdx_persistent_reader,1,"Error: ""There'X'county'X'c_bozhou_N': county, near line: N"" in file: ""common/religion/holy_site_types/N_holy_site_types.txt"" near line: N"
pdx_persistent_reader,1,"Error: ""There'X'county'X'c_cheongju': county, near line: N"" in file: ""common/religion/holy_site_types/N_holy_site_types.txt"" near line: N"
pdx_persistent_reader,1,"Error: ""There'X'county'X'c_BAL_east_amnok': county, near line: N"" in file: ""common/religion/holy_site_types/N_holy_site_types.txt"" near line: N"
pdx_persistent_reader,1,"Error: ""There'X'barony'X'b_FIC_Liao_Changbaishan': barony, near line: N"" in file: ""common/religion/holy_site_types/N_holy_site_types.txt"" near line: N"
pdx_persistent_reader,1,"Error: ""There'X'county'X'c_andong': county, near line: N"" in file: ""common/religion/holy_site_types/N_holy_site_types.txt"" near line: N"
pdx_persistent_reader,1,"Error: ""There'X'county'X'c_tamna': county, near line: N"" in file: ""common/religion/holy_site_types/N_holy_site_types.txt"" near line: N"
pdx_persistent_reader,1,"Error: ""There'X'county'X'c_qizhou_N': county, near line: N"" in file: ""common/religion/holy_site_types/N_holy_site_types.txt"" near line: N"
pdx_persistent_reader,1,"Error: ""There'X'county'X'c_caozhou': county, near line: N"" in file: ""common/religion/holy_site_types/N_holy_site_types.txt"" near line: N"
pdx_persistent_reader,1,"Error: ""There'X'county'X'c_sarasvati': county, near line: N"" in file: ""common/religion/holy_site_types/N_holy_site_types.txt"" near line: N"
pdx_persistent_reader,1,"Error: ""There'X'barony'X'b_sarasvati': barony, near line: N"" in file: ""common/religion/holy_site_types/N_holy_site_types.txt"" near line: N"
pdx_persistent_reader,1,"Error: ""There'X'county'X'c_yunyang': county, near line: N"" in file: ""common/religion/holy_site_types/N_holy_site_types.txt"" near line: N"
pdx_persistent_reader,1,"Error: ""There'X'barony'X'b_xunyang': barony, near line: N"" in file: ""common/religion/holy_site_types/N_holy_site_types.txt"" near line: N"
pdx_persistent_reader,1,"Error: ""There'X'county'X'c_yamato': county, near line: N"" in file: ""common/religion/holy_site_types/N_holy_site_types.txt"" near line: N"
pdx_persistent_reader,1,"Error: ""There'X'barony'X'b_kofuku_ji': barony, near line: N"" in file: ""common/religion/holy_site_types/N_holy_site_types.txt"" near line: N"
pdx_persistent_reader,1,"Error: ""There'X'county'X'c_vaisali': county, near line: N"" in file: ""common/religion/holy_site_types/N_holy_site_types.txt"" near line: N"
pdx_persistent_reader,1,"Error: ""There'X'barony'X'b_vaisali': barony, near line: N"" in file: ""common/religion/holy_site_types/N_holy_site_types.txt"" near line: N"
pdx_persistent_reader,1,"Error: ""There'X'county'X'c_shazhou': county, near line: N"" in file: ""common/religion/holy_site_types/N_holy_site_types.txt"" near line: N"
pdx_persistent_reader,1,"Error: ""There'X'barony'X'b_mogao': barony, near line: N"" in file: ""common/religion/holy_site_types/N_holy_site_types.txt"" near line: N"
pdx_persistent_reader,1,"Error: ""There'X'barony'X'b_luoyang': barony, near line: N"" in file: ""common/religion/holy_site_types/N_holy_site_types.txt"" near line: N"
pdx_persistent_reader,1,"Error: ""There'X'barony'X'b_Goryeo_Gaeseong_Gaeseong': barony, near line: N"" in file: ""common/religion/holy_site_types/N_holy_site_types.txt"" near line: N"
pdx_persistent_reader,1,"Error: ""There'X'county'X'c_taizhou': county, near line: N"" in file: ""common/religion/holy_site_types/N_holy_site_types.txt"" near line: N"
pdx_persistent_reader,1,"Error: ""There'X'county'X'c_omi': county, near line: N"" in file: ""common/religion/holy_site_types/N_holy_site_types.txt"" near line: N"
pdx_persistent_reader,1,"Error: ""There'X'barony'X'b_enryaku_ji': barony, near line: N"" in file: ""common/religion/holy_site_types/N_holy_site_types.txt"" near line: N"
pdx_persistent_reader,1,"Error: ""There'X'county'X'c_yamashiro': county, near line: N"" in file: ""common/religion/holy_site_types/N_holy_site_types.txt"" near line: N"
pdx_persistent_reader,1,"Error: ""There'X'barony'X'b_kyo': barony, near line: N"" in file: ""common/religion/holy_site_types/N_holy_site_types.txt"" near line: N"
pdx_persistent_reader,1,"Error: ""There'X'county'X'c_izumo': county, near line: N"" in file: ""common/religion/holy_site_types/N_holy_site_types.txt"" near line: N"
pdx_persistent_reader,1,"Error: ""There'X'barony'X'b_kizuki_taisha': barony, near line: N"" in file: ""common/religion/holy_site_types/N_holy_site_types.txt"" near line: N"
pdx_persistent_reader,1,"Error: ""There'X'county'X'c_hitachi': county, near line: N"" in file: ""common/religion/holy_site_types/N_holy_site_types.txt"" near line: N"
pdx_persistent_reader,1,"Error: ""There'X'barony'X'b_kashima_hitachi': barony, near line: N"" in file: ""common/religion/holy_site_types/N_holy_site_types.txt"" near line: N"
jomini_dynamicdescription,1,Unrecognized loc key trait_light_foot_leader. light_foot_leader
jomini_dynamicdescription,1,Unrecognized loc key trait_light_foot_leader_desc. light_foot_leader
jomini_dynamicdescription,1,Unrecognized loc key trait_heavy_infantry_leader. heavy_infantry_leader
jomini_dynamicdescription,1,Unrecognized loc key trait_heavy_infantry_leader_desc. heavy_infantry_leader
jomini_dynamicdescription,1,Unrecognized loc key trait_cavalry_leader. cavalry_leader
jomini_dynamicdescription,1,Unrecognized loc key trait_cavalry_leader_desc. cavalry_leader
jomini_dynamicdescription,1,Unrecognized loc key trait_experimenter. experimenter
jomini_dynamicdescription,1,Unrecognized loc key trait_experimenter_desc. experimenter
jomini_dynamicdescription,1,Unrecognized loc key trait_mujahid_desc. mujahid
jomini_dynamicdescription,1,Unrecognized loc key trait_eunuch_desc. eunuch
jomini_dynamicdescription,1,Unrecognized loc key trait_blinded. blinded
jomini_dynamicdescription,1,Unrecognized loc key trait_blinded_desc. blinded
jomini_dynamicdescription,1,Unrecognized loc key trait_flat_terrain_leader. flat_terrain_leader
jomini_dynamicdescription,1,Unrecognized loc key trait_flat_terrain_leader_desc. flat_terrain_leader
jomini_dynamicdescription,1,Unrecognized loc key trait_rough_terrain_leader. rough_terrain_leader
jomini_dynamicdescription,1,Unrecognized loc key trait_rough_terrain_leader_desc. rough_terrain_leader
jomini_dynamicdescription,1,Unrecognized loc key trait_mountain_terrain_leader. mountain_terrain_leader
jomini_dynamicdescription,1,Unrecognized loc key trait_mountain_terrain_leader_desc. mountain_terrain_leader
jomini_dynamicdescription,1,Unrecognized loc key trait_desert_terrain_leader. desert_terrain_leader
jomini_dynamicdescription,1,Unrecognized loc key trait_desert_terrain_leader_desc. desert_terrain_leader
jomini_dynamicdescription,1,Unrecognized loc key trait_unyielding_leader. unyielding_leader
jomini_dynamicdescription,1,Unrecognized loc key trait_unyielding_leader_desc. unyielding_leader
jomini_dynamicdescription,1,Unrecognized loc key trait_has_aztec_disease. has_aztec_disease
jomini_dynamicdescription,1,Unrecognized loc key trait_has_aztec_disease_desc. has_aztec_disease
jomini_dynamicdescription,1,Unrecognized loc key trait_child_of_consort. child_of_consort
jomini_dynamicdescription,1,Unrecognized loc key trait_child_of_consort_desc. child_of_consort
jomini_dynamicdescription,1,Unrecognized loc key trait_monk_desc. monk
jomini_dynamicdescription,1,Unrecognized loc key trait_nun. nun
jomini_dynamicdescription,1,Unrecognized loc key trait_nun_desc. nun
jomini_dynamicdescription,1,Unrecognized loc key trait_on_pilgrimage. on_pilgrimage
jomini_dynamicdescription,1,Unrecognized loc key trait_on_pilgrimage_desc. on_pilgrimage
jomini_dynamicdescription,1,Unrecognized loc key trait_mutazilite. mutazilite
jomini_dynamicdescription,1,Unrecognized loc key trait_mutazilite_desc. mutazilite
jomini_dynamicdescription,1,Unrecognized loc key trait_ashari. ashari
jomini_dynamicdescription,1,Unrecognized loc key trait_ashari_desc. ashari
jomini_dynamicdescription,1,Unrecognized loc key trait_bad_priest_christian. bad_priest_christian
jomini_dynamicdescription,1,Unrecognized loc key trait_bad_priest_christian_desc. bad_priest_christian
jomini_dynamicdescription,1,Unrecognized loc key trait_bad_priest_muslim. bad_priest_muslim
jomini_dynamicdescription,1,Unrecognized loc key trait_bad_priest_muslim_desc. bad_priest_muslim
jomini_dynamicdescription,1,Unrecognized loc key trait_bad_priest_norse. bad_priest_norse
jomini_dynamicdescription,1,Unrecognized loc key trait_bad_priest_norse_desc. bad_priest_norse
jomini_dynamicdescription,1,Unrecognized loc key trait_bad_priest_tengri. bad_priest_tengri
jomini_dynamicdescription,1,Unrecognized loc key trait_bad_priest_tengri_desc. bad_priest_tengri
jomini_dynamicdescription,1,Unrecognized loc key trait_bad_priest_zoroastrian. bad_priest_zoroastrian
jomini_dynamicdescription,1,Unrecognized loc key trait_bad_priest_zoroastrian_desc. bad_priest_zoroastrian
jomini_dynamicdescription,1,Unrecognized loc key trait_bad_priest_aztec. bad_priest_aztec
jomini_dynamicdescription,1,Unrecognized loc key trait_bad_priest_aztec_desc. bad_priest_aztec
jomini_dynamicdescription,1,Unrecognized loc key trait_narrow_flank_leader. narrow_flank_leader
jomini_dynamicdescription,1,Unrecognized loc key trait_narrow_flank_leader_desc. narrow_flank_leader
jomini_dynamicdescription,1,Unrecognized loc key trait_war_elephant_leader. war_elephant_leader
jomini_dynamicdescription,1,Unrecognized loc key trait_war_elephant_leader_desc. war_elephant_leader
jomini_dynamicdescription,1,Unrecognized loc key trait_jungle_terrain_leader. jungle_terrain_leader
jomini_dynamicdescription,1,Unrecognized loc key trait_jungle_terrain_leader_desc. jungle_terrain_leader
jomini_dynamicdescription,1,Unrecognized loc key trait_in_hiding. in_hiding
jomini_dynamicdescription,1,Unrecognized loc key trait_in_hiding_desc. in_hiding
jomini_dynamicdescription,1,Unrecognized loc key trait_seductress. seductress
jomini_dynamicdescription,1,Unrecognized loc key trait_seductress_desc. seductress
jomini_dynamicdescription,1,Unrecognized loc key trait_socializer. socializer
jomini_dynamicdescription,1,Unrecognized loc key trait_socializer_desc. socializer
jomini_dynamicdescription,1,Unrecognized loc key trait_gamer. gamer
jomini_dynamicdescription,1,Unrecognized loc key trait_gamer_desc. gamer
jomini_dynamicdescription,1,Unrecognized loc key trait_sick_incapable. sick_incapable
jomini_dynamicdescription,1,Unrecognized loc key trait_sick_incapable_desc. sick_incapable
jomini_dynamicdescription,1,Unrecognized loc key trait_cannot_marry. cannot_marry
jomini_dynamicdescription,1,Unrecognized loc key trait_cannot_marry_desc. cannot_marry
jomini_dynamicdescription,1,Unrecognized loc key trait_sea_queen. sea_queen
jomini_dynamicdescription,1,Unrecognized loc key trait_sea_queen_desc. sea_queen
jomini_dynamicdescription,1,Unrecognized loc key trait_eagle_warrior. eagle_warrior
jomini_dynamicdescription,1,Unrecognized loc key trait_eagle_warrior_desc. eagle_warrior
jomini_dynamicdescription,1,Unrecognized loc key trait_sun_warrior. sun_warrior
jomini_dynamicdescription,1,Unrecognized loc key trait_sun_warrior_desc. sun_warrior
jomini_dynamicdescription,1,Unrecognized loc key trait_ukkos_shield. ukkos_shield
jomini_dynamicdescription,1,Unrecognized loc key trait_ukkos_shield_desc. ukkos_shield
jomini_dynamicdescription,1,Unrecognized loc key trait_nyames_shield. nyames_shield
jomini_dynamicdescription,1,Unrecognized loc key trait_nyames_shield_desc. nyames_shield
jomini_dynamicdescription,1,Unrecognized loc key trait_peruns_chosen. peruns_chosen
jomini_dynamicdescription,1,Unrecognized loc key trait_peruns_chosen_desc. peruns_chosen
jomini_dynamicdescription,1,Unrecognized loc key trait_romuvas_own. romuvas_own
jomini_dynamicdescription,1,Unrecognized loc key trait_romuvas_own_desc. romuvas_own
jomini_dynamicdescription,1,Unrecognized loc key trait_ares_own. ares_own
jomini_dynamicdescription,1,Unrecognized loc key trait_ares_own_desc. ares_own
jomini_dynamicdescription,1,Unrecognized loc key trait_tengri_warrior. tengri_warrior
jomini_dynamicdescription,1,Unrecognized loc key trait_tengri_warrior_desc. tengri_warrior
jomini_dynamicdescription,1,Unrecognized loc key trait_shaddai. shaddai
jomini_dynamicdescription,1,Unrecognized loc key trait_shaddai_desc. shaddai
jomini_dynamicdescription,1,Unrecognized loc key trait_gondi_shahansha. gondi_shahansha
jomini_dynamicdescription,1,Unrecognized loc key trait_gondi_shahansha_desc. gondi_shahansha
jomini_dynamicdescription,1,Unrecognized loc key trait_cannibal_trait. cannibal_trait
jomini_dynamicdescription,1,Unrecognized loc key trait_cannibal_trait_desc. cannibal_trait
pdx_locstring,1,Key is missing localization: trait_fae_crowned
pdx_locstring,1,Key is missing localization: trait_fae_freckles
pdx_locstring,1,Key is missing localization: trait_fae_baptized
pdx_locstring,1,Key is missing localization: trait_fae_pagan_branch
jomini_dynamicdescription,1,Unrecognized loc key trait_dead_crown_hre. dead_crown_hre
jomini_dynamicdescription,1,Unrecognized loc key trait_dead_crown_hre_desc. dead_crown_hre
jomini_dynamicdescription,1,Unrecognized loc key trait_dead_crown_pahlavi. dead_crown_pahlavi
jomini_dynamicdescription,1,Unrecognized loc key trait_dead_crown_pahlavi_desc. dead_crown_pahlavi
jomini_dynamicdescription,1,Unrecognized loc key trait_dead_crown_byzantine. dead_crown_byzantine
jomini_dynamicdescription,1,Unrecognized loc key trait_dead_crown_byzantine_desc. dead_crown_byzantine
jomini_dynamicdescription,1,Unrecognized loc key trait_dead_crown_fylkir. dead_crown_fylkir
jomini_dynamicdescription,1,Unrecognized loc key trait_dead_crown_fylkir_desc. dead_crown_fylkir
jomini_dynamicdescription,1,Unrecognized loc key trait_dead_crown_tengri_fylkir. dead_crown_tengri_fylkir
jomini_dynamicdescription,1,Unrecognized loc key trait_dead_crown_tengri_fylkir_desc. dead_crown_tengri_fylkir
jomini_dynamicdescription,1,Unrecognized loc key trait_dead_crown_finnish_fylkir. dead_crown_finnish_fylkir
jomini_dynamicdescription,1,Unrecognized loc key trait_dead_crown_finnish_fylkir_desc. dead_crown_finnish_fylkir
jomini_dynamicdescription,1,Unrecognized loc key trait_dead_iron_crown_lombardy. dead_iron_crown_lombardy
jomini_dynamicdescription,1,Unrecognized loc key trait_dead_iron_crown_lombardy_desc. dead_iron_crown_lombardy
jomini_dynamicdescription,1,Unrecognized loc key trait_dead_cursed_diamond_crown. dead_cursed_diamond_crown
jomini_dynamicdescription,1,Unrecognized loc key trait_dead_cursed_diamond_crown_desc. dead_cursed_diamond_crown
jomini_dynamicdescription,1,Unrecognized loc key trait_i_used_to_be_a_player. i_used_to_be_a_player
jomini_dynamicdescription,1,Unrecognized loc key trait_i_used_to_be_a_player_desc. i_used_to_be_a_player
jomini_dynamicdescription,1,Unrecognized loc key trait_dead_crown_west_african_fylkir. dead_crown_west_african_fylkir
jomini_dynamicdescription,1,Unrecognized loc key trait_dead_crown_west_african_fylkir_desc. dead_crown_west_african_fylkir
jomini_dynamicdescription,1,Unrecognized loc key trait_dead_crown_slavic_fylkir. dead_crown_slavic_fylkir
jomini_dynamicdescription,1,Unrecognized loc key trait_dead_crown_slavic_fylkir_desc. dead_crown_slavic_fylkir
jomini_dynamicdescription,1,Unrecognized loc key trait_dead_crown_romuva_fylkir. dead_crown_romuva_fylkir
jomini_dynamicdescription,1,Unrecognized loc key trait_dead_crown_romuva_fylkir_desc. dead_crown_romuva_fylkir
jomini_dynamicdescription,1,Unrecognized loc key trait_dead_scepter_bon_fylkir. dead_scepter_bon_fylkir
jomini_dynamicdescription,1,Unrecognized loc key trait_dead_scepter_bon_fylkir_desc. dead_scepter_bon_fylkir
jomini_dynamicdescription,1,Unrecognized loc key trait_dead_crown_zun_fylkir. dead_crown_zun_fylkir
jomini_dynamicdescription,1,Unrecognized loc key trait_dead_crown_zun_fylkir_desc. dead_crown_zun_fylkir
jomini_dynamicdescription,1,Unrecognized loc key trait_dead_scepter_hellenic_fylkir. dead_scepter_hellenic_fylkir
jomini_dynamicdescription,1,Unrecognized loc key trait_dead_scepter_hellenic_fylkir_desc. dead_scepter_hellenic_fylkir
jomini_dynamicdescription,1,Unrecognized loc key trait_dead_crown_aztec_fylkir. dead_crown_aztec_fylkir
jomini_dynamicdescription,1,Unrecognized loc key trait_dead_crown_aztec_fylkir_desc. dead_crown_aztec_fylkir
pdx_locstring,1,Key is missing localization: trait_fae_bloodthirsty_gods
pdx_locstring,1,Key is missing localization: trait_fae_scarred_type
jomini_dynamicdescription,1,Unrecognized loc key trait_gladiator. gladiator
jomini_dynamicdescription,1,Unrecognized loc key trait_gladiator_desc. gladiator
jomini_dynamicdescription,1,Unrecognized loc key trait_deathmask. deathmask
jomini_dynamicdescription,1,Unrecognized loc key trait_deathmask_desc. deathmask
pdx_locstring,1,Key is missing localization: trait_fae_lifespan
jomini_dynamicdescription,1,Unrecognized loc key trait_lifespan_ageless_desc. lifespan_ageless
pdx_locstring,1,Key is missing localization: trait_fae_sahuagin
pdx_locstring,1,Key is missing localization: trait_fae_dragon
jomini_dynamicdescription,1,Unrecognized loc key trait_tb_sterile. tb_sterile
jomini_dynamicdescription,1,Unrecognized loc key trait_tb_sterile_desc. tb_sterile
jomini_dynamicdescription,1,Unrecognized loc key trait_secret_patrician. secret_patrician
jomini_dynamicdescription,1,Unrecognized loc key trait_secret_patrician_desc. secret_patrician
jomini_dynamicdescription,1,Unrecognized loc key trait_horned. horned
jomini_dynamicdescription,1,Unrecognized loc key trait_horned_desc. horned
jomini_dynamicdescription,1,Unrecognized loc key trait_hornless. hornless
jomini_dynamicdescription,1,Unrecognized loc key trait_hornless_desc. hornless
jomini_dynamicdescription,1,Unrecognized loc key trait_hidden_spellplague_trait. hidden_spellplague_trait
jomini_dynamicdescription,1,Unrecognized loc key trait_hidden_spellplague_trait_desc. hidden_spellplague_trait
pdx_locstring,1,Key is missing localization: trait_fae_creature
pdx_locstring,1,Key is missing localization: trait_fae_wiz
pdx_locstring,1,Key is missing localization: trait_fae_warlock
jomini_dynamicdescription,1,Unrecognized loc key trait_mutant. mutant
jomini_dynamicdescription,1,Unrecognized loc key trait_mutant_desc. mutant
pdx_persistent_reader,1,"Error: ""Failed to read key reference: d_sunni: d_sunni, near line: N"
pdx_persistent_reader,1,"Error: ""Failed to read key reference: k_armenian_principality: k_armenian_principality, near line: N"
pdx_persistent_reader,1,"Error: ""Failed to read key reference: k_switzerland: k_switzerland, near line: N"" in file: ""common/flavorization/N_title_holders.txt"" near line: N"
culture_template,1,Culture missing localization for undead_dwarf
culture_template,1,Missing localization for undead_dwarf_collective_noun
culture_template,1,Missing localization for undead_dwarf_prefix
culture_template,1,Culture missing localization for undeadgiant
culture_template,1,Missing localization for undeadgiant_collective_noun
culture_template,1,Missing localization for undeadgiant_prefix
culture_template,1,Culture missing localization for wight
culture_template,1,Missing localization for wight_collective_noun
culture_template,1,Missing localization for wight_prefix
culture_template,1,Culture missing localization for red_panda
culture_template,1,Culture missing localization for mouther
culture_template,1,Missing localization for red_panda_collective_noun
culture_template,1,Missing localization for mouther_collective_noun
culture_template,1,Missing localization for red_panda_prefix
culture_template,1,Missing localization for mouther_prefix
culture_template,1,Gfx culture indian_building_gfx in mari doesn't match existing sequence in tamil
culture_template,1,Gfx culture indian_clothing_gfx in mari doesn't match existing sequence in tamil
culture_template,1,Gfx culture indian_unit_gfx in mari doesn't match existing sequence in tamil
culture_template,1,Gfx culture dravidian_group_coa_gfx in mari doesn't match existing sequence in tamil
culture_template,1,Gfx culture east_slavic_clothing_gfx in gur doesn't match existing sequence in russian
culture_template,1,Gfx culture eastern_unit_gfx in gur doesn't match existing sequence in greek
culture_template,1,Gfx culture east_slavic_clothing_gfx in orc doesn't match existing sequence in russian
culture_template,1,Gfx culture eastern_unit_gfx in orc doesn't match existing sequence in greek
culture_template,1,Gfx culture east_slavic_group_coa_gfx in orc doesn't match existing sequence in russian
culture_template,1,Gfx culture east_slavic_clothing_gfx in gray_orc doesn't match existing sequence in russian
culture_template,1,Gfx culture eastern_unit_gfx in gray_orc doesn't match existing sequence in greek
culture_template,1,Gfx culture east_slavic_group_coa_gfx in gray_orc doesn't match existing sequence in russian
culture_template,1,Gfx culture east_slavic_clothing_gfx in ogrillon doesn't match existing sequence in russian
culture_template,1,Gfx culture eastern_unit_gfx in ogrillon doesn't match existing sequence in greek
culture_template,1,Gfx culture east_slavic_group_coa_gfx in ogrillon doesn't match existing sequence in russian
culture_template,1,Gfx culture east_slavic_clothing_gfx in ondonti doesn't match existing sequence in russian
culture_template,1,Gfx culture eastern_unit_gfx in ondonti doesn't match existing sequence in greek
culture_template,1,Gfx culture east_slavic_group_coa_gfx in ondonti doesn't match existing sequence in russian
culture_template,1,Gfx culture east_slavic_clothing_gfx in orog doesn't match existing sequence in russian
culture_template,1,Gfx culture eastern_unit_gfx in orog doesn't match existing sequence in greek
culture_template,1,Gfx culture east_slavic_group_coa_gfx in orog doesn't match existing sequence in russian
culture_template,1,Gfx culture east_slavic_clothing_gfx in tanarukk doesn't match existing sequence in russian
culture_template,1,Gfx culture eastern_unit_gfx in tanarukk doesn't match existing sequence in greek
culture_template,1,Gfx culture east_slavic_group_coa_gfx in tanarukk doesn't match existing sequence in russian
culture_template,1,Gfx culture east_slavic_clothing_gfx in scro doesn't match existing sequence in russian
culture_template,1,Gfx culture eastern_unit_gfx in scro doesn't match existing sequence in greek
culture_template,1,Gfx culture east_slavic_group_coa_gfx in scro doesn't match existing sequence in russian
culture_template,1,Gfx culture east_slavic_clothing_gfx in oscray doesn't match existing sequence in russian
culture_template,1,Gfx culture eastern_unit_gfx in oscray doesn't match existing sequence in greek
culture_template,1,Gfx culture east_slavic_group_coa_gfx in oscray doesn't match existing sequence in russian
culture_template,1,Gfx culture east_slavic_clothing_gfx in half_orc doesn't match existing sequence in russian
culture_template,1,Gfx culture eastern_unit_gfx in half_orc doesn't match existing sequence in greek
culture_template,1,Gfx culture east_slavic_group_coa_gfx in half_orc doesn't match existing sequence in russian
culture_template,1,Gfx culture western_building_gfx in goblin doesn't match existing sequence in latgalian
culture_template,1,Gfx culture northern_clothing_gfx in goblin doesn't match existing sequence in latgalian
culture_template,1,Gfx culture northern_unit_gfx in goblin doesn't match existing sequence in latgalian
culture_template,1,Gfx culture baltic_group_coa_gfx in goblin doesn't match existing sequence in latgalian
culture_template,1,Gfx culture western_building_gfx in bugbear doesn't match existing sequence in latgalian
culture_template,1,Gfx culture northern_clothing_gfx in bugbear doesn't match existing sequence in latgalian
culture_template,1,Gfx culture northern_unit_gfx in bugbear doesn't match existing sequence in latgalian
culture_template,1,Gfx culture baltic_group_coa_gfx in bugbear doesn't match existing sequence in latgalian
culture_template,1,Gfx culture western_building_gfx in tasloi doesn't match existing sequence in latgalian
culture_template,1,Gfx culture northern_clothing_gfx in tasloi doesn't match existing sequence in latgalian
culture_template,1,Gfx culture northern_unit_gfx in tasloi doesn't match existing sequence in latgalian
culture_template,1,Gfx culture baltic_group_coa_gfx in tasloi doesn't match existing sequence in latgalian
culture_template,1,Gfx culture western_building_gfx in dekanter doesn't match existing sequence in latgalian
culture_template,1,Gfx culture northern_clothing_gfx in dekanter doesn't match existing sequence in latgalian
culture_template,1,Gfx culture northern_unit_gfx in dekanter doesn't match existing sequence in latgalian
culture_template,1,Gfx culture baltic_group_coa_gfx in dekanter doesn't match existing sequence in latgalian
culture_template,1,Gfx culture african_building_gfx in batiri doesn't match existing sequence in akan
culture_template,1,Gfx culture african_clothing_gfx in batiri doesn't match existing sequence in akan
culture_template,1,Gfx culture northern_unit_gfx in batiri doesn't match existing sequence in latgalian
culture_template,1,Gfx culture western_coa_gfx in batiri doesn't match existing sequence in hungarian
culture_template,1,Gfx culture steppe_building_gfx in bakemono doesn't match existing sequence in hunnic
culture_template,1,Gfx culture mongol_clothing_gfx in bakemono doesn't match existing sequence in hunnic
culture_template,1,Gfx culture northern_unit_gfx in bakemono doesn't match existing sequence in latgalian
culture_template,1,Gfx culture mongol_coa_gfx in bakemono doesn't match existing sequence in nivkh
culture_template,1,Gfx culture western_building_gfx in hobgoblin doesn't match existing sequence in latgalian
culture_template,1,Gfx culture northern_clothing_gfx in hobgoblin doesn't match existing sequence in latgalian
culture_template,1,Gfx culture northern_unit_gfx in hobgoblin doesn't match existing sequence in latgalian
culture_template,1,Gfx culture baltic_group_coa_gfx in hobgoblin doesn't match existing sequence in latgalian
culture_template,1,Gfx culture byzantine_building_gfx in draconic doesn't match existing sequence in greek
culture_template,1,Gfx culture west_slavic_clothing_gfx in draconic doesn't match existing sequence in czech
culture_template,1,Gfx culture eastern_unit_gfx in draconic doesn't match existing sequence in greek
culture_template,1,Gfx culture south_slavic_group_coa_gfx in draconic doesn't match existing sequence in croatian
culture_template,1,Gfx culture byzantine_building_gfx in red_dragon doesn't match existing sequence in greek
culture_template,1,Gfx culture west_slavic_clothing_gfx in red_dragon doesn't match existing sequence in czech
culture_template,1,Gfx culture eastern_unit_gfx in red_dragon doesn't match existing sequence in greek
culture_template,1,Gfx culture south_slavic_group_coa_gfx in red_dragon doesn't match existing sequence in croatian
culture_template,1,Gfx culture byzantine_building_gfx in gray_dragon doesn't match existing sequence in greek
culture_template,1,Gfx culture west_slavic_clothing_gfx in gray_dragon doesn't match existing sequence in czech
culture_template,1,Gfx culture eastern_unit_gfx in gray_dragon doesn't match existing sequence in greek
culture_template,1,Gfx culture south_slavic_group_coa_gfx in gray_dragon doesn't match existing sequence in croatian
culture_template,1,Gfx culture byzantine_building_gfx in blue_dragon doesn't match existing sequence in greek
culture_template,1,Gfx culture west_slavic_clothing_gfx in blue_dragon doesn't match existing sequence in czech
culture_template,1,Gfx culture eastern_unit_gfx in blue_dragon doesn't match existing sequence in greek
culture_template,1,Gfx culture south_slavic_group_coa_gfx in blue_dragon doesn't match existing sequence in croatian
culture_template,1,Gfx culture byzantine_building_gfx in black_dragon doesn't match existing sequence in greek
culture_template,1,Gfx culture west_slavic_clothing_gfx in black_dragon doesn't match existing sequence in czech
culture_template,1,Gfx culture eastern_unit_gfx in black_dragon doesn't match existing sequence in greek
culture_template,1,Gfx culture south_slavic_group_coa_gfx in black_dragon doesn't match existing sequence in croatian
culture_template,1,Gfx culture byzantine_building_gfx in green_dragon doesn't match existing sequence in greek
culture_template,1,Gfx culture west_slavic_clothing_gfx in green_dragon doesn't match existing sequence in czech
culture_template,1,Gfx culture eastern_unit_gfx in green_dragon doesn't match existing sequence in greek
culture_template,1,Gfx culture south_slavic_group_coa_gfx in green_dragon doesn't match existing sequence in croatian
culture_template,1,Gfx culture byzantine_building_gfx in white_dragon doesn't match existing sequence in greek
culture_template,1,Gfx culture west_slavic_clothing_gfx in white_dragon doesn't match existing sequence in czech
culture_template,1,Gfx culture eastern_unit_gfx in white_dragon doesn't match existing sequence in greek
culture_template,1,Gfx culture south_slavic_group_coa_gfx in white_dragon doesn't match existing sequence in croatian
culture_template,1,Gfx culture byzantine_building_gfx in silver_dragon doesn't match existing sequence in greek
culture_template,1,Gfx culture west_slavic_clothing_gfx in silver_dragon doesn't match existing sequence in czech
culture_template,1,Gfx culture eastern_unit_gfx in silver_dragon doesn't match existing sequence in greek
culture_template,1,Gfx culture south_slavic_group_coa_gfx in silver_dragon doesn't match existing sequence in croatian
culture_template,1,Gfx culture byzantine_building_gfx in gold_dragon doesn't match existing sequence in greek
culture_template,1,Gfx culture west_slavic_clothing_gfx in gold_dragon doesn't match existing sequence in czech
culture_template,1,Gfx culture eastern_unit_gfx in gold_dragon doesn't match existing sequence in greek
culture_template,1,Gfx culture south_slavic_group_coa_gfx in gold_dragon doesn't match existing sequence in croatian
culture_template,1,Gfx culture byzantine_building_gfx in brass_dragon doesn't match existing sequence in greek
culture_template,1,Gfx culture west_slavic_clothing_gfx in brass_dragon doesn't match existing sequence in czech
culture_template,1,Gfx culture eastern_unit_gfx in brass_dragon doesn't match existing sequence in greek
culture_template,1,Gfx culture south_slavic_group_coa_gfx in brass_dragon doesn't match existing sequence in croatian
culture_template,1,Gfx culture byzantine_building_gfx in bronze_dragon doesn't match existing sequence in greek
culture_template,1,Gfx culture west_slavic_clothing_gfx in bronze_dragon doesn't match existing sequence in czech
culture_template,1,Gfx culture eastern_unit_gfx in bronze_dragon doesn't match existing sequence in greek
culture_template,1,Gfx culture south_slavic_group_coa_gfx in bronze_dragon doesn't match existing sequence in croatian
culture_template,1,Gfx culture byzantine_building_gfx in copper_dragon doesn't match existing sequence in greek
culture_template,1,Gfx culture west_slavic_clothing_gfx in copper_dragon doesn't match existing sequence in czech
culture_template,1,Gfx culture eastern_unit_gfx in copper_dragon doesn't match existing sequence in greek
culture_template,1,Gfx culture south_slavic_group_coa_gfx in copper_dragon doesn't match existing sequence in croatian
culture_template,1,Gfx culture byzantine_building_gfx in mercury_dragon doesn't match existing sequence in greek
culture_template,1,Gfx culture west_slavic_clothing_gfx in mercury_dragon doesn't match existing sequence in czech
culture_template,1,Gfx culture eastern_unit_gfx in mercury_dragon doesn't match existing sequence in greek
culture_template,1,Gfx culture south_slavic_group_coa_gfx in mercury_dragon doesn't match existing sequence in croatian
culture_template,1,Gfx culture byzantine_building_gfx in amethyst_dragon doesn't match existing sequence in greek
culture_template,1,Gfx culture west_slavic_clothing_gfx in amethyst_dragon doesn't match existing sequence in czech
culture_template,1,Gfx culture eastern_unit_gfx in amethyst_dragon doesn't match existing sequence in greek
culture_template,1,Gfx culture south_slavic_group_coa_gfx in amethyst_dragon doesn't match existing sequence in croatian
culture_template,1,Gfx culture byzantine_building_gfx in emerald_dragon doesn't match existing sequence in greek
culture_template,1,Gfx culture west_slavic_clothing_gfx in emerald_dragon doesn't match existing sequence in czech
culture_template,1,Gfx culture eastern_unit_gfx in emerald_dragon doesn't match existing sequence in greek
culture_template,1,Gfx culture south_slavic_group_coa_gfx in emerald_dragon doesn't match existing sequence in croatian
culture_template,1,Gfx culture byzantine_building_gfx in sapphire_dragon doesn't match existing sequence in greek
culture_template,1,Gfx culture west_slavic_clothing_gfx in sapphire_dragon doesn't match existing sequence in czech
culture_template,1,Gfx culture eastern_unit_gfx in sapphire_dragon doesn't match existing sequence in greek
culture_template,1,Gfx culture south_slavic_group_coa_gfx in sapphire_dragon doesn't match existing sequence in croatian
culture_template,1,Gfx culture byzantine_building_gfx in topaz_dragon doesn't match existing sequence in greek
culture_template,1,Gfx culture west_slavic_clothing_gfx in topaz_dragon doesn't match existing sequence in czech
culture_template,1,Gfx culture eastern_unit_gfx in topaz_dragon doesn't match existing sequence in greek
culture_template,1,Gfx culture south_slavic_group_coa_gfx in topaz_dragon doesn't match existing sequence in croatian
culture_template,1,Gfx culture byzantine_building_gfx in crystal_dragon doesn't match existing sequence in greek
culture_template,1,Gfx culture west_slavic_clothing_gfx in crystal_dragon doesn't match existing sequence in czech
culture_template,1,Gfx culture eastern_unit_gfx in crystal_dragon doesn't match existing sequence in greek
culture_template,1,Gfx culture south_slavic_group_coa_gfx in crystal_dragon doesn't match existing sequence in croatian
culture_template,1,Gfx culture byzantine_building_gfx in ruby_dragon doesn't match existing sequence in greek
culture_template,1,Gfx culture west_slavic_clothing_gfx in ruby_dragon doesn't match existing sequence in czech
culture_template,1,Gfx culture eastern_unit_gfx in ruby_dragon doesn't match existing sequence in greek
culture_template,1,Gfx culture south_slavic_group_coa_gfx in ruby_dragon doesn't match existing sequence in croatian
culture_template,1,Gfx culture byzantine_building_gfx in shadow_dragon doesn't match existing sequence in greek
culture_template,1,Gfx culture west_slavic_clothing_gfx in shadow_dragon doesn't match existing sequence in czech
culture_template,1,Gfx culture eastern_unit_gfx in shadow_dragon doesn't match existing sequence in greek
culture_template,1,Gfx culture south_slavic_group_coa_gfx in shadow_dragon doesn't match existing sequence in croatian
culture_template,1,Gfx culture byzantine_building_gfx in deep_dragon doesn't match existing sequence in greek
culture_template,1,Gfx culture west_slavic_clothing_gfx in deep_dragon doesn't match existing sequence in czech
culture_template,1,Gfx culture eastern_unit_gfx in deep_dragon doesn't match existing sequence in greek
culture_template,1,Gfx culture south_slavic_group_coa_gfx in deep_dragon doesn't match existing sequence in croatian
culture_template,1,Gfx culture byzantine_building_gfx in steel_dragon doesn't match existing sequence in greek
culture_template,1,Gfx culture west_slavic_clothing_gfx in steel_dragon doesn't match existing sequence in czech
culture_template,1,Gfx culture eastern_unit_gfx in steel_dragon doesn't match existing sequence in greek
culture_template,1,Gfx culture south_slavic_group_coa_gfx in steel_dragon doesn't match existing sequence in croatian
culture_template,1,Gfx culture byzantine_building_gfx in song_dragon doesn't match existing sequence in greek
culture_template,1,Gfx culture west_slavic_clothing_gfx in song_dragon doesn't match existing sequence in czech
culture_template,1,Gfx culture eastern_unit_gfx in song_dragon doesn't match existing sequence in greek
culture_template,1,Gfx culture south_slavic_group_coa_gfx in song_dragon doesn't match existing sequence in croatian
culture_template,1,Gfx culture byzantine_building_gfx in brown_dragon doesn't match existing sequence in greek
culture_template,1,Gfx culture west_slavic_clothing_gfx in brown_dragon doesn't match existing sequence in czech
culture_template,1,Gfx culture eastern_unit_gfx in brown_dragon doesn't match existing sequence in greek
culture_template,1,Gfx culture south_slavic_group_coa_gfx in brown_dragon doesn't match existing sequence in croatian
culture_template,1,Gfx culture byzantine_building_gfx in dragonspawn doesn't match existing sequence in greek
culture_template,1,Gfx culture west_slavic_clothing_gfx in dragonspawn doesn't match existing sequence in czech
culture_template,1,Gfx culture eastern_unit_gfx in dragonspawn doesn't match existing sequence in greek
culture_template,1,Gfx culture south_slavic_group_coa_gfx in dragonspawn doesn't match existing sequence in croatian
culture_template,1,Gfx culture western_building_gfx in dragonborn doesn't match existing sequence in latgalian
culture_template,1,Gfx culture english_clothing_gfx in dragonborn doesn't match existing sequence in english
culture_template,1,Gfx culture eastern_unit_gfx in dragonborn doesn't match existing sequence in greek
culture_template,1,Gfx culture anglo_saxon_coa_gfx in dragonborn doesn't match existing sequence in anglo_saxon
culture_template,1,Gfx culture byzantine_building_gfx in strixiki doesn't match existing sequence in greek
culture_template,1,Gfx culture west_slavic_clothing_gfx in strixiki doesn't match existing sequence in czech
culture_template,1,Gfx culture eastern_unit_gfx in strixiki doesn't match existing sequence in greek
culture_template,1,Gfx culture south_slavic_group_coa_gfx in strixiki doesn't match existing sequence in croatian
culture_template,1,Gfx culture western_building_gfx in vayemniri doesn't match existing sequence in latgalian
culture_template,1,Gfx culture english_clothing_gfx in vayemniri doesn't match existing sequence in english
culture_template,1,Gfx culture eastern_unit_gfx in vayemniri doesn't match existing sequence in greek
culture_template,1,Gfx culture anglo_saxon_coa_gfx in vayemniri doesn't match existing sequence in anglo_saxon
culture_template,1,Gfx culture byzantine_building_gfx in thymari doesn't match existing sequence in greek
culture_template,1,Gfx culture byzantine_clothing_gfx in thymari doesn't match existing sequence in greek
culture_template,1,Gfx culture eastern_unit_gfx in thymari doesn't match existing sequence in greek
culture_template,1,Gfx culture byzantine_group_coa_gfx in thymari doesn't match existing sequence in greek
culture_template,1,Gfx culture byzantine_building_gfx in kobold doesn't match existing sequence in greek
culture_template,1,Gfx culture west_slavic_clothing_gfx in kobold doesn't match existing sequence in czech
culture_template,1,Gfx culture eastern_unit_gfx in kobold doesn't match existing sequence in greek
culture_template,1,Gfx culture south_slavic_group_coa_gfx in kobold doesn't match existing sequence in croatian
culture_template,1,Gfx culture byzantine_building_gfx in amphiptere doesn't match existing sequence in greek
culture_template,1,Gfx culture west_slavic_clothing_gfx in amphiptere doesn't match existing sequence in czech
culture_template,1,Gfx culture eastern_unit_gfx in amphiptere doesn't match existing sequence in greek
culture_template,1,Gfx culture south_slavic_group_coa_gfx in amphiptere doesn't match existing sequence in croatian
culture_template,1,Gfx culture western_building_gfx in arctic_dwarf doesn't match existing sequence in latgalian
culture_template,1,Gfx culture ugro_permian_clothing_gfx in arctic_dwarf doesn't match existing sequence in vepsian
culture_template,1,Gfx culture eastern_unit_gfx in arctic_dwarf doesn't match existing sequence in greek
culture_template,1,Gfx culture ugro_permian_group_coa_gfx in arctic_dwarf doesn't match existing sequence in komi
culture_template,1,Gfx culture byzantine_building_gfx in derro doesn't match existing sequence in greek
culture_template,1,Gfx culture byzantine_clothing_gfx in derro doesn't match existing sequence in greek
culture_template,1,Gfx culture eastern_unit_gfx in derro doesn't match existing sequence in greek
culture_template,1,Gfx culture byzantine_group_coa_gfx in derro doesn't match existing sequence in greek
culture_template,1,Gfx culture byzantine_building_gfx in duergar doesn't match existing sequence in greek
culture_template,1,Gfx culture byzantine_clothing_gfx in duergar doesn't match existing sequence in greek
culture_template,1,Gfx culture eastern_unit_gfx in duergar doesn't match existing sequence in greek
culture_template,1,Gfx culture byzantine_group_coa_gfx in duergar doesn't match existing sequence in greek
culture_template,1,Gfx culture byzantine_building_gfx in gold_dwarf doesn't match existing sequence in greek
culture_template,1,Gfx culture byzantine_clothing_gfx in gold_dwarf doesn't match existing sequence in greek
culture_template,1,Gfx culture eastern_unit_gfx in gold_dwarf doesn't match existing sequence in greek
culture_template,1,Gfx culture byzantine_group_coa_gfx in gold_dwarf doesn't match existing sequence in greek
culture_template,1,Gfx culture mena_building_gfx in korpokkur doesn't match existing sequence in hebrew
culture_template,1,Gfx culture turkic_clothing_gfx in korpokkur doesn't match existing sequence in mogyer
culture_template,1,Gfx culture eastern_unit_gfx in korpokkur doesn't match existing sequence in greek
culture_template,1,Gfx culture turkic_group_coa_gfx in korpokkur doesn't match existing sequence in cuman
culture_template,1,Gfx culture byzantine_building_gfx in shield_dwarf doesn't match existing sequence in greek
culture_template,1,Gfx culture byzantine_clothing_gfx in shield_dwarf doesn't match existing sequence in greek
culture_template,1,Gfx culture eastern_unit_gfx in shield_dwarf doesn't match existing sequence in greek
culture_template,1,Gfx culture byzantine_group_coa_gfx in shield_dwarf doesn't match existing sequence in greek
culture_template,1,Gfx culture indian_building_gfx in wild_dwarf doesn't match existing sequence in tamil
culture_template,1,Gfx culture indian_clothing_gfx in wild_dwarf doesn't match existing sequence in tamil
culture_template,1,Gfx culture eastern_unit_gfx in wild_dwarf doesn't match existing sequence in greek
culture_template,1,Gfx culture indo_aryan_group_coa_gfx in wild_dwarf doesn't match existing sequence in bengali
culture_template,1,Gfx culture byzantine_building_gfx in chultan_dwarf doesn't match existing sequence in greek
culture_template,1,Gfx culture byzantine_clothing_gfx in chultan_dwarf doesn't match existing sequence in greek
culture_template,1,Gfx culture eastern_unit_gfx in chultan_dwarf doesn't match existing sequence in greek
culture_template,1,Gfx culture byzantine_group_coa_gfx in chultan_dwarf doesn't match existing sequence in greek
culture_template,1,Gfx culture byzantine_building_gfx in earthfast_dwarf doesn't match existing sequence in greek
culture_template,1,Gfx culture byzantine_clothing_gfx in earthfast_dwarf doesn't match existing sequence in greek
culture_template,1,Gfx culture eastern_unit_gfx in earthfast_dwarf doesn't match existing sequence in greek
culture_template,1,Gfx culture byzantine_group_coa_gfx in earthfast_dwarf doesn't match existing sequence in greek
culture_template,1,Gfx culture byzantine_building_gfx in earthroot_dwarf doesn't match existing sequence in greek
culture_template,1,Gfx culture byzantine_clothing_gfx in earthroot_dwarf doesn't match existing sequence in greek
culture_template,1,Gfx culture eastern_unit_gfx in earthroot_dwarf doesn't match existing sequence in greek
culture_template,1,Gfx culture byzantine_group_coa_gfx in earthroot_dwarf doesn't match existing sequence in greek
culture_template,1,Gfx culture byzantine_building_gfx in urdunnir doesn't match existing sequence in greek
culture_template,1,Gfx culture byzantine_clothing_gfx in urdunnir doesn't match existing sequence in greek
culture_template,1,Gfx culture eastern_unit_gfx in urdunnir doesn't match existing sequence in greek
culture_template,1,Gfx culture byzantine_group_coa_gfx in urdunnir doesn't match existing sequence in greek
culture_template,1,Gfx culture mena_building_gfx in dark_elf doesn't match existing sequence in hebrew
culture_template,1,Gfx culture turkic_clothing_gfx in dark_elf doesn't match existing sequence in mogyer
culture_template,1,Gfx culture mena_unit_gfx in dark_elf doesn't match existing sequence in bedouin
culture_template,1,Gfx culture turkic_group_coa_gfx in dark_elf doesn't match existing sequence in cuman
culture_template,1,Gfx culture mena_building_gfx in drow doesn't match existing sequence in hebrew
culture_template,1,Gfx culture turkic_clothing_gfx in drow doesn't match existing sequence in mogyer
culture_template,1,Gfx culture mena_unit_gfx in drow doesn't match existing sequence in bedouin
culture_template,1,Gfx culture turkic_group_coa_gfx in drow doesn't match existing sequence in cuman
culture_template,1,Gfx culture mena_building_gfx in lorendrow doesn't match existing sequence in hebrew
culture_template,1,Gfx culture turkic_clothing_gfx in lorendrow doesn't match existing sequence in mogyer
culture_template,1,Gfx culture mena_unit_gfx in lorendrow doesn't match existing sequence in bedouin
culture_template,1,Gfx culture turkic_group_coa_gfx in lorendrow doesn't match existing sequence in cuman
culture_template,1,Gfx culture mena_building_gfx in aevendrow doesn't match existing sequence in hebrew
culture_template,1,Gfx culture turkic_clothing_gfx in aevendrow doesn't match existing sequence in mogyer
culture_template,1,Gfx culture mena_unit_gfx in aevendrow doesn't match existing sequence in bedouin
culture_template,1,Gfx culture turkic_group_coa_gfx in aevendrow doesn't match existing sequence in cuman
culture_template,1,Gfx culture mena_building_gfx in crinti doesn't match existing sequence in hebrew
culture_template,1,Gfx culture turkic_clothing_gfx in crinti doesn't match existing sequence in mogyer
culture_template,1,Gfx culture mena_unit_gfx in crinti doesn't match existing sequence in bedouin
culture_template,1,Gfx culture turkic_group_coa_gfx in crinti doesn't match existing sequence in cuman
culture_template,1,Gfx culture mena_building_gfx in draegloth doesn't match existing sequence in hebrew
culture_template,1,Gfx culture turkic_clothing_gfx in draegloth doesn't match existing sequence in mogyer
culture_template,1,Gfx culture mena_unit_gfx in draegloth doesn't match existing sequence in bedouin
culture_template,1,Gfx culture turkic_group_coa_gfx in draegloth doesn't match existing sequence in cuman
culture_template,1,Gfx culture mediterranean_building_gfx in moon_elf doesn't match existing sequence in gothic
culture_template,1,Gfx culture mediterranean_building_gfx in sun_elf doesn't match existing sequence in gothic
culture_template,1,Gfx culture mediterranean_building_gfx in astral_elf doesn't match existing sequence in gothic
culture_template,1,Gfx culture mediterranean_building_gfx in feyri doesn't match existing sequence in gothic
culture_template,1,Gfx culture mediterranean_building_gfx in sea_elf doesn't match existing sequence in gothic
culture_template,1,Gfx culture mediterranean_building_gfx in snow_elf doesn't match existing sequence in gothic
culture_template,1,Gfx culture mediterranean_building_gfx in avariel doesn't match existing sequence in gothic
culture_template,1,Gfx culture mediterranean_building_gfx in llewyrr doesn't match existing sequence in gothic
culture_template,1,Gfx culture mediterranean_building_gfx in half_sun_elf doesn't match existing sequence in gothic
culture_template,1,Gfx culture mediterranean_building_gfx in half_moon_elf doesn't match existing sequence in gothic
culture_template,1,Gfx culture mediterranean_building_gfx in half_sea_elf doesn't match existing sequence in gothic
culture_template,1,Gfx culture northern_clothing_gfx in green_elf doesn't match existing sequence in latgalian
culture_template,1,Gfx culture northern_unit_gfx in green_elf doesn't match existing sequence in latgalian
culture_template,1,Gfx culture baltic_group_coa_gfx in green_elf doesn't match existing sequence in latgalian
culture_template,1,Gfx culture northern_clothing_gfx in yuir_elf doesn't match existing sequence in latgalian
culture_template,1,Gfx culture northern_unit_gfx in yuir_elf doesn't match existing sequence in latgalian
culture_template,1,Gfx culture baltic_group_coa_gfx in yuir_elf doesn't match existing sequence in latgalian
culture_template,1,Gfx culture northern_clothing_gfx in wood_elf doesn't match existing sequence in latgalian
culture_template,1,Gfx culture northern_unit_gfx in wood_elf doesn't match existing sequence in latgalian
culture_template,1,Gfx culture baltic_group_coa_gfx in wood_elf doesn't match existing sequence in latgalian
culture_template,1,Gfx culture northern_clothing_gfx in lythari doesn't match existing sequence in latgalian
culture_template,1,Gfx culture northern_unit_gfx in lythari doesn't match existing sequence in latgalian
culture_template,1,Gfx culture baltic_group_coa_gfx in lythari doesn't match existing sequence in latgalian
culture_template,1,Gfx culture african_building_gfx in poscadar doesn't match existing sequence in akan
culture_template,1,Gfx culture african_clothing_gfx in poscadar doesn't match existing sequence in akan
culture_template,1,Gfx culture northern_unit_gfx in poscadar doesn't match existing sequence in latgalian
culture_template,1,Gfx culture western_coa_gfx in poscadar doesn't match existing sequence in hungarian
culture_template,1,Gfx culture northern_clothing_gfx in half_wood_elf doesn't match existing sequence in latgalian
culture_template,1,Gfx culture northern_unit_gfx in half_wood_elf doesn't match existing sequence in latgalian
culture_template,1,Gfx culture baltic_group_coa_gfx in half_wood_elf doesn't match existing sequence in latgalian
culture_template,1,Gfx culture northern_clothing_gfx in half_green_elf doesn't match existing sequence in latgalian
culture_template,1,Gfx culture northern_unit_gfx in half_green_elf doesn't match existing sequence in latgalian
culture_template,1,Gfx culture baltic_group_coa_gfx in half_green_elf doesn't match existing sequence in latgalian
culture_template,1,Gfx culture western_building_gfx in eladrin doesn't match existing sequence in latgalian
culture_template,1,Gfx culture northern_clothing_gfx in eladrin doesn't match existing sequence in latgalian
culture_template,1,Gfx culture northern_unit_gfx in eladrin doesn't match existing sequence in latgalian
culture_template,1,Gfx culture baltic_group_coa_gfx in eladrin doesn't match existing sequence in latgalian
culture_template,1,Gfx culture western_building_gfx in star_elf doesn't match existing sequence in latgalian
culture_template,1,Gfx culture northern_clothing_gfx in star_elf doesn't match existing sequence in latgalian
culture_template,1,Gfx culture northern_unit_gfx in star_elf doesn't match existing sequence in latgalian
culture_template,1,Gfx culture baltic_group_coa_gfx in star_elf doesn't match existing sequence in latgalian
culture_template,1,Gfx culture western_building_gfx in shadar_kai doesn't match existing sequence in latgalian
culture_template,1,Gfx culture northern_clothing_gfx in shadar_kai doesn't match existing sequence in latgalian
culture_template,1,Gfx culture northern_unit_gfx in shadar_kai doesn't match existing sequence in latgalian
culture_template,1,Gfx culture baltic_group_coa_gfx in shadar_kai doesn't match existing sequence in latgalian
culture_template,1,Gfx culture western_building_gfx in maraloi doesn't match existing sequence in latgalian
culture_template,1,Gfx culture northern_clothing_gfx in maraloi doesn't match existing sequence in latgalian
culture_template,1,Gfx culture northern_unit_gfx in maraloi doesn't match existing sequence in latgalian
culture_template,1,Gfx culture baltic_group_coa_gfx in maraloi doesn't match existing sequence in latgalian
culture_template,1,Gfx culture western_building_gfx in leshay doesn't match existing sequence in latgalian
culture_template,1,Gfx culture northern_clothing_gfx in leshay doesn't match existing sequence in latgalian
culture_template,1,Gfx culture northern_unit_gfx in leshay doesn't match existing sequence in latgalian
culture_template,1,Gfx culture baltic_group_coa_gfx in leshay doesn't match existing sequence in latgalian
culture_template,1,Gfx culture western_building_gfx in half_eladrin doesn't match existing sequence in latgalian
culture_template,1,Gfx culture northern_clothing_gfx in half_eladrin doesn't match existing sequence in latgalian
culture_template,1,Gfx culture northern_unit_gfx in half_eladrin doesn't match existing sequence in latgalian
culture_template,1,Gfx culture baltic_group_coa_gfx in half_eladrin doesn't match existing sequence in latgalian
culture_template,1,Gfx culture western_building_gfx in half_shadar_kai doesn't match existing sequence in latgalian
culture_template,1,Gfx culture northern_clothing_gfx in half_shadar_kai doesn't match existing sequence in latgalian
culture_template,1,Gfx culture northern_unit_gfx in half_shadar_kai doesn't match existing sequence in latgalian
culture_template,1,Gfx culture baltic_group_coa_gfx in half_shadar_kai doesn't match existing sequence in latgalian
culture_template,1,Gfx culture byzantine_building_gfx in cloud_giant doesn't match existing sequence in greek
culture_template,1,Gfx culture byzantine_clothing_gfx in cloud_giant doesn't match existing sequence in greek
culture_template,1,Gfx culture norse_unit_gfx in cloud_giant doesn't match existing sequence in norse
culture_template,1,Gfx culture byzantine_group_coa_gfx in cloud_giant doesn't match existing sequence in greek
culture_template,1,Gfx culture byzantine_building_gfx in fire_giant doesn't match existing sequence in greek
culture_template,1,Gfx culture byzantine_clothing_gfx in fire_giant doesn't match existing sequence in greek
culture_template,1,Gfx culture norse_unit_gfx in fire_giant doesn't match existing sequence in norse
culture_template,1,Gfx culture byzantine_group_coa_gfx in fire_giant doesn't match existing sequence in greek
culture_template,1,Gfx culture norse_building_gfx in frost_giant doesn't match existing sequence in norse
culture_template,1,Gfx culture fpN_norse_clothing_gfx in frost_giant doesn't match existing sequence in norse
culture_template,1,Gfx culture norse_unit_gfx in frost_giant doesn't match existing sequence in norse
culture_template,1,Gfx culture norse_building_gfx in fog_giant doesn't match existing sequence in norse
culture_template,1,Gfx culture fpN_norse_clothing_gfx in fog_giant doesn't match existing sequence in norse
culture_template,1,Gfx culture norse_unit_gfx in fog_giant doesn't match existing sequence in norse
culture_template,1,Gfx culture norse_building_gfx in hill_giant doesn't match existing sequence in norse
culture_template,1,Gfx culture fpN_norse_clothing_gfx in hill_giant doesn't match existing sequence in norse
culture_template,1,Gfx culture norse_unit_gfx in hill_giant doesn't match existing sequence in norse
culture_template,1,Gfx culture norse_building_gfx in mountain_giant doesn't match existing sequence in norse
culture_template,1,Gfx culture fpN_norse_clothing_gfx in mountain_giant doesn't match existing sequence in norse
culture_template,1,Gfx culture norse_unit_gfx in mountain_giant doesn't match existing sequence in norse
culture_template,1,Gfx culture norse_building_gfx in stone_giant doesn't match existing sequence in norse
culture_template,1,Gfx culture fpN_norse_clothing_gfx in stone_giant doesn't match existing sequence in norse
culture_template,1,Gfx culture norse_unit_gfx in stone_giant doesn't match existing sequence in norse
culture_template,1,Gfx culture norse_building_gfx in ash_giant doesn't match existing sequence in norse
culture_template,1,Gfx culture fpN_norse_clothing_gfx in ash_giant doesn't match existing sequence in norse
culture_template,1,Gfx culture norse_unit_gfx in ash_giant doesn't match existing sequence in norse
culture_template,1,Gfx culture byzantine_building_gfx in storm_giant doesn't match existing sequence in greek
culture_template,1,Gfx culture byzantine_clothing_gfx in storm_giant doesn't match existing sequence in greek
culture_template,1,Gfx culture norse_unit_gfx in storm_giant doesn't match existing sequence in norse
culture_template,1,Gfx culture byzantine_group_coa_gfx in storm_giant doesn't match existing sequence in greek
culture_template,1,Gfx culture norse_building_gfx in fomorian doesn't match existing sequence in norse
culture_template,1,Gfx culture fpN_norse_clothing_gfx in fomorian doesn't match existing sequence in norse
culture_template,1,Gfx culture norse_unit_gfx in fomorian doesn't match existing sequence in norse
culture_template,1,Gfx culture norse_building_gfx in ogre doesn't match existing sequence in norse
culture_template,1,Gfx culture fpN_norse_clothing_gfx in ogre doesn't match existing sequence in norse
culture_template,1,Gfx culture norse_unit_gfx in ogre doesn't match existing sequence in norse
culture_template,1,Gfx culture western_building_gfx in ogrima doesn't match existing sequence in latgalian
culture_template,1,Gfx culture sami_clothing_gfx in ogrima doesn't match existing sequence in sami
culture_template,1,Gfx culture norse_unit_gfx in ogrima doesn't match existing sequence in norse
culture_template,1,Gfx culture balto_finnic_group_coa_gfx in ogrima doesn't match existing sequence in finnish
culture_template,1,Gfx culture western_building_gfx in merrow doesn't match existing sequence in latgalian
culture_template,1,Gfx culture sami_clothing_gfx in merrow doesn't match existing sequence in sami
culture_template,1,Gfx culture norse_unit_gfx in merrow doesn't match existing sequence in norse
culture_template,1,Gfx culture balto_finnic_group_coa_gfx in merrow doesn't match existing sequence in finnish
culture_template,1,Gfx culture western_building_gfx in ogre_magi doesn't match existing sequence in latgalian
culture_template,1,Gfx culture sami_clothing_gfx in ogre_magi doesn't match existing sequence in sami
culture_template,1,Gfx culture norse_unit_gfx in ogre_magi doesn't match existing sequence in norse
culture_template,1,Gfx culture balto_finnic_group_coa_gfx in ogre_magi doesn't match existing sequence in finnish
culture_template,1,Gfx culture western_building_gfx in red_oni doesn't match existing sequence in latgalian
culture_template,1,Gfx culture sami_clothing_gfx in red_oni doesn't match existing sequence in sami
culture_template,1,Gfx culture norse_unit_gfx in red_oni doesn't match existing sequence in norse
culture_template,1,Gfx culture balto_finnic_group_coa_gfx in red_oni doesn't match existing sequence in finnish
culture_template,1,Gfx culture norse_building_gfx in voadkyn doesn't match existing sequence in norse
culture_template,1,Gfx culture fpN_norse_clothing_gfx in voadkyn doesn't match existing sequence in norse
culture_template,1,Gfx culture norse_unit_gfx in voadkyn doesn't match existing sequence in norse
culture_template,1,Gfx culture norse_coa_gfx in voadkyn doesn't match existing sequence in norse
culture_template,1,Gfx culture norse_building_gfx in verbeeg doesn't match existing sequence in norse
culture_template,1,Gfx culture fpN_norse_clothing_gfx in verbeeg doesn't match existing sequence in norse
culture_template,1,Gfx culture norse_unit_gfx in verbeeg doesn't match existing sequence in norse
culture_template,1,Gfx culture norse_coa_gfx in verbeeg doesn't match existing sequence in norse
culture_template,1,Gfx culture norse_building_gfx in firbolg doesn't match existing sequence in norse
culture_template,1,Gfx culture fpN_norse_clothing_gfx in firbolg doesn't match existing sequence in norse
culture_template,1,Gfx culture norse_unit_gfx in firbolg doesn't match existing sequence in norse
culture_template,1,Gfx culture norse_coa_gfx in firbolg doesn't match existing sequence in norse
culture_template,1,Gfx culture norse_building_gfx in half_ogre doesn't match existing sequence in norse
culture_template,1,Gfx culture fpN_norse_clothing_gfx in half_ogre doesn't match existing sequence in norse
culture_template,1,Gfx culture norse_unit_gfx in half_ogre doesn't match existing sequence in norse
culture_template,1,Gfx culture mena_building_gfx in desert_giant doesn't match existing sequence in hebrew
culture_template,1,Gfx culture mena_clothing_gfx in desert_giant doesn't match existing sequence in ethiopian
culture_template,1,Gfx culture mena_unit_gfx in desert_giant doesn't match existing sequence in bedouin
culture_template,1,Gfx culture arabic_group_coa_gfx in desert_giant doesn't match existing sequence in bedouin
culture_template,1,Gfx culture african_building_gfx in jungle_giant doesn't match existing sequence in akan
culture_template,1,Gfx culture african_clothing_gfx in jungle_giant doesn't match existing sequence in akan
culture_template,1,Gfx culture mena_unit_gfx in jungle_giant doesn't match existing sequence in bedouin
culture_template,1,Gfx culture western_coa_gfx in jungle_giant doesn't match existing sequence in hungarian
culture_template,1,Gfx culture african_building_gfx in reef_giant doesn't match existing sequence in akan
culture_template,1,Gfx culture african_clothing_gfx in reef_giant doesn't match existing sequence in akan
culture_template,1,Gfx culture mena_unit_gfx in reef_giant doesn't match existing sequence in bedouin
culture_template,1,Gfx culture western_coa_gfx in reef_giant doesn't match existing sequence in hungarian
culture_template,1,Gfx culture african_building_gfx in island_giant doesn't match existing sequence in akan
culture_template,1,Gfx culture african_clothing_gfx in island_giant doesn't match existing sequence in akan
culture_template,1,Gfx culture mena_unit_gfx in island_giant doesn't match existing sequence in bedouin
culture_template,1,Gfx culture western_coa_gfx in island_giant doesn't match existing sequence in hungarian
culture_template,1,Gfx culture mena_building_gfx in earth_titan doesn't match existing sequence in hebrew
culture_template,1,Gfx culture mena_clothing_gfx in earth_titan doesn't match existing sequence in ethiopian
culture_template,1,Gfx culture northern_unit_gfx in earth_titan doesn't match existing sequence in latgalian
culture_template,1,Gfx culture arabic_group_coa_gfx in earth_titan doesn't match existing sequence in bedouin
culture_template,1,Gfx culture mena_building_gfx in sand_giant doesn't match existing sequence in hebrew
culture_template,1,Gfx culture mena_clothing_gfx in sand_giant doesn't match existing sequence in ethiopian
culture_template,1,Gfx culture northern_unit_gfx in sand_giant doesn't match existing sequence in latgalian
culture_template,1,Gfx culture arabic_group_coa_gfx in sand_giant doesn't match existing sequence in bedouin
culture_template,1,Gfx culture western_building_gfx in troll doesn't match existing sequence in latgalian
culture_template,1,Gfx culture ugro_permian_clothing_gfx in troll doesn't match existing sequence in vepsian
culture_template,1,Gfx culture northern_unit_gfx in troll doesn't match existing sequence in latgalian
culture_template,1,Gfx culture ugro_permian_group_coa_gfx in troll doesn't match existing sequence in komi
culture_template,1,Gfx culture western_building_gfx in goliath doesn't match existing sequence in latgalian
culture_template,1,Gfx culture sami_clothing_gfx in goliath doesn't match existing sequence in sami
culture_template,1,Gfx culture northern_unit_gfx in goliath doesn't match existing sequence in latgalian
culture_template,1,Gfx culture balto_finnic_group_coa_gfx in goliath doesn't match existing sequence in finnish
culture_template,1,Gfx culture western_building_gfx in storm_goliath doesn't match existing sequence in latgalian
culture_template,1,Gfx culture sami_clothing_gfx in storm_goliath doesn't match existing sequence in sami
culture_template,1,Gfx culture northern_unit_gfx in storm_goliath doesn't match existing sequence in latgalian
culture_template,1,Gfx culture balto_finnic_group_coa_gfx in storm_goliath doesn't match existing sequence in finnish
culture_template,1,Gfx culture western_building_gfx in cloud_goliath doesn't match existing sequence in latgalian
culture_template,1,Gfx culture sami_clothing_gfx in cloud_goliath doesn't match existing sequence in sami
culture_template,1,Gfx culture northern_unit_gfx in cloud_goliath doesn't match existing sequence in latgalian
culture_template,1,Gfx culture balto_finnic_group_coa_gfx in cloud_goliath doesn't match existing sequence in finnish
culture_template,1,Gfx culture western_building_gfx in fire_goliath doesn't match existing sequence in latgalian
culture_template,1,Gfx culture sami_clothing_gfx in fire_goliath doesn't match existing sequence in sami
culture_template,1,Gfx culture northern_unit_gfx in fire_goliath doesn't match existing sequence in latgalian
culture_template,1,Gfx culture balto_finnic_group_coa_gfx in fire_goliath doesn't match existing sequence in finnish
culture_template,1,Gfx culture western_building_gfx in frost_goliath doesn't match existing sequence in latgalian
culture_template,1,Gfx culture sami_clothing_gfx in frost_goliath doesn't match existing sequence in sami
culture_template,1,Gfx culture northern_unit_gfx in frost_goliath doesn't match existing sequence in latgalian
culture_template,1,Gfx culture balto_finnic_group_coa_gfx in frost_goliath doesn't match existing sequence in finnish
culture_template,1,Gfx culture western_building_gfx in half_giant doesn't match existing sequence in latgalian
culture_template,1,Gfx culture ugro_permian_clothing_gfx in half_giant doesn't match existing sequence in vepsian
culture_template,1,Gfx culture northern_unit_gfx in half_giant doesn't match existing sequence in latgalian
culture_template,1,Gfx culture ugro_permian_group_coa_gfx in half_giant doesn't match existing sequence in komi
culture_template,1,Gfx culture mediterranean_building_gfx in gontese doesn't match existing sequence in gothic
culture_template,1,Gfx culture western_clothing_gfx in gontese doesn't match existing sequence in pictish
culture_template,1,Gfx culture western_unit_gfx in gontese doesn't match existing sequence in pictish
culture_template,1,Gfx culture latin_group_coa_gfx in gontese doesn't match existing sequence in gothic
culture_template,1,Gfx culture mediterranean_building_gfx in dusker doesn't match existing sequence in gothic
culture_template,1,Gfx culture french_clothing_gfx in dusker doesn't match existing sequence in frankish
culture_template,1,Gfx culture western_unit_gfx in dusker doesn't match existing sequence in pictish
culture_template,1,Gfx culture occitan_coa_gfx in dusker doesn't match existing sequence in occitan
culture_template,1,Gfx culture mediterranean_building_gfx in windriser doesn't match existing sequence in gothic
culture_template,1,Gfx culture western_clothing_gfx in windriser doesn't match existing sequence in pictish
culture_template,1,Gfx culture western_unit_gfx in windriser doesn't match existing sequence in pictish
culture_template,1,Gfx culture latin_group_coa_gfx in windriser doesn't match existing sequence in gothic
culture_template,1,Gfx culture western_building_gfx in eskornar doesn't match existing sequence in latgalian
culture_template,1,Gfx culture cornish_clothing_gfx in eskornar doesn't match existing sequence in cornish
culture_template,1,Gfx culture western_unit_gfx in eskornar doesn't match existing sequence in pictish
culture_template,1,Gfx culture irish_coa_gfx in eskornar doesn't match existing sequence in irish
culture_template,1,Gfx culture mediterranean_building_gfx in shyran doesn't match existing sequence in gothic
culture_template,1,Gfx culture french_clothing_gfx in shyran doesn't match existing sequence in frankish
culture_template,1,Gfx culture western_unit_gfx in shyran doesn't match existing sequence in pictish
culture_template,1,Gfx culture occitan_coa_gfx in shyran doesn't match existing sequence in occitan
culture_template,1,Gfx culture iranian_building_gfx in amran doesn't match existing sequence in brahui
culture_template,1,Gfx culture iranian_clothing_gfx in amran doesn't match existing sequence in brahui
culture_template,1,Gfx culture western_unit_gfx in amran doesn't match existing sequence in pictish
culture_template,1,Gfx culture iranian_group_coa_gfx in amran doesn't match existing sequence in persian
culture_template,1,Gfx culture tibetan_building_gfx in wuhaltai doesn't match existing sequence in nepali
culture_template,1,Gfx culture tangut_clothing_gfx in wuhaltai doesn't match existing sequence in tangut
culture_template,1,Gfx culture eastern_unit_gfx in wuhaltai doesn't match existing sequence in greek
culture_template,1,Gfx culture tibetan_group_coa_gfx in wuhaltai doesn't match existing sequence in bodpa
culture_template,1,Gfx culture tibetan_building_gfx in issacortae doesn't match existing sequence in nepali
culture_template,1,Gfx culture tangut_clothing_gfx in issacortae doesn't match existing sequence in tangut
culture_template,1,Gfx culture eastern_unit_gfx in issacortae doesn't match existing sequence in greek
culture_template,1,Gfx culture tibetan_group_coa_gfx in issacortae doesn't match existing sequence in bodpa
culture_template,1,Gfx culture tibetan_building_gfx in pazruki doesn't match existing sequence in nepali
culture_template,1,Gfx culture tangut_clothing_gfx in pazruki doesn't match existing sequence in tangut
culture_template,1,Gfx culture eastern_unit_gfx in pazruki doesn't match existing sequence in greek
culture_template,1,Gfx culture tibetan_group_coa_gfx in pazruki doesn't match existing sequence in bodpa
culture_template,1,Gfx culture tibetan_building_gfx in tayanulchi doesn't match existing sequence in nepali
culture_template,1,Gfx culture tangut_clothing_gfx in tayanulchi doesn't match existing sequence in tangut
culture_template,1,Gfx culture eastern_unit_gfx in tayanulchi doesn't match existing sequence in greek
culture_template,1,Gfx culture tibetan_group_coa_gfx in tayanulchi doesn't match existing sequence in bodpa
culture_template,1,Gfx culture iranian_building_gfx in kochar doesn't match existing sequence in brahui
culture_template,1,Gfx culture iranian_clothing_gfx in kochar doesn't match existing sequence in brahui
culture_template,1,Gfx culture iranian_unit_gfx in kochar doesn't match existing sequence in brahui
culture_template,1,Gfx culture iranian_group_coa_gfx in kochar doesn't match existing sequence in persian
culture_template,1,Gfx culture iranian_building_gfx in aslanlar doesn't match existing sequence in brahui
culture_template,1,Gfx culture iranian_clothing_gfx in aslanlar doesn't match existing sequence in brahui
culture_template,1,Gfx culture iranian_unit_gfx in aslanlar doesn't match existing sequence in brahui
culture_template,1,Gfx culture iranian_group_coa_gfx in aslanlar doesn't match existing sequence in persian
culture_template,1,Gfx culture iranian_building_gfx in djen doesn't match existing sequence in brahui
culture_template,1,Gfx culture iranian_clothing_gfx in djen doesn't match existing sequence in brahui
culture_template,1,Gfx culture iranian_unit_gfx in djen doesn't match existing sequence in brahui
culture_template,1,Gfx culture iranian_group_coa_gfx in djen doesn't match existing sequence in persian
culture_template,1,Gfx culture iranian_building_gfx in tethan doesn't match existing sequence in brahui
culture_template,1,Gfx culture iranian_clothing_gfx in tethan doesn't match existing sequence in brahui
culture_template,1,Gfx culture iranian_unit_gfx in tethan doesn't match existing sequence in brahui
culture_template,1,Gfx culture iranian_group_coa_gfx in tethan doesn't match existing sequence in persian
culture_template,1,Gfx culture iranian_building_gfx in arnadar doesn't match existing sequence in brahui
culture_template,1,Gfx culture iranian_clothing_gfx in arnadar doesn't match existing sequence in brahui
culture_template,1,Gfx culture iranian_unit_gfx in arnadar doesn't match existing sequence in brahui
culture_template,1,Gfx culture iranian_group_coa_gfx in arnadar doesn't match existing sequence in persian
culture_template,1,Gfx culture iberian_building_gfx in nelanthern doesn't match existing sequence in andalusian
culture_template,1,Gfx culture iberian_muslim_clothing_gfx in nelanthern doesn't match existing sequence in andalusian
culture_template,1,Gfx culture western_unit_gfx in nelanthern doesn't match existing sequence in pictish
culture_template,1,Gfx culture iberian_group_coa_gfx in nelanthern doesn't match existing sequence in basque
culture_template,1,Gfx culture iranian_building_gfx in shoon doesn't match existing sequence in brahui
culture_template,1,Gfx culture iranian_clothing_gfx in shoon doesn't match existing sequence in brahui
culture_template,1,Gfx culture iranian_unit_gfx in shoon doesn't match existing sequence in brahui
culture_template,1,Gfx culture iranian_group_coa_gfx in shoon doesn't match existing sequence in persian
culture_template,1,Gfx culture mediterranean_building_gfx in borderer doesn't match existing sequence in gothic
culture_template,1,Gfx culture western_clothing_gfx in borderer doesn't match existing sequence in pictish
culture_template,1,Gfx culture iranian_unit_gfx in borderer doesn't match existing sequence in brahui
culture_template,1,Gfx culture latin_group_coa_gfx in borderer doesn't match existing sequence in gothic
culture_template,1,Gfx culture african_building_gfx in turmic doesn't match existing sequence in akan
culture_template,1,Gfx culture african_clothing_gfx in turmic doesn't match existing sequence in akan
culture_template,1,Gfx culture iranian_unit_gfx in turmic doesn't match existing sequence in brahui
culture_template,1,Gfx culture central_african_group_coa_gfx in turmic doesn't match existing sequence in kanuri
culture_template,1,Gfx culture iranian_building_gfx in skulk doesn't match existing sequence in brahui
culture_template,1,Gfx culture iranian_clothing_gfx in skulk doesn't match existing sequence in brahui
culture_template,1,Gfx culture iranian_unit_gfx in skulk doesn't match existing sequence in brahui
culture_template,1,Gfx culture iranian_group_coa_gfx in skulk doesn't match existing sequence in persian
culture_template,1,Gfx culture japanese_building_gfx in kozakuran doesn't match existing sequence in japanese
culture_template,1,Gfx culture japanese_clothing_gfx in kozakuran doesn't match existing sequence in japanese
culture_template,1,Gfx culture chinese_unit_gfx in kozakuran doesn't match existing sequence in han
culture_template,1,Gfx culture japanese_coa_gfx in kozakuran doesn't match existing sequence in japanese
culture_template,1,Gfx culture japanese_building_gfx in wanese doesn't match existing sequence in japanese
culture_template,1,Gfx culture japanese_clothing_gfx in wanese doesn't match existing sequence in japanese
culture_template,1,Gfx culture chinese_unit_gfx in wanese doesn't match existing sequence in han
culture_template,1,Gfx culture japanese_coa_gfx in wanese doesn't match existing sequence in japanese
culture_template,1,Gfx culture chinese_building_gfx in koryoan doesn't match existing sequence in han
culture_template,1,Gfx culture korean_clothing_gfx in koryoan doesn't match existing sequence in goryeo
culture_template,1,Gfx culture chinese_unit_gfx in koryoan doesn't match existing sequence in han
culture_template,1,Gfx culture chinese_group_coa_gfx in koryoan doesn't match existing sequence in han
culture_template,1,Gfx culture east_slavic_clothing_gfx in raumviran doesn't match existing sequence in russian
culture_template,1,Gfx culture eastern_unit_gfx in raumviran doesn't match existing sequence in greek
culture_template,1,Gfx culture east_slavic_clothing_gfx in rashemi doesn't match existing sequence in russian
culture_template,1,Gfx culture eastern_unit_gfx in rashemi doesn't match existing sequence in greek
culture_template,1,Gfx culture western_building_gfx in sossrim doesn't match existing sequence in latgalian
culture_template,1,Gfx culture ugro_permian_clothing_gfx in sossrim doesn't match existing sequence in vepsian
culture_template,1,Gfx culture eastern_unit_gfx in sossrim doesn't match existing sequence in greek
culture_template,1,Gfx culture ugro_permian_group_coa_gfx in sossrim doesn't match existing sequence in komi
culture_template,1,Gfx culture east_slavic_clothing_gfx in nar doesn't match existing sequence in russian
culture_template,1,Gfx culture eastern_unit_gfx in nar doesn't match existing sequence in greek
culture_template,1,Gfx culture iberian_building_gfx in arkaiun doesn't match existing sequence in andalusian
culture_template,1,Gfx culture iberian_muslim_clothing_gfx in arkaiun doesn't match existing sequence in andalusian
culture_template,1,Gfx culture eastern_unit_gfx in arkaiun doesn't match existing sequence in greek
culture_template,1,Gfx culture iberian_group_coa_gfx in arkaiun doesn't match existing sequence in basque
culture_template,1,Gfx culture byzantine_building_gfx in aglarondan doesn't match existing sequence in greek
culture_template,1,Gfx culture west_slavic_clothing_gfx in aglarondan doesn't match existing sequence in czech
culture_template,1,Gfx culture eastern_unit_gfx in aglarondan doesn't match existing sequence in greek
culture_template,1,Gfx culture south_slavic_group_coa_gfx in aglarondan doesn't match existing sequence in croatian
culture_template,1,Gfx culture western_building_gfx in damaran doesn't match existing sequence in latgalian
culture_template,1,Gfx culture west_slavic_clothing_gfx in damaran doesn't match existing sequence in czech
culture_template,1,Gfx culture eastern_unit_gfx in damaran doesn't match existing sequence in greek
culture_template,1,Gfx culture west_slavic_group_coa_gfx in damaran doesn't match existing sequence in pommeranian
culture_template,1,Gfx culture western_building_gfx in vaasan doesn't match existing sequence in latgalian
culture_template,1,Gfx culture west_slavic_clothing_gfx in vaasan doesn't match existing sequence in czech
culture_template,1,Gfx culture eastern_unit_gfx in vaasan doesn't match existing sequence in greek
culture_template,1,Gfx culture west_slavic_group_coa_gfx in vaasan doesn't match existing sequence in pommeranian
culture_template,1,Gfx culture western_building_gfx in tharian doesn't match existing sequence in latgalian
culture_template,1,Gfx culture west_slavic_clothing_gfx in tharian doesn't match existing sequence in czech
culture_template,1,Gfx culture eastern_unit_gfx in tharian doesn't match existing sequence in greek
culture_template,1,Gfx culture west_slavic_group_coa_gfx in tharian doesn't match existing sequence in pommeranian
culture_template,1,Gfx culture byzantine_building_gfx in impilturan doesn't match existing sequence in greek
culture_template,1,Gfx culture west_slavic_clothing_gfx in impilturan doesn't match existing sequence in czech
culture_template,1,Gfx culture eastern_unit_gfx in impilturan doesn't match existing sequence in greek
culture_template,1,Gfx culture south_slavic_group_coa_gfx in impilturan doesn't match existing sequence in croatian
culture_template,1,Gfx culture western_building_gfx in chondathan doesn't match existing sequence in latgalian
culture_template,1,Gfx culture french_clothing_gfx in chondathan doesn't match existing sequence in frankish
culture_template,1,Gfx culture frankish_group_coa_gfx in chondathan doesn't match existing sequence in frankish
culture_template,1,Gfx culture western_building_gfx in vilhonian doesn't match existing sequence in latgalian
culture_template,1,Gfx culture french_clothing_gfx in vilhonian doesn't match existing sequence in frankish
culture_template,1,Gfx culture frankish_group_coa_gfx in vilhonian doesn't match existing sequence in frankish
culture_template,1,Gfx culture western_building_gfx in cormyrean doesn't match existing sequence in latgalian
culture_template,1,Gfx culture french_clothing_gfx in cormyrean doesn't match existing sequence in frankish
culture_template,1,Gfx culture frankish_group_coa_gfx in cormyrean doesn't match existing sequence in frankish
culture_template,1,Gfx culture western_building_gfx in dalesman doesn't match existing sequence in latgalian
culture_template,1,Gfx culture french_clothing_gfx in dalesman doesn't match existing sequence in frankish
culture_template,1,Gfx culture frankish_group_coa_gfx in dalesman doesn't match existing sequence in frankish
culture_template,1,Gfx culture western_building_gfx in draeven doesn't match existing sequence in latgalian
culture_template,1,Gfx culture french_clothing_gfx in draeven doesn't match existing sequence in frankish
culture_template,1,Gfx culture frankish_group_coa_gfx in draeven doesn't match existing sequence in frankish
culture_template,1,Gfx culture western_building_gfx in reacher doesn't match existing sequence in latgalian
culture_template,1,Gfx culture french_clothing_gfx in reacher doesn't match existing sequence in frankish
culture_template,1,Gfx culture frankish_group_coa_gfx in reacher doesn't match existing sequence in frankish
culture_template,1,Gfx culture western_building_gfx in sembite doesn't match existing sequence in latgalian
culture_template,1,Gfx culture french_clothing_gfx in sembite doesn't match existing sequence in frankish
culture_template,1,Gfx culture frankish_group_coa_gfx in sembite doesn't match existing sequence in frankish
culture_template,1,Gfx culture western_building_gfx in gurri doesn't match existing sequence in latgalian
culture_template,1,Gfx culture french_clothing_gfx in gurri doesn't match existing sequence in frankish
culture_template,1,Gfx culture frankish_group_coa_gfx in gurri doesn't match existing sequence in frankish
culture_template,1,Gfx culture western_building_gfx in easting doesn't match existing sequence in latgalian
culture_template,1,Gfx culture west_slavic_clothing_gfx in easting doesn't match existing sequence in czech
culture_template,1,Gfx culture eastern_unit_gfx in easting doesn't match existing sequence in greek
culture_template,1,Gfx culture west_slavic_group_coa_gfx in easting doesn't match existing sequence in pommeranian
culture_template,1,Gfx culture norse_building_gfx in illuskan doesn't match existing sequence in norse
culture_template,1,Gfx culture fpN_norse_clothing_gfx in illuskan doesn't match existing sequence in norse
culture_template,1,Gfx culture norse_unit_gfx in illuskan doesn't match existing sequence in norse
culture_template,1,Gfx culture norse_building_gfx in northlander doesn't match existing sequence in norse
culture_template,1,Gfx culture fpN_norse_clothing_gfx in northlander doesn't match existing sequence in norse
culture_template,1,Gfx culture norse_unit_gfx in northlander doesn't match existing sequence in norse
culture_template,1,Gfx culture norse_building_gfx in uthgardt doesn't match existing sequence in norse
culture_template,1,Gfx culture fpN_norse_clothing_gfx in uthgardt doesn't match existing sequence in norse
culture_template,1,Gfx culture norse_unit_gfx in uthgardt doesn't match existing sequence in norse
culture_template,1,Gfx culture norse_building_gfx in reghedman doesn't match existing sequence in norse
culture_template,1,Gfx culture fpN_norse_clothing_gfx in reghedman doesn't match existing sequence in norse
culture_template,1,Gfx culture norse_unit_gfx in reghedman doesn't match existing sequence in norse
culture_template,1,Gfx culture indian_building_gfx in durpari doesn't match existing sequence in tamil
culture_template,1,Gfx culture indian_clothing_gfx in durpari doesn't match existing sequence in tamil
culture_template,1,Gfx culture indian_unit_gfx in durpari doesn't match existing sequence in tamil
culture_template,1,Gfx culture indo_aryan_group_coa_gfx in durpari doesn't match existing sequence in bengali
culture_template,1,Gfx culture indian_building_gfx in imaskari doesn't match existing sequence in tamil
culture_template,1,Gfx culture indian_clothing_gfx in imaskari doesn't match existing sequence in tamil
culture_template,1,Gfx culture indian_unit_gfx in imaskari doesn't match existing sequence in tamil
culture_template,1,Gfx culture indo_aryan_group_coa_gfx in imaskari doesn't match existing sequence in bengali
culture_template,1,Gfx culture indian_building_gfx in ulgarian doesn't match existing sequence in tamil
culture_template,1,Gfx culture indian_clothing_gfx in ulgarian doesn't match existing sequence in tamil
culture_template,1,Gfx culture indian_unit_gfx in ulgarian doesn't match existing sequence in tamil
culture_template,1,Gfx culture indo_aryan_group_coa_gfx in ulgarian doesn't match existing sequence in bengali
culture_template,1,Gfx culture indian_building_gfx in deep_imaskari doesn't match existing sequence in tamil
culture_template,1,Gfx culture indian_clothing_gfx in deep_imaskari doesn't match existing sequence in tamil
culture_template,1,Gfx culture indian_unit_gfx in deep_imaskari doesn't match existing sequence in tamil
culture_template,1,Gfx culture indo_aryan_group_coa_gfx in deep_imaskari doesn't match existing sequence in bengali
culture_template,1,Gfx culture indian_building_gfx in diaman doesn't match existing sequence in tamil
culture_template,1,Gfx culture indian_clothing_gfx in diaman doesn't match existing sequence in tamil
culture_template,1,Gfx culture indian_unit_gfx in diaman doesn't match existing sequence in tamil
culture_template,1,Gfx culture indo_aryan_group_coa_gfx in diaman doesn't match existing sequence in bengali
culture_template,1,Gfx culture tibetan_building_gfx in gugari doesn't match existing sequence in nepali
culture_template,1,Gfx culture tangut_clothing_gfx in gugari doesn't match existing sequence in tangut
culture_template,1,Gfx culture eastern_unit_gfx in gugari doesn't match existing sequence in greek
culture_template,1,Gfx culture tibetan_group_coa_gfx in gugari doesn't match existing sequence in bodpa
culture_template,1,Gfx culture tibetan_building_gfx in khatin doesn't match existing sequence in nepali
culture_template,1,Gfx culture tangut_clothing_gfx in khatin doesn't match existing sequence in tangut
culture_template,1,Gfx culture eastern_unit_gfx in khatin doesn't match existing sequence in greek
culture_template,1,Gfx culture tibetan_group_coa_gfx in khatin doesn't match existing sequence in bodpa
culture_template,1,Gfx culture tibetan_building_gfx in tabotan doesn't match existing sequence in nepali
culture_template,1,Gfx culture tangut_clothing_gfx in tabotan doesn't match existing sequence in tangut
culture_template,1,Gfx culture eastern_unit_gfx in tabotan doesn't match existing sequence in greek
culture_template,1,Gfx culture tibetan_group_coa_gfx in tabotan doesn't match existing sequence in bodpa
culture_template,1,Gfx culture chinese_building_gfx in maviddi doesn't match existing sequence in han
culture_template,1,Gfx culture chinese_clothing_gfx in maviddi doesn't match existing sequence in han
culture_template,1,Gfx culture eastern_unit_gfx in maviddi doesn't match existing sequence in greek
culture_template,1,Gfx culture chinese_group_coa_gfx in maviddi doesn't match existing sequence in han
culture_template,1,Gfx culture african_building_gfx in katashakan doesn't match existing sequence in akan
culture_template,1,Gfx culture african_clothing_gfx in katashakan doesn't match existing sequence in akan
culture_template,1,Gfx culture sub_sahran_unit_gfx in katashakan doesn't match existing sequence in akan
culture_template,1,Gfx culture west_african_group_coa_gfx in katashakan doesn't match existing sequence in akan
culture_template,1,Gfx culture african_building_gfx in chultan doesn't match existing sequence in akan
culture_template,1,Gfx culture african_clothing_gfx in chultan doesn't match existing sequence in akan
culture_template,1,Gfx culture sub_sahran_unit_gfx in chultan doesn't match existing sequence in akan
culture_template,1,Gfx culture west_african_group_coa_gfx in chultan doesn't match existing sequence in akan
culture_template,1,Gfx culture african_building_gfx in eshowe doesn't match existing sequence in akan
culture_template,1,Gfx culture african_clothing_gfx in eshowe doesn't match existing sequence in akan
culture_template,1,Gfx culture sub_sahran_unit_gfx in eshowe doesn't match existing sequence in akan
culture_template,1,Gfx culture west_african_group_coa_gfx in eshowe doesn't match existing sequence in akan
culture_template,1,Gfx culture african_building_gfx in thinguth doesn't match existing sequence in akan
culture_template,1,Gfx culture african_clothing_gfx in thinguth doesn't match existing sequence in akan
culture_template,1,Gfx culture sub_sahran_unit_gfx in thinguth doesn't match existing sequence in akan
culture_template,1,Gfx culture west_african_group_coa_gfx in thinguth doesn't match existing sequence in akan
culture_template,1,Gfx culture african_building_gfx in akotan doesn't match existing sequence in akan
culture_template,1,Gfx culture african_clothing_gfx in akotan doesn't match existing sequence in akan
culture_template,1,Gfx culture sub_sahran_unit_gfx in akotan doesn't match existing sequence in akan
culture_template,1,Gfx culture west_african_group_coa_gfx in akotan doesn't match existing sequence in akan
culture_template,1,Gfx culture mena_building_gfx in lapal doesn't match existing sequence in hebrew
culture_template,1,Gfx culture mena_clothing_gfx in lapal doesn't match existing sequence in ethiopian
culture_template,1,Gfx culture indian_unit_gfx in lapal doesn't match existing sequence in tamil
culture_template,1,Gfx culture arabic_group_coa_gfx in lapal doesn't match existing sequence in bedouin
culture_template,1,Gfx culture mena_building_gfx in tashalan doesn't match existing sequence in hebrew
culture_template,1,Gfx culture mena_clothing_gfx in tashalan doesn't match existing sequence in ethiopian
culture_template,1,Gfx culture indian_unit_gfx in tashalan doesn't match existing sequence in tamil
culture_template,1,Gfx culture arabic_group_coa_gfx in tashalan doesn't match existing sequence in bedouin
culture_template,1,Gfx culture mena_building_gfx in shaaran doesn't match existing sequence in hebrew
culture_template,1,Gfx culture turkic_clothing_gfx in shaaran doesn't match existing sequence in mogyer
culture_template,1,Gfx culture indian_unit_gfx in shaaran doesn't match existing sequence in tamil
culture_template,1,Gfx culture turkic_group_coa_gfx in shaaran doesn't match existing sequence in cuman
culture_template,1,Gfx culture southeast_asian_building_gfx in seng doesn't match existing sequence in burmese
culture_template,1,Gfx culture southeast_asian_clothing_gfx in seng doesn't match existing sequence in karen
culture_template,1,Gfx culture indian_unit_gfx in seng doesn't match existing sequence in tamil
culture_template,1,Gfx culture burman_group_coa_gfx in seng doesn't match existing sequence in burmese
culture_template,1,Gfx culture southeast_asian_building_gfx in kuong doesn't match existing sequence in burmese
culture_template,1,Gfx culture southeast_asian_clothing_gfx in kuong doesn't match existing sequence in karen
culture_template,1,Gfx culture indian_unit_gfx in kuong doesn't match existing sequence in tamil
culture_template,1,Gfx culture burman_group_coa_gfx in kuong doesn't match existing sequence in burmese
culture_template,1,Gfx culture southeast_asian_building_gfx in purang doesn't match existing sequence in burmese
culture_template,1,Gfx culture southeast_asian_clothing_gfx in purang doesn't match existing sequence in karen
culture_template,1,Gfx culture indian_unit_gfx in purang doesn't match existing sequence in tamil
culture_template,1,Gfx culture burman_group_coa_gfx in purang doesn't match existing sequence in burmese
culture_template,1,Gfx culture southeast_asian_building_gfx in mahasiswa doesn't match existing sequence in burmese
culture_template,1,Gfx culture southeast_asian_clothing_gfx in mahasiswa doesn't match existing sequence in karen
culture_template,1,Gfx culture indian_unit_gfx in mahasiswa doesn't match existing sequence in tamil
culture_template,1,Gfx culture burman_group_coa_gfx in mahasiswa doesn't match existing sequence in burmese
culture_template,1,Gfx culture indian_building_gfx in nubari doesn't match existing sequence in tamil
culture_template,1,Gfx culture indian_clothing_gfx in nubari doesn't match existing sequence in tamil
culture_template,1,Gfx culture indian_unit_gfx in nubari doesn't match existing sequence in tamil
culture_template,1,Gfx culture dravidian_group_coa_gfx in nubari doesn't match existing sequence in tamil
culture_template,1,Gfx culture southeast_asian_building_gfx in bawani doesn't match existing sequence in burmese
culture_template,1,Gfx culture southeast_asian_clothing_gfx in bawani doesn't match existing sequence in karen
culture_template,1,Gfx culture indian_unit_gfx in bawani doesn't match existing sequence in tamil
culture_template,1,Gfx culture burman_group_coa_gfx in bawani doesn't match existing sequence in burmese
culture_template,1,Gfx culture african_building_gfx in azuposi doesn't match existing sequence in akan
culture_template,1,Gfx culture african_clothing_gfx in azuposi doesn't match existing sequence in akan
culture_template,1,Gfx culture sub_sahran_unit_gfx in azuposi doesn't match existing sequence in akan
culture_template,1,Gfx culture western_coa_gfx in azuposi doesn't match existing sequence in hungarian
culture_template,1,Gfx culture african_building_gfx in nexalan doesn't match existing sequence in akan
culture_template,1,Gfx culture african_clothing_gfx in nexalan doesn't match existing sequence in akan
culture_template,1,Gfx culture sub_sahran_unit_gfx in nexalan doesn't match existing sequence in akan
culture_template,1,Gfx culture western_coa_gfx in nexalan doesn't match existing sequence in hungarian
culture_template,1,Gfx culture african_building_gfx in payit doesn't match existing sequence in akan
culture_template,1,Gfx culture african_clothing_gfx in payit doesn't match existing sequence in akan
culture_template,1,Gfx culture sub_sahran_unit_gfx in payit doesn't match existing sequence in akan
culture_template,1,Gfx culture western_coa_gfx in payit doesn't match existing sequence in hungarian
culture_template,1,Gfx culture african_building_gfx in green_folk doesn't match existing sequence in akan
culture_template,1,Gfx culture african_clothing_gfx in green_folk doesn't match existing sequence in akan
culture_template,1,Gfx culture sub_sahran_unit_gfx in green_folk doesn't match existing sequence in akan
culture_template,1,Gfx culture western_coa_gfx in green_folk doesn't match existing sequence in hungarian
culture_template,1,Gfx culture byzantine_building_gfx in chessentan doesn't match existing sequence in greek
culture_template,1,Gfx culture byzantine_clothing_gfx in chessentan doesn't match existing sequence in greek
culture_template,1,Gfx culture iranian_unit_gfx in chessentan doesn't match existing sequence in brahui
culture_template,1,Gfx culture byzantine_group_coa_gfx in chessentan doesn't match existing sequence in greek
culture_template,1,Gfx culture mena_building_gfx in mulhorandi doesn't match existing sequence in hebrew
culture_template,1,Gfx culture mena_clothing_gfx in mulhorandi doesn't match existing sequence in ethiopian
culture_template,1,Gfx culture iranian_unit_gfx in mulhorandi doesn't match existing sequence in brahui
culture_template,1,Gfx culture arabic_group_coa_gfx in mulhorandi doesn't match existing sequence in bedouin
culture_template,1,Gfx culture iranian_building_gfx in murghomi doesn't match existing sequence in brahui
culture_template,1,Gfx culture iranian_clothing_gfx in murghomi doesn't match existing sequence in brahui
culture_template,1,Gfx culture mena_unit_gfx in murghomi doesn't match existing sequence in bedouin
culture_template,1,Gfx culture iranian_group_coa_gfx in murghomi doesn't match existing sequence in persian
culture_template,1,Gfx culture iranian_building_gfx in thayan doesn't match existing sequence in brahui
culture_template,1,Gfx culture iranian_clothing_gfx in thayan doesn't match existing sequence in brahui
culture_template,1,Gfx culture mena_unit_gfx in thayan doesn't match existing sequence in bedouin
culture_template,1,Gfx culture iranian_group_coa_gfx in thayan doesn't match existing sequence in persian
culture_template,1,Gfx culture mena_building_gfx in untheric doesn't match existing sequence in hebrew
culture_template,1,Gfx culture mena_clothing_gfx in untheric doesn't match existing sequence in ethiopian
culture_template,1,Gfx culture iranian_unit_gfx in untheric doesn't match existing sequence in brahui
culture_template,1,Gfx culture arabic_group_coa_gfx in untheric doesn't match existing sequence in bedouin
culture_template,1,Gfx culture berber_group_building_gfx in badia doesn't match existing sequence in butr
culture_template,1,Gfx culture afr_berber_clothing_gfx in badia doesn't match existing sequence in maghrebi
culture_template,1,Gfx culture mena_unit_gfx in badia doesn't match existing sequence in bedouin
culture_template,1,Gfx culture berber_group_coa_gfx in badia doesn't match existing sequence in butr
culture_template,1,Gfx culture mena_building_gfx in hadhar doesn't match existing sequence in hebrew
culture_template,1,Gfx culture mena_clothing_gfx in hadhar doesn't match existing sequence in ethiopian
culture_template,1,Gfx culture mena_unit_gfx in hadhar doesn't match existing sequence in bedouin
culture_template,1,Gfx culture arabic_group_coa_gfx in hadhar doesn't match existing sequence in bedouin
culture_template,1,Gfx culture mena_building_gfx in raurindi doesn't match existing sequence in hebrew
culture_template,1,Gfx culture mena_clothing_gfx in raurindi doesn't match existing sequence in ethiopian
culture_template,1,Gfx culture mena_unit_gfx in raurindi doesn't match existing sequence in bedouin
culture_template,1,Gfx culture arabic_group_coa_gfx in raurindi doesn't match existing sequence in bedouin
culture_template,1,Gfx culture mena_building_gfx in semphari doesn't match existing sequence in hebrew
culture_template,1,Gfx culture mena_clothing_gfx in semphari doesn't match existing sequence in ethiopian
culture_template,1,Gfx culture mena_unit_gfx in semphari doesn't match existing sequence in bedouin
culture_template,1,Gfx culture arabic_group_coa_gfx in semphari doesn't match existing sequence in bedouin
culture_template,1,Gfx culture mena_building_gfx in qarsan doesn't match existing sequence in hebrew
culture_template,1,Gfx culture mena_clothing_gfx in qarsan doesn't match existing sequence in ethiopian
culture_template,1,Gfx culture mena_unit_gfx in qarsan doesn't match existing sequence in bedouin
culture_template,1,Gfx culture arabic_group_coa_gfx in qarsan doesn't match existing sequence in bedouin
culture_template,1,Gfx culture mena_building_gfx in fabada doesn't match existing sequence in hebrew
culture_template,1,Gfx culture mena_clothing_gfx in fabada doesn't match existing sequence in ethiopian
culture_template,1,Gfx culture mena_unit_gfx in fabada doesn't match existing sequence in bedouin
culture_template,1,Gfx culture arabic_group_coa_gfx in fabada doesn't match existing sequence in bedouin
culture_template,1,Gfx culture iberian_building_gfx in halruaan doesn't match existing sequence in andalusian
culture_template,1,Gfx culture iberian_muslim_clothing_gfx in halruaan doesn't match existing sequence in andalusian
culture_template,1,Gfx culture western_unit_gfx in halruaan doesn't match existing sequence in pictish
culture_template,1,Gfx culture iberian_group_coa_gfx in halruaan doesn't match existing sequence in basque
culture_template,1,Gfx culture iberian_building_gfx in nimbrese doesn't match existing sequence in andalusian
culture_template,1,Gfx culture iberian_muslim_clothing_gfx in nimbrese doesn't match existing sequence in andalusian
culture_template,1,Gfx culture western_unit_gfx in nimbrese doesn't match existing sequence in pictish
culture_template,1,Gfx culture iberian_group_coa_gfx in nimbrese doesn't match existing sequence in basque
culture_template,1,Gfx culture western_building_gfx in netherese doesn't match existing sequence in latgalian
culture_template,1,Gfx culture western_clothing_gfx in netherese doesn't match existing sequence in pictish
culture_template,1,Gfx culture western_unit_gfx in netherese doesn't match existing sequence in pictish
culture_template,1,Gfx culture western_coa_gfx in netherese doesn't match existing sequence in hungarian
culture_template,1,Gfx culture western_building_gfx in shadovar doesn't match existing sequence in latgalian
culture_template,1,Gfx culture western_clothing_gfx in shadovar doesn't match existing sequence in pictish
culture_template,1,Gfx culture western_unit_gfx in shadovar doesn't match existing sequence in pictish
culture_template,1,Gfx culture western_coa_gfx in shadovar doesn't match existing sequence in hungarian
culture_template,1,Gfx culture western_building_gfx in tunlar doesn't match existing sequence in latgalian
culture_template,1,Gfx culture english_clothing_gfx in tunlar doesn't match existing sequence in english
culture_template,1,Gfx culture mena_unit_gfx in tunlar doesn't match existing sequence in bedouin
culture_template,1,Gfx culture anglo_saxon_coa_gfx in tunlar doesn't match existing sequence in anglo_saxon
culture_template,1,Gfx culture western_building_gfx in eraka doesn't match existing sequence in latgalian
culture_template,1,Gfx culture english_clothing_gfx in eraka doesn't match existing sequence in english
culture_template,1,Gfx culture mena_unit_gfx in eraka doesn't match existing sequence in bedouin
culture_template,1,Gfx culture anglo_saxon_coa_gfx in eraka doesn't match existing sequence in anglo_saxon
culture_template,1,Gfx culture berber_group_building_gfx in bedine doesn't match existing sequence in butr
culture_template,1,Gfx culture afr_berber_clothing_gfx in bedine doesn't match existing sequence in maghrebi
culture_template,1,Gfx culture mena_unit_gfx in bedine doesn't match existing sequence in bedouin
culture_template,1,Gfx culture berber_group_coa_gfx in bedine doesn't match existing sequence in butr
culture_template,1,Gfx culture berber_group_building_gfx in dtarig doesn't match existing sequence in butr
culture_template,1,Gfx culture afr_berber_clothing_gfx in dtarig doesn't match existing sequence in maghrebi
culture_template,1,Gfx culture mena_unit_gfx in dtarig doesn't match existing sequence in bedouin
culture_template,1,Gfx culture berber_group_coa_gfx in dtarig doesn't match existing sequence in butr
culture_template,1,Gfx culture western_building_gfx in andt doesn't match existing sequence in latgalian
culture_template,1,Gfx culture english_clothing_gfx in andt doesn't match existing sequence in english
culture_template,1,Gfx culture mena_unit_gfx in andt doesn't match existing sequence in bedouin
culture_template,1,Gfx culture anglo_saxon_coa_gfx in andt doesn't match existing sequence in anglo_saxon
culture_template,1,Gfx culture steppe_building_gfx in tuigan doesn't match existing sequence in hunnic
culture_template,1,Gfx culture mongol_clothing_gfx in tuigan doesn't match existing sequence in hunnic
culture_template,1,Gfx culture mongol_unit_gfx in tuigan doesn't match existing sequence in nivkh
culture_template,1,Gfx culture mongol_coa_gfx in tuigan doesn't match existing sequence in nivkh
culture_template,1,Gfx culture steppe_building_gfx in oigur doesn't match existing sequence in hunnic
culture_template,1,Gfx culture mongol_clothing_gfx in oigur doesn't match existing sequence in hunnic
culture_template,1,Gfx culture mongol_unit_gfx in oigur doesn't match existing sequence in nivkh
culture_template,1,Gfx culture mongol_coa_gfx in oigur doesn't match existing sequence in nivkh
culture_template,1,Gfx culture steppe_building_gfx in quirish doesn't match existing sequence in hunnic
culture_template,1,Gfx culture mongol_clothing_gfx in quirish doesn't match existing sequence in hunnic
culture_template,1,Gfx culture mongol_unit_gfx in quirish doesn't match existing sequence in nivkh
culture_template,1,Gfx culture mongol_coa_gfx in quirish doesn't match existing sequence in nivkh
culture_template,1,Gfx culture steppe_building_gfx in fankiang doesn't match existing sequence in hunnic
culture_template,1,Gfx culture mongol_clothing_gfx in fankiang doesn't match existing sequence in hunnic
culture_template,1,Gfx culture mongol_unit_gfx in fankiang doesn't match existing sequence in nivkh
culture_template,1,Gfx culture mongol_coa_gfx in fankiang doesn't match existing sequence in nivkh
culture_template,1,Gfx culture steppe_building_gfx in kaghun doesn't match existing sequence in hunnic
culture_template,1,Gfx culture mongol_clothing_gfx in kaghun doesn't match existing sequence in hunnic
culture_template,1,Gfx culture mongol_unit_gfx in kaghun doesn't match existing sequence in nivkh
culture_template,1,Gfx culture mongol_coa_gfx in kaghun doesn't match existing sequence in nivkh
culture_template,1,Gfx culture steppe_building_gfx in igidujin doesn't match existing sequence in hunnic
culture_template,1,Gfx culture mongol_clothing_gfx in igidujin doesn't match existing sequence in hunnic
culture_template,1,Gfx culture mongol_unit_gfx in igidujin doesn't match existing sequence in nivkh
culture_template,1,Gfx culture mongol_coa_gfx in igidujin doesn't match existing sequence in nivkh
culture_template,1,Gfx culture steppe_building_gfx in taghur doesn't match existing sequence in hunnic
culture_template,1,Gfx culture mongol_clothing_gfx in taghur doesn't match existing sequence in hunnic
culture_template,1,Gfx culture mongol_unit_gfx in taghur doesn't match existing sequence in nivkh
culture_template,1,Gfx culture mongol_coa_gfx in taghur doesn't match existing sequence in nivkh
culture_template,1,Gfx culture steppe_building_gfx in tsu_tsu doesn't match existing sequence in hunnic
culture_template,1,Gfx culture mongol_clothing_gfx in tsu_tsu doesn't match existing sequence in hunnic
culture_template,1,Gfx culture mongol_unit_gfx in tsu_tsu doesn't match existing sequence in nivkh
culture_template,1,Gfx culture mongol_coa_gfx in tsu_tsu doesn't match existing sequence in nivkh
culture_template,1,Gfx culture steppe_building_gfx in guychiang doesn't match existing sequence in hunnic
culture_template,1,Gfx culture mongol_clothing_gfx in guychiang doesn't match existing sequence in hunnic
culture_template,1,Gfx culture mongol_unit_gfx in guychiang doesn't match existing sequence in nivkh
culture_template,1,Gfx culture mongol_coa_gfx in guychiang doesn't match existing sequence in nivkh
culture_template,1,Gfx culture steppe_building_gfx in dalat doesn't match existing sequence in hunnic
culture_template,1,Gfx culture mongol_clothing_gfx in dalat doesn't match existing sequence in hunnic
culture_template,1,Gfx culture mongol_unit_gfx in dalat doesn't match existing sequence in nivkh
culture_template,1,Gfx culture mongol_coa_gfx in dalat doesn't match existing sequence in nivkh
culture_template,1,Gfx culture steppe_building_gfx in khassidi doesn't match existing sequence in hunnic
culture_template,1,Gfx culture mongol_clothing_gfx in khassidi doesn't match existing sequence in hunnic
culture_template,1,Gfx culture mongol_unit_gfx in khassidi doesn't match existing sequence in nivkh
culture_template,1,Gfx culture mongol_coa_gfx in khassidi doesn't match existing sequence in nivkh
culture_template,1,Gfx culture steppe_building_gfx in commani doesn't match existing sequence in hunnic
culture_template,1,Gfx culture mongol_clothing_gfx in commani doesn't match existing sequence in hunnic
culture_template,1,Gfx culture mongol_unit_gfx in commani doesn't match existing sequence in nivkh
culture_template,1,Gfx culture mongol_coa_gfx in commani doesn't match existing sequence in nivkh
culture_template,1,Gfx culture steppe_building_gfx in naican doesn't match existing sequence in hunnic
culture_template,1,Gfx culture mongol_clothing_gfx in naican doesn't match existing sequence in hunnic
culture_template,1,Gfx culture mongol_unit_gfx in naican doesn't match existing sequence in nivkh
culture_template,1,Gfx culture mongol_coa_gfx in naican doesn't match existing sequence in nivkh
culture_template,1,Gfx culture steppe_building_gfx in zamogedi doesn't match existing sequence in hunnic
culture_template,1,Gfx culture mongol_clothing_gfx in zamogedi doesn't match existing sequence in hunnic
culture_template,1,Gfx culture mongol_unit_gfx in zamogedi doesn't match existing sequence in nivkh
culture_template,1,Gfx culture mongol_coa_gfx in zamogedi doesn't match existing sequence in nivkh
culture_template,1,Gfx culture chinese_building_gfx in chukien doesn't match existing sequence in han
culture_template,1,Gfx culture chinese_clothing_gfx in chukien doesn't match existing sequence in han
culture_template,1,Gfx culture chinese_unit_gfx in chukien doesn't match existing sequence in han
culture_template,1,Gfx culture chinese_group_coa_gfx in chukien doesn't match existing sequence in han
culture_template,1,Gfx culture steppe_building_gfx in mai doesn't match existing sequence in hunnic
culture_template,1,Gfx culture khitan_clothing_gfx in mai doesn't match existing sequence in khitan
culture_template,1,Gfx culture chinese_unit_gfx in mai doesn't match existing sequence in han
culture_template,1,Gfx culture steppe_coa_gfx in mai doesn't match existing sequence in mordvin
culture_template,1,Gfx culture chinese_building_gfx in ching doesn't match existing sequence in han
culture_template,1,Gfx culture chinese_clothing_gfx in ching doesn't match existing sequence in han
culture_template,1,Gfx culture chinese_unit_gfx in ching doesn't match existing sequence in han
culture_template,1,Gfx culture chinese_group_coa_gfx in ching doesn't match existing sequence in han
culture_template,1,Gfx culture chinese_building_gfx in sheng doesn't match existing sequence in han
culture_template,1,Gfx culture chinese_clothing_gfx in sheng doesn't match existing sequence in han
culture_template,1,Gfx culture chinese_unit_gfx in sheng doesn't match existing sequence in han
culture_template,1,Gfx culture chinese_group_coa_gfx in sheng doesn't match existing sequence in han
culture_template,1,Gfx culture chinese_building_gfx in waka doesn't match existing sequence in han
culture_template,1,Gfx culture chinese_clothing_gfx in waka doesn't match existing sequence in han
culture_template,1,Gfx culture chinese_unit_gfx in waka doesn't match existing sequence in han
culture_template,1,Gfx culture chinese_group_coa_gfx in waka doesn't match existing sequence in han
culture_template,1,Gfx culture chinese_building_gfx in ti doesn't match existing sequence in han
culture_template,1,Gfx culture chinese_clothing_gfx in ti doesn't match existing sequence in han
culture_template,1,Gfx culture chinese_unit_gfx in ti doesn't match existing sequence in han
culture_template,1,Gfx culture chinese_group_coa_gfx in ti doesn't match existing sequence in han
culture_template,1,Gfx culture chinese_building_gfx in hungtse doesn't match existing sequence in han
culture_template,1,Gfx culture chinese_clothing_gfx in hungtse doesn't match existing sequence in han
culture_template,1,Gfx culture chinese_unit_gfx in hungtse doesn't match existing sequence in han
culture_template,1,Gfx culture chinese_group_coa_gfx in hungtse doesn't match existing sequence in han
culture_template,1,Gfx culture chinese_building_gfx in wang doesn't match existing sequence in han
culture_template,1,Gfx culture chinese_clothing_gfx in wang doesn't match existing sequence in han
culture_template,1,Gfx culture chinese_unit_gfx in wang doesn't match existing sequence in han
culture_template,1,Gfx culture chinese_group_coa_gfx in wang doesn't match existing sequence in han
culture_template,1,Gfx culture chinese_building_gfx in hai doesn't match existing sequence in han
culture_template,1,Gfx culture chinese_clothing_gfx in hai doesn't match existing sequence in han
culture_template,1,Gfx culture chinese_unit_gfx in hai doesn't match existing sequence in han
culture_template,1,Gfx culture chinese_group_coa_gfx in hai doesn't match existing sequence in han
culture_template,1,Gfx culture chinese_building_gfx in kao doesn't match existing sequence in han
culture_template,1,Gfx culture chinese_clothing_gfx in kao doesn't match existing sequence in han
culture_template,1,Gfx culture chinese_unit_gfx in kao doesn't match existing sequence in han
culture_template,1,Gfx culture chinese_group_coa_gfx in kao doesn't match existing sequence in han
culture_template,1,Gfx culture chinese_building_gfx in chu doesn't match existing sequence in han
culture_template,1,Gfx culture chinese_clothing_gfx in chu doesn't match existing sequence in han
culture_template,1,Gfx culture chinese_unit_gfx in chu doesn't match existing sequence in han
culture_template,1,Gfx culture chinese_group_coa_gfx in chu doesn't match existing sequence in han
culture_template,1,Gfx culture mediterranean_building_gfx in amnian doesn't match existing sequence in gothic
culture_template,1,Gfx culture western_clothing_gfx in amnian doesn't match existing sequence in pictish
culture_template,1,Gfx culture latin_group_coa_gfx in amnian doesn't match existing sequence in gothic
culture_template,1,Gfx culture western_building_gfx in talfir doesn't match existing sequence in latgalian
culture_template,1,Gfx culture cornish_clothing_gfx in talfir doesn't match existing sequence in cornish
culture_template,1,Gfx culture irish_coa_gfx in talfir doesn't match existing sequence in irish
culture_template,1,Gfx culture western_building_gfx in ffolk doesn't match existing sequence in latgalian
culture_template,1,Gfx culture cornish_clothing_gfx in ffolk doesn't match existing sequence in cornish
culture_template,1,Gfx culture irish_coa_gfx in ffolk doesn't match existing sequence in irish
culture_template,1,Gfx culture western_building_gfx in highcoaster doesn't match existing sequence in latgalian
culture_template,1,Gfx culture english_coa_gfx in highcoaster doesn't match existing sequence in english
culture_template,1,Gfx culture mediterranean_building_gfx in tethyrian doesn't match existing sequence in gothic
culture_template,1,Gfx culture western_clothing_gfx in tethyrian doesn't match existing sequence in pictish
culture_template,1,Gfx culture latin_group_coa_gfx in tethyrian doesn't match existing sequence in gothic
culture_template,1,Gfx culture western_building_gfx in angulutiun doesn't match existing sequence in latgalian
culture_template,1,Gfx culture ugro_permian_clothing_gfx in angulutiun doesn't match existing sequence in vepsian
culture_template,1,Gfx culture northern_unit_gfx in angulutiun doesn't match existing sequence in latgalian
culture_template,1,Gfx culture ugro_permian_group_coa_gfx in angulutiun doesn't match existing sequence in komi
culture_template,1,Gfx culture western_building_gfx in iulutiun doesn't match existing sequence in latgalian
culture_template,1,Gfx culture ugro_permian_clothing_gfx in iulutiun doesn't match existing sequence in vepsian
culture_template,1,Gfx culture northern_unit_gfx in iulutiun doesn't match existing sequence in latgalian
culture_template,1,Gfx culture ugro_permian_group_coa_gfx in iulutiun doesn't match existing sequence in komi
culture_template,1,Gfx culture western_building_gfx in nakulutiun doesn't match existing sequence in latgalian
culture_template,1,Gfx culture ugro_permian_clothing_gfx in nakulutiun doesn't match existing sequence in vepsian
culture_template,1,Gfx culture northern_unit_gfx in nakulutiun doesn't match existing sequence in latgalian
culture_template,1,Gfx culture ugro_permian_group_coa_gfx in nakulutiun doesn't match existing sequence in komi
culture_template,1,Gfx culture western_building_gfx in ice_hunter doesn't match existing sequence in latgalian
culture_template,1,Gfx culture ugro_permian_clothing_gfx in ice_hunter doesn't match existing sequence in vepsian
culture_template,1,Gfx culture northern_unit_gfx in ice_hunter doesn't match existing sequence in latgalian
culture_template,1,Gfx culture ugro_permian_group_coa_gfx in ice_hunter doesn't match existing sequence in komi
culture_template,1,Gfx culture berber_group_building_gfx in astok doesn't match existing sequence in butr
culture_template,1,Gfx culture afr_berber_clothing_gfx in astok doesn't match existing sequence in maghrebi
culture_template,1,Gfx culture indian_unit_gfx in astok doesn't match existing sequence in tamil
culture_template,1,Gfx culture berber_group_coa_gfx in astok doesn't match existing sequence in butr
culture_template,1,Gfx culture berber_group_building_gfx in chun doesn't match existing sequence in butr
culture_template,1,Gfx culture afr_berber_clothing_gfx in chun doesn't match existing sequence in maghrebi
culture_template,1,Gfx culture indian_unit_gfx in chun doesn't match existing sequence in tamil
culture_template,1,Gfx culture berber_group_coa_gfx in chun doesn't match existing sequence in butr
culture_template,1,Gfx culture berber_group_building_gfx in jaziran doesn't match existing sequence in butr
culture_template,1,Gfx culture afr_berber_clothing_gfx in jaziran doesn't match existing sequence in maghrebi
culture_template,1,Gfx culture indian_unit_gfx in jaziran doesn't match existing sequence in tamil
culture_template,1,Gfx culture berber_group_coa_gfx in jaziran doesn't match existing sequence in butr
culture_template,1,Gfx culture mena_building_gfx in kadari doesn't match existing sequence in hebrew
culture_template,1,Gfx culture mena_clothing_gfx in kadari doesn't match existing sequence in ethiopian
culture_template,1,Gfx culture indian_unit_gfx in kadari doesn't match existing sequence in tamil
culture_template,1,Gfx culture arabic_group_coa_gfx in kadari doesn't match existing sequence in bedouin
culture_template,1,Gfx culture indian_building_gfx in noga doesn't match existing sequence in tamil
culture_template,1,Gfx culture indian_clothing_gfx in noga doesn't match existing sequence in tamil
culture_template,1,Gfx culture indian_unit_gfx in noga doesn't match existing sequence in tamil
culture_template,1,Gfx culture indo_aryan_group_coa_gfx in noga doesn't match existing sequence in bengali
culture_template,1,Gfx culture indian_building_gfx in affa doesn't match existing sequence in tamil
culture_template,1,Gfx culture indian_clothing_gfx in affa doesn't match existing sequence in tamil
culture_template,1,Gfx culture indian_unit_gfx in affa doesn't match existing sequence in tamil
culture_template,1,Gfx culture indo_aryan_group_coa_gfx in affa doesn't match existing sequence in bengali
culture_template,1,Gfx culture mediterranean_building_gfx in gnome doesn't match existing sequence in gothic
culture_template,1,Gfx culture western_clothing_gfx in gnome doesn't match existing sequence in pictish
culture_template,1,Gfx culture western_unit_gfx in gnome doesn't match existing sequence in pictish
culture_template,1,Gfx culture latin_group_coa_gfx in gnome doesn't match existing sequence in gothic
culture_template,1,Gfx culture mediterranean_building_gfx in forest_gnome doesn't match existing sequence in gothic
culture_template,1,Gfx culture western_clothing_gfx in forest_gnome doesn't match existing sequence in pictish
culture_template,1,Gfx culture western_unit_gfx in forest_gnome doesn't match existing sequence in pictish
culture_template,1,Gfx culture latin_group_coa_gfx in forest_gnome doesn't match existing sequence in gothic
culture_template,1,Gfx culture mediterranean_building_gfx in svirfneblin doesn't match existing sequence in gothic
culture_template,1,Gfx culture western_clothing_gfx in svirfneblin doesn't match existing sequence in pictish
culture_template,1,Gfx culture western_unit_gfx in svirfneblin doesn't match existing sequence in pictish
culture_template,1,Gfx culture latin_group_coa_gfx in svirfneblin doesn't match existing sequence in gothic
culture_template,1,Gfx culture mediterranean_building_gfx in lantanna doesn't match existing sequence in gothic
culture_template,1,Gfx culture western_clothing_gfx in lantanna doesn't match existing sequence in pictish
culture_template,1,Gfx culture western_unit_gfx in lantanna doesn't match existing sequence in pictish
culture_template,1,Gfx culture latin_group_coa_gfx in lantanna doesn't match existing sequence in gothic
culture_template,1,Gfx culture african_building_gfx in shu doesn't match existing sequence in akan
culture_template,1,Gfx culture african_clothing_gfx in shu doesn't match existing sequence in akan
culture_template,1,Gfx culture west_african_group_coa_gfx in shu doesn't match existing sequence in akan
culture_template,1,Gfx culture mena_building_gfx in undead_human doesn't match existing sequence in hebrew
culture_template,1,Gfx culture mena_clothing_gfx in undead_human doesn't match existing sequence in ethiopian
culture_template,1,Gfx culture arabic_group_coa_gfx in undead_human doesn't match existing sequence in bedouin
culture_template,1,Gfx culture mena_building_gfx in wight doesn't match existing sequence in hebrew
culture_template,1,Gfx culture mena_clothing_gfx in wight doesn't match existing sequence in ethiopian
culture_template,1,Gfx culture arabic_group_coa_gfx in wight doesn't match existing sequence in bedouin
culture_template,1,Gfx culture tibetan_building_gfx in minotaur doesn't match existing sequence in nepali
culture_template,1,Gfx culture tangut_clothing_gfx in minotaur doesn't match existing sequence in tangut
culture_template,1,Gfx culture eastern_unit_gfx in minotaur doesn't match existing sequence in greek
culture_template,1,Gfx culture tibetan_group_coa_gfx in minotaur doesn't match existing sequence in bodpa
culture_template,1,Gfx culture tibetan_building_gfx in baphitaur doesn't match existing sequence in nepali
culture_template,1,Gfx culture tangut_clothing_gfx in baphitaur doesn't match existing sequence in tangut
culture_template,1,Gfx culture eastern_unit_gfx in baphitaur doesn't match existing sequence in greek
culture_template,1,Gfx culture tibetan_group_coa_gfx in baphitaur doesn't match existing sequence in bodpa
culture_template,1,Gfx culture tibetan_building_gfx in yikarian doesn't match existing sequence in nepali
culture_template,1,Gfx culture tangut_clothing_gfx in yikarian doesn't match existing sequence in tangut
culture_template,1,Gfx culture eastern_unit_gfx in yikarian doesn't match existing sequence in greek
culture_template,1,Gfx culture tibetan_group_coa_gfx in yikarian doesn't match existing sequence in bodpa
culture_template,1,Gfx culture steppe_building_gfx in gnoll doesn't match existing sequence in hunnic
culture_template,1,Gfx culture mongol_clothing_gfx in gnoll doesn't match existing sequence in hunnic
culture_template,1,Gfx culture mongol_unit_gfx in gnoll doesn't match existing sequence in nivkh
culture_template,1,Gfx culture mongol_coa_gfx in gnoll doesn't match existing sequence in nivkh
culture_template,1,Gfx culture steppe_building_gfx in flind doesn't match existing sequence in hunnic
culture_template,1,Gfx culture mongol_clothing_gfx in flind doesn't match existing sequence in hunnic
culture_template,1,Gfx culture mongol_unit_gfx in flind doesn't match existing sequence in nivkh
culture_template,1,Gfx culture mongol_coa_gfx in flind doesn't match existing sequence in nivkh
culture_template,1,Gfx culture steppe_building_gfx in half_gnoll doesn't match existing sequence in hunnic
culture_template,1,Gfx culture mongol_clothing_gfx in half_gnoll doesn't match existing sequence in hunnic
culture_template,1,Gfx culture mongol_unit_gfx in half_gnoll doesn't match existing sequence in nivkh
culture_template,1,Gfx culture mongol_coa_gfx in half_gnoll doesn't match existing sequence in nivkh
culture_template,1,Gfx culture african_building_gfx in tabaxi doesn't match existing sequence in akan
culture_template,1,Gfx culture african_clothing_gfx in tabaxi doesn't match existing sequence in akan
culture_template,1,Gfx culture mongol_unit_gfx in tabaxi doesn't match existing sequence in nivkh
culture_template,1,Gfx culture western_coa_gfx in tabaxi doesn't match existing sequence in hungarian
culture_template,1,Gfx culture steppe_building_gfx in rakasta doesn't match existing sequence in hunnic
culture_template,1,Gfx culture mongol_clothing_gfx in rakasta doesn't match existing sequence in hunnic
culture_template,1,Gfx culture mongol_unit_gfx in rakasta doesn't match existing sequence in nivkh
culture_template,1,Gfx culture mongol_coa_gfx in rakasta doesn't match existing sequence in nivkh
culture_template,1,Gfx culture steppe_building_gfx in myoshiman doesn't match existing sequence in hunnic
culture_template,1,Gfx culture mongol_clothing_gfx in myoshiman doesn't match existing sequence in hunnic
culture_template,1,Gfx culture mongol_unit_gfx in myoshiman doesn't match existing sequence in nivkh
culture_template,1,Gfx culture mongol_coa_gfx in myoshiman doesn't match existing sequence in nivkh
culture_template,1,Gfx culture mena_building_gfx in sahuagin doesn't match existing sequence in hebrew
culture_template,1,Gfx culture mena_clothing_gfx in sahuagin doesn't match existing sequence in ethiopian
culture_template,1,Gfx culture mena_unit_gfx in sahuagin doesn't match existing sequence in bedouin
culture_template,1,Gfx culture israelite_group_coa_gfx in sahuagin doesn't match existing sequence in hebrew
culture_template,1,Gfx culture mena_building_gfx in malenti doesn't match existing sequence in hebrew
culture_template,1,Gfx culture mena_clothing_gfx in malenti doesn't match existing sequence in ethiopian
culture_template,1,Gfx culture mena_unit_gfx in malenti doesn't match existing sequence in bedouin
culture_template,1,Gfx culture israelite_group_coa_gfx in malenti doesn't match existing sequence in hebrew
culture_template,1,Gfx culture mena_building_gfx in kuo_toa doesn't match existing sequence in hebrew
culture_template,1,Gfx culture mena_clothing_gfx in kuo_toa doesn't match existing sequence in ethiopian
culture_template,1,Gfx culture mena_unit_gfx in kuo_toa doesn't match existing sequence in bedouin
culture_template,1,Gfx culture israelite_group_coa_gfx in kuo_toa doesn't match existing sequence in hebrew
culture_template,1,Gfx culture tibetan_building_gfx in centaur doesn't match existing sequence in nepali
culture_template,1,Gfx culture tangut_clothing_gfx in centaur doesn't match existing sequence in tangut
culture_template,1,Gfx culture eastern_unit_gfx in centaur doesn't match existing sequence in greek
culture_template,1,Gfx culture tibetan_group_coa_gfx in centaur doesn't match existing sequence in bodpa
culture_template,1,Gfx culture tibetan_building_gfx in wemic doesn't match existing sequence in nepali
culture_template,1,Gfx culture tangut_clothing_gfx in wemic doesn't match existing sequence in tangut
culture_template,1,Gfx culture eastern_unit_gfx in wemic doesn't match existing sequence in greek
culture_template,1,Gfx culture tibetan_group_coa_gfx in wemic doesn't match existing sequence in bodpa
culture_template,1,Gfx culture iranian_building_gfx in lamia doesn't match existing sequence in brahui
culture_template,1,Gfx culture iranian_clothing_gfx in lamia doesn't match existing sequence in brahui
culture_template,1,Gfx culture eastern_unit_gfx in lamia doesn't match existing sequence in greek
culture_template,1,Gfx culture iranian_group_coa_gfx in lamia doesn't match existing sequence in persian
culture_template,1,Gfx culture african_building_gfx in tengu doesn't match existing sequence in akan
culture_template,1,Gfx culture african_clothing_gfx in tengu doesn't match existing sequence in akan
culture_template,1,Gfx culture sub_sahran_unit_gfx in tengu doesn't match existing sequence in akan
culture_template,1,Gfx culture western_coa_gfx in tengu doesn't match existing sequence in hungarian
culture_template,1,Gfx culture african_building_gfx in kenku doesn't match existing sequence in akan
culture_template,1,Gfx culture african_clothing_gfx in kenku doesn't match existing sequence in akan
culture_template,1,Gfx culture sub_sahran_unit_gfx in kenku doesn't match existing sequence in akan
culture_template,1,Gfx culture western_coa_gfx in kenku doesn't match existing sequence in hungarian
culture_template,1,Gfx culture african_building_gfx in corbie doesn't match existing sequence in akan
culture_template,1,Gfx culture african_clothing_gfx in corbie doesn't match existing sequence in akan
culture_template,1,Gfx culture sub_sahran_unit_gfx in corbie doesn't match existing sequence in akan
culture_template,1,Gfx culture western_coa_gfx in corbie doesn't match existing sequence in hungarian
culture_template,1,Gfx culture african_building_gfx in aarakocra doesn't match existing sequence in akan
culture_template,1,Gfx culture african_clothing_gfx in aarakocra doesn't match existing sequence in akan
culture_template,1,Gfx culture sub_sahran_unit_gfx in aarakocra doesn't match existing sequence in akan
culture_template,1,Gfx culture western_coa_gfx in aarakocra doesn't match existing sequence in hungarian
culture_template,1,Gfx culture iranian_building_gfx in illithid doesn't match existing sequence in brahui
culture_template,1,Gfx culture iranian_clothing_gfx in illithid doesn't match existing sequence in brahui
culture_template,1,Gfx culture iranian_unit_gfx in illithid doesn't match existing sequence in brahui
culture_template,1,Gfx culture iranian_group_coa_gfx in illithid doesn't match existing sequence in persian
culture_template,1,Gfx culture iranian_building_gfx in thoon doesn't match existing sequence in brahui
culture_template,1,Gfx culture iranian_clothing_gfx in thoon doesn't match existing sequence in brahui
culture_template,1,Gfx culture iranian_unit_gfx in thoon doesn't match existing sequence in brahui
culture_template,1,Gfx culture iranian_group_coa_gfx in thoon doesn't match existing sequence in persian
culture_template,1,Gfx culture iranian_building_gfx in elder_brain doesn't match existing sequence in brahui
culture_template,1,Gfx culture iranian_clothing_gfx in elder_brain doesn't match existing sequence in brahui
culture_template,1,Gfx culture iranian_unit_gfx in elder_brain doesn't match existing sequence in brahui
culture_template,1,Gfx culture iranian_group_coa_gfx in elder_brain doesn't match existing sequence in persian
culture_template,1,Gfx culture iranian_building_gfx in beholder doesn't match existing sequence in brahui
culture_template,1,Gfx culture iranian_clothing_gfx in beholder doesn't match existing sequence in brahui
culture_template,1,Gfx culture iranian_unit_gfx in beholder doesn't match existing sequence in brahui
culture_template,1,Gfx culture iranian_group_coa_gfx in beholder doesn't match existing sequence in persian
culture_template,1,Gfx culture iranian_building_gfx in spectator doesn't match existing sequence in brahui
culture_template,1,Gfx culture iranian_clothing_gfx in spectator doesn't match existing sequence in brahui
culture_template,1,Gfx culture iranian_unit_gfx in spectator doesn't match existing sequence in brahui
culture_template,1,Gfx culture iranian_group_coa_gfx in spectator doesn't match existing sequence in persian
culture_template,1,Gfx culture iranian_building_gfx in hcathan doesn't match existing sequence in brahui
culture_template,1,Gfx culture iranian_clothing_gfx in hcathan doesn't match existing sequence in brahui
culture_template,1,Gfx culture iranian_unit_gfx in hcathan doesn't match existing sequence in brahui
culture_template,1,Gfx culture iranian_group_coa_gfx in hcathan doesn't match existing sequence in persian
culture_template,1,Gfx culture iranian_building_gfx in aboleth doesn't match existing sequence in brahui
culture_template,1,Gfx culture iranian_clothing_gfx in aboleth doesn't match existing sequence in brahui
culture_template,1,Gfx culture iranian_unit_gfx in aboleth doesn't match existing sequence in brahui
culture_template,1,Gfx culture iranian_group_coa_gfx in aboleth doesn't match existing sequence in persian
culture_template,1,Gfx culture iranian_building_gfx in ghaunadan doesn't match existing sequence in brahui
culture_template,1,Gfx culture iranian_clothing_gfx in ghaunadan doesn't match existing sequence in brahui
culture_template,1,Gfx culture iranian_unit_gfx in ghaunadan doesn't match existing sequence in brahui
culture_template,1,Gfx culture iranian_group_coa_gfx in ghaunadan doesn't match existing sequence in persian
culture_template,1,Gfx culture iranian_building_gfx in starspawn doesn't match existing sequence in brahui
culture_template,1,Gfx culture iranian_clothing_gfx in starspawn doesn't match existing sequence in brahui
culture_template,1,Gfx culture iranian_unit_gfx in starspawn doesn't match existing sequence in brahui
culture_template,1,Gfx culture iranian_group_coa_gfx in starspawn doesn't match existing sequence in persian
culture_template,1,Gfx culture byzantine_building_gfx in warforged doesn't match existing sequence in greek
culture_template,1,Gfx culture byzantine_clothing_gfx in warforged doesn't match existing sequence in greek
culture_template,1,Gfx culture eastern_unit_gfx in warforged doesn't match existing sequence in greek
culture_template,1,Gfx culture byzantine_group_coa_gfx in warforged doesn't match existing sequence in greek
culture_template,1,Gfx culture byzantine_building_gfx in modron doesn't match existing sequence in greek
culture_template,1,Gfx culture byzantine_clothing_gfx in modron doesn't match existing sequence in greek
culture_template,1,Gfx culture eastern_unit_gfx in modron doesn't match existing sequence in greek
culture_template,1,Gfx culture byzantine_group_coa_gfx in modron doesn't match existing sequence in greek
culture_template,1,Gfx culture byzantine_building_gfx in inevitable doesn't match existing sequence in greek
culture_template,1,Gfx culture byzantine_clothing_gfx in inevitable doesn't match existing sequence in greek
culture_template,1,Gfx culture eastern_unit_gfx in inevitable doesn't match existing sequence in greek
culture_template,1,Gfx culture byzantine_group_coa_gfx in inevitable doesn't match existing sequence in greek
culture_template,1,Gfx culture byzantine_building_gfx in golem doesn't match existing sequence in greek
culture_template,1,Gfx culture byzantine_clothing_gfx in golem doesn't match existing sequence in greek
culture_template,1,Gfx culture eastern_unit_gfx in golem doesn't match existing sequence in greek
culture_template,1,Gfx culture byzantine_group_coa_gfx in golem doesn't match existing sequence in greek
culture_template,1,Gfx culture northern_clothing_gfx in treant doesn't match existing sequence in latgalian
culture_template,1,Gfx culture northern_unit_gfx in treant doesn't match existing sequence in latgalian
culture_template,1,Gfx culture baltic_group_coa_gfx in treant doesn't match existing sequence in latgalian
culture_template,1,Gfx culture northern_clothing_gfx in hamadryad doesn't match existing sequence in latgalian
culture_template,1,Gfx culture northern_unit_gfx in hamadryad doesn't match existing sequence in latgalian
culture_template,1,Gfx culture baltic_group_coa_gfx in hamadryad doesn't match existing sequence in latgalian
culture_template,1,Gfx culture northern_clothing_gfx in shambler doesn't match existing sequence in latgalian
culture_template,1,Gfx culture northern_unit_gfx in shambler doesn't match existing sequence in latgalian
culture_template,1,Gfx culture baltic_group_coa_gfx in shambler doesn't match existing sequence in latgalian
culture_template,1,Gfx culture northern_clothing_gfx in susurrus doesn't match existing sequence in latgalian
culture_template,1,Gfx culture northern_unit_gfx in susurrus doesn't match existing sequence in latgalian
culture_template,1,Gfx culture baltic_group_coa_gfx in susurrus doesn't match existing sequence in latgalian
culture_template,1,Gfx culture northern_clothing_gfx in blight doesn't match existing sequence in latgalian
culture_template,1,Gfx culture northern_unit_gfx in blight doesn't match existing sequence in latgalian
culture_template,1,Gfx culture baltic_group_coa_gfx in blight doesn't match existing sequence in latgalian
culture_template,1,Gfx culture western_building_gfx in satyr doesn't match existing sequence in latgalian
culture_template,1,Gfx culture cornish_clothing_gfx in satyr doesn't match existing sequence in cornish
culture_template,1,Gfx culture northern_unit_gfx in satyr doesn't match existing sequence in latgalian
culture_template,1,Gfx culture irish_coa_gfx in satyr doesn't match existing sequence in irish
culture_template,1,Gfx culture western_building_gfx in hag doesn't match existing sequence in latgalian
culture_template,1,Gfx culture northern_clothing_gfx in hag doesn't match existing sequence in latgalian
culture_template,1,Gfx culture northern_unit_gfx in hag doesn't match existing sequence in latgalian
culture_template,1,Gfx culture baltic_group_coa_gfx in hag doesn't match existing sequence in latgalian
culture_template,1,Gfx culture western_building_gfx in hagspawn doesn't match existing sequence in latgalian
culture_template,1,Gfx culture northern_clothing_gfx in hagspawn doesn't match existing sequence in latgalian
culture_template,1,Gfx culture northern_unit_gfx in hagspawn doesn't match existing sequence in latgalian
culture_template,1,Gfx culture baltic_group_coa_gfx in hagspawn doesn't match existing sequence in latgalian
culture_template,1,Gfx culture african_building_gfx in hengeyokai doesn't match existing sequence in akan
culture_template,1,Gfx culture african_clothing_gfx in hengeyokai doesn't match existing sequence in akan
culture_template,1,Gfx culture northern_unit_gfx in hengeyokai doesn't match existing sequence in latgalian
culture_template,1,Gfx culture western_coa_gfx in hengeyokai doesn't match existing sequence in hungarian
culture_template,1,Gfx culture african_building_gfx in katanga doesn't match existing sequence in akan
culture_template,1,Gfx culture african_clothing_gfx in katanga doesn't match existing sequence in akan
culture_template,1,Gfx culture northern_unit_gfx in katanga doesn't match existing sequence in latgalian
culture_template,1,Gfx culture western_coa_gfx in katanga doesn't match existing sequence in hungarian
culture_template,1,Gfx culture chinese_building_gfx in spiritfolk doesn't match existing sequence in han
culture_template,1,Gfx culture chinese_clothing_gfx in spiritfolk doesn't match existing sequence in han
culture_template,1,Gfx culture northern_unit_gfx in spiritfolk doesn't match existing sequence in latgalian
culture_template,1,Gfx culture chinese_group_coa_gfx in spiritfolk doesn't match existing sequence in han
culture_template,1,Gfx culture chinese_building_gfx in tamhi doesn't match existing sequence in han
culture_template,1,Gfx culture chinese_clothing_gfx in tamhi doesn't match existing sequence in han
culture_template,1,Gfx culture northern_unit_gfx in tamhi doesn't match existing sequence in latgalian
culture_template,1,Gfx culture chinese_group_coa_gfx in tamhi doesn't match existing sequence in han
culture_template,1,Gfx culture mediterranean_building_gfx in angel doesn't match existing sequence in gothic
culture_template,1,Gfx culture mediterranean_building_gfx in archon doesn't match existing sequence in gothic
culture_template,1,Gfx culture mediterranean_building_gfx in asura doesn't match existing sequence in gothic
culture_template,1,Gfx culture mediterranean_building_gfx in celestial_eladrin doesn't match existing sequence in gothic
culture_template,1,Gfx culture norse_building_gfx in einheriar doesn't match existing sequence in norse
culture_template,1,Gfx culture fpN_norse_clothing_gfx in einheriar doesn't match existing sequence in norse
culture_template,1,Gfx culture norse_coa_gfx in einheriar doesn't match existing sequence in norse
culture_template,1,Gfx culture mediterranean_building_gfx in lillend doesn't match existing sequence in gothic
culture_template,1,Gfx culture mena_building_gfx in neter doesn't match existing sequence in hebrew
culture_template,1,Gfx culture mena_clothing_gfx in neter doesn't match existing sequence in ethiopian
culture_template,1,Gfx culture arabic_group_coa_gfx in neter doesn't match existing sequence in bedouin
culture_template,1,Gfx culture chinese_building_gfx in moonmaiden doesn't match existing sequence in han
culture_template,1,Gfx culture chinese_clothing_gfx in moonmaiden doesn't match existing sequence in han
culture_template,1,Gfx culture chinese_group_coa_gfx in moonmaiden doesn't match existing sequence in han
culture_template,1,Gfx culture mediterranean_building_gfx in avoral doesn't match existing sequence in gothic
culture_template,1,Gfx culture mediterranean_building_gfx in equinal doesn't match existing sequence in gothic
culture_template,1,Gfx culture mediterranean_building_gfx in cervidal doesn't match existing sequence in gothic
culture_template,1,Gfx culture mediterranean_building_gfx in guardinal doesn't match existing sequence in gothic
culture_template,1,Gfx culture mediterranean_building_gfx in musteval doesn't match existing sequence in gothic
culture_template,1,Gfx culture mediterranean_building_gfx in planetar doesn't match existing sequence in gothic
culture_template,1,Gfx culture mediterranean_building_gfx in warden_archon doesn't match existing sequence in gothic
culture_template,1,Gfx culture african_building_gfx in couatl doesn't match existing sequence in akan
culture_template,1,Gfx culture african_clothing_gfx in couatl doesn't match existing sequence in akan
culture_template,1,Gfx culture western_coa_gfx in couatl doesn't match existing sequence in hungarian
culture_template,1,Gfx culture western_building_gfx in baatezu doesn't match existing sequence in latgalian
culture_template,1,Gfx culture northern_clothing_gfx in baatezu doesn't match existing sequence in latgalian
culture_template,1,Gfx culture northern_unit_gfx in baatezu doesn't match existing sequence in latgalian
culture_template,1,Gfx culture baltic_group_coa_gfx in baatezu doesn't match existing sequence in latgalian
culture_template,1,Gfx culture western_building_gfx in abishai doesn't match existing sequence in latgalian
culture_template,1,Gfx culture northern_clothing_gfx in abishai doesn't match existing sequence in latgalian
culture_template,1,Gfx culture northern_unit_gfx in abishai doesn't match existing sequence in latgalian
culture_template,1,Gfx culture baltic_group_coa_gfx in abishai doesn't match existing sequence in latgalian
culture_template,1,Gfx culture western_building_gfx in cornugon doesn't match existing sequence in latgalian
culture_template,1,Gfx culture northern_clothing_gfx in cornugon doesn't match existing sequence in latgalian
culture_template,1,Gfx culture northern_unit_gfx in cornugon doesn't match existing sequence in latgalian
culture_template,1,Gfx culture baltic_group_coa_gfx in cornugon doesn't match existing sequence in latgalian
culture_template,1,Gfx culture western_building_gfx in gelugon doesn't match existing sequence in latgalian
culture_template,1,Gfx culture northern_clothing_gfx in gelugon doesn't match existing sequence in latgalian
culture_template,1,Gfx culture northern_unit_gfx in gelugon doesn't match existing sequence in latgalian
culture_template,1,Gfx culture baltic_group_coa_gfx in gelugon doesn't match existing sequence in latgalian
culture_template,1,Gfx culture western_building_gfx in erinyes doesn't match existing sequence in latgalian
culture_template,1,Gfx culture northern_clothing_gfx in erinyes doesn't match existing sequence in latgalian
culture_template,1,Gfx culture northern_unit_gfx in erinyes doesn't match existing sequence in latgalian
culture_template,1,Gfx culture baltic_group_coa_gfx in erinyes doesn't match existing sequence in latgalian
culture_template,1,Gfx culture western_building_gfx in tanarri doesn't match existing sequence in latgalian
culture_template,1,Gfx culture northern_clothing_gfx in tanarri doesn't match existing sequence in latgalian
culture_template,1,Gfx culture eastern_unit_gfx in tanarri doesn't match existing sequence in greek
culture_template,1,Gfx culture baltic_group_coa_gfx in tanarri doesn't match existing sequence in latgalian
culture_template,1,Gfx culture western_building_gfx in balor doesn't match existing sequence in latgalian
culture_template,1,Gfx culture northern_clothing_gfx in balor doesn't match existing sequence in latgalian
culture_template,1,Gfx culture eastern_unit_gfx in balor doesn't match existing sequence in greek
culture_template,1,Gfx culture baltic_group_coa_gfx in balor doesn't match existing sequence in latgalian
culture_template,1,Gfx culture western_building_gfx in succubus doesn't match existing sequence in latgalian
culture_template,1,Gfx culture northern_clothing_gfx in succubus doesn't match existing sequence in latgalian
culture_template,1,Gfx culture northern_unit_gfx in succubus doesn't match existing sequence in latgalian
culture_template,1,Gfx culture baltic_group_coa_gfx in succubus doesn't match existing sequence in latgalian
culture_template,1,Gfx culture western_building_gfx in marilith doesn't match existing sequence in latgalian
culture_template,1,Gfx culture northern_clothing_gfx in marilith doesn't match existing sequence in latgalian
culture_template,1,Gfx culture eastern_unit_gfx in marilith doesn't match existing sequence in greek
culture_template,1,Gfx culture baltic_group_coa_gfx in marilith doesn't match existing sequence in latgalian
culture_template,1,Gfx culture western_building_gfx in nalfeshnee doesn't match existing sequence in latgalian
culture_template,1,Gfx culture northern_clothing_gfx in nalfeshnee doesn't match existing sequence in latgalian
culture_template,1,Gfx culture eastern_unit_gfx in nalfeshnee doesn't match existing sequence in greek
culture_template,1,Gfx culture baltic_group_coa_gfx in nalfeshnee doesn't match existing sequence in latgalian
culture_template,1,Gfx culture western_building_gfx in glabrezu doesn't match existing sequence in latgalian
culture_template,1,Gfx culture northern_clothing_gfx in glabrezu doesn't match existing sequence in latgalian
culture_template,1,Gfx culture eastern_unit_gfx in glabrezu doesn't match existing sequence in greek
culture_template,1,Gfx culture baltic_group_coa_gfx in glabrezu doesn't match existing sequence in latgalian
culture_template,1,Gfx culture western_building_gfx in yugoloth doesn't match existing sequence in latgalian
culture_template,1,Gfx culture northern_clothing_gfx in yugoloth doesn't match existing sequence in latgalian
culture_template,1,Gfx culture northern_unit_gfx in yugoloth doesn't match existing sequence in latgalian
culture_template,1,Gfx culture baltic_group_coa_gfx in yugoloth doesn't match existing sequence in latgalian
culture_template,1,Gfx culture western_building_gfx in ultroloth doesn't match existing sequence in latgalian
culture_template,1,Gfx culture northern_clothing_gfx in ultroloth doesn't match existing sequence in latgalian
culture_template,1,Gfx culture northern_unit_gfx in ultroloth doesn't match existing sequence in latgalian
culture_template,1,Gfx culture baltic_group_coa_gfx in ultroloth doesn't match existing sequence in latgalian
culture_template,1,Gfx culture western_building_gfx in mezzoloth doesn't match existing sequence in latgalian
culture_template,1,Gfx culture northern_clothing_gfx in mezzoloth doesn't match existing sequence in latgalian
culture_template,1,Gfx culture northern_unit_gfx in mezzoloth doesn't match existing sequence in latgalian
culture_template,1,Gfx culture baltic_group_coa_gfx in mezzoloth doesn't match existing sequence in latgalian
culture_template,1,Gfx culture western_building_gfx in rakshasa doesn't match existing sequence in latgalian
culture_template,1,Gfx culture northern_clothing_gfx in rakshasa doesn't match existing sequence in latgalian
culture_template,1,Gfx culture northern_unit_gfx in rakshasa doesn't match existing sequence in latgalian
culture_template,1,Gfx culture baltic_group_coa_gfx in rakshasa doesn't match existing sequence in latgalian
culture_template,1,Gfx culture western_building_gfx in gehreleth doesn't match existing sequence in latgalian
culture_template,1,Gfx culture northern_clothing_gfx in gehreleth doesn't match existing sequence in latgalian
culture_template,1,Gfx culture northern_unit_gfx in gehreleth doesn't match existing sequence in latgalian
culture_template,1,Gfx culture baltic_group_coa_gfx in gehreleth doesn't match existing sequence in latgalian
culture_template,1,Gfx culture steppe_building_gfx in marrashi doesn't match existing sequence in hunnic
culture_template,1,Gfx culture mongol_clothing_gfx in marrashi doesn't match existing sequence in hunnic
culture_template,1,Gfx culture northern_unit_gfx in marrashi doesn't match existing sequence in latgalian
culture_template,1,Gfx culture mongol_coa_gfx in marrashi doesn't match existing sequence in nivkh
culture_template,1,Gfx culture western_building_gfx in obyrith doesn't match existing sequence in latgalian
culture_template,1,Gfx culture northern_clothing_gfx in obyrith doesn't match existing sequence in latgalian
culture_template,1,Gfx culture northern_unit_gfx in obyrith doesn't match existing sequence in latgalian
culture_template,1,Gfx culture baltic_group_coa_gfx in obyrith doesn't match existing sequence in latgalian
culture_template,1,Gfx culture western_building_gfx in cambion doesn't match existing sequence in latgalian
culture_template,1,Gfx culture northern_clothing_gfx in cambion doesn't match existing sequence in latgalian
culture_template,1,Gfx culture northern_unit_gfx in cambion doesn't match existing sequence in latgalian
culture_template,1,Gfx culture baltic_group_coa_gfx in cambion doesn't match existing sequence in latgalian
culture_template,1,Gfx culture iranian_building_gfx in githyanki doesn't match existing sequence in brahui
culture_template,1,Gfx culture iranian_clothing_gfx in githyanki doesn't match existing sequence in brahui
culture_template,1,Gfx culture iranian_unit_gfx in githyanki doesn't match existing sequence in brahui
culture_template,1,Gfx culture iranian_group_coa_gfx in githyanki doesn't match existing sequence in persian
culture_template,1,Gfx culture iranian_building_gfx in githzerai doesn't match existing sequence in brahui
culture_template,1,Gfx culture iranian_clothing_gfx in githzerai doesn't match existing sequence in brahui
culture_template,1,Gfx culture iranian_unit_gfx in githzerai doesn't match existing sequence in brahui
culture_template,1,Gfx culture iranian_group_coa_gfx in githzerai doesn't match existing sequence in persian
culture_template,1,Gfx culture iranian_building_gfx in githvyrik doesn't match existing sequence in brahui
culture_template,1,Gfx culture iranian_clothing_gfx in githvyrik doesn't match existing sequence in brahui
culture_template,1,Gfx culture iranian_unit_gfx in githvyrik doesn't match existing sequence in brahui
culture_template,1,Gfx culture iranian_group_coa_gfx in githvyrik doesn't match existing sequence in persian
culture_template,1,Gfx culture western_building_gfx in tiefling doesn't match existing sequence in latgalian
culture_template,1,Gfx culture northern_clothing_gfx in tiefling doesn't match existing sequence in latgalian
culture_template,1,Gfx culture baltic_group_coa_gfx in tiefling doesn't match existing sequence in latgalian
culture_template,1,Gfx culture byzantine_building_gfx in airgenasi doesn't match existing sequence in greek
culture_template,1,Gfx culture byzantine_clothing_gfx in airgenasi doesn't match existing sequence in greek
culture_template,1,Gfx culture byzantine_group_coa_gfx in airgenasi doesn't match existing sequence in greek
culture_template,1,Gfx culture byzantine_building_gfx in earthgenasi doesn't match existing sequence in greek
culture_template,1,Gfx culture byzantine_clothing_gfx in earthgenasi doesn't match existing sequence in greek
culture_template,1,Gfx culture byzantine_group_coa_gfx in earthgenasi doesn't match existing sequence in greek
culture_template,1,Gfx culture byzantine_building_gfx in firegenasi doesn't match existing sequence in greek
culture_template,1,Gfx culture byzantine_clothing_gfx in firegenasi doesn't match existing sequence in greek
culture_template,1,Gfx culture byzantine_group_coa_gfx in firegenasi doesn't match existing sequence in greek
culture_template,1,Gfx culture byzantine_building_gfx in watergenasi doesn't match existing sequence in greek
culture_template,1,Gfx culture byzantine_clothing_gfx in watergenasi doesn't match existing sequence in greek
culture_template,1,Gfx culture byzantine_group_coa_gfx in watergenasi doesn't match existing sequence in greek
culture_template,1,Gfx culture mena_building_gfx in jann doesn't match existing sequence in hebrew
culture_template,1,Gfx culture turkic_clothing_gfx in jann doesn't match existing sequence in mogyer
culture_template,1,Gfx culture mena_unit_gfx in jann doesn't match existing sequence in bedouin
culture_template,1,Gfx culture turkic_group_coa_gfx in jann doesn't match existing sequence in cuman
culture_template,1,Gfx culture mena_building_gfx in dao doesn't match existing sequence in hebrew
culture_template,1,Gfx culture turkic_clothing_gfx in dao doesn't match existing sequence in mogyer
culture_template,1,Gfx culture mena_unit_gfx in dao doesn't match existing sequence in bedouin
culture_template,1,Gfx culture turkic_group_coa_gfx in dao doesn't match existing sequence in cuman
culture_template,1,Gfx culture mena_building_gfx in djinn doesn't match existing sequence in hebrew
culture_template,1,Gfx culture turkic_clothing_gfx in djinn doesn't match existing sequence in mogyer
culture_template,1,Gfx culture mena_unit_gfx in djinn doesn't match existing sequence in bedouin
culture_template,1,Gfx culture turkic_group_coa_gfx in djinn doesn't match existing sequence in cuman
culture_template,1,Gfx culture mena_building_gfx in efreet doesn't match existing sequence in hebrew
culture_template,1,Gfx culture turkic_clothing_gfx in efreet doesn't match existing sequence in mogyer
culture_template,1,Gfx culture mena_unit_gfx in efreet doesn't match existing sequence in bedouin
culture_template,1,Gfx culture turkic_group_coa_gfx in efreet doesn't match existing sequence in cuman
culture_template,1,Gfx culture mena_building_gfx in khayal doesn't match existing sequence in hebrew
culture_template,1,Gfx culture turkic_clothing_gfx in khayal doesn't match existing sequence in mogyer
culture_template,1,Gfx culture mena_unit_gfx in khayal doesn't match existing sequence in bedouin
culture_template,1,Gfx culture turkic_group_coa_gfx in khayal doesn't match existing sequence in cuman
culture_template,1,Gfx culture mena_building_gfx in marid doesn't match existing sequence in hebrew
culture_template,1,Gfx culture turkic_clothing_gfx in marid doesn't match existing sequence in mogyer
culture_template,1,Gfx culture mena_unit_gfx in marid doesn't match existing sequence in bedouin
culture_template,1,Gfx culture turkic_group_coa_gfx in marid doesn't match existing sequence in cuman
culture_template,1,Gfx culture mena_building_gfx in qorrashi doesn't match existing sequence in hebrew
culture_template,1,Gfx culture turkic_clothing_gfx in qorrashi doesn't match existing sequence in mogyer
culture_template,1,Gfx culture mena_unit_gfx in qorrashi doesn't match existing sequence in bedouin
culture_template,1,Gfx culture turkic_group_coa_gfx in qorrashi doesn't match existing sequence in cuman
culture_template,1,Gfx culture tibetan_building_gfx in rilmani doesn't match existing sequence in nepali
culture_template,1,Gfx culture tangut_clothing_gfx in rilmani doesn't match existing sequence in tangut
culture_template,1,Gfx culture tibetan_group_coa_gfx in rilmani doesn't match existing sequence in bodpa
culture_template,1,Gfx culture mediterranean_building_gfx in empyrean doesn't match existing sequence in gothic
culture_template,1,Gfx culture sami_clothing_gfx in earth_primordial doesn't match existing sequence in sami
culture_template,1,Gfx culture balto_finnic_group_coa_gfx in earth_primordial doesn't match existing sequence in finnish
culture_template,1,Gfx culture african_building_gfx in fire_primordial doesn't match existing sequence in akan
culture_template,1,Gfx culture african_clothing_gfx in fire_primordial doesn't match existing sequence in akan
culture_template,1,Gfx culture west_african_group_coa_gfx in fire_primordial doesn't match existing sequence in akan
culture_template,1,Gfx culture sami_clothing_gfx in xixecal doesn't match existing sequence in sami
culture_template,1,Gfx culture balto_finnic_group_coa_gfx in xixecal doesn't match existing sequence in finnish
culture_template,1,Gfx culture mediterranean_building_gfx in wildspacer doesn't match existing sequence in gothic
culture_template,1,Gfx culture byzantine_building_gfx in barovian doesn't match existing sequence in greek
culture_template,1,Gfx culture west_slavic_clothing_gfx in barovian doesn't match existing sequence in czech
culture_template,1,Gfx culture south_slavic_group_coa_gfx in barovian doesn't match existing sequence in croatian
culture_template,1,Gfx culture norse_building_gfx in heldann doesn't match existing sequence in norse
culture_template,1,Gfx culture fpN_norse_clothing_gfx in heldann doesn't match existing sequence in norse
culture_template,1,Gfx culture mena_building_gfx in batrachi doesn't match existing sequence in hebrew
culture_template,1,Gfx culture mena_clothing_gfx in batrachi doesn't match existing sequence in ethiopian
culture_template,1,Gfx culture mena_unit_gfx in batrachi doesn't match existing sequence in bedouin
culture_template,1,Gfx culture israelite_group_coa_gfx in batrachi doesn't match existing sequence in hebrew
culture_template,1,Gfx culture mena_building_gfx in slaad doesn't match existing sequence in hebrew
culture_template,1,Gfx culture mena_clothing_gfx in slaad doesn't match existing sequence in ethiopian
culture_template,1,Gfx culture mena_unit_gfx in slaad doesn't match existing sequence in bedouin
culture_template,1,Gfx culture israelite_group_coa_gfx in slaad doesn't match existing sequence in hebrew
culture_template,1,Gfx culture mena_building_gfx in gormeel doesn't match existing sequence in hebrew
culture_template,1,Gfx culture mena_clothing_gfx in gormeel doesn't match existing sequence in ethiopian
culture_template,1,Gfx culture mena_unit_gfx in gormeel doesn't match existing sequence in bedouin
culture_template,1,Gfx culture israelite_group_coa_gfx in gormeel doesn't match existing sequence in hebrew
culture_template,1,Gfx culture east_slavic_clothing_gfx in monster doesn't match existing sequence in russian
culture_template,1,Gfx culture eastern_unit_gfx in monster doesn't match existing sequence in greek
culture_template,1,Gfx culture east_slavic_clothing_gfx in dragon doesn't match existing sequence in russian
culture_template,1,Gfx culture eastern_unit_gfx in dragon doesn't match existing sequence in greek
culture_template,1,Gfx culture east_slavic_clothing_gfx in mouther doesn't match existing sequence in russian
culture_template,1,Gfx culture eastern_unit_gfx in mouther doesn't match existing sequence in greek
culture_template,1,Gfx culture indian_building_gfx in sarrukh doesn't match existing sequence in tamil
culture_template,1,Gfx culture indian_clothing_gfx in sarrukh doesn't match existing sequence in tamil
culture_template,1,Gfx culture indian_unit_gfx in sarrukh doesn't match existing sequence in tamil
culture_template,1,Gfx culture dravidian_group_coa_gfx in sarrukh doesn't match existing sequence in tamil
culture_template,1,Gfx culture indian_building_gfx in yuanti doesn't match existing sequence in tamil
culture_template,1,Gfx culture indian_clothing_gfx in yuanti doesn't match existing sequence in tamil
culture_template,1,Gfx culture indian_unit_gfx in yuanti doesn't match existing sequence in tamil
culture_template,1,Gfx culture dravidian_group_coa_gfx in yuanti doesn't match existing sequence in tamil
culture_template,1,Gfx culture indian_building_gfx in halfblood doesn't match existing sequence in tamil
culture_template,1,Gfx culture indian_clothing_gfx in halfblood doesn't match existing sequence in tamil
culture_template,1,Gfx culture indian_unit_gfx in halfblood doesn't match existing sequence in tamil
culture_template,1,Gfx culture dravidian_group_coa_gfx in halfblood doesn't match existing sequence in tamil
culture_template,1,Gfx culture indian_building_gfx in malison doesn't match existing sequence in tamil
culture_template,1,Gfx culture indian_clothing_gfx in malison doesn't match existing sequence in tamil
culture_template,1,Gfx culture indian_unit_gfx in malison doesn't match existing sequence in tamil
culture_template,1,Gfx culture dravidian_group_coa_gfx in malison doesn't match existing sequence in tamil
culture_template,1,Gfx culture indian_building_gfx in abomination doesn't match existing sequence in tamil
culture_template,1,Gfx culture indian_clothing_gfx in abomination doesn't match existing sequence in tamil
culture_template,1,Gfx culture indian_unit_gfx in abomination doesn't match existing sequence in tamil
culture_template,1,Gfx culture dravidian_group_coa_gfx in abomination doesn't match existing sequence in tamil
culture_template,1,Gfx culture indian_building_gfx in naga doesn't match existing sequence in tamil
culture_template,1,Gfx culture indian_clothing_gfx in naga doesn't match existing sequence in tamil
culture_template,1,Gfx culture indian_unit_gfx in naga doesn't match existing sequence in tamil
culture_template,1,Gfx culture dravidian_group_coa_gfx in naga doesn't match existing sequence in tamil
culture_template,1,Gfx culture indian_building_gfx in lizardfolk doesn't match existing sequence in tamil
culture_template,1,Gfx culture indian_clothing_gfx in lizardfolk doesn't match existing sequence in tamil
culture_template,1,Gfx culture indian_unit_gfx in lizardfolk doesn't match existing sequence in tamil
culture_template,1,Gfx culture indo_aryan_group_coa_gfx in lizardfolk doesn't match existing sequence in bengali
culture_template,1,Gfx culture mena_building_gfx in asabi doesn't match existing sequence in hebrew
culture_template,1,Gfx culture mena_clothing_gfx in asabi doesn't match existing sequence in ethiopian
culture_template,1,Gfx culture indian_unit_gfx in asabi doesn't match existing sequence in tamil
culture_template,1,Gfx culture arabic_group_coa_gfx in asabi doesn't match existing sequence in bedouin
culture_template,1,Gfx culture indian_building_gfx in firenewt doesn't match existing sequence in tamil
culture_template,1,Gfx culture indian_clothing_gfx in firenewt doesn't match existing sequence in tamil
culture_template,1,Gfx culture indian_unit_gfx in firenewt doesn't match existing sequence in tamil
culture_template,1,Gfx culture indo_aryan_group_coa_gfx in firenewt doesn't match existing sequence in bengali
culture_template,1,Gfx culture mena_building_gfx in troglodyte doesn't match existing sequence in hebrew
culture_template,1,Gfx culture mena_clothing_gfx in troglodyte doesn't match existing sequence in ethiopian
culture_template,1,Gfx culture indian_unit_gfx in troglodyte doesn't match existing sequence in tamil
culture_template,1,Gfx culture arabic_group_coa_gfx in troglodyte doesn't match existing sequence in bedouin
culture_template,1,Gfx culture indian_building_gfx in ssurran doesn't match existing sequence in tamil
culture_template,1,Gfx culture indian_clothing_gfx in ssurran doesn't match existing sequence in tamil
culture_template,1,Gfx culture indian_unit_gfx in ssurran doesn't match existing sequence in tamil
culture_template,1,Gfx culture indo_aryan_group_coa_gfx in ssurran doesn't match existing sequence in bengali
culture_template,1,Gfx culture indian_building_gfx in saurial doesn't match existing sequence in tamil
culture_template,1,Gfx culture indian_clothing_gfx in saurial doesn't match existing sequence in tamil
culture_template,1,Gfx culture indian_unit_gfx in saurial doesn't match existing sequence in tamil
culture_template,1,Gfx culture indo_aryan_group_coa_gfx in saurial doesn't match existing sequence in bengali
culture_template,1,Gfx culture indian_building_gfx in hornhead doesn't match existing sequence in tamil
culture_template,1,Gfx culture indian_clothing_gfx in hornhead doesn't match existing sequence in tamil
culture_template,1,Gfx culture indian_unit_gfx in hornhead doesn't match existing sequence in tamil
culture_template,1,Gfx culture indo_aryan_group_coa_gfx in hornhead doesn't match existing sequence in bengali
culture_template,1,Gfx culture indian_building_gfx in pterafolk doesn't match existing sequence in tamil
culture_template,1,Gfx culture indian_clothing_gfx in pterafolk doesn't match existing sequence in tamil
culture_template,1,Gfx culture indian_unit_gfx in pterafolk doesn't match existing sequence in tamil
culture_template,1,Gfx culture indo_aryan_group_coa_gfx in pterafolk doesn't match existing sequence in bengali
culture_name_lists,1,"Name list name_list_fae_dragon_culture has only N dynasty names defined, which is less than MINIMUM_DYNASTY_NAMES"
culture_name_lists,1,"Name list name_list_fae_vampire has only N dynasty names defined, which is less than MINIMUM_DYNASTY_NAMES"
culture_name_lists,1,Missing loc for name_list_fae_mouther
culture_name_lists,1,"Name list name_list_fae_horse has only N dynasty names defined, which is less than MINIMUM_DYNASTY_NAMES"
culture_name_lists,1,"Name list name_list_fae_lich has only N dynasty names defined, which is less than MINIMUM_DYNASTY_NAMES"
culture_name_lists,1,"Name list name_list_fae_red_panda has only N dynasty names defined, which is less than MINIMUM_DYNASTY_NAMES"
culture_name_lists,1,"Name list name_list_fae_undead_creature has only N dynasty names defined, which is less than MINIMUM_DYNASTY_NAMES"
culture_name_lists,1,"Name list name_list_fae_undead_dwarf has only N dynasty names defined, which is less than MINIMUM_DYNASTY_NAMES"
culture_name_lists,1,"Name list name_list_fae_cat has only N dynasty names defined, which is less than MINIMUM_DYNASTY_NAMES"
culture_name_lists,1,Missing loc for name_list_fae_red_panda
culture_name_lists,1,"Name list name_list_fae_bear has only N dynasty names defined, which is less than MINIMUM_DYNASTY_NAMES"
culture_name_lists,1,"Name list name_list_fae_undead_human has only N dynasty names defined, which is less than MINIMUM_DYNASTY_NAMES"
culture_name_lists,1,Missing loc for name_list_fae_undead_dwarf
culture_name_lists,1,"Name list name_list_fae_dwarfvampire has only N dynasty names defined, which is less than MINIMUM_DYNASTY_NAMES"
culture_name_lists,1,"Name list name_list_fae_hedgehog_culture has only N dynasty names defined, which is less than MINIMUM_DYNASTY_NAMES"
culture_name_lists,1,"Name list name_list_fae_undeadelf has only N dynasty names defined, which is less than MINIMUM_DYNASTY_NAMES"
culture_name_lists,1,"Name list name_list_fae_duck_culture has only N dynasty names defined, which is less than MINIMUM_DYNASTY_NAMES"
culture_name_lists,1,"Name list name_list_fae_lichelf has only N dynasty names defined, which is less than MINIMUM_DYNASTY_NAMES"
culture_name_lists,1,"Name list name_list_fae_dog_culture has only N dynasty names defined, which is less than MINIMUM_DYNASTY_NAMES"
culture_name_lists,1,"Name list name_list_fae_undeadgiant has only N dynasty names defined, which is less than MINIMUM_DYNASTY_NAMES"
culture_name_lists,1,"Name list name_list_fae_elephant_culture has only N dynasty names defined, which is less than MINIMUM_DYNASTY_NAMES"
culture_name_lists,1,Missing loc for name_list_fae_undeadgiant
culture_name_lists,1,"Name list name_list_fae_undeadogre has only N dynasty names defined, which is less than MINIMUM_DYNASTY_NAMES"
culture_name_lists,1,"Name list name_list_fae_wraith has only N dynasty names defined, which is less than MINIMUM_DYNASTY_NAMES"
culture_name_lists,1,"Name list name_list_fae_wight has only N dynasty names defined, which is less than MINIMUM_DYNASTY_NAMES"
culture_name_lists,1,Missing loc for name_list_fae_wight
culture_name_lists,1,"Name list name_list_fae_dracolich has only N dynasty names defined, which is less than MINIMUM_DYNASTY_NAMES"
culture_name_lists,1,"Name list name_list_fae_bone_naga has only N dynasty names defined, which is less than MINIMUM_DYNASTY_NAMES"
culture_name_equivalency,1,"Missing loc Koart: ""Koart"""
challenge_character,1,No Challenge Characters were read in common/bookmarks/challenge_characters
history,1,Title history entry contains no valid entries d_alaghon
history,1,Title history entry contains no valid entries d_baygandu
history,1,Title history entry contains no valid entries d_blackwilds
history,1,Title history entry contains no valid entries d_fallen_lands
history,1,Title history entry contains no valid entries d_furitep
history,1,Title history entry contains no valid entries d_havraquoar
history,1,Title history entry contains no valid entries d_igotak
history,1,Title history entry contains no valid entries d_ironfang_deep
history,1,Title history entry contains no valid entries d_khuiten_gazar
history,1,Title history entry contains no valid entries d_koryaz_approach
history,1,Title history entry contains no valid entries d_laletaker
history,1,Title history entry contains no valid entries d_lapalsea
history,1,Title history entry contains no valid entries d_lopango
history,1,Title history entry contains no valid entries d_lugsaas_alpuk
history,1,Title history entry contains no valid entries d_mhair_reach
history,1,Title history entry contains no valid entries d_mistvales
history,1,Title history entry contains no valid entries d_northing
history,1,Title history entry contains no valid entries d_novularond
history,1,Title history entry contains no valid entries d_nykkar
history,1,Title history entry contains no valid entries d_omnod_kheer
history,1,Title history entry contains no valid entries d_omu
history,1,Title history entry contains no valid entries d_reaching_wood
history,1,Title history entry contains no valid entries d_roof_of_the_world
history,1,Title history entry contains no valid entries d_ruin_island
history,1,Title history entry contains no valid entries d_sargauth
history,1,Title history entry contains no valid entries d_sossal
history,1,Title history entry contains no valid entries d_the_akanul
history,1,Title history entry contains no valid entries d_the_great_spire
history,1,Title history entry contains no valid entries d_the_midlands
history,1,Title history entry contains no valid entries d_the_nath
history,1,Title history entry contains no valid entries d_ushar
history,1,Title history entry contains no valid entries d_venasca
history,1,Title history entry contains no valid entries d_west_taan
history,1,Title history entry contains no valid entries d_westwall
history,1,Title history entry contains no valid entries d_yuuati
history,1,Title history entry contains no valid entries e_ama
history,1,Title history entry contains no valid entries e_frozenfar
history,1,Title history entry contains no valid entries e_laerakond
history,1,Title history entry contains no valid entries e_narfell
history,1,Title history entry contains no valid entries e_raumathar
history,1,Title history entry contains no valid entries k_anchorome
history,1,Title history entry contains no valid entries k_high_ice
history,1,Title history entry contains no valid entries k_lopango
history,1,Title history entry contains no valid entries k_mhair
history,1,Title history entry contains no valid entries k_middle_ama
history,1,Title history entry contains no valid entries k_pelvuria
history,1,Title history entry contains no valid entries k_quoya
history,1,Title history entry contains no valid entries k_turlaghh
history,1,Referencing non-existent character in script link character:japanese_musashibo_N
history,1,Referencing non-existent character in script link character:japanese_ise_N_N
history,1,Referencing non-existent character in script link character:japanese_sakanoue_N
pdx_data_localize,1,Data error in loc string 'X'
gameobjectlocators,1,"map object locator ""buildings"" is incomplete. A new file with locator data has been generated (C:/users/steamuser/Documents/Paradox Interactive/Crusader Kings III//generated/building_locators.txt)."
gameobjectlocators,1,"map object locator ""special_building"" is incomplete. A new file with locator data has been generated (C:/users/steamuser/Documents/Paradox Interactive/Crusader Kings III//generated/special_building_locators.txt)."
gameobjectlocators,1,"map object locator ""unit_stack_player_owned"" is incomplete. A new file with locator data has been generated (C:/users/steamuser/Documents/Paradox Interactive/Crusader Kings III//generated/player_stack_locators.txt)."
gameobjectlocators,1,"map object locator ""combat"" is incomplete. A new file with locator data has been generated (C:/users/steamuser/Documents/Paradox Interactive/Crusader Kings III//generated/combat_locators.txt)."
gameobjectlocators,1,"map object locator ""siege"" is incomplete. A new file with locator data has been generated (C:/users/steamuser/Documents/Paradox Interactive/Crusader Kings III//generated/siege_locators.txt)."
gameobjectlocators,1,"map object locator ""activities"" is incomplete. A new file with locator data has been generated (C:/users/steamuser/Documents/Paradox Interactive/Crusader Kings III//generated/activities.txt)."
