ck3_id,ck2_province,county,barony,is_capital,ck2_history_terrain,bitmap_ck3_terrain,final_ck3_terrain,outcome
16,1627,c_ishamar_isles,b_ishamar,yes,coastal,plains,plains,kept_rule
17,2150,c_lylorn,b_lylorn,yes,hills,plains,hills,applied_capital
18,2150,c_lylorn,b_arombar,no,hills,mountains,mountains,kept_strong_bitmap
32,2157,c_graxan_forest,b_graxan,yes,jungle,hills,jungle,applied_capital
60,1653,c_bellakh,b_bellakh,yes,hills,plains,hills,applied_capital
65,1650,c_stormslough,b_djerad_tauro,yes,forest,forest,forest,already_agreed
71,1652,c_spiteful_isles,b_djerad_axatar,yes,coastal,plains,plains,kept_rule
73,2141,c_gontal,b_gontal,yes,hills,plains,hills,applied_capital
74,2141,c_gontal,b_sanda,no,hills,plains,hills,applied_weak_bitmap
75,2141,c_gontal,b_areyn,no,hills,mountains,mountains,kept_strong_bitmap
81,2142,c_darkturret,b_arnda,yes,hills,hills,hills,already_agreed
91,2131,c_surraer,b_surraer,yes,mountain,plains,mountains,applied_capital
92,2144,c_velandilmur,b_velandilmur,yes,hills,plains,hills,applied_capital
93,2144,c_velandilmur,b_djerad_thar_ghul,no,hills,plains,hills,applied_weak_bitmap
98,1617,c_sathadech,b_sathadech,yes,mountain,plains,mountains,applied_capital
100,1691,c_starspire,b_djerad_kurar,yes,mountain,hills,mountains,applied_capital
104,2129,c_the_fang,b_djerad_madara,yes,mountain,plains,mountains,applied_capital
109,1688,c_talaran_highlands,b_talara,yes,hills,plains,hills,applied_capital
110,1681,c_roraari,b_roraari,yes,hills,hills,hills,already_agreed
111,1680,c_coldlight_cliffs,b_arrlaur,yes,mountain,plains,mountains,applied_capital
119,1636,c_mraar_forest,b_ara_mraar,yes,jungle,plains,jungle,applied_capital
120,1642,c_maelevarar,b_maelevarar,yes,hills,plains,hills,applied_capital
121,1642,c_maelevarar,b_blindwood,no,hills,hills,hills,already_agreed
122,1635,c_wrecking_coast,b_qamaphut,yes,hills,hills,hills,already_agreed
123,1632,c_kothask,b_kothask,yes,jungle,plains,jungle,applied_capital
124,1634,c_sunrise_hills,b_rotimur,yes,hills,plains,hills,applied_capital
146,1675,c_chain_of_broken_dreams,b_taronerdist,yes,coastal,plains,plains,kept_rule
150,910,c_cholta,b_cholta,yes,forest,forest,forest,already_agreed
151,874,c_peqqir,b_peqqir,yes,forest,forest,forest,already_agreed
152,1332,c_alamaqu,b_alamaqu,yes,hills,hills,hills,already_agreed
153,908,c_yidyn,b_yidyn,yes,forest,forest,forest,already_agreed
155,1333,c_panjuis,b_panjuis,yes,forest,forest,forest,already_agreed
156,1414,c_far_ulhai,b_shaqu,yes,forest,forest,forest,already_agreed
158,2407,c_upper_ama,b_melganavin,yes,forest,taiga,forest,applied_capital
159,890,c_chama,b_chama,yes,forest,forest,forest,already_agreed
160,1385,c_jaria,b_jaria,yes,forest,forest,forest,already_agreed
163,2404,c_tomyris,b_kakhi,yes,forest,forest,forest,already_agreed
166,1384,c_bunsha,b_bunsha,yes,forest,forest,forest,already_agreed
174,74,c_athkatla,b_scepter_district,yes,farmlands,plains,farmlands,applied_capital
175,74,c_athkatla,b_waukeens_promenade,no,farmlands,plains,farmlands,applied_weak_bitmap
176,74,c_athkatla,b_goldbridge,no,farmlands,farmlands,farmlands,already_agreed
177,75,c_kalathtyr,b_kalathtyr,yes,marsh,wetlands,wetlands,already_agreed
178,75,c_kalathtyr,b_wulen,no,marsh,wetlands,wetlands,already_agreed
179,75,c_kalathtyr,b_sassalt,no,marsh,wetlands,wetlands,already_agreed
180,237,c_purskul,b_purskul,yes,farmlands,plains,farmlands,applied_capital
181,237,c_purskul,b_karastra,no,farmlands,plains,farmlands,applied_weak_bitmap
182,77,c_crimmor,b_crimmor,yes,hills,mountains,hills,applied_capital
183,77,c_crimmor,b_crytrapper,no,hills,plains,hills,applied_weak_bitmap
184,77,c_crimmor,b_chaunteas_cradle,no,hills,hills,hills,already_agreed
185,1571,c_hamlar_hills,b_arnise,yes,hills,hills,hills,already_agreed
186,1571,c_hamlar_hills,b_st_carwells_vale,no,hills,hills,hills,already_agreed
187,64,c_nashkel,b_nashkel,yes,hills,plains,hills,applied_capital
188,64,c_nashkel,b_high_song,no,hills,plains,hills,applied_weak_bitmap
189,2531,c_lake_weng,b_minsor_vale,yes,mountain,hills,mountains,applied_capital
190,2531,c_lake_weng,b_citadel_rashturl,no,mountain,plains,mountains,applied_weak_bitmap
191,78,c_eshpurta,b_eshpurta,yes,hills,plains,hills,applied_capital
192,78,c_eshpurta,b_golden_fortress,no,hills,plains,hills,applied_weak_bitmap
193,78,c_eshpurta,b_towers_of_the_vengeful_hand,no,hills,plains,hills,applied_weak_bitmap
194,78,c_eshpurta,b_towers_of_willful_suffering,no,hills,plains,hills,applied_weak_bitmap
197,1709,c_qadim_hills,b_fort_ilbratha,yes,hills,hills,hills,already_agreed
198,583,c_snakewood,b_boar_pike,yes,forest,plains,forest,applied_capital
199,89,c_shilmista,b_fort_mirasandoral,yes,forest,hills,forest,applied_capital
200,1710,c_the_dells,b_daoine_dun,yes,forest,plains,forest,applied_capital
201,76,c_esmeltaran,b_esmeltaran,yes,farmlands,plains,farmlands,applied_capital
202,76,c_esmeltaran,b_kings_arch,no,farmlands,plains,farmlands,applied_weak_bitmap
211,79,c_imnescar,b_imnescar,yes,farmlands,plains,farmlands,applied_capital
212,79,c_imnescar,b_hydcont_hall,no,farmlands,plains,farmlands,applied_weak_bitmap
213,79,c_imnescar,b_battlescarred_bard,no,farmlands,plains,farmlands,applied_weak_bitmap
214,2434,c_the_imnescourse,b_esford,yes,farmlands,plains,farmlands,applied_capital
215,2434,c_the_imnescourse,b_shepardston,no,farmlands,plains,farmlands,applied_weak_bitmap
218,136,c_west_tejarn,b_hillfort_torbold,yes,hills,hills,hills,already_agreed
219,136,c_west_tejarn,b_archring,no,hills,hills,hills,already_agreed
220,87,c_east_tejarn,b_hillfort_keshla,yes,hills,plains,hills,applied_capital
221,87,c_east_tejarn,b_junest,no,hills,hills,hills,already_agreed
226,82,c_murann,b_murann,yes,farmlands,plains,farmlands,applied_capital
227,82,c_murann,b_ommlur_hills,no,farmlands,plains,farmlands,applied_weak_bitmap
228,84,c_brost,b_brost,yes,hills,plains,hills,applied_capital
229,84,c_brost,b_imnesvale,no,hills,plains,hills,applied_weak_bitmap
230,83,c_trademeet,b_trademeet,yes,plains,plains,plains,already_agreed
231,83,c_trademeet,b_bormton,no,plains,plains,plains,already_agreed
232,83,c_trademeet,b_twin_towers,no,plains,plains,plains,already_agreed
234,1234,c_riatavin,b_riatavin,yes,plains,plains,plains,already_agreed
235,1234,c_riatavin,b_tannitton,no,plains,plains,plains,already_agreed
236,1234,c_riatavin,b_rhianna,no,plains,plains,plains,already_agreed
237,1234,c_riatavin,b_tannithall,no,plains,hills,hills,kept_strong_bitmap
238,88,c_trailstone,b_trailstone,yes,hills,plains,hills,applied_capital
239,88,c_trailstone,b_spulzeer,no,hills,plains,hills,applied_weak_bitmap
240,88,c_trailstone,b_spulzeer_vale,no,hills,plains,hills,applied_weak_bitmap
241,176,c_ioma,b_iomaport,yes,coastal,hills,hills,kept_rule
242,176,c_ioma,b_skaug,no,coastal,hills,hills,kept_rule
243,180,c_toaridge_at_the_suns_setting,b_toaridge_at_the_suns_setting,yes,coastal,plains,plains,kept_rule
244,181,c_the_flint,b_seaspray,yes,coastal,plains,plains,kept_rule
245,181,c_the_flint,b_point_hardship,no,coastal,plains,plains,kept_rule
246,179,c_the_rookery,b_the_rookery,yes,coastal,plains,plains,kept_rule
247,1574,c_nemessor,b_nemessor,yes,coastal,plains,plains,kept_rule
248,177,c_irphong,b_jokkursbay,yes,coastal,plains,plains,kept_rule
249,178,c_thordentor,b_elderbay,yes,coastal,plains,plains,kept_rule
250,1126,c_the_pearls,b_pearlhouse,yes,coastal,plains,plains,kept_rule
251,183,c_the_singing_rocks,b_mermaid_cove,yes,coastal,plains,plains,kept_rule
252,182,c_the_tusks,b_borammur,yes,coastal,plains,plains,kept_rule
264,1103,c_lundeth,b_lundeth,yes,desert,plains,desert,applied_capital
272,378,c_sixstreams,b_helvara,yes,hills,plains,hills,applied_capital
276,283,c_miir,b_miirsar,yes,hills,hills,hills,already_agreed
277,2422,c_lost_vale,b_tarkhaldarth,yes,mountain,mountains,mountains,already_agreed
278,1226,c_mhaelos,b_mhaelos,yes,desert,plains,desert,applied_capital
279,1226,c_mhaelos,b_addas_babar,no,desert,plains,desert,applied_weak_bitmap
280,1067,c_atars_looking_glass,b_vil,yes,desert,desert,desert,already_agreed
281,373,c_araugul,b_araugul,yes,desert,plains,desert,applied_capital
282,375,c_farsea_marsh,b_oakmere,yes,marsh,wetlands,wetlands,already_agreed
283,374,c_goblin_marches,b_lundar,yes,hills,desert,hills,applied_capital
284,2412,c_sunset_foothills,b_thandril,yes,hills,hills,hills,already_agreed
285,376,c_the_stonelands,b_needlespires,yes,hills,hills,hills,already_agreed
286,377,c_shaddath,b_rausrawna,yes,hills,mountains,hills,applied_capital
287,2413,c_high_moors,b_marts_keep,yes,hills,hills,hills,already_agreed
288,328,c_tilverton,b_tilverton,yes,hills,plains,hills,applied_capital
289,328,c_tilverton,b_griffon_hill,no,hills,hills,hills,already_agreed
293,1091,c_hlaungadath,b_hlaungadath,yes,desert,desert,desert,already_agreed
294,1260,c_anarath,b_anarath,yes,glacier,taiga,taiga,already_agreed
295,1264,c_riven_frost,b_keltash,yes,glacier,taiga,taiga,already_agreed
296,1093,c_oreme,b_oreme,yes,desert,desert,desert,already_agreed
297,1095,c_glakis,b_glakis,yes,desert,desert,desert,already_agreed
298,1094,c_quaver,b_quaver,yes,desert,desert,desert,already_agreed
299,1092,c_spellgard,b_spellgard,yes,desert,desert,desert,already_agreed
300,1262,c_untrivven,b_untrivven,yes,glacier,taiga,taiga,already_agreed
301,1262,c_untrivven,b_achal,no,glacier,taiga,taiga,already_agreed
302,1261,c_bhaulaea,b_bhaulaea,yes,glacier,taiga,taiga,already_agreed
303,1263,c_smokeholes,b_urumph,yes,glacier,taiga,taiga,already_agreed
314,142,c_calimport,b_pashas_sabban,yes,desert,desert,desert,already_agreed
315,142,c_calimport,b_calephs_court,no,desert,plains,desert,applied_weak_bitmap
316,142,c_calimport,b_raor_bakkal,no,desert,plains,desert,applied_weak_bitmap
317,142,c_calimport,b_muzad,no,desert,plains,desert,applied_weak_bitmap
318,142,c_calimport,b_khandaq,no,desert,plains,desert,applied_weak_bitmap
319,142,c_calimport,b_calimport,no,desert,desert,desert,already_agreed
320,147,c_keltar,b_keltar,yes,desert,plains,desert,applied_capital
321,147,c_keltar,b_evenstar,no,desert,plains,desert,applied_weak_bitmap
322,147,c_keltar,b_yuram,no,desert,hills,hills,kept_strong_bitmap
323,143,c_teshburl,b_teshburl,yes,desert,desert,desert,already_agreed
324,143,c_teshburl,b_st_noradnars,no,desert,plains,desert,applied_weak_bitmap
325,143,c_teshburl,b_st_litwans,no,desert,desert,desert,already_agreed
326,143,c_teshburl,b_ibinhalt,no,desert,desert,desert,already_agreed
329,146,c_calim_desert,b_zenitrag,yes,desert,desert,desert,already_agreed
330,146,c_calim_desert,b_dallabad,no,desert,desert,desert,already_agreed
334,144,c_memnon,b_memnon,yes,desert,plains,desert,applied_capital
335,144,c_memnon,b_golden_grove,no,desert,plains,desert,applied_weak_bitmap
336,144,c_memnon,b_scarlet_gate,no,desert,plains,desert,applied_weak_bitmap
337,144,c_memnon,b_vesparal,no,desert,desert,desert,already_agreed
338,235,c_amkethran,b_amkethran,yes,desert,desert,desert,already_agreed
339,235,c_amkethran,b_assar,no,desert,plains,desert,applied_weak_bitmap
340,235,c_amkethran,b_kemal,no,desert,desert,desert,already_agreed
342,145,c_manshaka,b_manshaka,yes,farmlands,plains,farmlands,applied_capital
343,145,c_manshaka,b_sessemal,no,farmlands,plains,farmlands,applied_weak_bitmap
344,145,c_manshaka,b_st_tarils,no,farmlands,plains,farmlands,applied_weak_bitmap
345,145,c_manshaka,b_faerinstar,no,farmlands,plains,farmlands,applied_weak_bitmap
349,149,c_schamedar,b_schamedar,yes,farmlands,plains,farmlands,applied_capital
350,149,c_schamedar,b_bakkals_sabban,no,farmlands,plains,farmlands,applied_weak_bitmap
351,149,c_schamedar,b_jessimal,no,farmlands,plains,farmlands,applied_weak_bitmap
352,150,c_volothamp,b_volothamp,yes,farmlands,plains,farmlands,applied_capital
353,150,c_volothamp,b_dainar,no,farmlands,mountains,mountains,kept_strong_bitmap
354,150,c_volothamp,b_awagadust,no,farmlands,plains,farmlands,applied_weak_bitmap
355,150,c_volothamp,b_marratesh,no,farmlands,plains,farmlands,applied_weak_bitmap
361,1198,c_spider_swamp,b_ajhuutal,yes,marsh,wetlands,wetlands,already_agreed
382,2308,c_arnrock,b_arnrock,yes,coastal,hills,hills,kept_rule
385,1197,c_beasts_coast,b_olodel,yes,mountain,hills,mountains,applied_capital
397,604,c_ankhwood,b_telgath,yes,forest,plains,forest,applied_capital
398,175,c_thornwood,b_temish,yes,forest,plains,forest,applied_capital
399,1132,c_vale_of_the_reaver,b_lin,yes,hills,plains,hills,applied_capital
400,1132,c_vale_of_the_reaver,b_stanish,no,hills,plains,hills,applied_weak_bitmap
401,1697,c_cloven_hills,b_lupeiros,yes,hills,hills,hills,already_agreed
402,1697,c_cloven_hills,b_yllenora,no,hills,hills,hills,already_agreed
409,1192,c_the_neth_stand,b_ranraths_run,yes,forest,plains,forest,applied_capital
413,1196,c_jundarwood,b_caldarth,yes,forest,plains,forest,applied_capital
428,546,c_qurth_forest,b_qurthing,yes,forest,plains,forest,applied_capital
429,542,c_the_duskwood,b_hesparin,yes,forest,plains,forest,applied_capital
431,139,c_iskashyoll,b_iskashyoll,yes,forest,plains,forest,applied_capital
432,139,c_iskashyoll,b_khanall,no,forest,plains,forest,applied_weak_bitmap
433,140,c_alisiwhann,b_alisiwhann,yes,forest,forest,forest,already_agreed
434,140,c_alisiwhann,b_adarthir,no,forest,plains,forest,applied_weak_bitmap
435,140,c_alisiwhann,b_ragkyls_hold,no,forest,forest,forest,already_agreed
440,152,c_sarenestar,b_sarenestar_glade,yes,forest,plains,forest,applied_capital
444,247,c_tharsult,b_urbeth,yes,coastal,plains,plains,kept_rule
445,247,c_tharsult,b_aunthurr,no,coastal,plains,plains,kept_rule
446,247,c_tharsult,b_funearil,no,coastal,plains,plains,kept_rule
447,247,c_tharsult,b_chastel,no,coastal,plains,plains,kept_rule
448,1217,c_umbarra,b_umbarra,yes,coastal,plains,plains,kept_rule
449,210,c_arrabar,b_arrabar,yes,farmlands,plains,farmlands,applied_capital
450,210,c_arrabar,b_thelgauble,no,farmlands,plains,farmlands,applied_weak_bitmap
451,210,c_arrabar,b_arkhelar,no,farmlands,plains,farmlands,applied_weak_bitmap
452,210,c_arrabar,b_iphash,no,farmlands,plains,farmlands,applied_weak_bitmap
462,1207,c_ilighon,b_sapra,yes,coastal,plains,plains,kept_rule
463,581,c_ixinos,b_ixinos,yes,coastal,plains,plains,kept_rule
464,1208,c_wavecrest,b_queen_of_the_water,yes,coastal,plains,plains,kept_rule
465,574,c_nun,b_nun,yes,farmlands,plains,farmlands,applied_capital
466,574,c_nun,b_horlord,no,farmlands,plains,farmlands,applied_weak_bitmap
471,576,c_nunwood,b_st_vale,yes,forest,plains,forest,applied_capital
472,1442,c_reth,b_reth,yes,hills,hills,hills,already_agreed
473,1442,c_reth,b_sleeping_dragons,no,hills,hills,hills,already_agreed
481,612,c_lomatra,b_lomatra,yes,farmlands,plains,farmlands,applied_capital
482,612,c_lomatra,b_lomoli,no,farmlands,plains,farmlands,applied_weak_bitmap
490,238,c_alaghon,b_the_assembly,yes,farmlands,plains,farmlands,applied_capital
491,238,c_alaghon,b_alaghon_city,no,farmlands,plains,farmlands,applied_weak_bitmap
492,238,c_alaghon,b_karakast,no,farmlands,plains,farmlands,applied_weak_bitmap
493,238,c_alaghon,b_demstar,no,farmlands,plains,farmlands,applied_weak_bitmap
494,239,c_alaoreum,b_morningstar_hollows,yes,hills,plains,hills,applied_capital
495,241,c_holdensword,b_holdensword,yes,farmlands,plains,farmlands,applied_capital
496,241,c_holdensword,b_obelners_well,no,farmlands,plains,farmlands,applied_weak_bitmap
497,240,c_gildenglade,b_gildenglade,yes,farmlands,plains,farmlands,applied_capital
498,240,c_gildenglade,b_merrydell,no,farmlands,hills,hills,kept_strong_bitmap
499,240,c_gildenglade,b_banathar,no,farmlands,plains,farmlands,applied_weak_bitmap
500,240,c_gildenglade,b_zustild,no,farmlands,hills,hills,kept_strong_bitmap
501,242,c_nonthal,b_nonthal,yes,farmlands,plains,farmlands,applied_capital
502,242,c_nonthal,b_zendath,no,farmlands,plains,farmlands,applied_weak_bitmap
503,242,c_nonthal,b_sambryntyn,no,farmlands,plains,farmlands,applied_weak_bitmap
504,242,c_nonthal,b_peldrathans_pool,no,farmlands,plains,farmlands,applied_weak_bitmap
506,243,c_the_faraway,b_dauntshield,yes,forest,plains,forest,applied_capital
507,243,c_the_faraway,b_ravilars_cloak,no,forest,hills,hills,kept_strong_bitmap
508,244,c_xorhun,b_xorhun,yes,hills,plains,hills,applied_capital
509,244,c_xorhun,b_ulvers_lance,no,hills,hills,hills,already_agreed
513,205,c_hlondeth,b_hlondeth,yes,mountain,plains,mountains,applied_capital
514,205,c_hlondeth,b_tanarspear,no,mountain,hills,hills,kept_strong_bitmap
515,205,c_hlondeth,b_amphisbaena,no,mountain,plains,mountains,applied_weak_bitmap
516,205,c_hlondeth,b_halfling_vale,no,mountain,hills,hills,kept_strong_bitmap
517,1432,c_ospkur,b_stormsteer,yes,mountain,hills,mountains,applied_capital
518,209,c_pikemans_folly,b_pike_hold,yes,mountain,hills,mountains,applied_capital
519,209,c_pikemans_folly,b_troll_bridge,no,mountain,hills,hills,kept_strong_bitmap
520,1573,c_nleeth_and_amah,b_nleeth,yes,mountain,hills,mountains,applied_capital
521,1573,c_nleeth_and_amah,b_amah,no,mountain,hills,hills,kept_strong_bitmap
525,575,c_lilit_pass,b_daroush,yes,mountain,mountains,mountains,already_agreed
526,575,c_lilit_pass,b_aelor,no,mountain,mountains,mountains,already_agreed
527,163,c_lheshayl,b_lheshayl,yes,plains,steppe,plains,applied_capital
528,163,c_lheshayl,b_lothia,no,plains,steppe,steppe,kept_strong_bitmap
529,198,c_murpeth,b_murpeth,yes,hills,steppe,hills,applied_capital
530,198,c_murpeth,b_tulhaspyr,no,hills,hills,hills,already_agreed
531,199,c_surkh,b_surkh,yes,hills,steppe,hills,applied_capital
532,199,c_surkh,b_ulken,no,hills,steppe,steppe,kept_strong_bitmap
533,194,c_nathlekh,b_nathlekh,yes,plains,plains,plains,already_agreed
534,194,c_nathlekh,b_kesstar,no,plains,plains,plains,already_agreed
535,202,c_long_arm,b_kens_rise,yes,hills,plains,hills,applied_capital
536,202,c_long_arm,b_port_orlam,no,hills,hills,hills,already_agreed
537,569,c_orbrekhland,b_kenvale,yes,plains,steppe,plains,applied_capital
538,197,c_ormath,b_ormath,yes,plains,steppe,plains,applied_capital
539,197,c_ormath,b_stessarun,no,plains,steppe,steppe,kept_strong_bitmap
540,206,c_the_wetwoods,b_urml,yes,marsh,wetlands,wetlands,already_agreed
541,195,c_assam,b_assam,yes,plains,steppe,plains,applied_capital
542,195,c_assam,b_khearan,no,plains,steppe,steppe,kept_strong_bitmap
543,192,c_karlyns_vale,b_quarrelshigh,yes,mountain,mountains,mountains,already_agreed
544,201,c_giants_run,b_iisilmark,yes,plains,steppe,plains,applied_capital
545,1711,c_karmsteppe,b_karmhold,yes,plains,steppe,plains,applied_capital
546,193,c_widestep,b_qord,yes,plains,steppe,plains,applied_capital
547,1712,c_obarval,b_obarval,yes,plains,steppe,plains,applied_capital
548,204,c_broadfields,b_fenders_run,yes,plains,steppe,plains,applied_capital
549,203,c_westmark,b_estafern,yes,plains,steppe,plains,applied_capital
550,1713,c_argenmoor,b_argenmoor,yes,plains,steppe,plains,applied_capital
551,584,c_rucien_xan,b_rucien_xan,yes,forest,forest,forest,already_agreed
552,584,c_rucien_xan,b_villia,no,forest,forest,forest,already_agreed
553,2533,c_green_shadows,b_thurgabanteth,yes,forest,plains,forest,applied_capital
554,2533,c_green_shadows,b_tempushrine,no,forest,plains,forest,applied_weak_bitmap
555,595,c_nearwoods,b_sarketh,yes,forest,plains,forest,applied_capital
556,594,c_satyr_road,b_holyheart_house,yes,forest,forest,forest,already_agreed
557,596,c_olum,b_olum,yes,forest,plains,forest,applied_capital
558,597,c_illuks,b_illuks,yes,forest,forest,forest,already_agreed
559,2436,c_iyrandrar,b_iyrandrar,yes,forest,plains,forest,applied_capital
560,598,c_adder_woods,b_adder_point,yes,forest,plains,forest,applied_capital
561,599,c_velsit,b_velsit,yes,forest,plains,forest,applied_capital
562,610,c_zamsgrove,b_zams,yes,forest,plains,forest,applied_capital
563,606,c_ormpetarr,b_ormpetarr,yes,farmlands,plains,farmlands,applied_capital
564,606,c_ormpetarr,b_xems,no,farmlands,plains,farmlands,applied_weak_bitmap
565,606,c_ormpetarr,b_glukharks_delve,no,farmlands,plains,farmlands,applied_weak_bitmap
566,606,c_ormpetarr,b_tillisetr,no,farmlands,plains,farmlands,applied_weak_bitmap
589,207,c_lachom,b_lachom,yes,mountain,plains,mountains,applied_capital
590,1199,c_mimph,b_mimph,yes,farmlands,farmlands,farmlands,already_agreed
591,1199,c_mimph,b_vale_vassara,no,farmlands,plains,farmlands,applied_weak_bitmap
592,1199,c_mimph,b_emeralda,no,farmlands,plains,farmlands,applied_weak_bitmap
593,602,c_north_winterwood,b_misthome,yes,forest,plains,forest,applied_capital
594,603,c_south_winterwood,b_chestam,yes,forest,plains,forest,applied_capital
596,441,c_mezro,b_mezro,yes,jungle,jungle,jungle,already_agreed
597,441,c_mezro,b_rotheha,no,jungle,jungle,jungle,already_agreed
598,441,c_mezro,b_nkinge,no,jungle,forest,forest,kept_strong_bitmap
599,441,c_mezro,b_obian,no,jungle,jungle,jungle,already_agreed
600,441,c_mezro,b_deda,no,jungle,jungle,jungle,already_agreed
601,441,c_mezro,b_agwux,no,jungle,forest,forest,kept_strong_bitmap
602,455,c_shatterwave,b_port_castigliar,yes,jungle,forest,jungle,applied_capital
603,443,c_talacoast,b_ataz_muhaha,yes,jungle,jungle,jungle,already_agreed
604,443,c_talacoast,b_hastou,no,jungle,jungle,jungle,already_agreed
605,443,c_talacoast,b_kunnya,no,jungle,forest,forest,kept_strong_bitmap
609,454,c_olung,b_olung,yes,jungle,forest,jungle,applied_capital
610,458,c_wildstorm_vale,b_port_beluarian,yes,jungle,jungle,jungle,already_agreed
612,459,c_bulobo,b_bulobo,yes,jungle,forest,jungle,applied_capital
613,464,c_nsi,b_kir_sabal,yes,hills,hills,hills,already_agreed
614,464,c_nsi,b_edieh,no,hills,jungle,jungle,kept_strong_bitmap
615,461,c_jahaka_bay,b_jahaka,yes,jungle,hills,jungle,applied_capital
616,461,c_jahaka_bay,b_kengabar,no,jungle,hills,hills,kept_strong_bitmap
617,453,c_mbala,b_mbala,yes,jungle,forest,jungle,applied_capital
618,460,c_orolunga,b_orolunga,yes,jungle,forest,jungle,applied_capital
619,465,c_matolo,b_matolo,yes,hills,jungle,hills,applied_capital
620,456,c_aldani_basin,b_aldani,yes,marsh,wetlands,wetlands,already_agreed
622,448,c_hisari,b_hisari,yes,jungle,forest,jungle,applied_capital
623,448,c_hisari,b_aggen,no,jungle,forest,forest,kept_strong_bitmap
624,445,c_sapphire_shores,b_bindra,yes,jungle,jungle,jungle,already_agreed
625,445,c_sapphire_shores,b_adeoyen,no,jungle,hills,hills,kept_strong_bitmap
626,446,c_the_chultengar,b_chova_step,yes,jungle,forest,jungle,applied_capital
627,1420,c_pterafolk_eyries,b_eyrie,yes,jungle,hills,jungle,applied_capital
628,447,c_valley_of_dread,b_klossolo,yes,jungle,hills,jungle,applied_capital
629,1421,c_batiriland,b_batiri,yes,jungle,forest,jungle,applied_capital
630,1566,c_omu,b_omu,yes,jungle,forest,jungle,applied_capital
631,1566,c_omu,b_aataz_yklawzi,no,jungle,forest,forest,kept_strong_bitmap
632,1566,c_omu,b_bibiwe,no,jungle,forest,forest,kept_strong_bitmap
633,1566,c_omu,b_biloga,no,jungle,jungle,jungle,already_agreed
634,1565,c_valley_of_embers,b_aataz_kahakla,yes,jungle,desert,jungle,applied_capital
635,449,c_shilku_bay,b_shilku,yes,jungle,jungle,jungle,already_agreed
636,449,c_shilku_bay,b_jeboye,no,jungle,jungle,jungle,already_agreed
637,2128,c_hrakhamar,b_hrakhamar,yes,mountain,desert,mountains,applied_capital
638,2128,c_hrakhamar,b_wyrmheart,no,mountain,hills,hills,kept_strong_bitmap
639,450,c_valley_of_lost_honor,b_ataaz_yklwazi,yes,desert,jungle,desert,applied_capital
640,451,c_couatl_wilds,b_kalax,yes,jungle,forest,jungle,applied_capital
641,462,c_snapping_turtle_bay,b_belit,yes,hills,hills,hills,already_agreed
642,419,c_tembasi,b_tembasi,yes,jungle,jungle,jungle,already_agreed
643,457,c_land_of_ash_and_smoke,b_pyraxia,yes,desert,desert,desert,already_agreed
644,392,c_samargol,b_samargol,yes,farmlands,plains,farmlands,applied_capital
645,392,c_samargol,b_ingress,no,farmlands,plains,farmlands,applied_weak_bitmap
646,392,c_samargol,b_samar_stone,no,farmlands,plains,farmlands,applied_weak_bitmap
647,392,c_samargol,b_gemhar,no,farmlands,plains,farmlands,applied_weak_bitmap
648,410,c_laas,b_laas,yes,hills,plains,hills,applied_capital
652,442,c_the_samarlogh,b_samargard,yes,jungle,plains,jungle,applied_capital
653,442,c_the_samarlogh,b_flatdrift,no,jungle,jungle,jungle,already_agreed
658,409,c_soussal,b_soussal,yes,jungle,jungle,jungle,already_agreed
659,409,c_soussal,b_rewold,no,jungle,hills,hills,kept_strong_bitmap
662,430,c_thindar,b_thindar,yes,farmlands,plains,farmlands,applied_capital
663,430,c_thindar,b_gurdeth,no,farmlands,plains,farmlands,applied_weak_bitmap
664,430,c_thindar,b_buta,no,farmlands,plains,farmlands,applied_weak_bitmap
689,370,c_heliogabalus,b_heliogabalus,yes,farmlands,plains,farmlands,applied_capital
690,370,c_heliogabalus,b_morovar,no,farmlands,plains,farmlands,applied_weak_bitmap
691,369,c_polten,b_withermeet,yes,farmlands,plains,farmlands,applied_capital
692,369,c_polten,b_daleport,no,farmlands,plains,farmlands,applied_weak_bitmap
693,369,c_polten,b_tellerth,no,farmlands,plains,farmlands,applied_weak_bitmap
697,371,c_ostel,b_praka,yes,farmlands,plains,farmlands,applied_capital
698,371,c_ostel,b_brotha,no,farmlands,plains,farmlands,applied_weak_bitmap
699,371,c_ostel,b_portith,no,farmlands,plains,farmlands,applied_weak_bitmap
725,350,c_rystall_wood,b_snowmantle,yes,forest,forest,forest,already_agreed
726,347,c_north_rystall,b_coniferia,yes,forest,forest,forest,already_agreed
730,269,c_elventree,b_elventree,yes,forest,plains,forest,applied_capital
731,269,c_elventree,b_halls_of_the_unicorn,no,forest,plains,forest,applied_weak_bitmap
732,2468,c_elmwood,b_elmwood,yes,forest,plains,forest,applied_capital
733,2468,c_elmwood,b_littleford,no,forest,plains,forest,applied_weak_bitmap
734,342,c_melvaunt,b_asberyth,yes,plains,hills,plains,applied_capital
735,342,c_melvaunt,b_nanther_keep,no,plains,hills,hills,kept_strong_bitmap
736,344,c_hulburg,b_griffonwatch_keep,yes,hills,hills,hills,already_agreed
737,344,c_hulburg,b_hulburg,no,hills,hills,hills,already_agreed
738,346,c_thentia,b_watchlords_tower,yes,plains,hills,plains,applied_capital
739,346,c_thentia,b_thentia,no,plains,hills,hills,kept_strong_bitmap
740,346,c_thentia,b_house_of_the_moon,no,plains,hills,hills,kept_strong_bitmap
741,270,c_mulmaster,b_mulmaster,yes,hills,hills,hills,already_agreed
742,270,c_mulmaster,b_black_altar,no,hills,mountains,mountains,kept_strong_bitmap
743,270,c_mulmaster,b_tower_of_the_blade,no,hills,hills,hills,already_agreed
744,383,c_daltonsvale,b_fort_dalton,yes,forest,plains,forest,applied_capital
745,383,c_daltonsvale,b_maskyrs_trail,no,forest,plains,forest,applied_weak_bitmap
746,2470,c_ironfang_keep,b_ironfang_keep,yes,mountain,mountains,mountains,already_agreed
747,2470,c_ironfang_keep,b_eastwall,no,mountain,hills,hills,kept_strong_bitmap
748,2470,c_ironfang_keep,b_tel_verinal,no,mountain,mountains,mountains,already_agreed
750,2350,c_glacier_of_the_white_worm,b_mount_wormlook,yes,glacier,taiga,taiga,already_agreed
760,1431,c_vercy_wood,b_vercy_hold,yes,forest,forest,forest,already_agreed
761,2466,c_pelauvir,b_bridge_of_kin,yes,hills,hills,hills,already_agreed
762,345,c_thar,b_fangjaws_hold,yes,hills,hills,hills,already_agreed
765,348,c_hawksroost,b_hawksroost,yes,hills,hills,hills,already_agreed
766,1584,c_glister,b_glister,yes,hills,hills,hills,already_agreed
768,384,c_bottomless_bog,b_moortown,yes,marsh,wetlands,wetlands,already_agreed
769,384,c_bottomless_bog,b_kond,no,marsh,wetlands,wetlands,already_agreed
770,384,c_bottomless_bog,b_giants_stone,no,marsh,wetlands,wetlands,already_agreed
792,1242,c_lilinuk,b_lilinuk,yes,glacier,taiga,taiga,already_agreed
793,1247,c_imajuvisik,b_imajuvisik,yes,glacier,taiga,taiga,already_agreed
794,1265,c_lugotak,b_lugotak,yes,glacier,taiga,taiga,already_agreed
795,1244,c_saichik,b_saichik,yes,glacier,taiga,taiga,already_agreed
796,1243,c_vekkak,b_vekkak,yes,glacier,taiga,taiga,already_agreed
797,1268,c_morrowikik,b_morrowikik,yes,glacier,taiga,taiga,already_agreed
798,1268,c_morrowikik,b_qaini,no,glacier,taiga,taiga,already_agreed
799,1253,c_huplik,b_huplik,yes,glacier,taiga,taiga,already_agreed
800,1254,c_shannath,b_shannath,yes,glacier,taiga,taiga,already_agreed
801,1266,c_ibelgrak,b_ibelgrak,yes,glacier,taiga,taiga,already_agreed
802,1251,c_utui,b_utui,yes,glacier,taiga,taiga,already_agreed
803,1252,c_igenghack,b_igenghack,yes,glacier,taiga,taiga,already_agreed
804,1256,c_wertikak,b_wertikak,yes,glacier,taiga,taiga,already_agreed
805,1258,c_jajam,b_jajam,yes,glacier,taiga,taiga,already_agreed
806,1245,c_hykopgrok,b_hykopgrok,yes,glacier,taiga,taiga,already_agreed
807,1267,c_ahtitlak,b_ahtitlak,yes,glacier,taiga,taiga,already_agreed
808,1267,c_ahtitlak,b_takari,no,glacier,taiga,taiga,already_agreed
809,1246,c_eghagu,b_eghagu,yes,glacier,taiga,taiga,already_agreed
810,2564,c_okk,b_mount_okk,yes,glacier,steppe,taiga,applied_capital
811,2564,c_okk,b_ice_castle,no,glacier,taiga,taiga,already_agreed
812,1255,c_kresttet,b_kresttet,yes,glacier,taiga,taiga,already_agreed
813,1270,c_olyniak,b_olyniak,yes,glacier,taiga,taiga,already_agreed
814,1269,c_shakkak,b_shakkak,yes,glacier,mountains,taiga,applied_capital
815,1257,c_siksuv,b_siksuv,yes,glacier,taiga,taiga,already_agreed
816,1250,c_gomwenk,b_gomwenk,yes,glacier,taiga,taiga,already_agreed
817,1248,c_patatak,b_patatak,yes,glacier,taiga,taiga,already_agreed
818,1249,c_snokkok,b_snokkok,yes,glacier,mountains,taiga,applied_capital
827,2515,c_dareth,b_dareth_citadel,yes,mountain,mountains,mountains,already_agreed
828,2514,c_mount_sundabar,b_sundabar_citadel,yes,mountain,taiga,mountains,applied_capital
829,2323,c_heroes_height,b_heroes_height,yes,mountain,mountains,mountains,already_agreed
837,355,c_frozen_flindyke,b_frozen_flindyke,yes,hills,taiga,hills,applied_capital
838,2465,c_kalterland,b_way_of_the_powrie,yes,hills,steppe,hills,applied_capital
839,2472,c_chilled_plain,b_akkadash,yes,hills,hills,hills,already_agreed
842,1259,c_aurora,b_urt,yes,glacier,taiga,taiga,already_agreed
843,387,c_frozen_forest,b_gartthalt,yes,forest,forest,forest,already_agreed
844,338,c_myth_drannor,b_castle_cormanthor,yes,forest,forest,forest,already_agreed
845,338,c_myth_drannor,b_cormanthor,no,forest,forest,forest,already_agreed
846,338,c_myth_drannor,b_sheshyrinnam,no,forest,forest,forest,already_agreed
847,338,c_myth_drannor,b_kerradunath,no,forest,forest,forest,already_agreed
848,338,c_myth_drannor,b_dlabraddath,no,forest,plains,forest,applied_weak_bitmap
849,2420,c_beast_marches,b_ihyrennstar,yes,forest,forest,forest,already_agreed
850,2420,c_beast_marches,b_garnets_pure,no,forest,forest,forest,already_agreed
851,1155,c_greentree,b_greengrove,yes,forest,plains,forest,applied_capital
852,1155,c_greentree,b_ushaalnoth,no,forest,plains,forest,applied_weak_bitmap
853,1155,c_greentree,b_kerymiir,no,forest,plains,forest,applied_weak_bitmap
854,1153,c_wildergroves,b_caronal,yes,forest,plains,forest,applied_capital
855,1153,c_wildergroves,b_trenahess,no,forest,plains,forest,applied_weak_bitmap
856,1153,c_wildergroves,b_stareyes,no,forest,plains,forest,applied_weak_bitmap
857,335,c_elven_court,b_elven_court,yes,forest,forest,forest,already_agreed
858,335,c_elven_court,b_xenphal,no,forest,forest,forest,already_agreed
859,339,c_darkwoods,b_minauthkeep,yes,forest,forest,forest,already_agreed
860,340,c_liswood,b_halvans_wood,yes,forest,plains,forest,applied_capital
861,336,c_tangled_trees,b_the_tangled_trees,yes,forest,forest,forest,already_agreed
862,336,c_tangled_trees,b_gielaph,no,forest,forest,forest,already_agreed
863,2419,c_heartwood,b_standing_stone,yes,forest,forest,forest,already_agreed
864,2419,c_heartwood,b_greatstone,no,forest,forest,forest,already_agreed
865,337,c_vale_of_lost_voices,b_vale_of_lost_voices,yes,forest,forest,forest,already_agreed
866,333,c_semberholme,b_sember,yes,forest,plains,forest,applied_capital
867,333,c_semberholme,b_zulmas,no,forest,plains,forest,applied_weak_bitmap
868,333,c_semberholme,b_caer_cadrin,no,forest,plains,forest,applied_weak_bitmap
869,334,c_mosstrunks,b_arauvuddelve,yes,forest,plains,forest,applied_capital
870,334,c_mosstrunks,b_the_old_stone,no,forest,forest,forest,already_agreed
871,1154,c_ssrenshen,b_ssrenshen,yes,forest,plains,forest,applied_capital
872,2606,c_beast_country,b_beast_country,yes,forest,plains,forest,applied_capital
873,372,c_spiderhaunt_woods,b_finders_keep,yes,forest,plains,forest,applied_capital
874,372,c_spiderhaunt_woods,b_stormpenhauder,no,forest,hills,hills,kept_strong_bitmap
875,275,c_highmoon,b_highmoon,yes,forest,plains,forest,applied_capital
876,275,c_highmoon,b_bristar,no,forest,plains,forest,applied_weak_bitmap
877,2573,c_three_rivers,b_three_rivers,yes,forest,plains,forest,applied_capital
878,284,c_tegals_mark,b_tegals_mark,yes,hills,hills,hills,already_agreed
879,284,c_tegals_mark,b_the_just_hammer,no,hills,plains,hills,applied_weak_bitmap
880,284,c_tegals_mark,b_tasselheart,no,hills,plains,hills,applied_weak_bitmap
883,277,c_harrowdale,b_harrowdale,yes,forest,plains,forest,applied_capital
884,277,c_harrowdale,b_two_rocks,no,forest,plains,forest,applied_weak_bitmap
885,2601,c_velarswood,b_velarswood,yes,forest,plains,forest,applied_capital
886,2601,c_velarswood,b_harvest_moon,no,forest,plains,forest,applied_weak_bitmap
888,282,c_shadowdale,b_twisted_tower,yes,forest,plains,forest,applied_capital
889,282,c_shadowdale,b_shadowdale,no,forest,plains,forest,applied_weak_bitmap
890,282,c_shadowdale,b_elminster_tower,no,forest,plains,forest,applied_weak_bitmap
891,2603,c_freedale,b_freedale,yes,forest,plains,forest,applied_capital
892,2604,c_shadowglade,b_shadowglade,yes,forest,plains,forest,applied_capital
893,279,c_ashabenford,b_ashabenford,yes,forest,plains,forest,applied_capital
894,279,c_ashabenford,b_mistletarn,no,forest,plains,forest,applied_weak_bitmap
895,279,c_ashabenford,b_the_golden_sheaf,no,forest,plains,forest,applied_weak_bitmap
896,2607,c_barrowfield,b_peldans_helm,yes,forest,plains,forest,applied_capital
897,272,c_essembra,b_essembra,yes,forest,plains,forest,applied_capital
898,272,c_essembra,b_tangled_trees,no,forest,forest,forest,already_agreed
899,272,c_essembra,b_oaknoll,no,forest,plains,forest,applied_weak_bitmap
900,2608,c_hap,b_hap,yes,forest,plains,forest,applied_capital
901,2608,c_hap,b_tower_of_dracandros,no,forest,plains,forest,applied_weak_bitmap
902,280,c_scardale,b_scardale_town,yes,hills,hills,hills,already_agreed
903,280,c_scardale,b_scarsdeep,no,hills,plains,hills,applied_weak_bitmap
904,280,c_scardale,b_scar_harbor,no,hills,plains,hills,applied_weak_bitmap
907,2610,c_wrights_ferry,b_wrights_ferry,yes,forest,plains,forest,applied_capital
908,276,c_blackfeather_bridge,b_blackfeather_bridge,yes,forest,plains,forest,applied_capital
909,274,c_daggerdale,b_white_chalk_hollow,yes,hills,plains,hills,applied_capital
910,274,c_daggerdale,b_teshmere,no,hills,plains,hills,applied_weak_bitmap
911,274,c_daggerdale,b_dordrien_keep,no,hills,hills,hills,already_agreed
914,285,c_teshwave,b_teshwave,yes,hills,plains,hills,applied_capital
915,285,c_teshwave,b_teshwave_manor,no,hills,plains,hills,applied_weak_bitmap
917,273,c_archenbridge,b_archenbridge,yes,hills,plains,hills,applied_capital
918,273,c_archenbridge,b_ramblecoats,no,hills,plains,hills,applied_weak_bitmap
919,273,c_archenbridge,b_nairning,no,hills,plains,hills,applied_weak_bitmap
921,260,c_ordulin,b_ordulin,yes,farmlands,plains,farmlands,applied_capital
922,260,c_ordulin,b_bower_of_the_lady,no,farmlands,plains,farmlands,applied_weak_bitmap
923,260,c_ordulin,b_ornstar,no,farmlands,plains,farmlands,applied_weak_bitmap
925,278,c_highcastle,b_highcastle,yes,mountain,plains,mountains,applied_capital
926,278,c_highcastle,b_dancing_place,no,mountain,hills,hills,kept_strong_bitmap
928,281,c_sessrenglade,b_sessrenglade,yes,hills,plains,hills,applied_capital
929,281,c_sessrenglade,b_oversember_vale,no,hills,hills,hills,already_agreed
931,1107,c_leuthilspar,b_moonstone_palace,yes,forest,plains,forest,applied_capital
932,1107,c_leuthilspar,b_leuthilspar,no,forest,plains,forest,applied_weak_bitmap
933,1107,c_leuthilspar,b_temple_of_the_seldarine,no,forest,plains,forest,applied_weak_bitmap
934,1107,c_leuthilspar,b_the_glade,no,forest,plains,forest,applied_weak_bitmap
935,1107,c_leuthilspar,b_sunstone_common,no,forest,plains,forest,applied_weak_bitmap
936,1117,c_eagle_hills,b_helespa,yes,hills,hills,hills,already_agreed
937,1117,c_eagle_hills,b_uadinsa,no,hills,hills,hills,already_agreed
938,1143,c_shaelyn,b_summer_palace,yes,forest,forest,forest,already_agreed
939,1143,c_shaelyn,b_shaelynsrun,no,forest,plains,forest,applied_weak_bitmap
940,1143,c_shaelyn,b_yessael,no,forest,plains,forest,applied_weak_bitmap
941,1116,c_silver_hills,b_everantha,yes,hills,hills,hills,already_agreed
942,1116,c_silver_hills,b_tyathalael,no,hills,hills,hills,already_agreed
943,1116,c_silver_hills,b_fyfe_ortheiad,no,hills,hills,hills,already_agreed
944,1113,c_ruith,b_lighthouse_keep,yes,forest,hills,forest,applied_capital
945,1113,c_ruith,b_ruith,no,forest,plains,forest,applied_weak_bitmap
946,1113,c_ruith,b_the_thousand_trees,no,forest,plains,forest,applied_weak_bitmap
950,1118,c_elion,b_craulnober_keep,yes,forest,hills,forest,applied_capital
951,1118,c_elion,b_elion,no,forest,plains,forest,applied_weak_bitmap
952,1118,c_elion,b_thelmbel,no,forest,hills,hills,kept_strong_bitmap
953,1115,c_taltempla,b_taltempla,yes,forest,hills,forest,applied_capital
954,1115,c_taltempla,b_grove_of_the_four_winds,no,forest,hills,hills,kept_strong_bitmap
955,1115,c_taltempla,b_the_green_paths,no,forest,plains,forest,applied_weak_bitmap
956,1111,c_drelagara,b_drelagara,yes,forest,plains,forest,applied_capital
957,1205,c_othars_hand,b_othars_hand,yes,forest,plains,forest,applied_capital
958,1205,c_othars_hand,b_thilvetheas,no,forest,plains,forest,applied_weak_bitmap
959,1205,c_othars_hand,b_springshadow,no,forest,plains,forest,applied_weak_bitmap
960,1108,c_siiluth,b_siiluth_keep,yes,forest,plains,forest,applied_capital
961,1108,c_siiluth,b_nyfh,no,forest,plains,forest,applied_weak_bitmap
962,1108,c_siiluth,b_esela,no,forest,plains,forest,applied_weak_bitmap
963,1108,c_siiluth,b_minarisa,no,forest,plains,forest,applied_weak_bitmap
964,1110,c_sumbrar,b_sumbrar,yes,coastal,plains,plains,kept_rule
965,1110,c_sumbrar,b_raholona,no,coastal,hills,hills,kept_rule
966,1120,c_araksa,b_araksa,yes,coastal,plains,plains,kept_rule
967,1112,c_belintholme,b_belintholme,yes,coastal,plains,plains,kept_rule
968,1112,c_belintholme,b_gaenor,no,coastal,plains,plains,kept_rule
969,1109,c_nimlith,b_nimlith,yes,forest,plains,forest,applied_capital
970,1109,c_nimlith,b_jave_alari,no,forest,plains,forest,applied_weak_bitmap
971,1109,c_nimlith,b_alens,no,forest,forest,forest,already_agreed
972,1204,c_haelwood,b_haelev,yes,forest,forest,forest,already_agreed
973,1204,c_haelwood,b_onorar,no,forest,plains,forest,applied_weak_bitmap
974,1204,c_haelwood,b_afen_allanar,no,forest,hills,hills,kept_strong_bitmap
977,249,c_suzail,b_azoun_palace,yes,farmlands,plains,farmlands,applied_capital
978,249,c_suzail,b_suzail,no,farmlands,farmlands,farmlands,already_agreed
979,249,c_suzail,b_hilp,no,farmlands,plains,farmlands,applied_weak_bitmap
980,249,c_suzail,b_jesters_green,no,farmlands,plains,farmlands,applied_weak_bitmap
981,249,c_suzail,b_gray_oaks,no,farmlands,plains,farmlands,applied_weak_bitmap
982,250,c_wyvernwater,b_wheloon,yes,farmlands,plains,farmlands,applied_capital
983,250,c_wyvernwater,b_redstone,no,farmlands,plains,farmlands,applied_weak_bitmap
984,250,c_wyvernwater,b_immersea,no,farmlands,plains,farmlands,applied_weak_bitmap
985,255,c_warmshores,b_warmshores,yes,hills,hills,hills,already_agreed
986,301,c_kings_forest,b_waymoot,yes,forest,plains,forest,applied_capital
987,301,c_kings_forest,b_stag_steads,no,forest,plains,forest,applied_weak_bitmap
988,252,c_marsember,b_sharmran_isle,no,forest,farmlands,forest,applied_weak_bitmap
989,252,c_marsember,b_antanmarans_isle,no,forest,plains,forest,applied_weak_bitmap
990,252,c_marsember,b_kings_tower,no,forest,farmlands,forest,applied_weak_bitmap
995,332,c_thunderstone,b_thunderstone,yes,marsh,plains,wetlands,applied_capital
996,332,c_thunderstone,b_besert,no,marsh,plains,wetlands,applied_weak_bitmap
997,332,c_thunderstone,b_ghars,no,marsh,plains,wetlands,applied_weak_bitmap
998,1564,c_vast_swamp,b_lost_refuge,yes,marsh,wetlands,wetlands,already_agreed
999,1391,c_thunder_gap,b_thunderlun,yes,hills,mountains,hills,applied_capital
1000,1391,c_thunder_gap,b_volkumburgh,no,hills,hills,hills,already_agreed
1001,329,c_hullack_forest,b_tethgard,yes,forest,forest,forest,already_agreed
1002,329,c_hullack_forest,b_wyvernstones,no,forest,plains,forest,applied_weak_bitmap
1005,253,c_arabel,b_the_citadel,yes,farmlands,plains,farmlands,applied_capital
1006,253,c_arabel,b_arabel,no,farmlands,plains,farmlands,applied_weak_bitmap
1007,253,c_arabel,b_the_ladys_hall,no,farmlands,plains,farmlands,applied_weak_bitmap
1008,253,c_arabel,b_yeoman_bridge,no,farmlands,plains,farmlands,applied_weak_bitmap
1009,331,c_redspring,b_castle_kilgrave,yes,mountain,hills,mountains,applied_capital
1010,331,c_redspring,b_castle_crag,no,mountain,hills,hills,kept_strong_bitmap
1011,331,c_redspring,b_redspring,no,mountain,hills,hills,kept_strong_bitmap
1012,251,c_eveningstar,b_eveningstar,yes,hills,hills,hills,already_agreed
1013,251,c_eveningstar,b_espar,no,hills,plains,hills,applied_weak_bitmap
1014,251,c_eveningstar,b_tyrluk,no,hills,hills,hills,already_agreed
1015,251,c_eveningstar,b_harkstead,no,hills,hills,hills,already_agreed
1016,2516,c_high_horn,b_high_horn,yes,mountain,hills,mountains,applied_capital
1017,2516,c_high_horn,b_huthduth,no,mountain,hills,hills,kept_strong_bitmap
1018,286,c_storm_horns,b_skull_crag,yes,mountain,hills,mountains,applied_capital
1019,286,c_storm_horns,b_greatgaunt,no,mountain,hills,hills,kept_strong_bitmap
1038,403,c_sarshel,b_sarshel,yes,farmlands,plains,farmlands,applied_capital
1039,403,c_sarshel,b_thelnam,no,farmlands,plains,farmlands,applied_weak_bitmap
1040,403,c_sarshel,b_arns_cove,no,farmlands,hills,hills,kept_strong_bitmap
1044,1580,c_middenlands,b_mal,yes,farmlands,plains,farmlands,applied_capital
1045,1580,c_middenlands,b_black_rose,no,farmlands,plains,farmlands,applied_weak_bitmap
1048,1024,c_velprintalar,b_velprintalar,yes,farmlands,plains,farmlands,applied_capital
1049,1024,c_velprintalar,b_findar,no,farmlands,plains,farmlands,applied_weak_bitmap
1050,1024,c_velprintalar,b_corth,no,farmlands,plains,farmlands,applied_weak_bitmap
1051,1024,c_velprintalar,b_tahirba,no,farmlands,plains,farmlands,applied_weak_bitmap
1057,1028,c_emmech,b_emmech,yes,hills,hills,hills,already_agreed
1058,1028,c_emmech,b_viedana,no,hills,hills,hills,already_agreed
1061,1427,c_watchwall,b_thayguard,yes,mountain,hills,mountains,applied_capital
1062,1427,c_watchwall,b_glarondar,no,mountain,hills,hills,kept_strong_bitmap
1063,2437,c_relkaths_foot,b_royal_hall,yes,forest,plains,forest,applied_capital
1064,2437,c_relkaths_foot,b_relkaths_foot,no,forest,plains,forest,applied_weak_bitmap
1065,2437,c_relkaths_foot,b_house_of_the_leaflord,no,forest,plains,forest,applied_weak_bitmap
1066,1241,c_sunglade,b_sunglade,yes,forest,forest,forest,already_agreed
1067,1057,c_yuirwood,b_yuirin,yes,forest,plains,forest,applied_capital
1068,1057,c_yuirwood,b_caer_malla,no,forest,plains,forest,applied_weak_bitmap
1069,1057,c_yuirwood,b_enens,no,forest,plains,forest,applied_weak_bitmap
1070,1134,c_isle_of_prespur,b_badest,yes,coastal,plains,plains,kept_rule
1071,1137,c_alphar_and_kelthan,b_alphar,yes,coastal,plains,plains,kept_rule
1072,1136,c_dragonisle,b_immurks_hold,yes,coastal,plains,plains,kept_rule
1073,1138,c_the_jaws,b_harnor,yes,coastal,plains,plains,kept_rule
1074,1146,c_the_wayrock,b_kelpar,yes,coastal,plains,plains,kept_rule
1075,1135,c_whamite_isles,b_sthega,yes,coastal,plains,plains,kept_rule
1076,190,c_westgate,b_crownhall,yes,farmlands,plains,farmlands,applied_capital
1077,190,c_westgate,b_tidetown,no,farmlands,plains,farmlands,applied_weak_bitmap
1078,190,c_westgate,b_spirestone,no,farmlands,plains,farmlands,applied_weak_bitmap
1079,190,c_westgate,b_westarend,no,farmlands,plains,farmlands,applied_weak_bitmap
1083,185,c_elversult,b_moonstorm_house,yes,farmlands,plains,farmlands,applied_capital
1084,185,c_elversult,b_elversult,no,farmlands,plains,farmlands,applied_weak_bitmap
1085,185,c_elversult,b_temple_hill,no,farmlands,steppe,steppe,kept_strong_bitmap
1086,185,c_elversult,b_the_fair,no,farmlands,plains,farmlands,applied_weak_bitmap
1087,1430,c_ilipur,b_ilipur,yes,hills,steppe,hills,applied_capital
1088,1430,c_ilipur,b_bloodtower,no,hills,steppe,steppe,kept_strong_bitmap
1094,572,c_eastgulth,b_tanglefoot,yes,forest,plains,forest,applied_capital
1095,571,c_westgulth,b_gurnth,yes,forest,plains,forest,applied_capital
1096,1714,c_orbrekh_hills,b_little_orbrekh,yes,hills,hills,hills,already_agreed
1109,262,c_tantras,b_the_sea_tower,yes,farmlands,plains,farmlands,applied_capital
1110,262,c_tantras,b_house_of_glory,no,farmlands,plains,farmlands,applied_weak_bitmap
1111,262,c_tantras,b_orlimmin,no,farmlands,plains,farmlands,applied_weak_bitmap
1112,262,c_tantras,b_highbank_forest,no,farmlands,plains,farmlands,applied_weak_bitmap
1124,1202,c_grey_wood,b_caerenvalt,yes,forest,plains,forest,applied_capital
1128,1582,c_brynwood,b_duras_vale,yes,forest,plains,forest,applied_capital
1129,380,c_kings_reach,b_kings_reach,yes,hills,plains,hills,applied_capital
1130,380,c_kings_reach,b_swords_pool,no,hills,mountains,mountains,kept_strong_bitmap
1132,1569,c_earthfast,b_earthfast,yes,mountain,hills,mountains,applied_capital
1133,1569,c_earthfast,b_halrunedar,no,mountain,hills,hills,kept_strong_bitmap
1138,2471,c_hollow_mountain,b_hollow_mountain,yes,subterranean,mountains,mountains,already_agreed
1139,2471,c_hollow_mountain,b_deepfires,no,subterranean,mountains,mountains,already_agreed
1140,2471,c_hollow_mountain,b_glimmering_swords,no,subterranean,mountains,mountains,already_agreed
1141,256,c_selgaunt,b_selgaunt,yes,farmlands,plains,farmlands,applied_capital
1142,256,c_selgaunt,b_palace_of_the_hulorn,no,farmlands,farmlands,farmlands,already_agreed
1143,256,c_selgaunt,b_the_high_bridge,no,farmlands,plains,farmlands,applied_weak_bitmap
1144,256,c_selgaunt,b_oxblood,no,farmlands,plains,farmlands,applied_weak_bitmap
1145,256,c_selgaunt,b_firehairs_house,no,farmlands,farmlands,farmlands,already_agreed
1146,258,c_saerloon,b_saerloon,yes,farmlands,plains,farmlands,applied_capital
1147,258,c_saerloon,b_dolphin_market,no,farmlands,plains,farmlands,applied_weak_bitmap
1148,258,c_saerloon,b_house_of_the_high_one,no,farmlands,plains,farmlands,applied_weak_bitmap
1149,258,c_saerloon,b_aria,no,farmlands,plains,farmlands,applied_weak_bitmap
1154,259,c_daerlun,b_daerlun,yes,farmlands,plains,farmlands,applied_capital
1155,259,c_daerlun,b_bergun_hall,no,farmlands,plains,farmlands,applied_weak_bitmap
1156,259,c_daerlun,b_house_of_firehair,no,farmlands,plains,farmlands,applied_weak_bitmap
1157,259,c_daerlun,b_griffonfang_bridge,no,farmlands,plains,farmlands,applied_weak_bitmap
1161,257,c_urmlaspyr,b_urmlaspyr,yes,farmlands,plains,farmlands,applied_capital
1162,257,c_urmlaspyr,b_waham,no,farmlands,plains,farmlands,applied_weak_bitmap
1163,257,c_urmlaspyr,b_sentry_hill,no,farmlands,plains,farmlands,applied_weak_bitmap
1181,1125,c_the_white_rocks,b_white_rocks,yes,coastal,plains,plains,kept_rule
1189,752,c_gundar_forest,b_gundar_kanga,yes,jungle,plains,jungle,applied_capital
1203,770,c_dustwall,b_bralizzar,yes,hills,hills,hills,already_agreed
1210,775,c_ajmer_forest,b_orodan,yes,jungle,jungle,jungle,already_agreed
1218,764,c_vaelan,b_vaelan,yes,farmlands,plains,farmlands,applied_capital
1219,764,c_vaelan,b_assur,no,farmlands,plains,farmlands,applied_weak_bitmap
1220,764,c_vaelan,b_atarem,no,farmlands,plains,farmlands,applied_weak_bitmap
1223,769,c_ormpe,b_ormpe,yes,farmlands,plains,farmlands,applied_capital
1224,769,c_ormpe,b_muramba,no,farmlands,plains,farmlands,applied_weak_bitmap
1225,769,c_ormpe,b_chanyist,no,farmlands,plains,farmlands,applied_weak_bitmap
1279,1211,c_budais_cleft,b_budais_cleft,yes,mountain,hills,mountains,applied_capital
1280,1211,c_budais_cleft,b_kerrechi,no,mountain,hills,hills,kept_strong_bitmap
1284,782,c_barbarians_road,b_anshola,yes,plains,plains,plains,already_agreed
1285,787,c_dalvind,b_ashavasa,yes,plains,plains,plains,already_agreed
1286,1220,c_stormy_high,b_stormy_high,yes,mountain,hills,mountains,applied_capital
1293,753,c_pyratar,b_pyratar,yes,farmlands,plains,farmlands,applied_capital
1294,753,c_pyratar,b_jeeti,no,farmlands,plains,farmlands,applied_weak_bitmap
1295,753,c_pyratar,b_angarany,no,farmlands,plains,farmlands,applied_weak_bitmap
1296,753,c_pyratar,b_pura,no,farmlands,plains,farmlands,applied_weak_bitmap
1297,754,c_des,b_des,yes,farmlands,plains,farmlands,applied_capital
1298,754,c_des,b_nisich,no,farmlands,plains,farmlands,applied_weak_bitmap
1299,754,c_des,b_despair,no,farmlands,plains,farmlands,applied_weak_bitmap
1300,755,c_myrmyr,b_myrmyr,yes,farmlands,plains,farmlands,applied_capital
1301,755,c_myrmyr,b_kulpurai,no,farmlands,plains,farmlands,applied_weak_bitmap
1302,759,c_zelpir,b_zelpir,yes,farmlands,plains,farmlands,applied_capital
1303,759,c_zelpir,b_abam,no,farmlands,plains,farmlands,applied_weak_bitmap
1307,758,c_golden_fields,b_ganak,yes,farmlands,plains,farmlands,applied_capital
1308,758,c_golden_fields,b_sish,no,farmlands,plains,farmlands,applied_weak_bitmap
1313,800,c_ship_isle,b_tannath,yes,coastal,plains,plains,kept_rule
1314,1140,c_sunset_rocks,b_mordyr,yes,coastal,plains,plains,kept_rule
1318,763,c_beast_lands,b_karat,yes,hills,plains,hills,applied_capital
1322,486,c_sharawood,b_sharawood,yes,jungle,jungle,jungle,already_agreed
1325,762,c_aerilpar_forest,b_banyshu,yes,jungle,jungle,jungle,already_agreed
1329,792,c_tharkar,b_tharkar,yes,hills,plains,hills,applied_capital
1330,792,c_tharkar,b_dasoda,no,hills,hills,hills,already_agreed
1331,792,c_tharkar,b_keton,no,hills,hills,hills,already_agreed
1332,792,c_tharkar,b_dimu,no,hills,hills,hills,already_agreed
1341,804,c_zendum,b_zendum,yes,hills,hills,hills,already_agreed
1342,804,c_zendum,b_henvafa,no,hills,hills,hills,already_agreed
1343,804,c_zendum,b_devysurys,no,hills,hills,hills,already_agreed
1344,804,c_zendum,b_muspil,no,hills,hills,hills,already_agreed
1345,821,c_ommvale,b_omm,yes,hills,hills,hills,already_agreed
1346,821,c_ommvale,b_orurva,no,hills,plains,hills,applied_weak_bitmap
1347,1232,c_firealm,b_firealm_tower,yes,mountain,hills,mountains,applied_capital
1348,1232,c_firealm,b_vorshtish,no,mountain,hills,hills,kept_strong_bitmap
1349,814,c_highstars,b_kemva,yes,hills,plains,hills,applied_capital
1350,814,c_highstars,b_thufuj,no,hills,hills,hills,already_agreed
1357,808,c_doegwood,b_iuham,yes,jungle,plains,jungle,applied_capital
1358,808,c_doegwood,b_masinamu,no,jungle,plains,jungle,applied_weak_bitmap
1361,811,c_edenvale,b_edenvale,yes,hills,plains,hills,applied_capital
1362,811,c_edenvale,b_akarin,no,hills,hills,hills,already_agreed
1363,811,c_edenvale,b_myizapu,no,hills,plains,hills,applied_weak_bitmap
1364,813,c_olstone,b_olstone,yes,mountain,hills,mountains,applied_capital
1365,813,c_olstone,b_pebrook,no,mountain,hills,hills,kept_strong_bitmap
1366,812,c_serpent_valley,b_jevall,yes,hills,plains,hills,applied_capital
1367,812,c_serpent_valley,b_alahita,no,hills,plains,hills,applied_weak_bitmap
1368,822,c_venasca,b_venasci,yes,hills,hills,hills,already_agreed
1371,1188,c_phantom_pass,b_banshee_hold,yes,mountain,hills,mountains,applied_capital
1378,1187,c_treggi_jungle,b_treggiland,yes,jungle,plains,jungle,applied_capital
1379,1184,c_beowood,b_beowood,yes,jungle,mountains,jungle,applied_capital
1384,1185,c_bjeoerns_pass,b_meadhall,yes,mountain,hills,mountains,applied_capital
1385,1189,c_nix,b_nixning,yes,mountain,hills,mountains,applied_capital
1386,1446,c_upper_nix,b_norgrim,yes,mountain,hills,mountains,applied_capital
1411,295,c_ormen,b_ormen,yes,farmlands,plains,farmlands,applied_capital
1412,295,c_ormen,b_promasur,no,farmlands,plains,farmlands,applied_weak_bitmap
1413,295,c_ormen,b_ovrdal,no,farmlands,plains,farmlands,applied_weak_bitmap
1414,295,c_ormen,b_kengers,no,farmlands,plains,farmlands,applied_weak_bitmap
1415,296,c_curstallyon,b_curstallyon,yes,forest,plains,forest,applied_capital
1416,296,c_curstallyon,b_esdul,no,forest,plains,forest,applied_weak_bitmap
1417,296,c_curstallyon,b_tethmore,no,forest,plains,forest,applied_weak_bitmap
1421,294,c_salpir,b_salpir,yes,forest,plains,forest,applied_capital
1422,294,c_salpir,b_suthaven,no,forest,plains,forest,applied_weak_bitmap
1423,294,c_salpir,b_bromtor,no,forest,plains,forest,applied_weak_bitmap
1424,297,c_sombor,b_sombor,yes,hills,hills,hills,already_agreed
1425,297,c_sombor,b_nimith,no,hills,hills,hills,already_agreed
1426,297,c_sombor,b_arevar,no,hills,plains,hills,applied_weak_bitmap
1427,2383,c_farhaven,b_farpoint,yes,coastal,plains,plains,kept_rule
1428,2383,c_farhaven,b_torlar_under_sun,no,coastal,plains,plains,kept_rule
1429,298,c_beacon_rocks,b_star_beacon,yes,coastal,hills,hills,kept_rule
1430,299,c_the_whales_flukes,b_waterhouse,yes,coastal,plains,plains,kept_rule
1431,287,c_sambar,b_sambar,yes,farmlands,plains,farmlands,applied_capital
1432,287,c_sambar,b_illul,no,farmlands,plains,farmlands,applied_weak_bitmap
1433,287,c_sambar,b_perlinvast,no,farmlands,plains,farmlands,applied_weak_bitmap
1434,287,c_sambar,b_quergorl,no,farmlands,plains,farmlands,applied_weak_bitmap
1435,288,c_leth,b_lethtar,yes,hills,plains,hills,applied_capital
1436,288,c_leth,b_myth_iiscar,no,hills,hills,hills,already_agreed
1437,1233,c_orlil,b_orlil,yes,coastal,plains,plains,kept_rule
1438,289,c_sundrah,b_sundrah,yes,hills,plains,hills,applied_capital
1439,289,c_sundrah,b_orostling,no,hills,hills,hills,already_agreed
1440,292,c_mother_of_mists,b_treys_anchorage,yes,coastal,hills,hills,kept_rule
1441,1214,c_hidden_hopes,b_hidden_hopes,yes,coastal,plains,plains,kept_rule
1442,293,c_the_dawn_warrior,b_keep_of_dawn,yes,coastal,plains,plains,kept_rule
1448,2380,c_lopango,b_gorag_citadel,yes,jungle,plains,jungle,applied_capital
1449,2578,c_jungled_approach,b_arak,yes,coastal,plains,plains,kept_rule
1450,2384,c_mokalonni_islands,b_chuapli,yes,coastal,plains,plains,kept_rule
1451,2384,c_mokalonni_islands,b_maju,no,coastal,plains,plains,kept_rule
1452,2385,c_sentinel_island,b_sentinel_stand,yes,coastal,plains,plains,kept_rule
1453,2579,c_southwatch,b_southhome,yes,coastal,plains,plains,kept_rule
1454,2580,c_couatls_landing,b_feathered_port,yes,coastal,plains,plains,kept_rule
1464,1321,c_hai_jungle,b_hai,yes,forest,forest,forest,already_agreed
1465,1330,c_shan_sao,b_shan_sao,yes,forest,jungle,forest,applied_capital
1466,1694,c_daong_forest,b_daong,yes,forest,forest,forest,already_agreed
1468,1201,c_maviddi_forest,b_maviddi,yes,forest,forest,forest,already_agreed
1469,972,c_scarlet_jungle,b_peshaj,yes,forest,jungle,forest,applied_capital
1470,1219,c_vale_of_clouds,b_clouds_on_high,yes,mountain,hills,mountains,applied_capital
1480,977,c_alashan,b_alashan,yes,hills,hills,hills,already_agreed
1481,977,c_alashan,b_keldam,no,hills,taiga,taiga,kept_strong_bitmap
1482,977,c_alashan,b_dokpak,no,hills,hills,hills,already_agreed
1483,977,c_alashan,b_wangdun,no,hills,taiga,taiga,kept_strong_bitmap
1484,980,c_broken_wall_pass,b_luntse_dzong,yes,mountain,hills,mountains,applied_capital
1485,980,c_broken_wall_pass,b_barkhul,no,mountain,hills,hills,kept_strong_bitmap
1486,979,c_manass,b_manass,yes,hills,taiga,hills,applied_capital
1487,979,c_manass,b_dampab,no,hills,hills,hills,already_agreed
1488,979,c_manass,b_ngdengp,no,hills,taiga,taiga,kept_strong_bitmap
1489,978,c_skarou,b_skarou,yes,mountain,taiga,mountains,applied_capital
1490,978,c_skarou,b_shonang,no,mountain,hills,hills,kept_strong_bitmap
1491,981,c_saikhoi,b_saikhoi,yes,mountain,hills,mountains,applied_capital
1492,981,c_saikhoi,b_sangmm,no,mountain,hills,hills,kept_strong_bitmap
1493,981,c_saikhoi,b_chongye,no,mountain,hills,hills,kept_strong_bitmap
1494,981,c_saikhoi,b_gyamam,no,mountain,mountains,mountains,already_agreed
1495,823,c_lagiluri,b_lagiluri,yes,mountain,mountains,mountains,already_agreed
1496,982,c_rainbow_falls,b_rainbow_falls,yes,mountain,hills,mountains,applied_capital
1497,982,c_rainbow_falls,b_nyangyenda,no,mountain,mountains,mountains,already_agreed
1498,982,c_rainbow_falls,b_dakten,no,mountain,mountains,mountains,already_agreed
1499,984,c_road_less_traveled,b_kasawak,yes,mountain,hills,mountains,applied_capital
1500,984,c_road_less_traveled,b_satsote,no,mountain,mountains,mountains,already_agreed
1501,983,c_yumbu_shan,b_yumbu_citadel,yes,mountain,mountains,mountains,already_agreed
1502,983,c_yumbu_shan,b_sasho,no,mountain,mountains,mountains,already_agreed
1503,985,c_kushk,b_kushk,yes,mountain,hills,mountains,applied_capital
1504,985,c_kushk,b_shama,no,mountain,mountains,mountains,already_agreed
1505,985,c_kushk,b_dabterm,no,mountain,mountains,mountains,already_agreed
1506,425,c_sheirtalar,b_sheirtalar,yes,farmlands,plains,farmlands,applied_capital
1507,425,c_sheirtalar,b_gashags,no,farmlands,plains,farmlands,applied_weak_bitmap
1508,425,c_sheirtalar,b_runswire,no,farmlands,plains,farmlands,applied_weak_bitmap
1509,425,c_sheirtalar,b_bifars_hold,no,farmlands,plains,farmlands,applied_weak_bitmap
1533,500,c_laila,b_laila,yes,farmlands,plains,farmlands,applied_capital
1534,500,c_laila,b_hila,no,farmlands,plains,farmlands,applied_weak_bitmap
1538,1726,c_the_wormbones,b_aratha_hold,yes,hills,hills,hills,already_agreed
1539,513,c_mhairhetel,b_mhairhetel,yes,jungle,jungle,jungle,already_agreed
1540,513,c_mhairhetel,b_amahtal,no,jungle,jungle,jungle,already_agreed
1541,513,c_mhairhetel,b_burpond,no,jungle,plains,jungle,applied_weak_bitmap
1542,469,c_mhairling,b_mhairling,yes,jungle,jungle,jungle,already_agreed
1543,511,c_moonvales,b_moonkind,yes,jungle,plains,jungle,applied_capital
1544,509,c_toa,b_toa,yes,jungle,forest,jungle,applied_capital
1546,508,c_qota,b_qota,yes,jungle,jungle,jungle,already_agreed
1547,1731,c_yorduul,b_yorduul,yes,jungle,forest,jungle,applied_capital
1548,2499,c_mhair_pass,b_mhair_pass,yes,mountain,hills,mountains,applied_capital
1549,516,c_kassa_bay,b_kassa_stand,yes,jungle,plains,jungle,applied_capital
1550,517,c_kinyo,b_kinyo,yes,jungle,forest,jungle,applied_capital
1551,502,c_saraath,b_ophat,yes,jungle,plains,jungle,applied_capital
1552,2127,c_mella,b_mella,yes,jungle,plains,jungle,applied_capital
1553,467,c_lapalgulph,b_lapalstar,yes,jungle,plains,jungle,applied_capital
1554,431,c_blackvale,b_kaz,yes,jungle,forest,jungle,applied_capital
1555,514,c_lapaalis,b_lapaalis_waters,yes,jungle,jungle,jungle,already_agreed
1556,512,c_orphar,b_orphar,yes,jungle,plains,jungle,applied_capital
1557,515,c_sesserash,b_sesserash,yes,jungle,forest,jungle,applied_capital
1558,505,c_kaarekh,b_kaarekh,yes,jungle,jungle,jungle,already_agreed
1559,506,c_bamas,b_bamas,yes,jungle,jungle,jungle,already_agreed
1560,503,c_coilvines,b_serpar,yes,jungle,jungle,jungle,already_agreed
1561,507,c_oostar,b_oostar,yes,jungle,forest,jungle,applied_capital
1562,474,c_zanzazzar,b_zanzazzar,yes,jungle,forest,jungle,applied_capital
1573,680,c_skuld,b_skuld,yes,farmlands,plains,farmlands,applied_capital
1574,680,c_skuld,b_uthragkan,no,farmlands,plains,farmlands,applied_weak_bitmap
1575,680,c_skuld,b_donar,no,farmlands,plains,farmlands,applied_weak_bitmap
1576,680,c_skuld,b_selag,no,farmlands,plains,farmlands,applied_weak_bitmap
1577,680,c_skuld,b_ganathari,no,farmlands,plains,farmlands,applied_weak_bitmap
1587,686,c_rauthil,b_rauthil,yes,farmlands,plains,farmlands,applied_capital
1588,686,c_rauthil,b_ninki,no,farmlands,plains,farmlands,applied_weak_bitmap
1591,674,c_angast,b_angast,yes,farmlands,plains,farmlands,applied_capital
1592,674,c_angast,b_sishapesh,no,farmlands,plains,farmlands,applied_weak_bitmap
1593,674,c_angast,b_nimez,no,farmlands,steppe,steppe,kept_strong_bitmap
1596,675,c_mishtan,b_mishtan,yes,farmlands,hills,farmlands,applied_capital
1597,675,c_mishtan,b_azalhar,no,farmlands,steppe,steppe,kept_strong_bitmap
1598,675,c_mishtan,b_nishal,no,farmlands,plains,farmlands,applied_weak_bitmap
1615,657,c_neldorild,b_neldorild,yes,farmlands,plains,farmlands,applied_capital
1616,657,c_neldorild,b_azarota,no,farmlands,plains,farmlands,applied_weak_bitmap
1617,657,c_neldorild,b_akimarkia,no,farmlands,plains,farmlands,applied_weak_bitmap
1618,678,c_aina,b_aina,yes,farmlands,plains,farmlands,applied_capital
1619,678,c_aina,b_espesha,no,farmlands,plains,farmlands,applied_weak_bitmap
1620,679,c_gheldaneth,b_gheldaneth,yes,farmlands,plains,farmlands,applied_capital
1621,679,c_gheldaneth,b_azala,no,farmlands,plains,farmlands,applied_weak_bitmap
1622,679,c_gheldaneth,b_dazarqash,no,farmlands,plains,farmlands,applied_weak_bitmap
1641,2455,c_cennuroth,b_cennuroth,yes,farmlands,plains,farmlands,applied_capital
1642,2455,c_cennuroth,b_qikkha,no,farmlands,plains,farmlands,applied_weak_bitmap
1645,685,c_ganathwood,b_shendra,yes,forest,plains,forest,applied_capital
1646,685,c_ganathwood,b_imasq,no,forest,plains,forest,applied_weak_bitmap
1647,698,c_high_valley,b_ankherhome,yes,mountain,plains,mountains,applied_capital
1671,1422,c_ingmur,b_ingmur,yes,steppe,steppe,steppe,already_agreed
1672,699,c_upper_murghol,b_illix,yes,hills,plains,hills,applied_capital
1674,707,c_dhaztanar,b_dhaztanar,yes,farmlands,farmlands,farmlands,already_agreed
1675,707,c_dhaztanar,b_merv,no,farmlands,plains,farmlands,applied_weak_bitmap
1676,707,c_dhaztanar,b_baduraya,no,farmlands,plains,farmlands,applied_weak_bitmap
1677,707,c_dhaztanar,b_kili,no,farmlands,plains,farmlands,applied_weak_bitmap
1678,707,c_dhaztanar,b_hunam,no,farmlands,plains,farmlands,applied_weak_bitmap
1679,708,c_darabjind,b_darabjind,yes,farmlands,plains,farmlands,applied_capital
1680,708,c_darabjind,b_maristan,no,farmlands,plains,farmlands,applied_weak_bitmap
1681,708,c_darabjind,b_apashann,no,farmlands,plains,farmlands,applied_weak_bitmap
1684,717,c_sempharin,b_qumis,yes,farmlands,plains,farmlands,applied_capital
1685,717,c_sempharin,b_siniyat,no,farmlands,plains,farmlands,applied_weak_bitmap
1686,717,c_sempharin,b_babis,no,farmlands,plains,farmlands,applied_weak_bitmap
1700,778,c_bhaluin,b_bhaluin,yes,coastal,plains,plains,kept_rule
1722,723,c_tonge,b_tonge,yes,forest,plains,forest,applied_capital
1723,728,c_estan,b_erath,yes,forest,plains,forest,applied_capital
1724,728,c_estan,b_alech,no,forest,plains,forest,applied_weak_bitmap
1725,729,c_fergana,b_kaleth,yes,forest,plains,forest,applied_capital
1726,729,c_fergana,b_far_amegal,no,forest,plains,forest,applied_weak_bitmap
1727,726,c_ghaastwood,b_bexel,yes,forest,forest,forest,already_agreed
1728,727,c_haqar,b_askamal,yes,forest,forest,forest,already_agreed
1729,1426,c_thaymount,b_thaymount_citadel,yes,mountain,hills,mountains,applied_capital
1730,1426,c_thaymount,b_bolchal,no,mountain,hills,hills,kept_strong_bitmap
1731,1426,c_thaymount,b_csim,no,mountain,mountains,mountains,already_agreed
1732,1045,c_dmir,b_dmir,yes,hills,taiga,hills,applied_capital
1733,1045,c_dmir,b_komikor,no,hills,taiga,taiga,kept_strong_bitmap
1734,1045,c_dmir,b_alharera,no,hills,taiga,taiga,kept_strong_bitmap
1735,1044,c_szul,b_szul,yes,hills,taiga,hills,applied_capital
1736,1044,c_szul,b_rautham,no,hills,taiga,taiga,kept_strong_bitmap
1737,1043,c_umbthal,b_umbthal,yes,hills,taiga,hills,applied_capital
1738,1043,c_umbthal,b_eltab,no,hills,taiga,taiga,kept_strong_bitmap
1739,1035,c_umratharos,b_umratharos,yes,plains,plains,plains,already_agreed
1740,1035,c_umratharos,b_umatula,no,plains,plains,plains,already_agreed
1741,1035,c_umratharos,b_gulduk,no,plains,plains,plains,already_agreed
1742,1172,c_keluthar,b_keluthar,yes,plains,plains,plains,already_agreed
1743,1172,c_keluthar,b_bez_eska,no,plains,plains,plains,already_agreed
1744,1172,c_keluthar,b_naldiskor,no,plains,plains,plains,already_agreed
1745,1034,c_eltabbar,b_eltabbar,yes,hills,hills,hills,already_agreed
1746,1034,c_eltabbar,b_daerath,no,hills,hills,hills,already_agreed
1747,1034,c_eltabbar,b_venaros,no,hills,hills,hills,already_agreed
1748,1034,c_eltabbar,b_pargethos,no,hills,hills,hills,already_agreed
1749,1051,c_rathmar,b_thossos,yes,plains,plains,plains,already_agreed
1750,1046,c_sefriszar,b_sefriszar,yes,plains,plains,plains,already_agreed
1751,1046,c_sefriszar,b_thaldax,no,plains,plains,plains,already_agreed
1752,1046,c_sefriszar,b_zuldana,no,plains,plains,plains,already_agreed
1753,1039,c_gauros,b_gauros_keep,yes,hills,plains,hills,applied_capital
1754,1039,c_gauros,b_achnizu,no,hills,hills,hills,already_agreed
1755,700,c_denzar,b_denzar,yes,mountain,hills,mountains,applied_capital
1756,700,c_denzar,b_chur_gathos,no,mountain,plains,mountains,applied_weak_bitmap
1757,1040,c_escalant,b_escalant,yes,farmlands,plains,farmlands,applied_capital
1758,1040,c_escalant,b_asha_masdak,no,farmlands,plains,farmlands,applied_weak_bitmap
1759,1040,c_escalant,b_stal_masdak,no,farmlands,plains,farmlands,applied_weak_bitmap
1760,1048,c_amruthar,b_amruthar,yes,plains,plains,plains,already_agreed
1761,1048,c_amruthar,b_nethwatch,no,plains,plains,plains,already_agreed
1762,1038,c_anhaurz,b_anhaurz,yes,plains,plains,plains,already_agreed
1763,1038,c_anhaurz,b_mithana,no,plains,plains,plains,already_agreed
1764,1012,c_nethentir,b_nethentir,yes,plains,plains,plains,already_agreed
1765,1012,c_nethentir,b_the_fanfare,no,plains,plains,plains,already_agreed
1766,1011,c_nethjet,b_nethjet,yes,plains,plains,plains,already_agreed
1767,1011,c_nethjet,b_eshyas,no,plains,plains,plains,already_agreed
1768,1011,c_nethjet,b_melmas,no,plains,plains,plains,already_agreed
1769,1041,c_pyarados,b_pyrados,yes,farmlands,plains,farmlands,applied_capital
1770,1041,c_pyarados,b_moduhur,no,farmlands,plains,farmlands,applied_weak_bitmap
1771,1041,c_pyarados,b_eracaz,no,farmlands,hills,hills,kept_strong_bitmap
1772,1041,c_pyarados,b_delluk,no,farmlands,plains,farmlands,applied_weak_bitmap
1773,1059,c_the_surague,b_onnaghi,yes,mountain,forest,mountains,applied_capital
1774,1059,c_the_surague,b_ishtamir,no,mountain,forest,forest,kept_strong_bitmap
1775,1023,c_surthay,b_surtowers,yes,hills,wetlands,hills,applied_capital
1776,1023,c_surthay,b_westsulkh,no,hills,plains,hills,applied_weak_bitmap
1777,1023,c_surthay,b_true_surthay,no,hills,hills,hills,already_agreed
1778,1022,c_mulsanyaar,b_rikthana,yes,mountain,hills,mountains,applied_capital
1779,1009,c_surmarsh,b_dagleth,yes,marsh,wetlands,wetlands,already_agreed
1780,1042,c_moszabbar,b_moszabbar,yes,hills,hills,hills,already_agreed
1781,1042,c_moszabbar,b_thazar,no,hills,hills,hills,already_agreed
1782,2497,c_thazar,b_thazar_keep,yes,hills,hills,hills,already_agreed
1783,2497,c_thazar,b_hebe,no,hills,plains,hills,applied_weak_bitmap
1784,1047,c_thazarim,b_krenlith,yes,hills,plains,hills,applied_capital
1785,1047,c_thazarim,b_zunthra,no,hills,hills,hills,already_agreed
1786,1033,c_the_alaor,b_thund_greatharbor_anchorage,yes,coastal,hills,hills,kept_rule
1787,1032,c_bezantur,b_bezantur,yes,hills,plains,hills,applied_capital
1788,1032,c_bezantur,b_unnakan,no,hills,wetlands,wetlands,kept_strong_bitmap
1789,1032,c_bezantur,b_hexcidon,no,hills,plains,hills,applied_weak_bitmap
1790,1032,c_bezantur,b_balber,no,hills,plains,hills,applied_weak_bitmap
1791,1032,c_bezantur,b_thrakhos,no,hills,plains,hills,applied_weak_bitmap
1792,1037,c_murbant,b_murbant,yes,marsh,plains,wetlands,applied_capital
1793,1037,c_murbant,b_pytharigla,no,marsh,plains,wetlands,applied_weak_bitmap
1794,1036,c_thasselen,b_thasselen,yes,marsh,plains,wetlands,applied_capital
1795,1036,c_thasselen,b_sekbrax,no,marsh,plains,wetlands,applied_weak_bitmap
1796,1036,c_thasselen,b_nishkashes,no,marsh,plains,wetlands,applied_weak_bitmap
1797,1031,c_tyraturos,b_tyraturos,yes,farmlands,plains,farmlands,applied_capital
1798,1031,c_tyraturos,b_delabbar,no,farmlands,plains,farmlands,applied_weak_bitmap
1799,1031,c_tyraturos,b_belizir,no,farmlands,plains,farmlands,applied_weak_bitmap
1800,1031,c_tyraturos,b_sekelmur,no,farmlands,plains,farmlands,applied_weak_bitmap
1801,1031,c_tyraturos,b_nythgoro,no,farmlands,farmlands,farmlands,already_agreed
1802,2496,c_ankhur,b_ankhur,yes,farmlands,plains,farmlands,applied_capital
1803,2496,c_ankhur,b_dranikmor,no,farmlands,plains,farmlands,applied_weak_bitmap
1804,2496,c_ankhur,b_yadara,no,farmlands,plains,farmlands,applied_weak_bitmap
1805,1050,c_nuthretos,b_nuthretos,yes,farmlands,hills,farmlands,applied_capital
1806,1050,c_nuthretos,b_hurkh,no,farmlands,plains,farmlands,applied_weak_bitmap
1807,1050,c_nuthretos,b_mophur,no,farmlands,plains,farmlands,applied_weak_bitmap
1808,1425,c_surag,b_surag,yes,farmlands,plains,farmlands,applied_capital
1809,1425,c_surag,b_thazrumaros,no,farmlands,plains,farmlands,applied_weak_bitmap
1810,1425,c_surag,b_kurkha,no,farmlands,plains,farmlands,applied_weak_bitmap
1811,1049,c_zolum,b_zolum,yes,farmlands,plains,farmlands,applied_capital
1812,1049,c_zolum,b_solzepar,no,farmlands,plains,farmlands,applied_weak_bitmap
1813,1049,c_zolum,b_arkira,no,farmlands,plains,farmlands,applied_weak_bitmap
1821,925,c_erech_forest,b_julrish,yes,forest,taiga,forest,applied_capital
1823,920,c_luirbrech,b_vestil,yes,hills,hills,hills,already_agreed
1832,931,c_quistrade,b_selmast,yes,hills,taiga,hills,applied_capital
1835,2524,c_graskynar,b_graskynar,yes,subterranean,hills,mountains,applied_capital
1836,2524,c_graskynar,b_yaughsonn,no,subterranean,plains,mountains,applied_weak_bitmap
1837,2524,c_graskynar,b_tavwurn,no,subterranean,hills,hills,kept_strong_bitmap
1846,993,c_narderwood,b_fortress_narder,yes,forest,plains,forest,applied_capital
1847,1156,c_middlewoods,b_jellik,yes,forest,forest,forest,already_agreed
1848,991,c_west_lethyr,b_lethywald,yes,forest,forest,forest,already_agreed
1849,1423,c_wood_of_flam,b_flamhold,yes,forest,plains,forest,applied_capital
1851,986,c_helenas_wood,b_nighthawk_tower,yes,forest,forest,forest,already_agreed
1852,989,c_dunwood,b_dag_nast,yes,forest,plains,forest,applied_capital
1853,987,c_sidewinder_wood,b_fortress_clymph,yes,forest,plains,forest,applied_capital
1858,1000,c_telflamm,b_telflamm,yes,farmlands,plains,farmlands,applied_capital
1859,1000,c_telflamm,b_castle_balindre,no,farmlands,plains,farmlands,applied_weak_bitmap
1860,1000,c_telflamm,b_merchants_fortress,no,farmlands,plains,farmlands,applied_weak_bitmap
1861,1000,c_telflamm,b_hall_of_the_avenging_hammer,no,farmlands,plains,farmlands,applied_weak_bitmap
1866,1029,c_milvarune,b_milvarune,yes,mountain,hills,mountains,applied_capital
1867,1029,c_milvarune,b_paneo,no,mountain,hills,hills,kept_strong_bitmap
1868,1029,c_milvarune,b_marbelaga,no,mountain,plains,mountains,applied_weak_bitmap
1869,1006,c_two_stars,b_two_stars,yes,farmlands,plains,farmlands,applied_capital
1870,1006,c_two_stars,b_mulsantir_ferry,no,farmlands,plains,farmlands,applied_weak_bitmap
1871,1006,c_two_stars,b_klinthruk,no,farmlands,plains,farmlands,applied_weak_bitmap
1874,1007,c_tezir,b_tezir_on_the_marsh,yes,marsh,plains,wetlands,applied_capital
1877,1013,c_ethvale,b_ethvale,yes,hills,plains,hills,applied_capital
1878,1013,c_ethvale,b_avargand,no,hills,plains,hills,applied_weak_bitmap
1881,1004,c_surcross,b_surcross,yes,hills,plains,hills,applied_capital
1884,25,c_silverymoon,b_silverymoon,yes,farmlands,farmlands,farmlands,already_agreed
1885,25,c_silverymoon,b_rauvinwatch,no,farmlands,hills,hills,kept_strong_bitmap
1886,25,c_silverymoon,b_everdusk_hall,no,farmlands,taiga,taiga,kept_strong_bitmap
1887,25,c_silverymoon,b_ladys_hand,no,farmlands,hills,hills,kept_strong_bitmap
1888,25,c_silverymoon,b_khelb,no,farmlands,taiga,taiga,kept_strong_bitmap
1891,30,c_silvermoon_pass,b_hawks_nest,yes,hills,hills,hills,already_agreed
1892,30,c_silvermoon_pass,b_auvandell,no,hills,taiga,taiga,kept_strong_bitmap
1893,30,c_silvermoon_pass,b_deckon_thar,no,hills,hills,hills,already_agreed
1894,1409,c_silverwood,b_olostins_hold,yes,forest,forest,forest,already_agreed
1895,2449,c_adbarrim,b_hall_of_kings,yes,subterranean,mountains,mountains,already_agreed
1896,2449,c_adbarrim,b_adbarrim,no,subterranean,mountains,mountains,already_agreed
1897,36,c_citadel_adbar,b_citadel_adbar,yes,hills,taiga,hills,applied_capital
1898,36,c_citadel_adbar,b_dragonspikes,no,hills,taiga,taiga,kept_strong_bitmap
1899,2462,c_cold_vale,b_meruindelve,yes,hills,taiga,hills,applied_capital
1900,2461,c_ascore,b_ascore_gates,yes,plains,taiga,plains,applied_capital
1901,53,c_arn_forest,b_graevelwood,yes,forest,taiga,forest,applied_capital
1903,1436,c_vordrorn_forest,b_vordrorn,yes,forest,hills,forest,applied_capital
1904,32,c_mithral_hall,b_mithral_hall,yes,mountain,mountains,mountains,already_agreed
1905,32,c_mithral_hall,b_fourthpeak,no,mountain,hills,hills,kept_strong_bitmap
1906,32,c_mithral_hall,b_hall_of_dumathoin,no,mountain,mountains,mountains,already_agreed
1907,32,c_mithral_hall,b_garumns_gorge,no,mountain,mountains,mountains,already_agreed
1908,2511,c_selskar_vale,b_andalbruin,yes,hills,hills,hills,already_agreed
1909,1413,c_settlestone,b_settlestone,yes,mountain,mountains,mountains,already_agreed
1910,1413,c_settlestone,b_keepers_dale,no,mountain,mountains,mountains,already_agreed
1911,1413,c_settlestone,b_northlook,no,mountain,mountains,mountains,already_agreed
1912,38,c_sundabar,b_masters_hall_sbr,yes,hills,hills,hills,already_agreed
1913,38,c_sundabar,b_sundabar,no,hills,taiga,taiga,kept_strong_bitmap
1914,38,c_sundabar,b_hall_of_vigilance,no,hills,taiga,taiga,kept_strong_bitmap
1915,38,c_sundabar,b_newfort,no,hills,taiga,taiga,kept_strong_bitmap
1916,106,c_felbarr,b_citadel_felbarr,yes,hills,taiga,hills,applied_capital
1917,106,c_felbarr,b_felbarr_fields,no,hills,taiga,taiga,kept_strong_bitmap
1919,29,c_everlund,b_hall_of_the_elders,yes,farmlands,hills,farmlands,applied_capital
1920,29,c_everlund,b_everlund,no,farmlands,taiga,taiga,kept_strong_bitmap
1921,29,c_everlund,b_moongleam,no,farmlands,taiga,taiga,kept_strong_bitmap
1924,2614,c_maer_dualdon,b_maer_dualdon,yes,arctic,taiga,taiga,already_agreed
1925,2614,c_maer_dualdon,b_jarlmoot,no,arctic,taiga,taiga,already_agreed
1926,46,c_lac_dinneshere,b_easthaven,yes,arctic,taiga,taiga,already_agreed
1927,46,c_lac_dinneshere,b_caer_dineval,no,arctic,hills,hills,kept_strong_bitmap
1930,45,c_kelvins_cairn,b_kelvins_cairn,yes,subterranean,taiga,mountains,applied_capital
1931,2616,c_dwarven_valley,b_dwarven_valley,yes,arctic,taiga,taiga,already_agreed
1932,2616,c_dwarven_valley,b_lonelywood,no,arctic,taiga,taiga,already_agreed
1942,51,c_evermelt,b_evermelt,yes,glacier,taiga,taiga,already_agreed
1943,1175,c_prints_floe,b_prints_floe,yes,arctic,taiga,taiga,already_agreed
1944,1433,c_ruriks_end,b_rurikar,yes,glacier,taiga,taiga,already_agreed
1946,50,c_the_great_oak,b_kuldahar,yes,mountain,hills,mountains,applied_capital
1949,2587,c_wyrmdoom_crag,b_wyrmdoom_crag,yes,mountain,taiga,mountains,applied_capital
1951,2424,c_wyrms_tooth,b_wyrms_tooth,yes,mountain,mountains,mountains,already_agreed
1952,2424,c_wyrms_tooth,b_dorns_deep,no,mountain,mountains,mountains,already_agreed
1953,2424,c_wyrms_tooth,b_durdel_anatha,no,mountain,mountains,mountains,already_agreed
1958,17,c_luskan,b_whitesails_harbour,no,arctic,taiga,taiga,already_agreed
1959,17,c_luskan,b_dragon_beach,no,arctic,taiga,taiga,already_agreed
1960,17,c_luskan,b_winter_palace,no,arctic,taiga,taiga,already_agreed
1961,42,c_blackford,b_blackford,yes,arctic,taiga,taiga,already_agreed
1962,42,c_blackford,b_icemelt,no,arctic,taiga,taiga,already_agreed
1963,472,c_lyntara,b_port_wyn,yes,arctic,taiga,taiga,already_agreed
1964,472,c_lyntara,b_valarholm,no,arctic,plains,taiga,applied_weak_bitmap
1965,234,c_the_fell_wood,b_blackstars,yes,forest,taiga,forest,applied_capital
1966,40,c_mirabar,b_mirabar,yes,hills,taiga,hills,applied_capital
1967,40,c_mirabar,b_duronds_town,no,hills,taiga,taiga,kept_strong_bitmap
1968,40,c_mirabar,b_alemaster,no,hills,hills,hills,already_agreed
1969,40,c_mirabar,b_crag_creek,no,hills,hills,hills,already_agreed
1970,41,c_khedrun_valley,b_khedvallahir,yes,hills,mountains,hills,applied_capital
1971,41,c_khedrun_valley,b_shield_way,no,hills,mountains,mountains,kept_strong_bitmap
1972,1165,c_valley_of_klaidson,b_klaidson,yes,mountain,mountains,mountains,already_agreed
1974,1216,c_dark_arrow,b_dark_arrow_keep,yes,mountain,mountains,mountains,already_agreed
1975,39,c_fell_pass,b_shallows,yes,mountain,mountains,mountains,already_agreed
1976,39,c_fell_pass,b_castle_of_illusion,no,mountain,mountains,mountains,already_agreed
1977,2444,c_eyegad,b_fortress_eyegad,yes,subterranean,mountains,mountains,already_agreed
1978,21,c_lurkwood,b_halanaskarr,yes,forest,forest,forest,already_agreed
1979,21,c_lurkwood,b_maraks_tor,no,forest,forest,forest,already_agreed
1980,26,c_surbrin_hills,b_griffons_nest,yes,hills,hills,hills,already_agreed
1982,1200,c_grunwald,b_grunwald,yes,forest,taiga,forest,applied_capital
1983,169,c_the_crags,b_orglaunt,yes,hills,hills,hills,already_agreed
1984,2532,c_wild_hills,b_white_tree,yes,hills,taiga,hills,applied_capital
1985,582,c_nesme,b_nesme,yes,hills,wetlands,hills,applied_capital
1986,582,c_nesme,b_mornbryns_shield,no,hills,hills,hills,already_agreed
1987,27,c_the_evermoors,b_startop,yes,hills,wetlands,hills,applied_capital
1989,33,c_druarwood,b_frostrill,yes,forest,forest,forest,already_agreed
1990,35,c_coldwood,b_thradulf,yes,forest,forest,forest,already_agreed
1991,34,c_moonwood,b_quaervarr,yes,forest,forest,forest,already_agreed
1992,47,c_night_trees,b_beorunnas_well,yes,forest,forest,forest,already_agreed
1993,48,c_hartsvale,b_stagwick,yes,hills,taiga,hills,applied_capital
1994,52,c_endless_blizzard,b_fir_palace,yes,hills,hills,hills,already_agreed
1995,52,c_endless_blizzard,b_storming_gorge,no,hills,hills,hills,already_agreed
1996,69,c_the_bleak_plain,b_twilight_hold,yes,arctic,taiga,taiga,already_agreed
1997,69,c_the_bleak_plain,b_truespir,no,arctic,taiga,taiga,already_agreed
1998,49,c_tholvarr,b_tholvarr,yes,mountain,hills,mountains,applied_capital
1999,1435,c_winters_edge,b_tharitesh,yes,hills,taiga,hills,applied_capital
2000,1434,c_toraldur,b_toraldur,yes,glacier,taiga,taiga,already_agreed
2001,1176,c_dzoulins_cradle,b_dzoulins_cradle,yes,glacier,taiga,taiga,already_agreed
2002,1177,c_gallads_garden,b_gallads_garden,yes,glacier,taiga,taiga,already_agreed
2003,1178,c_lonefang,b_lonefang,yes,glacier,taiga,taiga,already_agreed
2004,2,c_amphail,b_bargewright_inn,yes,farmlands,plains,farmlands,applied_capital
2005,2,c_amphail,b_amphail,no,farmlands,farmlands,farmlands,already_agreed
2006,2,c_amphail,b_rundreth,no,farmlands,farmlands,farmlands,already_agreed
2007,2427,c_goldenfields,b_goldenfields,yes,farmlands,farmlands,farmlands,already_agreed
2008,2427,c_goldenfields,b_harvesthome,no,farmlands,farmlands,farmlands,already_agreed
2014,2508,c_sumber_hills,b_scarlet_moon_hall,yes,hills,hills,hills,already_agreed
2015,2508,c_sumber_hills,b_sacred_stone,no,hills,hills,hills,already_agreed
2016,2508,c_sumber_hills,b_rivergard,no,hills,hills,hills,already_agreed
2030,1439,c_starmetal_hills,b_beruns_hill,yes,hills,plains,hills,applied_capital
2031,1439,c_starmetal_hills,b_twilight_tor,no,hills,plains,hills,applied_weak_bitmap
2032,57,c_the_sisters,b_eldathyn,yes,mountain,forest,mountains,applied_capital
2033,57,c_the_sisters,b_khlecayre,no,mountain,forest,forest,kept_strong_bitmap
2034,57,c_the_sisters,b_darmaerthe,no,mountain,hills,hills,kept_strong_bitmap
2035,57,c_the_sisters,b_talon_tower,no,mountain,hills,hills,kept_strong_bitmap
2036,56,c_heartblood,b_lhuve,yes,forest,forest,forest,already_agreed
2037,56,c_heartblood,b_karse,no,forest,forest,forest,already_agreed
2038,1403,c_the_old_trees,b_starshadow,yes,forest,forest,forest,already_agreed
2039,1403,c_the_old_trees,b_old_trees,no,forest,plains,forest,applied_weak_bitmap
2040,1152,c_centaur_run,b_nordahaeril,yes,forest,forest,forest,already_agreed
2041,1152,c_centaur_run,b_morynarth,no,forest,taiga,taiga,kept_strong_bitmap
2042,1152,c_centaur_run,b_far_forount,no,forest,taiga,taiga,kept_strong_bitmap
2043,70,c_unicorn_run,b_caerilcarn,yes,forest,forest,forest,already_agreed
2044,70,c_unicorn_run,b_ellatharion,no,forest,forest,forest,already_agreed
2045,1568,c_pharren,b_pharren,yes,hills,plains,hills,applied_capital
2046,67,c_tall_trees,b_teuveamanthaar,yes,forest,taiga,forest,applied_capital
2047,67,c_tall_trees,b_morkermhoarth,no,forest,taiga,taiga,kept_strong_bitmap
2048,67,c_tall_trees,b_kerymnaar,no,forest,forest,forest,already_agreed
2049,67,c_tall_trees,b_vale_of_memory,no,forest,forest,forest,already_agreed
2050,300,c_eastwood,b_eastwood,yes,forest,taiga,forest,applied_capital
2051,300,c_eastwood,b_karscragg,no,forest,plains,forest,applied_weak_bitmap
2052,300,c_eastwood,b_starpoint,no,forest,hills,hills,kept_strong_bitmap
2053,1692,c_elven_port,b_elven_port,yes,forest,forest,forest,already_agreed
2054,1692,c_elven_port,b_nar_kerymhoarth,no,forest,taiga,taiga,kept_strong_bitmap
2055,2473,c_glaurachyndaar,b_glaurachyndaar,yes,hills,hills,hills,already_agreed
2056,2473,c_glaurachyndaar,b_talgotha,no,hills,taiga,taiga,kept_strong_bitmap
2057,2473,c_glaurachyndaar,b_star_mausoleum,no,hills,hills,hills,already_agreed
2058,2473,c_glaurachyndaar,b_tuerel,no,hills,hills,hills,already_agreed
2059,105,c_ascalhorn,b_hellgate_keep,yes,hills,hills,hills,already_agreed
2060,105,c_ascalhorn,b_orinthae,no,hills,plains,hills,applied_weak_bitmap
2061,105,c_ascalhorn,b_telkouns_tower,no,hills,taiga,taiga,kept_strong_bitmap
2062,105,c_ascalhorn,b_ascalharla,no,hills,plains,hills,applied_weak_bitmap
2063,107,c_far_forest,b_taerymdoom,yes,forest,taiga,forest,applied_capital
2064,305,c_weathercote_wood,b_veska,yes,forest,plains,forest,applied_capital
2065,305,c_weathercote_wood,b_tamm,no,forest,plains,forest,applied_weak_bitmap
2066,305,c_weathercote_wood,b_juloth,no,forest,plains,forest,applied_weak_bitmap
2067,108,c_fallen_lands,b_saharelgard,yes,hills,hills,hills,already_agreed
2068,108,c_fallen_lands,b_dry_hills,no,hills,hills,hills,already_agreed
2069,108,c_fallen_lands,b_ustark,no,hills,hills,hills,already_agreed
2070,1162,c_lothen,b_lothen,yes,forest,forest,forest,already_agreed
2071,1162,c_lothen,b_aelyth,no,forest,plains,forest,applied_weak_bitmap
2072,2475,c_ong_woods,b_arselyndaar,yes,forest,forest,forest,already_agreed
2073,2475,c_ong_woods,b_sylfaaril,no,forest,forest,forest,already_agreed
2074,2475,c_ong_woods,b_caelpiir,no,forest,forest,forest,already_agreed
2075,55,c_lost_peaks,b_morndinvuddrin,yes,forest,forest,forest,already_agreed
2076,55,c_lost_peaks,b_rornfaern,no,forest,taiga,taiga,kept_strong_bitmap
2077,55,c_lost_peaks,b_grandfather_tree,no,forest,taiga,taiga,kept_strong_bitmap
2078,1437,c_mhiilamnir,b_mhiilamniir,yes,forest,forest,forest,already_agreed
2079,1437,c_mhiilamnir,b_fhaorkerymkiir,no,forest,forest,forest,already_agreed
2080,1437,c_mhiilamnir,b_xeler,no,forest,forest,forest,already_agreed
2081,37,c_turlangs_wood,b_citadel_of_the_mists,yes,forest,taiga,forest,applied_capital
2082,37,c_turlangs_wood,b_orlgotha,no,forest,taiga,taiga,kept_strong_bitmap
2083,37,c_turlangs_wood,b_shilrua,no,forest,taiga,taiga,kept_strong_bitmap
2084,37,c_turlangs_wood,b_darkmaidens_leap,no,forest,forest,forest,already_agreed
2086,1,c_waterdeep,b_castle_waterdeep,yes,farmlands,farmlands,farmlands,already_agreed
2087,1,c_waterdeep,b_castle_ward,no,farmlands,hills,hills,kept_strong_bitmap
2088,1,c_waterdeep,b_north_ward,no,farmlands,plains,farmlands,applied_weak_bitmap
2089,1,c_waterdeep,b_the_plinth,no,farmlands,hills,hills,kept_strong_bitmap
2090,1445,c_zundbridge,b_roaring_dragon_house,no,farmlands,farmlands,farmlands,already_agreed
2091,1445,c_zundbridge,b_rat_hills,no,farmlands,farmlands,farmlands,already_agreed
2092,1406,c_rassalantar,b_rassalantar,no,farmlands,plains,farmlands,applied_weak_bitmap
2093,1406,c_rassalantar,b_maidens_tomb_tor,no,farmlands,plains,farmlands,applied_weak_bitmap
2096,20,c_kryptgarden_forest,b_southkrypt,yes,forest,hills,forest,applied_capital
2097,307,c_westwood,b_kheldell,yes,forest,hills,forest,applied_capital
2098,2195,c_mount_illefarn,b_illefarn_keep,yes,mountain,hills,mountains,applied_capital
2099,2195,c_mount_illefarn,b_laughing_hollow,no,mountain,mountains,mountains,already_agreed
2105,471,c_cony_gap,b_phandalin,yes,hills,plains,hills,applied_capital
2106,471,c_cony_gap,b_umbrage_hill,no,hills,plains,hills,applied_weak_bitmap
2107,471,c_cony_gap,b_axeholm,no,hills,plains,hills,applied_weak_bitmap
2108,471,c_cony_gap,b_ieirithymbul,no,hills,hills,hills,already_agreed
2111,9,c_mere_of_dead_men,b_uthtower,yes,marsh,wetlands,wetlands,already_agreed
2112,9,c_mere_of_dead_men,b_west_harbor,no,marsh,wetlands,wetlands,already_agreed
2114,233,c_ardeep_forest,b_greentree_haven,yes,forest,forest,forest,already_agreed
2115,233,c_ardeep_forest,b_glen_of_aloevan,no,forest,plains,forest,applied_weak_bitmap
2116,233,c_ardeep_forest,b_deepening_moon,no,forest,taiga,taiga,kept_strong_bitmap
2117,1447,c_halangorn,b_talmost,yes,forest,plains,forest,applied_capital
2118,1447,c_halangorn,b_loghann,no,forest,plains,forest,applied_weak_bitmap
2119,1447,c_halangorn,b_hardstone,no,forest,plains,forest,applied_weak_bitmap
2120,8,c_neverwinter,b_castle_never,yes,farmlands,plains,farmlands,applied_capital
2121,8,c_neverwinter,b_the_academy,no,farmlands,plains,farmlands,applied_weak_bitmap
2122,8,c_neverwinter,b_neverdeath,no,farmlands,plains,farmlands,applied_weak_bitmap
2123,2426,c_helms_hold,b_helms_hold,yes,farmlands,plains,farmlands,applied_capital
2124,2426,c_helms_hold,b_helms_cathedral,no,farmlands,plains,farmlands,applied_weak_bitmap
2125,2426,c_helms_hold,b_crossroad_keep,no,farmlands,hills,hills,kept_strong_bitmap
2128,11,c_neverwinter_wood,b_thundertree,yes,forest,forest,forest,already_agreed
2129,11,c_neverwinter_wood,b_charwood,no,forest,forest,forest,already_agreed
2130,11,c_neverwinter_wood,b_xinlenal,no,forest,forest,forest,already_agreed
2131,2428,c_sharandar,b_sharandar,yes,forest,forest,forest,already_agreed
2132,2428,c_sharandar,b_eveninglight,no,forest,forest,forest,already_agreed
2133,2438,c_illuskwood,b_everwinter,yes,forest,forest,forest,already_agreed
2136,1015,c_mulsantir,b_mulsantir,yes,forest,plains,forest,applied_capital
2137,1015,c_mulsantir,b_arashamar,no,forest,plains,forest,applied_weak_bitmap
2138,1016,c_ashenwood,b_ashenwood,yes,forest,plains,forest,applied_capital
2142,841,c_citadel_rashemar,b_citadel_rashemar,yes,hills,steppe,hills,applied_capital
2143,1020,c_thasunta,b_shevel,yes,hills,hills,hills,already_agreed
2144,1020,c_thasunta,b_thasunta,no,hills,plains,hills,applied_weak_bitmap
2150,1019,c_urlingwood,b_urling,yes,forest,hills,forest,applied_capital
2151,1019,c_urlingwood,b_taporan,no,forest,plains,forest,applied_weak_bitmap
2156,919,c_horaholm,b_horaholm,yes,hills,taiga,hills,applied_capital
2166,844,c_ugewood,b_uzbeg,yes,forest,forest,forest,already_agreed
2182,1698,c_ochoq,b_ochoq,yes,arctic,taiga,taiga,already_agreed
2185,838,c_shay_hills,b_akhrasut_nath,yes,hills,hills,hills,already_agreed
2186,866,c_syevyer_forest,b_ouranalathas_tower,yes,forest,steppe,forest,applied_capital
2188,585,c_underhome,b_the_gates,yes,subterranean,steppe,mountains,applied_capital
2189,585,c_underhome,b_underhome,no,subterranean,steppe,steppe,kept_strong_bitmap
2190,585,c_underhome,b_scaaminter,no,subterranean,steppe,steppe,kept_strong_bitmap
2191,585,c_underhome,b_tumar,no,subterranean,steppe,steppe,kept_strong_bitmap
2192,489,c_eartheart,b_eartheart,yes,subterranean,steppe,mountains,applied_capital
2193,489,c_eartheart,b_riftedge,no,subterranean,steppe,steppe,kept_strong_bitmap
2194,489,c_eartheart,b_lowstair,no,subterranean,steppe,steppe,kept_strong_bitmap
2195,586,c_quarat,b_firecaverns,yes,subterranean,steppe,mountains,applied_capital
2196,586,c_quarat,b_quarat,no,subterranean,steppe,steppe,kept_strong_bitmap
2197,586,c_quarat,b_vendy,no,subterranean,steppe,steppe,kept_strong_bitmap
2198,587,c_shadows_end,b_hall_of_echoes,yes,subterranean,steppe,mountains,applied_capital
2199,587,c_shadows_end,b_oldfast,no,subterranean,steppe,steppe,kept_strong_bitmap
2200,587,c_shadows_end,b_jurunvalt,no,subterranean,steppe,steppe,kept_strong_bitmap
2201,588,c_rimmator,b_rimmator,yes,subterranean,steppe,mountains,applied_capital
2202,588,c_rimmator,b_nargabuz,no,subterranean,steppe,steppe,kept_strong_bitmap
2203,588,c_rimmator,b_nalatho,no,subterranean,steppe,steppe,kept_strong_bitmap
2204,590,c_daunting,b_daunting,yes,subterranean,steppe,mountains,applied_capital
2205,592,c_glitterdelve,b_glitterdelve,yes,subterranean,steppe,mountains,applied_capital
2206,591,c_harlending,b_harlending,yes,subterranean,steppe,mountains,applied_capital
2207,591,c_harlending,b_orpool,no,subterranean,steppe,steppe,kept_strong_bitmap
2208,591,c_harlending,b_nulukkhol,no,subterranean,steppe,steppe,kept_strong_bitmap
2209,593,c_sundasz,b_sundasz,yes,subterranean,steppe,mountains,applied_capital
2210,589,c_tarnhall,b_tarnhall,yes,subterranean,steppe,mountains,applied_capital
2211,589,c_tarnhall,b_nargabar,no,subterranean,steppe,steppe,kept_strong_bitmap
2212,2562,c_llurth_dreier,b_llurth_dreier,yes,subterranean,steppe,mountains,applied_capital
2213,2562,c_llurth_dreier,b_oozing_city,no,subterranean,steppe,steppe,kept_strong_bitmap
2214,2562,c_llurth_dreier,b_overflowing_pit,no,subterranean,steppe,steppe,kept_strong_bitmap
2235,1739,c_amtar_eave,b_warging,yes,jungle,jungle,jungle,already_agreed
2236,488,c_riftwood,b_riftwood,yes,jungle,steppe,jungle,applied_capital
2237,488,c_riftwood,b_aerilon,no,jungle,steppe,steppe,kept_strong_bitmap
2241,482,c_council_hills,b_hillgard,yes,hills,steppe,hills,applied_capital
2242,482,c_council_hills,b_azil,no,hills,steppe,steppe,kept_strong_bitmap
2264,494,c_channathwood,b_yeshi,yes,jungle,jungle,jungle,already_agreed
2270,521,c_scrabbleground,b_teths_stand,yes,desert,desert,desert,already_agreed
2271,522,c_broken_swords,b_swordsbane,yes,plains,plains,plains,already_agreed
2272,523,c_deadstars,b_wasterun,yes,desert,desert,desert,already_agreed
2273,526,c_iirgar,b_iirgar,yes,desert,plains,desert,applied_capital
2275,524,c_misty_vale,b_misty_keep,yes,jungle,jungle,jungle,already_agreed
2276,535,c_shaareach_forest,b_estacell,yes,jungle,steppe,jungle,applied_capital
2279,1428,c_the_wyrmbones,b_wyrmbone,yes,hills,hills,hills,already_agreed
2304,529,c_the_shaarwood,b_sendail,yes,forest,steppe,forest,applied_capital
2311,1693,c_tangkap,b_tangkap,yes,desert,desert,desert,already_agreed
2313,1287,c_hanya_maut,b_laou,yes,desert,desert,desert,already_agreed
2315,1323,c_perpustakaan,b_perpustakaan,yes,jungle,mountains,jungle,applied_capital
2316,1324,c_sekola_atas,b_sekola_atas,yes,jungle,mountains,jungle,applied_capital
2317,1281,c_kabut,b_utara,yes,jungle,hills,jungle,applied_capital
2319,1284,c_ketcheel,b_selatan,yes,jungle,mountains,jungle,applied_capital
2320,1282,c_lower_kuning,b_barat,yes,jungle,forest,jungle,applied_capital
2321,1353,c_pasar,b_pasar,yes,jungle,mountains,jungle,applied_capital
2322,1353,c_pasar,b_tempat,no,jungle,forest,forest,kept_strong_bitmap
2323,1354,c_lower_kayu,b_padang,yes,jungle,forest,jungle,applied_capital
2324,1387,c_tehing,b_tehing,yes,jungle,forest,jungle,applied_capital
2325,1386,c_ungaran,b_ungaran,yes,jungle,forest,jungle,applied_capital
2326,1357,c_penuh_susak,b_penuh_susak,yes,jungle,mountains,jungle,applied_capital
2327,1358,c_mahligwi,b_mahligwi,yes,jungle,jungle,jungle,already_agreed
2328,1359,c_binatang,b_rambut,yes,jungle,jungle,jungle,already_agreed
2329,1361,c_rimba,b_rimba,yes,jungle,forest,jungle,applied_capital
2330,1360,c_soto,b_sepusang,yes,jungle,hills,jungle,applied_capital
2331,1355,c_keluh,b_penong,yes,jungle,forest,jungle,applied_capital
2343,1418,c_po_yul_dzayul,b_haimang,yes,mountain,mountains,mountains,already_agreed
2345,1298,c_tsagang,b_tsagang,yes,forest,taiga,forest,applied_capital
2346,1329,c_shentsa,b_shentsa,yes,forest,forest,forest,already_agreed
2347,1296,c_draya,b_draya,yes,forest,forest,forest,already_agreed
2348,1296,c_draya,b_fij,no,forest,jungle,jungle,kept_strong_bitmap
2349,1328,c_ekwong,b_ekwong,yes,forest,taiga,forest,applied_capital
2350,1299,c_mache_gap,b_mache,yes,forest,forest,forest,already_agreed
2353,1293,c_phutan,b_phutan,yes,forest,hills,forest,applied_capital
2354,1301,c_kemati_valley,b_kemati,yes,mountain,mountains,mountains,already_agreed
2355,1301,c_kemati_valley,b_lobcha,no,mountain,mountains,mountains,already_agreed
2356,1300,c_langdarma,b_langdarma,yes,mountain,mountains,mountains,already_agreed
2357,1300,c_langdarma,b_gahong,no,mountain,mountains,mountains,already_agreed
2358,1300,c_langdarma,b_kamsoperi,no,mountain,mountains,mountains,already_agreed
2359,1300,c_langdarma,b_kirtilamai,no,mountain,hills,hills,kept_strong_bitmap
2360,1419,c_skyvale,b_chamar,yes,mountain,hills,mountains,applied_capital
2361,1326,c_ohmai,b_ohmai,yes,forest,taiga,forest,applied_capital
2362,1326,c_ohmai,b_pabex,no,forest,taiga,taiga,kept_strong_bitmap
2363,1280,c_joya,b_joya,yes,forest,forest,forest,already_agreed
2364,1295,c_tocpe,b_tocpe,yes,forest,taiga,forest,applied_capital
2365,1325,c_uhon_tsa,b_uhon_tsa,yes,forest,taiga,forest,applied_capital
2366,1294,c_namtan,b_namtan,yes,forest,forest,forest,already_agreed
2367,1292,c_larut,b_larut,yes,forest,forest,forest,already_agreed
2368,732,c_cathyr,b_cathyr,yes,farmlands,plains,farmlands,applied_capital
2369,732,c_cathyr,b_lahyrst,no,farmlands,plains,farmlands,applied_weak_bitmap
2370,732,c_cathyr,b_melina,no,farmlands,plains,farmlands,applied_weak_bitmap
2371,732,c_cathyr,b_angoman,no,farmlands,plains,farmlands,applied_weak_bitmap
2375,793,c_hills_of_the_dead_kings,b_bhyanaga,yes,hills,hills,hills,already_agreed
2376,793,c_hills_of_the_dead_kings,b_mithyme,no,hills,hills,hills,already_agreed
2385,1222,c_conaluil_range,b_condish,yes,hills,hills,hills,already_agreed
2394,794,c_prastuil,b_prastuil,yes,farmlands,plains,farmlands,applied_capital
2395,794,c_prastuil,b_suuriris,no,farmlands,plains,farmlands,applied_weak_bitmap
2396,794,c_prastuil,b_albang,no,farmlands,hills,hills,kept_strong_bitmap
2397,829,c_westbay,b_westbay,yes,farmlands,plains,farmlands,applied_capital
2398,829,c_westbay,b_unan,no,farmlands,plains,farmlands,applied_weak_bitmap
2401,1231,c_azhul_pass,b_zhal,yes,mountain,mountains,mountains,already_agreed
2403,1734,c_rethild_shore,b_mudhill,yes,marsh,wetlands,wetlands,already_agreed
2404,1122,c_the_red_giant,b_red_cove,yes,coastal,hills,hills,kept_rule
2405,1123,c_wards_islands,b_wards_port,yes,coastal,hills,hills,kept_rule
2409,1171,c_dancing_dolphins,b_dolphin_waters,yes,coastal,hills,hills,kept_rule
2412,618,c_irestone,b_evth,yes,jungle,jungle,jungle,already_agreed
2413,619,c_vargath,b_karns,yes,jungle,jungle,jungle,already_agreed
2414,1737,c_molken,b_molken,yes,jungle,forest,jungle,applied_capital
2415,1738,c_aznawood,b_azna_camp,yes,jungle,forest,jungle,applied_capital
2416,621,c_addak,b_vetkth,yes,jungle,jungle,jungle,already_agreed
2417,622,c_gnollhomes,b_ouargh,yes,jungle,jungle,jungle,already_agreed
2418,620,c_wolfwoods,b_helmsa,yes,jungle,forest,jungle,applied_capital
2419,635,c_halarahh,b_halarahh,yes,farmlands,plains,farmlands,applied_capital
2420,635,c_halarahh,b_lath,no,farmlands,plains,farmlands,applied_weak_bitmap
2421,635,c_halarahh,b_halabar,no,farmlands,plains,farmlands,applied_weak_bitmap
2422,635,c_halarahh,b_mardala,no,farmlands,plains,farmlands,applied_weak_bitmap
2423,643,c_aluar,b_nishtul,yes,farmlands,plains,farmlands,applied_capital
2424,643,c_aluar,b_aluarim,no,farmlands,plains,farmlands,applied_weak_bitmap
2428,645,c_sulaziir,b_sulaziir,yes,farmlands,plains,farmlands,applied_capital
2429,645,c_sulaziir,b_marrass,no,farmlands,plains,farmlands,applied_weak_bitmap
2438,649,c_talathgard,b_talathgard,yes,hills,plains,hills,applied_capital
2439,649,c_talathgard,b_talath_pass,no,hills,plains,hills,applied_weak_bitmap
2440,649,c_talathgard,b_achathila,no,hills,hills,hills,already_agreed
2444,651,c_zzuntal,b_zzuntal,yes,farmlands,plains,farmlands,applied_capital
2445,651,c_zzuntal,b_eru,no,farmlands,plains,farmlands,applied_weak_bitmap
2448,1732,c_zoundar,b_zoundar,yes,hills,hills,hills,already_agreed
2449,650,c_thilzoun,b_thilzoun,yes,hills,plains,hills,applied_capital
2450,650,c_thilzoun,b_ssorsil,no,hills,plains,hills,applied_weak_bitmap
2451,650,c_thilzoun,b_mairb,no,hills,hills,hills,already_agreed
2452,650,c_thilzoun,b_erulala,no,hills,hills,hills,already_agreed
2460,1085,c_the_stormtails,b_stormcliffs,yes,coastal,plains,plains,kept_rule
2461,1086,c_shipgrave_isles,b_shipgrave,yes,coastal,plains,plains,kept_rule
2462,638,c_ralasuu_isle,b_rulasuu,yes,coastal,plains,plains,kept_rule
2472,1210,c_nath_pass,b_achernath,yes,mountain,hills,mountains,applied_capital
2473,747,c_beluir,b_beluir,yes,farmlands,plains,farmlands,applied_capital
2474,747,c_beluir,b_helmsong,no,farmlands,plains,farmlands,applied_weak_bitmap
2475,747,c_beluir,b_chaibrook,no,farmlands,plains,farmlands,applied_weak_bitmap
2476,747,c_beluir,b_nalukkhath,no,farmlands,plains,farmlands,applied_weak_bitmap
2480,740,c_otennath,b_otennath,yes,farmlands,plains,farmlands,applied_capital
2481,740,c_otennath,b_shoun,no,farmlands,plains,farmlands,applied_weak_bitmap
2482,742,c_granuin_forest,b_atag,yes,jungle,jungle,jungle,already_agreed
2485,745,c_isle_of_quelthiir,b_sana,yes,coastal,plains,plains,kept_rule
2488,1240,c_mortik_swamp,b_chethel,yes,marsh,wetlands,wetlands,already_agreed
2489,741,c_east_lluirwood,b_nanath,yes,jungle,jungle,jungle,already_agreed
2491,744,c_lluirwood,b_al_tana,yes,jungle,jungle,jungle,already_agreed
2492,1742,c_middle_longwood,b_mortling,yes,jungle,jungle,jungle,already_agreed
2500,1213,c_halruaan_heights,b_broken_helms,yes,mountain,hills,mountains,applied_capital
2502,13,c_baldurs_gate,b_high_hall,yes,farmlands,plains,farmlands,applied_capital
2503,13,c_baldurs_gate,b_ulgoths_beard,no,farmlands,plains,farmlands,applied_weak_bitmap
2504,13,c_baldurs_gate,b_bloomridge,no,farmlands,plains,farmlands,applied_weak_bitmap
2505,13,c_baldurs_gate,b_twin_songs,no,farmlands,plains,farmlands,applied_weak_bitmap
2506,1411,c_chionthar,b_wyrms_crossing,yes,farmlands,plains,farmlands,applied_capital
2507,1411,c_chionthar,b_rivington,no,farmlands,plains,farmlands,applied_weak_bitmap
2509,91,c_arylon,b_arylon,yes,farmlands,plains,farmlands,applied_capital
2515,72,c_roaringshore,b_roaringshore,yes,farmlands,plains,farmlands,applied_capital
2516,72,c_roaringshore,b_lathtarls_lantern,no,farmlands,plains,farmlands,applied_weak_bitmap
2517,14,c_the_trollclaws,b_trollclaw_ford,yes,hills,plains,hills,applied_capital
2519,61,c_cloakwood,b_brown_bear_lodge,yes,forest,plains,forest,applied_capital
2520,2528,c_cloak_bay,b_borlyth,yes,forest,hills,forest,applied_capital
2521,62,c_beregost,b_cragmyr_keep,yes,farmlands,plains,farmlands,applied_capital
2522,62,c_beregost,b_beregost,no,farmlands,plains,farmlands,applied_weak_bitmap
2523,62,c_beregost,b_song_of_the_morning,no,farmlands,plains,farmlands,applied_weak_bitmap
2528,1149,c_orlumbor,b_orlumbor,yes,coastal,plains,plains,kept_rule
2529,1405,c_crab_reach,b_raerest,yes,coastal,plains,plains,kept_rule
2530,2478,c_treacherous_isles,b_caspias,yes,coastal,plains,plains,kept_rule
2535,16,c_scornubel,b_scornubel,yes,farmlands,plains,farmlands,applied_capital
2536,16,c_scornubel,b_scornubel_hall,no,farmlands,plains,farmlands,applied_weak_bitmap
2537,1703,c_vyridian_forest,b_wisteria_vale,yes,forest,plains,forest,applied_capital
2542,65,c_durlags_tower,b_durlags_tower,yes,forest,plains,forest,applied_capital
2543,1183,c_peldvale,b_peldvale,yes,forest,plains,forest,applied_capital
2544,2529,c_wood_of_sharp_teeth,b_stepping_stones,yes,forest,plains,forest,applied_capital
2545,92,c_iriaebor,b_the_tor,yes,farmlands,plains,farmlands,applied_capital
2546,92,c_iriaebor,b_iriaebor,no,farmlands,plains,farmlands,applied_weak_bitmap
2547,92,c_iriaebor,b_dragonrise_keep,no,farmlands,plains,farmlands,applied_weak_bitmap
2548,92,c_iriaebor,b_blacktalon,no,farmlands,hills,hills,kept_strong_bitmap
2549,1429,c_easting,b_easting,yes,farmlands,plains,farmlands,applied_capital
2550,196,c_starfields,b_chatlarhune,yes,plains,steppe,plains,applied_capital
2555,73,c_greenest,b_greenest,yes,farmlands,plains,farmlands,applied_capital
2556,73,c_greenest,b_millstone,no,farmlands,plains,farmlands,applied_weak_bitmap
2560,1182,c_uldoon,b_uldoon_post,yes,farmlands,plains,farmlands,applied_capital
2561,1182,c_uldoon,b_merrydales,no,farmlands,plains,farmlands,applied_weak_bitmap
2562,1701,c_green_fields,b_astranar,yes,plains,plains,plains,already_agreed
2563,90,c_old_well,b_old_well,yes,plains,steppe,plains,applied_capital
2565,103,c_reaching_wood,b_reachgard,yes,forest,plains,forest,applied_capital
2566,1235,c_north_reaching_wood,b_quickwinds,yes,forest,plains,forest,applied_capital
2569,1147,c_northdark_woods,b_drawn_swords,yes,forest,plains,forest,applied_capital
2570,1148,c_trielta_hills,b_hardbuckler,yes,hills,hills,hills,already_agreed
2575,94,c_corm_orp,b_corm_orp,yes,farmlands,plains,farmlands,applied_capital
2576,2423,c_iritasker,b_iritasker,yes,subterranean,hills,mountains,applied_capital
2577,2447,c_oghrann,b_citadel_oghrann,yes,subterranean,mountains,mountains,already_agreed
2578,2448,c_sshamath,b_sshamath,yes,subterranean,mountains,mountains,already_agreed
2579,2448,c_sshamath,b_zorrbauth,no,subterranean,mountains,mountains,already_agreed
2580,211,c_marsh_of_tun,b_wyrmhall,yes,marsh,wetlands,wetlands,already_agreed
2581,211,c_marsh_of_tun,b_threetrees,no,marsh,wetlands,wetlands,already_agreed
2582,1570,c_tun,b_zorastyl_keep,yes,steppe,hills,steppe,applied_capital
2583,1570,c_tun,b_tun,no,steppe,plains,steppe,applied_weak_bitmap
2584,1570,c_tun,b_malorens_rest,no,steppe,hills,hills,kept_strong_bitmap
2585,212,c_veilstone,b_aris_castle,yes,steppe,hills,steppe,applied_capital
2586,154,c_darromar,b_darromar,no,farmlands,plains,farmlands,applied_weak_bitmap
2587,154,c_darromar,b_garden_of_rhinda,no,farmlands,plains,farmlands,applied_weak_bitmap
2588,154,c_darromar,b_queens_market,no,farmlands,plains,farmlands,applied_weak_bitmap
2589,154,c_darromar,b_black_quarter,no,farmlands,plains,farmlands,applied_weak_bitmap
2609,116,c_firedrake,b_millvulthan,yes,forest,plains,forest,applied_capital
2610,116,c_firedrake,b_velen,no,forest,plains,forest,applied_weak_bitmap
2611,116,c_firedrake,b_tordraken,no,forest,plains,forest,applied_weak_bitmap
2612,116,c_firedrake,b_the_stoneblade,no,forest,plains,forest,applied_weak_bitmap
2613,117,c_fyraven,b_jhaansciim,yes,forest,plains,forest,applied_capital
2614,117,c_fyraven,b_honourguard,no,forest,plains,forest,applied_weak_bitmap
2615,117,c_fyraven,b_khalids_wall,no,forest,forest,forest,already_agreed
2616,117,c_fyraven,b_toaketh,no,forest,plains,forest,applied_weak_bitmap
2617,1789,c_tulmene,b_tulmene,yes,forest,plains,forest,applied_capital
2618,1789,c_tulmene,b_monguldarath,no,forest,plains,forest,applied_weak_bitmap
2631,119,c_starspur,b_zazesspur,yes,mountain,plains,mountains,applied_capital
2632,119,c_starspur,b_karlaggar,no,mountain,plains,mountains,applied_weak_bitmap
2633,119,c_starspur,b_oldspire,no,mountain,hills,hills,kept_strong_bitmap
2634,155,c_dunod,b_dunod,yes,hills,hills,hills,already_agreed
2635,155,c_dunod,b_pansemil,no,hills,hills,hills,already_agreed
2636,124,c_uluran,b_uluran_keep,yes,mountain,hills,mountains,applied_capital
2637,124,c_uluran,b_tresper_hall,no,mountain,hills,hills,kept_strong_bitmap
2641,1572,c_zaz_in_vintor,b_marakir,yes,hills,plains,hills,applied_capital
2642,1572,c_zaz_in_vintor,b_hhune,no,hills,plains,hills,applied_weak_bitmap
2643,1572,c_zaz_in_vintor,b_venazir,no,hills,hills,hills,already_agreed
2647,122,c_elemetar,b_myratma,yes,farmlands,plains,farmlands,applied_capital
2648,122,c_elemetar,b_khaarysaim,no,farmlands,plains,farmlands,applied_weak_bitmap
2655,128,c_clovis_fields,b_clovis_fields,yes,farmlands,plains,farmlands,applied_capital
2656,128,c_clovis_fields,b_ezzagard,no,farmlands,plains,farmlands,applied_weak_bitmap
2675,1717,c_pehrrifaal,b_mytran,yes,plains,plains,plains,already_agreed
2676,137,c_suldanessellar,b_suldanessellar,yes,forest,plains,forest,applied_capital
2677,137,c_suldanessellar,b_swanmays_glade,no,forest,forest,forest,already_agreed
2678,137,c_suldanessellar,b_kings_tree,no,forest,forest,forest,already_agreed
2679,137,c_suldanessellar,b_nebulae_pool,no,forest,plains,forest,applied_weak_bitmap
2680,137,c_suldanessellar,b_kinbranch,no,forest,plains,forest,applied_weak_bitmap
2681,158,c_moonglade,b_eights_tree,yes,forest,plains,forest,applied_capital
2682,158,c_moonglade,b_zoastrias_stand,no,forest,plains,forest,applied_weak_bitmap
2683,158,c_moonglade,b_eldaths_gate,no,forest,plains,forest,applied_weak_bitmap
2684,1715,c_nymphwood,b_nymphwood,yes,forest,plains,forest,applied_capital
2685,138,c_mytharan_woods,b_myth_rhynn,yes,forest,plains,forest,applied_capital
2686,138,c_mytharan_woods,b_cairn_wheel,no,forest,plains,forest,applied_weak_bitmap
2687,1164,c_kalmins_grove,b_kalmins_grove,yes,forest,forest,forest,already_agreed
2688,1164,c_kalmins_grove,b_old_oak_dell,no,forest,plains,forest,applied_weak_bitmap
2689,1164,c_kalmins_grove,b_hunters_tree,no,forest,forest,forest,already_agreed
2690,157,c_the_shield,b_council_glade,yes,forest,plains,forest,applied_capital
2691,157,c_the_shield,b_tall_trees,no,forest,forest,forest,already_agreed
2692,2507,c_ust_natha,b_baenth,no,subterranean,plains,mountains,applied_weak_bitmap
2693,2507,c_ust_natha,b_ichein,no,subterranean,plains,mountains,applied_weak_bitmap
2695,224,c_ruathym,b_ruathym,yes,coastal,taiga,taiga,kept_rule
2696,224,c_ruathym,b_holgerstead,no,coastal,taiga,taiga,kept_rule
2697,1179,c_axard,b_rethgaard,yes,coastal,taiga,taiga,kept_rule
2698,1180,c_nerth,b_nerth,yes,coastal,taiga,taiga,kept_rule
2699,225,c_the_icepeak,b_aurilssbarg,yes,coastal,hills,hills,kept_rule
2700,226,c_gundarlun,b_gundbarg,yes,coastal,hills,hills,kept_rule
2701,228,c_purple_rocks,b_ulf_of_thuger,yes,coastal,taiga,taiga,kept_rule
2702,227,c_tuern,b_uttersea,yes,coastal,taiga,taiga,kept_rule
2703,229,c_umukek,b_umukek,yes,coastal,taiga,taiga,kept_rule
2704,2513,c_svardborg,b_svardborg,yes,glacier,taiga,taiga,already_agreed
2705,219,c_wave_rocks,b_tower_of_storms,yes,coastal,taiga,taiga,kept_rule
2706,213,c_gullrocks,b_gull_nest,yes,coastal,plains,plains,kept_rule
2707,1127,c_the_teeth,b_barth,yes,coastal,plains,plains,kept_rule
2719,308,c_callidyrr,b_caer_callidyrr,yes,forest,plains,forest,applied_capital
2720,308,c_callidyrr,b_lehigh,no,forest,plains,forest,applied_weak_bitmap
2721,310,c_stagford,b_stagford,yes,forest,plains,forest,applied_capital
2728,2688,c_dernall,b_doncastle,yes,forest,plains,forest,applied_capital
2729,2688,c_dernall,b_aithelar,no,forest,plains,forest,applied_weak_bitmap
2732,314,c_hardang,b_hardangheight,yes,hills,hills,hills,already_agreed
2733,315,c_sunder,b_sunderstaad,yes,hills,plains,hills,applied_capital
2736,1567,c_fairheight,b_blackstone,yes,mountain,hills,mountains,applied_capital
2737,1567,c_fairheight,b_white_rock,no,mountain,hills,hills,kept_strong_bitmap
2738,220,c_westphal,b_caer_westphal,yes,coastal,plains,plains,kept_rule
2741,326,c_shrouded_lands,b_fenton,yes,marsh,plains,wetlands,applied_capital
2747,318,c_synnoria,b_argen_tellirynd,yes,mountain,hills,mountains,applied_capital
2748,320,c_myrloch_vale,b_deepglen,yes,forest,plains,forest,applied_capital
2749,320,c_myrloch_vale,b_mal_temesis,no,forest,plains,forest,applied_weak_bitmap
2750,320,c_myrloch_vale,b_blackhoof,no,forest,hills,hills,kept_strong_bitmap
2751,320,c_myrloch_vale,b_shee_pool,no,forest,hills,hills,kept_strong_bitmap
2752,214,c_flamsterd,b_flamsterd,yes,coastal,hills,hills,kept_rule
2753,323,c_winterglen,b_citadel_umbra,yes,forest,plains,forest,applied_capital
2754,323,c_winterglen,b_taeya,no,forest,plains,forest,applied_weak_bitmap
2755,322,c_cambro,b_darkhorn_castle,yes,hills,plains,hills,applied_capital
2756,322,c_cambro,b_cambro,no,hills,plains,hills,applied_weak_bitmap
2757,324,c_codsbay,b_codscove,yes,marsh,plains,wetlands,applied_capital
2759,316,c_dynnegall,b_dynnegall,yes,hills,plains,hills,applied_capital
2761,221,c_sunset,b_sunset,yes,coastal,plains,plains,kept_rule
2762,217,c_frostfenn,b_rogarsheim,yes,hills,plains,hills,applied_capital
2763,218,c_grondsgrunn,b_arndtbergon,yes,hills,plains,hills,applied_capital
2764,215,c_norheim,b_hammerstaad,yes,coastal,hills,hills,kept_rule
2765,216,c_korinn,b_caftenor,yes,coastal,hills,hills,kept_rule
2767,1401,c_northwind,b_graystaad,yes,coastal,hills,hills,kept_rule
2768,2659,c_iron_keep,b_trondhelm,yes,hills,plains,hills,applied_capital
2769,223,c_mintarn,b_mintarn,yes,coastal,plains,plains,kept_rule
2770,232,c_cimarine_isles,b_branestria,yes,coastal,plains,plains,kept_rule
2771,230,c_the_whalebones,b_finback,yes,coastal,taiga,taiga,kept_rule
2772,659,c_unthalass,b_unthalass,yes,farmlands,plains,farmlands,applied_capital
2773,659,c_unthalass,b_rijath,no,farmlands,plains,farmlands,applied_weak_bitmap
2774,659,c_unthalass,b_narr,no,farmlands,plains,farmlands,applied_weak_bitmap
2775,659,c_unthalass,b_barina,no,farmlands,plains,farmlands,applied_weak_bitmap
2780,2453,c_tomb_hills,b_nuz,yes,hills,hills,hills,already_agreed
2781,2453,c_tomb_hills,b_tell_keggri,no,hills,plains,hills,applied_weak_bitmap
2782,2453,c_tomb_hills,b_unzez_os,no,hills,plains,hills,applied_weak_bitmap
2783,664,c_firetrees,b_firetrees,yes,hills,plains,hills,applied_capital
2784,664,c_firetrees,b_kingsarch,no,hills,plains,hills,applied_weak_bitmap
2785,664,c_firetrees,b_sige,no,hills,plains,hills,applied_weak_bitmap
2789,658,c_ship_of_the_gods,b_eye_of_insight,yes,coastal,plains,plains,kept_rule
2802,665,c_angol,b_angol,yes,farmlands,plains,farmlands,applied_capital
2803,665,c_angol,b_arojas,no,farmlands,plains,farmlands,applied_weak_bitmap
2804,1754,c_quretta,b_quretta,yes,farmlands,plains,farmlands,applied_capital
2805,2460,c_ashfields,b_niltuk,yes,farmlands,plains,farmlands,applied_capital
2806,2460,c_ashfields,b_gilamuth,no,farmlands,plains,farmlands,applied_weak_bitmap
2809,663,c_kaoll,b_kaoll,yes,farmlands,plains,farmlands,applied_capital
2810,663,c_kaoll,b_chiosina,no,farmlands,plains,farmlands,applied_weak_bitmap
2811,2458,c_sekras,b_sekras,yes,farmlands,plains,farmlands,applied_capital
2812,2458,c_sekras,b_ruinspoke,no,farmlands,plains,farmlands,applied_weak_bitmap
2813,2458,c_sekras,b_oss,no,farmlands,plains,farmlands,applied_weak_bitmap
2819,2452,c_smoking_mountains,b_arsof,yes,mountain,hills,mountains,applied_capital
2820,2452,c_smoking_mountains,b_citadel_of_black_ash,no,mountain,hills,hills,kept_strong_bitmap
2821,667,c_black_ash_plain,b_ashenstars,yes,desert,desert,desert,already_agreed
2822,673,c_uthangol,b_uthangol,yes,hills,plains,hills,applied_capital
2823,673,c_uthangol,b_ari_ethos,no,hills,plains,hills,applied_weak_bitmap
2824,2459,c_riders_to_the_sky,b_shuruppak,yes,mountain,hills,mountains,applied_capital
2825,670,c_sadamzar,b_sadamzar,yes,farmlands,plains,farmlands,applied_capital
2826,670,c_sadamzar,b_outava,no,farmlands,plains,farmlands,applied_weak_bitmap
2827,662,c_methwood,b_methwood,yes,forest,plains,forest,applied_capital
2828,2454,c_east_methwood,b_myth_valorthae,yes,forest,plains,forest,applied_capital
2834,1121,c_thonns_fist,b_thonns_fist,yes,coastal,plains,plains,kept_rule
2835,1416,c_shamandra,b_shamandra,yes,coastal,plains,plains,kept_rule
2836,1030,c_laothkund,b_laothkund,yes,marsh,plains,wetlands,applied_capital
2837,1030,c_laothkund,b_enus,no,marsh,plains,wetlands,applied_weak_bitmap
2838,1052,c_taskaunt,b_taskaunt,yes,marsh,wetlands,wetlands,already_agreed
2839,1052,c_taskaunt,b_lasdur,no,marsh,plains,wetlands,applied_weak_bitmap
2840,1053,c_tilbrand,b_tilbrand,yes,marsh,plains,wetlands,applied_capital
2841,1053,c_tilbrand,b_ritherhithe,no,marsh,plains,wetlands,applied_weak_bitmap
2842,2495,c_nethra,b_nethra,yes,marsh,wetlands,wetlands,already_agreed
2843,2495,c_nethra,b_teth,no,marsh,plains,wetlands,applied_weak_bitmap
2844,1014,c_umber_marsh,b_autumant,yes,marsh,wetlands,wetlands,already_agreed
2856,580,c_soorenar,b_soorenar,yes,farmlands,plains,farmlands,applied_capital
2857,580,c_soorenar,b_pleham,no,farmlands,plains,farmlands,applied_weak_bitmap
2858,580,c_soorenar,b_arikrlundr,no,farmlands,plains,farmlands,applied_weak_bitmap
2864,628,c_maerchwoods,b_calmaersor,yes,forest,plains,forest,applied_capital
2866,629,c_maerduuth,b_maerduuth,yes,hills,hills,hills,already_agreed
2867,629,c_maerduuth,b_uslin,no,hills,hills,hills,already_agreed
2868,629,c_maerduuth,b_saden,no,hills,hills,hills,already_agreed
2869,630,c_akanax,b_akanax,yes,hills,plains,hills,applied_capital
2870,630,c_akanax,b_tulach,no,hills,plains,hills,applied_weak_bitmap
2871,617,c_avax,b_avax,yes,hills,plains,hills,applied_capital
2872,617,c_avax,b_tevilla,no,hills,hills,hills,already_agreed
2873,2432,c_maerwatch,b_chelms_roost,yes,hills,hills,hills,already_agreed
2874,2432,c_maerwatch,b_mantan,no,hills,hills,hills,already_agreed
2875,623,c_luthcheq,b_war_college,yes,farmlands,plains,farmlands,applied_capital
2876,623,c_luthcheq,b_luthcheq,no,farmlands,plains,farmlands,applied_weak_bitmap
2877,623,c_luthcheq,b_house_of_tchazzar,no,farmlands,plains,farmlands,applied_weak_bitmap
2878,2433,c_heptios,b_heptios,yes,hills,plains,hills,applied_capital
2879,2433,c_heptios,b_nekala,no,hills,plains,hills,applied_weak_bitmap
2880,671,c_adder_swamp,b_baex,yes,marsh,wetlands,wetlands,already_agreed
2881,624,c_mordulkin,b_mordulkin,yes,farmlands,plains,farmlands,applied_capital
2882,624,c_mordulkin,b_toreus,no,farmlands,plains,farmlands,applied_weak_bitmap
2886,632,c_thulbane,b_thulbane,yes,hills,hills,hills,already_agreed
2887,2417,c_fields_of_pryollus,b_aktyn,yes,hills,plains,hills,applied_capital
2888,2417,c_fields_of_pryollus,b_gonnach,no,hills,plains,hills,applied_weak_bitmap
2889,634,c_jade_hills,b_askix,yes,hills,plains,hills,applied_capital
2890,634,c_jade_hills,b_bratun,no,hills,hills,hills,already_agreed
2891,634,c_jade_hills,b_leeside,no,hills,plains,hills,applied_weak_bitmap
2893,3,c_daggerford,b_ducal_castle,yes,farmlands,plains,farmlands,applied_capital
2894,3,c_daggerford,b_daggerford,no,farmlands,plains,farmlands,applied_weak_bitmap
2895,3,c_daggerford,b_morninglow_tower,no,farmlands,plains,farmlands,applied_weak_bitmap
2896,1163,c_bowshot,b_bowshot,yes,farmlands,plains,farmlands,applied_capital
2897,1163,c_bowshot,b_gillians_hill,no,farmlands,hills,hills,kept_strong_bitmap
2898,1163,c_bowshot,b_roosting_griffon,no,farmlands,plains,farmlands,applied_weak_bitmap
2899,1410,c_lizard_marsh,b_cromms_hold,yes,marsh,wetlands,wetlands,already_agreed
2900,1410,c_lizard_marsh,b_rock_island,no,marsh,wetlands,wetlands,already_agreed
2901,22,c_ardeepsward,b_floshin_manor,yes,farmlands,plains,farmlands,applied_capital
2902,22,c_ardeepsward,b_the_selpir,no,farmlands,hills,hills,kept_strong_bitmap
2903,1448,c_open_marches,b_seatower_of_ilinyth,yes,plains,plains,plains,already_agreed
2904,1448,c_open_marches,b_scathril,no,plains,plains,plains,already_agreed
2905,1448,c_open_marches,b_moon_isle,no,plains,plains,plains,already_agreed
2906,58,c_trollbark_forest,b_watchtower_of_syorathil,yes,forest,plains,forest,applied_capital
2907,58,c_trollbark_forest,b_fiddlers_pass,no,forest,plains,forest,applied_weak_bitmap
2908,58,c_trollbark_forest,b_banshee_woods,no,forest,plains,forest,applied_weak_bitmap
2909,1696,c_orbedal,b_orbedal_tower,yes,hills,plains,hills,applied_capital
2910,385,c_misty_forest,b_altand,yes,forest,plains,forest,applied_capital
2911,385,c_misty_forest,b_elderstone,no,forest,hills,hills,kept_strong_bitmap
2912,1707,c_eldaths_water,b_eldaths_water,yes,forest,plains,forest,applied_capital
2913,112,c_evereska,b_cloudcrown,yes,mountain,hills,mountains,applied_capital
2914,112,c_evereska,b_evereska,no,mountain,hills,hills,kept_strong_bitmap
2915,112,c_evereska,b_shaeradim,no,mountain,hills,hills,kept_strong_bitmap
2916,112,c_evereska,b_the_sisters,no,mountain,hills,hills,kept_strong_bitmap
2917,112,c_evereska,b_fountainheart_of_shimmering_gold,no,mountain,hills,hills,kept_strong_bitmap
2918,113,c_greycloak_hills,b_greyhome,yes,hills,hills,hills,already_agreed
2919,113,c_greycloak_hills,b_halfway_inn,no,hills,plains,hills,applied_weak_bitmap
2920,101,c_najara,b_ssthartissssum,yes,hills,plains,hills,applied_capital
2922,102,c_forest_of_wyrms,b_serpents_cowl,yes,forest,plains,forest,applied_capital
2923,97,c_serpent_hills,b_sskhanaja,yes,hills,hills,hills,already_agreed
2924,111,c_chelimber,b_dunkapple_castle,yes,marsh,wetlands,wetlands,already_agreed
2926,109,c_lonely_moor,b_aumvors_castle,yes,hills,wetlands,hills,applied_capital
2927,110,c_forgotten_forest,b_oaksong_tower,yes,forest,hills,forest,applied_capital
2928,1238,c_battle_of_bones,b_keep_of_pale_night,yes,hills,plains,hills,applied_capital
2930,115,c_well_of_dragons,b_well_of_dragons,yes,hills,plains,hills,applied_capital
2931,115,c_well_of_dragons,b_lady_dove,no,hills,hills,hills,already_agreed
2932,115,c_well_of_dragons,b_skull_gorge,no,hills,plains,hills,applied_weak_bitmap
2935,6,c_dragonspear,b_dragonspear_castle,yes,plains,plains,plains,already_agreed
2937,68,c_ebenfar,b_ebenfar,yes,hills,hills,hills,already_agreed
2938,68,c_ebenfar,b_hark,no,hills,hills,hills,already_agreed
2939,98,c_hammer_hall,b_hammer_hall,yes,hills,hills,hills,already_agreed
2940,99,c_the_rockshaws,b_greenleaf_vale,yes,hills,hills,hills,already_agreed
2941,2439,c_westfells,b_mistfells,yes,hills,hills,hills,already_agreed
2942,1706,c_orogoth,b_orogoth,yes,hills,hills,hills,already_agreed
2943,104,c_llorkh,b_llorkh,yes,hills,taiga,hills,applied_capital
2944,104,c_llorkh,b_iron_hill,no,hills,hills,hills,already_agreed
2945,1151,c_dawn_pass,b_parnast,yes,hills,hills,hills,already_agreed
2946,1151,c_dawn_pass,b_dawn_pass,no,hills,hills,hills,already_agreed
2950,60,c_southwood,b_highluthholt,yes,forest,plains,forest,applied_capital
2969,1304,c_sorghum_fields,b_lo_pan,yes,farmlands,wetlands,farmlands,applied_capital
2970,1304,c_sorghum_fields,b_xinhai,no,farmlands,wetlands,wetlands,kept_strong_bitmap
2987,1772,c_zhoman,b_zhoman,yes,hills,hills,hills,already_agreed
2992,1372,c_akshu,b_akshu,yes,forest,hills,forest,applied_capital
2993,1372,c_akshu,b_mudanxing,no,forest,plains,forest,applied_weak_bitmap
2994,1372,c_akshu,b_qingmay,no,forest,plains,forest,applied_weak_bitmap
3055,1695,c_kuo_meilan,b_kuo_meilan,yes,plains,steppe,plains,applied_capital
3069,1366,c_kochung,b_kochung,yes,forest,plains,forest,applied_capital
3070,1366,c_kochung,b_hengwei,no,forest,jungle,jungle,kept_strong_bitmap
3077,1365,c_yao_sai,b_yao_sai,yes,forest,jungle,forest,applied_capital
3078,1365,c_yao_sai,b_baohou,no,forest,jungle,jungle,kept_strong_bitmap
3084,1370,c_taishan,b_taishan,yes,forest,plains,forest,applied_capital
3085,1370,c_taishan,b_nanxing,no,forest,plains,forest,applied_weak_bitmap
3086,1371,c_saigai,b_saigai,yes,forest,jungle,forest,applied_capital
3087,1371,c_saigai,b_tenghai,no,forest,plains,forest,applied_weak_bitmap
3088,1371,c_saigai,b_hunhai,no,forest,jungle,jungle,kept_strong_bitmap
3116,854,c_sentinel_spire,b_fortress_of_the_old_man,yes,mountain,hills,mountains,applied_capital
3117,854,c_sentinel_spire,b_budaarcha,no,mountain,steppe,steppe,kept_strong_bitmap
3118,854,c_sentinel_spire,b_chintshen,no,mountain,steppe,steppe,kept_strong_bitmap
3132,885,c_hatgiainli,b_hatgiainli,yes,forest,taiga,forest,applied_capital
3133,1780,c_abarun,b_abarun,yes,arctic,taiga,taiga,already_agreed
3140,876,c_nagoo,b_nagoo,yes,hills,hills,hills,already_agreed
3143,893,c_bara,b_bara,yes,hills,desert,hills,applied_capital
3169,858,c_umberwood,b_byog,yes,forest,forest,forest,already_agreed
3170,1783,c_bahat,b_bahat,yes,forest,forest,forest,already_agreed
3171,2307,c_the_great_spire,b_treley,yes,coastal,taiga,taiga,kept_rule
3177,1322,c_kuning,b_simbilan,yes,jungle,jungle,jungle,already_agreed
3178,1762,c_aval,b_potong,yes,jungle,forest,jungle,applied_capital
3180,2488,c_jakadiri,b_thapadan,yes,jungle,jungle,jungle,already_agreed
3181,2487,c_panjang_river,b_kanori,yes,jungle,forest,jungle,applied_capital
3182,2489,c_detar_land,b_saridang,yes,jungle,forest,jungle,applied_capital
3183,2490,c_chulacca,b_barit,yes,jungle,jungle,jungle,already_agreed
3184,2491,c_lunru,b_tapakgan,yes,jungle,forest,jungle,applied_capital
3185,1167,c_hernes_wood,b_funashi,yes,jungle,jungle,jungle,already_agreed
3186,1190,c_anktarina,b_anktarina,yes,plains,plains,plains,already_agreed
3187,1761,c_upper_sempadan,b_amithiph,yes,jungle,forest,jungle,applied_capital
3188,1170,c_tshalkha,b_tshalkha,yes,jungle,plains,jungle,applied_capital
3189,2331,c_senia_plateau,b_senia,yes,mountain,hills,mountains,applied_capital
3190,1168,c_jhalolokati,b_jhalolokati,yes,jungle,plains,jungle,applied_capital
3192,1169,c_odesh,b_battachi,yes,jungle,forest,jungle,applied_capital
3193,1520,c_bukitega,b_bukitega,yes,jungle,plains,jungle,applied_capital
3194,1519,c_narodara,b_narodara,yes,jungle,plains,jungle,applied_capital
3195,1389,c_silapathar,b_silapathar,yes,jungle,jungle,jungle,already_agreed
3198,1511,c_jeranjah,b_jeranjah,yes,jungle,jungle,jungle,already_agreed
3199,1510,c_samphos,b_samphos,yes,jungle,jungle,jungle,already_agreed
3200,1518,c_tayabuk,b_tayabuk,yes,jungle,plains,jungle,applied_capital
3201,1517,c_nathenje,b_nathenje,yes,jungle,plains,jungle,applied_capital
3202,1505,c_kajiaruti,b_kajiaruti,yes,jungle,jungle,jungle,already_agreed
3203,1506,c_hudariyah,b_hudariyah,yes,jungle,jungle,jungle,already_agreed
3204,1508,c_sigram,b_sigram,yes,jungle,jungle,jungle,already_agreed
3205,1504,c_al_hanieh,b_al_hanieh,yes,jungle,plains,jungle,applied_capital
3206,1507,c_giniracha,b_giniracha,yes,coastal,plains,plains,kept_rule
3207,1514,c_nawal,b_nawal,yes,jungle,plains,jungle,applied_capital
3208,1513,c_tadabbur,b_tadabbur,yes,jungle,jungle,jungle,already_agreed
3209,1513,c_tadabbur,b_al_hamidiyah,no,jungle,plains,jungle,applied_weak_bitmap
3210,1513,c_tadabbur,b_ronralal,no,jungle,jungle,jungle,already_agreed
3211,1515,c_gimise,b_gimise,yes,jungle,plains,jungle,applied_capital
3213,1509,c_sariban,b_sariban,yes,jungle,plains,jungle,applied_capital
3214,1467,c_huzuz,b_huzuz,yes,farmlands,plains,farmlands,applied_capital
3215,1467,c_huzuz,b_gamremah,no,farmlands,desert,desert,kept_strong_bitmap
3216,1467,c_huzuz,b_sadabad,no,farmlands,plains,farmlands,applied_weak_bitmap
3250,1453,c_hiyal,b_hiyal,yes,farmlands,plains,farmlands,applied_capital
3251,1453,c_hiyal,b_jurdaiya,no,farmlands,plains,farmlands,applied_weak_bitmap
3252,1453,c_hiyal,b_hamuwa,no,farmlands,plains,farmlands,applied_weak_bitmap
3253,1453,c_hiyal,b_sabus,no,farmlands,plains,farmlands,applied_weak_bitmap
3265,1474,c_fahhas,b_fahhas,yes,farmlands,plains,farmlands,applied_capital
3266,1474,c_fahhas,b_sabam,no,farmlands,plains,farmlands,applied_weak_bitmap
3267,1474,c_fahhas,b_shamai,no,farmlands,desert,desert,kept_strong_bitmap
3277,1476,c_hitan_island,b_sibbaqiyah,yes,coastal,desert,desert,kept_rule
3278,1475,c_sumuk_island,b_alarah,yes,coastal,desert,desert,kept_rule
3279,2375,c_risha,b_al_jarracha,yes,coastal,desert,desert,kept_rule
3280,1483,c_al_faraq_islands,b_faihakus,yes,coastal,desert,desert,kept_rule
3293,1471,c_hilm,b_hilm,yes,farmlands,plains,farmlands,applied_capital
3294,1471,c_hilm,b_zarwuya,no,farmlands,desert,desert,kept_strong_bitmap
3295,1471,c_hilm,b_raleem,no,farmlands,desert,desert,kept_strong_bitmap
3296,1471,c_hilm,b_as_bidbiyat,no,farmlands,desert,desert,kept_strong_bitmap
3302,1396,c_qudra,b_qudra,yes,farmlands,plains,farmlands,applied_capital
3303,1396,c_qudra,b_hamsaad,no,farmlands,plains,farmlands,applied_weak_bitmap
3304,1396,c_qudra,b_jawfah,no,farmlands,plains,farmlands,applied_weak_bitmap
3305,1396,c_qudra,b_ain_smafarik,no,farmlands,plains,farmlands,applied_weak_bitmap
3344,1563,c_tajar,b_tajar,yes,farmlands,plains,farmlands,applied_capital
3345,1563,c_tajar,b_baharoud,no,farmlands,desert,desert,kept_strong_bitmap
3346,1563,c_tajar,b_miladis,no,farmlands,desert,desert,kept_strong_bitmap
3361,945,c_muluk,b_muluk,yes,farmlands,plains,farmlands,applied_capital
3362,945,c_muluk,b_ashfah,no,farmlands,desert,desert,kept_strong_bitmap
3363,945,c_muluk,b_athuw,no,farmlands,desert,desert,kept_strong_bitmap
3365,2501,c_maharas_vale,b_maharas_vale,yes,mountain,hills,mountains,applied_capital
3369,950,c_hafaya,b_hafaya,yes,farmlands,plains,farmlands,applied_capital
3370,950,c_hafaya,b_yabah,no,farmlands,desert,desert,kept_strong_bitmap
3371,950,c_hafaya,b_umm_gafago,no,farmlands,desert,desert,kept_strong_bitmap
3372,950,c_hafaya,b_dammaydah,no,farmlands,desert,desert,kept_strong_bitmap
3385,2500,c_mazat,b_mazat,yes,mountain,hills,mountains,applied_capital
3386,940,c_hawa,b_hawa,yes,coastal,plains,plains,kept_rule
3387,940,c_hawa,b_safe_cove,no,coastal,plains,plains,kept_rule
3388,940,c_hawa,b_diraraht,no,coastal,desert,desert,kept_rule
3389,940,c_hawa,b_tissemgara,no,coastal,plains,plains,kept_rule
3390,939,c_ghajar,b_ghajar,yes,coastal,plains,plains,kept_rule
3391,939,c_ghajar,b_muscat,no,coastal,plains,plains,kept_rule
3392,941,c_the_eyes,b_al_oyun,yes,coastal,desert,desert,kept_rule
3393,941,c_the_eyes,b_mabb,no,coastal,plains,plains,kept_rule
3394,942,c_al_azra,b_al_azra,yes,coastal,desert,desert,kept_rule
3395,942,c_al_azra,b_khanala,no,coastal,plains,plains,kept_rule
3396,943,c_al_harir,b_al_harir,yes,coastal,plains,plains,kept_rule
3397,943,c_al_harir,b_sedfan,no,coastal,desert,desert,kept_rule
3398,944,c_the_wizards_reach,b_ghadal,yes,coastal,plains,plains,kept_rule
3399,944,c_the_wizards_reach,b_kaha,no,coastal,desert,desert,kept_rule
3400,1218,c_nemoree_isles,b_nemoree_high,yes,coastal,plains,plains,kept_rule
3401,1124,c_far_nemoree,b_far_nemoree,yes,coastal,plains,plains,kept_rule
3402,934,c_the_bird,b_al_tir,yes,coastal,desert,desert,kept_rule
3403,934,c_the_bird,b_quyah,no,coastal,desert,desert,kept_rule
3404,1351,c_lahib_island,b_lahib,yes,coastal,desert,desert,kept_rule
3405,935,c_the_dancer,b_al_raqsa,yes,coastal,desert,desert,kept_rule
3406,935,c_the_dancer,b_kerkejez,no,coastal,desert,desert,kept_rule
3407,1339,c_the_fortress,b_al_qalat,yes,coastal,desert,desert,kept_rule
3408,1339,c_the_fortress,b_rouinet,no,coastal,desert,desert,kept_rule
3409,1538,c_dahab_island,b_al_fujinat,yes,coastal,desert,desert,kept_rule
3410,936,c_the_dune,b_jarazah,no,coastal,desert,desert,kept_rule
3411,938,c_the_camels_hump,b_ravenwing,yes,coastal,plains,plains,kept_rule
3412,938,c_the_camels_hump,b_daramabar,no,coastal,plains,plains,kept_rule
3413,937,c_the_chador,b_muzefroun,yes,coastal,plains,plains,kept_rule
3414,937,c_the_chador,b_as_saniyah,no,coastal,plains,plains,kept_rule
3426,2119,c_kiasia,b_kiasia,yes,jungle,forest,jungle,applied_capital
3427,2119,c_kiasia,b_maligi,no,jungle,hills,hills,kept_strong_bitmap
3428,2119,c_kiasia,b_gisetara,no,jungle,jungle,jungle,already_agreed
3432,2117,c_mekebat,b_mekebat,yes,jungle,plains,jungle,applied_capital
3433,2117,c_mekebat,b_indole,no,jungle,plains,jungle,applied_weak_bitmap
3434,2117,c_mekebat,b_kinana,no,jungle,forest,forest,kept_strong_bitmap
3435,2372,c_ndoto,b_morgala,yes,coastal,desert,desert,kept_rule
3436,2373,c_nyangumi,b_chalasam,yes,coastal,desert,desert,kept_rule
3437,2369,c_kupoteza,b_kupote,yes,coastal,plains,plains,kept_rule
3438,2370,c_damu,b_emu,yes,coastal,desert,desert,kept_rule
3439,2371,c_mnyama,b_morgu,yes,coastal,desert,desert,kept_rule
3440,2368,c_amekufa,b_kufa,yes,coastal,desert,desert,kept_rule
3441,2368,c_amekufa,b_amekufa,no,coastal,desert,desert,kept_rule
3442,2368,c_amekufa,b_mukafa,no,coastal,plains,plains,kept_rule
3443,2366,c_ardhi_kavu,b_kavu,yes,coastal,plains,plains,kept_rule
3444,2366,c_ardhi_kavu,b_luvu,no,coastal,desert,desert,kept_rule
3445,2367,c_hasira,b_shasira,yes,coastal,desert,desert,kept_rule
3446,2367,c_hasira,b_kashira,no,coastal,desert,desert,kept_rule
3447,2367,c_hasira,b_loshina,no,coastal,desert,desert,kept_rule
3448,2116,c_belhancol,b_belhancol,yes,coastal,desert,desert,kept_rule
3449,2116,c_belhancol,b_morosi,no,coastal,desert,desert,kept_rule
3450,2116,c_belhancol,b_mtwabako,no,coastal,desert,desert,kept_rule
3451,2390,c_moraan,b_moraan,yes,coastal,desert,desert,kept_rule
3452,2390,c_moraan,b_rini,no,coastal,desert,desert,kept_rule
3453,2390,c_moraan,b_babondo,no,coastal,desert,desert,kept_rule
3454,1624,c_wahasha,b_wanrifa,yes,coastal,desert,desert,kept_rule
3455,1622,c_almawt,b_marmadani,yes,coastal,desert,desert,kept_rule
3456,1623,c_sharira,b_farahah,yes,coastal,desert,desert,kept_rule
3465,1528,c_medina_al_afyal,b_medina_al_afyal,yes,jungle,plains,jungle,applied_capital
3466,1528,c_medina_al_afyal,b_gimba,no,jungle,jungle,jungle,already_agreed
3467,1528,c_medina_al_afyal,b_kayunhunga,no,jungle,hills,hills,kept_strong_bitmap
3468,1527,c_kasal,b_kasal,yes,jungle,plains,jungle,applied_capital
3469,1527,c_kasal,b_lyareka,no,jungle,jungle,jungle,already_agreed
3470,1521,c_al_kurtum,b_al_kurtum,yes,jungle,plains,jungle,applied_capital
3471,1522,c_bab_al_gaba,b_bab_al_gaba,yes,jungle,plains,jungle,applied_capital
3472,1522,c_bab_al_gaba,b_gadin,no,jungle,jungle,jungle,already_agreed
3473,1525,c_al_asirr,b_al_asirr,yes,jungle,jungle,jungle,already_agreed
3474,1525,c_al_asirr,b_bashera,no,jungle,jungle,jungle,already_agreed
3475,1525,c_al_asirr,b_taxal,no,jungle,plains,jungle,applied_weak_bitmap
3476,1523,c_the_calves,b_the_calves,yes,coastal,jungle,jungle,kept_rule
3477,1524,c_nahr_al_fil,b_nahr_al_fil,yes,jungle,plains,jungle,applied_capital
3478,1524,c_nahr_al_fil,b_bahandri,no,jungle,plains,jungle,applied_weak_bitmap
3479,1526,c_horn_of_afyal,b_horn_of_afyal,yes,jungle,plains,jungle,applied_capital
3480,1526,c_horn_of_afyal,b_wazikkar,no,jungle,plains,jungle,applied_weak_bitmap
3493,1593,c_maribar_island,b_samak,yes,coastal,desert,desert,kept_rule
3499,1596,c_pearl_banks,b_durrar,yes,coastal,plains,plains,kept_rule
3500,1605,c_ajayib,b_ajayib,yes,farmlands,plains,farmlands,applied_capital
3501,1605,c_ajayib,b_sadabulus,no,farmlands,plains,farmlands,applied_weak_bitmap
3502,1605,c_ajayib,b_buni,no,farmlands,plains,farmlands,applied_weak_bitmap
3525,1495,c_dawihi_island,b_sagat,yes,coastal,plains,plains,kept_rule
3529,1500,c_mahazaka,b_mahazaka,yes,jungle,jungle,jungle,already_agreed
3530,1503,c_tayaraan,b_tayaraan,yes,jungle,jungle,jungle,already_agreed
3531,1503,c_tayaraan,b_momayo,no,jungle,jungle,jungle,already_agreed
3532,1503,c_tayaraan,b_senza,no,jungle,jungle,jungle,already_agreed
3559,1613,c_naqq_and_qutil,b_al_ralilah,yes,coastal,plains,plains,kept_rule
3560,1615,c_eayan_aljunun,b_al_bariya,yes,coastal,plains,plains,kept_rule
3561,1614,c_thueban,b_al_dawhawa,yes,coastal,plains,plains,kept_rule
3562,2169,c_dirs,b_saasakhoura,yes,coastal,plains,plains,kept_rule
3563,1611,c_anklis_and_qusur,b_tall_fallunawa,yes,coastal,plains,plains,kept_rule
3564,1612,c_manhus_and_saliam,b_al_hamim,yes,coastal,plains,plains,kept_rule
3565,1610,c_dabab,b_al_sisarran,yes,coastal,plains,plains,kept_rule
3566,2166,c_al_zabdiyat,b_qudana,yes,coastal,plains,plains,kept_rule
3567,2167,c_masud_jazayir,b_bandar_al_saadat,yes,coastal,plains,plains,kept_rule
3568,1607,c_al_tarik_islands,b_bidbooth,yes,coastal,desert,desert,kept_rule
3569,2374,c_sayf,b_mahaireb,yes,coastal,desert,desert,kept_rule
3570,1608,c_tarikat_island,b_kharaifat,yes,coastal,desert,desert,kept_rule
3571,2168,c_jazayir_al_alfar,b_suralah,yes,coastal,plains,plains,kept_rule
3572,1531,c_uruk,b_uruk,yes,jungle,plains,jungle,applied_capital
3573,1531,c_uruk,b_jemdet,no,jungle,jungle,jungle,already_agreed
3574,1531,c_uruk,b_warka,no,jungle,plains,jungle,applied_weak_bitmap
3575,1532,c_misbahd,b_misbahd,yes,jungle,plains,jungle,applied_capital
3576,1532,c_misbahd,b_lakar,no,jungle,plains,jungle,applied_weak_bitmap
3577,1532,c_misbahd,b_adaba,no,jungle,plains,jungle,applied_weak_bitmap
3578,1530,c_jinutt,b_jinutt,yes,jungle,plains,jungle,applied_capital
3579,1530,c_jinutt,b_sarhak,no,jungle,plains,jungle,applied_weak_bitmap
3580,1530,c_jinutt,b_aprech,no,jungle,plains,jungle,applied_weak_bitmap
3581,1533,c_rubbans_tears,b_al_maralem,yes,coastal,plains,plains,kept_rule
3583,1618,c_jezarh_jadew,b_jebafi,yes,coastal,plains,plains,kept_rule
3584,1621,c_bender_adewah,b_tall_kuthah,yes,coastal,plains,plains,kept_rule
3585,1619,c_jezarh_shemshar,b_al_qusanawat,yes,coastal,jungle,jungle,kept_rule
3586,1620,c_bender_berdh,b_el_gamahimiya,yes,coastal,plains,plains,kept_rule
3587,2165,c_leneta,b_bidburaq,yes,coastal,plains,plains,kept_rule
3588,1534,c_jezarh_mar,b_dawarout,yes,coastal,jungle,jungle,kept_rule
3589,2163,c_mergu_saah,b_madirah,yes,coastal,plains,plains,kept_rule
3590,2162,c_jezarh_mah_alewd,b_amudani,yes,coastal,plains,plains,kept_rule
3591,1535,c_serzeman_bamar,b_al_salakamah,yes,coastal,plains,plains,kept_rule
3592,2164,c_jezarh_restakhaz,b_karza,yes,coastal,plains,plains,kept_rule
3593,2493,c_menzoberranzan,b_quellarzorl,yes,subterranean,taiga,mountains,applied_capital
3594,2503,c_ched_nasad,b_ched_nasad,yes,subterranean,mountains,mountains,already_agreed
3595,2494,c_bauthwaf,b_the_mantle,yes,subterranean,forest,mountains,applied_capital
3596,306,c_mt_hotenow,b_glaurimm_keep,yes,mountain,forest,mountains,applied_capital
3597,306,c_mt_hotenow,b_gauntlgrym,no,mountain,mountains,mountains,already_agreed
3598,2502,c_gracklstugh,b_gracklstugh,yes,subterranean,wetlands,mountains,applied_capital
3599,2443,c_eryndlyn,b_eryndlyn,yes,subterranean,hills,mountains,applied_capital
3600,2443,c_eryndlyn,b_five_pillars,no,subterranean,hills,hills,kept_strong_bitmap
3601,2445,c_kanaglym,b_kanaglym,yes,subterranean,hills,mountains,applied_capital
3602,2445,c_kanaglym,b_nepenthe_basin,no,subterranean,hills,hills,kept_strong_bitmap
3603,2445,c_kanaglym,b_hunnabar,no,subterranean,hills,hills,kept_strong_bitmap
3604,2241,c_dolblunde,b_dolblunde,yes,subterranean,hills,mountains,applied_capital
3605,2441,c_splendarrmornn,b_adamantine_palace,yes,subterranean,mountains,mountains,already_agreed
3606,2441,c_splendarrmornn,b_splendarrmornn,no,subterranean,hills,hills,kept_strong_bitmap
3607,2441,c_splendarrmornn,b_westdelve,no,subterranean,hills,hills,kept_strong_bitmap
3608,1408,c_loagrann,b_deadstone_cleft,yes,mountain,hills,mountains,applied_capital
3609,1408,c_loagrann,b_orlbar,no,mountain,taiga,taiga,kept_strong_bitmap
3610,2474,c_east_keep,b_east_keep,yes,subterranean,mountains,mountains,already_agreed
3611,2474,c_east_keep,b_wyrmstrike_mines,no,subterranean,mountains,mountains,already_agreed
3612,2474,c_east_keep,b_mithril_pick_hall,no,subterranean,mountains,mountains,already_agreed
3613,2477,c_north_peak,b_north_peak,yes,subterranean,hills,mountains,applied_capital
3614,2477,c_north_peak,b_fellridge,no,subterranean,hills,hills,kept_strong_bitmap
3615,2477,c_north_peak,b_vigilant_towers,no,subterranean,hills,hills,kept_strong_bitmap
3616,1407,c_high_gap,b_obrynns_landing,yes,mountain,hills,mountains,applied_capital
3617,1407,c_high_gap,b_lothamar,no,mountain,hills,hills,kept_strong_bitmap
3618,2442,c_nether_mountains,b_nether_keep,yes,subterranean,hills,mountains,applied_capital
3619,2442,c_nether_mountains,b_ammarindar,no,subterranean,hills,hills,kept_strong_bitmap
3620,2446,c_yaunoroth,b_citadel_yaunoroth,yes,subterranean,mountains,mountains,already_agreed
3621,2446,c_yaunoroth,b_yaunoroth,no,subterranean,mountains,mountains,already_agreed
3622,2446,c_yaunoroth,b_helmmas_hall,no,subterranean,mountains,mountains,already_agreed
3623,1449,c_dekanter,b_dekanter,yes,subterranean,mountains,mountains,already_agreed
3624,1449,c_dekanter,b_dethdor,no,subterranean,mountains,mountains,already_agreed
3625,1150,c_naurogloth,b_rrinlurgh,yes,mountain,hills,mountains,applied_capital
3626,1150,c_naurogloth,b_sstharalam,no,mountain,hills,hills,kept_strong_bitmap
3627,1150,c_naurogloth,b_sstissamuun,no,mountain,hills,hills,kept_strong_bitmap
3628,1340,c_ironfang_deep,b_ironfang_deep,yes,subterranean,mountains,mountains,already_agreed
3629,1340,c_ironfang_deep,b_thogh,no,subterranean,mountains,mountains,already_agreed
3630,1340,c_ironfang_deep,b_zigila,no,subterranean,mountains,mountains,already_agreed
3631,1340,c_ironfang_deep,b_dhoggari,no,subterranean,mountains,mountains,already_agreed
3632,1342,c_bronzehelms,b_bronzehelms,yes,subterranean,hills,mountains,applied_capital
3633,1342,c_bronzehelms,b_bigwahr,no,subterranean,hills,hills,kept_strong_bitmap
3634,1341,c_old_drivendelve,b_drivendelve,yes,subterranean,mountains,mountains,already_agreed
3635,1341,c_old_drivendelve,b_khagkohldur,no,subterranean,mountains,mountains,already_agreed
3636,2506,c_dunspeirrin,b_dunspeirrin,yes,subterranean,mountains,mountains,already_agreed
3637,2505,c_drik_hargunen,b_drik_hargunen,yes,subterranean,mountains,mountains,already_agreed
3638,2505,c_drik_hargunen,b_ferugehk,no,subterranean,mountains,mountains,already_agreed
3639,2505,c_drik_hargunen,b_orefall_cavern,no,subterranean,mountains,mountains,already_agreed
3642,2560,c_undraeth,b_undraeth,yes,subterranean,mountains,mountains,already_agreed
3643,2523,c_fireforges,b_fireforges,yes,subterranean,mountains,mountains,already_agreed
3644,2523,c_fireforges,b_chund_peak,no,subterranean,mountains,mountains,already_agreed
3645,2522,c_khaelud,b_khaelud,yes,subterranean,hills,mountains,applied_capital
3646,2522,c_khaelud,b_thordenak,no,subterranean,hills,hills,kept_strong_bitmap
3648,2558,c_deep_imaskar,b_planners_citadel,yes,subterranean,steppe,mountains,applied_capital
3649,2558,c_deep_imaskar,b_deep_imaskar,no,subterranean,hills,hills,kept_strong_bitmap
3650,2558,c_deep_imaskar,b_purple_library,no,subterranean,hills,hills,kept_strong_bitmap
3651,2518,c_qarlondrar,b_qarlondrar,yes,subterranean,mountains,mountains,already_agreed
3652,2518,c_qarlondrar,b_cave_of_sighs,no,subterranean,mountains,mountains,already_agreed
3653,2518,c_qarlondrar,b_gorfaern,no,subterranean,mountains,mountains,already_agreed
3654,851,c_firepeaks,b_siremun,yes,mountain,steppe,mountains,applied_capital
3655,851,c_firepeaks,b_natoigo,no,mountain,hills,hills,kept_strong_bitmap
3656,851,c_firepeaks,b_diarintarj,no,mountain,steppe,steppe,kept_strong_bitmap
3657,2521,c_raskuldin,b_raskuldin,yes,subterranean,mountains,mountains,already_agreed
3658,2521,c_raskuldin,b_gorduun,no,subterranean,mountains,mountains,already_agreed
3659,2521,c_raskuldin,b_skull_peak,no,subterranean,mountains,mountains,already_agreed
3660,2525,c_utuerth,b_utuerth,yes,hills,hills,hills,already_agreed
3661,2525,c_utuerth,b_white_sand,no,hills,steppe,steppe,kept_strong_bitmap
3662,2559,c_ikemmu,b_makthar,yes,subterranean,plains,mountains,applied_capital
3663,2559,c_ikemmu,b_pyton,no,subterranean,hills,hills,kept_strong_bitmap
3664,2520,c_ahruukar,b_ahruukar,yes,subterranean,hills,mountains,applied_capital
3665,2520,c_ahruukar,b_arau,no,subterranean,hills,hills,kept_strong_bitmap
3666,2520,c_ahruukar,b_vardetor,no,subterranean,mountains,mountains,already_agreed
3667,847,c_songfarla,b_songfarla,yes,hills,hills,hills,already_agreed
3668,847,c_songfarla,b_gilded_nugget,no,hills,hills,hills,already_agreed
3669,847,c_songfarla,b_covarrkar_cave,no,hills,hills,hills,already_agreed
3671,2519,c_harheldur,b_harheldur,yes,subterranean,mountains,mountains,already_agreed
3672,2519,c_harheldur,b_mordinsonn,no,subterranean,mountains,mountains,already_agreed
3673,2519,c_harheldur,b_firedelves,no,subterranean,mountains,mountains,already_agreed
3675,2450,c_maerimydra,b_castle_maerimydra,yes,subterranean,plains,mountains,applied_capital
3676,2451,c_zanhoriloch,b_castle_zanhoriloch,yes,subterranean,plains,mountains,applied_capital
3677,2451,c_zanhoriloch,b_mhorilot,no,subterranean,plains,mountains,applied_weak_bitmap
3680,2463,c_thunderholme,b_thunderholme,yes,subterranean,mountains,mountains,already_agreed
3681,2463,c_thunderholme,b_high_crimmond,no,subterranean,mountains,mountains,already_agreed
3682,2415,c_tethyamar,b_tethyamar,yes,subterranean,mountains,mountains,already_agreed
3683,2415,c_tethyamar,b_ironthrone,no,subterranean,mountains,mountains,already_agreed
3684,2415,c_tethyamar,b_helgrinns_arch,no,subterranean,mountains,mountains,already_agreed
3685,2469,c_turnback_mountain,b_aefarn_citadel,yes,subterranean,hills,mountains,applied_capital
3686,2469,c_turnback_mountain,b_aefarn,no,subterranean,hills,hills,kept_strong_bitmap
3687,2469,c_turnback_mountain,b_house_of_gold,no,subterranean,mountains,mountains,already_agreed
3695,2594,c_iltkazar,b_iltkazar,yes,subterranean,hills,mountains,applied_capital
3696,2594,c_iltkazar,b_mith_baraks_hall,no,subterranean,mountains,mountains,already_agreed
3697,2440,c_mount_sarengard,b_sarengard_keep,yes,subterranean,plains,mountains,applied_capital
3698,2440,c_mount_sarengard,b_vault_of_cloaked_midnight,no,subterranean,plains,mountains,applied_weak_bitmap
3699,2652,c_brightaxe_hall,b_brightaxe_hall,yes,subterranean,mountains,mountains,already_agreed
3700,2651,c_guallidurth,b_guallidurth,yes,subterranean,mountains,mountains,already_agreed
3701,2694,c_undermountain,b_the_mad_wizards_lair,yes,subterranean,mountains,mountains,already_agreed
3702,2697,c_lair_of_the_eye,b_lair_of_the_eye,yes,subterranean,hills,mountains,applied_capital
3703,2696,c_skullport,b_the_port,yes,subterranean,hills,mountains,applied_capital
3704,2695,c_sargauth,b_the_promenade,yes,subterranean,plains,mountains,applied_capital
