ck2_trait,source_file,reason
adopted,roleplaying_traits.txt,classified `comment` in docs/evidence/faerun_custom_traits.csv (Faerûn biography/roleplaying marker read only by CK2 events)
angered_patron,roleplaying_traits.txt,classified `comment` in docs/evidence/faerun_custom_traits.csv (Faerûn biography/roleplaying marker read only by CK2 events)
aoist_trait,religious_traits.txt,classified `comment` in docs/evidence/faerun_custom_traits.csv (Faerûn biography/roleplaying marker read only by CK2 events)
aristocrat,character_class_traits.txt,classified `comment` in docs/evidence/faerun_custom_traits.csv (Faerûn biography/roleplaying marker read only by CK2 events)
artificer,character_class_traits.txt,classified `comment` in docs/evidence/faerun_custom_traits.csv (Faerûn biography/roleplaying marker read only by CK2 events)
asexual,roleplaying_traits.txt,classified `comment` in docs/evidence/faerun_custom_traits.csv (Faerûn biography/roleplaying marker read only by CK2 events)
athar_trait,religious_traits.txt,classified `comment` in docs/evidence/faerun_custom_traits.csv (Faerûn biography/roleplaying marker read only by CK2 events)
atheist_trait,religious_traits.txt,classified `comment` in docs/evidence/faerun_custom_traits.csv (Faerûn biography/roleplaying marker read only by CK2 events)
avatar,religious_traits.txt,classified `comment` in docs/evidence/faerun_custom_traits.csv (Faerûn biography/roleplaying marker read only by CK2 events)
barbarian,character_class_traits.txt,classified `comment` in docs/evidence/faerun_custom_traits.csv (Faerûn biography/roleplaying marker read only by CK2 events)
bard,character_class_traits.txt,classified `comment` in docs/evidence/faerun_custom_traits.csv (Faerûn biography/roleplaying marker read only by CK2 events)
bio_aarin,z_biography_traits.txt,classified `comment` in docs/evidence/faerun_custom_traits.csv (Faerûn biography/roleplaying marker read only by CK2 events)
bio_abdel,z_biography_traits.txt,classified `comment` in docs/evidence/faerun_custom_traits.csv (Faerûn biography/roleplaying marker read only by CK2 events)
bio_abu_bakr,z_biography_traits.txt,classified `comment` in docs/evidence/faerun_custom_traits.csv (Faerûn biography/roleplaying marker read only by CK2 events)
bio_acererak,z_biography_traits.txt,classified `comment` in docs/evidence/faerun_custom_traits.csv (Faerûn biography/roleplaying marker read only by CK2 events)
bio_aerie,z_biography_traits.txt,classified `comment` in docs/evidence/faerun_custom_traits.csv (Faerûn biography/roleplaying marker read only by CK2 events)
bio_aeron,z_biography_traits.txt,classified `comment` in docs/evidence/faerun_custom_traits.csv (Faerûn biography/roleplaying marker read only by CK2 events)
bio_aida,z_biography_traits.txt,classified `comment` in docs/evidence/faerun_custom_traits.csv (Faerûn biography/roleplaying marker read only by CK2 events)
bio_ajantis,z_biography_traits.txt,classified `comment` in docs/evidence/faerun_custom_traits.csv (Faerûn biography/roleplaying marker read only by CK2 events)
bio_akar,z_biography_traits.txt,classified `comment` in docs/evidence/faerun_custom_traits.csv (Faerûn biography/roleplaying marker read only by CK2 events)
bio_alaundo,z_biography_traits.txt,classified `comment` in docs/evidence/faerun_custom_traits.csv (Faerûn biography/roleplaying marker read only by CK2 events)
bio_alias,z_biography_traits.txt,classified `comment` in docs/evidence/faerun_custom_traits.csv (Faerûn biography/roleplaying marker read only by CK2 events)
bio_alicia,z_biography_traits.txt,classified `comment` in docs/evidence/faerun_custom_traits.csv (Faerûn biography/roleplaying marker read only by CK2 events)
bio_alora,z_biography_traits.txt,classified `comment` in docs/evidence/faerun_custom_traits.csv (Faerûn biography/roleplaying marker read only by CK2 events)
bio_alphonse,z_biography_traits.txt,classified `comment` in docs/evidence/faerun_custom_traits.csv (Faerûn biography/roleplaying marker read only by CK2 events)
bio_alusair,z_biography_traits.txt,classified `comment` in docs/evidence/faerun_custom_traits.csv (Faerûn biography/roleplaying marker read only by CK2 events)
bio_alustriel,z_biography_traits.txt,classified `comment` in docs/evidence/faerun_custom_traits.csv (Faerûn biography/roleplaying marker read only by CK2 events)
bio_alvaerele,z_biography_traits.txt,classified `comment` in docs/evidence/faerun_custom_traits.csv (Faerûn biography/roleplaying marker read only by CK2 events)
bio_amaranth,z_biography_traits.txt,classified `comment` in docs/evidence/faerun_custom_traits.csv (Faerûn biography/roleplaying marker read only by CK2 events)
bio_amelyssan,z_biography_traits.txt,classified `comment` in docs/evidence/faerun_custom_traits.csv (Faerûn biography/roleplaying marker read only by CK2 events)
bio_ammon,z_biography_traits.txt,classified `comment` in docs/evidence/faerun_custom_traits.csv (Faerûn biography/roleplaying marker read only by CK2 events)
bio_anomen,z_biography_traits.txt,classified `comment` in docs/evidence/faerun_custom_traits.csv (Faerûn biography/roleplaying marker read only by CK2 events)
bio_anthraxus,z_biography_traits.txt,classified `comment` in docs/evidence/faerun_custom_traits.csv (Faerûn biography/roleplaying marker read only by CK2 events)
bio_aoth,z_biography_traits.txt,classified `comment` in docs/evidence/faerun_custom_traits.csv (Faerûn biography/roleplaying marker read only by CK2 events)
bio_araithe,z_biography_traits.txt,classified `comment` in docs/evidence/faerun_custom_traits.csv (Faerûn biography/roleplaying marker read only by CK2 events)
bio_arauthator,z_biography_traits.txt,classified `comment` in docs/evidence/faerun_custom_traits.csv (Faerûn biography/roleplaying marker read only by CK2 events)
bio_arcturia,z_biography_traits.txt,classified `comment` in docs/evidence/faerun_custom_traits.csv (Faerûn biography/roleplaying marker read only by CK2 events)
bio_aribeth,z_biography_traits.txt,classified `comment` in docs/evidence/faerun_custom_traits.csv (Faerûn biography/roleplaying marker read only by CK2 events)
bio_ariel,z_biography_traits.txt,classified `comment` in docs/evidence/faerun_custom_traits.csv (Faerûn biography/roleplaying marker read only by CK2 events)
bio_arietta,z_biography_traits.txt,classified `comment` in docs/evidence/faerun_custom_traits.csv (Faerûn biography/roleplaying marker read only by CK2 events)
bio_arilyn,z_biography_traits.txt,classified `comment` in docs/evidence/faerun_custom_traits.csv (Faerûn biography/roleplaying marker read only by CK2 events)
bio_artemis,z_biography_traits.txt,classified `comment` in docs/evidence/faerun_custom_traits.csv (Faerûn biography/roleplaying marker read only by CK2 events)
bio_artor,z_biography_traits.txt,classified `comment` in docs/evidence/faerun_custom_traits.csv (Faerûn biography/roleplaying marker read only by CK2 events)
bio_artus,z_biography_traits.txt,classified `comment` in docs/evidence/faerun_custom_traits.csv (Faerûn biography/roleplaying marker read only by CK2 events)
bio_arveiaturace,z_biography_traits.txt,classified `comment` in docs/evidence/faerun_custom_traits.csv (Faerûn biography/roleplaying marker read only by CK2 events)
bio_astarion,z_biography_traits.txt,classified `comment` in docs/evidence/faerun_custom_traits.csv (Faerûn biography/roleplaying marker read only by CK2 events)
bio_aumon,z_biography_traits.txt,classified `comment` in docs/evidence/faerun_custom_traits.csv (Faerûn biography/roleplaying marker read only by CK2 events)
bio_auril,z_biography_traits.txt,classified `comment` in docs/evidence/faerun_custom_traits.csv (Faerûn biography/roleplaying marker read only by CK2 events)
bio_aurora,z_biography_traits.txt,classified `comment` in docs/evidence/faerun_custom_traits.csv (Faerûn biography/roleplaying marker read only by CK2 events)
bio_aurora2,z_biography_traits.txt,classified `comment` in docs/evidence/faerun_custom_traits.csv (Faerûn biography/roleplaying marker read only by CK2 events)
bio_avarice,z_biography_traits.txt,classified `comment` in docs/evidence/faerun_custom_traits.csv (Faerûn biography/roleplaying marker read only by CK2 events)
bio_aylin,z_biography_traits.txt,classified `comment` in docs/evidence/faerun_custom_traits.csv (Faerûn biography/roleplaying marker read only by CK2 events)
bio_azoun,z_biography_traits.txt,classified `comment` in docs/evidence/faerun_custom_traits.csv (Faerûn biography/roleplaying marker read only by CK2 events)
bio_azuth,z_biography_traits.txt,classified `comment` in docs/evidence/faerun_custom_traits.csv (Faerûn biography/roleplaying marker read only by CK2 events)
bio_baalzebul,z_biography_traits.txt,classified `comment` in docs/evidence/faerun_custom_traits.csv (Faerûn biography/roleplaying marker read only by CK2 events)
bio_baeloth,z_biography_traits.txt,classified `comment` in docs/evidence/faerun_custom_traits.csv (Faerûn biography/roleplaying marker read only by CK2 events)
bio_baerick,z_biography_traits.txt,classified `comment` in docs/evidence/faerun_custom_traits.csv (Faerûn biography/roleplaying marker read only by CK2 events)
bio_balthazar,z_biography_traits.txt,classified `comment` in docs/evidence/faerun_custom_traits.csv (Faerûn biography/roleplaying marker read only by CK2 events)
bio_balthazar2,z_biography_traits.txt,classified `comment` in docs/evidence/faerun_custom_traits.csv (Faerûn biography/roleplaying marker read only by CK2 events)
bio_bane,z_biography_traits.txt,classified `comment` in docs/evidence/faerun_custom_traits.csv (Faerûn biography/roleplaying marker read only by CK2 events)
bio_baphomet,z_biography_traits.txt,classified `comment` in docs/evidence/faerun_custom_traits.csv (Faerûn biography/roleplaying marker read only by CK2 events)
bio_barrowin,z_biography_traits.txt,classified `comment` in docs/evidence/faerun_custom_traits.csv (Faerûn biography/roleplaying marker read only by CK2 events)
bio_bayalun,z_biography_traits.txt,classified `comment` in docs/evidence/faerun_custom_traits.csv (Faerûn biography/roleplaying marker read only by CK2 events)
bio_bel,z_biography_traits.txt,classified `comment` in docs/evidence/faerun_custom_traits.csv (Faerûn biography/roleplaying marker read only by CK2 events)
bio_belaphoss,z_biography_traits.txt,classified `comment` in docs/evidence/faerun_custom_traits.csv (Faerûn biography/roleplaying marker read only by CK2 events)
bio_bhaal,z_biography_traits.txt,classified `comment` in docs/evidence/faerun_custom_traits.csv (Faerûn biography/roleplaying marker read only by CK2 events)
bio_bhrokiti,z_biography_traits.txt,classified `comment` in docs/evidence/faerun_custom_traits.csv (Faerûn biography/roleplaying marker read only by CK2 events)
bio_bidderdoo,z_biography_traits.txt,classified `comment` in docs/evidence/faerun_custom_traits.csv (Faerûn biography/roleplaying marker read only by CK2 events)
bio_biha,z_biography_traits.txt,classified `comment` in docs/evidence/faerun_custom_traits.csv (Faerûn biography/roleplaying marker read only by CK2 events)
bio_bjornhild,z_biography_traits.txt,classified `comment` in docs/evidence/faerun_custom_traits.csv (Faerûn biography/roleplaying marker read only by CK2 events)
bio_bladenkerst,z_biography_traits.txt,classified `comment` in docs/evidence/faerun_custom_traits.csv (Faerûn biography/roleplaying marker read only by CK2 events)
bio_blizzard,z_biography_traits.txt,classified `comment` in docs/evidence/faerun_custom_traits.csv (Faerûn biography/roleplaying marker read only by CK2 events)
bio_bobby,z_biography_traits.txt,classified `comment` in docs/evidence/faerun_custom_traits.csv (Faerûn biography/roleplaying marker read only by CK2 events)
bio_boddyknock,z_biography_traits.txt,classified `comment` in docs/evidence/faerun_custom_traits.csv (Faerûn biography/roleplaying marker read only by CK2 events)
bio_bodhi,z_biography_traits.txt,classified `comment` in docs/evidence/faerun_custom_traits.csv (Faerûn biography/roleplaying marker read only by CK2 events)
bio_bohn,z_biography_traits.txt,classified `comment` in docs/evidence/faerun_custom_traits.csv (Faerûn biography/roleplaying marker read only by CK2 events)
bio_brandon,z_biography_traits.txt,classified `comment` in docs/evidence/faerun_custom_traits.csv (Faerûn biography/roleplaying marker read only by CK2 events)
bio_branwen,z_biography_traits.txt,classified `comment` in docs/evidence/faerun_custom_traits.csv (Faerûn biography/roleplaying marker read only by CK2 events)
bio_brianna,z_biography_traits.txt,classified `comment` in docs/evidence/faerun_custom_traits.csv (Faerûn biography/roleplaying marker read only by CK2 events)
bio_brie_zara,z_biography_traits.txt,classified `comment` in docs/evidence/faerun_custom_traits.csv (Faerûn biography/roleplaying marker read only by CK2 events)
bio_brindol,z_biography_traits.txt,classified `comment` in docs/evidence/faerun_custom_traits.csv (Faerûn biography/roleplaying marker read only by CK2 events)
bio_briza,z_biography_traits.txt,classified `comment` in docs/evidence/faerun_custom_traits.csv (Faerûn biography/roleplaying marker read only by CK2 events)
bio_bruenor,z_biography_traits.txt,classified `comment` in docs/evidence/faerun_custom_traits.csv (Faerûn biography/roleplaying marker read only by CK2 events)
bio_cadderly,z_biography_traits.txt,classified `comment` in docs/evidence/faerun_custom_traits.csv (Faerûn biography/roleplaying marker read only by CK2 events)
bio_caelar,z_biography_traits.txt,classified `comment` in docs/evidence/faerun_custom_traits.csv (Faerûn biography/roleplaying marker read only by CK2 events)
bio_caitlyn,z_biography_traits.txt,classified `comment` in docs/evidence/faerun_custom_traits.csv (Faerûn biography/roleplaying marker read only by CK2 events)
bio_caladorn,z_biography_traits.txt,classified `comment` in docs/evidence/faerun_custom_traits.csv (Faerûn biography/roleplaying marker read only by CK2 events)
bio_casal,z_biography_traits.txt,classified `comment` in docs/evidence/faerun_custom_traits.csv (Faerûn biography/roleplaying marker read only by CK2 events)
bio_cassana,z_biography_traits.txt,classified `comment` in docs/evidence/faerun_custom_traits.csv (Faerûn biography/roleplaying marker read only by CK2 events)
bio_catti_brie,z_biography_traits.txt,classified `comment` in docs/evidence/faerun_custom_traits.csv (Faerûn biography/roleplaying marker read only by CK2 events)
bio_cazador,z_biography_traits.txt,classified `comment` in docs/evidence/faerun_custom_traits.csv (Faerûn biography/roleplaying marker read only by CK2 events)
bio_cernd,z_biography_traits.txt,classified `comment` in docs/evidence/faerun_custom_traits.csv (Faerûn biography/roleplaying marker read only by CK2 events)
bio_chanar,z_biography_traits.txt,classified `comment` in docs/evidence/faerun_custom_traits.csv (Faerûn biography/roleplaying marker read only by CK2 events)
bio_chardath,z_biography_traits.txt,classified `comment` in docs/evidence/faerun_custom_traits.csv (Faerûn biography/roleplaying marker read only by CK2 events)
bio_chuth,z_biography_traits.txt,classified `comment` in docs/evidence/faerun_custom_traits.csv (Faerûn biography/roleplaying marker read only by CK2 events)
bio_clara,z_biography_traits.txt,classified `comment` in docs/evidence/faerun_custom_traits.csv (Faerûn biography/roleplaying marker read only by CK2 events)
bio_clariburnus,z_biography_traits.txt,classified `comment` in docs/evidence/faerun_custom_traits.csv (Faerûn biography/roleplaying marker read only by CK2 events)
bio_coral_princess,z_biography_traits.txt,classified `comment` in docs/evidence/faerun_custom_traits.csv (Faerûn biography/roleplaying marker read only by CK2 events)
bio_coran,z_biography_traits.txt,classified `comment` in docs/evidence/faerun_custom_traits.csv (Faerûn biography/roleplaying marker read only by CK2 events)
bio_cryovain,z_biography_traits.txt,classified `comment` in docs/evidence/faerun_custom_traits.csv (Faerûn biography/roleplaying marker read only by CK2 events)
bio_daelan,z_biography_traits.txt,classified `comment` in docs/evidence/faerun_custom_traits.csv (Faerûn biography/roleplaying marker read only by CK2 events)
bio_dagult,z_biography_traits.txt,classified `comment` in docs/evidence/faerun_custom_traits.csv (Faerûn biography/roleplaying marker read only by CK2 events)
bio_dahlia,z_biography_traits.txt,classified `comment` in docs/evidence/faerun_custom_traits.csv (Faerûn biography/roleplaying marker read only by CK2 events)
bio_danifae,z_biography_traits.txt,classified `comment` in docs/evidence/faerun_custom_traits.csv (Faerûn biography/roleplaying marker read only by CK2 events)
bio_danilo,z_biography_traits.txt,classified `comment` in docs/evidence/faerun_custom_traits.csv (Faerûn biography/roleplaying marker read only by CK2 events)
bio_dantrag,z_biography_traits.txt,classified `comment` in docs/evidence/faerun_custom_traits.csv (Faerûn biography/roleplaying marker read only by CK2 events)
bio_darathra,z_biography_traits.txt,classified `comment` in docs/evidence/faerun_custom_traits.csv (Faerûn biography/roleplaying marker read only by CK2 events)
bio_darfin,z_biography_traits.txt,classified `comment` in docs/evidence/faerun_custom_traits.csv (Faerûn biography/roleplaying marker read only by CK2 events)
bio_dark_urge,z_biography_traits.txt,classified `comment` in docs/evidence/faerun_custom_traits.csv (Faerûn biography/roleplaying marker read only by CK2 events)
bio_daurgothoth,z_biography_traits.txt,classified `comment` in docs/evidence/faerun_custom_traits.csv (Faerûn biography/roleplaying marker read only by CK2 events)
bio_deekin,z_biography_traits.txt,classified `comment` in docs/evidence/faerun_custom_traits.csv (Faerûn biography/roleplaying marker read only by CK2 events)
bio_demogorgon,z_biography_traits.txt,classified `comment` in docs/evidence/faerun_custom_traits.csv (Faerûn biography/roleplaying marker read only by CK2 events)
bio_derval,z_biography_traits.txt,classified `comment` in docs/evidence/faerun_custom_traits.csv (Faerûn biography/roleplaying marker read only by CK2 events)
bio_deryan,z_biography_traits.txt,classified `comment` in docs/evidence/faerun_custom_traits.csv (Faerûn biography/roleplaying marker read only by CK2 events)
bio_desther,z_biography_traits.txt,classified `comment` in docs/evidence/faerun_custom_traits.csv (Faerûn biography/roleplaying marker read only by CK2 events)
bio_deudermont,z_biography_traits.txt,classified `comment` in docs/evidence/faerun_custom_traits.csv (Faerûn biography/roleplaying marker read only by CK2 events)
bio_diana,z_biography_traits.txt,classified `comment` in docs/evidence/faerun_custom_traits.csv (Faerûn biography/roleplaying marker read only by CK2 events)
bio_dinin,z_biography_traits.txt,classified `comment` in docs/evidence/faerun_custom_traits.csv (Faerûn biography/roleplaying marker read only by CK2 events)
bio_dispater,z_biography_traits.txt,classified `comment` in docs/evidence/faerun_custom_traits.csv (Faerûn biography/roleplaying marker read only by CK2 events)
bio_doric,z_biography_traits.txt,classified `comment` in docs/evidence/faerun_custom_traits.csv (Faerûn biography/roleplaying marker read only by CK2 events)
bio_dorn,z_biography_traits.txt,classified `comment` in docs/evidence/faerun_custom_traits.csv (Faerûn biography/roleplaying marker read only by CK2 events)
bio_dove,z_biography_traits.txt,classified `comment` in docs/evidence/faerun_custom_traits.csv (Faerûn biography/roleplaying marker read only by CK2 events)
bio_dragonbait,z_biography_traits.txt,classified `comment` in docs/evidence/faerun_custom_traits.csv (Faerûn biography/roleplaying marker read only by CK2 events)
bio_dran,z_biography_traits.txt,classified `comment` in docs/evidence/faerun_custom_traits.csv (Faerûn biography/roleplaying marker read only by CK2 events)
bio_drizfryn,z_biography_traits.txt,classified `comment` in docs/evidence/faerun_custom_traits.csv (Faerûn biography/roleplaying marker read only by CK2 events)
bio_drizzt,z_biography_traits.txt,classified `comment` in docs/evidence/faerun_custom_traits.csv (Faerûn biography/roleplaying marker read only by CK2 events)
bio_durnan,z_biography_traits.txt,classified `comment` in docs/evidence/faerun_custom_traits.csv (Faerûn biography/roleplaying marker read only by CK2 events)
bio_durth,z_biography_traits.txt,classified `comment` in docs/evidence/faerun_custom_traits.csv (Faerûn biography/roleplaying marker read only by CK2 events)
bio_duvessa,z_biography_traits.txt,classified `comment` in docs/evidence/faerun_custom_traits.csv (Faerûn biography/roleplaying marker read only by CK2 events)
bio_dynaheir,z_biography_traits.txt,classified `comment` in docs/evidence/faerun_custom_traits.csv (Faerûn biography/roleplaying marker read only by CK2 events)
bio_ebondeath,z_biography_traits.txt,classified `comment` in docs/evidence/faerun_custom_traits.csv (Faerûn biography/roleplaying marker read only by CK2 events)
bio_edgin,z_biography_traits.txt,classified `comment` in docs/evidence/faerun_custom_traits.csv (Faerûn biography/roleplaying marker read only by CK2 events)
bio_edwin,z_biography_traits.txt,classified `comment` in docs/evidence/faerun_custom_traits.csv (Faerûn biography/roleplaying marker read only by CK2 events)
bio_elaith,z_biography_traits.txt,classified `comment` in docs/evidence/faerun_custom_traits.csv (Faerûn biography/roleplaying marker read only by CK2 events)
bio_elanee,z_biography_traits.txt,classified `comment` in docs/evidence/faerun_custom_traits.csv (Faerûn biography/roleplaying marker read only by CK2 events)
bio_elbereth,z_biography_traits.txt,classified `comment` in docs/evidence/faerun_custom_traits.csv (Faerûn biography/roleplaying marker read only by CK2 events)
bio_eldest,z_biography_traits.txt,classified `comment` in docs/evidence/faerun_custom_traits.csv (Faerûn biography/roleplaying marker read only by CK2 events)
bio_eldoth,z_biography_traits.txt,classified `comment` in docs/evidence/faerun_custom_traits.csv (Faerûn biography/roleplaying marker read only by CK2 events)
bio_ellesime,z_biography_traits.txt,classified `comment` in docs/evidence/faerun_custom_traits.csv (Faerûn biography/roleplaying marker read only by CK2 events)
bio_elminster,z_biography_traits.txt,classified `comment` in docs/evidence/faerun_custom_traits.csv (Faerûn biography/roleplaying marker read only by CK2 events)
bio_eltab,z_biography_traits.txt,classified `comment` in docs/evidence/faerun_custom_traits.csv (Faerûn biography/roleplaying marker read only by CK2 events)
bio_enver,z_biography_traits.txt,classified `comment` in docs/evidence/faerun_custom_traits.csv (Faerûn biography/roleplaying marker read only by CK2 events)
bio_erevis,z_biography_traits.txt,classified `comment` in docs/evidence/faerun_custom_traits.csv (Faerûn biography/roleplaying marker read only by CK2 events)
bio_eric,z_biography_traits.txt,classified `comment` in docs/evidence/faerun_custom_traits.csv (Faerûn biography/roleplaying marker read only by CK2 events)
bio_errtu,z_biography_traits.txt,classified `comment` in docs/evidence/faerun_custom_traits.csv (Faerûn biography/roleplaying marker read only by CK2 events)
bio_evani,z_biography_traits.txt,classified `comment` in docs/evidence/faerun_custom_traits.csv (Faerûn biography/roleplaying marker read only by CK2 events)
bio_evin,z_biography_traits.txt,classified `comment` in docs/evidence/faerun_custom_traits.csv (Faerûn biography/roleplaying marker read only by CK2 events)
bio_faldorn,z_biography_traits.txt,classified `comment` in docs/evidence/faerun_custom_traits.csv (Faerûn biography/roleplaying marker read only by CK2 events)
bio_farideh,z_biography_traits.txt,classified `comment` in docs/evidence/faerun_custom_traits.csv (Faerûn biography/roleplaying marker read only by CK2 events)
bio_fenthick,z_biography_traits.txt,classified `comment` in docs/evidence/faerun_custom_traits.csv (Faerûn biography/roleplaying marker read only by CK2 events)
bio_filfaeril,z_biography_traits.txt,classified `comment` in docs/evidence/faerun_custom_traits.csv (Faerûn biography/roleplaying marker read only by CK2 events)
bio_finder,z_biography_traits.txt,classified `comment` in docs/evidence/faerun_custom_traits.csv (Faerûn biography/roleplaying marker read only by CK2 events)
bio_firkraag,z_biography_traits.txt,classified `comment` in docs/evidence/faerun_custom_traits.csv (Faerûn biography/roleplaying marker read only by CK2 events)
bio_florin,z_biography_traits.txt,classified `comment` in docs/evidence/faerun_custom_traits.csv (Faerûn biography/roleplaying marker read only by CK2 events)
bio_forfallen,z_biography_traits.txt,classified `comment` in docs/evidence/faerun_custom_traits.csv (Faerûn biography/roleplaying marker read only by CK2 events)
bio_forge,z_biography_traits.txt,classified `comment` in docs/evidence/faerun_custom_traits.csv (Faerûn biography/roleplaying marker read only by CK2 events)
bio_foril,z_biography_traits.txt,classified `comment` in docs/evidence/faerun_custom_traits.csv (Faerûn biography/roleplaying marker read only by CK2 events)
bio_fzoul,z_biography_traits.txt,classified `comment` in docs/evidence/faerun_custom_traits.csv (Faerûn biography/roleplaying marker read only by CK2 events)
bio_gale,z_biography_traits.txt,classified `comment` in docs/evidence/faerun_custom_traits.csv (Faerûn biography/roleplaying marker read only by CK2 events)
bio_gandalug,z_biography_traits.txt,classified `comment` in docs/evidence/faerun_custom_traits.csv (Faerûn biography/roleplaying marker read only by CK2 events)
bio_garagos,z_biography_traits.txt,classified `comment` in docs/evidence/faerun_custom_traits.csv (Faerûn biography/roleplaying marker read only by CK2 events)
bio_garbo,z_biography_traits.txt,classified `comment` in docs/evidence/faerun_custom_traits.csv (Faerûn biography/roleplaying marker read only by CK2 events)
bio_gareth,z_biography_traits.txt,classified `comment` in docs/evidence/faerun_custom_traits.csv (Faerûn biography/roleplaying marker read only by CK2 events)
bio_garius,z_biography_traits.txt,classified `comment` in docs/evidence/faerun_custom_traits.csv (Faerûn biography/roleplaying marker read only by CK2 events)
bio_gark,z_biography_traits.txt,classified `comment` in docs/evidence/faerun_custom_traits.csv (Faerûn biography/roleplaying marker read only by CK2 events)
bio_garmult,z_biography_traits.txt,classified `comment` in docs/evidence/faerun_custom_traits.csv (Faerûn biography/roleplaying marker read only by CK2 events)
bio_garrick,z_biography_traits.txt,classified `comment` in docs/evidence/faerun_custom_traits.csv (Faerûn biography/roleplaying marker read only by CK2 events)
bio_gerti,z_biography_traits.txt,classified `comment` in docs/evidence/faerun_custom_traits.csv (Faerûn biography/roleplaying marker read only by CK2 events)
bio_ghaunadaur,z_biography_traits.txt,classified `comment` in docs/evidence/faerun_custom_traits.csv (Faerûn biography/roleplaying marker read only by CK2 events)
bio_ghiirvox,z_biography_traits.txt,classified `comment` in docs/evidence/faerun_custom_traits.csv (Faerûn biography/roleplaying marker read only by CK2 events)
bio_giogi,z_biography_traits.txt,classified `comment` in docs/evidence/faerun_custom_traits.csv (Faerûn biography/roleplaying marker read only by CK2 events)
bio_glasya,z_biography_traits.txt,classified `comment` in docs/evidence/faerun_custom_traits.csv (Faerûn biography/roleplaying marker read only by CK2 events)
bio_glint,z_biography_traits.txt,classified `comment` in docs/evidence/faerun_custom_traits.csv (Faerûn biography/roleplaying marker read only by CK2 events)
bio_gnawbone,z_biography_traits.txt,classified `comment` in docs/evidence/faerun_custom_traits.csv (Faerûn biography/roleplaying marker read only by CK2 events)
bio_gorion,z_biography_traits.txt,classified `comment` in docs/evidence/faerun_custom_traits.csv (Faerûn biography/roleplaying marker read only by CK2 events)
bio_grandolpha,z_biography_traits.txt,classified `comment` in docs/evidence/faerun_custom_traits.csv (Faerûn biography/roleplaying marker read only by CK2 events)
bio_grazzt,z_biography_traits.txt,classified `comment` in docs/evidence/faerun_custom_traits.csv (Faerûn biography/roleplaying marker read only by CK2 events)
bio_grimgnaw,z_biography_traits.txt,classified `comment` in docs/evidence/faerun_custom_traits.csv (Faerûn biography/roleplaying marker read only by CK2 events)
bio_gromph,z_biography_traits.txt,classified `comment` in docs/evidence/faerun_custom_traits.csv (Faerûn biography/roleplaying marker read only by CK2 events)
bio_grypht,z_biography_traits.txt,classified `comment` in docs/evidence/faerun_custom_traits.csv (Faerûn biography/roleplaying marker read only by CK2 events)
bio_gut,z_biography_traits.txt,classified `comment` in docs/evidence/faerun_custom_traits.csv (Faerûn biography/roleplaying marker read only by CK2 events)
bio_hadrhune,z_biography_traits.txt,classified `comment` in docs/evidence/faerun_custom_traits.csv (Faerûn biography/roleplaying marker read only by CK2 events)
bio_haer_dalis,z_biography_traits.txt,classified `comment` in docs/evidence/faerun_custom_traits.csv (Faerûn biography/roleplaying marker read only by CK2 events)
bio_halaster,z_biography_traits.txt,classified `comment` in docs/evidence/faerun_custom_traits.csv (Faerûn biography/roleplaying marker read only by CK2 events)
bio_haliator,z_biography_traits.txt,classified `comment` in docs/evidence/faerun_custom_traits.csv (Faerûn biography/roleplaying marker read only by CK2 events)
bio_halima,z_biography_traits.txt,classified `comment` in docs/evidence/faerun_custom_traits.csv (Faerûn biography/roleplaying marker read only by CK2 events)
bio_halisstra,z_biography_traits.txt,classified `comment` in docs/evidence/faerun_custom_traits.csv (Faerûn biography/roleplaying marker read only by CK2 events)
bio_halsin,z_biography_traits.txt,classified `comment` in docs/evidence/faerun_custom_traits.csv (Faerûn biography/roleplaying marker read only by CK2 events)
bio_hank,z_biography_traits.txt,classified `comment` in docs/evidence/faerun_custom_traits.csv (Faerûn biography/roleplaying marker read only by CK2 events)
bio_havarlan,z_biography_traits.txt,classified `comment` in docs/evidence/faerun_custom_traits.csv (Faerûn biography/roleplaying marker read only by CK2 events)
bio_havilar,z_biography_traits.txt,classified `comment` in docs/evidence/faerun_custom_traits.csv (Faerûn biography/roleplaying marker read only by CK2 events)
bio_hazaufein,z_biography_traits.txt,classified `comment` in docs/evidence/faerun_custom_traits.csv (Faerûn biography/roleplaying marker read only by CK2 events)
bio_hedrun,z_biography_traits.txt,classified `comment` in docs/evidence/faerun_custom_traits.csv (Faerûn biography/roleplaying marker read only by CK2 events)
bio_hekaton,z_biography_traits.txt,classified `comment` in docs/evidence/faerun_custom_traits.csv (Faerûn biography/roleplaying marker read only by CK2 events)
bio_hephernaan,z_biography_traits.txt,classified `comment` in docs/evidence/faerun_custom_traits.csv (Faerûn biography/roleplaying marker read only by CK2 events)
bio_herzgo,z_biography_traits.txt,classified `comment` in docs/evidence/faerun_custom_traits.csv (Faerûn biography/roleplaying marker read only by CK2 events)
bio_hexxat,z_biography_traits.txt,classified `comment` in docs/evidence/faerun_custom_traits.csv (Faerûn biography/roleplaying marker read only by CK2 events)
bio_holga,z_biography_traits.txt,classified `comment` in docs/evidence/faerun_custom_traits.csv (Faerûn biography/roleplaying marker read only by CK2 events)
bio_horgar,z_biography_traits.txt,classified `comment` in docs/evidence/faerun_custom_traits.csv (Faerûn biography/roleplaying marker read only by CK2 events)
bio_hubadai,z_biography_traits.txt,classified `comment` in docs/evidence/faerun_custom_traits.csv (Faerûn biography/roleplaying marker read only by CK2 events)
bio_hydia,z_biography_traits.txt,classified `comment` in docs/evidence/faerun_custom_traits.csv (Faerûn biography/roleplaying marker read only by CK2 events)
bio_ibbalar,z_biography_traits.txt,classified `comment` in docs/evidence/faerun_custom_traits.csv (Faerûn biography/roleplaying marker read only by CK2 events)
bio_icewind,z_biography_traits.txt,classified `comment` in docs/evidence/faerun_custom_traits.csv (Faerûn biography/roleplaying marker read only by CK2 events)
bio_icingdeath,z_biography_traits.txt,classified `comment` in docs/evidence/faerun_custom_traits.csv (Faerûn biography/roleplaying marker read only by CK2 events)
bio_ilvara,z_biography_traits.txt,classified `comment` in docs/evidence/faerun_custom_traits.csv (Faerûn biography/roleplaying marker read only by CK2 events)
bio_imbrar,z_biography_traits.txt,classified `comment` in docs/evidence/faerun_custom_traits.csv (Faerûn biography/roleplaying marker read only by CK2 events)
bio_imix,z_biography_traits.txt,classified `comment` in docs/evidence/faerun_custom_traits.csv (Faerûn biography/roleplaying marker read only by CK2 events)
bio_imoen,z_biography_traits.txt,classified `comment` in docs/evidence/faerun_custom_traits.csv (Faerûn biography/roleplaying marker read only by CK2 events)
bio_inferno,z_biography_traits.txt,classified `comment` in docs/evidence/faerun_custom_traits.csv (Faerûn biography/roleplaying marker read only by CK2 events)
bio_io,z_biography_traits.txt,classified `comment` in docs/evidence/faerun_custom_traits.csv (Faerûn biography/roleplaying marker read only by CK2 events)
bio_irae,z_biography_traits.txt,classified `comment` in docs/evidence/faerun_custom_traits.csv (Faerûn biography/roleplaying marker read only by CK2 events)
bio_isair,z_biography_traits.txt,classified `comment` in docs/evidence/faerun_custom_traits.csv (Faerûn biography/roleplaying marker read only by CK2 events)
bio_isarr,z_biography_traits.txt,classified `comment` in docs/evidence/faerun_custom_traits.csv (Faerûn biography/roleplaying marker read only by CK2 events)
bio_ishi,z_biography_traits.txt,classified `comment` in docs/evidence/faerun_custom_traits.csv (Faerûn biography/roleplaying marker read only by CK2 events)
bio_isobel,z_biography_traits.txt,classified `comment` in docs/evidence/faerun_custom_traits.csv (Faerûn biography/roleplaying marker read only by CK2 events)
bio_isteval,z_biography_traits.txt,classified `comment` in docs/evidence/faerun_custom_traits.csv (Faerûn biography/roleplaying marker read only by CK2 events)
bio_ivus,z_biography_traits.txt,classified `comment` in docs/evidence/faerun_custom_traits.csv (Faerûn biography/roleplaying marker read only by CK2 events)
bio_iymrith,z_biography_traits.txt,classified `comment` in docs/evidence/faerun_custom_traits.csv (Faerûn biography/roleplaying marker read only by CK2 events)
bio_jaheira,z_biography_traits.txt,classified `comment` in docs/evidence/faerun_custom_traits.csv (Faerûn biography/roleplaying marker read only by CK2 events)
bio_jaluth,z_biography_traits.txt,classified `comment` in docs/evidence/faerun_custom_traits.csv (Faerûn biography/roleplaying marker read only by CK2 events)
bio_jan,z_biography_traits.txt,classified `comment` in docs/evidence/faerun_custom_traits.csv (Faerûn biography/roleplaying marker read only by CK2 events)
bio_jarir,z_biography_traits.txt,classified `comment` in docs/evidence/faerun_custom_traits.csv (Faerûn biography/roleplaying marker read only by CK2 events)
bio_jarlaxle,z_biography_traits.txt,classified `comment` in docs/evidence/faerun_custom_traits.csv (Faerûn biography/roleplaying marker read only by CK2 events)
bio_jarnathan,z_biography_traits.txt,classified `comment` in docs/evidence/faerun_custom_traits.csv (Faerûn biography/roleplaying marker read only by CK2 events)
bio_javen,z_biography_traits.txt,classified `comment` in docs/evidence/faerun_custom_traits.csv (Faerûn biography/roleplaying marker read only by CK2 events)
bio_jeervan,z_biography_traits.txt,classified `comment` in docs/evidence/faerun_custom_traits.csv (Faerûn biography/roleplaying marker read only by CK2 events)
bio_jeggred,z_biography_traits.txt,classified `comment` in docs/evidence/faerun_custom_traits.csv (Faerûn biography/roleplaying marker read only by CK2 events)
bio_jenevelle,z_biography_traits.txt,classified `comment` in docs/evidence/faerun_custom_traits.csv (Faerûn biography/roleplaying marker read only by CK2 events)
bio_jil,z_biography_traits.txt,classified `comment` in docs/evidence/faerun_custom_traits.csv (Faerûn biography/roleplaying marker read only by CK2 events)
bio_jon,z_biography_traits.txt,classified `comment` in docs/evidence/faerun_custom_traits.csv (Faerûn biography/roleplaying marker read only by CK2 events)
bio_jurin,z_biography_traits.txt,classified `comment` in docs/evidence/faerun_custom_traits.csv (Faerûn biography/roleplaying marker read only by CK2 events)
bio_kaanyr,z_biography_traits.txt,classified `comment` in docs/evidence/faerun_custom_traits.csv (Faerûn biography/roleplaying marker read only by CK2 events)
bio_kadroth,z_biography_traits.txt,classified `comment` in docs/evidence/faerun_custom_traits.csv (Faerûn biography/roleplaying marker read only by CK2 events)
bio_kagain,z_biography_traits.txt,classified `comment` in docs/evidence/faerun_custom_traits.csv (Faerûn biography/roleplaying marker read only by CK2 events)
bio_kagha,z_biography_traits.txt,classified `comment` in docs/evidence/faerun_custom_traits.csv (Faerûn biography/roleplaying marker read only by CK2 events)
bio_karas,z_biography_traits.txt,classified `comment` in docs/evidence/faerun_custom_traits.csv (Faerûn biography/roleplaying marker read only by CK2 events)
bio_karlach,z_biography_traits.txt,classified `comment` in docs/evidence/faerun_custom_traits.csv (Faerûn biography/roleplaying marker read only by CK2 events)
bio_kayalithica,z_biography_traits.txt,classified `comment` in docs/evidence/faerun_custom_traits.csv (Faerûn biography/roleplaying marker read only by CK2 events)
bio_kazerabet,z_biography_traits.txt,classified `comment` in docs/evidence/faerun_custom_traits.csv (Faerûn biography/roleplaying marker read only by CK2 events)
bio_keene,z_biography_traits.txt,classified `comment` in docs/evidence/faerun_custom_traits.csv (Faerûn biography/roleplaying marker read only by CK2 events)
bio_keirgar,z_biography_traits.txt,classified `comment` in docs/evidence/faerun_custom_traits.csv (Faerûn biography/roleplaying marker read only by CK2 events)
bio_keldorn,z_biography_traits.txt,classified `comment` in docs/evidence/faerun_custom_traits.csv (Faerûn biography/roleplaying marker read only by CK2 events)
bio_kella,z_biography_traits.txt,classified `comment` in docs/evidence/faerun_custom_traits.csv (Faerûn biography/roleplaying marker read only by CK2 events)
bio_kelson,z_biography_traits.txt,classified `comment` in docs/evidence/faerun_custom_traits.csv (Faerûn biography/roleplaying marker read only by CK2 events)
bio_ketheric,z_biography_traits.txt,classified `comment` in docs/evidence/faerun_custom_traits.csv (Faerûn biography/roleplaying marker read only by CK2 events)
bio_khalid,z_biography_traits.txt,classified `comment` in docs/evidence/faerun_custom_traits.csv (Faerûn biography/roleplaying marker read only by CK2 events)
bio_khaspere,z_biography_traits.txt,classified `comment` in docs/evidence/faerun_custom_traits.csv (Faerûn biography/roleplaying marker read only by CK2 events)
bio_khelben,z_biography_traits.txt,classified `comment` in docs/evidence/faerun_custom_traits.csv (Faerûn biography/roleplaying marker read only by CK2 events)
bio_khelben2,z_biography_traits.txt,classified `comment` in docs/evidence/faerun_custom_traits.csv (Faerûn biography/roleplaying marker read only by CK2 events)
bio_kimmuriel,z_biography_traits.txt,classified `comment` in docs/evidence/faerun_custom_traits.csv (Faerûn biography/roleplaying marker read only by CK2 events)
bio_king_of_shadows,z_biography_traits.txt,classified `comment` in docs/evidence/faerun_custom_traits.csv (Faerûn biography/roleplaying marker read only by CK2 events)
bio_kinnuki,z_biography_traits.txt,classified `comment` in docs/evidence/faerun_custom_traits.csv (Faerûn biography/roleplaying marker read only by CK2 events)
bio_kirukesai,z_biography_traits.txt,classified `comment` in docs/evidence/faerun_custom_traits.csv (Faerûn biography/roleplaying marker read only by CK2 events)
bio_klarg,z_biography_traits.txt,classified `comment` in docs/evidence/faerun_custom_traits.csv (Faerûn biography/roleplaying marker read only by CK2 events)
bio_klauth,z_biography_traits.txt,classified `comment` in docs/evidence/faerun_custom_traits.csv (Faerûn biography/roleplaying marker read only by CK2 events)
bio_kleef,z_biography_traits.txt,classified `comment` in docs/evidence/faerun_custom_traits.csv (Faerûn biography/roleplaying marker read only by CK2 events)
bio_koja,z_biography_traits.txt,classified `comment` in docs/evidence/faerun_custom_traits.csv (Faerûn biography/roleplaying marker read only by CK2 events)
bio_korgan,z_biography_traits.txt,classified `comment` in docs/evidence/faerun_custom_traits.csv (Faerûn biography/roleplaying marker read only by CK2 events)
bio_kregos,z_biography_traits.txt,classified `comment` in docs/evidence/faerun_custom_traits.csv (Faerûn biography/roleplaying marker read only by CK2 events)
bio_krydle,z_biography_traits.txt,classified `comment` in docs/evidence/faerun_custom_traits.csv (Faerûn biography/roleplaying marker read only by CK2 events)
bio_kryonar,z_biography_traits.txt,classified `comment` in docs/evidence/faerun_custom_traits.csv (Faerûn biography/roleplaying marker read only by CK2 events)
bio_kyorl,z_biography_traits.txt,classified `comment` in docs/evidence/faerun_custom_traits.csv (Faerûn biography/roleplaying marker read only by CK2 events)
bio_kyriani,z_biography_traits.txt,classified `comment` in docs/evidence/faerun_custom_traits.csv (Faerûn biography/roleplaying marker read only by CK2 events)
bio_laeral,z_biography_traits.txt,classified `comment` in docs/evidence/faerun_custom_traits.csv (Faerûn biography/roleplaying marker read only by CK2 events)
bio_laezel,z_biography_traits.txt,classified `comment` in docs/evidence/faerun_custom_traits.csv (Faerûn biography/roleplaying marker read only by CK2 events)
bio_lamruil,z_biography_traits.txt,classified `comment` in docs/evidence/faerun_custom_traits.csv (Faerûn biography/roleplaying marker read only by CK2 events)
bio_lareth,z_biography_traits.txt,classified `comment` in docs/evidence/faerun_custom_traits.csv (Faerûn biography/roleplaying marker read only by CK2 events)
bio_larissa,z_biography_traits.txt,classified `comment` in docs/evidence/faerun_custom_traits.csv (Faerûn biography/roleplaying marker read only by CK2 events)
bio_larloch,z_biography_traits.txt,classified `comment` in docs/evidence/faerun_custom_traits.csv (Faerûn biography/roleplaying marker read only by CK2 events)
bio_liara,z_biography_traits.txt,classified `comment` in docs/evidence/faerun_custom_traits.csv (Faerûn biography/roleplaying marker read only by CK2 events)
bio_linu,z_biography_traits.txt,classified `comment` in docs/evidence/faerun_custom_traits.csv (Faerûn biography/roleplaying marker read only by CK2 events)
bio_liriel,z_biography_traits.txt,classified `comment` in docs/evidence/faerun_custom_traits.csv (Faerûn biography/roleplaying marker read only by CK2 events)
bio_lod,z_biography_traits.txt,classified `comment` in docs/evidence/faerun_custom_traits.csv (Faerûn biography/roleplaying marker read only by CK2 events)
bio_lostmauth,z_biography_traits.txt,classified `comment` in docs/evidence/faerun_custom_traits.csv (Faerûn biography/roleplaying marker read only by CK2 events)
bio_lyonarth,z_biography_traits.txt,classified `comment` in docs/evidence/faerun_custom_traits.csv (Faerûn biography/roleplaying marker read only by CK2 events)
bio_lysan,z_biography_traits.txt,classified `comment` in docs/evidence/faerun_custom_traits.csv (Faerûn biography/roleplaying marker read only by CK2 events)
bio_madae,z_biography_traits.txt,classified `comment` in docs/evidence/faerun_custom_traits.csv (Faerûn biography/roleplaying marker read only by CK2 events)
bio_malabog,z_biography_traits.txt,classified `comment` in docs/evidence/faerun_custom_traits.csv (Faerûn biography/roleplaying marker read only by CK2 events)
bio_malaina,z_biography_traits.txt,classified `comment` in docs/evidence/faerun_custom_traits.csv (Faerûn biography/roleplaying marker read only by CK2 events)
bio_malar,z_biography_traits.txt,classified `comment` in docs/evidence/faerun_custom_traits.csv (Faerûn biography/roleplaying marker read only by CK2 events)
bio_malcanthet,z_biography_traits.txt,classified `comment` in docs/evidence/faerun_custom_traits.csv (Faerûn biography/roleplaying marker read only by CK2 events)
bio_malchor,z_biography_traits.txt,classified `comment` in docs/evidence/faerun_custom_traits.csv (Faerûn biography/roleplaying marker read only by CK2 events)
bio_malice,z_biography_traits.txt,classified `comment` in docs/evidence/faerun_custom_traits.csv (Faerûn biography/roleplaying marker read only by CK2 events)
bio_malik,z_biography_traits.txt,classified `comment` in docs/evidence/faerun_custom_traits.csv (Faerûn biography/roleplaying marker read only by CK2 events)
bio_malkizid,z_biography_traits.txt,classified `comment` in docs/evidence/faerun_custom_traits.csv (Faerûn biography/roleplaying marker read only by CK2 events)
bio_manshoon,z_biography_traits.txt,classified `comment` in docs/evidence/faerun_custom_traits.csv (Faerûn biography/roleplaying marker read only by CK2 events)
bio_markham,z_biography_traits.txt,classified `comment` in docs/evidence/faerun_custom_traits.csv (Faerûn biography/roleplaying marker read only by CK2 events)
bio_markos,z_biography_traits.txt,classified `comment` in docs/evidence/faerun_custom_traits.csv (Faerûn biography/roleplaying marker read only by CK2 events)
bio_mathise,z_biography_traits.txt,classified `comment` in docs/evidence/faerun_custom_traits.csv (Faerûn biography/roleplaying marker read only by CK2 events)
bio_maugrim,z_biography_traits.txt,classified `comment` in docs/evidence/faerun_custom_traits.csv (Faerûn biography/roleplaying marker read only by CK2 events)
bio_maura,z_biography_traits.txt,classified `comment` in docs/evidence/faerun_custom_traits.csv (Faerûn biography/roleplaying marker read only by CK2 events)
bio_maxiladanarr,z_biography_traits.txt,classified `comment` in docs/evidence/faerun_custom_traits.csv (Faerûn biography/roleplaying marker read only by CK2 events)
bio_maya,z_biography_traits.txt,classified `comment` in docs/evidence/faerun_custom_traits.csv (Faerûn biography/roleplaying marker read only by CK2 events)
bio_mazzy,z_biography_traits.txt,classified `comment` in docs/evidence/faerun_custom_traits.csv (Faerûn biography/roleplaying marker read only by CK2 events)
bio_mei_wan,z_biography_traits.txt,classified `comment` in docs/evidence/faerun_custom_traits.csv (Faerûn biography/roleplaying marker read only by CK2 events)
bio_melegaunt,z_biography_traits.txt,classified `comment` in docs/evidence/faerun_custom_traits.csv (Faerûn biography/roleplaying marker read only by CK2 events)
bio_mephistopheles,z_biography_traits.txt,classified `comment` in docs/evidence/faerun_custom_traits.csv (Faerûn biography/roleplaying marker read only by CK2 events)
bio_methil,z_biography_traits.txt,classified `comment` in docs/evidence/faerun_custom_traits.csv (Faerûn biography/roleplaying marker read only by CK2 events)
bio_mhaere,z_biography_traits.txt,classified `comment` in docs/evidence/faerun_custom_traits.csv (Faerûn biography/roleplaying marker read only by CK2 events)
bio_midnight,z_biography_traits.txt,classified `comment` in docs/evidence/faerun_custom_traits.csv (Faerûn biography/roleplaying marker read only by CK2 events)
bio_min_ho,z_biography_traits.txt,classified `comment` in docs/evidence/faerun_custom_traits.csv (Faerûn biography/roleplaying marker read only by CK2 events)
bio_ming,z_biography_traits.txt,classified `comment` in docs/evidence/faerun_custom_traits.csv (Faerûn biography/roleplaying marker read only by CK2 events)
bio_minsc,z_biography_traits.txt,classified `comment` in docs/evidence/faerun_custom_traits.csv (Faerûn biography/roleplaying marker read only by CK2 events)
bio_minthara,z_biography_traits.txt,classified `comment` in docs/evidence/faerun_custom_traits.csv (Faerûn biography/roleplaying marker read only by CK2 events)
bio_miquiztl,z_biography_traits.txt,classified `comment` in docs/evidence/faerun_custom_traits.csv (Faerûn biography/roleplaying marker read only by CK2 events)
bio_mirran,z_biography_traits.txt,classified `comment` in docs/evidence/faerun_custom_traits.csv (Faerûn biography/roleplaying marker read only by CK2 events)
bio_mirt,z_biography_traits.txt,classified `comment` in docs/evidence/faerun_custom_traits.csv (Faerûn biography/roleplaying marker read only by CK2 events)
bio_mist,z_biography_traits.txt,classified `comment` in docs/evidence/faerun_custom_traits.csv (Faerûn biography/roleplaying marker read only by CK2 events)
bio_mizora,z_biography_traits.txt,classified `comment` in docs/evidence/faerun_custom_traits.csv (Faerûn biography/roleplaying marker read only by CK2 events)
bio_mkhiin,z_biography_traits.txt,classified `comment` in docs/evidence/faerun_custom_traits.csv (Faerûn biography/roleplaying marker read only by CK2 events)
bio_moander,z_biography_traits.txt,classified `comment` in docs/evidence/faerun_custom_traits.csv (Faerûn biography/roleplaying marker read only by CK2 events)
bio_montaron,z_biography_traits.txt,classified `comment` in docs/evidence/faerun_custom_traits.csv (Faerûn biography/roleplaying marker read only by CK2 events)
bio_moonfire,z_biography_traits.txt,classified `comment` in docs/evidence/faerun_custom_traits.csv (Faerûn biography/roleplaying marker read only by CK2 events)
bio_muiral,z_biography_traits.txt,classified `comment` in docs/evidence/faerun_custom_traits.csv (Faerûn biography/roleplaying marker read only by CK2 events)
bio_myrineyl,z_biography_traits.txt,classified `comment` in docs/evidence/faerun_custom_traits.csv (Faerûn biography/roleplaying marker read only by CK2 events)
bio_myrkul,z_biography_traits.txt,classified `comment` in docs/evidence/faerun_custom_traits.csv (Faerûn biography/roleplaying marker read only by CK2 events)
bio_nahaunglaroth,z_biography_traits.txt,classified `comment` in docs/evidence/faerun_custom_traits.csv (Faerûn biography/roleplaying marker read only by CK2 events)
bio_nalia,z_biography_traits.txt,classified `comment` in docs/evidence/faerun_custom_traits.csv (Faerûn biography/roleplaying marker read only by CK2 events)
bio_nasher,z_biography_traits.txt,classified `comment` in docs/evidence/faerun_custom_traits.csv (Faerûn biography/roleplaying marker read only by CK2 events)
bio_nathur,z_biography_traits.txt,classified `comment` in docs/evidence/faerun_custom_traits.csv (Faerûn biography/roleplaying marker read only by CK2 events)
bio_neera,z_biography_traits.txt,classified `comment` in docs/evidence/faerun_custom_traits.csv (Faerûn biography/roleplaying marker read only by CK2 events)
bio_neeshka,z_biography_traits.txt,classified `comment` in docs/evidence/faerun_custom_traits.csv (Faerûn biography/roleplaying marker read only by CK2 events)
bio_neri,z_biography_traits.txt,classified `comment` in docs/evidence/faerun_custom_traits.csv (Faerûn biography/roleplaying marker read only by CK2 events)
bio_neronvain,z_biography_traits.txt,classified `comment` in docs/evidence/faerun_custom_traits.csv (Faerûn biography/roleplaying marker read only by CK2 events)
bio_niko,z_biography_traits.txt,classified `comment` in docs/evidence/faerun_custom_traits.csv (Faerûn biography/roleplaying marker read only by CK2 events)
bio_nildar,z_biography_traits.txt,classified `comment` in docs/evidence/faerun_custom_traits.csv (Faerûn biography/roleplaying marker read only by CK2 events)
bio_nimor,z_biography_traits.txt,classified `comment` in docs/evidence/faerun_custom_traits.csv (Faerûn biography/roleplaying marker read only by CK2 events)
bio_ningal,z_biography_traits.txt,classified `comment` in docs/evidence/faerun_custom_traits.csv (Faerûn biography/roleplaying marker read only by CK2 events)
bio_nobanion,z_biography_traits.txt,classified `comment` in docs/evidence/faerun_custom_traits.csv (Faerûn biography/roleplaying marker read only by CK2 events)
bio_nocturne,z_biography_traits.txt,classified `comment` in docs/evidence/faerun_custom_traits.csv (Faerûn biography/roleplaying marker read only by CK2 events)
bio_nuli,z_biography_traits.txt,classified `comment` in docs/evidence/faerun_custom_traits.csv (Faerûn biography/roleplaying marker read only by CK2 events)
bio_nung_chiang,z_biography_traits.txt,classified `comment` in docs/evidence/faerun_custom_traits.csv (Faerûn biography/roleplaying marker read only by CK2 events)
bio_nym,z_biography_traits.txt,classified `comment` in docs/evidence/faerun_custom_traits.csv (Faerûn biography/roleplaying marker read only by CK2 events)
bio_nymara,z_biography_traits.txt,classified `comment` in docs/evidence/faerun_custom_traits.csv (Faerûn biography/roleplaying marker read only by CK2 events)
bio_obould,z_biography_traits.txt,classified `comment` in docs/evidence/faerun_custom_traits.csv (Faerûn biography/roleplaying marker read only by CK2 events)
bio_obould_xvii,z_biography_traits.txt,classified `comment` in docs/evidence/faerun_custom_traits.csv (Faerûn biography/roleplaying marker read only by CK2 events)
bio_ogandi,z_biography_traits.txt,classified `comment` in docs/evidence/faerun_custom_traits.csv (Faerûn biography/roleplaying marker read only by CK2 events)
bio_orcus,z_biography_traits.txt,classified `comment` in docs/evidence/faerun_custom_traits.csv (Faerûn biography/roleplaying marker read only by CK2 events)
bio_ordalf,z_biography_traits.txt,classified `comment` in docs/evidence/faerun_custom_traits.csv (Faerûn biography/roleplaying marker read only by CK2 events)
bio_orin,z_biography_traits.txt,classified `comment` in docs/evidence/faerun_custom_traits.csv (Faerûn biography/roleplaying marker read only by CK2 events)
bio_oswald,z_biography_traits.txt,classified `comment` in docs/evidence/faerun_custom_traits.csv (Faerûn biography/roleplaying marker read only by CK2 events)
bio_othovir,z_biography_traits.txt,classified `comment` in docs/evidence/faerun_custom_traits.csv (Faerûn biography/roleplaying marker read only by CK2 events)
bio_pandorym,z_biography_traits.txt,classified `comment` in docs/evidence/faerun_custom_traits.csv (Faerûn biography/roleplaying marker read only by CK2 events)
bio_pelendralaar,z_biography_traits.txt,classified `comment` in docs/evidence/faerun_custom_traits.csv (Faerûn biography/roleplaying marker read only by CK2 events)
bio_penelope,z_biography_traits.txt,classified `comment` in docs/evidence/faerun_custom_traits.csv (Faerûn biography/roleplaying marker read only by CK2 events)
bio_pereghost,z_biography_traits.txt,classified `comment` in docs/evidence/faerun_custom_traits.csv (Faerûn biography/roleplaying marker read only by CK2 events)
bio_pharaun,z_biography_traits.txt,classified `comment` in docs/evidence/faerun_custom_traits.csv (Faerûn biography/roleplaying marker read only by CK2 events)
bio_piergeiron,z_biography_traits.txt,classified `comment` in docs/evidence/faerun_custom_traits.csv (Faerûn biography/roleplaying marker read only by CK2 events)
bio_presto,z_biography_traits.txt,classified `comment` in docs/evidence/faerun_custom_traits.csv (Faerûn biography/roleplaying marker read only by CK2 events)
bio_protanther,z_biography_traits.txt,classified `comment` in docs/evidence/faerun_custom_traits.csv (Faerûn biography/roleplaying marker read only by CK2 events)
bio_pwyll,z_biography_traits.txt,classified `comment` in docs/evidence/faerun_custom_traits.csv (Faerûn biography/roleplaying marker read only by CK2 events)
bio_quavylene,z_biography_traits.txt,classified `comment` in docs/evidence/faerun_custom_traits.csv (Faerûn biography/roleplaying marker read only by CK2 events)
bio_quayle,z_biography_traits.txt,classified `comment` in docs/evidence/faerun_custom_traits.csv (Faerûn biography/roleplaying marker read only by CK2 events)
bio_quenthel,z_biography_traits.txt,classified `comment` in docs/evidence/faerun_custom_traits.csv (Faerûn biography/roleplaying marker read only by CK2 events)
bio_rakor,z_biography_traits.txt,classified `comment` in docs/evidence/faerun_custom_traits.csv (Faerûn biography/roleplaying marker read only by CK2 events)
bio_raphael,z_biography_traits.txt,classified `comment` in docs/evidence/faerun_custom_traits.csv (Faerûn biography/roleplaying marker read only by CK2 events)
bio_rasaad,z_biography_traits.txt,classified `comment` in docs/evidence/faerun_custom_traits.csv (Faerûn biography/roleplaying marker read only by CK2 events)
bio_rashel,z_biography_traits.txt,classified `comment` in docs/evidence/faerun_custom_traits.csv (Faerûn biography/roleplaying marker read only by CK2 events)
bio_redeye,z_biography_traits.txt,classified `comment` in docs/evidence/faerun_custom_traits.csv (Faerûn biography/roleplaying marker read only by CK2 events)
bio_regis,z_biography_traits.txt,classified `comment` in docs/evidence/faerun_custom_traits.csv (Faerûn biography/roleplaying marker read only by CK2 events)
bio_remallia,z_biography_traits.txt,classified `comment` in docs/evidence/faerun_custom_traits.csv (Faerûn biography/roleplaying marker read only by CK2 events)
bio_ren,z_biography_traits.txt,classified `comment` in docs/evidence/faerun_custom_traits.csv (Faerûn biography/roleplaying marker read only by CK2 events)
bio_renwick,z_biography_traits.txt,classified `comment` in docs/evidence/faerun_custom_traits.csv (Faerûn biography/roleplaying marker read only by CK2 events)
bio_rezmir,z_biography_traits.txt,classified `comment` in docs/evidence/faerun_custom_traits.csv (Faerûn biography/roleplaying marker read only by CK2 events)
bio_rizzen,z_biography_traits.txt,classified `comment` in docs/evidence/faerun_custom_traits.csv (Faerûn biography/roleplaying marker read only by CK2 events)
bio_robillard,z_biography_traits.txt,classified `comment` in docs/evidence/faerun_custom_traits.csv (Faerûn biography/roleplaying marker read only by CK2 events)
bio_robyn,z_biography_traits.txt,classified `comment` in docs/evidence/faerun_custom_traits.csv (Faerûn biography/roleplaying marker read only by CK2 events)
bio_rora,z_biography_traits.txt,classified `comment` in docs/evidence/faerun_custom_traits.csv (Faerûn biography/roleplaying marker read only by CK2 events)
bio_rowen,z_biography_traits.txt,classified `comment` in docs/evidence/faerun_custom_traits.csv (Faerûn biography/roleplaying marker read only by CK2 events)
bio_ryld,z_biography_traits.txt,classified `comment` in docs/evidence/faerun_custom_traits.csv (Faerûn biography/roleplaying marker read only by CK2 events)
bio_rynnarvyx,z_biography_traits.txt,classified `comment` in docs/evidence/faerun_custom_traits.csv (Faerûn biography/roleplaying marker read only by CK2 events)
bio_saarvin,z_biography_traits.txt,classified `comment` in docs/evidence/faerun_custom_traits.csv (Faerûn biography/roleplaying marker read only by CK2 events)
bio_safana,z_biography_traits.txt,classified `comment` in docs/evidence/faerun_custom_traits.csv (Faerûn biography/roleplaying marker read only by CK2 events)
bio_saharel,z_biography_traits.txt,classified `comment` in docs/evidence/faerun_custom_traits.csv (Faerûn biography/roleplaying marker read only by CK2 events)
bio_sammaster,z_biography_traits.txt,classified `comment` in docs/evidence/faerun_custom_traits.csv (Faerûn biography/roleplaying marker read only by CK2 events)
bio_sangalor,z_biography_traits.txt,classified `comment` in docs/evidence/faerun_custom_traits.csv (Faerûn biography/roleplaying marker read only by CK2 events)
bio_sansuri,z_biography_traits.txt,classified `comment` in docs/evidence/faerun_custom_traits.csv (Faerûn biography/roleplaying marker read only by CK2 events)
bio_sarevok,z_biography_traits.txt,classified `comment` in docs/evidence/faerun_custom_traits.csv (Faerûn biography/roleplaying marker read only by CK2 events)
bio_sarya,z_biography_traits.txt,classified `comment` in docs/evidence/faerun_custom_traits.csv (Faerûn biography/roleplaying marker read only by CK2 events)
bio_sathfissith,z_biography_traits.txt,classified `comment` in docs/evidence/faerun_custom_traits.csv (Faerûn biography/roleplaying marker read only by CK2 events)
bio_schael,z_biography_traits.txt,classified `comment` in docs/evidence/faerun_custom_traits.csv (Faerûn biography/roleplaying marker read only by CK2 events)
bio_scyllua,z_biography_traits.txt,classified `comment` in docs/evidence/faerun_custom_traits.csv (Faerûn biography/roleplaying marker read only by CK2 events)
bio_sememmon,z_biography_traits.txt,classified `comment` in docs/evidence/faerun_custom_traits.csv (Faerûn biography/roleplaying marker read only by CK2 events)
bio_sendai,z_biography_traits.txt,classified `comment` in docs/evidence/faerun_custom_traits.csv (Faerûn biography/roleplaying marker read only by CK2 events)
bio_serissa,z_biography_traits.txt,classified `comment` in docs/evidence/faerun_custom_traits.csv (Faerûn biography/roleplaying marker read only by CK2 events)
bio_severin,z_biography_traits.txt,classified `comment` in docs/evidence/faerun_custom_traits.csv (Faerûn biography/roleplaying marker read only by CK2 events)
bio_shadowheart,z_biography_traits.txt,classified `comment` in docs/evidence/faerun_custom_traits.csv (Faerûn biography/roleplaying marker read only by CK2 events)
bio_shaerl,z_biography_traits.txt,classified `comment` in docs/evidence/faerun_custom_traits.csv (Faerûn biography/roleplaying marker read only by CK2 events)
bio_shalendra,z_biography_traits.txt,classified `comment` in docs/evidence/faerun_custom_traits.csv (Faerûn biography/roleplaying marker read only by CK2 events)
bio_shandril,z_biography_traits.txt,classified `comment` in docs/evidence/faerun_custom_traits.csv (Faerûn biography/roleplaying marker read only by CK2 events)
bio_shar_teel,z_biography_traits.txt,classified `comment` in docs/evidence/faerun_custom_traits.csv (Faerûn biography/roleplaying marker read only by CK2 events)
bio_sharpfangs,z_biography_traits.txt,classified `comment` in docs/evidence/faerun_custom_traits.csv (Faerûn biography/roleplaying marker read only by CK2 events)
bio_sharwyn,z_biography_traits.txt,classified `comment` in docs/evidence/faerun_custom_traits.csv (Faerûn biography/roleplaying marker read only by CK2 events)
bio_sheila,z_biography_traits.txt,classified `comment` in docs/evidence/faerun_custom_traits.csv (Faerûn biography/roleplaying marker read only by CK2 events)
bio_shuruppak,z_biography_traits.txt,classified `comment` in docs/evidence/faerun_custom_traits.csv (Faerûn biography/roleplaying marker read only by CK2 events)
bio_simbul,z_biography_traits.txt,classified `comment` in docs/evidence/faerun_custom_traits.csv (Faerûn biography/roleplaying marker read only by CK2 events)
bio_simon,z_biography_traits.txt,classified `comment` in docs/evidence/faerun_custom_traits.csv (Faerûn biography/roleplaying marker read only by CK2 events)
bio_sirac,z_biography_traits.txt,classified `comment` in docs/evidence/faerun_custom_traits.csv (Faerûn biography/roleplaying marker read only by CK2 events)
bio_skie,z_biography_traits.txt,classified `comment` in docs/evidence/faerun_custom_traits.csv (Faerûn biography/roleplaying marker read only by CK2 events)
bio_sofina,z_biography_traits.txt,classified `comment` in docs/evidence/faerun_custom_traits.csv (Faerûn biography/roleplaying marker read only by CK2 events)
bio_soneillon,z_biography_traits.txt,classified `comment` in docs/evidence/faerun_custom_traits.csv (Faerûn biography/roleplaying marker read only by CK2 events)
bio_songal,z_biography_traits.txt,classified `comment` in docs/evidence/faerun_custom_traits.csv (Faerûn biography/roleplaying marker read only by CK2 events)
bio_sosumptu,z_biography_traits.txt,classified `comment` in docs/evidence/faerun_custom_traits.csv (Faerûn biography/roleplaying marker read only by CK2 events)
bio_srossar,z_biography_traits.txt,classified `comment` in docs/evidence/faerun_custom_traits.csv (Faerûn biography/roleplaying marker read only by CK2 events)
bio_sseth,z_biography_traits.txt,classified `comment` in docs/evidence/faerun_custom_traits.csv (Faerûn biography/roleplaying marker read only by CK2 events)
bio_storm_silverhand,z_biography_traits.txt,classified `comment` in docs/evidence/faerun_custom_traits.csv (Faerûn biography/roleplaying marker read only by CK2 events)
bio_storvald,z_biography_traits.txt,classified `comment` in docs/evidence/faerun_custom_traits.csv (Faerûn biography/roleplaying marker read only by CK2 events)
bio_szass,z_biography_traits.txt,classified `comment` in docs/evidence/faerun_custom_traits.csv (Faerûn biography/roleplaying marker read only by CK2 events)
bio_taern,z_biography_traits.txt,classified `comment` in docs/evidence/faerun_custom_traits.csv (Faerûn biography/roleplaying marker read only by CK2 events)
bio_tamarand,z_biography_traits.txt,classified `comment` in docs/evidence/faerun_custom_traits.csv (Faerûn biography/roleplaying marker read only by CK2 events)
bio_tanalasta,z_biography_traits.txt,classified `comment` in docs/evidence/faerun_custom_traits.csv (Faerûn biography/roleplaying marker read only by CK2 events)
bio_tchazzar,z_biography_traits.txt,classified `comment` in docs/evidence/faerun_custom_traits.csv (Faerûn biography/roleplaying marker read only by CK2 events)
bio_teirgoh,z_biography_traits.txt,classified `comment` in docs/evidence/faerun_custom_traits.csv (Faerûn biography/roleplaying marker read only by CK2 events)
bio_thalamra,z_biography_traits.txt,classified `comment` in docs/evidence/faerun_custom_traits.csv (Faerûn biography/roleplaying marker read only by CK2 events)
bio_thamalon,z_biography_traits.txt,classified `comment` in docs/evidence/faerun_custom_traits.csv (Faerûn biography/roleplaying marker read only by CK2 events)
bio_thauglorimorgorus,z_biography_traits.txt,classified `comment` in docs/evidence/faerun_custom_traits.csv (Faerûn biography/roleplaying marker read only by CK2 events)
bio_thavius,z_biography_traits.txt,classified `comment` in docs/evidence/faerun_custom_traits.csv (Faerûn biography/roleplaying marker read only by CK2 events)
bio_thazienne,z_biography_traits.txt,classified `comment` in docs/evidence/faerun_custom_traits.csv (Faerûn biography/roleplaying marker read only by CK2 events)
bio_themberchaud,z_biography_traits.txt,classified `comment` in docs/evidence/faerun_custom_traits.csv (Faerûn biography/roleplaying marker read only by CK2 events)
bio_tiago,z_biography_traits.txt,classified `comment` in docs/evidence/faerun_custom_traits.csv (Faerûn biography/roleplaying marker read only by CK2 events)
bio_tiamat_planar,z_biography_traits.txt,classified `comment` in docs/evidence/faerun_custom_traits.csv (Faerûn biography/roleplaying marker read only by CK2 events)
bio_tiamat_unther,z_biography_traits.txt,classified `comment` in docs/evidence/faerun_custom_traits.csv (Faerûn biography/roleplaying marker read only by CK2 events)
bio_tiax,z_biography_traits.txt,classified `comment` in docs/evidence/faerun_custom_traits.csv (Faerûn biography/roleplaying marker read only by CK2 events)
bio_tomi,z_biography_traits.txt,classified `comment` in docs/evidence/faerun_custom_traits.csv (Faerûn biography/roleplaying marker read only by CK2 events)
bio_torg,z_biography_traits.txt,classified `comment` in docs/evidence/faerun_custom_traits.csv (Faerûn biography/roleplaying marker read only by CK2 events)
bio_torlin,z_biography_traits.txt,classified `comment` in docs/evidence/faerun_custom_traits.csv (Faerûn biography/roleplaying marker read only by CK2 events)
bio_trelasarra,z_biography_traits.txt,classified `comment` in docs/evidence/faerun_custom_traits.csv (Faerûn biography/roleplaying marker read only by CK2 events)
bio_triel,z_biography_traits.txt,classified `comment` in docs/evidence/faerun_custom_traits.csv (Faerûn biography/roleplaying marker read only by CK2 events)
bio_tristan,z_biography_traits.txt,classified `comment` in docs/evidence/faerun_custom_traits.csv (Faerûn biography/roleplaying marker read only by CK2 events)
bio_trobriand,z_biography_traits.txt,classified `comment` in docs/evidence/faerun_custom_traits.csv (Faerûn biography/roleplaying marker read only by CK2 events)
bio_trovus,z_biography_traits.txt,classified `comment` in docs/evidence/faerun_custom_traits.csv (Faerûn biography/roleplaying marker read only by CK2 events)
bio_tsabanor,z_biography_traits.txt,classified `comment` in docs/evidence/faerun_custom_traits.csv (Faerûn biography/roleplaying marker read only by CK2 events)
bio_tsabrak,z_biography_traits.txt,classified `comment` in docs/evidence/faerun_custom_traits.csv (Faerûn biography/roleplaying marker read only by CK2 events)
bio_tsao,z_biography_traits.txt,classified `comment` in docs/evidence/faerun_custom_traits.csv (Faerûn biography/roleplaying marker read only by CK2 events)
bio_tyranthraxus,z_biography_traits.txt,classified `comment` in docs/evidence/faerun_custom_traits.csv (Faerûn biography/roleplaying marker read only by CK2 events)
bio_ulder,z_biography_traits.txt,classified `comment` in docs/evidence/faerun_custom_traits.csv (Faerûn biography/roleplaying marker read only by CK2 events)
bio_uresgol,z_biography_traits.txt,classified `comment` in docs/evidence/faerun_custom_traits.csv (Faerûn biography/roleplaying marker read only by CK2 events)
bio_ususi,z_biography_traits.txt,classified `comment` in docs/evidence/faerun_custom_traits.csv (Faerûn biography/roleplaying marker read only by CK2 events)
bio_vaelish,z_biography_traits.txt,classified `comment` in docs/evidence/faerun_custom_traits.csv (Faerûn biography/roleplaying marker read only by CK2 events)
bio_vajra,z_biography_traits.txt,classified `comment` in docs/evidence/faerun_custom_traits.csv (Faerûn biography/roleplaying marker read only by CK2 events)
bio_vala,z_biography_traits.txt,classified `comment` in docs/evidence/faerun_custom_traits.csv (Faerûn biography/roleplaying marker read only by CK2 events)
bio_valamaradace,z_biography_traits.txt,classified `comment` in docs/evidence/faerun_custom_traits.csv (Faerûn biography/roleplaying marker read only by CK2 events)
bio_valen,z_biography_traits.txt,classified `comment` in docs/evidence/faerun_custom_traits.csv (Faerûn biography/roleplaying marker read only by CK2 events)
bio_valindra,z_biography_traits.txt,classified `comment` in docs/evidence/faerun_custom_traits.csv (Faerûn biography/roleplaying marker read only by CK2 events)
bio_valygar,z_biography_traits.txt,classified `comment` in docs/evidence/faerun_custom_traits.csv (Faerûn biography/roleplaying marker read only by CK2 events)
bio_veiti,z_biography_traits.txt,classified `comment` in docs/evidence/faerun_custom_traits.csv (Faerûn biography/roleplaying marker read only by CK2 events)
bio_vellynne,z_biography_traits.txt,classified `comment` in docs/evidence/faerun_custom_traits.csv (Faerûn biography/roleplaying marker read only by CK2 events)
bio_vendes,z_biography_traits.txt,classified `comment` in docs/evidence/faerun_custom_traits.csv (Faerûn biography/roleplaying marker read only by CK2 events)
bio_venger,z_biography_traits.txt,classified `comment` in docs/evidence/faerun_custom_traits.csv (Faerûn biography/roleplaying marker read only by CK2 events)
bio_viconia,z_biography_traits.txt,classified `comment` in docs/evidence/faerun_custom_traits.csv (Faerûn biography/roleplaying marker read only by CK2 events)
bio_vierna,z_biography_traits.txt,classified `comment` in docs/evidence/faerun_custom_traits.csv (Faerûn biography/roleplaying marker read only by CK2 events)
bio_vizeran,z_biography_traits.txt,classified `comment` in docs/evidence/faerun_custom_traits.csv (Faerûn biography/roleplaying marker read only by CK2 events)
bio_voaraghamanthar,z_biography_traits.txt,classified `comment` in docs/evidence/faerun_custom_traits.csv (Faerûn biography/roleplaying marker read only by CK2 events)
bio_voghiln,z_biography_traits.txt,classified `comment` in docs/evidence/faerun_custom_traits.csv (Faerûn biography/roleplaying marker read only by CK2 events)
bio_volo,z_biography_traits.txt,classified `comment` in docs/evidence/faerun_custom_traits.csv (Faerûn biography/roleplaying marker read only by CK2 events)
bio_volsembra,z_biography_traits.txt,classified `comment` in docs/evidence/faerun_custom_traits.csv (Faerûn biography/roleplaying marker read only by CK2 events)
bio_voss,z_biography_traits.txt,classified `comment` in docs/evidence/faerun_custom_traits.csv (Faerûn biography/roleplaying marker read only by CK2 events)
bio_waervaerendor,z_biography_traits.txt,classified `comment` in docs/evidence/faerun_custom_traits.csv (Faerûn biography/roleplaying marker read only by CK2 events)
bio_wulfgar,z_biography_traits.txt,classified `comment` in docs/evidence/faerun_custom_traits.csv (Faerûn biography/roleplaying marker read only by CK2 events)
bio_wyll,z_biography_traits.txt,classified `comment` in docs/evidence/faerun_custom_traits.csv (Faerûn biography/roleplaying marker read only by CK2 events)
bio_xan,z_biography_traits.txt,classified `comment` in docs/evidence/faerun_custom_traits.csv (Faerûn biography/roleplaying marker read only by CK2 events)
bio_xanathar,z_biography_traits.txt,classified `comment` in docs/evidence/faerun_custom_traits.csv (Faerûn biography/roleplaying marker read only by CK2 events)
bio_xanos,z_biography_traits.txt,classified `comment` in docs/evidence/faerun_custom_traits.csv (Faerûn biography/roleplaying marker read only by CK2 events)
bio_xardorok,z_biography_traits.txt,classified `comment` in docs/evidence/faerun_custom_traits.csv (Faerûn biography/roleplaying marker read only by CK2 events)
bio_xenk,z_biography_traits.txt,classified `comment` in docs/evidence/faerun_custom_traits.csv (Faerûn biography/roleplaying marker read only by CK2 events)
bio_xeremiah,z_biography_traits.txt,classified `comment` in docs/evidence/faerun_custom_traits.csv (Faerûn biography/roleplaying marker read only by CK2 events)
bio_xvim,z_biography_traits.txt,classified `comment` in docs/evidence/faerun_custom_traits.csv (Faerûn biography/roleplaying marker read only by CK2 events)
bio_xzar,z_biography_traits.txt,classified `comment` in docs/evidence/faerun_custom_traits.csv (Faerûn biography/roleplaying marker read only by CK2 events)
bio_xzar2,z_biography_traits.txt,classified `comment` in docs/evidence/faerun_custom_traits.csv (Faerûn biography/roleplaying marker read only by CK2 events)
bio_yamun,z_biography_traits.txt,classified `comment` in docs/evidence/faerun_custom_traits.csv (Faerûn biography/roleplaying marker read only by CK2 events)
bio_yeenoghu,z_biography_traits.txt,classified `comment` in docs/evidence/faerun_custom_traits.csv (Faerûn biography/roleplaying marker read only by CK2 events)
bio_yeslick,z_biography_traits.txt,classified `comment` in docs/evidence/faerun_custom_traits.csv (Faerûn biography/roleplaying marker read only by CK2 events)
bio_yoshimo,z_biography_traits.txt,classified `comment` in docs/evidence/faerun_custom_traits.csv (Faerûn biography/roleplaying marker read only by CK2 events)
bio_yu_wu,z_biography_traits.txt,classified `comment` in docs/evidence/faerun_custom_traits.csv (Faerûn biography/roleplaying marker read only by CK2 events)
bio_yvonnel,z_biography_traits.txt,classified `comment` in docs/evidence/faerun_custom_traits.csv (Faerûn biography/roleplaying marker read only by CK2 events)
bio_zaknafein,z_biography_traits.txt,classified `comment` in docs/evidence/faerun_custom_traits.csv (Faerûn biography/roleplaying marker read only by CK2 events)
bio_zaltember,z_biography_traits.txt,classified `comment` in docs/evidence/faerun_custom_traits.csv (Faerûn biography/roleplaying marker read only by CK2 events)
bio_zalto,z_biography_traits.txt,classified `comment` in docs/evidence/faerun_custom_traits.csv (Faerûn biography/roleplaying marker read only by CK2 events)
bio_zaranda,z_biography_traits.txt,classified `comment` in docs/evidence/faerun_custom_traits.csv (Faerûn biography/roleplaying marker read only by CK2 events)
bio_zariel,z_biography_traits.txt,classified `comment` in docs/evidence/faerun_custom_traits.csv (Faerûn biography/roleplaying marker read only by CK2 events)
bio_zelraun,z_biography_traits.txt,classified `comment` in docs/evidence/faerun_custom_traits.csv (Faerûn biography/roleplaying marker read only by CK2 events)
bio_zhengyi,z_biography_traits.txt,classified `comment` in docs/evidence/faerun_custom_traits.csv (Faerûn biography/roleplaying marker read only by CK2 events)
bio_zhjaeve,z_biography_traits.txt,classified `comment` in docs/evidence/faerun_custom_traits.csv (Faerûn biography/roleplaying marker read only by CK2 events)
bio_zrie,z_biography_traits.txt,classified `comment` in docs/evidence/faerun_custom_traits.csv (Faerûn biography/roleplaying marker read only by CK2 events)
bio_zushaxx,z_biography_traits.txt,classified `comment` in docs/evidence/faerun_custom_traits.csv (Faerûn biography/roleplaying marker read only by CK2 events)
bisexual,roleplaying_traits.txt,classified `comment` in docs/evidence/faerun_custom_traits.csv (Faerûn biography/roleplaying marker read only by CK2 events)
black_chung_tao,god_patron_traits.txt,classified `comment` in docs/evidence/faerun_custom_traits.csv (Faerûn biography/roleplaying marker read only by CK2 events)
chosen_asmodeus,religious_traits.txt,classified `comment` in docs/evidence/faerun_custom_traits.csv (Faerûn biography/roleplaying marker read only by CK2 events)
chosen_auril,religious_traits.txt,classified `comment` in docs/evidence/faerun_custom_traits.csv (Faerûn biography/roleplaying marker read only by CK2 events)
chosen_bahamut,religious_traits.txt,classified `comment` in docs/evidence/faerun_custom_traits.csv (Faerûn biography/roleplaying marker read only by CK2 events)
chosen_bane,religious_traits.txt,classified `comment` in docs/evidence/faerun_custom_traits.csv (Faerûn biography/roleplaying marker read only by CK2 events)
chosen_bhaal,religious_traits.txt,classified `comment` in docs/evidence/faerun_custom_traits.csv (Faerûn biography/roleplaying marker read only by CK2 events)
chosen_cyric,religious_traits.txt,classified `comment` in docs/evidence/faerun_custom_traits.csv (Faerûn biography/roleplaying marker read only by CK2 events)
chosen_deneir,religious_traits.txt,classified `comment` in docs/evidence/faerun_custom_traits.csv (Faerûn biography/roleplaying marker read only by CK2 events)
chosen_eilistraee,religious_traits.txt,classified `comment` in docs/evidence/faerun_custom_traits.csv (Faerûn biography/roleplaying marker read only by CK2 events)
chosen_enlil,religious_traits.txt,classified `comment` in docs/evidence/faerun_custom_traits.csv (Faerûn biography/roleplaying marker read only by CK2 events)
chosen_faceless_god,religious_traits.txt,classified `comment` in docs/evidence/faerun_custom_traits.csv (Faerûn biography/roleplaying marker read only by CK2 events)
chosen_gilgeam,religious_traits.txt,classified `comment` in docs/evidence/faerun_custom_traits.csv (Faerûn biography/roleplaying marker read only by CK2 events)
chosen_gruumsh,religious_traits.txt,classified `comment` in docs/evidence/faerun_custom_traits.csv (Faerûn biography/roleplaying marker read only by CK2 events)
chosen_helm,religious_traits.txt,classified `comment` in docs/evidence/faerun_custom_traits.csv (Faerûn biography/roleplaying marker read only by CK2 events)
chosen_kossuth,religious_traits.txt,classified `comment` in docs/evidence/faerun_custom_traits.csv (Faerûn biography/roleplaying marker read only by CK2 events)
chosen_lolth,religious_traits.txt,classified `comment` in docs/evidence/faerun_custom_traits.csv (Faerûn biography/roleplaying marker read only by CK2 events)
chosen_malar,religious_traits.txt,classified `comment` in docs/evidence/faerun_custom_traits.csv (Faerûn biography/roleplaying marker read only by CK2 events)
chosen_mask,religious_traits.txt,classified `comment` in docs/evidence/faerun_custom_traits.csv (Faerûn biography/roleplaying marker read only by CK2 events)
chosen_mielikki,religious_traits.txt,classified `comment` in docs/evidence/faerun_custom_traits.csv (Faerûn biography/roleplaying marker read only by CK2 events)
chosen_myrkul,religious_traits.txt,classified `comment` in docs/evidence/faerun_custom_traits.csv (Faerûn biography/roleplaying marker read only by CK2 events)
chosen_mystra,religious_traits.txt,classified `comment` in docs/evidence/faerun_custom_traits.csv (Faerûn biography/roleplaying marker read only by CK2 events)
chosen_seldarine,religious_traits.txt,classified `comment` in docs/evidence/faerun_custom_traits.csv (Faerûn biography/roleplaying marker read only by CK2 events)
chosen_shar,religious_traits.txt,classified `comment` in docs/evidence/faerun_custom_traits.csv (Faerûn biography/roleplaying marker read only by CK2 events)
chosen_siamorphe,religious_traits.txt,classified `comment` in docs/evidence/faerun_custom_traits.csv (Faerûn biography/roleplaying marker read only by CK2 events)
chosen_sseth,religious_traits.txt,classified `comment` in docs/evidence/faerun_custom_traits.csv (Faerûn biography/roleplaying marker read only by CK2 events)
chosen_sune,religious_traits.txt,classified `comment` in docs/evidence/faerun_custom_traits.csv (Faerûn biography/roleplaying marker read only by CK2 events)
chosen_talona,religious_traits.txt,classified `comment` in docs/evidence/faerun_custom_traits.csv (Faerûn biography/roleplaying marker read only by CK2 events)
chosen_thasmudyan,religious_traits.txt,classified `comment` in docs/evidence/faerun_custom_traits.csv (Faerûn biography/roleplaying marker read only by CK2 events)
chosen_tiamat,religious_traits.txt,classified `comment` in docs/evidence/faerun_custom_traits.csv (Faerûn biography/roleplaying marker read only by CK2 events)
chosen_ubtao,religious_traits.txt,classified `comment` in docs/evidence/faerun_custom_traits.csv (Faerûn biography/roleplaying marker read only by CK2 events)
chosen_umberlee,religious_traits.txt,classified `comment` in docs/evidence/faerun_custom_traits.csv (Faerûn biography/roleplaying marker read only by CK2 events)
class_monk,character_class_traits.txt,classified `comment` in docs/evidence/faerun_custom_traits.csv (Faerûn biography/roleplaying marker read only by CK2 events)
cleric,character_class_traits.txt,classified `comment` in docs/evidence/faerun_custom_traits.csv (Faerûn biography/roleplaying marker read only by CK2 events)
druid,character_class_traits.txt,classified `comment` in docs/evidence/faerun_custom_traits.csv (Faerûn biography/roleplaying marker read only by CK2 events)
ethoist,religious_traits.txt,classified `comment` in docs/evidence/faerun_custom_traits.csv (Faerûn biography/roleplaying marker read only by CK2 events)
expert_aristocrat,character_class_traits.txt,classified `comment` in docs/evidence/faerun_custom_traits.csv (Faerûn biography/roleplaying marker read only by CK2 events)
expert_artificer,character_class_traits.txt,classified `comment` in docs/evidence/faerun_custom_traits.csv (Faerûn biography/roleplaying marker read only by CK2 events)
expert_barbarian,character_class_traits.txt,classified `comment` in docs/evidence/faerun_custom_traits.csv (Faerûn biography/roleplaying marker read only by CK2 events)
expert_bard,character_class_traits.txt,classified `comment` in docs/evidence/faerun_custom_traits.csv (Faerûn biography/roleplaying marker read only by CK2 events)
expert_cleric,character_class_traits.txt,classified `comment` in docs/evidence/faerun_custom_traits.csv (Faerûn biography/roleplaying marker read only by CK2 events)
expert_druid,character_class_traits.txt,classified `comment` in docs/evidence/faerun_custom_traits.csv (Faerûn biography/roleplaying marker read only by CK2 events)
expert_fighter,character_class_traits.txt,classified `comment` in docs/evidence/faerun_custom_traits.csv (Faerûn biography/roleplaying marker read only by CK2 events)
expert_monk,character_class_traits.txt,classified `comment` in docs/evidence/faerun_custom_traits.csv (Faerûn biography/roleplaying marker read only by CK2 events)
expert_paladin,character_class_traits.txt,classified `comment` in docs/evidence/faerun_custom_traits.csv (Faerûn biography/roleplaying marker read only by CK2 events)
expert_psion,character_class_traits.txt,classified `comment` in docs/evidence/faerun_custom_traits.csv (Faerûn biography/roleplaying marker read only by CK2 events)
expert_ranger,character_class_traits.txt,classified `comment` in docs/evidence/faerun_custom_traits.csv (Faerûn biography/roleplaying marker read only by CK2 events)
expert_rogue,character_class_traits.txt,classified `comment` in docs/evidence/faerun_custom_traits.csv (Faerûn biography/roleplaying marker read only by CK2 events)
expert_shadow,character_class_traits.txt,classified `comment` in docs/evidence/faerun_custom_traits.csv (Faerûn biography/roleplaying marker read only by CK2 events)
expert_sorcerer,character_class_traits.txt,classified `comment` in docs/evidence/faerun_custom_traits.csv (Faerûn biography/roleplaying marker read only by CK2 events)
expert_warlock,character_class_traits.txt,classified `comment` in docs/evidence/faerun_custom_traits.csv (Faerûn biography/roleplaying marker read only by CK2 events)
expert_wizard,character_class_traits.txt,classified `comment` in docs/evidence/faerun_custom_traits.csv (Faerûn biography/roleplaying marker read only by CK2 events)
fighter,character_class_traits.txt,classified `comment` in docs/evidence/faerun_custom_traits.csv (Faerûn biography/roleplaying marker read only by CK2 events)
former_adventurer,roleplaying_traits.txt,classified `comment` in docs/evidence/faerun_custom_traits.csv (Faerûn biography/roleplaying marker read only by CK2 events)
journeyman_aristocrat,character_class_traits.txt,classified `comment` in docs/evidence/faerun_custom_traits.csv (Faerûn biography/roleplaying marker read only by CK2 events)
journeyman_artificer,character_class_traits.txt,classified `comment` in docs/evidence/faerun_custom_traits.csv (Faerûn biography/roleplaying marker read only by CK2 events)
journeyman_barbarian,character_class_traits.txt,classified `comment` in docs/evidence/faerun_custom_traits.csv (Faerûn biography/roleplaying marker read only by CK2 events)
journeyman_bard,character_class_traits.txt,classified `comment` in docs/evidence/faerun_custom_traits.csv (Faerûn biography/roleplaying marker read only by CK2 events)
journeyman_cleric,character_class_traits.txt,classified `comment` in docs/evidence/faerun_custom_traits.csv (Faerûn biography/roleplaying marker read only by CK2 events)
journeyman_druid,character_class_traits.txt,classified `comment` in docs/evidence/faerun_custom_traits.csv (Faerûn biography/roleplaying marker read only by CK2 events)
journeyman_fighter,character_class_traits.txt,classified `comment` in docs/evidence/faerun_custom_traits.csv (Faerûn biography/roleplaying marker read only by CK2 events)
journeyman_monk,character_class_traits.txt,classified `comment` in docs/evidence/faerun_custom_traits.csv (Faerûn biography/roleplaying marker read only by CK2 events)
journeyman_paladin,character_class_traits.txt,classified `comment` in docs/evidence/faerun_custom_traits.csv (Faerûn biography/roleplaying marker read only by CK2 events)
journeyman_psion,character_class_traits.txt,classified `comment` in docs/evidence/faerun_custom_traits.csv (Faerûn biography/roleplaying marker read only by CK2 events)
journeyman_ranger,character_class_traits.txt,classified `comment` in docs/evidence/faerun_custom_traits.csv (Faerûn biography/roleplaying marker read only by CK2 events)
journeyman_rogue,character_class_traits.txt,classified `comment` in docs/evidence/faerun_custom_traits.csv (Faerûn biography/roleplaying marker read only by CK2 events)
journeyman_shadow,character_class_traits.txt,classified `comment` in docs/evidence/faerun_custom_traits.csv (Faerûn biography/roleplaying marker read only by CK2 events)
journeyman_sorcerer,character_class_traits.txt,classified `comment` in docs/evidence/faerun_custom_traits.csv (Faerûn biography/roleplaying marker read only by CK2 events)
journeyman_warlock,character_class_traits.txt,classified `comment` in docs/evidence/faerun_custom_traits.csv (Faerûn biography/roleplaying marker read only by CK2 events)
journeyman_wizard,character_class_traits.txt,classified `comment` in docs/evidence/faerun_custom_traits.csv (Faerûn biography/roleplaying marker read only by CK2 events)
legendary_aristocrat,character_class_traits.txt,classified `comment` in docs/evidence/faerun_custom_traits.csv (Faerûn biography/roleplaying marker read only by CK2 events)
legendary_artificer,character_class_traits.txt,classified `comment` in docs/evidence/faerun_custom_traits.csv (Faerûn biography/roleplaying marker read only by CK2 events)
legendary_barbarian,character_class_traits.txt,classified `comment` in docs/evidence/faerun_custom_traits.csv (Faerûn biography/roleplaying marker read only by CK2 events)
legendary_bard,character_class_traits.txt,classified `comment` in docs/evidence/faerun_custom_traits.csv (Faerûn biography/roleplaying marker read only by CK2 events)
legendary_cleric,character_class_traits.txt,classified `comment` in docs/evidence/faerun_custom_traits.csv (Faerûn biography/roleplaying marker read only by CK2 events)
legendary_druid,character_class_traits.txt,classified `comment` in docs/evidence/faerun_custom_traits.csv (Faerûn biography/roleplaying marker read only by CK2 events)
legendary_fighter,character_class_traits.txt,classified `comment` in docs/evidence/faerun_custom_traits.csv (Faerûn biography/roleplaying marker read only by CK2 events)
legendary_monk,character_class_traits.txt,classified `comment` in docs/evidence/faerun_custom_traits.csv (Faerûn biography/roleplaying marker read only by CK2 events)
legendary_paladin,character_class_traits.txt,classified `comment` in docs/evidence/faerun_custom_traits.csv (Faerûn biography/roleplaying marker read only by CK2 events)
legendary_psion,character_class_traits.txt,classified `comment` in docs/evidence/faerun_custom_traits.csv (Faerûn biography/roleplaying marker read only by CK2 events)
legendary_ranger,character_class_traits.txt,classified `comment` in docs/evidence/faerun_custom_traits.csv (Faerûn biography/roleplaying marker read only by CK2 events)
legendary_rogue,character_class_traits.txt,classified `comment` in docs/evidence/faerun_custom_traits.csv (Faerûn biography/roleplaying marker read only by CK2 events)
legendary_shadow,character_class_traits.txt,classified `comment` in docs/evidence/faerun_custom_traits.csv (Faerûn biography/roleplaying marker read only by CK2 events)
legendary_sorcerer,character_class_traits.txt,classified `comment` in docs/evidence/faerun_custom_traits.csv (Faerûn biography/roleplaying marker read only by CK2 events)
legendary_warlock,character_class_traits.txt,classified `comment` in docs/evidence/faerun_custom_traits.csv (Faerûn biography/roleplaying marker read only by CK2 events)
legendary_wizard,character_class_traits.txt,classified `comment` in docs/evidence/faerun_custom_traits.csv (Faerûn biography/roleplaying marker read only by CK2 events)
loyal,roleplaying_traits.txt,classified `comment` in docs/evidence/faerun_custom_traits.csv (Faerûn biography/roleplaying marker read only by CK2 events)
master_aristocrat,character_class_traits.txt,classified `comment` in docs/evidence/faerun_custom_traits.csv (Faerûn biography/roleplaying marker read only by CK2 events)
master_artificer,character_class_traits.txt,classified `comment` in docs/evidence/faerun_custom_traits.csv (Faerûn biography/roleplaying marker read only by CK2 events)
master_barbarian,character_class_traits.txt,classified `comment` in docs/evidence/faerun_custom_traits.csv (Faerûn biography/roleplaying marker read only by CK2 events)
master_bard,character_class_traits.txt,classified `comment` in docs/evidence/faerun_custom_traits.csv (Faerûn biography/roleplaying marker read only by CK2 events)
master_cleric,character_class_traits.txt,classified `comment` in docs/evidence/faerun_custom_traits.csv (Faerûn biography/roleplaying marker read only by CK2 events)
master_druid,character_class_traits.txt,classified `comment` in docs/evidence/faerun_custom_traits.csv (Faerûn biography/roleplaying marker read only by CK2 events)
master_fighter,character_class_traits.txt,classified `comment` in docs/evidence/faerun_custom_traits.csv (Faerûn biography/roleplaying marker read only by CK2 events)
master_monk,character_class_traits.txt,classified `comment` in docs/evidence/faerun_custom_traits.csv (Faerûn biography/roleplaying marker read only by CK2 events)
master_paladin,character_class_traits.txt,classified `comment` in docs/evidence/faerun_custom_traits.csv (Faerûn biography/roleplaying marker read only by CK2 events)
master_psion,character_class_traits.txt,classified `comment` in docs/evidence/faerun_custom_traits.csv (Faerûn biography/roleplaying marker read only by CK2 events)
master_ranger,character_class_traits.txt,classified `comment` in docs/evidence/faerun_custom_traits.csv (Faerûn biography/roleplaying marker read only by CK2 events)
master_rogue,character_class_traits.txt,classified `comment` in docs/evidence/faerun_custom_traits.csv (Faerûn biography/roleplaying marker read only by CK2 events)
master_shadow,character_class_traits.txt,classified `comment` in docs/evidence/faerun_custom_traits.csv (Faerûn biography/roleplaying marker read only by CK2 events)
master_sorcerer,character_class_traits.txt,classified `comment` in docs/evidence/faerun_custom_traits.csv (Faerûn biography/roleplaying marker read only by CK2 events)
master_warlock,character_class_traits.txt,classified `comment` in docs/evidence/faerun_custom_traits.csv (Faerûn biography/roleplaying marker read only by CK2 events)
master_wizard,character_class_traits.txt,classified `comment` in docs/evidence/faerun_custom_traits.csv (Faerûn biography/roleplaying marker read only by CK2 events)
moralist,religious_traits.txt,classified `comment` in docs/evidence/faerun_custom_traits.csv (Faerûn biography/roleplaying marker read only by CK2 events)
padhran_mountain,god_patron_traits.txt,classified `comment` in docs/evidence/faerun_custom_traits.csv (Faerûn biography/roleplaying marker read only by CK2 events)
padhran_ocean,god_patron_traits.txt,classified `comment` in docs/evidence/faerun_custom_traits.csv (Faerûn biography/roleplaying marker read only by CK2 events)
padhran_river,god_patron_traits.txt,classified `comment` in docs/evidence/faerun_custom_traits.csv (Faerûn biography/roleplaying marker read only by CK2 events)
paladin,character_class_traits.txt,classified `comment` in docs/evidence/faerun_custom_traits.csv (Faerûn biography/roleplaying marker read only by CK2 events)
patron_abbathor,god_patron_traits.txt,classified `comment` in docs/evidence/faerun_custom_traits.csv (Faerûn biography/roleplaying marker read only by CK2 events)
patron_achazar,god_patron_traits.txt,classified `comment` in docs/evidence/faerun_custom_traits.csv (Faerûn biography/roleplaying marker read only by CK2 events)
patron_aerdrie_faenya,god_patron_traits.txt,classified `comment` in docs/evidence/faerun_custom_traits.csv (Faerûn biography/roleplaying marker read only by CK2 events)
patron_agni,god_patron_traits.txt,classified `comment` in docs/evidence/faerun_custom_traits.csv (Faerûn biography/roleplaying marker read only by CK2 events)
patron_ai_ching,god_patron_traits.txt,classified `comment` in docs/evidence/faerun_custom_traits.csv (Faerûn biography/roleplaying marker read only by CK2 events)
patron_akadi,god_patron_traits.txt,classified `comment` in docs/evidence/faerun_custom_traits.csv (Faerûn biography/roleplaying marker read only by CK2 events)
patron_amaunator,god_patron_traits.txt,classified `comment` in docs/evidence/faerun_custom_traits.csv (Faerûn biography/roleplaying marker read only by CK2 events)
patron_anhur,god_patron_traits.txt,classified `comment` in docs/evidence/faerun_custom_traits.csv (Faerûn biography/roleplaying marker read only by CK2 events)
patron_arvoreen,god_patron_traits.txt,classified `comment` in docs/evidence/faerun_custom_traits.csv (Faerûn biography/roleplaying marker read only by CK2 events)
patron_asgorath,god_patron_traits.txt,classified `comment` in docs/evidence/faerun_custom_traits.csv (Faerûn biography/roleplaying marker read only by CK2 events)
patron_astilabor,god_patron_traits.txt,classified `comment` in docs/evidence/faerun_custom_traits.csv (Faerûn biography/roleplaying marker read only by CK2 events)
patron_auppenser,god_patron_traits.txt,classified `comment` in docs/evidence/faerun_custom_traits.csv (Faerûn biography/roleplaying marker read only by CK2 events)
patron_auril,god_patron_traits.txt,classified `comment` in docs/evidence/faerun_custom_traits.csv (Faerûn biography/roleplaying marker read only by CK2 events)
patron_azul,god_patron_traits.txt,classified `comment` in docs/evidence/faerun_custom_traits.csv (Faerûn biography/roleplaying marker read only by CK2 events)
patron_azuth,god_patron_traits.txt,classified `comment` in docs/evidence/faerun_custom_traits.csv (Faerûn biography/roleplaying marker read only by CK2 events)
patron_baervan_wildwanderer,god_patron_traits.txt,classified `comment` in docs/evidence/faerun_custom_traits.csv (Faerûn biography/roleplaying marker read only by CK2 events)
patron_bahamut,god_patron_traits.txt,classified `comment` in docs/evidence/faerun_custom_traits.csv (Faerûn biography/roleplaying marker read only by CK2 events)
patron_bahgtru,god_patron_traits.txt,classified `comment` in docs/evidence/faerun_custom_traits.csv (Faerûn biography/roleplaying marker read only by CK2 events)
patron_bala,god_patron_traits.txt,classified `comment` in docs/evidence/faerun_custom_traits.csv (Faerûn biography/roleplaying marker read only by CK2 events)
patron_balder,god_patron_traits.txt,classified `comment` in docs/evidence/faerun_custom_traits.csv (Faerûn biography/roleplaying marker read only by CK2 events)
patron_bane,god_patron_traits.txt,classified `comment` in docs/evidence/faerun_custom_traits.csv (Faerûn biography/roleplaying marker read only by CK2 events)
patron_baphomet,god_patron_traits.txt,classified `comment` in docs/evidence/faerun_custom_traits.csv (Faerûn biography/roleplaying marker read only by CK2 events)
patron_baravar_cloakshadow,god_patron_traits.txt,classified `comment` in docs/evidence/faerun_custom_traits.csv (Faerûn biography/roleplaying marker read only by CK2 events)
patron_bazim_gorag,god_patron_traits.txt,classified `comment` in docs/evidence/faerun_custom_traits.csv (Faerûn biography/roleplaying marker read only by CK2 events)
patron_berronar_truesilver,god_patron_traits.txt,classified `comment` in docs/evidence/faerun_custom_traits.csv (Faerûn biography/roleplaying marker read only by CK2 events)
patron_beshaba,god_patron_traits.txt,classified `comment` in docs/evidence/faerun_custom_traits.csv (Faerûn biography/roleplaying marker read only by CK2 events)
patron_bhaal,god_patron_traits.txt,classified `comment` in docs/evidence/faerun_custom_traits.csv (Faerûn biography/roleplaying marker read only by CK2 events)
patron_blibdoolpoolp,god_patron_traits.txt,classified `comment` in docs/evidence/faerun_custom_traits.csv (Faerûn biography/roleplaying marker read only by CK2 events)
patron_botu_astok,god_patron_traits.txt,classified `comment` in docs/evidence/faerun_custom_traits.csv (Faerûn biography/roleplaying marker read only by CK2 events)
patron_brandobaris,god_patron_traits.txt,classified `comment` in docs/evidence/faerun_custom_traits.csv (Faerûn biography/roleplaying marker read only by CK2 events)
patron_callarduran_smoothhands,god_patron_traits.txt,classified `comment` in docs/evidence/faerun_custom_traits.csv (Faerûn biography/roleplaying marker read only by CK2 events)
patron_celestian,god_patron_traits.txt,classified `comment` in docs/evidence/faerun_custom_traits.csv (Faerûn biography/roleplaying marker read only by CK2 events)
patron_chan_cheng,god_patron_traits.txt,classified `comment` in docs/evidence/faerun_custom_traits.csv (Faerûn biography/roleplaying marker read only by CK2 events)
patron_chauntea,god_patron_traits.txt,classified `comment` in docs/evidence/faerun_custom_traits.csv (Faerûn biography/roleplaying marker read only by CK2 events)
patron_chen_hsiang,god_patron_traits.txt,classified `comment` in docs/evidence/faerun_custom_traits.csv (Faerûn biography/roleplaying marker read only by CK2 events)
patron_chih_shih,god_patron_traits.txt,classified `comment` in docs/evidence/faerun_custom_traits.csv (Faerûn biography/roleplaying marker read only by CK2 events)
patron_cirotralech,god_patron_traits.txt,classified `comment` in docs/evidence/faerun_custom_traits.csv (Faerûn biography/roleplaying marker read only by CK2 events)
patron_clangeddin_silverbeard,god_patron_traits.txt,classified `comment` in docs/evidence/faerun_custom_traits.csv (Faerûn biography/roleplaying marker read only by CK2 events)
patron_corellon_larethian,god_patron_traits.txt,classified `comment` in docs/evidence/faerun_custom_traits.csv (Faerûn biography/roleplaying marker read only by CK2 events)
patron_cyrrollalee,god_patron_traits.txt,classified `comment` in docs/evidence/faerun_custom_traits.csv (Faerûn biography/roleplaying marker read only by CK2 events)
patron_demogorgon,god_patron_traits.txt,classified `comment` in docs/evidence/faerun_custom_traits.csv (Faerûn biography/roleplaying marker read only by CK2 events)
patron_dendar,god_patron_traits.txt,classified `comment` in docs/evidence/faerun_custom_traits.csv (Faerûn biography/roleplaying marker read only by CK2 events)
patron_deneir,god_patron_traits.txt,classified `comment` in docs/evidence/faerun_custom_traits.csv (Faerûn biography/roleplaying marker read only by CK2 events)
patron_diirinka,god_patron_traits.txt,classified `comment` in docs/evidence/faerun_custom_traits.csv (Faerûn biography/roleplaying marker read only by CK2 events)
patron_dugmaren_brightmantle,god_patron_traits.txt,classified `comment` in docs/evidence/faerun_custom_traits.csv (Faerûn biography/roleplaying marker read only by CK2 events)
patron_dumathoin,god_patron_traits.txt,classified `comment` in docs/evidence/faerun_custom_traits.csv (Faerûn biography/roleplaying marker read only by CK2 events)
patron_dunatis,god_patron_traits.txt,classified `comment` in docs/evidence/faerun_custom_traits.csv (Faerûn biography/roleplaying marker read only by CK2 events)
patron_eha,god_patron_traits.txt,classified `comment` in docs/evidence/faerun_custom_traits.csv (Faerûn biography/roleplaying marker read only by CK2 events)
patron_eldath,god_patron_traits.txt,classified `comment` in docs/evidence/faerun_custom_traits.csv (Faerûn biography/roleplaying marker read only by CK2 events)
patron_elder_evil,god_patron_traits.txt,classified `comment` in docs/evidence/faerun_custom_traits.csv (Faerûn biography/roleplaying marker read only by CK2 events)
patron_elemental_evil,god_patron_traits.txt,classified `comment` in docs/evidence/faerun_custom_traits.csv (Faerûn biography/roleplaying marker read only by CK2 events)
patron_eltab,god_patron_traits.txt,classified `comment` in docs/evidence/faerun_custom_traits.csv (Faerûn biography/roleplaying marker read only by CK2 events)
patron_emmantiensien,god_patron_traits.txt,classified `comment` in docs/evidence/faerun_custom_traits.csv (Faerûn biography/roleplaying marker read only by CK2 events)
patron_erevan_ilesere,god_patron_traits.txt,classified `comment` in docs/evidence/faerun_custom_traits.csv (Faerûn biography/roleplaying marker read only by CK2 events)
patron_essylliss,god_patron_traits.txt,classified `comment` in docs/evidence/faerun_custom_traits.csv (Faerûn biography/roleplaying marker read only by CK2 events)
patron_fa_kuan,god_patron_traits.txt,classified `comment` in docs/evidence/faerun_custom_traits.csv (Faerûn biography/roleplaying marker read only by CK2 events)
patron_fenmarel_mestarine,god_patron_traits.txt,classified `comment` in docs/evidence/faerun_custom_traits.csv (Faerûn biography/roleplaying marker read only by CK2 events)
patron_finder_wyvernspur,god_patron_traits.txt,classified `comment` in docs/evidence/faerun_custom_traits.csv (Faerûn biography/roleplaying marker read only by CK2 events)
patron_flandal_steelskin,god_patron_traits.txt,classified `comment` in docs/evidence/faerun_custom_traits.csv (Faerûn biography/roleplaying marker read only by CK2 events)
patron_fraz_urbluu,god_patron_traits.txt,classified `comment` in docs/evidence/faerun_custom_traits.csv (Faerûn biography/roleplaying marker read only by CK2 events)
patron_fzoul_chembryl,god_patron_traits.txt,classified `comment` in docs/evidence/faerun_custom_traits.csv (Faerûn biography/roleplaying marker read only by CK2 events)
patron_gaerdal_ironhand,god_patron_traits.txt,classified `comment` in docs/evidence/faerun_custom_traits.csv (Faerûn biography/roleplaying marker read only by CK2 events)
patron_garagos,god_patron_traits.txt,classified `comment` in docs/evidence/faerun_custom_traits.csv (Faerûn biography/roleplaying marker read only by CK2 events)
patron_gargauth,god_patron_traits.txt,classified `comment` in docs/evidence/faerun_custom_traits.csv (Faerûn biography/roleplaying marker read only by CK2 events)
patron_garl_glittergold,god_patron_traits.txt,classified `comment` in docs/evidence/faerun_custom_traits.csv (Faerûn biography/roleplaying marker read only by CK2 events)
patron_garyx,god_patron_traits.txt,classified `comment` in docs/evidence/faerun_custom_traits.csv (Faerûn biography/roleplaying marker read only by CK2 events)
patron_geb,god_patron_traits.txt,classified `comment` in docs/evidence/faerun_custom_traits.csv (Faerûn biography/roleplaying marker read only by CK2 events)
patron_ghaunadaur,god_patron_traits.txt,classified `comment` in docs/evidence/faerun_custom_traits.csv (Faerûn biography/roleplaying marker read only by CK2 events)
patron_gilgeam,god_patron_traits.txt,classified `comment` in docs/evidence/faerun_custom_traits.csv (Faerûn biography/roleplaying marker read only by CK2 events)
patron_gond,god_patron_traits.txt,classified `comment` in docs/evidence/faerun_custom_traits.csv (Faerûn biography/roleplaying marker read only by CK2 events)
patron_gorm_gulthyn,god_patron_traits.txt,classified `comment` in docs/evidence/faerun_custom_traits.csv (Faerûn biography/roleplaying marker read only by CK2 events)
patron_grazzt,god_patron_traits.txt,classified `comment` in docs/evidence/faerun_custom_traits.csv (Faerûn biography/roleplaying marker read only by CK2 events)
patron_grumbar,god_patron_traits.txt,classified `comment` in docs/evidence/faerun_custom_traits.csv (Faerûn biography/roleplaying marker read only by CK2 events)
patron_gruumsh,god_patron_traits.txt,classified `comment` in docs/evidence/faerun_custom_traits.csv (Faerûn biography/roleplaying marker read only by CK2 events)
patron_gwaeron_windstrom,god_patron_traits.txt,classified `comment` in docs/evidence/faerun_custom_traits.csv (Faerûn biography/roleplaying marker read only by CK2 events)
patron_haela_brightaxe,god_patron_traits.txt,classified `comment` in docs/evidence/faerun_custom_traits.csv (Faerûn biography/roleplaying marker read only by CK2 events)
patron_hajama,god_patron_traits.txt,classified `comment` in docs/evidence/faerun_custom_traits.csv (Faerûn biography/roleplaying marker read only by CK2 events)
patron_hakiyah,god_patron_traits.txt,classified `comment` in docs/evidence/faerun_custom_traits.csv (Faerûn biography/roleplaying marker read only by CK2 events)
patron_haku,god_patron_traits.txt,classified `comment` in docs/evidence/faerun_custom_traits.csv (Faerûn biography/roleplaying marker read only by CK2 events)
patron_hanali_celanil,god_patron_traits.txt,classified `comment` in docs/evidence/faerun_custom_traits.csv (Faerûn biography/roleplaying marker read only by CK2 events)
patron_hathor,god_patron_traits.txt,classified `comment` in docs/evidence/faerun_custom_traits.csv (Faerûn biography/roleplaying marker read only by CK2 events)
patron_helm,god_patron_traits.txt,classified `comment` in docs/evidence/faerun_custom_traits.csv (Faerûn biography/roleplaying marker read only by CK2 events)
patron_hlal,god_patron_traits.txt,classified `comment` in docs/evidence/faerun_custom_traits.csv (Faerûn biography/roleplaying marker read only by CK2 events)
patron_hoar,god_patron_traits.txt,classified `comment` in docs/evidence/faerun_custom_traits.csv (Faerûn biography/roleplaying marker read only by CK2 events)
patron_horus_re,god_patron_traits.txt,classified `comment` in docs/evidence/faerun_custom_traits.csv (Faerûn biography/roleplaying marker read only by CK2 events)
patron_hsing_yong,god_patron_traits.txt,classified `comment` in docs/evidence/faerun_custom_traits.csv (Faerûn biography/roleplaying marker read only by CK2 events)
patron_hyrsam,god_patron_traits.txt,classified `comment` in docs/evidence/faerun_custom_traits.csv (Faerûn biography/roleplaying marker read only by CK2 events)
patron_ibrandul,god_patron_traits.txt,classified `comment` in docs/evidence/faerun_custom_traits.csv (Faerûn biography/roleplaying marker read only by CK2 events)
patron_ilmater,god_patron_traits.txt,classified `comment` in docs/evidence/faerun_custom_traits.csv (Faerûn biography/roleplaying marker read only by CK2 events)
patron_ilneval,god_patron_traits.txt,classified `comment` in docs/evidence/faerun_custom_traits.csv (Faerûn biography/roleplaying marker read only by CK2 events)
patron_indra,god_patron_traits.txt,classified `comment` in docs/evidence/faerun_custom_traits.csv (Faerûn biography/roleplaying marker read only by CK2 events)
patron_isis,god_patron_traits.txt,classified `comment` in docs/evidence/faerun_custom_traits.csv (Faerûn biography/roleplaying marker read only by CK2 events)
patron_istishia,god_patron_traits.txt,classified `comment` in docs/evidence/faerun_custom_traits.csv (Faerûn biography/roleplaying marker read only by CK2 events)
patron_iyachtu_xvim,god_patron_traits.txt,classified `comment` in docs/evidence/faerun_custom_traits.csv (Faerûn biography/roleplaying marker read only by CK2 events)
patron_jarmik,god_patron_traits.txt,classified `comment` in docs/evidence/faerun_custom_traits.csv (Faerûn biography/roleplaying marker read only by CK2 events)
patron_jergal,god_patron_traits.txt,classified `comment` in docs/evidence/faerun_custom_traits.csv (Faerûn biography/roleplaying marker read only by CK2 events)
patron_jisan,god_patron_traits.txt,classified `comment` in docs/evidence/faerun_custom_traits.csv (Faerûn biography/roleplaying marker read only by CK2 events)
patron_karrrga,god_patron_traits.txt,classified `comment` in docs/evidence/faerun_custom_traits.csv (Faerûn biography/roleplaying marker read only by CK2 events)
patron_kelemvor,god_patron_traits.txt,classified `comment` in docs/evidence/faerun_custom_traits.csv (Faerûn biography/roleplaying marker read only by CK2 events)
patron_kereska,god_patron_traits.txt,classified `comment` in docs/evidence/faerun_custom_traits.csv (Faerûn biography/roleplaying marker read only by CK2 events)
patron_kiga,god_patron_traits.txt,classified `comment` in docs/evidence/faerun_custom_traits.csv (Faerûn biography/roleplaying marker read only by CK2 events)
patron_kiltzi,god_patron_traits.txt,classified `comment` in docs/evidence/faerun_custom_traits.csv (Faerûn biography/roleplaying marker read only by CK2 events)
patron_kor,god_patron_traits.txt,classified `comment` in docs/evidence/faerun_custom_traits.csv (Faerûn biography/roleplaying marker read only by CK2 events)
patron_kossuth,god_patron_traits.txt,classified `comment` in docs/evidence/faerun_custom_traits.csv (Faerûn biography/roleplaying marker read only by CK2 events)
patron_kurtulmak,god_patron_traits.txt,classified `comment` in docs/evidence/faerun_custom_traits.csv (Faerûn biography/roleplaying marker read only by CK2 events)
patron_kwan_ying,god_patron_traits.txt,classified `comment` in docs/evidence/faerun_custom_traits.csv (Faerûn biography/roleplaying marker read only by CK2 events)
patron_labelas_enoreth,god_patron_traits.txt,classified `comment` in docs/evidence/faerun_custom_traits.csv (Faerûn biography/roleplaying marker read only by CK2 events)
patron_laogzed,god_patron_traits.txt,classified `comment` in docs/evidence/faerun_custom_traits.csv (Faerûn biography/roleplaying marker read only by CK2 events)
patron_lathander,god_patron_traits.txt,classified `comment` in docs/evidence/faerun_custom_traits.csv (Faerûn biography/roleplaying marker read only by CK2 events)
patron_leira,god_patron_traits.txt,classified `comment` in docs/evidence/faerun_custom_traits.csv (Faerûn biography/roleplaying marker read only by CK2 events)
patron_lendys,god_patron_traits.txt,classified `comment` in docs/evidence/faerun_custom_traits.csv (Faerûn biography/roleplaying marker read only by CK2 events)
patron_lliira,god_patron_traits.txt,classified `comment` in docs/evidence/faerun_custom_traits.csv (Faerûn biography/roleplaying marker read only by CK2 events)
patron_lolth,god_patron_traits.txt,classified `comment` in docs/evidence/faerun_custom_traits.csv (Faerûn biography/roleplaying marker read only by CK2 events)
patron_lost_one,god_patron_traits.txt,classified `comment` in docs/evidence/faerun_custom_traits.csv (Faerûn biography/roleplaying marker read only by CK2 events)
patron_loviatar,god_patron_traits.txt,classified `comment` in docs/evidence/faerun_custom_traits.csv (Faerûn biography/roleplaying marker read only by CK2 events)
patron_lurue,god_patron_traits.txt,classified `comment` in docs/evidence/faerun_custom_traits.csv (Faerûn biography/roleplaying marker read only by CK2 events)
patron_luthic,god_patron_traits.txt,classified `comment` in docs/evidence/faerun_custom_traits.csv (Faerûn biography/roleplaying marker read only by CK2 events)
patron_malar,god_patron_traits.txt,classified `comment` in docs/evidence/faerun_custom_traits.csv (Faerûn biography/roleplaying marker read only by CK2 events)
patron_malcanthet,god_patron_traits.txt,classified `comment` in docs/evidence/faerun_custom_traits.csv (Faerûn biography/roleplaying marker read only by CK2 events)
patron_marthammor_duin,god_patron_traits.txt,classified `comment` in docs/evidence/faerun_custom_traits.csv (Faerûn biography/roleplaying marker read only by CK2 events)
patron_mask,god_patron_traits.txt,classified `comment` in docs/evidence/faerun_custom_traits.csv (Faerûn biography/roleplaying marker read only by CK2 events)
patron_maztica,god_patron_traits.txt,classified `comment` in docs/evidence/faerun_custom_traits.csv (Faerûn biography/roleplaying marker read only by CK2 events)
patron_mielikki,god_patron_traits.txt,classified `comment` in docs/evidence/faerun_custom_traits.csv (Faerûn biography/roleplaying marker read only by CK2 events)
patron_migal,god_patron_traits.txt,classified `comment` in docs/evidence/faerun_custom_traits.csv (Faerûn biography/roleplaying marker read only by CK2 events)
patron_milil,god_patron_traits.txt,classified `comment` in docs/evidence/faerun_custom_traits.csv (Faerûn biography/roleplaying marker read only by CK2 events)
patron_moander,god_patron_traits.txt,classified `comment` in docs/evidence/faerun_custom_traits.csv (Faerûn biography/roleplaying marker read only by CK2 events)
patron_moradin,god_patron_traits.txt,classified `comment` in docs/evidence/faerun_custom_traits.csv (Faerûn biography/roleplaying marker read only by CK2 events)
patron_myrkul,god_patron_traits.txt,classified `comment` in docs/evidence/faerun_custom_traits.csv (Faerûn biography/roleplaying marker read only by CK2 events)
patron_mystra,god_patron_traits.txt,classified `comment` in docs/evidence/faerun_custom_traits.csv (Faerûn biography/roleplaying marker read only by CK2 events)
patron_najm,god_patron_traits.txt,classified `comment` in docs/evidence/faerun_custom_traits.csv (Faerûn biography/roleplaying marker read only by CK2 events)
patron_nehushta,god_patron_traits.txt,classified `comment` in docs/evidence/faerun_custom_traits.csv (Faerûn biography/roleplaying marker read only by CK2 events)
patron_nephthys,god_patron_traits.txt,classified `comment` in docs/evidence/faerun_custom_traits.csv (Faerûn biography/roleplaying marker read only by CK2 events)
patron_nergal,god_patron_traits.txt,classified `comment` in docs/evidence/faerun_custom_traits.csv (Faerûn biography/roleplaying marker read only by CK2 events)
patron_nobanion,god_patron_traits.txt,classified `comment` in docs/evidence/faerun_custom_traits.csv (Faerûn biography/roleplaying marker read only by CK2 events)
patron_nula,god_patron_traits.txt,classified `comment` in docs/evidence/faerun_custom_traits.csv (Faerûn biography/roleplaying marker read only by CK2 events)
patron_null,god_patron_traits.txt,classified `comment` in docs/evidence/faerun_custom_traits.csv (Faerûn biography/roleplaying marker read only by CK2 events)
patron_nung_chiang,god_patron_traits.txt,classified `comment` in docs/evidence/faerun_custom_traits.csv (Faerûn biography/roleplaying marker read only by CK2 events)
patron_oberon,god_patron_traits.txt,classified `comment` in docs/evidence/faerun_custom_traits.csv (Faerûn biography/roleplaying marker read only by CK2 events)
patron_obould,god_patron_traits.txt,classified `comment` in docs/evidence/faerun_custom_traits.csv (Faerûn biography/roleplaying marker read only by CK2 events)
patron_oghma,god_patron_traits.txt,classified `comment` in docs/evidence/faerun_custom_traits.csv (Faerûn biography/roleplaying marker read only by CK2 events)
patron_orcus,god_patron_traits.txt,classified `comment` in docs/evidence/faerun_custom_traits.csv (Faerûn biography/roleplaying marker read only by CK2 events)
patron_osiris,god_patron_traits.txt,classified `comment` in docs/evidence/faerun_custom_traits.csv (Faerûn biography/roleplaying marker read only by CK2 events)
patron_pag,god_patron_traits.txt,classified `comment` in docs/evidence/faerun_custom_traits.csv (Faerûn biography/roleplaying marker read only by CK2 events)
patron_pazuzu,god_patron_traits.txt,classified `comment` in docs/evidence/faerun_custom_traits.csv (Faerûn biography/roleplaying marker read only by CK2 events)
patron_plutoq,god_patron_traits.txt,classified `comment` in docs/evidence/faerun_custom_traits.csv (Faerûn biography/roleplaying marker read only by CK2 events)
patron_poseidon,god_patron_traits.txt,classified `comment` in docs/evidence/faerun_custom_traits.csv (Faerûn biography/roleplaying marker read only by CK2 events)
patron_prometheus,god_patron_traits.txt,classified `comment` in docs/evidence/faerun_custom_traits.csv (Faerûn biography/roleplaying marker read only by CK2 events)
patron_ptah,god_patron_traits.txt,classified `comment` in docs/evidence/faerun_custom_traits.csv (Faerûn biography/roleplaying marker read only by CK2 events)
patron_qotal,god_patron_traits.txt,classified `comment` in docs/evidence/faerun_custom_traits.csv (Faerûn biography/roleplaying marker read only by CK2 events)
patron_ragarra,god_patron_traits.txt,classified `comment` in docs/evidence/faerun_custom_traits.csv (Faerûn biography/roleplaying marker read only by CK2 events)
patron_ravanna,god_patron_traits.txt,classified `comment` in docs/evidence/faerun_custom_traits.csv (Faerûn biography/roleplaying marker read only by CK2 events)
patron_raven_queen,god_patron_traits.txt,classified `comment` in docs/evidence/faerun_custom_traits.csv (Faerûn biography/roleplaying marker read only by CK2 events)
patron_re,god_patron_traits.txt,classified `comment` in docs/evidence/faerun_custom_traits.csv (Faerûn biography/roleplaying marker read only by CK2 events)
patron_red_knight,god_patron_traits.txt,classified `comment` in docs/evidence/faerun_custom_traits.csv (Faerûn biography/roleplaying marker read only by CK2 events)
patron_rillifane_rallathil,god_patron_traits.txt,classified `comment` in docs/evidence/faerun_custom_traits.csv (Faerûn biography/roleplaying marker read only by CK2 events)
patron_rorn,god_patron_traits.txt,classified `comment` in docs/evidence/faerun_custom_traits.csv (Faerûn biography/roleplaying marker read only by CK2 events)
patron_sardior,god_patron_traits.txt,classified `comment` in docs/evidence/faerun_custom_traits.csv (Faerûn biography/roleplaying marker read only by CK2 events)
patron_savras,god_patron_traits.txt,classified `comment` in docs/evidence/faerun_custom_traits.csv (Faerûn biography/roleplaying marker read only by CK2 events)
patron_sebek,god_patron_traits.txt,classified `comment` in docs/evidence/faerun_custom_traits.csv (Faerûn biography/roleplaying marker read only by CK2 events)
patron_segojan_earthcaller,god_patron_traits.txt,classified `comment` in docs/evidence/faerun_custom_traits.csv (Faerûn biography/roleplaying marker read only by CK2 events)
patron_sehanine_moonbow,god_patron_traits.txt,classified `comment` in docs/evidence/faerun_custom_traits.csv (Faerûn biography/roleplaying marker read only by CK2 events)
patron_selune,god_patron_traits.txt,classified `comment` in docs/evidence/faerun_custom_traits.csv (Faerûn biography/roleplaying marker read only by CK2 events)
patron_selvetarm,god_patron_traits.txt,classified `comment` in docs/evidence/faerun_custom_traits.csv (Faerûn biography/roleplaying marker read only by CK2 events)
patron_semuanya,god_patron_traits.txt,classified `comment` in docs/evidence/faerun_custom_traits.csv (Faerûn biography/roleplaying marker read only by CK2 events)
patron_sess_innek,god_patron_traits.txt,classified `comment` in docs/evidence/faerun_custom_traits.csv (Faerûn biography/roleplaying marker read only by CK2 events)
patron_set,god_patron_traits.txt,classified `comment` in docs/evidence/faerun_custom_traits.csv (Faerûn biography/roleplaying marker read only by CK2 events)
patron_shajar,god_patron_traits.txt,classified `comment` in docs/evidence/faerun_custom_traits.csv (Faerûn biography/roleplaying marker read only by CK2 events)
patron_shar,god_patron_traits.txt,classified `comment` in docs/evidence/faerun_custom_traits.csv (Faerûn biography/roleplaying marker read only by CK2 events)
patron_sharess,god_patron_traits.txt,classified `comment` in docs/evidence/faerun_custom_traits.csv (Faerûn biography/roleplaying marker read only by CK2 events)
patron_shargaas,god_patron_traits.txt,classified `comment` in docs/evidence/faerun_custom_traits.csv (Faerûn biography/roleplaying marker read only by CK2 events)
patron_sharindlar,god_patron_traits.txt,classified `comment` in docs/evidence/faerun_custom_traits.csv (Faerûn biography/roleplaying marker read only by CK2 events)
patron_shaundakul,god_patron_traits.txt,classified `comment` in docs/evidence/faerun_custom_traits.csv (Faerûn biography/roleplaying marker read only by CK2 events)
patron_sheela_peryroyl,god_patron_traits.txt,classified `comment` in docs/evidence/faerun_custom_traits.csv (Faerûn biography/roleplaying marker read only by CK2 events)
patron_shekinester,god_patron_traits.txt,classified `comment` in docs/evidence/faerun_custom_traits.csv (Faerûn biography/roleplaying marker read only by CK2 events)
patron_shevarash,god_patron_traits.txt,classified `comment` in docs/evidence/faerun_custom_traits.csv (Faerûn biography/roleplaying marker read only by CK2 events)
patron_shiallia,god_patron_traits.txt,classified `comment` in docs/evidence/faerun_custom_traits.csv (Faerûn biography/roleplaying marker read only by CK2 events)
patron_shu_chia,god_patron_traits.txt,classified `comment` in docs/evidence/faerun_custom_traits.csv (Faerûn biography/roleplaying marker read only by CK2 events)
patron_siamorphe,god_patron_traits.txt,classified `comment` in docs/evidence/faerun_custom_traits.csv (Faerûn biography/roleplaying marker read only by CK2 events)
patron_silvanus,god_patron_traits.txt,classified `comment` in docs/evidence/faerun_custom_traits.csv (Faerûn biography/roleplaying marker read only by CK2 events)
patron_simbul,god_patron_traits.txt,classified `comment` in docs/evidence/faerun_custom_traits.csv (Faerûn biography/roleplaying marker read only by CK2 events)
patron_skerrit,god_patron_traits.txt,classified `comment` in docs/evidence/faerun_custom_traits.csv (Faerûn biography/roleplaying marker read only by CK2 events)
patron_solonor_thelandira,god_patron_traits.txt,classified `comment` in docs/evidence/faerun_custom_traits.csv (Faerûn biography/roleplaying marker read only by CK2 events)
patron_sseth,god_patron_traits.txt,classified `comment` in docs/evidence/faerun_custom_traits.csv (Faerûn biography/roleplaying marker read only by CK2 events)
patron_sune,god_patron_traits.txt,classified `comment` in docs/evidence/faerun_custom_traits.csv (Faerûn biography/roleplaying marker read only by CK2 events)
patron_talona,god_patron_traits.txt,classified `comment` in docs/evidence/faerun_custom_traits.csv (Faerûn biography/roleplaying marker read only by CK2 events)
patron_talos,god_patron_traits.txt,classified `comment` in docs/evidence/faerun_custom_traits.csv (Faerûn biography/roleplaying marker read only by CK2 events)
patron_tamara,god_patron_traits.txt,classified `comment` in docs/evidence/faerun_custom_traits.csv (Faerûn biography/roleplaying marker read only by CK2 events)
patron_task,god_patron_traits.txt,classified `comment` in docs/evidence/faerun_custom_traits.csv (Faerûn biography/roleplaying marker read only by CK2 events)
patron_telos,god_patron_traits.txt,classified `comment` in docs/evidence/faerun_custom_traits.csv (Faerûn biography/roleplaying marker read only by CK2 events)
patron_tempus,god_patron_traits.txt,classified `comment` in docs/evidence/faerun_custom_traits.csv (Faerûn biography/roleplaying marker read only by CK2 events)
patron_tezca,god_patron_traits.txt,classified `comment` in docs/evidence/faerun_custom_traits.csv (Faerûn biography/roleplaying marker read only by CK2 events)
patron_the_drummer,god_patron_traits.txt,classified `comment` in docs/evidence/faerun_custom_traits.csv (Faerûn biography/roleplaying marker read only by CK2 events)
patron_thoth,god_patron_traits.txt,classified `comment` in docs/evidence/faerun_custom_traits.csv (Faerûn biography/roleplaying marker read only by CK2 events)
patron_tiamat,god_patron_traits.txt,classified `comment` in docs/evidence/faerun_custom_traits.csv (Faerûn biography/roleplaying marker read only by CK2 events)
patron_titania,god_patron_traits.txt,classified `comment` in docs/evidence/faerun_custom_traits.csv (Faerûn biography/roleplaying marker read only by CK2 events)
patron_torm,god_patron_traits.txt,classified `comment` in docs/evidence/faerun_custom_traits.csv (Faerûn biography/roleplaying marker read only by CK2 events)
patron_trickster_gods,god_patron_traits.txt,classified `comment` in docs/evidence/faerun_custom_traits.csv (Faerûn biography/roleplaying marker read only by CK2 events)
patron_tymora,god_patron_traits.txt,classified `comment` in docs/evidence/faerun_custom_traits.csv (Faerûn biography/roleplaying marker read only by CK2 events)
patron_tyr,god_patron_traits.txt,classified `comment` in docs/evidence/faerun_custom_traits.csv (Faerûn biography/roleplaying marker read only by CK2 events)
patron_umberlee,god_patron_traits.txt,classified `comment` in docs/evidence/faerun_custom_traits.csv (Faerûn biography/roleplaying marker read only by CK2 events)
patron_untamo,god_patron_traits.txt,classified `comment` in docs/evidence/faerun_custom_traits.csv (Faerûn biography/roleplaying marker read only by CK2 events)
patron_urogalan,god_patron_traits.txt,classified `comment` in docs/evidence/faerun_custom_traits.csv (Faerûn biography/roleplaying marker read only by CK2 events)
patron_valkur,god_patron_traits.txt,classified `comment` in docs/evidence/faerun_custom_traits.csv (Faerûn biography/roleplaying marker read only by CK2 events)
patron_vandria_gilmadrith,god_patron_traits.txt,classified `comment` in docs/evidence/faerun_custom_traits.csv (Faerûn biography/roleplaying marker read only by CK2 events)
patron_vataqatal,god_patron_traits.txt,classified `comment` in docs/evidence/faerun_custom_traits.csv (Faerûn biography/roleplaying marker read only by CK2 events)
patron_vecna,god_patron_traits.txt,classified `comment` in docs/evidence/faerun_custom_traits.csv (Faerûn biography/roleplaying marker read only by CK2 events)
patron_velsharoon,god_patron_traits.txt,classified `comment` in docs/evidence/faerun_custom_traits.csv (Faerûn biography/roleplaying marker read only by CK2 events)
patron_vergadain,god_patron_traits.txt,classified `comment` in docs/evidence/faerun_custom_traits.csv (Faerûn biography/roleplaying marker read only by CK2 events)
patron_vlaakith,god_patron_traits.txt,classified `comment` in docs/evidence/faerun_custom_traits.csv (Faerûn biography/roleplaying marker read only by CK2 events)
patron_watil,god_patron_traits.txt,classified `comment` in docs/evidence/faerun_custom_traits.csv (Faerûn biography/roleplaying marker read only by CK2 events)
patron_waukeen,god_patron_traits.txt,classified `comment` in docs/evidence/faerun_custom_traits.csv (Faerûn biography/roleplaying marker read only by CK2 events)
patron_yama,god_patron_traits.txt,classified `comment` in docs/evidence/faerun_custom_traits.csv (Faerûn biography/roleplaying marker read only by CK2 events)
patron_yeenoghu,god_patron_traits.txt,classified `comment` in docs/evidence/faerun_custom_traits.csv (Faerûn biography/roleplaying marker read only by CK2 events)
patron_yondalla,god_patron_traits.txt,classified `comment` in docs/evidence/faerun_custom_traits.csv (Faerûn biography/roleplaying marker read only by CK2 events)
patron_yurtrus,god_patron_traits.txt,classified `comment` in docs/evidence/faerun_custom_traits.csv (Faerûn biography/roleplaying marker read only by CK2 events)
patron_zaerith,god_patron_traits.txt,classified `comment` in docs/evidence/faerun_custom_traits.csv (Faerûn biography/roleplaying marker read only by CK2 events)
patron_zaltec,god_patron_traits.txt,classified `comment` in docs/evidence/faerun_custom_traits.csv (Faerûn biography/roleplaying marker read only by CK2 events)
patron_zann,god_patron_traits.txt,classified `comment` in docs/evidence/faerun_custom_traits.csv (Faerûn biography/roleplaying marker read only by CK2 events)
patron_zorquan,god_patron_traits.txt,classified `comment` in docs/evidence/faerun_custom_traits.csv (Faerûn biography/roleplaying marker read only by CK2 events)
patron_zuggtmoy,god_patron_traits.txt,classified `comment` in docs/evidence/faerun_custom_traits.csv (Faerûn biography/roleplaying marker read only by CK2 events)
pragmatist_trait,religious_traits.txt,classified `comment` in docs/evidence/faerun_custom_traits.csv (Faerûn biography/roleplaying marker read only by CK2 events)
psion,character_class_traits.txt,classified `comment` in docs/evidence/faerun_custom_traits.csv (Faerûn biography/roleplaying marker read only by CK2 events)
ranger,character_class_traits.txt,classified `comment` in docs/evidence/faerun_custom_traits.csv (Faerûn biography/roleplaying marker read only by CK2 events)
renowned_aristocrat,character_class_traits.txt,classified `comment` in docs/evidence/faerun_custom_traits.csv (Faerûn biography/roleplaying marker read only by CK2 events)
renowned_artificer,character_class_traits.txt,classified `comment` in docs/evidence/faerun_custom_traits.csv (Faerûn biography/roleplaying marker read only by CK2 events)
renowned_barbarian,character_class_traits.txt,classified `comment` in docs/evidence/faerun_custom_traits.csv (Faerûn biography/roleplaying marker read only by CK2 events)
renowned_bard,character_class_traits.txt,classified `comment` in docs/evidence/faerun_custom_traits.csv (Faerûn biography/roleplaying marker read only by CK2 events)
renowned_cleric,character_class_traits.txt,classified `comment` in docs/evidence/faerun_custom_traits.csv (Faerûn biography/roleplaying marker read only by CK2 events)
renowned_druid,character_class_traits.txt,classified `comment` in docs/evidence/faerun_custom_traits.csv (Faerûn biography/roleplaying marker read only by CK2 events)
renowned_fighter,character_class_traits.txt,classified `comment` in docs/evidence/faerun_custom_traits.csv (Faerûn biography/roleplaying marker read only by CK2 events)
renowned_monk,character_class_traits.txt,classified `comment` in docs/evidence/faerun_custom_traits.csv (Faerûn biography/roleplaying marker read only by CK2 events)
renowned_paladin,character_class_traits.txt,classified `comment` in docs/evidence/faerun_custom_traits.csv (Faerûn biography/roleplaying marker read only by CK2 events)
renowned_psion,character_class_traits.txt,classified `comment` in docs/evidence/faerun_custom_traits.csv (Faerûn biography/roleplaying marker read only by CK2 events)
renowned_ranger,character_class_traits.txt,classified `comment` in docs/evidence/faerun_custom_traits.csv (Faerûn biography/roleplaying marker read only by CK2 events)
renowned_rogue,character_class_traits.txt,classified `comment` in docs/evidence/faerun_custom_traits.csv (Faerûn biography/roleplaying marker read only by CK2 events)
renowned_shadow,character_class_traits.txt,classified `comment` in docs/evidence/faerun_custom_traits.csv (Faerûn biography/roleplaying marker read only by CK2 events)
renowned_sorcerer,character_class_traits.txt,classified `comment` in docs/evidence/faerun_custom_traits.csv (Faerûn biography/roleplaying marker read only by CK2 events)
renowned_warlock,character_class_traits.txt,classified `comment` in docs/evidence/faerun_custom_traits.csv (Faerûn biography/roleplaying marker read only by CK2 events)
renowned_wizard,character_class_traits.txt,classified `comment` in docs/evidence/faerun_custom_traits.csv (Faerûn biography/roleplaying marker read only by CK2 events)
rogue,character_class_traits.txt,classified `comment` in docs/evidence/faerun_custom_traits.csv (Faerûn biography/roleplaying marker read only by CK2 events)
seelie_court,god_patron_traits.txt,classified `comment` in docs/evidence/faerun_custom_traits.csv (Faerûn biography/roleplaying marker read only by CK2 events)
shadow,character_class_traits.txt,classified `comment` in docs/evidence/faerun_custom_traits.csv (Faerûn biography/roleplaying marker read only by CK2 events)
sorcerer,character_class_traits.txt,classified `comment` in docs/evidence/faerun_custom_traits.csv (Faerûn biography/roleplaying marker read only by CK2 events)
trained_aristocrat,character_class_traits.txt,classified `comment` in docs/evidence/faerun_custom_traits.csv (Faerûn biography/roleplaying marker read only by CK2 events)
trained_artificer,character_class_traits.txt,classified `comment` in docs/evidence/faerun_custom_traits.csv (Faerûn biography/roleplaying marker read only by CK2 events)
trained_barbarian,character_class_traits.txt,classified `comment` in docs/evidence/faerun_custom_traits.csv (Faerûn biography/roleplaying marker read only by CK2 events)
trained_bard,character_class_traits.txt,classified `comment` in docs/evidence/faerun_custom_traits.csv (Faerûn biography/roleplaying marker read only by CK2 events)
trained_cleric,character_class_traits.txt,classified `comment` in docs/evidence/faerun_custom_traits.csv (Faerûn biography/roleplaying marker read only by CK2 events)
trained_druid,character_class_traits.txt,classified `comment` in docs/evidence/faerun_custom_traits.csv (Faerûn biography/roleplaying marker read only by CK2 events)
trained_fighter,character_class_traits.txt,classified `comment` in docs/evidence/faerun_custom_traits.csv (Faerûn biography/roleplaying marker read only by CK2 events)
trained_monk,character_class_traits.txt,classified `comment` in docs/evidence/faerun_custom_traits.csv (Faerûn biography/roleplaying marker read only by CK2 events)
trained_paladin,character_class_traits.txt,classified `comment` in docs/evidence/faerun_custom_traits.csv (Faerûn biography/roleplaying marker read only by CK2 events)
trained_psion,character_class_traits.txt,classified `comment` in docs/evidence/faerun_custom_traits.csv (Faerûn biography/roleplaying marker read only by CK2 events)
trained_ranger,character_class_traits.txt,classified `comment` in docs/evidence/faerun_custom_traits.csv (Faerûn biography/roleplaying marker read only by CK2 events)
trained_rogue,character_class_traits.txt,classified `comment` in docs/evidence/faerun_custom_traits.csv (Faerûn biography/roleplaying marker read only by CK2 events)
trained_shadow,character_class_traits.txt,classified `comment` in docs/evidence/faerun_custom_traits.csv (Faerûn biography/roleplaying marker read only by CK2 events)
trained_sorcerer,character_class_traits.txt,classified `comment` in docs/evidence/faerun_custom_traits.csv (Faerûn biography/roleplaying marker read only by CK2 events)
trained_warlock,character_class_traits.txt,classified `comment` in docs/evidence/faerun_custom_traits.csv (Faerûn biography/roleplaying marker read only by CK2 events)
trained_wizard,character_class_traits.txt,classified `comment` in docs/evidence/faerun_custom_traits.csv (Faerûn biography/roleplaying marker read only by CK2 events)
unseelie_court,god_patron_traits.txt,classified `comment` in docs/evidence/faerun_custom_traits.csv (Faerûn biography/roleplaying marker read only by CK2 events)
uthgar_black_lion,god_patron_traits.txt,classified `comment` in docs/evidence/faerun_custom_traits.csv (Faerûn biography/roleplaying marker read only by CK2 events)
uthgar_black_raven,god_patron_traits.txt,classified `comment` in docs/evidence/faerun_custom_traits.csv (Faerûn biography/roleplaying marker read only by CK2 events)
uthgar_blue_bear,god_patron_traits.txt,classified `comment` in docs/evidence/faerun_custom_traits.csv (Faerûn biography/roleplaying marker read only by CK2 events)
uthgar_elk,god_patron_traits.txt,classified `comment` in docs/evidence/faerun_custom_traits.csv (Faerûn biography/roleplaying marker read only by CK2 events)
uthgar_gray_wolf,god_patron_traits.txt,classified `comment` in docs/evidence/faerun_custom_traits.csv (Faerûn biography/roleplaying marker read only by CK2 events)
uthgar_great_worm,god_patron_traits.txt,classified `comment` in docs/evidence/faerun_custom_traits.csv (Faerûn biography/roleplaying marker read only by CK2 events)
uthgar_griffon,god_patron_traits.txt,classified `comment` in docs/evidence/faerun_custom_traits.csv (Faerûn biography/roleplaying marker read only by CK2 events)
uthgar_red_tiger,god_patron_traits.txt,classified `comment` in docs/evidence/faerun_custom_traits.csv (Faerûn biography/roleplaying marker read only by CK2 events)
uthgar_sky_pony,god_patron_traits.txt,classified `comment` in docs/evidence/faerun_custom_traits.csv (Faerûn biography/roleplaying marker read only by CK2 events)
uthgar_thunderbeast,god_patron_traits.txt,classified `comment` in docs/evidence/faerun_custom_traits.csv (Faerûn biography/roleplaying marker read only by CK2 events)
uthgar_tree_ghost,god_patron_traits.txt,classified `comment` in docs/evidence/faerun_custom_traits.csv (Faerûn biography/roleplaying marker read only by CK2 events)
warlock,character_class_traits.txt,classified `comment` in docs/evidence/faerun_custom_traits.csv (Faerûn biography/roleplaying marker read only by CK2 events)
white_chung_tao,god_patron_traits.txt,classified `comment` in docs/evidence/faerun_custom_traits.csv (Faerûn biography/roleplaying marker read only by CK2 events)
wizard,character_class_traits.txt,classified `comment` in docs/evidence/faerun_custom_traits.csv (Faerûn biography/roleplaying marker read only by CK2 events)
