ck2_key,ck3_key
b_aataz_kahakla,b_aataz_kahakla_adj
b_abarun,b_abarun_adj
b_abreon,b_abreon_adj
b_achelar,b_achelar_adj
b_achernath,b_achernath_adj
b_acks,b_acks_adj
b_adapra,b_adapra_adj
b_adder_point,b_adder_point_adj
b_adderspring,b_adderspring_adj
b_adhal,b_adhal_adj
b_admash,b_admash_adj
b_adrila,b_adrila_adj
b_adzha,b_adzha_adj
b_aefarn_citadel,b_aefarn_citadel_adj
b_aerithaes_rest,b_aerithaes_rest_adj
b_ahma,b_ahma_adj
b_ahruukar,b_ahruukar_adj
b_ahtitlak,b_ahtitlak_adj
b_aib,b_aib_adj
b_aina,b_aina_adj
b_airspur,b_airspur_adj
b_ajayib,b_ajayib_adj
b_ajhuutal,b_ajhuutal_adj
b_akaam,b_akaam_adj
b_akalentar,b_akalentar_adj
b_akanax,b_akanax_adj
b_akararbasa,b_akararbasa_adj
b_akashay,b_akashay_adj
b_akhrasut_nath,b_akhrasut_nath_adj
b_akkadash,b_akkadash_adj
b_akota,b_akota_adj
b_akshu,b_akshu_adj
b_aktyn,b_aktyn_adj
b_al_anwahr,b_al_anwahr_adj
b_al_asirr,b_al_asirr_adj
b_al_azra,b_al_azra_adj
b_al_bariya,b_al_bariya_adj
b_al_dawhawa,b_al_dawhawa_adj
b_al_fujinat,b_al_fujinat_adj
b_al_hamim,b_al_hamim_adj
b_al_hanieh,b_al_hanieh_adj
b_al_harir,b_al_harir_adj
b_al_harmah,b_al_harmah_adj
b_al_haul,b_al_haul_adj
b_al_jarracha,b_al_jarracha_adj
b_al_kurtum,b_al_kurtum_adj
b_al_mahabanah,b_al_mahabanah_adj
b_al_maralem,b_al_maralem_adj
b_al_nuziyyah,b_al_nuziyyah_adj
b_al_oyun,b_al_oyun_adj
b_al_qahera,b_al_qahera_adj
b_al_qalat,b_al_qalat_adj
b_al_qusanawat,b_al_qusanawat_adj
b_al_ralilah,b_al_ralilah_adj
b_al_raqsa,b_al_raqsa_adj
b_al_salakamah,b_al_salakamah_adj
b_al_sisarran,b_al_sisarran_adj
b_al_suweb,b_al_suweb_adj
b_al_tana,b_al_tana_adj
b_al_tir,b_al_tir_adj
b_alamaqu,b_alamaqu_adj
b_alamir_rock,b_alamir_rock_adj
b_alamontyr,b_alamontyr_adj
b_alarah,b_alarah_adj
b_alashan,b_alashan_adj
b_aldani,b_aldani_adj
b_aldoman,b_aldoman_adj
b_aldreth,b_aldreth_adj
b_alhala,b_alhala_adj
b_alhanar,b_alhanar_adj
b_alisiwhann,b_alisiwhann_adj
b_almorel,b_almorel_adj
b_almraiven,b_almraiven_adj
b_alorev,b_alorev_adj
b_alphar,b_alphar_adj
b_altand,b_altand_adj
b_altar_of_the_air,b_altar_of_the_air_adj
b_aman,b_aman_adj
b_amarrev,b_amarrev_adj
b_amassa,b_amassa_adj
b_amazandar,b_amazandar_adj
b_amithiph,b_amithiph_adj
b_amkethran,b_amkethran_adj
b_ammathluir,b_ammathluir_adj
b_ammathtar,b_ammathtar_adj
b_amnwater,b_amnwater_adj
b_amral,b_amral_adj
b_amruthar,b_amruthar_adj
b_amry,b_amry_adj
b_amudani,b_amudani_adj
b_anarath,b_anarath_adj
b_anauril,b_anauril_adj
b_andalbruin,b_andalbruin_adj
b_angast,b_angast_adj
b_angol,b_angol_adj
b_anhaurz,b_anhaurz_adj
b_ankatatra,b_ankatatra_adj
b_ankhapur,b_ankhapur_adj
b_ankherhome,b_ankherhome_adj
b_ankhur,b_ankhur_adj
b_anktarina,b_anktarina_adj
b_anshola,b_anshola_adj
b_ansi,b_ansi_adj
b_ar_rasumah,b_ar_rasumah_adj
b_ara_mraar,b_ara_mraar_adj
b_araash,b_araash_adj
b_arabasi,b_arabasi_adj
b_aradiman,b_aradiman_adj
b_arael,b_arael_adj
b_arak,b_arak_adj
b_araksa,b_araksa_adj
b_araneh,b_araneh_adj
b_arangyn,b_arangyn_adj
b_arashand,b_arashand_adj
b_aratha_hold,b_aratha_hold_adj
b_araugul,b_araugul_adj
b_arauvuddelve,b_arauvuddelve_adj
b_arch_wood,b_arch_wood_adj
b_archenbridge,b_archenbridge_adj
b_archerpost,b_archerpost_adj
b_archtassel,b_archtassel_adj
b_arechar,b_arechar_adj
b_aretax,b_aretax_adj
b_argaer,b_argaer_adj
b_argen_tellirynd,b_argen_tellirynd_adj
b_argenmoor,b_argenmoor_adj
b_argent_rock,b_argent_rock_adj
b_argul,b_argul_adj
b_aris_castle,b_aris_castle_adj
b_arjol,b_arjol_adj
b_armridge,b_armridge_adj
b_arnda,b_arnda_adj
b_arndtbergon,b_arndtbergon_adj
b_arnise,b_arnise_adj
b_arnrock,b_arnrock_adj
b_arrabar,b_arrabar_adj
b_arrlaur,b_arrlaur_adj
b_arselyndaar,b_arselyndaar_adj
b_arsof,b_arsof_adj
b_arthyn,b_arthyn_adj
b_arylon,b_arylon_adj
b_asberyth,b_asberyth_adj
b_asbravn,b_asbravn_adj
b_ascore_gates,b_ascore_gates_adj
b_ashabenford,b_ashabenford_adj
b_asham,b_asham_adj
b_ashanva,b_ashanva_adj
b_ashavasa,b_ashavasa_adj
b_ashenstars,b_ashenstars_adj
b_ashenwood,b_ashenwood_adj
b_askam,b_askam_adj
b_askamal,b_askamal_adj
b_askix,b_askix_adj
b_aspervi,b_aspervi_adj
b_asple,b_asple_adj
b_assam,b_assam_adj
b_assundath,b_assundath_adj
b_astranar,b_astranar_adj
b_ataaz_yklwazi,b_ataaz_yklwazi_adj
b_atag,b_atag_adj
b_atai,b_atai_adj
b_ataz_muhaha,b_ataz_muhaha_adj
b_athab,b_athab_adj
b_athgard_keep,b_athgard_keep_adj
b_atoratgins,b_atoratgins_adj
b_aumvors_castle,b_aumvors_castle_adj
b_aurilssbarg,b_aurilssbarg_adj
b_aurinstrat,b_aurinstrat_adj
b_autumant,b_autumant_adj
b_avax,b_avax_adj
b_avian_keep,b_avian_keep_adj
b_avyn,b_avyn_adj
b_azna_camp,b_azna_camp_adj
b_azoun_palace,b_azoun_palace_adj
b_aztul,b_aztul_adj
b_azun,b_azun_adj
b_bab_al_gaba,b_bab_al_gaba_adj
b_babado,b_babado_adj
b_badest,b_badest_adj
b_baelrah,b_baelrah_adj
b_baex,b_baex_adj
b_bahat,b_bahat_adj
b_bakhuk,b_bakhuk_adj
b_balaj,b_balaj_adj
b_bamas,b_bamas_adj
b_banai,b_banai_adj
b_banda,b_banda_adj
b_bandar_al_saadat,b_bandar_al_saadat_adj
b_banlm,b_banlm_adj
b_banshee_hold,b_banshee_hold_adj
b_banu,b_banu_adj
b_banyshu,b_banyshu_adj
b_bara,b_bara_adj
b_barakmordin,b_barakmordin_adj
b_barat,b_barat_adj
b_bargewright_inn,b_bargewright_inn_adj
b_barit,b_barit_adj
b_bariya,b_bariya_adj
b_barth,b_barth_adj
b_bathme,b_bathme_adj
b_batiri,b_batiri_adj
b_battachi,b_battachi_adj
b_baytown,b_baytown_adj
b_beacon_cairn,b_beacon_cairn_adj
b_beast_country,b_beast_country_adj
b_beijiangm,b_beijiangm_adj
b_beland,b_beland_adj
b_beldenshyn,b_beldenshyn_adj
b_belhancol,b_belhancol_adj
b_beliard,b_beliard_adj
b_belintholme,b_belintholme_adj
b_belit,b_belit_adj
b_bellakh,b_bellakh_adj
b_belprins_hold,b_belprins_hold_adj
b_beluir,b_beluir_adj
b_beni_marqa,b_beni_marqa_adj
b_beorunnas_well,b_beorunnas_well_adj
b_beowood,b_beowood_adj
b_berdusk,b_berdusk_adj
b_beruns_hill,b_beruns_hill_adj
b_bexel,b_bexel_adj
b_bezantur,b_bezantur_adj
b_bezentil,b_bezentil_adj
b_bhaerlith,b_bhaerlith_adj
b_bhaluin,b_bhaluin_adj
b_bhaulaea,b_bhaulaea_adj
b_bhyanaga,b_bhyanaga_adj
b_bidbooth,b_bidbooth_adj
b_bidburaq,b_bidburaq_adj
b_bidnop_so,b_bidnop_so_adj
b_biduraq,b_biduraq_adj
b_bildoobaris,b_bildoobaris_adj
b_biliduda,b_biliduda_adj
b_bindra,b_bindra_adj
b_bisatare,b_bisatare_adj
b_bisoturi,b_bisoturi_adj
b_bitterstone,b_bitterstone_adj
b_blackbarn,b_blackbarn_adj
b_blackfeather_bridge,b_blackfeather_bridge_adj
b_blackford,b_blackford_adj
b_blackhold,b_blackhold_adj
b_blackstars,b_blackstars_adj
b_blackstone,b_blackstone_adj
b_bloodhawk_hold,b_bloodhawk_hold_adj
b_bloodstark,b_bloodstark_adj
b_bloodstone,b_bloodstone_adj
b_blue_pana,b_blue_pana_adj
b_bluestone,b_bluestone_adj
b_blythe,b_blythe_adj
b_boar_pike,b_boar_pike_adj
b_bogon,b_bogon_adj
b_boorva,b_boorva_adj
b_borah,b_borah_adj
b_borammur,b_borammur_adj
b_borich,b_borich_adj
b_borlyth,b_borlyth_adj
b_bowshot,b_bowshot_adj
b_brackhill,b_brackhill_adj
b_braleuz,b_braleuz_adj
b_bralizzar,b_bralizzar_adj
b_branestria,b_branestria_adj
b_bridge_of_kin,b_bridge_of_kin_adj
b_bridgefort,b_bridgefort_adj
b_brightaxe_hall,b_brightaxe_hall_adj
b_brightfields,b_brightfields_adj
b_brittlebone_well,b_brittlebone_well_adj
b_broaspu,b_broaspu_adj
b_broken_helms,b_broken_helms_adj
b_broken_well,b_broken_well_adj
b_bronzehelms,b_bronzehelms_adj
b_brost,b_brost_adj
b_brown_bear_lodge,b_brown_bear_lodge_adj
b_budais_cleft,b_budais_cleft_adj
b_budiya,b_budiya_adj
b_bukhouk,b_bukhouk_adj
b_bukitega,b_bukitega_adj
b_bulaantaro,b_bulaantaro_adj
b_bulangalant,b_bulangalant_adj
b_buldamar,b_buldamar_adj
b_bulobo,b_bulobo_adj
b_bumi_gerak,b_bumi_gerak_adj
b_bunsha,b_bunsha_adj
b_bunshin,b_bunshin_adj
b_bura,b_bura_adj
b_burich,b_burich_adj
b_burj,b_burj_adj
b_buukhinkh,b_buukhinkh_adj
b_bynua,b_bynua_adj
b_byog,b_byog_adj
b_byongab,b_byongab_adj
b_caer_callidyrr,b_caer_callidyrr_adj
b_caer_corwell,b_caer_corwell_adj
b_caer_dusk,b_caer_dusk_adj
b_caer_moray,b_caer_moray_adj
b_caer_westphal,b_caer_westphal_adj
b_caerenvalt,b_caerenvalt_adj
b_caerilcarn,b_caerilcarn_adj
b_caftenor,b_caftenor_adj
b_caldarth,b_caldarth_adj
b_calim_river,b_calim_river_adj
b_calimban_knoll,b_calimban_knoll_adj
b_calimstone,b_calimstone_adj
b_calmaersor,b_calmaersor_adj
b_candlekeep,b_candlekeep_adj
b_captains_court,b_captains_court_adj
b_caronal,b_caronal_adj
b_carradoon_isle,b_carradoon_isle_adj
b_carthag,b_carthag_adj
b_carwyth_hold,b_carwyth_hold_adj
b_caspias,b_caspias_adj
b_cassiddifel,b_cassiddifel_adj
b_castle_cormanthor,b_castle_cormanthor_adj
b_castle_kilgrave,b_castle_kilgrave_adj
b_castle_maalthiir,b_castle_maalthiir_adj
b_castle_maerimydra,b_castle_maerimydra_adj
b_castle_never,b_castle_never_adj
b_castle_perilous,b_castle_perilous_adj
b_castle_waterdeep,b_castle_waterdeep_adj
b_castle_zanhoriloch,b_castle_zanhoriloch_adj
b_cathyr,b_cathyr_adj
b_cavern_of_song,b_cavern_of_song_adj
b_cedarsproke,b_cedarsproke_adj
b_cennuroth,b_cennuroth_adj
b_cerrek,b_cerrek_adj
b_chaikou,b_chaikou_adj
b_chalasam,b_chalasam_adj
b_chama,b_chama_adj
b_chamar,b_chamar_adj
b_chan,b_chan_adj
b_chan_liu_shui,b_chan_liu_shui_adj
b_chandlerscross,b_chandlerscross_adj
b_changdao,b_changdao_adj
b_channathgate,b_channathgate_adj
b_chanth,b_chanth_adj
b_chao_yang,b_chao_yang_adj
b_chapterhouse,b_chapterhouse_adj
b_charig,b_charig_adj
b_chatlarhune,b_chatlarhune_adj
b_ched_nasad,b_ched_nasad_adj
b_chegoyui,b_chegoyui_adj
b_chelms_roost,b_chelms_roost_adj
b_chestam,b_chestam_adj
b_chethel,b_chethel_adj
b_chiem,b_chiem_adj
b_cholta,b_cholta_adj
b_chova_step,b_chova_step_adj
b_chowok,b_chowok_adj
b_chuapli,b_chuapli_adj
b_chulq,b_chulq_adj
b_cinnabar_wastes,b_cinnabar_wastes_adj
b_cirik,b_cirik_adj
b_citadel_adbar,b_citadel_adbar_adj
b_citadel_felbarr,b_citadel_felbarr_adj
b_citadel_of_the_mists,b_citadel_of_the_mists_adj
b_citadel_of_the_raven,b_citadel_of_the_raven_adj
b_citadel_oghrann,b_citadel_oghrann_adj
b_citadel_rashemar,b_citadel_rashemar_adj
b_citadel_rashturl,b_citadel_rashturl_adj
b_citadel_umbra,b_citadel_umbra_adj
b_citadel_yaunoroth,b_citadel_yaunoroth_adj
b_clearflow_keep,b_clearflow_keep_adj
b_cloudcrown,b_cloudcrown_adj
b_clouds_on_high,b_clouds_on_high_adj
b_clovis_fields,b_clovis_fields_adj
b_codscove,b_codscove_adj
b_cointoll,b_cointoll_adj
b_cokhis,b_cokhis_adj
b_cold_field,b_cold_field_adj
b_coldsand,b_coldsand_adj
b_colletro,b_colletro_adj
b_condish,b_condish_adj
b_coniferia,b_coniferia_adj
b_conyberry,b_conyberry_adj
b_corellons_grove,b_corellons_grove_adj
b_corm_orp,b_corm_orp_adj
b_coryllvol,b_coryllvol_adj
b_council_glade,b_council_glade_adj
b_cragmaw,b_cragmaw_adj
b_cragmyr_keep,b_cragmyr_keep_adj
b_craulnober_keep,b_craulnober_keep_adj
b_crimmor,b_crimmor_adj
b_cromms_hold,b_cromms_hold_adj
b_crownhall,b_crownhall_adj
b_culmaster,b_culmaster_adj
b_curstallyon,b_curstallyon_adj
b_daerlun,b_daerlun_adj
b_daerr,b_daerr_adj
b_dag_nast,b_dag_nast_adj
b_dagger_falls,b_dagger_falls_adj
b_dagleth,b_dagleth_adj
b_dakan,b_dakan_adj
b_dalath,b_dalath_adj
b_daoine_dun,b_daoine_dun_adj
b_daong,b_daong_adj
b_dapplegate,b_dapplegate_adj
b_darabjind,b_darabjind_adj
b_darakh,b_darakh_adj
b_daraqadim,b_daraqadim_adj
b_dareth_citadel,b_dareth_citadel_adj
b_dark_arrow_keep,b_dark_arrow_keep_adj
b_darkhold,b_darkhold_adj
b_darkhorn_castle,b_darkhorn_castle_adj
b_darmesh,b_darmesh_adj
b_darmshall,b_darmshall_adj
b_daroush,b_daroush_adj
b_darrabhar,b_darrabhar_adj
b_darrawn,b_darrawn_adj
b_daunting,b_daunting_adj
b_dauntshield,b_dauntshield_adj
b_dawarout,b_dawarout_adj
b_dawngleam,b_dawngleam_adj
b_daynk,b_daynk_adj
b_dead_orc_pass,b_dead_orc_pass_adj
b_deadfels,b_deadfels_adj
b_deadsnows,b_deadsnows_adj
b_deepglen,b_deepglen_adj
b_dekanter,b_dekanter_adj
b_dekar,b_dekar_adj
b_delbyl,b_delbyl_adj
b_delia,b_delia_adj
b_delliun,b_delliun_adj
b_delrune,b_delrune_adj
b_delselar,b_delselar_adj
b_deltar,b_deltar_adj
b_delthuntle,b_delthuntle_adj
b_delzimmer,b_delzimmer_adj
b_denderdale,b_denderdale_adj
b_denzar,b_denzar_adj
b_deraala,b_deraala_adj
b_deraiairgak,b_deraiairgak_adj
b_derlusk,b_derlusk_adj
b_deryks_tomb,b_deryks_tomb_adj
b_des,b_des_adj
b_dharvil,b_dharvil_adj
b_dhaztanar,b_dhaztanar_adj
b_dihliz,b_dihliz_adj
b_dilpur,b_dilpur_adj
b_djerad_aramazath,b_djerad_aramazath_adj
b_djerad_axatar,b_djerad_axatar_adj
b_djerad_dimee,b_djerad_dimee_adj
b_djerad_harngha,b_djerad_harngha_adj
b_djerad_kurar,b_djerad_kurar_adj
b_djerad_madara,b_djerad_madara_adj
b_djerad_saari,b_djerad_saari_adj
b_djerad_tarora,b_djerad_tarora_adj
b_djerad_tauro,b_djerad_tauro_adj
b_dlusk,b_dlusk_adj
b_dmir,b_dmir_adj
b_dolblunde,b_dolblunde_adj
b_dolphin_waters,b_dolphin_waters_adj
b_dolselgar,b_dolselgar_adj
b_doncastle,b_doncastle_adj
b_dragon_falls,b_dragon_falls_adj
b_dragonbones,b_dragonbones_adj
b_dragonspear_castle,b_dragonspear_castle_adj
b_drakelight,b_drakelight_adj
b_dralpur,b_dralpur_adj
b_drawn_swords,b_drawn_swords_adj
b_draya,b_draya_adj
b_drelagara,b_drelagara_adj
b_drik_hargunen,b_drik_hargunen_adj
b_drivendelve,b_drivendelve_adj
b_drubiev,b_drubiev_adj
b_dubegat,b_dubegat_adj
b_ducal_castle,b_ducal_castle_adj
b_duhlnarim,b_duhlnarim_adj
b_duindelve,b_duindelve_adj
b_duirtanal,b_duirtanal_adj
b_dun_orthass,b_dun_orthass_adj
b_dun_tharos,b_dun_tharos_adj
b_dunkapple_castle,b_dunkapple_castle_adj
b_dunland,b_dunland_adj
b_dunod,b_dunod_adj
b_dunspeirrin,b_dunspeirrin_adj
b_duras_vale,b_duras_vale_adj
b_durgach,b_durgach_adj
b_durkon,b_durkon_adj
b_durlags_tower,b_durlags_tower_adj
b_durrar,b_durrar_adj
b_dusklan,b_dusklan_adj
b_dynnegall,b_dynnegall_adj
b_dzoulins_cradle,b_dzoulins_cradle_adj
b_earalnst,b_earalnst_adj
b_eartheart,b_eartheart_adj
b_earthfast,b_earthfast_adj
b_east_keep,b_east_keep_adj
b_easting,b_easting_adj
b_eastwood,b_eastwood_adj
b_ebenfar,b_ebenfar_adj
b_edenvale,b_edenvale_adj
b_edgelight,b_edgelight_adj
b_edouura,b_edouura_adj
b_eghagu,b_eghagu_adj
b_eights_tree,b_eights_tree_adj
b_ekwong,b_ekwong_adj
b_el_gamahimiya,b_el_gamahimiya_adj
b_el_khrouled,b_el_khrouled_adj
b_elahzad,b_elahzad_adj
b_elbencort,b_elbencort_adj
b_elbulder,b_elbulder_adj
b_elchul,b_elchul_adj
b_eldaths_water,b_eldaths_water_adj
b_eldathyn,b_eldathyn_adj
b_elderbay,b_elderbay_adj
b_eldersvale,b_eldersvale_adj
b_eldrinfar,b_eldrinfar_adj
b_elghal,b_elghal_adj
b_elmwood,b_elmwood_adj
b_elne,b_elne_adj
b_eltabbar,b_eltabbar_adj
b_elturel,b_elturel_adj
b_elven_court,b_elven_court_adj
b_elven_port,b_elven_port_adj
b_elventree,b_elventree_adj
b_elveswatch,b_elveswatch_adj
b_emmech,b_emmech_adj
b_emu,b_emu_adj
b_end_of_light,b_end_of_light_adj
b_endar_aglandtor,b_endar_aglandtor_adj
b_equan,b_equan_adj
b_erath,b_erath_adj
b_erebos,b_erebos_adj
b_ermani,b_ermani_adj
b_errusk,b_errusk_adj
b_eryndlyn,b_eryndlyn_adj
b_esbresh,b_esbresh_adj
b_escalant,b_escalant_adj
b_esford,b_esford_adj
b_eshpurta,b_eshpurta_adj
b_eski,b_eski_adj
b_esmeltaran,b_esmeltaran_adj
b_esparaal,b_esparaal_adj
b_essembra,b_essembra_adj
b_estacell,b_estacell_adj
b_estafern,b_estafern_adj
b_ethvale,b_ethvale_adj
b_etuabe,b_etuabe_adj
b_eveningstar,b_eveningstar_adj
b_everantha,b_everantha_adj
b_evermelt,b_evermelt_adj
b_everwinter,b_everwinter_adj
b_evth,b_evth_adj
b_evus,b_evus_adj
b_eye_of_insight,b_eye_of_insight_adj
b_eyrie,b_eyrie_adj
b_faeniel,b_faeniel_adj
b_faeressar,b_faeressar_adj
b_faerntarn,b_faerntarn_adj
b_fahhas,b_fahhas_adj
b_faihakus,b_faihakus_adj
b_fanedown,b_fanedown_adj
b_fangjaws_hold,b_fangjaws_hold_adj
b_fanus,b_fanus_adj
b_far_nemoree,b_far_nemoree_adj
b_farahah,b_farahah_adj
b_farmeadows,b_farmeadows_adj
b_farpoint,b_farpoint_adj
b_fasa,b_fasa_adj
b_fasriul,b_fasriul_adj
b_fatuta_chuba,b_fatuta_chuba_adj
b_feathered_port,b_feathered_port_adj
b_feifeng,b_feifeng_adj
b_fendarls_gate,b_fendarls_gate_adj
b_fenders_run,b_fenders_run_adj
b_fengze,b_fengze_adj
b_fenton,b_fenton_adj
b_fenzorwyn,b_fenzorwyn_adj
b_fereej_al_amail,b_fereej_al_amail_adj
b_fida,b_fida_adj
b_fields_of_nun,b_fields_of_nun_adj
b_finback,b_finback_adj
b_finders_keep,b_finders_keep_adj
b_fir_palace,b_fir_palace_adj
b_firealm_tower,b_firealm_tower_adj
b_firecaverns,b_firecaverns_adj
b_fireforges,b_fireforges_adj
b_firehammer_hold,b_firehammer_hold_adj
b_firepost,b_firepost_adj
b_firetrees,b_firetrees_adj
b_firewine_bridge,b_firewine_bridge_adj
b_five_guard,b_five_guard_adj
b_five_lions,b_five_lions_adj
b_five_spears_hold,b_five_spears_hold_adj
b_flamhold,b_flamhold_adj
b_flamsterd,b_flamsterd_adj
b_flatshield_rise,b_flatshield_rise_adj
b_flint_rock,b_flint_rock_adj
b_floshin_manor,b_floshin_manor_adj
b_flyndagol,b_flyndagol_adj
b_forgefires,b_forgefires_adj
b_forharn,b_forharn_adj
b_forol,b_forol_adj
b_fort_arran,b_fort_arran_adj
b_fort_blumantle,b_fort_blumantle_adj
b_fort_ilbratha,b_fort_ilbratha_adj
b_fort_mirasandoral,b_fort_mirasandoral_adj
b_fort_teqlar,b_fort_teqlar_adj
b_fortress_clymph,b_fortress_clymph_adj
b_fortress_eyegad,b_fortress_eyegad_adj
b_fortress_narder,b_fortress_narder_adj
b_fortress_of_the_five_vultures,b_fortress_of_the_five_vultures_adj
b_fortress_of_the_old_man,b_fortress_of_the_old_man_adj
b_freedale,b_freedale_adj
b_friendly_arm_inn,b_friendly_arm_inn_adj
b_frosteeth,b_frosteeth_adj
b_frosthold,b_frosthold_adj
b_frostrill,b_frostrill_adj
b_frozen_flindyke,b_frozen_flindyke_adj
b_fujegat,b_fujegat_adj
b_fukiow,b_fukiow_adj
b_funashi,b_funashi_adj
b_fusselflow,b_fusselflow_adj
b_fustat,b_fustat_adj
b_gafolh,b_gafolh_adj
b_gallads_garden,b_gallads_garden_adj
b_galuka,b_galuka_adj
b_gamruhan,b_gamruhan_adj
b_gana,b_gana_adj
b_ganak,b_ganak_adj
b_gapure,b_gapure_adj
b_gartthalt,b_gartthalt_adj
b_gauntlgrym,b_gauntlgrym_adj
b_gauros_keep,b_gauros_keep_adj
b_gavelstone,b_gavelstone_adj
b_geman,b_geman_adj
b_genies_garden,b_genies_garden_adj
b_genval,b_genval_adj
b_gerns_hold,b_gerns_hold_adj
b_gers,b_gers_adj
b_ghadal,b_ghadal_adj
b_ghajar,b_ghajar_adj
b_gheldaneth,b_gheldaneth_adj
b_giant_gap,b_giant_gap_adj
b_gildenglade,b_gildenglade_adj
b_gimise,b_gimise_adj
b_giniracha,b_giniracha_adj
b_giteyosha,b_giteyosha_adj
b_glakis,b_glakis_adj
b_glarn,b_glarn_adj
b_glaurachyndaar,b_glaurachyndaar_adj
b_glister,b_glister_adj
b_glitterdelve,b_glitterdelve_adj
b_gnarhelm,b_gnarhelm_adj
b_goldenfields,b_goldenfields_adj
b_goliad,b_goliad_adj
b_gomwenk,b_gomwenk_adj
b_gondistho,b_gondistho_adj
b_gontal,b_gontal_adj
b_good_mead,b_good_mead_adj
b_gorag_citadel,b_gorag_citadel_adj
b_goulous,b_goulous_adj
b_gracklstugh,b_gracklstugh_adj
b_graevelwood,b_graevelwood_adj
b_granite_tower,b_granite_tower_adj
b_graskynar,b_graskynar_adj
b_graulthanc,b_graulthanc_adj
b_graxan,b_graxan_adj
b_graystaad,b_graystaad_adj
b_greenest,b_greenest_adj
b_greengrove,b_greengrove_adj
b_greenleaf_vale,b_greenleaf_vale_adj
b_greentree_haven,b_greentree_haven_adj
b_greyhome,b_greyhome_adj
b_griffons_nest,b_griffons_nest_adj
b_griffonwatch_keep,b_griffonwatch_keep_adj
b_grimroost,b_grimroost_adj
b_grunwald,b_grunwald_adj
b_guallidurth,b_guallidurth_adj
b_guihar,b_guihar_adj
b_guilmarl,b_guilmarl_adj
b_guizen,b_guizen_adj
b_gukh,b_gukh_adj
b_gull_nest,b_gull_nest_adj
b_gundar_kanga,b_gundar_kanga_adj
b_gundbarg,b_gundbarg_adj
b_gurnth,b_gurnth_adj
b_gurvandene,b_gurvandene_adj
b_guth,b_guth_adj
b_haantamm,b_haantamm_adj
b_haelev,b_haelev_adj
b_hafaya,b_hafaya_adj
b_hahami,b_hahami_adj
b_hai,b_hai_adj
b_haimang,b_haimang_adj
b_haimaq,b_haimaq_adj
b_hakim,b_hakim_adj
b_halagard,b_halagard_adj
b_halanaskarr,b_halanaskarr_adj
b_halarahh,b_halarahh_adj
b_halaze,b_halaze_adj
b_halfhap,b_halfhap_adj
b_hall_of_echoes,b_hall_of_echoes_adj
b_hall_of_kings,b_hall_of_kings_adj
b_hall_of_the_elders,b_hall_of_the_elders_adj
b_halorar,b_halorar_adj
b_halriden,b_halriden_adj
b_halvans_wood,b_halvans_wood_adj
b_halwa,b_halwa_adj
b_hame,b_hame_adj
b_hamid,b_hamid_adj
b_hammer_and_anvil,b_hammer_and_anvil_adj
b_hammer_hall,b_hammer_hall_adj
b_hammerstaad,b_hammerstaad_adj
b_hap,b_hap_adj
b_harb,b_harb_adj
b_hardangheight,b_hardangheight_adj
b_hardbuckler,b_hardbuckler_adj
b_hardcastle,b_hardcastle_adj
b_harglast,b_harglast_adj
b_harheldur,b_harheldur_adj
b_harlending,b_harlending_adj
b_harngel,b_harngel_adj
b_harnor,b_harnor_adj
b_harrowdale,b_harrowdale_adj
b_hartblood_spring,b_hartblood_spring_adj
b_hartvold,b_hartvold_adj
b_hatgiainli,b_hatgiainli_adj
b_havraquoar,b_havraquoar_adj
b_hawa,b_hawa_adj
b_hawks_nest,b_hawks_nest_adj
b_hawksroost,b_hawksroost_adj
b_haxkhun,b_haxkhun_adj
b_hayyir,b_hayyir_adj
b_hazuth,b_hazuth_adj
b_hedrun,b_hedrun_adj
b_heldapan,b_heldapan_adj
b_helespa,b_helespa_adj
b_heliogabalus,b_heliogabalus_adj
b_hellgate_keep,b_hellgate_keep_adj
b_helms_hold,b_helms_hold_adj
b_helmsa,b_helmsa_adj
b_helmsdale,b_helmsdale_adj
b_helvara,b_helvara_adj
b_hengfena,b_hengfena_adj
b_heptios,b_heptios_adj
b_herath,b_herath_adj
b_heroes_height,b_heroes_height_adj
b_heroes_helm,b_heroes_helm_adj
b_hesparin,b_hesparin_adj
b_hespheira,b_hespheira_adj
b_hethar,b_hethar_adj
b_hidden_hopes,b_hidden_hopes_adj
b_hidden_vale,b_hidden_vale_adj
b_high_hall,b_high_hall_adj
b_high_horn,b_high_horn_adj
b_highcastle,b_highcastle_adj
b_highluthholt,b_highluthholt_adj
b_highmoon,b_highmoon_adj
b_highplume_station,b_highplume_station_adj
b_hillfort_ishla,b_hillfort_ishla_adj
b_hillfort_keshla,b_hillfort_keshla_adj
b_hillfort_torbold,b_hillfort_torbold_adj
b_hillgard,b_hillgard_adj
b_hillmarch,b_hillmarch_adj
b_hills_edge,b_hills_edge_adj
b_hillsafar_hall,b_hillsafar_hall_adj
b_hilm,b_hilm_adj
b_hisari,b_hisari_adj
b_hiyal,b_hiyal_adj
b_hlammach,b_hlammach_adj
b_hlath,b_hlath_adj
b_hlaungadath,b_hlaungadath_adj
b_hlintar,b_hlintar_adj
b_hlondeth,b_hlondeth_adj
b_hluthvar,b_hluthvar_adj
b_hoarbridge,b_hoarbridge_adj
b_holdensword,b_holdensword_adj
b_hollow_mountain,b_hollow_mountain_adj
b_holyheart_house,b_holyheart_house_adj
b_horaholm,b_horaholm_adj
b_horn_of_afyal,b_horn_of_afyal_adj
b_house_of_holy_suffering,b_house_of_holy_suffering_adj
b_house_of_lolth,b_house_of_lolth_adj
b_hrakhamar,b_hrakhamar_adj
b_huai,b_huai_adj
b_hudariyah,b_hudariyah_adj
b_huddagh,b_huddagh_adj
b_hudid,b_hudid_adj
b_hulan,b_hulan_adj
b_hulm,b_hulm_adj
b_hundard,b_hundard_adj
b_hundelstone,b_hundelstone_adj
b_hundred_spears,b_hundred_spears_adj
b_huorm,b_huorm_adj
b_huplik,b_huplik_adj
b_huzuz,b_huzuz_adj
b_hykopgrok,b_hykopgrok_adj
b_ibelgrak,b_ibelgrak_adj
b_ibreb,b_ibreb_adj
b_icelace,b_icelace_adj
b_icespire_peak,b_icespire_peak_adj
b_icewind_coast,b_icewind_coast_adj
b_igenghack,b_igenghack_adj
b_ihyrennstar,b_ihyrennstar_adj
b_iirgar,b_iirgar_adj
b_iisilmark,b_iisilmark_adj
b_ilimar,b_ilimar_adj
b_ilinvur,b_ilinvur_adj
b_iliphanar,b_iliphanar_adj
b_ilipur,b_ilipur_adj
b_iljak,b_iljak_adj
b_illefarn_keep,b_illefarn_keep_adj
b_illix,b_illix_adj
b_illuks,b_illuks_adj
b_ilmwatch,b_ilmwatch_adj
b_iltkazar,b_iltkazar_adj
b_imajuvisik,b_imajuvisik_adj
b_imdolphyn,b_imdolphyn_adj
b_imkath,b_imkath_adj
b_immilmar,b_immilmar_adj
b_immurks_hold,b_immurks_hold_adj
b_imnescar,b_imnescar_adj
b_imroley,b_imroley_adj
b_imval_vale,b_imval_vale_adj
b_ingdals_arm,b_ingdals_arm_adj
b_ingmur,b_ingmur_adj
b_ings,b_ings_adj
b_inkrath,b_inkrath_adj
b_innarlith,b_innarlith_adj
b_intibah,b_intibah_adj
b_inupras,b_inupras_adj
b_iomaport,b_iomaport_adj
b_iouloum,b_iouloum_adj
b_iphlain,b_iphlain_adj
b_irahat,b_irahat_adj
b_iritasker,b_iritasker_adj
b_ironfang_deep,b_ironfang_deep_adj
b_ironfang_keep,b_ironfang_keep_adj
b_ironmaster,b_ironmaster_adj
b_ironspur,b_ironspur_adj
b_isfasan,b_isfasan_adj
b_ishamar,b_ishamar_adj
b_ishau,b_ishau_adj
b_iskashyoll,b_iskashyoll_adj
b_istafa,b_istafa_adj
b_ithal_pass,b_ithal_pass_adj
b_ithan,b_ithan_adj
b_ithmong,b_ithmong_adj
b_itiraf,b_itiraf_adj
b_iuham,b_iuham_adj
b_ixinos,b_ixinos_adj
b_ixxim,b_ixxim_adj
b_iyrandrar,b_iyrandrar_adj
b_izots_tomb,b_izots_tomb_adj
b_jaasa_hold,b_jaasa_hold_adj
b_jab,b_jab_adj
b_jabal_sarahin,b_jabal_sarahin_adj
b_jade_gate,b_jade_gate_adj
b_jahaai,b_jahaai_adj
b_jahaka,b_jahaka_adj
b_jajam,b_jajam_adj
b_jalanthar,b_jalanthar_adj
b_jamal,b_jamal_adj
b_jaria,b_jaria_adj
b_jarir,b_jarir_adj
b_jebafi,b_jebafi_adj
b_jellik,b_jellik_adj
b_jelnesh,b_jelnesh_adj
b_jelvym,b_jelvym_adj
b_jeradin,b_jeradin_adj
b_jeranjah,b_jeranjah_adj
b_jevall,b_jevall_adj
b_jhaansciim,b_jhaansciim_adj
b_jhalhoran,b_jhalhoran_adj
b_jhalolokati,b_jhalolokati_adj
b_jianggong,b_jianggong_adj
b_jiaoguan,b_jiaoguan_adj
b_jinchou,b_jinchou_adj
b_jingong,b_jingong_adj
b_jinutt,b_jinutt_adj
b_jockteleg,b_jockteleg_adj
b_jokkursbay,b_jokkursbay_adj
b_jorhat_shan,b_jorhat_shan_adj
b_joums,b_joums_adj
b_joya,b_joya_adj
b_jugicha,b_jugicha_adj
b_jullatgrave,b_jullatgrave_adj
b_julrish,b_julrish_adj
b_jumlat,b_jumlat_adj
b_jurash,b_jurash_adj
b_kaarekh,b_kaarekh_adj
b_kadarasto,b_kadarasto_adj
b_kaget,b_kaget_adj
b_kai_shan,b_kai_shan_adj
b_kajiaruti,b_kajiaruti_adj
b_kakhi,b_kakhi_adj
b_kalathtyr,b_kalathtyr_adj
b_kalax,b_kalax_adj
b_kaleth,b_kaleth_adj
b_kalish,b_kalish_adj
b_kalmins_grove,b_kalmins_grove_adj
b_kaluth,b_kaluth_adj
b_kanaglym,b_kanaglym_adj
b_kangste,b_kangste_adj
b_kannur,b_kannur_adj
b_kanori,b_kanori_adj
b_kaoll,b_kaoll_adj
b_kapuli,b_kapuli_adj
b_karat,b_karat_adj
b_karmhold,b_karmhold_adj
b_karns,b_karns_adj
b_karon,b_karon_adj
b_karse,b_karse_adj
b_karsus_keep,b_karsus_keep_adj
b_karza,b_karza_adj
b_karzuwa,b_karzuwa_adj
b_kasal,b_kasal_adj
b_kasawak,b_kasawak_adj
b_kash,b_kash_adj
b_kasidikals_keep,b_kasidikals_keep_adj
b_kaslaib,b_kaslaib_adj
b_kasper,b_kasper_adj
b_kassa_stand,b_kassa_stand_adj
b_kavu,b_kavu_adj
b_kayari,b_kayari_adj
b_kaz,b_kaz_adj
b_keczulla,b_keczulla_adj
b_keep_of_dawn,b_keep_of_dawn_adj
b_keep_of_pale_night,b_keep_of_pale_night_adj
b_kelazzan,b_kelazzan_adj
b_keldsgar,b_keldsgar_adj
b_kelereng,b_kelereng_adj
b_kellesar,b_kellesar_adj
b_kelpar,b_kelpar_adj
b_keltar,b_keltar_adj
b_keltash,b_keltash_adj
b_keluthar,b_keluthar_adj
b_kelvins_cairn,b_kelvins_cairn_adj
b_kemati,b_kemati_adj
b_kemva,b_kemva_adj
b_kengarun,b_kengarun_adj
b_kens_rise,b_kens_rise_adj
b_kenvale,b_kenvale_adj
b_kesker,b_kesker_adj
b_ket_bel,b_ket_bel_adj
b_kethid,b_kethid_adj
b_khaa,b_khaa_adj
b_khaelud,b_khaelud_adj
b_khapo,b_khapo_adj
b_kharaifat,b_kharaifat_adj
b_khedvallahir,b_khedvallahir_adj
b_khelas,b_khelas_adj
b_kheldell,b_kheldell_adj
b_kheldrivver,b_kheldrivver_adj
b_khephal,b_khephal_adj
b_khivak,b_khivak_adj
b_khlarsamryn,b_khlarsamryn_adj
b_khol,b_khol_adj
b_kholassa,b_kholassa_adj
b_kholtar,b_kholtar_adj
b_khor_biligat,b_khor_biligat_adj
b_khuld,b_khuld_adj
b_kiasia,b_kiasia_adj
b_kilad,b_kilad_adj
b_kilastann,b_kilastann_adj
b_kinbrace,b_kinbrace_adj
b_kindle,b_kindle_adj
b_kings_reach,b_kings_reach_adj
b_kingsbay,b_kingsbay_adj
b_kinyo,b_kinyo_adj
b_kir_sabal,b_kir_sabal_adj
b_kirgard,b_kirgard_adj
b_kitbezi,b_kitbezi_adj
b_kituzeelal,b_kituzeelal_adj
b_klaidson,b_klaidson_adj
b_klionna,b_klionna_adj
b_klondor,b_klondor_adj
b_klossolo,b_klossolo_adj
b_kochar_steppe,b_kochar_steppe_adj
b_kochung,b_kochung_adj
b_kolapur,b_kolapur_adj
b_kolium,b_kolium_adj
b_kollyat,b_kollyat_adj
b_konigheim,b_konigheim_adj
b_konigstadt,b_konigstadt_adj
b_korar,b_korar_adj
b_kork,b_kork_adj
b_kormul,b_kormul_adj
b_kothask,b_kothask_adj
b_kouangi,b_kouangi_adj
b_kourmira,b_kourmira_adj
b_krak_al_mazhar,b_krak_al_mazhar_adj
b_krak_al_niraan,b_krak_al_niraan_adj
b_krak_al_sajjaan,b_krak_al_sajjaan_adj
b_krak_al_shidda,b_krak_al_shidda_adj
b_krak_al_uruj,b_krak_al_uruj_adj
b_krenatir,b_krenatir_adj
b_krenlith,b_krenlith_adj
b_kresttet,b_kresttet_adj
b_kront,b_kront_adj
b_ku_akh,b_ku_akh_adj
b_kufa,b_kufa_adj
b_kuldahar,b_kuldahar_adj
b_kuo_meilan,b_kuo_meilan_adj
b_kupote,b_kupote_adj
b_kuraakim,b_kuraakim_adj
b_kurrsh,b_kurrsh_adj
b_kurth,b_kurth_adj
b_kushk,b_kushk_adj
b_kustaelau,b_kustaelau_adj
b_kuthnuk,b_kuthnuk_adj
b_kwachow,b_kwachow_adj
b_kzelter,b_kzelter_adj
b_laas,b_laas_adj
b_lachom,b_lachom_adj
b_lady_dove,b_lady_dove_adj
b_lagiluri,b_lagiluri_adj
b_lahib,b_lahib_adj
b_laila,b_laila_adj
b_lair_of_the_eye,b_lair_of_the_eye_adj
b_laiwei,b_laiwei_adj
b_lajang,b_lajang_adj
b_lamrar,b_lamrar_adj
b_lan,b_lan_adj
b_landithust,b_landithust_adj
b_langdarma,b_langdarma_adj
b_laothkund,b_laothkund_adj
b_laou,b_laou_adj
b_lapaalis_waters,b_lapaalis_waters_adj
b_lapalgard,b_lapalgard_adj
b_lapalstar,b_lapalstar_adj
b_laphe,b_laphe_adj
b_larut,b_larut_adj
b_lashghar,b_lashghar_adj
b_lashloc,b_lashloc_adj
b_last_stop,b_last_stop_adj
b_lastarr,b_lastarr_adj
b_laviguer,b_laviguer_adj
b_leaping_hold,b_leaping_hold_adj
b_leilon,b_leilon_adj
b_leopard_shan,b_leopard_shan_adj
b_lethtar,b_lethtar_adj
b_lethywald,b_lethywald_adj
b_lexx,b_lexx_adj
b_lhair,b_lhair_adj
b_lheshayl,b_lheshayl_adj
b_lhesper,b_lhesper_adj
b_lhestyns_hearth,b_lhestyns_hearth_adj
b_li_raz,b_li_raz_adj
b_lighthouse_keep,b_lighthouse_keep_adj
b_liham,b_liham_adj
b_lilinuk,b_lilinuk_adj
b_limjung,b_limjung_adj
b_lin,b_lin_adj
b_lion_rock,b_lion_rock_adj
b_lions_eye,b_lions_eye_adj
b_lipo,b_lipo_adj
b_little_orbrekh,b_little_orbrekh_adj
b_llewellyn,b_llewellyn_adj
b_llorkh,b_llorkh_adj
b_llurth_dreier,b_llurth_dreier_adj
b_lo_pan,b_lo_pan_adj
b_lo_tu,b_lo_tu_adj
b_loeng,b_loeng_adj
b_lomatra,b_lomatra_adj
b_lonefang,b_lonefang_adj
b_longsaddle,b_longsaddle_adj
b_loranse,b_loranse_adj
b_lost_refuge,b_lost_refuge_adj
b_lothen,b_lothen_adj
b_loudwater,b_loudwater_adj
b_loulan,b_loulan_adj
b_luenath,b_luenath_adj
b_lugabi,b_lugabi_adj
b_lugotak,b_lugotak_adj
b_lundar,b_lundar_adj
b_lundeth,b_lundeth_adj
b_luntse_dzong,b_luntse_dzong_adj
b_lupeiros,b_lupeiros_adj
b_lushpool,b_lushpool_adj
b_lylkara,b_lylkara_adj
b_lylorn,b_lylorn_adj
b_lyndar,b_lyndar_adj
b_lyrabar,b_lyrabar_adj
b_maarlith,b_maarlith_adj
b_maatar,b_maatar_adj
b_mabasha,b_mabasha_adj
b_mache,b_mache_adj
b_madirah,b_madirah_adj
b_maelar,b_maelar_adj
b_maelevarar,b_maelevarar_adj
b_maer_dualdon,b_maer_dualdon_adj
b_maerch,b_maerch_adj
b_maerchlin,b_maerchlin_adj
b_maerduuth,b_maerduuth_adj
b_maeruhal,b_maeruhal_adj
b_maerzalar,b_maerzalar_adj
b_mafrad,b_mafrad_adj
b_magis_tor,b_magis_tor_adj
b_magrib,b_magrib_adj
b_mahabba,b_mahabba_adj
b_mahaireb,b_mahaireb_adj
b_maharas_vale,b_maharas_vale_adj
b_mahazaka,b_mahazaka_adj
b_mahligwi,b_mahligwi_adj
b_majma,b_majma_adj
b_makaxar,b_makaxar_adj
b_makthar,b_makthar_adj
b_mal,b_mal_adj
b_malaarar,b_malaarar_adj
b_maldali,b_maldali_adj
b_malualti,b_malualti_adj
b_manass,b_manass_adj
b_mangale,b_mangale_adj
b_mangangan,b_mangangan_adj
b_manshaka,b_manshaka_adj
b_maracrath,b_maracrath_adj
b_marakir,b_marakir_adj
b_maranetha,b_maranetha_adj
b_marangor,b_marangor_adj
b_marghu,b_marghu_adj
b_mariphim,b_mariphim_adj
b_markais,b_markais_adj
b_marmadani,b_marmadani_adj
b_marrauk,b_marrauk_adj
b_marsember,b_marsember_adj
b_marts_keep,b_marts_keep_adj
b_maskana,b_maskana_adj
b_maskath,b_maskath_adj
b_maskyrs_trail,b_maskyrs_trail_adj
b_masters_hall_sbr,b_masters_hall_sbr_adj
b_mata_bol,b_mata_bol_adj
b_mathass,b_mathass_adj
b_matolo,b_matolo_adj
b_maviddi,b_maviddi_adj
b_mazat,b_mazat_adj
b_mbala,b_mbala_adj
b_meadhall,b_meadhall_adj
b_medang_perang,b_medang_perang_adj
b_medina_al_afyal,b_medina_al_afyal_adj
b_medinat_muskawoon,b_medinat_muskawoon_adj
b_meiliang,b_meiliang_adj
b_meinan,b_meinan_adj
b_mekebat,b_mekebat_adj
b_melganavin,b_melganavin_adj
b_mella,b_mella_adj
b_memnon,b_memnon_adj
b_mere,b_mere_adj
b_merkun,b_merkun_adj
b_mermaid_cove,b_mermaid_cove_adj
b_meruindelve,b_meruindelve_adj
b_messemprar,b_messemprar_adj
b_methwood,b_methwood_adj
b_mevarand,b_mevarand_adj
b_mezro,b_mezro_adj
b_mhaelos,b_mhaelos_adj
b_mhair_pass,b_mhair_pass_adj
b_mhairhetel,b_mhairhetel_adj
b_mhairling,b_mhairling_adj
b_mhiilamniir,b_mhiilamniir_adj
b_midnight_waters,b_midnight_waters_adj
b_midstone,b_midstone_adj
b_midstride,b_midstride_adj
b_miirsar,b_miirsar_adj
b_millvulthan,b_millvulthan_adj
b_milvarune,b_milvarune_adj
b_mimph,b_mimph_adj
b_mina,b_mina_adj
b_minauthkeep,b_minauthkeep_adj
b_minlow,b_minlow_adj
b_mintar,b_mintar_adj
b_mintarn,b_mintarn_adj
b_mirabar,b_mirabar_adj
b_mirande,b_mirande_adj
b_misbahd,b_misbahd_adj
b_mishan,b_mishan_adj
b_mishtan,b_mishtan_adj
b_mistfells,b_mistfells_adj
b_misthaul,b_misthaul_adj
b_misthome,b_misthome_adj
b_mistshaws,b_mistshaws_adj
b_misty_keep,b_misty_keep_adj
b_mithel,b_mithel_adj
b_mithral_hall,b_mithral_hall_adj
b_molken,b_molken_adj
b_monksblade,b_monksblade_adj
b_moonkind,b_moonkind_adj
b_moonrise_towers,b_moonrise_towers_adj
b_moonstone_palace,b_moonstone_palace_adj
b_moonstorm_house,b_moonstorm_house_adj
b_moortown,b_moortown_adj
b_moraan,b_moraan_adj
b_moradask,b_moradask_adj
b_mordulkin,b_mordulkin_adj
b_mordyr,b_mordyr_adj
b_morgala,b_morgala_adj
b_morgu,b_morgu_adj
b_morndinvuddrin,b_morndinvuddrin_adj
b_morninggold_keep,b_morninggold_keep_adj
b_morningstar_hollows,b_morningstar_hollows_adj
b_morrowikik,b_morrowikik_adj
b_morten,b_morten_adj
b_mortling,b_mortling_adj
b_morvar,b_morvar_adj
b_mossy_stone,b_mossy_stone_adj
b_moszabbar,b_moszabbar_adj
b_motra,b_motra_adj
b_mount_okk,b_mount_okk_adj
b_mount_sar,b_mount_sar_adj
b_mount_wormlook,b_mount_wormlook_adj
b_mourktar,b_mourktar_adj
b_mourning_stones,b_mourning_stones_adj
b_mratanga,b_mratanga_adj
b_mreyelundar,b_mreyelundar_adj
b_msalin,b_msalin_adj
b_muara,b_muara_adj
b_mudhill,b_mudhill_adj
b_muirenon,b_muirenon_adj
b_mulharahold,b_mulharahold_adj
b_mulhessen,b_mulhessen_adj
b_mulmaster,b_mulmaster_adj
b_mulptan,b_mulptan_adj
b_mulsantir,b_mulsantir_adj
b_muluk,b_muluk_adj
b_munli,b_munli_adj
b_murann,b_murann_adj
b_murbant,b_murbant_adj
b_muren_tso,b_muren_tso_adj
b_murghyr,b_murghyr_adj
b_murmaan,b_murmaan_adj
b_murpeth,b_murpeth_adj
b_murr,b_murr_adj
b_muzefroun,b_muzefroun_adj
b_myratma,b_myratma_adj
b_myrmyr,b_myrmyr_adj
b_myth_dyraalis,b_myth_dyraalis_adj
b_myth_rhynn,b_myth_rhynn_adj
b_myth_telvondial,b_myth_telvondial_adj
b_myth_valorthae,b_myth_valorthae_adj
b_mytran,b_mytran_adj
b_nagaford,b_nagaford_adj
b_nagai,b_nagai_adj
b_nagarana,b_nagarana_adj
b_nagarr,b_nagarr_adj
b_nagoo,b_nagoo_adj
b_nahr_al_fil,b_nahr_al_fil_adj
b_naiganga,b_naiganga_adj
b_namtan,b_namtan_adj
b_nanath,b_nanath_adj
b_nangalore,b_nangalore_adj
b_nanhu,b_nanhu_adj
b_nanxun,b_nanxun_adj
b_naon,b_naon_adj
b_naqayna,b_naqayna_adj
b_nar_ormpur,b_nar_ormpur_adj
b_nar_sek_qutel,b_nar_sek_qutel_adj
b_narari,b_narari_adj
b_narer,b_narer_adj
b_narodara,b_narodara_adj
b_narubel,b_narubel_adj
b_narvarr,b_narvarr_adj
b_nashkel,b_nashkel_adj
b_nathenje,b_nathenje_adj
b_nathlekh,b_nathlekh_adj
b_nathong,b_nathong_adj
b_nathoud,b_nathoud_adj
b_naupau,b_naupau_adj
b_nawal,b_nawal_adj
b_naysabur,b_naysabur_adj
b_neachal_fountain,b_neachal_fountain_adj
b_needlespires,b_needlespires_adj
b_negarath,b_negarath_adj
b_neldorild,b_neldorild_adj
b_nember,b_nember_adj
b_nemessor,b_nemessor_adj
b_nemoree_high,b_nemoree_high_adj
b_nenvar,b_nenvar_adj
b_nerth,b_nerth_adj
b_neryudzhan,b_neryudzhan_adj
b_nesme,b_nesme_adj
b_nethentir,b_nethentir_adj
b_nether_keep,b_nether_keep_adj
b_nethjet,b_nethjet_adj
b_nethra,b_nethra_adj
b_new_sarshel,b_new_sarshel_adj
b_nezras,b_nezras_adj
b_nhobel,b_nhobel_adj
b_ni_ko,b_ni_ko_adj
b_nighthawk_tower,b_nighthawk_tower_adj
b_niltuk,b_niltuk_adj
b_nimjammir,b_nimjammir_adj
b_nimlith,b_nimlith_adj
b_nimpeth,b_nimpeth_adj
b_nimsur,b_nimsur_adj
b_nisalin,b_nisalin_adj
b_nishtul,b_nishtul_adj
b_nixning,b_nixning_adj
b_njast,b_njast_adj
b_nleeth,b_nleeth_adj
b_noanars_hold,b_noanars_hold_adj
b_nogoonraat,b_nogoonraat_adj
b_nolin,b_nolin_adj
b_nonthal,b_nonthal_adj
b_noondai,b_noondai_adj
b_nordahaeril,b_nordahaeril_adj
b_norgrim,b_norgrim_adj
b_nornglast,b_nornglast_adj
b_north_peak,b_north_peak_adj
b_north_post,b_north_post_adj
b_nouarada,b_nouarada_adj
b_nun,b_nun_adj
b_nuthretos,b_nuthretos_adj
b_nuz,b_nuz_adj
b_nymphwood,b_nymphwood_adj
b_nyth,b_nyth_adj
b_oakengrove,b_oakengrove_adj
b_oakmere,b_oakmere_adj
b_oaksong_tower,b_oaksong_tower_adj
b_obarval,b_obarval_adj
b_obrynns_landing,b_obrynns_landing_adj
b_oceansigh,b_oceansigh_adj
b_ochoq,b_ochoq_adj
b_oeble,b_oeble_adj
b_ogden,b_ogden_adj
b_ohmai,b_ohmai_adj
b_olafstaad,b_olafstaad_adj
b_olah_raga,b_olah_raga_adj
b_olattan,b_olattan_adj
b_old_lundeth,b_old_lundeth_adj
b_old_well,b_old_well_adj
b_olodel,b_olodel_adj
b_olomaa,b_olomaa_adj
b_olostins_hold,b_olostins_hold_adj
b_olstone,b_olstone_adj
b_olum,b_olum_adj
b_olung,b_olung_adj
b_olyniak,b_olyniak_adj
b_olyseserin,b_olyseserin_adj
b_omm,b_omm_adj
b_omu,b_omu_adj
b_ondathel,b_ondathel_adj
b_ondene,b_ondene_adj
b_onnaghi,b_onnaghi_adj
b_oostar,b_oostar_adj
b_open_fields,b_open_fields_adj
b_ophat,b_ophat_adj
b_orantrax,b_orantrax_adj
b_orbedal_tower,b_orbedal_tower_adj
b_ordulin,b_ordulin_adj
b_oreme,b_oreme_adj
b_orglaunt,b_orglaunt_adj
b_orgymist,b_orgymist_adj
b_orithar,b_orithar_adj
b_orlbar,b_orlbar_adj
b_orlil,b_orlil_adj
b_orlsfall,b_orlsfall_adj
b_orlumbor,b_orlumbor_adj
b_ormath,b_ormath_adj
b_ormen,b_ormen_adj
b_ormpe,b_ormpe_adj
b_ormpetarr,b_ormpetarr_adj
b_ormpur,b_ormpur_adj
b_orodan,b_orodan_adj
b_orofin,b_orofin_adj
b_orogoth,b_orogoth_adj
b_orolunga,b_orolunga_adj
b_oroth,b_oroth_adj
b_orphar,b_orphar_adj
b_orpher,b_orpher_adj
b_orvyltar,b_orvyltar_adj
b_oryndoll,b_oryndoll_adj
b_oslin,b_oslin_adj
b_ostrav,b_ostrav_adj
b_otennath,b_otennath_adj
b_othars_hand,b_othars_hand_adj
b_ouargh,b_ouargh_adj
b_ouranalathas_tower,b_ouranalathas_tower_adj
b_outer_reghed,b_outer_reghed_adj
b_padang,b_padang_adj
b_palace_of_the_sceptanar,b_palace_of_the_sceptanar_adj
b_palischuk,b_palischuk_adj
b_panas,b_panas_adj
b_panforza,b_panforza_adj
b_panjuis,b_panjuis_adj
b_pasar,b_pasar_adj
b_pashas_sabban,b_pashas_sabban_adj
b_patatak,b_patatak_adj
b_pazar,b_pazar_adj
b_pearlhouse,b_pearlhouse_adj
b_pelandar,b_pelandar_adj
b_peldvale,b_peldvale_adj
b_pelmarin,b_pelmarin_adj
b_peltarch,b_peltarch_adj
b_penong,b_penong_adj
b_penshan,b_penshan_adj
b_penuh_susak,b_penuh_susak_adj
b_peqqir,b_peqqir_adj
b_perpustakaan,b_perpustakaan_adj
b_peshaj,b_peshaj_adj
b_peskar,b_peskar_adj
b_phannaskul,b_phannaskul_adj
b_pharren,b_pharren_adj
b_pharus,b_pharus_adj
b_phelajarama,b_phelajarama_adj
b_phelzol,b_phelzol_adj
b_phent,b_phent_adj
b_phsant,b_phsant_adj
b_phutan,b_phutan_adj
b_pike_hold,b_pike_hold_adj
b_planners_citadel,b_planners_citadel_adj
b_po,b_po_adj
b_port_beluarian,b_port_beluarian_adj
b_port_castigliar,b_port_castigliar_adj
b_port_ghast,b_port_ghast_adj
b_port_llast,b_port_llast_adj
b_port_nyanzaru,b_port_nyanzaru_adj
b_port_wyn,b_port_wyn_adj
b_portage,b_portage_adj
b_potong,b_potong_adj
b_praka,b_praka_adj
b_prastuil,b_prastuil_adj
b_prensak,b_prensak_adj
b_priapurl,b_priapurl_adj
b_prints_floe,b_prints_floe_adj
b_procalith,b_procalith_adj
b_procampur,b_procampur_adj
b_proskur,b_proskur_adj
b_protain,b_protain_adj
b_punakha_dzong,b_punakha_dzong_adj
b_purskul,b_purskul_adj
b_pyrados,b_pyrados_adj
b_pyratar,b_pyratar_adj
b_pyraxia,b_pyraxia_adj
b_qadib,b_qadib_adj
b_qamaphut,b_qamaphut_adj
b_qanadad,b_qanadad_adj
b_qantun,b_qantun_adj
b_qaragar,b_qaragar_adj
b_qarintg,b_qarintg_adj
b_qarlondrar,b_qarlondrar_adj
b_qingliang,b_qingliang_adj
b_qinyi,b_qinyi_adj
b_qord,b_qord_adj
b_qorkh,b_qorkh_adj
b_qosodera,b_qosodera_adj
b_qota,b_qota_adj
b_quaervarr,b_quaervarr_adj
b_quaraband,b_quaraband_adj
b_quaraqand,b_quaraqand_adj
b_quarrelshigh,b_quarrelshigh_adj
b_quaver,b_quaver_adj
b_quchang,b_quchang_adj
b_qudalla,b_qudalla_adj
b_qudana,b_qudana_adj
b_qudao,b_qudao_adj
b_qudra,b_qudra_adj
b_queen_of_the_water,b_queen_of_the_water_adj
b_quellarzorl,b_quellarzorl_adj
b_quental,b_quental_adj
b_qugong,b_qugong_adj
b_quickwinds,b_quickwinds_adj
b_quli,b_quli_adj
b_qumis,b_qumis_adj
b_quretta,b_quretta_adj
b_qurthing,b_qurthing_adj
b_raerest,b_raerest_adj
b_ragado,b_ragado_adj
b_rago,b_rago_adj
b_rainbow_falls,b_rainbow_falls_adj
b_rambut,b_rambut_adj
b_ramekho,b_ramekho_adj
b_rana,b_rana_adj
b_ranraths_run,b_ranraths_run_adj
b_rarila,b_rarila_adj
b_rashaflow,b_rashaflow_adj
b_raskuldin,b_raskuldin_adj
b_rassalantars_keep,b_rassalantars_keep_adj
b_rassatan,b_rassatan_adj
b_rastaal,b_rastaal_adj
b_rauder,b_rauder_adj
b_raurokh,b_raurokh_adj
b_rausrawna,b_rausrawna_adj
b_rauthil,b_rauthil_adj
b_ravensburg,b_ravensburg_adj
b_ravenwing,b_ravenwing_adj
b_raziz,b_raziz_adj
b_reachgard,b_reachgard_adj
b_red_cove,b_red_cove_adj
b_red_haven,b_red_haven_adj
b_red_larch,b_red_larch_adj
b_reddansyr,b_reddansyr_adj
b_redwater,b_redwater_adj
b_regdasaid,b_regdasaid_adj
b_rekkavik,b_rekkavik_adj
b_reth,b_reth_adj
b_rethgaard,b_rethgaard_adj
b_rethmar,b_rethmar_adj
b_riatavin,b_riatavin_adj
b_riftwood,b_riftwood_adj
b_riimlost,b_riimlost_adj
b_rikthana,b_rikthana_adj
b_rimba,b_rimba_adj
b_rimlost,b_rimlost_adj
b_rimmator,b_rimmator_adj
b_rivergard,b_rivergard_adj
b_rivermoot,b_rivermoot_adj
b_rivers_run,b_rivers_run_adj
b_roadkeep,b_roadkeep_adj
b_roaringshore,b_roaringshore_adj
b_rodanar,b_rodanar_adj
b_rogarsheim,b_rogarsheim_adj
b_rogosto,b_rogosto_adj
b_rokmond_gate,b_rokmond_gate_adj
b_rokstang,b_rokstang_adj
b_rokthorl,b_rokthorl_adj
b_rondeval,b_rondeval_adj
b_roraari,b_roraari_adj
b_rorst,b_rorst_adj
b_rosymorn_monastery,b_rosymorn_monastery_adj
b_rotimur,b_rotimur_adj
b_royal_hall,b_royal_hall_adj
b_rrinlurgh,b_rrinlurgh_adj
b_ruathym,b_ruathym_adj
b_rucien_xan,b_rucien_xan_adj
b_rulasuu,b_rulasuu_adj
b_rume,b_rume_adj
b_rurikar,b_rurikar_adj
b_saasakhoura,b_saasakhoura_adj
b_sabrasha,b_sabrasha_adj
b_sadamzar,b_sadamzar_adj
b_sadazeh,b_sadazeh_adj
b_sadul,b_sadul_adj
b_saekolath,b_saekolath_adj
b_saelmur,b_saelmur_adj
b_saerb,b_saerb_adj
b_saerloon,b_saerloon_adj
b_safaq,b_safaq_adj
b_sagat,b_sagat_adj
b_saharelgard,b_saharelgard_adj
b_saharkhan,b_saharkhan_adj
b_saichik,b_saichik_adj
b_saigai,b_saigai_adj
b_saikhoi,b_saikhoi_adj
b_saintkho,b_saintkho_adj
b_sakh,b_sakh_adj
b_salira,b_salira_adj
b_salpir,b_salpir_adj
b_samagard,b_samagard_adj
b_samak,b_samak_adj
b_samargard,b_samargard_adj
b_samargol,b_samargol_adj
b_sambar,b_sambar_adj
b_sambral,b_sambral_adj
b_sammaresh,b_sammaresh_adj
b_samphos,b_samphos_adj
b_sampranasz,b_sampranasz_adj
b_samra,b_samra_adj
b_sana,b_sana_adj
b_sandsrun,b_sandsrun_adj
b_sangal,b_sangal_adj
b_sant,b_sant_adj
b_sapra,b_sapra_adj
b_saradush,b_saradush_adj
b_saraq,b_saraq_adj
b_sarara,b_sarara_adj
b_sarenestar_glade,b_sarenestar_glade_adj
b_sarengard_keep,b_sarengard_keep_adj
b_sariban,b_sariban_adj
b_saridang,b_saridang_adj
b_sarketh,b_sarketh_adj
b_sarrukoth,b_sarrukoth_adj
b_sarshel,b_sarshel_adj
b_sathadech,b_sathadech_adj
b_satous,b_satous_adj
b_sawsh,b_sawsh_adj
b_scardale_town,b_scardale_town_adj
b_scepter_district,b_scepter_district_adj
b_schamedar,b_schamedar_adj
b_scornubel,b_scornubel_adj
b_seaspray,b_seaspray_adj
b_seatower_of_ilinyth,b_seatower_of_ilinyth_adj
b_sebben,b_sebben_adj
b_sefriszar,b_sefriszar_adj
b_seikung,b_seikung_adj
b_sekola_atas,b_sekola_atas_adj
b_sekras,b_sekras_adj
b_selatan,b_selatan_adj
b_selgaunt,b_selgaunt_adj
b_selmast,b_selmast_adj
b_sembabule,b_sembabule_adj
b_sember,b_sember_adj
b_semkhrun,b_semkhrun_adj
b_sendail,b_sendail_adj
b_sendalam,b_sendalam_adj
b_senia,b_senia_adj
b_sentinel_stand,b_sentinel_stand_adj
b_sepusang,b_sepusang_adj
b_serpar,b_serpar_adj
b_serpents_cowl,b_serpents_cowl_adj
b_seshano,b_seshano_adj
b_sesserash,b_sesserash_adj
b_sessrenglade,b_sessrenglade_adj
b_sethemyne,b_sethemyne_adj
b_settlestone,b_settlestone_adj
b_severed_hand,b_severed_hand_adj
b_sezilinta,b_sezilinta_adj
b_shaargald,b_shaargald_adj
b_shaarmid,b_shaarmid_adj
b_shadowglade,b_shadowglade_adj
b_shakham,b_shakham_adj
b_shakkak,b_shakkak_adj
b_shamandra,b_shamandra_adj
b_shamph,b_shamph_adj
b_shan_sao,b_shan_sao_adj
b_shandaular,b_shandaular_adj
b_shangtao,b_shangtao_adj
b_shannath,b_shannath_adj
b_shanshu,b_shanshu_adj
b_shaqu,b_shaqu_adj
b_sharandar,b_sharandar_adj
b_sharawood,b_sharawood_adj
b_shark_point,b_shark_point_adj
b_shasira,b_shasira_adj
b_shederran_grove,b_shederran_grove_adj
b_sheirtalar,b_sheirtalar_adj
b_shendra,b_shendra_adj
b_shengyi,b_shengyi_adj
b_shentsa,b_shentsa_adj
b_shevel,b_shevel_adj
b_shey_chorten,b_shey_chorten_adj
b_shih_tuh,b_shih_tuh_adj
b_shihfang,b_shihfang_adj
b_shilku,b_shilku_adj
b_shimundra,b_shimundra_adj
b_shinalel,b_shinalel_adj
b_shining_white,b_shining_white_adj
b_shipgrave,b_shipgrave_adj
b_shirc,b_shirc_adj
b_shota,b_shota_adj
b_shou_kuan,b_shou_kuan_adj
b_shuruppak,b_shuruppak_adj
b_shussel,b_shussel_adj
b_sibbaqiyah,b_sibbaqiyah_adj
b_sidi,b_sidi_adj
b_sierrak,b_sierrak_adj
b_sigram,b_sigram_adj
b_siiluth_keep,b_siiluth_keep_adj
b_sikak,b_sikak_adj
b_siksuv,b_siksuv_adj
b_silapathar,b_silapathar_adj
b_silverymoon,b_silverymoon_adj
b_simbaya,b_simbaya_adj
b_simbilan,b_simbilan_adj
b_sinna,b_sinna_adj
b_siremun,b_siremun_adj
b_sister_of_rains,b_sister_of_rains_adj
b_skadaurak,b_skadaurak_adj
b_skarou,b_skarou_adj
b_skeskia,b_skeskia_adj
b_skouth,b_skouth_adj
b_skuld,b_skuld_adj
b_skull_crag,b_skull_crag_adj
b_skurrukh,b_skurrukh_adj
b_skytower_shelter,b_skytower_shelter_adj
b_smokespire,b_smokespire_adj
b_snokkok,b_snokkok_adj
b_snowmantle,b_snowmantle_adj
b_sokkar,b_sokkar_adj
b_solon,b_solon_adj
b_sombor,b_sombor_adj
b_somraggah,b_somraggah_adj
b_songfarla,b_songfarla_adj
b_songhal,b_songhal_adj
b_soolabax,b_soolabax_adj
b_soorenar,b_soorenar_adj
b_soranda,b_soranda_adj
b_sorib,b_sorib_adj
b_sorl,b_sorl_adj
b_sossvaal,b_sossvaal_adj
b_soubar,b_soubar_adj
b_soussal,b_soussal_adj
b_southern_shandaular,b_southern_shandaular_adj
b_southhome,b_southhome_adj
b_southkrypt,b_southkrypt_adj
b_southshore,b_southshore_adj
b_spandeliyon,b_spandeliyon_adj
b_spearhead,b_spearhead_adj
b_spearsmouth,b_spearsmouth_adj
b_spellgard,b_spellgard_adj
b_splendarrmornn,b_splendarrmornn_adj
b_sragadha,b_sragadha_adj
b_ssensval,b_ssensval_adj
b_sshamath,b_sshamath_adj
b_ssintar,b_ssintar_adj
b_sskhanaja,b_sskhanaja_adj
b_ssrenshen,b_ssrenshen_adj
b_ssthartissssum,b_ssthartissssum_adj
b_st_faelar,b_st_faelar_adj
b_st_vale,b_st_vale_adj
b_st_xanvalor,b_st_xanvalor_adj
b_stagford,b_stagford_adj
b_stagwick,b_stagwick_adj
b_standing_stone,b_standing_stone_adj
b_star_beacon,b_star_beacon_adj
b_starmantle,b_starmantle_adj
b_starshadow,b_starshadow_adj
b_starshadow_vale,b_starshadow_vale_adj
b_startop,b_startop_adj
b_stawindis,b_stawindis_adj
b_stepping_stones,b_stepping_stones_adj
b_stharelle,b_stharelle_adj
b_sthega,b_sthega_adj
b_stingvale,b_stingvale_adj
b_stormcliffs,b_stormcliffs_adj
b_stormhelm,b_stormhelm_adj
b_stormsteer,b_stormsteer_adj
b_stormy_high,b_stormy_high_adj
b_sulasspryn,b_sulasspryn_adj
b_sulaziir,b_sulaziir_adj
b_suldanessellar,b_suldanessellar_adj
b_suldolphor,b_suldolphor_adj
b_sultans_citadel,b_sultans_citadel_adj
b_sultim,b_sultim_adj
b_sumbrar,b_sumbrar_adj
b_sumbria,b_sumbria_adj
b_sumedhimiya,b_sumedhimiya_adj
b_sumitra,b_sumitra_adj
b_summer_palace,b_summer_palace_adj
b_sundabar_citadel,b_sundabar_citadel_adj
b_sundasz,b_sundasz_adj
b_sunderstaad,b_sunderstaad_adj
b_sundice,b_sundice_adj
b_sundrah,b_sundrah_adj
b_sunglade,b_sunglade_adj
b_sunrise_peak,b_sunrise_peak_adj
b_sunset,b_sunset_adj
b_suntar,b_suntar_adj
b_suormpar,b_suormpar_adj
b_surag,b_surag_adj
b_suralah,b_suralah_adj
b_surardaha,b_surardaha_adj
b_surbar,b_surbar_adj
b_surbroar,b_surbroar_adj
b_surcross,b_surcross_adj
b_surireb,b_surireb_adj
b_surkh,b_surkh_adj
b_surraer,b_surraer_adj
b_surtowers,b_surtowers_adj
b_suzhai,b_suzhai_adj
b_swordsbane,b_swordsbane_adj
b_szant,b_szant_adj
b_szith_morcane,b_szith_morcane_adj
b_szul,b_szul_adj
b_taam,b_taam_adj
b_tadabbur,b_tadabbur_adj
b_taerymdoom,b_taerymdoom_adj
b_taham,b_taham_adj
b_taicheng,b_taicheng_adj
b_taikho,b_taikho_adj
b_taishan,b_taishan_adj
b_tajar,b_tajar_adj
b_takeyef,b_takeyef_adj
b_takrit,b_takrit_adj
b_talab,b_talab_adj
b_talagbar,b_talagbar_adj
b_talara,b_talara_adj
b_talathgard,b_talathgard_adj
b_taliat,b_taliat_adj
b_tall_fallunawa,b_tall_fallunawa_adj
b_tall_kuthah,b_tall_kuthah_adj
b_talmost,b_talmost_adj
b_taltempla,b_taltempla_adj
b_talukhi,b_talukhi_adj
b_talv,b_talv_adj
b_talvannir,b_talvannir_adj
b_tammar,b_tammar_adj
b_tane,b_tane_adj
b_tangath,b_tangath_adj
b_tangkap,b_tangkap_adj
b_tanglefoot,b_tanglefoot_adj
b_tannath,b_tannath_adj
b_tantay,b_tantay_adj
b_tapakgan,b_tapakgan_adj
b_tapenga,b_tapenga_adj
b_taran,b_taran_adj
b_taria,b_taria_adj
b_tariatooroi,b_tariatooroi_adj
b_tarkhaldarth,b_tarkhaldarth_adj
b_tarmalune,b_tarmalune_adj
b_tarnhall,b_tarnhall_adj
b_tarnring,b_tarnring_adj
b_taronerdist,b_taronerdist_adj
b_tarsith,b_tarsith_adj
b_taruin,b_taruin_adj
b_tashluta,b_tashluta_adj
b_taskaunt,b_taskaunt_adj
b_tatanulgts,b_tatanulgts_adj
b_tauros,b_tauros_adj
b_tayabuk,b_tayabuk_adj
b_tayaraan,b_tayaraan_adj
b_tchinggult,b_tchinggult_adj
b_tegals_mark,b_tegals_mark_adj
b_tehing,b_tehing_adj
b_teladem,b_teladem_adj
b_telah,b_telah_adj
b_telflamm,b_telflamm_adj
b_telgath,b_telgath_adj
b_telox,b_telox_adj
b_telpir,b_telpir_adj
b_tembasi,b_tembasi_adj
b_temish,b_temish_adj
b_temmah,b_temmah_adj
b_tempat_larang,b_tempat_larang_adj
b_temphish,b_temphish_adj
b_tera_dur,b_tera_dur_adj
b_terbakar,b_terbakar_adj
b_teri,b_teri_adj
b_termalaine,b_termalaine_adj
b_terva,b_terva_adj
b_tervish,b_tervish_adj
b_teshburl,b_teshburl_adj
b_teshwave,b_teshwave_adj
b_teshyll,b_teshyll_adj
b_tetath,b_tetath_adj
b_tethgard,b_tethgard_adj
b_teths_stand,b_teths_stand_adj
b_tethyamar,b_tethyamar_adj
b_teuveamanthaar,b_teuveamanthaar_adj
b_tezarbal,b_tezarbal_adj
b_teziir,b_teziir_adj
b_tezir_on_the_marsh,b_tezir_on_the_marsh_adj
b_thalep,b_thalep_adj
b_thandril,b_thandril_adj
b_thandyl,b_thandyl_adj
b_thapadan,b_thapadan_adj
b_thargill,b_thargill_adj
b_tharitesh,b_tharitesh_adj
b_tharkar,b_tharkar_adj
b_thasselen,b_thasselen_adj
b_thayguard,b_thayguard_adj
b_thaymount_citadel,b_thaymount_citadel_adj
b_thazar_keep,b_thazar_keep_adj
b_thazar_pass,b_thazar_pass_adj
b_the_assembly,b_the_assembly_adj
b_the_calves,b_the_calves_adj
b_the_citadel,b_the_citadel_adj
b_the_gates,b_the_gates_adj
b_the_icefields,b_the_icefields_adj
b_the_mad_wizards_lair,b_the_mad_wizards_lair_adj
b_the_mantle,b_the_mantle_adj
b_the_port,b_the_port_adj
b_the_rift,b_the_rift_adj
b_the_rookery,b_the_rookery_adj
b_the_sea_tower,b_the_sea_tower_adj
b_the_swordpoint,b_the_swordpoint_adj
b_the_tangled_trees,b_the_tangled_trees_adj
b_the_tor,b_the_tor_adj
b_the_way_inn,b_the_way_inn_adj
b_thelaena,b_thelaena_adj
b_themasulter,b_themasulter_adj
b_theymarsh,b_theymarsh_adj
b_thilzoun,b_thilzoun_adj
b_thindar,b_thindar_adj
b_tholvarr,b_tholvarr_adj
b_thommardale,b_thommardale_adj
b_thonns_fist,b_thonns_fist_adj
b_thornhold,b_thornhold_adj
b_thossos,b_thossos_adj
b_thradulf,b_thradulf_adj
b_three_horns,b_three_horns_adj
b_three_rivers,b_three_rivers_adj
b_three_swords,b_three_swords_adj
b_thruldar,b_thruldar_adj
b_thulbane,b_thulbane_adj
b_thund_greatharbor_anchorage,b_thund_greatharbor_anchorage_adj
b_thunderholme,b_thunderholme_adj
b_thunderlun,b_thunderlun_adj
b_thunderstone,b_thunderstone_adj
b_thundertree,b_thundertree_adj
b_thur,b_thur_adj
b_thurgabanteth,b_thurgabanteth_adj
b_tibold,b_tibold_adj
b_tighyshi,b_tighyshi_adj
b_tikana,b_tikana_adj
b_tilbrand,b_tilbrand_adj
b_tilvers_gap,b_tilvers_gap_adj
b_tilverton,b_tilverton_adj
b_timarl,b_timarl_adj
b_tinnir,b_tinnir_adj
b_tiry,b_tiry_adj
b_titan_peaks,b_titan_peaks_adj
b_toa,b_toa_adj
b_toaridge_at_the_suns_setting,b_toaridge_at_the_suns_setting_adj
b_tocpe,b_tocpe_adj
b_tokard,b_tokard_adj
b_tolling_hill,b_tolling_hill_adj
b_tomai,b_tomai_adj
b_toming,b_toming_adj
b_tomrav,b_tomrav_adj
b_tongchun,b_tongchun_adj
b_tonge,b_tonge_adj
b_tonglish,b_tonglish_adj
b_tongwei,b_tongwei_adj
b_tonli,b_tonli_adj
b_tor_arcana,b_tor_arcana_adj
b_toralath,b_toralath_adj
b_toraldur,b_toraldur_adj
b_torsch,b_torsch_adj
b_toshayuy,b_toshayuy_adj
b_tower_of_storms,b_tower_of_storms_adj
b_tower_of_the_talon,b_tower_of_the_talon_adj
b_traaskl_thorog,b_traaskl_thorog_adj
b_trademeet,b_trademeet_adj
b_trailstone,b_trailstone_adj
b_treggiland,b_treggiland_adj
b_treley,b_treley_adj
b_treys_anchorage,b_treys_anchorage_adj
b_triboar,b_triboar_adj
b_trollclaw_ford,b_trollclaw_ford_adj
b_trollford,b_trollford_adj
b_trondhelm,b_trondhelm_adj
b_true_eskat,b_true_eskat_adj
b_tsagang,b_tsagang_adj
b_tsan,b_tsan_adj
b_tsaparang,b_tsaparang_adj
b_tsetsu,b_tsetsu_adj
b_tshalkha,b_tshalkha_adj
b_tsurlagol,b_tsurlagol_adj
b_tujul,b_tujul_adj
b_tulbegh,b_tulbegh_adj
b_tulmene,b_tulmene_adj
b_tuma,b_tuma_adj
b_tungtairira,b_tungtairira_adj
b_turab,b_turab_adj
b_turelve,b_turelve_adj
b_turmans,b_turmans_adj
b_twilight_hold,b_twilight_hold_adj
b_twisted_tower,b_twisted_tower_adj
b_two_stars,b_two_stars_adj
b_tyraturos,b_tyraturos_adj
b_ubar,b_ubar_adj
b_ubarka,b_ubarka_adj
b_uchan,b_uchan_adj
b_uhon_tsa,b_uhon_tsa_adj
b_uitoril,b_uitoril_adj
b_ulara,b_ulara_adj
b_ulark,b_ulark_adj
b_uldoon_post,b_uldoon_post_adj
b_ulf_of_thuger,b_ulf_of_thuger_adj
b_ulguum,b_ulguum_adj
b_ulphish,b_ulphish_adj
b_uluran_keep,b_uluran_keep_adj
b_ulvarr,b_ulvarr_adj
b_ulzel,b_ulzel_adj
b_umara,b_umara_adj
b_umarah,b_umarah_adj
b_umbarra,b_umbarra_adj
b_umbthal,b_umbthal_adj
b_umratharos,b_umratharos_adj
b_umukek,b_umukek_adj
b_undarls_tower,b_undarls_tower_adj
b_undraeth,b_undraeth_adj
b_ungaran,b_ungaran_adj
b_unjhur,b_unjhur_adj
b_unthalass,b_unthalass_adj
b_untrivven,b_untrivven_adj
b_uphold,b_uphold_adj
b_upper_khedrun,b_upper_khedrun_adj
b_urbeth,b_urbeth_adj
b_urhar,b_urhar_adj
b_urling,b_urling_adj
b_urml,b_urml_adj
b_urmlaspyr,b_urmlaspyr_adj
b_urt,b_urt_adj
b_uruk,b_uruk_adj
b_urula,b_urula_adj
b_urumph,b_urumph_adj
b_urve,b_urve_adj
b_ust_natha,b_ust_natha_adj
b_ustann,b_ustann_adj
b_usurr,b_usurr_adj
b_utaqa,b_utaqa_adj
b_utara,b_utara_adj
b_uthangol,b_uthangol_adj
b_uthmere,b_uthmere_adj
b_uthtower,b_uthtower_adj
b_uttersea,b_uttersea_adj
b_utuerth,b_utuerth_adj
b_utui,b_utui_adj
b_uysos,b_uysos_adj
b_uzbeg,b_uzbeg_adj
b_vaelan,b_vaelan_adj
b_valash,b_valash_adj
b_vale_of_lost_voices,b_vale_of_lost_voices_adj
b_valjevo_castle,b_valjevo_castle_adj
b_valshada,b_valshada_adj
b_vangsland,b_vangsland_adj
b_vanorva,b_vanorva_adj
b_vaults_of_record,b_vaults_of_record_adj
b_vekkak,b_vekkak_adj
b_velandilmur,b_velandilmur_adj
b_velarswood,b_velarswood_adj
b_velprintalar,b_velprintalar_adj
b_velsit,b_velsit_adj
b_venasci,b_venasci_adj
b_venne,b_venne_adj
b_vephal,b_vephal_adj
b_vercy_hold,b_vercy_hold_adj
b_verdigris,b_verdigris_adj
b_veshit,b_veshit_adj
b_veska,b_veska_adj
b_vestil,b_vestil_adj
b_vetkth,b_vetkth_adj
b_vil,b_vil_adj
b_vineshade,b_vineshade_adj
b_vintal,b_vintal_adj
b_volothamp,b_volothamp_adj
b_voonlar,b_voonlar_adj
b_vordrorn,b_vordrorn_adj
b_vral,b_vral_adj
b_vrandaks_grave,b_vrandaks_grave_adj
b_vuerthyl,b_vuerthyl_adj
b_wadurah,b_wadurah_adj
b_wakrawa,b_wakrawa_adj
b_wang,b_wang_adj
b_wanrifa,b_wanrifa_adj
b_war_college,b_war_college_adj
b_wards_port,b_wards_port_adj
b_warging,b_warging_adj
b_warmshores,b_warmshores_adj
b_wasat,b_wasat_adj
b_wasterun,b_wasterun_adj
b_watchlords_tower,b_watchlords_tower_adj
b_watchtower_of_syorathil,b_watchtower_of_syorathil_adj
b_waterhouse,b_waterhouse_adj
b_way_of_the_powrie,b_way_of_the_powrie_adj
b_waymoot,b_waymoot_adj
b_weifei,b_weifei_adj
b_wemskall,b_wemskall_adj
b_wertikak,b_wertikak_adj
b_westbay,b_westbay_adj
b_wheloon,b_wheloon_adj
b_white_chalk_hollow,b_white_chalk_hollow_adj
b_white_ford,b_white_ford_adj
b_white_rocks,b_white_rocks_adj
b_white_tree,b_white_tree_adj
b_white_wyrm,b_white_wyrm_adj
b_whitehorn,b_whitehorn_adj
b_windlyne_fort,b_windlyne_fort_adj
b_wintercloak_keep,b_wintercloak_keep_adj
b_winterkeep,b_winterkeep_adj
b_wintersburn,b_wintersburn_adj
b_wisteria_vale,b_wisteria_vale_adj
b_withermeet,b_withermeet_adj
b_womford,b_womford_adj
b_wrights_ferry,b_wrights_ferry_adj
b_wyngate,b_wyngate_adj
b_wyrmbone,b_wyrmbone_adj
b_wyrmdoom_crag,b_wyrmdoom_crag_adj
b_wyrmhall,b_wyrmhall_adj
b_wyrms_crossing,b_wyrms_crossing_adj
b_wyrms_hamlet,b_wyrms_hamlet_adj
b_wyrms_tooth,b_wyrms_tooth_adj
b_xair,b_xair_adj
b_xilberos_ridge,b_xilberos_ridge_adj
b_xiltor,b_xiltor_adj
b_xirev,b_xirev_adj
b_xoraar,b_xoraar_adj
b_xorhun,b_xorhun_adj
b_xuheing,b_xuheing_adj
b_xul_jarak,b_xul_jarak_adj
b_yallasch,b_yallasch_adj
b_yao_sai,b_yao_sai_adj
b_yarlhang_la,b_yarlhang_la_adj
b_yarrat,b_yarrat_adj
b_yartar,b_yartar_adj
b_yarthrain,b_yarthrain_adj
b_yegororyanen,b_yegororyanen_adj
b_yenching,b_yenching_adj
b_yeshi,b_yeshi_adj
b_yeshpek,b_yeshpek_adj
b_yhep,b_yhep_adj
b_yidyn,b_yidyn_adj
b_yinazzil,b_yinazzil_adj
b_ylraphon,b_ylraphon_adj
b_yohun,b_yohun_adj
b_yorash,b_yorash_adj
b_yorduul,b_yorduul_adj
b_ysawis,b_ysawis_adj
b_yuanqihar,b_yuanqihar_adj
b_yudol,b_yudol_adj
b_yuirin,b_yuirin_adj
b_yulash,b_yulash_adj
b_yumbu_citadel,b_yumbu_citadel_adj
b_zabad,b_zabad_adj
b_zabbasz,b_zabbasz_adj
b_zada,b_zada_adj
b_zalazuu,b_zalazuu_adj
b_zamazda,b_zamazda_adj
b_zams,b_zams_adj
b_zanda_tholing,b_zanda_tholing_adj
b_zanzazzar,b_zanzazzar_adj
b_zarif,b_zarif_adj
b_zayir,b_zayir_adj
b_zaym,b_zaym_adj
b_zazesspur,b_zazesspur_adj
b_zeibiley,b_zeibiley_adj
b_zelbross,b_zelbross_adj
b_zelpir,b_zelpir_adj
b_zendar,b_zendar_adj
b_zendum,b_zendum_adj
b_zenitrag,b_zenitrag_adj
b_zhal,b_zhal_adj
b_zhentil_keep,b_zhentil_keep_adj
b_zhoman,b_zhoman_adj
b_zhouang,b_zhouang_adj
b_zhouramay,b_zhouramay_adj
b_zill,b_zill_adj
b_zoachang,b_zoachang_adj
b_zoahua,b_zoahua_adj
b_zoajing,b_zoajing_adj
b_zolum,b_zolum_adj
b_zorastyl_keep,b_zorastyl_keep_adj
b_zoulalah,b_zoulalah_adj
b_zoundar,b_zoundar_adj
b_zoy_zando,b_zoy_zando_adj
b_zundbridge,b_zundbridge_adj
b_zutria,b_zutria_adj
b_zuwaruk,b_zuwaruk_adj
b_zzuntal,b_zzuntal_adj
c_abarun,c_abarun_adj
c_abreon,c_abreon_adj
c_achelar,c_achelar_adj
c_adamas_tooth,c_adamas_tooth_adj
c_adbarrim,c_adbarrim_adj
c_addak,c_addak_adj
c_adder_swamp,c_adder_swamp_adj
c_adder_woods,c_adder_woods_adj
c_adderspring,c_adderspring_adj
c_adhal,c_adhal_adj
c_adrila,c_adrila_adj
c_aerilpar_forest,c_aerilpar_forest_adj
c_ahlarkhem,c_ahlarkhem_adj
c_ahma,c_ahma_adj
c_ahruukar,c_ahruukar_adj
c_ahtitlak,c_ahtitlak_adj
c_aib,c_aib_adj
c_aina,c_aina_adj
c_airspur,c_airspur_adj
c_ajayib,c_ajayib_adj
c_ajmer_forest,c_ajmer_forest_adj
c_akaam,c_akaam_adj
c_akanax,c_akanax_adj
c_akararbasa,c_akararbasa_adj
c_akashay,c_akashay_adj
c_akshu,c_akshu_adj
c_al_abib,c_al_abib_adj
c_al_anwahr,c_al_anwahr_adj
c_al_asirr,c_al_asirr_adj
c_al_azra,c_al_azra_adj
c_al_faddi,c_al_faddi_adj
c_al_faraq_islands,c_al_faraq_islands_adj
c_al_hanieh,c_al_hanieh_adj
c_al_harir,c_al_harir_adj
c_al_harmah,c_al_harmah_adj
c_al_haul,c_al_haul_adj
c_al_kidr,c_al_kidr_adj
c_al_kurtum,c_al_kurtum_adj
c_al_mahabanah,c_al_mahabanah_adj
c_al_malih,c_al_malih_adj
c_al_munamma,c_al_munamma_adj
c_al_nuziyyah,c_al_nuziyyah_adj
c_al_qahera,c_al_qahera_adj
c_al_sarif,c_al_sarif_adj
c_al_tarik_islands,c_al_tarik_islands_adj
c_al_wahl,c_al_wahl_adj
c_al_zabdiyat,c_al_zabdiyat_adj
c_alaghon,c_alaghon_adj
c_alamaqu,c_alamaqu_adj
c_alamirs_end,c_alamirs_end_adj
c_alamontyr,c_alamontyr_adj
c_alaoreum,c_alaoreum_adj
c_alashan,c_alashan_adj
c_aldani_basin,c_aldani_basin_adj
c_aldoman,c_aldoman_adj
c_aldreth,c_aldreth_adj
c_alisiwhann,c_alisiwhann_adj
c_almawt,c_almawt_adj
c_almorel,c_almorel_adj
c_almraiven,c_almraiven_adj
c_alonmarch,c_alonmarch_adj
c_alorev,c_alorev_adj
c_alphar_and_kelthan,c_alphar_and_kelthan_adj
c_aluar,c_aluar_adj
c_aluivyn,c_aluivyn_adj
c_aman,c_aman_adj
c_amarrev,c_amarrev_adj
c_amassa,c_amassa_adj
c_amazandar,c_amazandar_adj
c_amekufa,c_amekufa_adj
c_amkethran,c_amkethran_adj
c_ammathluir,c_ammathluir_adj
c_ammathtar,c_ammathtar_adj
c_amnwater,c_amnwater_adj
c_amphail,c_amphail_adj
c_amral,c_amral_adj
c_amruthar,c_amruthar_adj
c_amry,c_amry_adj
c_amstelar,c_amstelar_adj
c_amtar_eave,c_amtar_eave_adj
c_anarath,c_anarath_adj
c_anauril,c_anauril_adj
c_ancients_hollow,c_ancients_hollow_adj
c_angast,c_angast_adj
c_angol,c_angol_adj
c_anhaurz,c_anhaurz_adj
c_ankatatra,c_ankatatra_adj
c_ankhapur,c_ankhapur_adj
c_ankhur,c_ankhur_adj
c_ankhwood,c_ankhwood_adj
c_anklis_and_qusur,c_anklis_and_qusur_adj
c_anktarina,c_anktarina_adj
c_ansi,c_ansi_adj
c_ar_rasumah,c_ar_rasumah_adj
c_araash,c_araash_adj
c_arabalar,c_arabalar_adj
c_arabel,c_arabel_adj
c_aradiman,c_aradiman_adj
c_arael_hills,c_arael_hills_adj
c_araksa,c_araksa_adj
c_araneh,c_araneh_adj
c_arangyn,c_arangyn_adj
c_arashand,c_arashand_adj
c_araugul,c_araugul_adj
c_arcata,c_arcata_adj
c_arch_wood,c_arch_wood_adj
c_archenbridge,c_archenbridge_adj
c_archtassel,c_archtassel_adj
c_ardeep_forest,c_ardeep_forest_adj
c_ardeepsward,c_ardeepsward_adj
c_ardhi_kavu,c_ardhi_kavu_adj
c_aretax_bay,c_aretax_bay_adj
c_argaervale,c_argaervale_adj
c_argenmoor,c_argenmoor_adj
c_argul,c_argul_adj
c_arjol,c_arjol_adj
c_armridge,c_armridge_adj
c_arn_forest,c_arn_forest_adj
c_arnrock,c_arnrock_adj
c_arrabar,c_arrabar_adj
c_arran,c_arran_adj
c_arthyn,c_arthyn_adj
c_arylon,c_arylon_adj
c_asbravn,c_asbravn_adj
c_ascalhorn,c_ascalhorn_adj
c_ascore,c_ascore_adj
c_ashabenford,c_ashabenford_adj
c_ashanvast,c_ashanvast_adj
c_ashenwood,c_ashenwood_adj
c_asher_plain,c_asher_plain_adj
c_ashfields,c_ashfields_adj
c_aspervi,c_aspervi_adj
c_assam,c_assam_adj
c_assundath,c_assundath_adj
c_atai,c_atai_adj
c_atars_looking_glass,c_atars_looking_glass_adj
c_athab_cape,c_athab_cape_adj
c_athkatla,c_athkatla_adj
c_atoratgins,c_atoratgins_adj
c_aurils_end,c_aurils_end_adj
c_aurora,c_aurora_adj
c_aval,c_aval_adj
c_avax,c_avax_adj
c_avyn,c_avyn_adj
c_axard,c_axard_adj
c_azhul_pass,c_azhul_pass_adj
c_aznawood,c_aznawood_adj
c_aztul,c_aztul_adj
c_azun,c_azun_adj
c_azuni,c_azuni_adj
c_bab_al_gaba,c_bab_al_gaba_adj
c_babado,c_babado_adj
c_baelrah,c_baelrah_adj
c_bahat,c_bahat_adj
c_bakhuk,c_bakhuk_adj
c_balaj,c_balaj_adj
c_baldurs_gate,c_baldurs_gate_adj
c_bamas,c_bamas_adj
c_banai,c_banai_adj
c_banda,c_banda_adj
c_banlm,c_banlm_adj
c_banu,c_banu_adj
c_bara,c_bara_adj
c_barbarians_road,c_barbarians_road_adj
c_bardshyr,c_bardshyr_adj
c_bariya,c_bariya_adj
c_barrowfield,c_barrowfield_adj
c_barze,c_barze_adj
c_bathme,c_bathme_adj
c_batiriland,c_batiriland_adj
c_battle_of_bones,c_battle_of_bones_adj
c_bauthwaf,c_bauthwaf_adj
c_beacon_cairn,c_beacon_cairn_adj
c_beacon_rocks,c_beacon_rocks_adj
c_beast_country,c_beast_country_adj
c_beast_lands,c_beast_lands_adj
c_beast_marches,c_beast_marches_adj
c_beastburn,c_beastburn_adj
c_beasts_coast,c_beasts_coast_adj
c_beland,c_beland_adj
c_beldenshyn,c_beldenshyn_adj
c_belhancol,c_belhancol_adj
c_beliard,c_beliard_adj
c_belintholme,c_belintholme_adj
c_bellakh,c_bellakh_adj
c_belprins_hold,c_belprins_hold_adj
c_beluir,c_beluir_adj
c_bender_adewah,c_bender_adewah_adj
c_bender_berdh,c_bender_berdh_adj
c_beowood,c_beowood_adj
c_berdusk,c_berdusk_adj
c_beregost,c_beregost_adj
c_bezantur,c_bezantur_adj
c_bezentil,c_bezentil_adj
c_bhaerlith,c_bhaerlith_adj
c_bhaluin,c_bhaluin_adj
c_bhaulaea,c_bhaulaea_adj
c_bidnop_so,c_bidnop_so_adj
c_bildoobaris,c_bildoobaris_adj
c_binatang,c_binatang_adj
c_bisatare,c_bisatare_adj
c_bisoturi,c_bisoturi_adj
c_bitter_well,c_bitter_well_adj
c_bjeoerns_pass,c_bjeoerns_pass_adj
c_black_ash_plain,c_black_ash_plain_adj
c_blackfeather_bridge,c_blackfeather_bridge_adj
c_blackford,c_blackford_adj
c_blackhold,c_blackhold_adj
c_blackvale,c_blackvale_adj
c_bladed_coast,c_bladed_coast_adj
c_bloodhawk_hold,c_bloodhawk_hold_adj
c_bloodlake,c_bloodlake_adj
c_bloodstone,c_bloodstone_adj
c_blumantle_pass,c_blumantle_pass_adj
c_boareskyr_bridge,c_boareskyr_bridge_adj
c_boorva,c_boorva_adj
c_borich,c_borich_adj
c_bottomless_bog,c_bottomless_bog_adj
c_bowshot,c_bowshot_adj
c_braleuz,c_braleuz_adj
c_brandiar,c_brandiar_adj
c_bregenduth,c_bregenduth_adj
c_bregonshire,c_bregonshire_adj
c_brightaxe_hall,c_brightaxe_hall_adj
c_brightfields,c_brightfields_adj
c_brittlebone_coast,c_brittlebone_coast_adj
c_broadfields,c_broadfields_adj
c_broaspu,c_broaspu_adj
c_broken_swords,c_broken_swords_adj
c_broken_wall_pass,c_broken_wall_pass_adj
c_broken_well,c_broken_well_adj
c_bronze_falcon,c_bronze_falcon_adj
c_bronzehelms,c_bronzehelms_adj
c_brost,c_brost_adj
c_brynwood,c_brynwood_adj
c_budais_cleft,c_budais_cleft_adj
c_bukhouk,c_bukhouk_adj
c_bukitega,c_bukitega_adj
c_bulaantaro,c_bulaantaro_adj
c_bulangalant,c_bulangalant_adj
c_buldamar,c_buldamar_adj
c_bulobo,c_bulobo_adj
c_bunsha,c_bunsha_adj
c_bunshin,c_bunshin_adj
c_burich,c_burich_adj
c_burj,c_burj_adj
c_burning_shore,c_burning_shore_adj
c_bynua,c_bynua_adj
c_caer_moray,c_caer_moray_adj
c_calaunt,c_calaunt_adj
c_calim_desert,c_calim_desert_adj
c_calim_river,c_calim_river_adj
c_calimban,c_calimban_adj
c_calimmon,c_calimmon_adj
c_calimport,c_calimport_adj
c_calimstone,c_calimstone_adj
c_callidyrr,c_callidyrr_adj
c_calling_horns,c_calling_horns_adj
c_cambro,c_cambro_adj
c_candlekeep,c_candlekeep_adj
c_caraguir,c_caraguir_adj
c_carmathan,c_carmathan_adj
c_carrelath,c_carrelath_adj
c_carwyth,c_carwyth_adj
c_cathyr,c_cathyr_adj
c_cedarvale,c_cedarvale_adj
c_cennuroth,c_cennuroth_adj
c_centaur_run,c_centaur_run_adj
c_chaikou_hills,c_chaikou_hills_adj
c_chain_of_broken_dreams,c_chain_of_broken_dreams_adj
c_chama,c_chama_adj
c_chan,c_chan_adj
c_chan_liu_shui,c_chan_liu_shui_adj
c_chandlerscross,c_chandlerscross_adj
c_changdao,c_changdao_adj
c_channath_rise,c_channath_rise_adj
c_channathgate,c_channathgate_adj
c_channathwood,c_channathwood_adj
c_chao_yang,c_chao_yang_adj
c_ched_nasad,c_ched_nasad_adj
c_chegoyui,c_chegoyui_adj
c_chelimber,c_chelimber_adj
c_chiem,c_chiem_adj
c_chilled_plain,c_chilled_plain_adj
c_chionthar,c_chionthar_adj
c_cholta,c_cholta_adj
c_chowok,c_chowok_adj
c_chulacca,c_chulacca_adj
c_chulq,c_chulq_adj
c_cimarine_isles,c_cimarine_isles_adj
c_cimbar,c_cimbar_adj
c_cinnabar,c_cinnabar_adj
c_citadel_adbar,c_citadel_adbar_adj
c_citadel_of_the_raven,c_citadel_of_the_raven_adj
c_citadel_rashemar,c_citadel_rashemar_adj
c_clearflow_vale,c_clearflow_vale_adj
c_cloak_bay,c_cloak_bay_adj
c_cloakwood,c_cloakwood_adj
c_cloven_hills,c_cloven_hills_adj
c_clovis_fields,c_clovis_fields_adj
c_coast_way,c_coast_way_adj
c_codsbay,c_codsbay_adj
c_coilvines,c_coilvines_adj
c_cold_field,c_cold_field_adj
c_cold_vale,c_cold_vale_adj
c_coldcrag,c_coldcrag_adj
c_coldlight_cliffs,c_coldlight_cliffs_adj
c_coldwood,c_coldwood_adj
c_colletro,c_colletro_adj
c_conaluil,c_conaluil_adj
c_conaluil_range,c_conaluil_range_adj
c_conyberry,c_conyberry_adj
c_corellons_grove,c_corellons_grove_adj
c_corm_orp,c_corm_orp_adj
c_cormanda,c_cormanda_adj
c_cortrynn,c_cortrynn_adj
c_corwell,c_corwell_adj
c_couatl_wilds,c_couatl_wilds_adj
c_couatls_landing,c_couatls_landing_adj
c_council_hills,c_council_hills_adj
c_crab_reach,c_crab_reach_adj
c_cragmaw,c_cragmaw_adj
c_crimmor,c_crimmor_adj
c_culmaster,c_culmaster_adj
c_curstallyon,c_curstallyon_adj
c_dabab,c_dabab_adj
c_daerlun,c_daerlun_adj
c_daerr,c_daerr_adj
c_dagger_falls,c_dagger_falls_adj
c_daggerdale,c_daggerdale_adj
c_daggerford,c_daggerford_adj
c_dahab_island,c_dahab_island_adj
c_dakan,c_dakan_adj
c_dalath,c_dalath_adj
c_daltonsvale,c_daltonsvale_adj
c_dalvind,c_dalvind_adj
c_damu,c_damu_adj
c_dancing_dolphins,c_dancing_dolphins_adj
c_daong_forest,c_daong_forest_adj
c_dapplegate,c_dapplegate_adj
c_darabjind,c_darabjind_adj
c_darakh,c_darakh_adj
c_dareth,c_dareth_adj
c_dark_arrow,c_dark_arrow_adj
c_darkhold,c_darkhold_adj
c_darkturret,c_darkturret_adj
c_darkwoods,c_darkwoods_adj
c_darmesh,c_darmesh_adj
c_darmshall,c_darmshall_adj
c_darrawn,c_darrawn_adj
c_darromar,c_darromar_adj
c_dashadjen,c_dashadjen_adj
c_daunting,c_daunting_adj
c_dawihi_island,c_dawihi_island_adj
c_dawngleam,c_dawngleam_adj
c_daynk,c_daynk_adj
c_dead_orc_pass,c_dead_orc_pass_adj
c_deadstars,c_deadstars_adj
c_deep_imaskar,c_deep_imaskar_adj
c_dekanter,c_dekanter_adj
c_dekar,c_dekar_adj
c_delbyl,c_delbyl_adj
c_delliun,c_delliun_adj
c_delphin,c_delphin_adj
c_delrune,c_delrune_adj
c_delselar,c_delselar_adj
c_deltar,c_deltar_adj
c_delthuntle,c_delthuntle_adj
c_delzimmer,c_delzimmer_adj
c_denderdale,c_denderdale_adj
c_denzar,c_denzar_adj
c_deraala,c_deraala_adj
c_deraiairgak,c_deraiairgak_adj
c_derlusk,c_derlusk_adj
c_dernall,c_dernall_adj
c_des,c_des_adj
c_despond,c_despond_adj
c_detar_land,c_detar_land_adj
c_dharvil,c_dharvil_adj
c_dhaztanar,c_dhaztanar_adj
c_dihliz,c_dihliz_adj
c_dilpur,c_dilpur_adj
c_dimee_moor,c_dimee_moor_adj
c_dirs,c_dirs_adj
c_djerad_harngha,c_djerad_harngha_adj
c_dlusk,c_dlusk_adj
c_dmir,c_dmir_adj
c_doegenflow,c_doegenflow_adj
c_doegwood,c_doegwood_adj
c_dolblunde,c_dolblunde_adj
c_dolsel_gap,c_dolsel_gap_adj
c_dragonbones,c_dragonbones_adj
c_dragongrounds,c_dragongrounds_adj
c_dragonisle,c_dragonisle_adj
c_dragonspear,c_dragonspear_adj
c_dralpur,c_dralpur_adj
c_draya,c_draya_adj
c_drelagara,c_drelagara_adj
c_drik_hargunen,c_drik_hargunen_adj
c_druarwood,c_druarwood_adj
c_drubiev,c_drubiev_adj
c_dubegat,c_dubegat_adj
c_duirtanal,c_duirtanal_adj
c_dun_hills,c_dun_hills_adj
c_dun_orthass,c_dun_orthass_adj
c_dun_tharos,c_dun_tharos_adj
c_dunod,c_dunod_adj
c_dunspeirrin,c_dunspeirrin_adj
c_dunwood,c_dunwood_adj
c_durgach,c_durgach_adj
c_durlags_tower,c_durlags_tower_adj
c_dusklan,c_dusklan_adj
c_dust_road,c_dust_road_adj
c_dustwall,c_dustwall_adj
c_dustwaves,c_dustwaves_adj
c_dwarven_valley,c_dwarven_valley_adj
c_dynnegall,c_dynnegall_adj
c_dzoulins_cradle,c_dzoulins_cradle_adj
c_eagle_hills,c_eagle_hills_adj
c_eartheart,c_eartheart_adj
c_earthfast,c_earthfast_adj
c_earthwood,c_earthwood_adj
c_east_keep,c_east_keep_adj
c_east_lluirwood,c_east_lluirwood_adj
c_east_methwood,c_east_methwood_adj
c_east_rendai,c_east_rendai_adj
c_east_soravia,c_east_soravia_adj
c_east_tejarn,c_east_tejarn_adj
c_eastgulth,c_eastgulth_adj
c_easting,c_easting_adj
c_eastwood,c_eastwood_adj
c_eayan_aljunun,c_eayan_aljunun_adj
c_ebenfar,c_ebenfar_adj
c_edenvale,c_edenvale_adj
c_edouura,c_edouura_adj
c_eghagu,c_eghagu_adj
c_ejen_horo,c_ejen_horo_adj
c_ekwong,c_ekwong_adj
c_elbencort,c_elbencort_adj
c_elbulder,c_elbulder_adj
c_elchulmarch,c_elchulmarch_adj
c_eldaths_water,c_eldaths_water_adj
c_eldergroves,c_eldergroves_adj
c_eldrinfar,c_eldrinfar_adj
c_elemetar,c_elemetar_adj
c_elghal,c_elghal_adj
c_elion,c_elion_adj
c_elmwood,c_elmwood_adj
c_elne,c_elne_adj
c_eltabbar,c_eltabbar_adj
c_elturel,c_elturel_adj
c_elven_court,c_elven_court_adj
c_elven_port,c_elven_port_adj
c_elventree,c_elventree_adj
c_elversult,c_elversult_adj
c_elveswatch,c_elveswatch_adj
c_emmech,c_emmech_adj
c_end_of_light,c_end_of_light_adj
c_endar_aglandtor,c_endar_aglandtor_adj
c_endless_blizzard,c_endless_blizzard_adj
c_enlightened_ring,c_enlightened_ring_adj
c_envarl,c_envarl_adj
c_erebos,c_erebos_adj
c_erech_forest,c_erech_forest_adj
c_errusk,c_errusk_adj
c_erum,c_erum_adj
c_eryndlyn,c_eryndlyn_adj
c_esbresh,c_esbresh_adj
c_escalant,c_escalant_adj
c_eshpurta,c_eshpurta_adj
c_eskat,c_eskat_adj
c_esmeltaran,c_esmeltaran_adj
c_essembra,c_essembra_adj
c_estan,c_estan_adj
c_ethvale,c_ethvale_adj
c_eveningstar,c_eveningstar_adj
c_evereska,c_evereska_adj
c_everlund,c_everlund_adj
c_evermelt,c_evermelt_adj
c_everwide,c_everwide_adj
c_eyegad,c_eyegad_adj
c_faeressar,c_faeressar_adj
c_fahhas,c_fahhas_adj
c_fairheight,c_fairheight_adj
c_fallen_giant_rift,c_fallen_giant_rift_adj
c_fallen_lands,c_fallen_lands_adj
c_fallow_steppe,c_fallow_steppe_adj
c_falls_of_erech,c_falls_of_erech_adj
c_fanedown,c_fanedown_adj
c_fangmoor,c_fangmoor_adj
c_fanus,c_fanus_adj
c_far_forest,c_far_forest_adj
c_far_nemoree,c_far_nemoree_adj
c_far_ulhai,c_far_ulhai_adj
c_farhaven,c_farhaven_adj
c_farsea_marsh,c_farsea_marsh_adj
c_farshore,c_farshore_adj
c_fasriul,c_fasriul_adj
c_fatuta_chuba,c_fatuta_chuba_adj
c_feifeng,c_feifeng_adj
c_felbarr,c_felbarr_adj
c_fendarls_gate,c_fendarls_gate_adj
c_fergana,c_fergana_adj
c_fertile_moon,c_fertile_moon_adj
c_fida,c_fida_adj
c_fields_of_ganath,c_fields_of_ganath_adj
c_fields_of_kesk,c_fields_of_kesk_adj
c_fields_of_nun,c_fields_of_nun_adj
c_fields_of_pryollus,c_fields_of_pryollus_adj
c_fields_of_rime,c_fields_of_rime_adj
c_fields_of_salt,c_fields_of_salt_adj
c_fiends_wing,c_fiends_wing_adj
c_finger_pass,c_finger_pass_adj
c_fire_river,c_fire_river_adj
c_firealm,c_firealm_adj
c_firedrake,c_firedrake_adj
c_fireforges,c_fireforges_adj
c_firepeaks,c_firepeaks_adj
c_fireshear,c_fireshear_adj
c_firesteap_hills,c_firesteap_hills_adj
c_firesteap_woods,c_firesteap_woods_adj
c_firetrees,c_firetrees_adj
c_firewine,c_firewine_adj
c_flamsterd,c_flamsterd_adj
c_flatshield,c_flatshield_adj
c_flint_rock,c_flint_rock_adj
c_flowery_well,c_flowery_well_adj
c_flyndagol,c_flyndagol_adj
c_forest_of_wyrms,c_forest_of_wyrms_adj
c_forests_edge,c_forests_edge_adj
c_forgefires,c_forgefires_adj
c_forgotten_forest,c_forgotten_forest_adj
c_forharn,c_forharn_adj
c_forlorn_hills,c_forlorn_hills_adj
c_fornaluit_plain,c_fornaluit_plain_adj
c_forol,c_forol_adj
c_free_heights,c_free_heights_adj
c_freedale,c_freedale_adj
c_frostfenn,c_frostfenn_adj
c_frozen_flindyke,c_frozen_flindyke_adj
c_frozen_forest,c_frozen_forest_adj
c_fuirgar,c_fuirgar_adj
c_fujegat,c_fujegat_adj
c_fukiow,c_fukiow_adj
c_fussellshade,c_fussellshade_adj
c_fustat,c_fustat_adj
c_fyraven,c_fyraven_adj
c_gaethluntar,c_gaethluntar_adj
c_galena_snake,c_galena_snake_adj
c_galenarr,c_galenarr_adj
c_gallads_garden,c_gallads_garden_adj
c_galuka,c_galuka_adj
c_gamruhan,c_gamruhan_adj
c_gana,c_gana_adj
c_ganathwood,c_ganathwood_adj
c_gate_of_heaven,c_gate_of_heaven_adj
c_gauros,c_gauros_adj
c_geman,c_geman_adj
c_generals_stand,c_generals_stand_adj
c_genies_garden,c_genies_garden_adj
c_genval,c_genval_adj
c_ghaastwood,c_ghaastwood_adj
c_ghajar,c_ghajar_adj
c_ghalagar,c_ghalagar_adj
c_gheldaneth,c_gheldaneth_adj
c_ghost_leopard,c_ghost_leopard_adj
c_giant_gap,c_giant_gap_adj
c_giants_run,c_giants_run_adj
c_gildenglade,c_gildenglade_adj
c_gimise,c_gimise_adj
c_giniracha,c_giniracha_adj
c_giteyosha,c_giteyosha_adj
c_glacier_of_the_white_worm,c_glacier_of_the_white_worm_adj
c_glakis,c_glakis_adj
c_glarn,c_glarn_adj
c_glaurachyndaar,c_glaurachyndaar_adj
c_glaurflow,c_glaurflow_adj
c_glister,c_glister_adj
c_glitterdelve,c_glitterdelve_adj
c_gnarhelm,c_gnarhelm_adj
c_gnollhomes,c_gnollhomes_adj
c_goblin_marches,c_goblin_marches_adj
c_golden_crossing,c_golden_crossing_adj
c_golden_falcon,c_golden_falcon_adj
c_golden_fields,c_golden_fields_adj
c_golden_road,c_golden_road_adj
c_golden_shore,c_golden_shore_adj
c_goldenfields,c_goldenfields_adj
c_gomwenk,c_gomwenk_adj
c_gondistho,c_gondistho_adj
c_gontal,c_gontal_adj
c_gontal_pass,c_gontal_pass_adj
c_gracklstugh,c_gracklstugh_adj
c_granuin_forest,c_granuin_forest_adj
c_graskynar,c_graskynar_adj
c_graulthanc,c_graulthanc_adj
c_graxan_forest,c_graxan_forest_adj
c_great_sands,c_great_sands_adj
c_great_traders_way,c_great_traders_way_adj
c_green_fields,c_green_fields_adj
c_green_shadows,c_green_shadows_adj
c_greenest,c_greenest_adj
c_greenshores,c_greenshores_adj
c_greentree,c_greentree_adj
c_grendel,c_grendel_adj
c_grey_wood,c_grey_wood_adj
c_greycloak_hills,c_greycloak_hills_adj
c_grimroost,c_grimroost_adj
c_grondsgrunn,c_grondsgrunn_adj
c_grunwald,c_grunwald_adj
c_guallidurth,c_guallidurth_adj
c_guihar,c_guihar_adj
c_guilmarl,c_guilmarl_adj
c_gukh,c_gukh_adj
c_gullrocks,c_gullrocks_adj
c_gundar_forest,c_gundar_forest_adj
c_gundarlun,c_gundarlun_adj
c_gurvandene,c_gurvandene_adj
c_guth,c_guth_adj
c_haatar_baen,c_haatar_baen_adj
c_haelwood,c_haelwood_adj
c_hafaya,c_hafaya_adj
c_hahami,c_hahami_adj
c_hai_jungle,c_hai_jungle_adj
c_hakim,c_hakim_adj
c_halagard,c_halagard_adj
c_halangorn,c_halangorn_adj
c_halar_hills,c_halar_hills_adj
c_halarahh,c_halarahh_adj
c_halaze,c_halaze_adj
c_halruaan_heights,c_halruaan_heights_adj
c_halu,c_halu_adj
c_halwa,c_halwa_adj
c_hame,c_hame_adj
c_hamid,c_hamid_adj
c_hamlar_hills,c_hamlar_hills_adj
c_hammer_hall,c_hammer_hall_adj
c_hand_of_the_sky,c_hand_of_the_sky_adj
c_hanya_maut,c_hanya_maut_adj
c_hap,c_hap_adj
c_haqar,c_haqar_adj
c_harb,c_harb_adj
c_hardang,c_hardang_adj
c_hardcastle,c_hardcastle_adj
c_harglast,c_harglast_adj
c_hargleth_forest,c_hargleth_forest_adj
c_harheldur,c_harheldur_adj
c_harlending,c_harlending_adj
c_harngel,c_harngel_adj
c_harrowdale,c_harrowdale_adj
c_hartsvale,c_hartsvale_adj
c_hasira,c_hasira_adj
c_hatgiainli,c_hatgiainli_adj
c_havraquoar,c_havraquoar_adj
c_hawa,c_hawa_adj
c_hawksroost,c_hawksroost_adj
c_haxkhun,c_haxkhun_adj
c_hayyir,c_hayyir_adj
c_hazamarch,c_hazamarch_adj
c_hazuth,c_hazuth_adj
c_heartblood,c_heartblood_adj
c_heartwood,c_heartwood_adj
c_heldar,c_heldar_adj
c_helenas_wood,c_helenas_wood_adj
c_heliogabalus,c_heliogabalus_adj
c_helm_rift,c_helm_rift_adj
c_helms_hold,c_helms_hold_adj
c_hengfena,c_hengfena_adj
c_heptios,c_heptios_adj
c_herath,c_herath_adj
c_herders_crook,c_herders_crook_adj
c_hernes_wood,c_hernes_wood_adj
c_heroes_height,c_heroes_height_adj
c_hethar,c_hethar_adj
c_hidden_hopes,c_hidden_hopes_adj
c_hidden_vale,c_hidden_vale_adj
c_high_gap,c_high_gap_adj
c_high_horn,c_high_horn_adj
c_high_moors,c_high_moors_adj
c_high_valley,c_high_valley_adj
c_highcastle,c_highcastle_adj
c_highcountry,c_highcountry_adj
c_highmoon,c_highmoon_adj
c_highplume_station,c_highplume_station_adj
c_highstars,c_highstars_adj
c_hills_edge,c_hills_edge_adj
c_hills_of_scent,c_hills_of_scent_adj
c_hills_of_the_dead_kings,c_hills_of_the_dead_kings_adj
c_hillsfar,c_hillsfar_adj
c_hilm,c_hilm_adj
c_hisari,c_hisari_adj
c_hitan_island,c_hitan_island_adj
c_hiyal,c_hiyal_adj
c_hlammach,c_hlammach_adj
c_hlath,c_hlath_adj
c_hlaungadath,c_hlaungadath_adj
c_hlintar,c_hlintar_adj
c_hlondeth,c_hlondeth_adj
c_hluthvar,c_hluthvar_adj
c_hoarbridge,c_hoarbridge_adj
c_holdensword,c_holdensword_adj
c_hollow_mountain,c_hollow_mountain_adj
c_horaholm,c_horaholm_adj
c_horizons,c_horizons_adj
c_horn_of_afyal,c_horn_of_afyal_adj
c_horseshoe_oasis,c_horseshoe_oasis_adj
c_howling_gap,c_howling_gap_adj
c_hrakhamar,c_hrakhamar_adj
c_huai,c_huai_adj
c_hudariyah,c_hudariyah_adj
c_huddagh,c_huddagh_adj
c_hudid,c_hudid_adj
c_hulan,c_hulan_adj
c_hulburg,c_hulburg_adj
c_hullack_forest,c_hullack_forest_adj
c_hulm,c_hulm_adj
c_hundelstone,c_hundelstone_adj
c_hundred_spears,c_hundred_spears_adj
c_huplik,c_huplik_adj
c_huzuz,c_huzuz_adj
c_hykopgrok,c_hykopgrok_adj
c_ibelgrak,c_ibelgrak_adj
c_ibreb,c_ibreb_adj
c_icelace,c_icelace_adj
c_iceroot_forest,c_iceroot_forest_adj
c_icespire_peak,c_icespire_peak_adj
c_icetail,c_icetail_adj
c_icewind_coast,c_icewind_coast_adj
c_igenghack,c_igenghack_adj
c_iirgar,c_iirgar_adj
c_ikemmu,c_ikemmu_adj
c_ilighon,c_ilighon_adj
c_ilimar,c_ilimar_adj
c_ilinvur,c_ilinvur_adj
c_iliphanar,c_iliphanar_adj
c_ilipur,c_ilipur_adj
c_iljak,c_iljak_adj
c_illuks,c_illuks_adj
c_illuskwood,c_illuskwood_adj
c_ilmwatch,c_ilmwatch_adj
c_iltkazar,c_iltkazar_adj
c_imajuvisik,c_imajuvisik_adj
c_imdolphyn,c_imdolphyn_adj
c_immerflow,c_immerflow_adj
c_immilmar,c_immilmar_adj
c_imnescar,c_imnescar_adj
c_impresk,c_impresk_adj
c_imroley,c_imroley_adj
c_ingdals_arm,c_ingdals_arm_adj
c_ingmur,c_ingmur_adj
c_inkelvale,c_inkelvale_adj
c_inkrath,c_inkrath_adj
c_innarlith,c_innarlith_adj
c_inner_ama,c_inner_ama_adj
c_intibah,c_intibah_adj
c_inupras,c_inupras_adj
c_ioma,c_ioma_adj
c_irestone,c_irestone_adj
c_iriaebor,c_iriaebor_adj
c_iris_spring,c_iris_spring_adj
c_iritasker,c_iritasker_adj
c_iron_keep,c_iron_keep_adj
c_ironfang_deep,c_ironfang_deep_adj
c_ironfang_keep,c_ironfang_keep_adj
c_ironmaster,c_ironmaster_adj
c_ironspur,c_ironspur_adj
c_irphong,c_irphong_adj
c_isfasan,c_isfasan_adj
c_ishamar_isles,c_ishamar_isles_adj
c_ishau,c_ishau_adj
c_iskashyoll,c_iskashyoll_adj
c_isle_of_prespur,c_isle_of_prespur_adj
c_isle_of_quelthiir,c_isle_of_quelthiir_adj
c_ithal_pass,c_ithal_pass_adj
c_ithan,c_ithan_adj
c_ithmong,c_ithmong_adj
c_ithmonn,c_ithmonn_adj
c_itiraf,c_itiraf_adj
c_ixinos,c_ixinos_adj
c_iyrandrar,c_iyrandrar_adj
c_jaasa,c_jaasa_adj
c_jab,c_jab_adj
c_jabal_sarahin,c_jabal_sarahin_adj
c_jade_gate,c_jade_gate_adj
c_jade_hills,c_jade_hills_adj
c_jahaka_bay,c_jahaka_bay_adj
c_jajam,c_jajam_adj
c_jakadiri,c_jakadiri_adj
c_jalanthar,c_jalanthar_adj
c_jamal,c_jamal_adj
c_jaria,c_jaria_adj
c_jarir,c_jarir_adj
c_jasan_pass,c_jasan_pass_adj
c_jazayir_al_alfar,c_jazayir_al_alfar_adj
c_jelnesh,c_jelnesh_adj
c_jelvak,c_jelvak_adj
c_jelvym,c_jelvym_adj
c_jeradin,c_jeradin_adj
c_jeranjah,c_jeranjah_adj
c_jezarh_jadew,c_jezarh_jadew_adj
c_jezarh_mah_alewd,c_jezarh_mah_alewd_adj
c_jezarh_mar,c_jezarh_mar_adj
c_jezarh_restakhaz,c_jezarh_restakhaz_adj
c_jezarh_shemshar,c_jezarh_shemshar_adj
c_jhalhoran,c_jhalhoran_adj
c_jhalolokati,c_jhalolokati_adj
c_jibal_al_taif,c_jibal_al_taif_adj
c_jinutt,c_jinutt_adj
c_jorhat_shan,c_jorhat_shan_adj
c_joums,c_joums_adj
c_joya,c_joya_adj
c_jugicha,c_jugicha_adj
c_julkoun,c_julkoun_adj
c_jumlat,c_jumlat_adj
c_jundarwood,c_jundarwood_adj
c_jungled_approach,c_jungled_approach_adj
c_kaarekh,c_kaarekh_adj
c_kabus_highlands,c_kabus_highlands_adj
c_kabut,c_kabut_adj
c_kadarasto,c_kadarasto_adj
c_kaget_valley,c_kaget_valley_adj
c_kai_shan,c_kai_shan_adj
c_kajiaruti,c_kajiaruti_adj
c_kalathtyr,c_kalathtyr_adj
c_kalish,c_kalish_adj
c_kalmins_grove,c_kalmins_grove_adj
c_kalterland,c_kalterland_adj
c_kaluth,c_kaluth_adj
c_kanaglym,c_kanaglym_adj
c_kangste,c_kangste_adj
c_kaoll,c_kaoll_adj
c_kapuli,c_kapuli_adj
c_karlyns_vale,c_karlyns_vale_adj
c_karmsteppe,c_karmsteppe_adj
c_karoah,c_karoah_adj
c_karondar,c_karondar_adj
c_karzuwa,c_karzuwa_adj
c_kasal,c_kasal_adj
c_kaslaib,c_kaslaib_adj
c_kasper,c_kasper_adj
c_kassa_bay,c_kassa_bay_adj
c_katakoro_pass,c_katakoro_pass_adj
c_katakoro_tundra,c_katakoro_tundra_adj
c_kayari,c_kayari_adj
c_keczulla,c_keczulla_adj
c_kelazzan,c_kelazzan_adj
c_kelereng_valley,c_kelereng_valley_adj
c_kellesar,c_kellesar_adj
c_keltar,c_keltar_adj
c_keluh,c_keluh_adj
c_keluthar,c_keluthar_adj
c_kelvins_cairn,c_kelvins_cairn_adj
c_kemati_valley,c_kemati_valley_adj
c_kera,c_kera_adj
c_kesh,c_kesh_adj
c_ket_bel,c_ket_bel_adj
c_ketcheel,c_ketcheel_adj
c_kethid,c_kethid_adj
c_khaa,c_khaa_adj
c_khaelud,c_khaelud_adj
c_khedrun_valley,c_khedrun_valley_adj
c_khelas,c_khelas_adj
c_kheldrivver,c_kheldrivver_adj
c_khivak,c_khivak_adj
c_khol,c_khol_adj
c_kholaa,c_kholaa_adj
c_kholassa,c_kholassa_adj
c_kholtar,c_kholtar_adj
c_khopet_dag,c_khopet_dag_adj
c_khuld,c_khuld_adj
c_kiasia,c_kiasia_adj
c_kilastann,c_kilastann_adj
c_kindle,c_kindle_adj
c_kings_forest,c_kings_forest_adj
c_kings_reach,c_kings_reach_adj
c_kingsbay,c_kingsbay_adj
c_kingshore,c_kingshore_adj
c_kinyo,c_kinyo_adj
c_kitbezi,c_kitbezi_adj
c_kituzeelal,c_kituzeelal_adj
c_klionna,c_klionna_adj
c_klondor,c_klondor_adj
c_kobar,c_kobar_adj
c_kochar_steppe,c_kochar_steppe_adj
c_kochung,c_kochung_adj
c_kolapur,c_kolapur_adj
c_kolium,c_kolium_adj
c_kollyat,c_kollyat_adj
c_konig_hills,c_konig_hills_adj
c_konigheim,c_konigheim_adj
c_korar_hills,c_korar_hills_adj
c_korinn,c_korinn_adj
c_kork,c_kork_adj
c_kormul,c_kormul_adj
c_kothask,c_kothask_adj
c_kouangi,c_kouangi_adj
c_kourmira,c_kourmira_adj
c_krak_al_mazhar,c_krak_al_mazhar_adj
c_krak_al_niraan,c_krak_al_niraan_adj
c_krak_al_sajjaan,c_krak_al_sajjaan_adj
c_krak_al_shidda,c_krak_al_shidda_adj
c_krak_al_uruj,c_krak_al_uruj_adj
c_kresttet,c_kresttet_adj
c_kront,c_kront_adj
c_kryptgarden_forest,c_kryptgarden_forest_adj
c_ku_akh,c_ku_akh_adj
c_kuan_road,c_kuan_road_adj
c_kuang_chu_road,c_kuang_chu_road_adj
c_kumandang,c_kumandang_adj
c_kuning,c_kuning_adj
c_kuo_meilan,c_kuo_meilan_adj
c_kupoteza,c_kupoteza_adj
c_kuraakim,c_kuraakim_adj
c_kurrsh,c_kurrsh_adj
c_kurth,c_kurth_adj
c_kushk,c_kushk_adj
c_kwachow,c_kwachow_adj
c_kzelter,c_kzelter_adj
c_laas,c_laas_adj
c_lachom,c_lachom_adj
c_lagiluri,c_lagiluri_adj
c_lahib_island,c_lahib_island_adj
c_laila,c_laila_adj
c_lair_of_the_eye,c_lair_of_the_eye_adj
c_laiwei,c_laiwei_adj
c_lajang,c_lajang_adj
c_lake_weng,c_lake_weng_adj
c_lammasus_plain,c_lammasus_plain_adj
c_lamrar,c_lamrar_adj
c_land_of_ash_and_smoke,c_land_of_ash_and_smoke_adj
c_landithust,c_landithust_adj
c_langdarma,c_langdarma_adj
c_laothkund,c_laothkund_adj
c_lapaalis,c_lapaalis_adj
c_lapalgard,c_lapalgard_adj
c_lapalgulph,c_lapalgulph_adj
c_laphe,c_laphe_adj
c_larut,c_larut_adj
c_lashghar,c_lashghar_adj
c_lashloc,c_lashloc_adj
c_lastarr,c_lastarr_adj
c_laviguer,c_laviguer_adj
c_leaping_grasses,c_leaping_grasses_adj
c_legionsway,c_legionsway_adj
c_leilon,c_leilon_adj
c_lenchvale,c_lenchvale_adj
c_leneta,c_leneta_adj
c_leopard_shan,c_leopard_shan_adj
c_leth,c_leth_adj
c_leuthilspar,c_leuthilspar_adj
c_lhair,c_lhair_adj
c_lheshayl,c_lheshayl_adj
c_lhespenbog,c_lhespenbog_adj
c_lhesper,c_lhesper_adj
c_li_raz,c_li_raz_adj
c_liham,c_liham_adj
c_lilinuk,c_lilinuk_adj
c_lilit_pass,c_lilit_pass_adj
c_limjung,c_limjung_adj
c_lipo,c_lipo_adj
c_liswood,c_liswood_adj
c_lizard_marsh,c_lizard_marsh_adj
c_lizards_tongue_pass,c_lizards_tongue_pass_adj
c_llorkh,c_llorkh_adj
c_lluirwood,c_lluirwood_adj
c_llurth_dreier,c_llurth_dreier_adj
c_lo_tu,c_lo_tu_adj
c_loagrann,c_loagrann_adj
c_lomatra,c_lomatra_adj
c_lonefang,c_lonefang_adj
c_lonely_moor,c_lonely_moor_adj
c_lonely_rock,c_lonely_rock_adj
c_long_arm,c_long_arm_adj
c_long_marsh,c_long_marsh_adj
c_longsaddle,c_longsaddle_adj
c_lopango,c_lopango_adj
c_lost_land,c_lost_land_adj
c_lost_peaks,c_lost_peaks_adj
c_lost_vale,c_lost_vale_adj
c_lothen,c_lothen_adj
c_loudwater,c_loudwater_adj
c_loulan,c_loulan_adj
c_lower_glaur,c_lower_glaur_adj
c_lower_kayu,c_lower_kayu_adj
c_lower_kuning,c_lower_kuning_adj
c_lower_red_goat,c_lower_red_goat_adj
c_lower_terrace,c_lower_terrace_adj
c_lower_wing,c_lower_wing_adj
c_lowfork,c_lowfork_adj
c_luenath,c_luenath_adj
c_lugabi,c_lugabi_adj
c_lugotak,c_lugotak_adj
c_luirbrech,c_luirbrech_adj
c_luirund,c_luirund_adj
c_lundeth,c_lundeth_adj
c_lundeth_bay,c_lundeth_bay_adj
c_lunru,c_lunru_adj
c_lurkwood,c_lurkwood_adj
c_lushpool,c_lushpool_adj
c_luskan,c_luskan_adj
c_luthcheq,c_luthcheq_adj
c_lylkara_valley,c_lylkara_valley_adj
c_lylorn,c_lylorn_adj
c_lyndar,c_lyndar_adj
c_lyntara,c_lyntara_adj
c_lyrabar,c_lyrabar_adj
c_maarlith,c_maarlith_adj
c_mabasha,c_mabasha_adj
c_mache_gap,c_mache_gap_adj
c_maelar,c_maelar_adj
c_maelevarar,c_maelevarar_adj
c_maer_dualdon,c_maer_dualdon_adj
c_maerch,c_maerch_adj
c_maerchlin,c_maerchlin_adj
c_maerchwoods,c_maerchwoods_adj
c_maerduuth,c_maerduuth_adj
c_maerimydra,c_maerimydra_adj
c_maeruhal,c_maeruhal_adj
c_maerwatch,c_maerwatch_adj
c_maerzalar,c_maerzalar_adj
c_maeynda,c_maeynda_adj
c_mafrad,c_mafrad_adj
c_magis_tor,c_magis_tor_adj
c_magrib,c_magrib_adj
c_mahabba,c_mahabba_adj
c_maharas_vale,c_maharas_vale_adj
c_mahazaka,c_mahazaka_adj
c_mahligwi,c_mahligwi_adj
c_makaxar,c_makaxar_adj
c_malaarar,c_malaarar_adj
c_maldali,c_maldali_adj
c_malualti,c_malualti_adj
c_manass,c_manass_adj
c_mangale,c_mangale_adj
c_mangangan,c_mangangan_adj
c_manhus_and_saliam,c_manhus_and_saliam_adj
c_manshaka,c_manshaka_adj
c_marangor,c_marangor_adj
c_marching_camels_road,c_marching_camels_road_adj
c_maribar_island,c_maribar_island_adj
c_marrauk,c_marrauk_adj
c_marsember,c_marsember_adj
c_marsh_of_tun,c_marsh_of_tun_adj
c_maskana,c_maskana_adj
c_maskath,c_maskath_adj
c_masud_jazayir,c_masud_jazayir_adj
c_mata,c_mata_adj
c_matolo,c_matolo_adj
c_maviddi_forest,c_maviddi_forest_adj
c_mazat,c_mazat_adj
c_mbala,c_mbala_adj
c_medang_perang,c_medang_perang_adj
c_medina_akota,c_medina_akota_adj
c_medina_al_afyal,c_medina_al_afyal_adj
c_medinat_muskawoon,c_medinat_muskawoon_adj
c_meinan,c_meinan_adj
c_meiritin,c_meiritin_adj
c_mekebat,c_mekebat_adj
c_mella,c_mella_adj
c_melvaunt,c_melvaunt_adj
c_memnon,c_memnon_adj
c_menzoberranzan,c_menzoberranzan_adj
c_mere_of_dead_men,c_mere_of_dead_men_adj
c_mergu,c_mergu_adj
c_mergu_saah,c_mergu_saah_adj
c_merkungard,c_merkungard_adj
c_messemprar,c_messemprar_adj
c_methwood,c_methwood_adj
c_mettledale,c_mettledale_adj
c_mevarand,c_mevarand_adj
c_mezro,c_mezro_adj
c_mhaelos,c_mhaelos_adj
c_mhair_pass,c_mhair_pass_adj
c_mhairhetel,c_mhairhetel_adj
c_mhairling,c_mhairling_adj
c_mhiilamnir,c_mhiilamnir_adj
c_middenlands,c_middenlands_adj
c_middle_longwood,c_middle_longwood_adj
c_middle_rendai,c_middle_rendai_adj
c_middlewoods,c_middlewoods_adj
c_midnight_waters,c_midnight_waters_adj
c_midvale,c_midvale_adj
c_midways,c_midways_adj
c_midwinter_pass,c_midwinter_pass_adj
c_miir,c_miir_adj
c_milvarune,c_milvarune_adj
c_mimph,c_mimph_adj
c_mina,c_mina_adj
c_minlow,c_minlow_adj
c_minta_vale,c_minta_vale_adj
c_mintar,c_mintar_adj
c_mintarn,c_mintarn_adj
c_mirabar,c_mirabar_adj
c_mirande,c_mirande_adj
c_mirror_lake,c_mirror_lake_adj
c_misbahd,c_misbahd_adj
c_mishan,c_mishan_adj
c_mishtan,c_mishtan_adj
c_misted_court,c_misted_court_adj
c_mistfells,c_mistfells_adj
c_mistshaws,c_mistshaws_adj
c_misty_forest,c_misty_forest_adj
c_misty_plains,c_misty_plains_adj
c_misty_vale,c_misty_vale_adj
c_mithel,c_mithel_adj
c_mithral_hall,c_mithral_hall_adj
c_mnyama,c_mnyama_adj
c_mokalonni_islands,c_mokalonni_islands_adj
c_molken,c_molken_adj
c_monksblade,c_monksblade_adj
c_monteshi,c_monteshi_adj
c_moonglade,c_moonglade_adj
c_moonrise,c_moonrise_adj
c_moonvales,c_moonvales_adj
c_moonwood,c_moonwood_adj
c_moraan,c_moraan_adj
c_moradask,c_moradask_adj
c_mordulkin,c_mordulkin_adj
c_morninggold,c_morninggold_adj
c_morrowikik,c_morrowikik_adj
c_mortens_gap,c_mortens_gap_adj
c_mortik_swamp,c_mortik_swamp_adj
c_morvar,c_morvar_adj
c_mosstrunks,c_mosstrunks_adj
c_moszabbar,c_moszabbar_adj
c_mother_of_mists,c_mother_of_mists_adj
c_motra,c_motra_adj
c_mount_illefarn,c_mount_illefarn_adj
c_mount_sar,c_mount_sar_adj
c_mount_sarengard,c_mount_sarengard_adj
c_mount_sundabar,c_mount_sundabar_adj
c_mountain_of_iron,c_mountain_of_iron_adj
c_mourktar,c_mourktar_adj
c_mraar_forest,c_mraar_forest_adj
c_mratanga,c_mratanga_adj
c_mreyelundar,c_mreyelundar_adj
c_msalin,c_msalin_adj
c_mt_hotenow,c_mt_hotenow_adj
c_muara,c_muara_adj
c_mulharahold,c_mulharahold_adj
c_mulhessen,c_mulhessen_adj
c_mulmaster,c_mulmaster_adj
c_mulptan,c_mulptan_adj
c_mulsantir,c_mulsantir_adj
c_mulsanyaar,c_mulsanyaar_adj
c_muluk,c_muluk_adj
c_munli,c_munli_adj
c_murann,c_murann_adj
c_murbant,c_murbant_adj
c_muren_tso,c_muren_tso_adj
c_murghyr,c_murghyr_adj
c_murpeth,c_murpeth_adj
c_murr,c_murr_adj
c_murthil,c_murthil_adj
c_mussum,c_mussum_adj
c_myrloch_vale,c_myrloch_vale_adj
c_myrmyr,c_myrmyr_adj
c_myth_drannor,c_myth_drannor_adj
c_myth_dyraalis,c_myth_dyraalis_adj
c_myth_telvondial,c_myth_telvondial_adj
c_mytharan_woods,c_mytharan_woods_adj
c_naga_plain,c_naga_plain_adj
c_nagaflow,c_nagaflow_adj
c_nagai_terrace,c_nagai_terrace_adj
c_nagarana,c_nagarana_adj
c_nagarr,c_nagarr_adj
c_nagoo,c_nagoo_adj
c_nahr_al_fil,c_nahr_al_fil_adj
c_naiganga,c_naiganga_adj
c_najara,c_najara_adj
c_namtan,c_namtan_adj
c_nangalore,c_nangalore_adj
c_nanhu,c_nanhu_adj
c_nanxun,c_nanxun_adj
c_naon,c_naon_adj
c_naqayna,c_naqayna_adj
c_naqq_and_qutil,c_naqq_and_qutil_adj
c_nar_ormpur,c_nar_ormpur_adj
c_narari,c_narari_adj
c_narderwood,c_narderwood_adj
c_narodara,c_narodara_adj
c_narubel,c_narubel_adj
c_narvarr,c_narvarr_adj
c_nashkel,c_nashkel_adj
c_nath_pass,c_nath_pass_adj
c_nathenje,c_nathenje_adj
c_nathlekh,c_nathlekh_adj
c_nathoud,c_nathoud_adj
c_naupau,c_naupau_adj
c_naurogloth,c_naurogloth_adj
c_nawal,c_nawal_adj
c_naysabur,c_naysabur_adj
c_ndoto,c_ndoto_adj
c_neachal,c_neachal_adj
c_nearwoods,c_nearwoods_adj
c_neldorild,c_neldorild_adj
c_nember,c_nember_adj
c_nemessor,c_nemessor_adj
c_nemoree_isles,c_nemoree_isles_adj
c_nenvar,c_nenvar_adj
c_nerth,c_nerth_adj
c_neryudzhan,c_neryudzhan_adj
c_nesme,c_nesme_adj
c_nethentir,c_nethentir_adj
c_nether_mountains,c_nether_mountains_adj
c_netheril_river,c_netheril_river_adj
c_nethjet,c_nethjet_adj
c_nethra,c_nethra_adj
c_neverwinter,c_neverwinter_adj
c_neverwinter_wood,c_neverwinter_wood_adj
c_new_sarshel,c_new_sarshel_adj
c_nezras,c_nezras_adj
c_ni_ko,c_ni_ko_adj
c_night_trees,c_night_trees_adj
c_nimlith,c_nimlith_adj
c_nimpeth,c_nimpeth_adj
c_nimsur,c_nimsur_adj
c_nisalin,c_nisalin_adj
c_nix,c_nix_adj
c_njast,c_njast_adj
c_nleeth_and_amah,c_nleeth_and_amah_adj
c_nogoonraat,c_nogoonraat_adj
c_nolin,c_nolin_adj
c_nonthal,c_nonthal_adj
c_noondai,c_noondai_adj
c_norheim,c_norheim_adj
c_nornglast,c_nornglast_adj
c_north_fornaluit,c_north_fornaluit_adj
c_north_peak,c_north_peak_adj
c_north_reaching_wood,c_north_reaching_wood_adj
c_north_rystall,c_north_rystall_adj
c_north_winterwood,c_north_winterwood_adj
c_northdark_woods,c_northdark_woods_adj
c_northwind,c_northwind_adj
c_nouarada,c_nouarada_adj
c_nsi,c_nsi_adj
c_nun,c_nun_adj
c_nunwood,c_nunwood_adj
c_nuthretos,c_nuthretos_adj
c_nyangumi,c_nyangumi_adj
c_nyanzaru,c_nyanzaru_adj
c_nykkar,c_nykkar_adj
c_nymphwood,c_nymphwood_adj
c_nyth,c_nyth_adj
c_obarval,c_obarval_adj
c_oceans_sigh,c_oceans_sigh_adj
c_ochoq,c_ochoq_adj
c_ochre_hills,c_ochre_hills_adj
c_odesh,c_odesh_adj
c_oghrann,c_oghrann_adj
c_ohmai,c_ohmai_adj
c_okk,c_okk_adj
c_olafstaad,c_olafstaad_adj
c_olattan,c_olattan_adj
c_old_drivendelve,c_old_drivendelve_adj
c_old_road,c_old_road_adj
c_old_well,c_old_well_adj
c_olomaa,c_olomaa_adj
c_olstone,c_olstone_adj
c_olum,c_olum_adj
c_olung,c_olung_adj
c_olyniak,c_olyniak_adj
c_ommvale,c_ommvale_adj
c_omu,c_omu_adj
c_ondathel,c_ondathel_adj
c_ondene,c_ondene_adj
c_ong_woods,c_ong_woods_adj
c_oostar,c_oostar_adj
c_open_marches,c_open_marches_adj
c_oraundil,c_oraundil_adj
c_orbedal,c_orbedal_adj
c_orbrekh_hills,c_orbrekh_hills_adj
c_orbrekhland,c_orbrekhland_adj
c_ordulin,c_ordulin_adj
c_oreme,c_oreme_adj
c_orgymist,c_orgymist_adj
c_orithar,c_orithar_adj
c_orlil,c_orlil_adj
c_orlumbor,c_orlumbor_adj
c_ormath,c_ormath_adj
c_ormen,c_ormen_adj
c_ormpe,c_ormpe_adj
c_ormpetarr,c_ormpetarr_adj
c_ormpur,c_ormpur_adj
c_orogoth,c_orogoth_adj
c_orolunga,c_orolunga_adj
c_oroth,c_oroth_adj
c_orphar,c_orphar_adj
c_orpher,c_orpher_adj
c_orvyltar,c_orvyltar_adj
c_oryndoll,c_oryndoll_adj
c_oslin,c_oslin_adj
c_ospkur,c_ospkur_adj
c_ostel,c_ostel_adj
c_otennath,c_otennath_adj
c_othars_hand,c_othars_hand_adj
c_outer_reghed,c_outer_reghed_adj
c_outlaw_waste,c_outlaw_waste_adj
c_oyargh,c_oyargh_adj
c_palevash,c_palevash_adj
c_palischuk,c_palischuk_adj
c_panforza,c_panforza_adj
c_panjang_river,c_panjang_river_adj
c_panjuis,c_panjuis_adj
c_pasar,c_pasar_adj
c_patatak,c_patatak_adj
c_pazar,c_pazar_adj
c_pearl_banks,c_pearl_banks_adj
c_pehrrifaal,c_pehrrifaal_adj
c_pelandar,c_pelandar_adj
c_pelauvir,c_pelauvir_adj
c_peldvale,c_peldvale_adj
c_pelleors_prairie,c_pelleors_prairie_adj
c_penuh_susak,c_penuh_susak_adj
c_peqqir,c_peqqir_adj
c_perilous,c_perilous_adj
c_perpustakaan,c_perpustakaan_adj
c_peskar,c_peskar_adj
c_phannaskul,c_phannaskul_adj
c_phantom_pass,c_phantom_pass_adj
c_pharren,c_pharren_adj
c_phelajarama,c_phelajarama_adj
c_phelzol,c_phelzol_adj
c_phent,c_phent_adj
c_phlan,c_phlan_adj
c_phoenix,c_phoenix_adj
c_phsant,c_phsant_adj
c_phutan,c_phutan_adj
c_pigeon_rock,c_pigeon_rock_adj
c_pikemans_folly,c_pikemans_folly_adj
c_plain_of_heroes,c_plain_of_heroes_adj
c_plain_of_the_talon,c_plain_of_the_talon_adj
c_plainsmarch,c_plainsmarch_adj
c_po_yul_dzayul,c_po_yul_dzayul_adj
c_polten,c_polten_adj
c_poltensmark,c_poltensmark_adj
c_port_ghast,c_port_ghast_adj
c_port_llast,c_port_llast_adj
c_prastuil,c_prastuil_adj
c_priapurl,c_priapurl_adj
c_prints_floe,c_prints_floe_adj
c_procampur,c_procampur_adj
c_proskur,c_proskur_adj
c_protain,c_protain_adj
c_pterafolk_eyries,c_pterafolk_eyries_adj
c_punakha_dzong,c_punakha_dzong_adj
c_purple_rocks,c_purple_rocks_adj
c_purskul,c_purskul_adj
c_pyarados,c_pyarados_adj
c_pyratar,c_pyratar_adj
c_qadib,c_qadib_adj
c_qadim_hills,c_qadim_hills_adj
c_qanadad,c_qanadad_adj
c_qantun,c_qantun_adj
c_qaragar,c_qaragar_adj
c_qarintg,c_qarintg_adj
c_qarlondrar,c_qarlondrar_adj
c_qinyi,c_qinyi_adj
c_qorkh,c_qorkh_adj
c_qosodera,c_qosodera_adj
c_qota,c_qota_adj
c_quaraband,c_quaraband_adj
c_quaraqand,c_quaraqand_adj
c_quarat,c_quarat_adj
c_quarter_of_emptiness,c_quarter_of_emptiness_adj
c_quaver,c_quaver_adj
c_quchang,c_quchang_adj
c_qudalla,c_qudalla_adj
c_qudao,c_qudao_adj
c_qudra,c_qudra_adj
c_quistrade,c_quistrade_adj
c_quli,c_quli_adj
c_quorat,c_quorat_adj
c_quretta,c_quretta_adj
c_qurth_forest,c_qurth_forest_adj
c_qutel,c_qutel_adj
c_ragado,c_ragado_adj
c_rago,c_rago_adj
c_rainbow_falls,c_rainbow_falls_adj
c_ralasuu_isle,c_ralasuu_isle_adj
c_ramekho,c_ramekho_adj
c_rashaflow,c_rashaflow_adj
c_raskuldin,c_raskuldin_adj
c_rassalantar,c_rassalantar_adj
c_rassatan,c_rassatan_adj
c_rastaal,c_rastaal_adj
c_rathmar,c_rathmar_adj
c_rauder,c_rauder_adj
c_raurokh,c_raurokh_adj
c_rauthgor,c_rauthgor_adj
c_rauthil,c_rauthil_adj
c_ravens_bluff,c_ravens_bluff_adj
c_raziz,c_raziz_adj
c_reaching_wood,c_reaching_wood_adj
c_red_cliffs,c_red_cliffs_adj
c_red_goat,c_red_goat_adj
c_red_larch,c_red_larch_adj
c_red_shores,c_red_shores_adj
c_reddansyr,c_reddansyr_adj
c_redspring,c_redspring_adj
c_redstar,c_redstar_adj
c_redwater_dale,c_redwater_dale_adj
c_redwaters,c_redwaters_adj
c_regdasaid,c_regdasaid_adj
c_relkaths_foot,c_relkaths_foot_adj
c_remorhaz_ride,c_remorhaz_ride_adj
c_reth,c_reth_adj
c_rethild_shore,c_rethild_shore_adj
c_rethmar,c_rethmar_adj
c_riatavin,c_riatavin_adj
c_riders_to_the_sky,c_riders_to_the_sky_adj
c_riftwood,c_riftwood_adj
c_riimlost,c_riimlost_adj
c_rimba,c_rimba_adj
c_rimlost,c_rimlost_adj
c_rimmator,c_rimmator_adj
c_risha,c_risha_adj
c_riven_frost,c_riven_frost_adj
c_river_of_metals,c_river_of_metals_adj
c_rivermoot,c_rivermoot_adj
c_riverride,c_riverride_adj
c_rivers_run,c_rivers_run_adj
c_rivershire,c_rivershire_adj
c_road_less_traveled,c_road_less_traveled_adj
c_road_of_dust,c_road_of_dust_adj
c_roaringshore,c_roaringshore_adj
c_rodanar,c_rodanar_adj
c_rogosto,c_rogosto_adj
c_rokthorl,c_rokthorl_adj
c_rondeval,c_rondeval_adj
c_roof_of_the_world,c_roof_of_the_world_adj
c_roraari,c_roraari_adj
c_rorst,c_rorst_adj
c_ruathym,c_ruathym_adj
c_rubbans_tears,c_rubbans_tears_adj
c_rucien_xan,c_rucien_xan_adj
c_ruith,c_ruith_adj
c_rume,c_rume_adj
c_ruriks_end,c_ruriks_end_adj
c_rystall_wood,c_rystall_wood_adj
c_sabrasha,c_sabrasha_adj
c_sadamzar,c_sadamzar_adj
c_sadazeh,c_sadazeh_adj
c_saekolath,c_saekolath_adj
c_saelmur,c_saelmur_adj
c_saerb,c_saerb_adj
c_saerloon,c_saerloon_adj
c_safaq,c_safaq_adj
c_saichik,c_saichik_adj
c_saigai,c_saigai_adj
c_saikhoi,c_saikhoi_adj
c_sakh,c_sakh_adj
c_sakina,c_sakina_adj
c_salira,c_salira_adj
c_salju,c_salju_adj
c_salpir,c_salpir_adj
c_samagard,c_samagard_adj
c_samargol,c_samargol_adj
c_sambar,c_sambar_adj
c_sambral,c_sambral_adj
c_sammaresh,c_sammaresh_adj
c_samphos,c_samphos_adj
c_sampranasz,c_sampranasz_adj
c_samra,c_samra_adj
c_sandsrun,c_sandsrun_adj
c_sant,c_sant_adj
c_sapphire_shores,c_sapphire_shores_adj
c_saraath,c_saraath_adj
c_saraq,c_saraq_adj
c_sarenestar,c_sarenestar_adj
c_sargauth,c_sargauth_adj
c_sariban,c_sariban_adj
c_sarrukoth,c_sarrukoth_adj
c_sarshel,c_sarshel_adj
c_sartha_coast,c_sartha_coast_adj
c_sathadech,c_sathadech_adj
c_satous,c_satous_adj
c_satyr_road,c_satyr_road_adj
c_sawsh,c_sawsh_adj
c_sayf,c_sayf_adj
c_scardale,c_scardale_adj
c_scarlet_jungle,c_scarlet_jungle_adj
c_schamedar,c_schamedar_adj
c_scornubel,c_scornubel_adj
c_scrabbleground,c_scrabbleground_adj
c_sea_of_salt,c_sea_of_salt_adj
c_sebben,c_sebben_adj
c_secomber,c_secomber_adj
c_sefriszar,c_sefriszar_adj
c_segaran_swamp,c_segaran_swamp_adj
c_seikung,c_seikung_adj
c_sekola_atas,c_sekola_atas_adj
c_sekras,c_sekras_adj
c_selgaunt,c_selgaunt_adj
c_selskar_vale,c_selskar_vale_adj
c_sembabule,c_sembabule_adj
c_semberholme,c_semberholme_adj
c_semkhrun,c_semkhrun_adj
c_semphar_water,c_semphar_water_adj
c_sempharin,c_sempharin_adj
c_sendalam,c_sendalam_adj
c_senia_plateau,c_senia_plateau_adj
c_sentinel_island,c_sentinel_island_adj
c_sentinel_spire,c_sentinel_spire_adj
c_serpent_hills,c_serpent_hills_adj
c_serpent_valley,c_serpent_valley_adj
c_serpents_tail,c_serpents_tail_adj
c_serzeman_bamar,c_serzeman_bamar_adj
c_seshano,c_seshano_adj
c_sesserash,c_sesserash_adj
c_sessrenglade,c_sessrenglade_adj
c_settlestone,c_settlestone_adj
c_seventon,c_seventon_adj
c_severed_hand,c_severed_hand_adj
c_sezilinta,c_sezilinta_adj
c_shaareach_forest,c_shaareach_forest_adj
c_shaargald,c_shaargald_adj
c_shaarmid,c_shaarmid_adj
c_shaddath,c_shaddath_adj
c_shadowdale,c_shadowdale_adj
c_shadowed_grave,c_shadowed_grave_adj
c_shadowglade,c_shadowglade_adj
c_shadows_end,c_shadows_end_adj
c_shaelyn,c_shaelyn_adj
c_shakham,c_shakham_adj
c_shakkak,c_shakkak_adj
c_shalanar,c_shalanar_adj
c_shamandra,c_shamandra_adj
c_shamph,c_shamph_adj
c_shan_sao,c_shan_sao_adj
c_shandaular,c_shandaular_adj
c_shangtao,c_shangtao_adj
c_shannath,c_shannath_adj
c_shanshu,c_shanshu_adj
c_shantal,c_shantal_adj
c_sharandar,c_sharandar_adj
c_sharawood,c_sharawood_adj
c_sharira,c_sharira_adj
c_shattered_tower,c_shattered_tower_adj
c_shatterwave,c_shatterwave_adj
c_shay_hills,c_shay_hills_adj
c_shederran_grove,c_shederran_grove_adj
c_sheirtalar,c_sheirtalar_adj
c_shentsa,c_shentsa_adj
c_shey_chorten,c_shey_chorten_adj
c_shih_tuh,c_shih_tuh_adj
c_shihfang,c_shihfang_adj
c_shilku_bay,c_shilku_bay_adj
c_shilmista,c_shilmista_adj
c_shining_gap,c_shining_gap_adj
c_shining_white,c_shining_white_adj
c_ship_isle,c_ship_isle_adj
c_ship_of_the_gods,c_ship_of_the_gods_adj
c_shipgrave_isles,c_shipgrave_isles_adj
c_shirc,c_shirc_adj
c_shivering_coast,c_shivering_coast_adj
c_shoal_of_thirst,c_shoal_of_thirst_adj
c_shoonach,c_shoonach_adj
c_shota,c_shota_adj
c_shou_kuan,c_shou_kuan_adj
c_shrouded_lands,c_shrouded_lands_adj
c_shussel,c_shussel_adj
c_sidewinder_wood,c_sidewinder_wood_adj
c_sidi_island,c_sidi_island_adj
c_sierrak,c_sierrak_adj
c_sigram,c_sigram_adj
c_siiluth,c_siiluth_adj
c_sikak,c_sikak_adj
c_siksuv,c_siksuv_adj
c_silapathar,c_silapathar_adj
c_silver_hills,c_silver_hills_adj
c_silvermoon_pass,c_silvermoon_pass_adj
c_silverwood,c_silverwood_adj
c_silverymoon,c_silverymoon_adj
c_simbaya,c_simbaya_adj
c_sinking_palace,c_sinking_palace_adj
c_sinna,c_sinna_adj
c_sixstreams,c_sixstreams_adj
c_skadaurak,c_skadaurak_adj
c_skarou,c_skarou_adj
c_skeska,c_skeska_adj
c_skouth,c_skouth_adj
c_skuld,c_skuld_adj
c_skuldusk,c_skuldusk_adj
c_skullport,c_skullport_adj
c_skurrukh,c_skurrukh_adj
c_sky_fields,c_sky_fields_adj
c_skytower_shelter,c_skytower_shelter_adj
c_skyvale,c_skyvale_adj
c_skywall,c_skywall_adj
c_smokeholes,c_smokeholes_adj
c_smokespire,c_smokespire_adj
c_smoking_mountains,c_smoking_mountains_adj
c_snakewood,c_snakewood_adj
c_snapping_turtle_bay,c_snapping_turtle_bay_adj
c_snokkok,c_snokkok_adj
c_snout_of_omgar,c_snout_of_omgar_adj
c_sokkar,c_sokkar_adj
c_soleineflow,c_soleineflow_adj
c_solon,c_solon_adj
c_sombor,c_sombor_adj
c_somraggah,c_somraggah_adj
c_songfarla,c_songfarla_adj
c_songhal,c_songhal_adj
c_soolabax,c_soolabax_adj
c_soorenar,c_soorenar_adj
c_soranda,c_soranda_adj
c_sorghum_fields,c_sorghum_fields_adj
c_sorib,c_sorib_adj
c_sorl,c_sorl_adj
c_sossvaal,c_sossvaal_adj
c_soto,c_soto_adj
c_soubar,c_soubar_adj
c_soussal,c_soussal_adj
c_south_fornaluit,c_south_fornaluit_adj
c_south_winterwood,c_south_winterwood_adj
c_southern_shandaular,c_southern_shandaular_adj
c_southspar,c_southspar_adj
c_southwatch,c_southwatch_adj
c_southwood,c_southwood_adj
c_spandeliyon,c_spandeliyon_adj
c_spearhead_point,c_spearhead_point_adj
c_spearsmouth_dale,c_spearsmouth_dale_adj
c_spellgard,c_spellgard_adj
c_spellshire,c_spellshire_adj
c_spider_swamp,c_spider_swamp_adj
c_spiderhaunt_woods,c_spiderhaunt_woods_adj
c_spiteful_isles,c_spiteful_isles_adj
c_splendarrmornn,c_splendarrmornn_adj
c_sragadha,c_sragadha_adj
c_sschindylryn,c_sschindylryn_adj
c_ssensval,c_ssensval_adj
c_sshamath,c_sshamath_adj
c_ssintar,c_ssintar_adj
c_ssrenshen,c_ssrenshen_adj
c_stagford,c_stagford_adj
c_star_mounts,c_star_mounts_adj
c_starfields,c_starfields_adj
c_starmantle,c_starmantle_adj
c_starmetal_hills,c_starmetal_hills_adj
c_starspire,c_starspire_adj
c_starspur,c_starspur_adj
c_stillmoors,c_stillmoors_adj
c_stingfields,c_stingfields_adj
c_stirgewick,c_stirgewick_adj
c_storm_horns,c_storm_horns_adj
c_stormhelm,c_stormhelm_adj
c_stormslough,c_stormslough_adj
c_stormy_high,c_stormy_high_adj
c_sulaziir,c_sulaziir_adj
c_suldanessellar,c_suldanessellar_adj
c_suldolphor,c_suldolphor_adj
c_sultim,c_sultim_adj
c_sumber_hills,c_sumber_hills_adj
c_sumbrar,c_sumbrar_adj
c_sumbria,c_sumbria_adj
c_sumuk_island,c_sumuk_island_adj
c_sundabar,c_sundabar_adj
c_sundasz,c_sundasz_adj
c_sunder,c_sunder_adj
c_sundice,c_sundice_adj
c_sundrah,c_sundrah_adj
c_sunglade,c_sunglade_adj
c_sunrise_hills,c_sunrise_hills_adj
c_suns_eye,c_suns_eye_adj
c_sunset,c_sunset_adj
c_sunset_foothills,c_sunset_foothills_adj
c_sunset_rocks,c_sunset_rocks_adj
c_suntar,c_suntar_adj
c_suormpar,c_suormpar_adj
c_surag,c_surag_adj
c_surbar,c_surbar_adj
c_surbrin_hills,c_surbrin_hills_adj
c_surbroar,c_surbroar_adj
c_surcross,c_surcross_adj
c_surkazar,c_surkazar_adj
c_surkh,c_surkh_adj
c_surmarsh,c_surmarsh_adj
c_surraer,c_surraer_adj
c_surthay,c_surthay_adj
c_suzail,c_suzail_adj
c_suzhai,c_suzhai_adj
c_svardborg,c_svardborg_adj
c_syevyer_forest,c_syevyer_forest_adj
c_synnoria,c_synnoria_adj
c_szant,c_szant_adj
c_szith_morcane,c_szith_morcane_adj
c_szul,c_szul_adj
c_taam,c_taam_adj
c_tadabbur,c_tadabbur_adj
c_taertal_gates,c_taertal_gates_adj
c_taham,c_taham_adj
c_taikho_gaze,c_taikho_gaze_adj
c_taishan,c_taishan_adj
c_tajar,c_tajar_adj
c_takeyef,c_takeyef_adj
c_takrit,c_takrit_adj
c_takt_muren,c_takt_muren_adj
c_talab,c_talab_adj
c_talacoast,c_talacoast_adj
c_talagbar,c_talagbar_adj
c_talaran_highlands,c_talaran_highlands_adj
c_talarvale,c_talarvale_adj
c_talathgard,c_talathgard_adj
c_talduth_vale,c_talduth_vale_adj
c_talffolk,c_talffolk_adj
c_taliat,c_taliat_adj
c_tall_trees,c_tall_trees_adj
c_taltempla,c_taltempla_adj
c_talukhi,c_talukhi_adj
c_tammar,c_tammar_adj
c_tane,c_tane_adj
c_tangkap,c_tangkap_adj
c_tangled_trees,c_tangled_trees_adj
c_tanistan,c_tanistan_adj
c_tantay,c_tantay_adj
c_tantras,c_tantras_adj
c_taotie,c_taotie_adj
c_tapenga,c_tapenga_adj
c_taranmire,c_taranmire_adj
c_tariatooroi,c_tariatooroi_adj
c_tarikat_island,c_tarikat_island_adj
c_tarmalune,c_tarmalune_adj
c_tarnhall,c_tarnhall_adj
c_tarsith,c_tarsith_adj
c_taruin,c_taruin_adj
c_tashan_gap,c_tashan_gap_adj
c_tashluta,c_tashluta_adj
c_taskaunt,c_taskaunt_adj
c_tatanulgts,c_tatanulgts_adj
c_taurax,c_taurax_adj
c_tauros,c_tauros_adj
c_tayabuk,c_tayabuk_adj
c_tayaraan,c_tayaraan_adj
c_tching,c_tching_adj
c_tegals_mark,c_tegals_mark_adj
c_tehing,c_tehing_adj
c_teladem,c_teladem_adj
c_telah,c_telah_adj
c_telflamm,c_telflamm_adj
c_telox,c_telox_adj
c_telpir,c_telpir_adj
c_tembasi,c_tembasi_adj
c_tempat_larang,c_tempat_larang_adj
c_tensteps,c_tensteps_adj
c_tera_dur,c_tera_dur_adj
c_terbakar,c_terbakar_adj
c_teri,c_teri_adj
c_teshburl,c_teshburl_adj
c_teshwave,c_teshwave_adj
c_teshyll,c_teshyll_adj
c_tethyamar,c_tethyamar_adj
c_tezarbal,c_tezarbal_adj
c_teziir,c_teziir_adj
c_tezir,c_tezir_adj
c_thandyl,c_thandyl_adj
c_thar,c_thar_adj
c_thargill,c_thargill_adj
c_tharkar,c_tharkar_adj
c_tharsult,c_tharsult_adj
c_thasselen,c_thasselen_adj
c_thasunta,c_thasunta_adj
c_thaymount,c_thaymount_adj
c_thazar,c_thazar_adj
c_thazar_pass,c_thazar_pass_adj
c_thazarim,c_thazarim_adj
c_the_alaor,c_the_alaor_adj
c_the_allascar,c_the_allascar_adj
c_the_alley,c_the_alley_adj
c_the_anchorage,c_the_anchorage_adj
c_the_bird,c_the_bird_adj
c_the_bleak_plain,c_the_bleak_plain_adj
c_the_burn,c_the_burn_adj
c_the_calves,c_the_calves_adj
c_the_camels_hump,c_the_camels_hump_adj
c_the_chador,c_the_chador_adj
c_the_chultengar,c_the_chultengar_adj
c_the_crags,c_the_crags_adj
c_the_dancer,c_the_dancer_adj
c_the_dawn_warrior,c_the_dawn_warrior_adj
c_the_dells,c_the_dells_adj
c_the_dune,c_the_dune_adj
c_the_duskwood,c_the_duskwood_adj
c_the_evermoors,c_the_evermoors_adj
c_the_eyes,c_the_eyes_adj
c_the_fang,c_the_fang_adj
c_the_faraway,c_the_faraway_adj
c_the_farmeadows,c_the_farmeadows_adj
c_the_fell_wood,c_the_fell_wood_adj
c_the_flats,c_the_flats_adj
c_the_flint,c_the_flint_adj
c_the_fork,c_the_fork_adj
c_the_fortress,c_the_fortress_adj
c_the_great_oak,c_the_great_oak_adj
c_the_great_spire,c_the_great_spire_adj
c_the_icefields,c_the_icefields_adj
c_the_icepeak,c_the_icepeak_adj
c_the_imnescourse,c_the_imnescourse_adj
c_the_jaws,c_the_jaws_adj
c_the_nath,c_the_nath_adj
c_the_neth_stand,c_the_neth_stand_adj
c_the_old_trees,c_the_old_trees_adj
c_the_pearls,c_the_pearls_adj
c_the_perloush,c_the_perloush_adj
c_the_red_giant,c_the_red_giant_adj
c_the_ride,c_the_ride_adj
c_the_ridge,c_the_ridge_adj
c_the_rift,c_the_rift_adj
c_the_rockshaws,c_the_rockshaws_adj
c_the_rookery,c_the_rookery_adj
c_the_saiyaddar,c_the_saiyaddar_adj
c_the_samarlogh,c_the_samarlogh_adj
c_the_scarland,c_the_scarland_adj
c_the_shaarwood,c_the_shaarwood_adj
c_the_shield,c_the_shield_adj
c_the_singing_rocks,c_the_singing_rocks_adj
c_the_sisters,c_the_sisters_adj
c_the_stonelands,c_the_stonelands_adj
c_the_stormtails,c_the_stormtails_adj
c_the_surague,c_the_surague_adj
c_the_swordpoint,c_the_swordpoint_adj
c_the_teardrops,c_the_teardrops_adj
c_the_teeth,c_the_teeth_adj
c_the_throat,c_the_throat_adj
c_the_tradeway,c_the_tradeway_adj
c_the_trollclaws,c_the_trollclaws_adj
c_the_tusks,c_the_tusks_adj
c_the_vensal,c_the_vensal_adj
c_the_wayrock,c_the_wayrock_adj
c_the_wetwoods,c_the_wetwoods_adj
c_the_whalebones,c_the_whalebones_adj
c_the_whales_flukes,c_the_whales_flukes_adj
c_the_white_rocks,c_the_white_rocks_adj
c_the_wizards_reach,c_the_wizards_reach_adj
c_the_wormbones,c_the_wormbones_adj
c_the_wyrmbones,c_the_wyrmbones_adj
c_themasulter,c_themasulter_adj
c_thentia,c_thentia_adj
c_theymarsh,c_theymarsh_adj
c_thilzoun,c_thilzoun_adj
c_thindar,c_thindar_adj
c_thingulphar,c_thingulphar_adj
c_tholvarr,c_tholvarr_adj
c_thommar,c_thommar_adj
c_thonns_fist,c_thonns_fist_adj
c_thordentor,c_thordentor_adj
c_thornhold,c_thornhold_adj
c_thornwash_vale,c_thornwash_vale_adj
c_thornwood,c_thornwood_adj
c_three_horns,c_three_horns_adj
c_three_rivers,c_three_rivers_adj
c_three_swords,c_three_swords_adj
c_thueban,c_thueban_adj
c_thulbane,c_thulbane_adj
c_thundars_ride,c_thundars_ride_adj
c_thunder_gap,c_thunder_gap_adj
c_thunder_hills,c_thunder_hills_adj
c_thunderholme,c_thunderholme_adj
c_thunderstone,c_thunderstone_adj
c_thur,c_thur_adj
c_tilbrand,c_tilbrand_adj
c_tilvers_gap,c_tilvers_gap_adj
c_tilverton,c_tilverton_adj
c_tinnir,c_tinnir_adj
c_tiry,c_tiry_adj
c_titan_peaks,c_titan_peaks_adj
c_toa,c_toa_adj
c_toaridge_at_the_suns_setting,c_toaridge_at_the_suns_setting_adj
c_tocpe,c_tocpe_adj
c_tokards_cross,c_tokards_cross_adj
c_tomai,c_tomai_adj
c_tomb_hills,c_tomb_hills_adj
c_toming,c_toming_adj
c_tomyris,c_tomyris_adj
c_tongchun,c_tongchun_adj
c_tonge,c_tonge_adj
c_tonli,c_tonli_adj
c_toraldur,c_toraldur_adj
c_torsch,c_torsch_adj
c_traaskl_thorog,c_traaskl_thorog_adj
c_trademeet,c_trademeet_adj
c_traders_road,c_traders_road_adj
c_trailstone,c_trailstone_adj
c_treacherous_isles,c_treacherous_isles_adj
c_treggi_jungle,c_treggi_jungle_adj
c_treshla,c_treshla_adj
c_triboar,c_triboar_adj
c_trielta_hills,c_trielta_hills_adj
c_trollbark_forest,c_trollbark_forest_adj
c_tsagang,c_tsagang_adj
c_tsan,c_tsan_adj
c_tsaparang,c_tsaparang_adj
c_tsetu,c_tsetu_adj
c_tshalkha,c_tshalkha_adj
c_tsurlagol,c_tsurlagol_adj
c_tuern,c_tuern_adj
c_tulbeghoth,c_tulbeghoth_adj
c_tulmene,c_tulmene_adj
c_tulmon,c_tulmon_adj
c_tuma,c_tuma_adj
c_tun,c_tun_adj
c_tungtairira,c_tungtairira_adj
c_turab,c_turab_adj
c_turelve,c_turelve_adj
c_turlangs_wood,c_turlangs_wood_adj
c_turmans,c_turmans_adj
c_turnback_mountain,c_turnback_mountain_adj
c_two_stars,c_two_stars_adj
c_tymanchebar,c_tymanchebar_adj
c_tyraturos,c_tyraturos_adj
c_ubar,c_ubar_adj
c_uchan,c_uchan_adj
c_ugewood,c_ugewood_adj
c_uhon_tsa,c_uhon_tsa_adj
c_uitoril,c_uitoril_adj
c_ulara,c_ulara_adj
c_ulark,c_ulark_adj
c_uldoon,c_uldoon_adj
c_ulguum,c_ulguum_adj
c_uluran,c_uluran_adj
c_uluvin,c_uluvin_adj
c_ulvarr,c_ulvarr_adj
c_ulzel,c_ulzel_adj
c_umara,c_umara_adj
c_umarah,c_umarah_adj
c_umbarra,c_umbarra_adj
c_umber_marsh,c_umber_marsh_adj
c_umberwood,c_umberwood_adj
c_umbral_murk,c_umbral_murk_adj
c_umbthal,c_umbthal_adj
c_umratharos,c_umratharos_adj
c_umukek,c_umukek_adj
c_underhome,c_underhome_adj
c_undermountain,c_undermountain_adj
c_undraeth,c_undraeth_adj
c_ungaran,c_ungaran_adj
c_unicorn_run,c_unicorn_run_adj
c_unthalass,c_unthalass_adj
c_untrivven,c_untrivven_adj
c_uplands,c_uplands_adj
c_upper_ama,c_upper_ama_adj
c_upper_goldenflow,c_upper_goldenflow_adj
c_upper_khedrun,c_upper_khedrun_adj
c_upper_murghol,c_upper_murghol_adj
c_upper_nix,c_upper_nix_adj
c_upper_pass,c_upper_pass_adj
c_upper_reddan,c_upper_reddan_adj
c_upper_sempadan,c_upper_sempadan_adj
c_urlingwood,c_urlingwood_adj
c_urmlaspyr,c_urmlaspyr_adj
c_uruk,c_uruk_adj
c_urula,c_urula_adj
c_urve,c_urve_adj
c_ust_natha,c_ust_natha_adj
c_ustann_and_tuulish,c_ustann_and_tuulish_adj
c_usurr,c_usurr_adj
c_utaqa,c_utaqa_adj
c_uthangol,c_uthangol_adj
c_uthmere,c_uthmere_adj
c_utuerth,c_utuerth_adj
c_utui,c_utui_adj
c_uysos,c_uysos_adj
c_vaelan,c_vaelan_adj
c_valashar,c_valashar_adj
c_vale_of_clouds,c_vale_of_clouds_adj
c_vale_of_lost_voices,c_vale_of_lost_voices_adj
c_vale_of_the_reaver,c_vale_of_the_reaver_adj
c_valley_of_dread,c_valley_of_dread_adj
c_valley_of_embers,c_valley_of_embers_adj
c_valley_of_klaidson,c_valley_of_klaidson_adj
c_valley_of_lost_honor,c_valley_of_lost_honor_adj
c_valshada,c_valshada_adj
c_vanorva,c_vanorva_adj
c_vargath,c_vargath_adj
c_varshum,c_varshum_adj
c_varyth,c_varyth_adj
c_vast_swamp,c_vast_swamp_adj
c_vaults_of_record,c_vaults_of_record_adj
c_veilstone,c_veilstone_adj
c_vekkak,c_vekkak_adj
c_velandilmur,c_velandilmur_adj
c_velarswood,c_velarswood_adj
c_velprintalar,c_velprintalar_adj
c_velsit,c_velsit_adj
c_venasca,c_venasca_adj
c_venne,c_venne_adj
c_vercy_wood,c_vercy_wood_adj
c_verdigris,c_verdigris_adj
c_veshit,c_veshit_adj
c_vintal,c_vintal_adj
c_vintor,c_vintor_adj
c_volothamp,c_volothamp_adj
c_voonlar,c_voonlar_adj
c_vordrorn_forest,c_vordrorn_forest_adj
c_vral,c_vral_adj
c_vrandaks_grave,c_vrandaks_grave_adj
c_vuerthyl,c_vuerthyl_adj
c_vyridian_forest,c_vyridian_forest_adj
c_wahasha,c_wahasha_adj
c_wakrawa,c_wakrawa_adj
c_wang,c_wang_adj
c_wards_islands,c_wards_islands_adj
c_warfields,c_warfields_adj
c_warmshores,c_warmshores_adj
c_wasat,c_wasat_adj
c_watchers_cape,c_watchers_cape_adj
c_watchwall,c_watchwall_adj
c_waterdeep,c_waterdeep_adj
c_wave_rocks,c_wave_rocks_adj
c_wavecrest,c_wavecrest_adj
c_weathercote_wood,c_weathercote_wood_adj
c_weifei,c_weifei_adj
c_well_of_dragons,c_well_of_dragons_adj
c_wellspring_hills,c_wellspring_hills_adj
c_wertikak,c_wertikak_adj
c_west_lethyr,c_west_lethyr_adj
c_west_nanayok,c_west_nanayok_adj
c_west_rendai,c_west_rendai_adj
c_west_road,c_west_road_adj
c_west_tejarn,c_west_tejarn_adj
c_west_toadsquat,c_west_toadsquat_adj
c_westbay,c_westbay_adj
c_westfells,c_westfells_adj
c_westgate,c_westgate_adj
c_westgulth,c_westgulth_adj
c_westmark,c_westmark_adj
c_westphal,c_westphal_adj
c_westwood,c_westwood_adj
c_whalers_end,c_whalers_end_adj
c_whamite_isles,c_whamite_isles_adj
c_white_coast,c_white_coast_adj
c_white_ford,c_white_ford_adj
c_white_hills,c_white_hills_adj
c_whitehorn,c_whitehorn_adj
c_wide_cascades,c_wide_cascades_adj
c_widestep,c_widestep_adj
c_wild_hills,c_wild_hills_adj
c_wild_yak_meadows,c_wild_yak_meadows_adj
c_wildergroves,c_wildergroves_adj
c_wildstorm_vale,c_wildstorm_vale_adj
c_winding_river,c_winding_river_adj
c_windspear_hills,c_windspear_hills_adj
c_windswept_plain,c_windswept_plain_adj
c_wintercloak,c_wintercloak_adj
c_winterglen,c_winterglen_adj
c_winterkeep,c_winterkeep_adj
c_winters_edge,c_winters_edge_adj
c_wintersburn,c_wintersburn_adj
c_wolfwoods,c_wolfwoods_adj
c_womford,c_womford_adj
c_wood_of_flam,c_wood_of_flam_adj
c_wood_of_sharp_teeth,c_wood_of_sharp_teeth_adj
c_wrecking_coast,c_wrecking_coast_adj
c_wrights_ferry,c_wrights_ferry_adj
c_wyngate,c_wyngate_adj
c_wyrmdoom_crag,c_wyrmdoom_crag_adj
c_wyrms_tooth,c_wyrms_tooth_adj
c_wyvernwater,c_wyvernwater_adj
c_xair,c_xair_adj
c_xiltor,c_xiltor_adj
c_xirev,c_xirev_adj
c_xoraar,c_xoraar_adj
c_xorhun,c_xorhun_adj
c_xuheing,c_xuheing_adj
c_xul_jarak,c_xul_jarak_adj
c_yaks_horn,c_yaks_horn_adj
c_yallasch,c_yallasch_adj
c_yao_sai,c_yao_sai_adj
c_yarlhang_la,c_yarlhang_la_adj
c_yarrat,c_yarrat_adj
c_yartar,c_yartar_adj
c_yarthrain,c_yarthrain_adj
c_yaulazna,c_yaulazna_adj
c_yaunoroth,c_yaunoroth_adj
c_yegororyanen,c_yegororyanen_adj
c_yellow_serpent,c_yellow_serpent_adj
c_yenching,c_yenching_adj
c_yeshpek,c_yeshpek_adj
c_yhaunn,c_yhaunn_adj
c_yhep,c_yhep_adj
c_yidyn,c_yidyn_adj
c_yinazzil,c_yinazzil_adj
c_ylraphon,c_ylraphon_adj
c_yohun_fields,c_yohun_fields_adj
c_yorash,c_yorash_adj
c_yorduul,c_yorduul_adj
c_ysawis,c_ysawis_adj
c_yudol,c_yudol_adj
c_yuirwood,c_yuirwood_adj
c_yulash,c_yulash_adj
c_yumbu_shan,c_yumbu_shan_adj
c_zabad,c_zabad_adj
c_zabbasz,c_zabbasz_adj
c_zada,c_zada_adj
c_zamazda,c_zamazda_adj
c_zamsgrove,c_zamsgrove_adj
c_zanda_tholing,c_zanda_tholing_adj
c_zanhoriloch,c_zanhoriloch_adj
c_zanzazzar,c_zanzazzar_adj
c_zarif,c_zarif_adj
c_zayir,c_zayir_adj
c_zaym,c_zaym_adj
c_zaz_in_vintor,c_zaz_in_vintor_adj
c_zeibiley,c_zeibiley_adj
c_zelbross,c_zelbross_adj
c_zelpir,c_zelpir_adj
c_zendar,c_zendar_adj
c_zendum,c_zendum_adj
c_zhentil_keep,c_zhentil_keep_adj
c_zhoman,c_zhoman_adj
c_zill,c_zill_adj
c_zoahua,c_zoahua_adj
c_zoajing,c_zoajing_adj
c_zolum,c_zolum_adj
c_zoundar,c_zoundar_adj
c_zoy_zando,c_zoy_zando_adj
c_zundbridge,c_zundbridge_adj
c_zutria,c_zutria_adj
c_zuwaruk,c_zuwaruk_adj
c_zzuntal,c_zzuntal_adj
d_a_ling_shan,d_a_ling_shan_adj
d_abjuration,d_abjuration_adj
d_abjuration_exile,d_abjuration_exile_adj
d_abordabe,d_abordabe_adj
d_adaerglast,d_adaerglast_adj
d_adbar,d_adbar_adj
d_aefarn,d_aefarn_adj
d_affordable_outlaws,d_affordable_outlaws_adj
d_agis,d_agis_adj
d_aglarond,d_aglarond_adj
d_aingst,d_aingst_adj
d_ajayib,d_ajayib_adj
d_akanax,d_akanax_adj
d_akota,d_akota_adj
d_al_asirr,d_al_asirr_adj
d_al_tarik_islands,d_al_tarik_islands_adj
d_al_zalim,d_al_zalim_adj
d_alaghon,d_alaghon_adj
d_alamber_grasp,d_alamber_grasp_adj
d_alamin,d_alamin_adj
d_alamir,d_alamir_adj
d_alaoreum,d_alaoreum_adj
d_alatorin,d_alatorin_adj
d_alpuk,d_alpuk_adj
d_altumbel,d_altumbel_adj
d_ammarindar,d_ammarindar_adj
d_ammathtar,d_ammathtar_adj
d_anaconda,d_anaconda_adj
d_anauria,d_anauria_adj
d_angalpuk,d_angalpuk_adj
d_ankaram,d_ankaram_adj
d_ankheg_tribe,d_ankheg_tribe_adj
d_ansi,d_ansi_adj
d_aphrunn,d_aphrunn_adj
d_arabellan_march,d_arabellan_march_adj
d_arakin,d_arakin_adj
d_arcata,d_arcata_adj
d_archendale,d_archendale_adj
d_ardeep,d_ardeep_adj
d_ardulith_vale,d_ardulith_vale_adj
d_army_of_lion,d_army_of_lion_adj
d_arnaden,d_arnaden_adj
d_arundi,d_arundi_adj
d_asanibis,d_asanibis_adj
d_asavirs_channel,d_asavirs_channel_adj
d_ashanath,d_ashanath_adj
d_asram,d_asram_adj
d_backlands,d_backlands_adj
d_badu_al_kabir,d_badu_al_kabir_adj
d_bahamut,d_bahamut_adj
d_bahr_al_dahlil,d_bahr_al_dahlil_adj
d_bakar,d_bakar_adj
d_baldurs_gate,d_baldurs_gate_adj
d_bandit_wastes,d_bandit_wastes_adj
d_bannerless_legion,d_bannerless_legion_adj
d_barakair,d_barakair_adj
d_barbarian_marches,d_barbarian_marches_adj
d_batiriland,d_batiriland_adj
d_battledale,d_battledale_adj
d_bay_of_kings,d_bay_of_kings_adj
d_baygandu,d_baygandu_adj
d_beastlands,d_beastlands_adj
d_belprin,d_belprin_adj
d_beowood,d_beowood_adj
d_berdusk,d_berdusk_adj
d_black_blood_tribe,d_black_blood_tribe_adj
d_black_boar,d_black_boar_adj
d_black_lion,d_black_lion_adj
d_black_raven,d_black_raven_adj
d_black_watch,d_black_watch_adj
d_blackfeather_barrens,d_blackfeather_barrens_adj
d_blacktalons_mercenary_company,d_blacktalons_mercenary_company_adj
d_blackwilds,d_blackwilds_adj
d_blades_of_uthgar,d_blades_of_uthgar_adj
d_blood_money_band,d_blood_money_band_adj
d_bloodaxe_mercenary_company,d_bloodaxe_mercenary_company_adj
d_bloodlake,d_bloodlake_adj
d_bloodstone,d_bloodstone_adj
d_blue_bear,d_blue_bear_adj
d_blue_sigil,d_blue_sigil_adj
d_boareskyr,d_boareskyr_adj
d_bold_blades_of_berdusk,d_bold_blades_of_berdusk_adj
d_border_forest,d_border_forest_adj
d_bradamin,d_bradamin_adj
d_brandiar,d_brandiar_adj
d_bregan_daerthe,d_bregan_daerthe_adj
d_bregenduth,d_bregenduth_adj
d_brightstar_coast,d_brightstar_coast_adj
d_broken_arrow,d_broken_arrow_adj
d_bronze_falcon,d_bronze_falcon_adj
d_bull_elk,d_bull_elk_adj
d_burning_lands,d_burning_lands_adj
d_burning_plains,d_burning_plains_adj
d_bushido,d_bushido_adj
d_calandor,d_calandor_adj
d_calimshan,d_calimshan_adj
d_callidyrr,d_callidyrr_adj
d_cape_velen,d_cape_velen_adj
d_carmathan,d_carmathan_adj
d_cathyr,d_cathyr_adj
d_chaikou,d_chaikou_adj
d_chama,d_chama_adj
d_channath_vale,d_channath_vale_adj
d_chao_yang,d_chao_yang_adj
d_cheetah_tribe,d_cheetah_tribe_adj
d_chelimber,d_chelimber_adj
d_chengi,d_chengi_adj
d_chessenta,d_chessenta_adj
d_chieftains_in_gold,d_chieftains_in_gold_adj
d_chif,d_chif_adj
d_chigidi,d_chigidi_adj
d_chiglogi,d_chiglogi_adj
d_chill,d_chill_adj
d_chondalwood,d_chondalwood_adj
d_chondamarch,d_chondamarch_adj
d_chult,d_chult_adj
d_cimarine_isles,d_cimarine_isles_adj
d_cimbar,d_cimbar_adj
d_citadel_of_assassins,d_citadel_of_assassins_adj
d_clan_hammerhand,d_clan_hammerhand_adj
d_claw,d_claw_adj
d_cloakwood,d_cloakwood_adj
d_cloud_peaks,d_cloud_peaks_adj
d_code_helm,d_code_helm_adj
d_coffee_coast,d_coffee_coast_adj
d_cold_run,d_cold_run_adj
d_company_of_hunnar,d_company_of_hunnar_adj
d_company_of_the_cane,d_company_of_the_cane_adj
d_company_of_the_ebon_spur,d_company_of_the_ebon_spur_adj
d_company_of_the_singing_dawn,d_company_of_the_singing_dawn_adj
d_company_of_the_wolf,d_company_of_the_wolf_adj
d_conjuration,d_conjuration_adj
d_conjuration_exile,d_conjuration_exile_adj
d_copper_cities,d_copper_cities_adj
d_cormanthor,d_cormanthor_adj
d_cormyte_coast,d_cormyte_coast_adj
d_cortryn,d_cortryn_adj
d_corwell,d_corwell_adj
d_council_hills,d_council_hills_adj
d_creel,d_creel_adj
d_crown_lands,d_crown_lands_adj
d_cult_of_gilgeam,d_cult_of_gilgeam_adj
d_cult_of_ragarra,d_cult_of_ragarra_adj
d_cult_of_shajar,d_cult_of_shajar_adj
d_cult_of_tiamat,d_cult_of_tiamat_adj
d_dag_nost,d_dag_nost_adj
d_daggerdale,d_daggerdale_adj
d_daggerford,d_daggerford_adj
d_daggers_of_truth,d_daggers_of_truth_adj
d_dagranost,d_dagranost_adj
d_darazand,d_darazand_adj
d_dardath,d_dardath_adj
d_dareth,d_dareth_adj
d_dark_watch,d_dark_watch_adj
d_darkhope,d_darkhope_adj
d_darksong_knights,d_darksong_knights_adj
d_dauntless_mamluk_society,d_dauntless_mamluk_society_adj
d_deep_cormanthor,d_deep_cormanthor_adj
d_deep_glade,d_deep_glade_adj
d_deep_imaskar,d_deep_imaskar_adj
d_deep_realm,d_deep_realm_adj
d_deepingdale,d_deepingdale_adj
d_deepwash,d_deepwash_adj
d_defenders_mamluk_society,d_defenders_mamluk_society_adj
d_delhumide,d_delhumide_adj
d_delimbiyr_vale,d_delimbiyr_vale_adj
d_delimbiyran,d_delimbiyran_adj
d_delzimmer,d_delzimmer_adj
d_dervishes,d_dervishes_adj
d_desert_wind,d_desert_wind_adj
d_deserts_virtues,d_deserts_virtues_adj
d_desertsedge,d_desertsedge_adj
d_desertsmouth,d_desertsmouth_adj
d_desolate_coast,d_desolate_coast_adj
d_dessarin_vale,d_dessarin_vale_adj
d_destroyers,d_destroyers_adj
d_devoted_mamluk_society,d_devoted_mamluk_society_adj
d_devout_mamluk_society,d_devout_mamluk_society_adj
d_dihliz,d_dihliz_adj
d_diligent_mamluk_society,d_diligent_mamluk_society_adj
d_divination,d_divination_adj
d_divination_exile,d_divination_exile_adj
d_djerad_kusold,d_djerad_kusold_adj
d_doegan,d_doegan_adj
d_dragon_reach,d_dragon_reach_adj
d_dragonmen,d_dragonmen_adj
d_dragonmere,d_dragonmere_adj
d_dragons_back,d_dragons_back_adj
d_dragons_heartlands,d_dragons_heartlands_adj
d_dragonspear,d_dragonspear_adj
d_draknor,d_draknor_adj
d_dunspeirrin,d_dunspeirrin_adj
d_dunthelar,d_dunthelar_adj
d_dunwood,d_dunwood_adj
d_durmista,d_durmista_adj
d_dusk,d_dusk_adj
d_dusk_circle,d_dusk_circle_adj
d_dusthoof,d_dusthoof_adj
d_dustlands,d_dustlands_adj
d_dustwall,d_dustwall_adj
d_dutiful_mamluk_society,d_dutiful_mamluk_society_adj
d_eaerlann,d_eaerlann_adj
d_eagle_tribe,d_eagle_tribe_adj
d_earthfast,d_earthfast_adj
d_earthmother_reformed,d_earthmother_reformed_adj
d_east_amtar,d_east_amtar_adj
d_east_reaches,d_east_reaches_adj
d_east_taan,d_east_taan_adj
d_eastern_high_desert,d_eastern_high_desert_adj
d_eastern_isles,d_eastern_isles_adj
d_eastern_marches,d_eastern_marches_adj
d_eastern_reghed,d_eastern_reghed_adj
d_eastern_turlaghh,d_eastern_turlaghh_adj
d_easting_coast,d_easting_coast_adj
d_eastings,d_eastings_adj
d_eastshore,d_eastshore_adj
d_ebenfar,d_ebenfar_adj
d_ebonbrand,d_ebonbrand_adj
d_edenvale,d_edenvale_adj
d_ejen_horo,d_ejen_horo_adj
d_elder_brains,d_elder_brains_adj
d_elestam,d_elestam_adj
d_elk,d_elk_adj
d_elkannath_valley,d_elkannath_valley_adj
d_eltabbar,d_eltabbar_adj
d_elturgard,d_elturgard_adj
d_elven_court,d_elven_court_adj
d_emerald_brotherhood,d_emerald_brotherhood_adj
d_emerald_grove,d_emerald_grove_adj
d_enchantment,d_enchantment_adj
d_enchantment_exile,d_enchantment_exile_adj
d_enclave,d_enclave_adj
d_endless_ice_sea,d_endless_ice_sea_adj
d_endrara,d_endrara_adj
d_enforcers,d_enforcers_adj
d_enlightened_ring,d_enlightened_ring_adj
d_enzo,d_enzo_adj
d_erech,d_erech_adj
d_eryndlyn,d_eryndlyn_adj
d_eshpurta,d_eshpurta_adj
d_esmel,d_esmel_adj
d_esmur,d_esmur_adj
d_estagund,d_estagund_adj
d_evereska,d_evereska_adj
d_everlund,d_everlund_adj
d_evocation,d_evocation_adj
d_evocation_exile,d_evocation_exile_adj
d_exalted_mamluk_society,d_exalted_mamluk_society_adj
d_eye_of_the_gods,d_eye_of_the_gods_adj
d_eyes_of_silvanus,d_eyes_of_silvanus_adj
d_fabada,d_fabada_adj
d_faelorin,d_faelorin_adj
d_faithful_mamluk_society,d_faithful_mamluk_society_adj
d_fallen_justice,d_fallen_justice_adj
d_fallen_lands,d_fallen_lands_adj
d_far_hills,d_far_hills_adj
d_far_quey,d_far_quey_adj
d_farwater,d_farwater_adj
d_featherdale,d_featherdale_adj
d_fellowship_of_the_moon,d_fellowship_of_the_moon_adj
d_fellowship_of_the_white_owl,d_fellowship_of_the_white_owl_adj
d_fenlis,d_fenlis_adj
d_fields_of_nun,d_fields_of_nun_adj
d_fields_of_slaughter,d_fields_of_slaughter_adj
d_fields_of_storms,d_fields_of_storms_adj
d_fields_of_the_dead,d_fields_of_the_dead_adj
d_fiends_wing,d_fiends_wing_adj
d_fighting_cocks,d_fighting_cocks_adj
d_fimbrul,d_fimbrul_adj
d_fireforges,d_fireforges_adj
d_firepeaks,d_firepeaks_adj
d_firesteap,d_firesteap_adj
d_firetrees,d_firetrees_adj
d_flaming_fist,d_flaming_fist_adj
d_flamsterd,d_flamsterd_adj
d_flash_of_the_dragon,d_flash_of_the_dragon_adj
d_flatshield,d_flatshield_adj
d_forest_of_lethyr,d_forest_of_lethyr_adj
d_forlorn_field_army,d_forlorn_field_army_adj
d_frozen_sea,d_frozen_sea_adj
d_fuirgar,d_fuirgar_adj
d_fukiow,d_fukiow_adj
d_furitep,d_furitep_adj
d_galena_mountains,d_galena_mountains_adj
d_galuil,d_galuil_adj
d_gana,d_gana_adj
d_ganath,d_ganath_adj
d_gauntlet,d_gauntlet_adj
d_gauntlgrym,d_gauntlgrym_adj
d_gauros,d_gauros_adj
d_geomancy,d_geomancy_adj
d_ghost_leopard,d_ghost_leopard_adj
d_giants_plain,d_giants_plain_adj
d_giantspires,d_giantspires_adj
d_glacier_run,d_glacier_run_adj
d_glaur_barrens,d_glaur_barrens_adj
d_glaur_fields,d_glaur_fields_adj
d_glimmerwood,d_glimmerwood_adj
d_glorea,d_glorea_adj
d_gnarhelm,d_gnarhelm_adj
d_goblin_marches,d_goblin_marches_adj
d_goblin_reformed,d_goblin_reformed_adj
d_golden_blades,d_golden_blades_adj
d_golden_eagle,d_golden_eagle_adj
d_golden_gulf,d_golden_gulf_adj
d_golden_legion,d_golden_legion_adj
d_golden_marches,d_golden_marches_adj
d_golden_plains,d_golden_plains_adj
d_gontal,d_gontal_adj
d_grand_cabal,d_grand_cabal_adj
d_grandlesh,d_grandlesh_adj
d_gray_wolf,d_gray_wolf_adj
d_great_anvil,d_great_anvil_adj
d_great_dale,d_great_dale_adj
d_great_oak,d_great_oak_adj
d_great_worm,d_great_worm_adj
d_green_fields,d_green_fields_adj
d_greenfields,d_greenfields_adj
d_grey_ghosts,d_grey_ghosts_adj
d_grey_jungle,d_grey_jungle_adj
d_greypeaks,d_greypeaks_adj
d_greyvale,d_greyvale_adj
d_griffon,d_griffon_adj
d_griffon_legion,d_griffon_legion_adj
d_grimmantle,d_grimmantle_adj
d_guardians_of_daggerford,d_guardians_of_daggerford_adj
d_gubol_plains,d_gubol_plains_adj
d_gulthmere_forest,d_gulthmere_forest_adj
d_hagga_shan,d_hagga_shan_adj
d_halar,d_halar_adj
d_halondar,d_halondar_adj
d_halruaa,d_halruaa_adj
d_halwa,d_halwa_adj
d_hand_behind_the_mirror,d_hand_behind_the_mirror_adj
d_handmaidens_of_the_spider_queen,d_handmaidens_of_the_spider_queen_adj
d_hanya_maut,d_hanya_maut_adj
d_harb,d_harb_adj
d_hargleth,d_hargleth_adj
d_harheldur,d_harheldur_adj
d_harpshield,d_harpshield_adj
d_harrowdale,d_harrowdale_adj
d_harthgroth,d_harthgroth_adj
d_hartsvale,d_hartsvale_adj
d_haunghdannar,d_haunghdannar_adj
d_havraquoar,d_havraquoar_adj
d_heartseekers,d_heartseekers_adj
d_herath,d_herath_adj
d_heroes_of_the_realm,d_heroes_of_the_realm_adj
d_high_alaur,d_high_alaur_adj
d_high_country,d_high_country_adj
d_high_dale,d_high_dale_adj
d_high_ice,d_high_ice_adj
d_high_meadows,d_high_meadows_adj
d_high_moor,d_high_moor_adj
d_high_terrace,d_high_terrace_adj
d_high_thay,d_high_thay_adj
d_high_unther,d_high_unther_adj
d_highreach,d_highreach_adj
d_highridden,d_highridden_adj
d_hillsfar,d_hillsfar_adj
d_hilm,d_hilm_adj
d_hiyal,d_hiyal_adj
d_hlondath,d_hlondath_adj
d_hlondeth,d_hlondeth_adj
d_honored_mamluk_society,d_honored_mamluk_society_adj
d_horns_of_winter,d_horns_of_winter_adj
d_horseheights,d_horseheights_adj
d_howling_mountains,d_howling_mountains_adj
d_hungste,d_hungste_adj
d_hunnabar,d_hunnabar_adj
d_huzuz,d_huzuz_adj
d_hyena_tribe,d_hyena_tribe_adj
d_ibelgrak,d_ibelgrak_adj
d_ice_islands,d_ice_islands_adj
d_icemaw,d_icemaw_adj
d_igotak,d_igotak_adj
d_ikemmu,d_ikemmu_adj
d_illusion,d_illusion_adj
d_illusion_exile,d_illusion_exile_adj
d_iltifat,d_iltifat_adj
d_iltkazar,d_iltkazar_adj
d_imaski,d_imaski_adj
d_immil_vale,d_immil_vale_adj
d_imperial_arrows,d_imperial_arrows_adj
d_imperishable_mamluk_society,d_imperishable_mamluk_society_adj
d_imristar,d_imristar_adj
d_information,d_information_adj
d_inner_ama,d_inner_ama_adj
d_iriaebor,d_iriaebor_adj
d_iron_house,d_iron_house_adj
d_iron_throne,d_iron_throne_adj
d_ironfang_deep,d_ironfang_deep_adj
d_ironslag,d_ironslag_adj
d_ironstar,d_ironstar_adj
d_ishamar_coast,d_ishamar_coast_adj
d_island_of_firethorns,d_island_of_firethorns_adj
d_island_of_gardens,d_island_of_gardens_adj
d_ithmongar,d_ithmongar_adj
d_itiraf,d_itiraf_adj
d_jaguar_guard,d_jaguar_guard_adj
d_jastaath,d_jastaath_adj
d_jaziri_reformed,d_jaziri_reformed_adj
d_jumlat,d_jumlat_adj
d_kadan,d_kadan_adj
d_kadarasto,d_kadarasto_adj
d_kai_shan,d_kai_shan_adj
d_kamlann,d_kamlann_adj
d_katakoro_shan,d_katakoro_shan_adj
d_keltar,d_keltar_adj
d_kelvins_cairn,d_kelvins_cairn_adj
d_kesasar,d_kesasar_adj
d_kharuul,d_kharuul_adj
d_khazari,d_khazari_adj
d_kheldruni,d_kheldruni_adj
d_khongaa,d_khongaa_adj
d_khuiten_gazar,d_khuiten_gazar_adj
d_kilap,d_kilap_adj
d_kinfields,d_kinfields_adj
d_klarthlurr,d_klarthlurr_adj
d_knights_fentan,d_knights_fentan_adj
d_knights_of_blue_moon,d_knights_of_blue_moon_adj
d_knights_of_samular,d_knights_of_samular_adj
d_knights_of_the_everlasting_dragon,d_knights_of_the_everlasting_dragon_adj
d_knights_of_the_unicorn,d_knights_of_the_unicorn_adj
d_kobold_mountains,d_kobold_mountains_adj
d_konigheim,d_konigheim_adj
d_kora_shan,d_kora_shan_adj
d_korinn,d_korinn_adj
d_korolnor,d_korolnor_adj
d_koryaz_approach,d_koryaz_approach_adj
d_kothask,d_kothask_adj
d_kryptgarden_forest,d_kryptgarden_forest_adj
d_kuan,d_kuan_adj
d_kuldahar_pass,d_kuldahar_pass_adj
d_kun_yen,d_kun_yen_adj
d_kuo_meilan,d_kuo_meilan_adj
d_kushk,d_kushk_adj
d_kuwung,d_kuwung_adj
d_kzelter,d_kzelter_adj
d_laletaker,d_laletaker_adj
d_lands_against_the_wall,d_lands_against_the_wall_adj
d_lands_under_the_ice,d_lands_under_the_ice_adj
d_langdarma,d_langdarma_adj
d_lantan,d_lantan_adj
d_lapalsea,d_lapalsea_adj
d_lapalshore,d_lapalshore_adj
d_lapendrar,d_lapendrar_adj
d_larang,d_larang_adj
d_leilon,d_leilon_adj
d_leopard_pass,d_leopard_pass_adj
d_lesser_isles,d_lesser_isles_adj
d_lhespen,d_lhespen_adj
d_lion_tribe,d_lion_tribe_adj
d_little_rocks,d_little_rocks_adj
d_little_turtles,d_little_turtles_adj
d_llandrydds_steel,d_llandrydds_steel_adj
d_llast,d_llast_adj
d_llurth_dreier,d_llurth_dreier_adj
d_long_death,d_long_death_adj
d_longbolts,d_longbolts_adj
d_longfang,d_longfang_adj
d_lopango,d_lopango_adj
d_lords_of_war,d_lords_of_war_adj
d_lost_coast,d_lost_coast_adj
d_low_lands,d_low_lands_adj
d_lower_tabot,d_lower_tabot_adj
d_lower_tathtar,d_lower_tathtar_adj
d_lower_tier,d_lower_tier_adj
d_lower_yikaria,d_lower_yikaria_adj
d_luenath,d_luenath_adj
d_lugsaas_alpuk,d_lugsaas_alpuk_adj
d_luiren,d_luiren_adj
d_luirenstrand,d_luirenstrand_adj
d_luo,d_luo_adj
d_luskan,d_luskan_adj
d_luthcheq,d_luthcheq_adj
d_lylorn,d_lylorn_adj
d_lyra,d_lyra_adj
d_maerch,d_maerch_adj
d_maeru,d_maeru_adj
d_maerwatch,d_maerwatch_adj
d_mage_hunters,d_mage_hunters_adj
d_magharibi_isles,d_magharibi_isles_adj
d_magis_mir,d_magis_mir_adj
d_magister,d_magister_adj
d_mahabba,d_mahabba_adj
d_malatath,d_malatath_adj
d_man_eaters,d_man_eaters_adj
d_marangor,d_marangor_adj
d_marsember,d_marsember_adj
d_mashariki,d_mashariki_adj
d_masquerade,d_masquerade_adj
d_mazbar,d_mazbar_adj
d_medina,d_medina_adj
d_medina_akota,d_medina_akota_adj
d_medusas_eyes,d_medusas_eyes_adj
d_mekebat,d_mekebat_adj
d_melial,d_melial_adj
d_menesankh,d_menesankh_adj
d_menzoberranzan,d_menzoberranzan_adj
d_mercenaries_guild_of_westgate,d_mercenaries_guild_of_westgate_adj
d_merket,d_merket_adj
d_meth_marches,d_meth_marches_adj
d_mezro,d_mezro_adj
d_mhair_reach,d_mhair_reach_adj
d_mighty_mamluk_society,d_mighty_mamluk_society_adj
d_mina,d_mina_adj
d_mindulgulph_mercenary_company,d_mindulgulph_mercenary_company_adj
d_minsorran,d_minsorran_adj
d_mintarn,d_mintarn_adj
d_mirabar,d_mirabar_adj
d_mirkazar,d_mirkazar_adj
d_mistledale,d_mistledale_adj
d_mistvales,d_mistvales_adj
d_misty_forest,d_misty_forest_adj
d_mistymarch,d_mistymarch_adj
d_mithral_hall,d_mithral_hall_adj
d_moondale,d_moondale_adj
d_moonlight_men,d_moonlight_men_adj
d_moonsea,d_moonsea_adj
d_moonsea_north,d_moonsea_north_adj
d_moray,d_moray_adj
d_mordulkin,d_mordulkin_adj
d_morndivver,d_morndivver_adj
d_moroky,d_moroky_adj
d_muaroghal,d_muaroghal_adj
d_muhjari,d_muhjari_adj
d_mukshar,d_mukshar_adj
d_mulmaster,d_mulmaster_adj
d_mulmaster_beholder_corps,d_mulmaster_beholder_corps_adj
d_munli,d_munli_adj
d_murghol,d_murghol_adj
d_murghom,d_murghom_adj
d_myir,d_myir_adj
d_myriadic,d_myriadic_adj
d_myrloch,d_myrloch_adj
d_nachtur,d_nachtur_adj
d_nada_al_hazan,d_nada_al_hazan_adj
d_naelors_banner,d_naelors_banner_adj
d_nagarr,d_nagarr_adj
d_najara,d_najara_adj
d_nakvaligach,d_nakvaligach_adj
d_narfell,d_narfell_adj
d_narubel,d_narubel_adj
d_nathlan,d_nathlan_adj
d_necromancy,d_necromancy_adj
d_necromancy_exile,d_necromancy_exile_adj
d_neidlig,d_neidlig_adj
d_nelanther_isles,d_nelanther_isles_adj
d_nemoree,d_nemoree_adj
d_nether_mountains,d_nether_mountains_adj
d_nethertide_horde,d_nethertide_horde_adj
d_neverwinter,d_neverwinter_adj
d_neverwinter_wood,d_neverwinter_wood_adj
d_new_blood,d_new_blood_adj
d_nimbral,d_nimbral_adj
d_nogari_reformed,d_nogari_reformed_adj
d_nordland,d_nordland_adj
d_norheim_marauders,d_norheim_marauders_adj
d_noromath,d_noromath_adj
d_north_country,d_north_country_adj
d_north_moonshae,d_north_moonshae_adj
d_northern_duskshore,d_northern_duskshore_adj
d_northern_ride,d_northern_ride_adj
d_northern_wastes,d_northern_wastes_adj
d_northgroves,d_northgroves_adj
d_northing,d_northing_adj
d_northluir,d_northluir_adj
d_northshaar,d_northshaar_adj
d_novularond,d_novularond_adj
d_nsi_warriors,d_nsi_warriors_adj
d_nyanzaru,d_nyanzaru_adj
d_nykkar,d_nykkar_adj
d_ogtiir,d_ogtiir_adj
d_okoth,d_okoth_adj
d_old_calim,d_old_calim_adj
d_old_delzoun,d_old_delzoun_adj
d_old_durpar,d_old_durpar_adj
d_old_legion,d_old_legion_adj
d_old_raum,d_old_raum_adj
d_old_reach,d_old_reach_adj
d_omans_isle,d_omans_isle_adj
d_omgrush,d_omgrush_adj
d_omnod_kheer,d_omnod_kheer_adj
d_omu,d_omu_adj
d_open_marches,d_open_marches_adj
d_oraundil,d_oraundil_adj
d_orc_reformed,d_orc_reformed_adj
d_order_of_the_aster,d_order_of_the_aster_adj
d_order_of_the_blue_boar,d_order_of_the_blue_boar_adj
d_order_of_the_burning_dawn,d_order_of_the_burning_dawn_adj
d_order_of_the_calming_wave,d_order_of_the_calming_wave_adj
d_order_of_the_gauntlet,d_order_of_the_gauntlet_adj
d_order_of_the_gilded_eye,d_order_of_the_gilded_eye_adj
d_order_of_the_pure_flame,d_order_of_the_pure_flame_adj
d_order_of_the_sapphire_crescent,d_order_of_the_sapphire_crescent_adj
d_order_of_the_silver_lance,d_order_of_the_silver_lance_adj
d_ormath,d_ormath_adj
d_ormpetarr,d_ormpetarr_adj
d_ostraland,d_ostraland_adj
d_out_domains,d_out_domains_adj
d_out_islands,d_out_islands_adj
d_outer_chukei,d_outer_chukei_adj
d_outer_plains,d_outer_plains_adj
d_outland,d_outland_adj
d_outspur,d_outspur_adj
d_padhran,d_padhran_adj
d_pale_giants,d_pale_giants_adj
d_panjang,d_panjang_adj
d_panka,d_panka_adj
d_pantheist,d_pantheist_adj
d_parched_mamluk_society,d_parched_mamluk_society_adj
d_parsanic,d_parsanic_adj
d_pasar,d_pasar_adj
d_pegasus_archery_company,d_pegasus_archery_company_adj
d_pelmarin,d_pelmarin_adj
d_phandelver,d_phandelver_adj
d_phelzol,d_phelzol_adj
d_phlan,d_phlan_adj
d_phutan,d_phutan_adj
d_pirate_hunters,d_pirate_hunters_adj
d_pirate_isles,d_pirate_isles_adj
d_plains_of_purple_dust,d_plains_of_purple_dust_adj
d_plainstrider,d_plainstrider_adj
d_priesthood_of_gilgeam,d_priesthood_of_gilgeam_adj
d_priesthood_of_horus,d_priesthood_of_horus_adj
d_priesthood_of_ishtar,d_priesthood_of_ishtar_adj
d_promenade_of_the_dark_maiden,d_promenade_of_the_dark_maiden_adj
d_purple_dragons,d_purple_dragons_adj
d_purple_flame,d_purple_flame_adj
d_purple_marches,d_purple_marches_adj
d_pyarados,d_pyarados_adj
d_qadib,d_qadib_adj
d_qarlondrar,d_qarlondrar_adj
d_qisma,d_qisma_adj
d_qotal_reformed,d_qotal_reformed_adj
d_qudra,d_qudra_adj
d_quencesta,d_quencesta_adj
d_quima,d_quima_adj
d_quoya,d_quoya_adj
d_ra_khati,d_ra_khati_adj
d_ragnor,d_ragnor_adj
d_rashemen,d_rashemen_adj
d_raskuldin,d_raskuldin_adj
d_rathgaunt,d_rathgaunt_adj
d_raumvi,d_raumvi_adj
d_rauth,d_rauth_adj
d_rawlinswood,d_rawlinswood_adj
d_reaching_wood,d_reaching_wood_adj
d_realm_of_chaos,d_realm_of_chaos_adj
d_realm_of_fire,d_realm_of_fire_adj
d_realm_of_lands,d_realm_of_lands_adj
d_realm_of_tides,d_realm_of_tides_adj
d_red_brigade,d_red_brigade_adj
d_red_flayers,d_red_flayers_adj
d_red_goat,d_red_goat_adj
d_red_plumes_of_hillsfar,d_red_plumes_of_hillsfar_adj
d_red_pony,d_red_pony_adj
d_red_rain,d_red_rain_adj
d_red_ravens,d_red_ravens_adj
d_red_rising,d_red_rising_adj
d_red_shields,d_red_shields_adj
d_red_spears,d_red_spears_adj
d_red_thunder_mercenary_corps,d_red_thunder_mercenary_corps_adj
d_red_tiger,d_red_tiger_adj
d_reghed_bear,d_reghed_bear_adj
d_reghed_caribou,d_reghed_caribou_adj
d_reghed_elk,d_reghed_elk_adj
d_reghed_goat,d_reghed_goat_adj
d_reghed_owl,d_reghed_owl_adj
d_reghed_raging_bear,d_reghed_raging_bear_adj
d_reghed_seal,d_reghed_seal_adj
d_reghed_tiger,d_reghed_tiger_adj
d_reghed_whale,d_reghed_whale_adj
d_reghed_white_bear,d_reghed_white_bear_adj
d_reghed_wolf,d_reghed_wolf_adj
d_relmaur,d_relmaur_adj
d_rendai,d_rendai_adj
d_renegades,d_renegades_adj
d_respected_mamluk_society,d_respected_mamluk_society_adj
d_rhinoceros_tribe,d_rhinoceros_tribe_adj
d_riders_of_nesme,d_riders_of_nesme_adj
d_ring_of_eyes,d_ring_of_eyes_adj
d_riverlands,d_riverlands_adj
d_rogosto,d_rogosto_adj
d_roof_of_the_world,d_roof_of_the_world_adj
d_rorns_rest,d_rorns_rest_adj
d_roselucks,d_roselucks_adj
d_royal_corsairs,d_royal_corsairs_adj
d_ruathym,d_ruathym_adj
d_ruby_blades,d_ruby_blades_adj
d_ruby_rose,d_ruby_rose_adj
d_ruin_island,d_ruin_island_adj
d_runedardath,d_runedardath_adj
d_rust_pirates,d_rust_pirates_adj
d_sabakar,d_sabakar_adj
d_sacred_shrike,d_sacred_shrike_adj
d_sacred_skull,d_sacred_skull_adj
d_saekolath,d_saekolath_adj
d_sahu,d_sahu_adj
d_sailors_of_the_crimson_sea,d_sailors_of_the_crimson_sea_adj
d_salamander_army,d_salamander_army_adj
d_salamandra,d_salamandra_adj
d_salamin,d_salamin_adj
d_salbayan,d_salbayan_adj
d_salju_shan,d_salju_shan_adj
d_saltstone,d_saltstone_adj
d_samar,d_samar_adj
d_sammarths_sword,d_sammarths_sword_adj
d_sand_kings,d_sand_kings_adj
d_sanrach,d_sanrach_adj
d_sarenestar,d_sarenestar_adj
d_sargauth,d_sargauth_adj
d_satyrwood,d_satyrwood_adj
d_scardale,d_scardale_adj
d_scarlet_scourge,d_scarlet_scourge_adj
d_scathril,d_scathril_adj
d_scelptarvale,d_scelptarvale_adj
d_scornubel,d_scornubel_adj
d_scoured_legion,d_scoured_legion_adj
d_sea_glades,d_sea_glades_adj
d_sebakar,d_sebakar_adj
d_segara,d_segara_adj
d_selatan,d_selatan_adj
d_semberholme,d_semberholme_adj
d_sembia,d_sembia_adj
d_sempadan,d_sempadan_adj
d_sempharin,d_sempharin_adj
d_servants_of_the_royal_egg,d_servants_of_the_royal_egg_adj
d_sespech_reach,d_sespech_reach_adj
d_sessrendale,d_sessrendale_adj
d_shaareach,d_shaareach_adj
d_shaarstep,d_shaarstep_adj
d_shadowdale,d_shadowdale_adj
d_shaeles_shields,d_shaeles_shields_adj
d_shalhoond,d_shalhoond_adj
d_shali,d_shali_adj
d_shandaular,d_shandaular_adj
d_shandolphyns_reach,d_shandolphyns_reach_adj
d_shar,d_shar_adj
d_shard,d_shard_adj
d_sharrven,d_sharrven_adj
d_she_wolves,d_she_wolves_adj
d_sheeland,d_sheeland_adj
d_shieldbreakers,d_shieldbreakers_adj
d_shilmista,d_shilmista_adj
d_shinantra,d_shinantra_adj
d_shining_coast,d_shining_coast_adj
d_shining_crusade,d_shining_crusade_adj
d_shining_isles,d_shining_isles_adj
d_shining_ones,d_shining_ones_adj
d_shining_plains,d_shining_plains_adj
d_shining_steel_mercenary_company,d_shining_steel_mercenary_company_adj
d_ship_of_the_gods,d_ship_of_the_gods_adj
d_sikak,d_sikak_adj
d_silent_rain,d_silent_rain_adj
d_siluvanede,d_siluvanede_adj
d_silver_blades,d_silver_blades_adj
d_silverymoon,d_silverymoon_adj
d_siremun,d_siremun_adj
d_sirocco,d_sirocco_adj
d_sisterhood_of_the_oaks,d_sisterhood_of_the_oaks_adj
d_skeletal_finger,d_skeletal_finger_adj
d_skelkor_crescent,d_skelkor_crescent_adj
d_sky_pony,d_sky_pony_adj
d_slave_revolt,d_slave_revolt_adj
d_snowdown,d_snowdown_adj
d_snowstriders,d_snowstriders_adj
d_society_of_the_sword,d_society_of_the_sword_adj
d_soft_claws,d_soft_claws_adj
d_solon,d_solon_adj
d_soravia,d_soravia_adj
d_sossal,d_sossal_adj
d_souls_of_the_sun,d_souls_of_the_sun_adj
d_southcharts,d_southcharts_adj
d_southern_beacons,d_southern_beacons_adj
d_southern_duskshore,d_southern_duskshore_adj
d_spine_of_the_world,d_spine_of_the_world_adj
d_springdales,d_springdales_adj
d_starmantle,d_starmantle_adj
d_starspire,d_starspire_adj
d_stirgewick,d_stirgewick_adj
d_storm_horns,d_storm_horns_adj
d_stormhelm,d_stormhelm_adj
d_strikes,d_strikes_adj
d_studious_mamluk_society,d_studious_mamluk_society_adj
d_suj,d_suj_adj
d_sultim,d_sultim_adj
d_sumber,d_sumber_adj
d_sun_soul,d_sun_soul_adj
d_sundabar,d_sundabar_adj
d_sunderland,d_sunderland_adj
d_sunrise_country,d_sunrise_country_adj
d_sunrise_deeps,d_sunrise_deeps_adj
d_sunrise_reach,d_sunrise_reach_adj
d_sunrise_wall,d_sunrise_wall_adj
d_suns_eye,d_suns_eye_adj
d_surbrin_vale,d_surbrin_vale_adj
d_sureggol,d_sureggol_adj
d_suretmarch,d_suretmarch_adj
d_surthay,d_surthay_adj
d_swirling_isles,d_swirling_isles_adj
d_sword_coast,d_sword_coast_adj
d_sword_mountains,d_sword_mountains_adj
d_sword_valley,d_sword_valley_adj
d_swordbelt,d_swordbelt_adj
d_swordsea_isles,d_swordsea_isles_adj
d_tabaxiland,d_tabaxiland_adj
d_taertal,d_taertal_adj
d_tajar,d_tajar_adj
d_talaran,d_talaran_adj
d_talarshield,d_talarshield_adj
d_talath,d_talath_adj
d_talons_of_justice,d_talons_of_justice_adj
d_talumin,d_talumin_adj
d_taran,d_taran_adj
d_taranoth,d_taranoth_adj
d_tark,d_tark_adj
d_tarmalune,d_tarmalune_adj
d_tasseldale,d_tasseldale_adj
d_teeth,d_teeth_adj
d_tejarn_hills,d_tejarn_hills_adj
d_temple_of_corellon,d_temple_of_corellon_adj
d_ten_towns,d_ten_towns_adj
d_tenpaw,d_tenpaw_adj
d_teshar,d_teshar_adj
d_teshendale,d_teshendale_adj
d_teshyllal,d_teshyllal_adj
d_tethir_march,d_tethir_march_adj
d_teyla_shan,d_teyla_shan_adj
d_teziir,d_teziir_adj
d_thalmiir,d_thalmiir_adj
d_thar,d_thar_adj
d_tharsult,d_tharsult_adj
d_thazalhar,d_thazalhar_adj
d_the_akanul,d_the_akanul_adj
d_the_alaor,d_the_alaor_adj
d_the_black_road,d_the_black_road_adj
d_the_bleeding_trees,d_the_bleeding_trees_adj
d_the_bow,d_the_bow_adj
d_the_chultengar,d_the_chultengar_adj
d_the_clash,d_the_clash_adj
d_the_dauntir,d_the_dauntir_adj
d_the_evermoors,d_the_evermoors_adj
d_the_five,d_the_five_adj
d_the_gardens,d_the_gardens_adj
d_the_gateway,d_the_gateway_adj
d_the_golden_lands,d_the_golden_lands_adj
d_the_golden_water,d_the_golden_water_adj
d_the_goldenflow,d_the_goldenflow_adj
d_the_great_spire,d_the_great_spire_adj
d_the_guthland,d_the_guthland_adj
d_the_leewai,d_the_leewai_adj
d_the_midlands,d_the_midlands_adj
d_the_nath,d_the_nath_adj
d_the_old_realm,d_the_old_realm_adj
d_the_oxventure_guild,d_the_oxventure_guild_adj
d_the_priador,d_the_priador_adj
d_the_quivering_thumb,d_the_quivering_thumb_adj
d_the_ramparts,d_the_ramparts_adj
d_the_ride,d_the_ride_adj
d_the_rift,d_the_rift_adj
d_the_shaws,d_the_shaws_adj
d_the_stonelands,d_the_stonelands_adj
d_the_stormstars,d_the_stormstars_adj
d_the_swagdar,d_the_swagdar_adj
d_the_swords,d_the_swords_adj
d_the_tashalar,d_the_tashalar_adj
d_the_thorns,d_the_thorns_adj
d_the_unworthy,d_the_unworthy_adj
d_the_upland,d_the_upland_adj
d_thesk,d_thesk_adj
d_thindol,d_thindol_adj
d_tholvarr,d_tholvarr_adj
d_thousand_swords,d_thousand_swords_adj
d_threskel,d_threskel_adj
d_thunder_wolves,d_thunder_wolves_adj
d_thunderbeast,d_thunderbeast_adj
d_tikhtai,d_tikhtai_adj
d_tilverton,d_tilverton_adj
d_tomyris,d_tomyris_adj
d_traaskl_thorog,d_traaskl_thorog_adj
d_trackless_sea,d_trackless_sea_adj
d_trade_of_blades,d_trade_of_blades_adj
d_traders_ride,d_traders_ride_adj
d_trance_banshees,d_trance_banshees_adj
d_transmutation,d_transmutation_adj
d_transmutation_exile,d_transmutation_exile_adj
d_tree_ghost,d_tree_ghost_adj
d_treshla,d_treshla_adj
d_trollshades,d_trollshades_adj
d_tuern,d_tuern_adj
d_tulgey,d_tulgey_adj
d_tunlands,d_tunlands_adj
d_turvulds_swords,d_turvulds_swords_adj
d_tutsaas,d_tutsaas_adj
d_twilit_land,d_twilit_land_adj
d_tymanchebar,d_tymanchebar_adj
d_tyraturos,d_tyraturos_adj
d_ulhai,d_ulhai_adj
d_ulutiuan_reformed,d_ulutiuan_reformed_adj
d_umara,d_umara_adj
d_umber_council,d_umber_council_adj
d_umberwash,d_umberwash_adj
d_undermountain,d_undermountain_adj
d_unthalass,d_unthalass_adj
d_uplands,d_uplands_adj
d_upper_akanul,d_upper_akanul_adj
d_upper_ama,d_upper_ama_adj
d_upper_ching_tung,d_upper_ching_tung_adj
d_upper_dessarin,d_upper_dessarin_adj
d_upper_iltifat,d_upper_iltifat_adj
d_upper_nogaro,d_upper_nogaro_adj
d_upper_salju,d_upper_salju_adj
d_upper_tabot,d_upper_tabot_adj
d_upper_tathtar,d_upper_tathtar_adj
d_upper_yikaria,d_upper_yikaria_adj
d_urshani,d_urshani_adj
d_ushar,d_ushar_adj
d_ust_natha,d_ust_natha_adj
d_uthgardt_reformed,d_uthgardt_reformed_adj
d_vaegould,d_vaegould_adj
d_valiant_mamluk_society,d_valiant_mamluk_society_adj
d_var,d_var_adj
d_var_tribe,d_var_tribe_adj
d_varm,d_varm_adj
d_veldorn,d_veldorn_adj
d_venasca,d_venasca_adj
d_vesnarfell,d_vesnarfell_adj
d_veterans_guild_of_ravens_bluff,d_veterans_guild_of_ravens_bluff_adj
d_victorious_blade,d_victorious_blade_adj
d_vigilant_mamluk_society,d_vigilant_mamluk_society_adj
d_visiwa_isles,d_visiwa_isles_adj
d_vypaeryn,d_vypaeryn_adj
d_wailing_coast,d_wailing_coast_adj
d_wanderers_mamluk_society,d_wanderers_mamluk_society_adj
d_wasat,d_wasat_adj
d_waterdeep,d_waterdeep_adj
d_waukeen,d_waukeen_adj
d_web_weavers,d_web_weavers_adj
d_weeping_desert,d_weeping_desert_adj
d_west_amtar,d_west_amtar_adj
d_west_islands,d_west_islands_adj
d_west_taan,d_west_taan_adj
d_western_frontier,d_western_frontier_adj
d_western_high_desert,d_western_high_desert_adj
d_western_reghed,d_western_reghed_adj
d_western_sword,d_western_sword_adj
d_western_turlaghh,d_western_turlaghh_adj
d_westgate,d_westgate_adj
d_westwall,d_westwall_adj
d_westward,d_westward_adj
d_westwoods,d_westwoods_adj
d_white_peaks,d_white_peaks_adj
d_white_worm,d_white_worm_adj
d_wild_coast,d_wild_coast_adj
d_winding_water,d_winding_water_adj
d_windriders,d_windriders_adj
d_windrise,d_windrise_adj
d_winterglen,d_winterglen_adj
d_winterwood,d_winterwood_adj
d_wizards_reach,d_wizards_reach_adj
d_wondrous_mamluk_society,d_wondrous_mamluk_society_adj
d_wood_of_sharp_teeth,d_wood_of_sharp_teeth_adj
d_wraith_of_the_inner_sea,d_wraith_of_the_inner_sea_adj
d_wu_pi_te_shao,d_wu_pi_te_shao_adj
d_wyvern_circle,d_wyvern_circle_adj
d_xanathar,d_xanathar_adj
d_xontish,d_xontish_adj
d_xothaerin,d_xothaerin_adj
d_yaks_horn,d_yaks_horn_adj
d_youthful_mamluk_society,d_youthful_mamluk_society_adj
d_yui,d_yui_adj
d_yuir_reformed,d_yuir_reformed_adj
d_yuirwood,d_yuirwood_adj
d_yuuati,d_yuuati_adj
d_zaharas_krakens,d_zaharas_krakens_adj
d_zehoarastria,d_zehoarastria_adj
d_zilla,d_zilla_adj
e_a_brotherhood,e_a_brotherhood_adj
e_ama,e_ama_adj
e_amn,e_amn_adj
e_anauroch,e_anauroch_adj
e_anok_imaskar,e_anok_imaskar_adj
e_army_of_darkness,e_army_of_darkness_adj
e_black_horde,e_black_horde_adj
e_bloodstone,e_bloodstone_adj
e_brotherhood_of_true_flame,e_brotherhood_of_true_flame_adj
e_calim_empire,e_calim_empire_adj
e_chondath,e_chondath_adj
e_chult,e_chult_adj
e_cormanthor,e_cormanthor_adj
e_crowded_sea,e_crowded_sea_adj
e_deep_shanatar,e_deep_shanatar_adj
e_eastdark,e_eastdark_adj
e_emerald_enclave,e_emerald_enclave_adj
e_evermeet,e_evermeet_adj
e_frozenfar,e_frozenfar_adj
e_golden_lands,e_golden_lands_adj
e_great_sea,e_great_sea_adj
e_high_moor,e_high_moor_adj
e_jerrods_host,e_jerrods_host_adj
e_katakoro,e_katakoro_adj
e_laerakond,e_laerakond_adj
e_lapaliiya,e_lapaliiya_adj
e_melabrauth,e_melabrauth_adj
e_moonshae,e_moonshae_adj
e_moradask,e_moradask_adj
e_mulhorand,e_mulhorand_adj
e_narfell,e_narfell_adj
e_okoth,e_okoth_adj
e_pelvuria,e_pelvuria_adj
e_phalorm,e_phalorm_adj
e_pirates,e_pirates_adj
e_raumathar,e_raumathar_adj
e_rebels,e_rebels_adj
e_segara,e_segara_adj
e_serpentes,e_serpentes_adj
e_shaar,e_shaar_adj
e_shadow_druids,e_shadow_druids_adj
e_shadow_thieves,e_shadow_thieves_adj
e_shao_shan,e_shao_shan_adj
e_shining_sea,e_shining_sea_adj
e_shining_south,e_shining_south_adj
e_shoon,e_shoon_adj
e_shou_lung_west_governor,e_shou_lung_west_governor_adj
e_skelkor,e_skelkor_adj
e_tan_shou_lung,e_tan_shou_lung_adj
e_tethyr,e_tethyr_adj
e_the_darklands,e_the_darklands_adj
e_the_heartlands,e_the_heartlands_adj
e_the_north,e_the_north_adj
e_the_northdark,e_the_northdark_adj
e_undermountain,e_undermountain_adj
e_unther,e_unther_adj
e_utter_north,e_utter_north_adj
e_warlock_knights,e_warlock_knights_adj
e_western_heartlands,e_western_heartlands_adj
e_western_shou_lung,e_western_shou_lung_adj
e_yaimunnahar,e_yaimunnahar_adj
e_yehimal,e_yehimal_adj
e_yikarian_empire,e_yikarian_empire_adj
e_zakhara,e_zakhara_adj
e_zhentarim,e_zhentarim_adj
k_aeraudar,k_aeraudar_adj
k_afyal,k_afyal_adj
k_aglarond,k_aglarond_adj
k_akanul,k_akanul_adj
k_akota,k_akota_adj
k_alaron,k_alaron_adj
k_alatorin,k_alatorin_adj
k_altumbel,k_altumbel_adj
k_ammarindar,k_ammarindar_adj
k_amn,k_amn_adj
k_anchorome,k_anchorome_adj
k_andlath,k_andlath_adj
k_ankhapur,k_ankhapur_adj
k_arakin,k_arakin_adj
k_ardeep,k_ardeep_adj
k_army_of_shadows,k_army_of_shadows_adj
k_arnaden,k_arnaden_adj
k_arundi,k_arundi_adj
k_ashanath,k_ashanath_adj
k_athalantar,k_athalantar_adj
k_bakar,k_bakar_adj
k_baldurs_gate,k_baldurs_gate_adj
k_barakair,k_barakair_adj
k_besilmer,k_besilmer_adj
k_black_altar,k_black_altar_adj
k_blade_kingdoms,k_blade_kingdoms_adj
k_blightlords,k_blightlords_adj
k_border_kingdoms,k_border_kingdoms_adj
k_caerilcarn,k_caerilcarn_adj
k_calimshan,k_calimshan_adj
k_callidyrr,k_callidyrr_adj
k_chessenta,k_chessenta_adj
k_ching_tung,k_ching_tung_adj
k_chondalwood,k_chondalwood_adj
k_chondath,k_chondath_adj
k_chu_yuan,k_chu_yuan_adj
k_chukei,k_chukei_adj
k_chult,k_chult_adj
k_circle_of_leth,k_circle_of_leth_adj
k_circle_of_order,k_circle_of_order_adj
k_cormanthor,k_cormanthor_adj
k_cormyr,k_cormyr_adj
k_corsair_domains,k_corsair_domains_adj
k_court_of_the_three,k_court_of_the_three_adj
k_covenant,k_covenant_adj
k_crowded_sea,k_crowded_sea_adj
k_daemonfey,k_daemonfey_adj
k_daerimathlor,k_daerimathlor_adj
k_daggerford,k_daggerford_adj
k_dalelands,k_dalelands_adj
k_damara,k_damara_adj
k_dambrath,k_dambrath_adj
k_dardath,k_dardath_adj
k_dareth,k_dareth_adj
k_deep_wastes,k_deep_wastes_adj
k_delimbiyr,k_delimbiyr_adj
k_delimbiyran,k_delimbiyran_adj
k_dessarin,k_dessarin_adj
k_doegan,k_doegan_adj
k_dragon_coast,k_dragon_coast_adj
k_durpar,k_durpar_adj
k_dusk_ports,k_dusk_ports_adj
k_earthroot,k_earthroot_adj
k_east_ama,k_east_ama_adj
k_east_taan,k_east_taan_adj
k_eastern_shaar,k_eastern_shaar_adj
k_ebenfar,k_ebenfar_adj
k_elembar,k_elembar_adj
k_eltabranar,k_eltabranar_adj
k_elturgard,k_elturgard_adj
k_eminence_of_araunt,k_eminence_of_araunt_adj
k_erlkazar,k_erlkazar_adj
k_esemelas,k_esemelas_adj
k_eskorn,k_eskorn_adj
k_estagund,k_estagund_adj
k_evereska,k_evereska_adj
k_everhorde,k_everhorde_adj
k_evermeet,k_evermeet_adj
k_fabada,k_fabada_adj
k_fimbrul,k_fimbrul_adj
k_forest_of_mir,k_forest_of_mir_adj
k_forests_of_amtar,k_forests_of_amtar_adj
k_free_cities,k_free_cities_adj
k_frozenfar,k_frozenfar_adj
k_galadorna,k_galadorna_adj
k_gharraghaur,k_gharraghaur_adj
k_giantspires,k_giantspires_adj
k_glimmershore,k_glimmershore_adj
k_gontal,k_gontal_adj
k_grand_caliphate,k_grand_caliphate_adj
k_great_dale,k_great_dale_adj
k_great_wyrm,k_great_wyrm_adj
k_grimmantle,k_grimmantle_adj
k_guge,k_guge_adj
k_gwynneth,k_gwynneth_adj
k_halruaa,k_halruaa_adj
k_haunted_lands,k_haunted_lands_adj
k_high_forest,k_high_forest_adj
k_high_ice,k_high_ice_adj
k_high_imaskar,k_high_imaskar_adj
k_high_moor,k_high_moor_adj
k_hlontar,k_hlontar_adj
k_hlundadim,k_hlundadim_adj
k_hordes_of_dragonspear,k_hordes_of_dragonspear_adj
k_horthgars_horde,k_horthgars_horde_adj
k_howltusk,k_howltusk_adj
k_hunting_horn,k_hunting_horn_adj
k_ice_horde,k_ice_horde_adj
k_icewind_dale,k_icewind_dale_adj
k_illefarn,k_illefarn_adj
k_iltkazar,k_iltkazar_adj
k_impiltur,k_impiltur_adj
k_innarlith,k_innarlith_adj
k_iram,k_iram_adj
k_ironfang_deep,k_ironfang_deep_adj
k_jennestas,k_jennestas_adj
k_kadar,k_kadar_adj
k_kao_shan,k_kao_shan_adj
k_kessells_host,k_kessells_host_adj
k_khazari,k_khazari_adj
k_konigheim,k_konigheim_adj
k_korolnor,k_korolnor_adj
k_labyrinth,k_labyrinth_adj
k_lantan,k_lantan_adj
k_lapaliiya,k_lapaliiya_adj
k_larang,k_larang_adj
k_lopango,k_lopango_adj
k_lotus_throne,k_lotus_throne_adj
k_luiren,k_luiren_adj
k_luskan,k_luskan_adj
k_maelstrom,k_maelstrom_adj
k_mai_yuan,k_mai_yuan_adj
k_many_arrows,k_many_arrows_adj
k_maurmurra,k_maurmurra_adj
k_melabrauth,k_melabrauth_adj
k_melairbode,k_melairbode_adj
k_menzoberranzan,k_menzoberranzan_adj
k_mhair,k_mhair_adj
k_middle_ama,k_middle_ama_adj
k_milvarn,k_milvarn_adj
k_mirabar,k_mirabar_adj
k_mithral_hall,k_mithral_hall_adj
k_moonlands,k_moonlands_adj
k_moonsea,k_moonsea_adj
k_moonshae,k_moonshae_adj
k_moradask,k_moradask_adj
k_muaroghal,k_muaroghal_adj
k_mulhorand,k_mulhorand_adj
k_mulmaster,k_mulmaster_adj
k_mulsparkh,k_mulsparkh_adj
k_muluk,k_muluk_adj
k_murghom,k_murghom_adj
k_najara,k_najara_adj
k_naratyr,k_naratyr_adj
k_narfell,k_narfell_adj
k_nelanther_isles,k_nelanther_isles_adj
k_neverwinter,k_neverwinter_adj
k_nimbral,k_nimbral_adj
k_nogaro,k_nogaro_adj
k_north_taan,k_north_taan_adj
k_northlander_isles,k_northlander_isles_adj
k_oghrann,k_oghrann_adj
k_omnod_kheer,k_omnod_kheer_adj
k_omu,k_omu_adj
k_oryndoll,k_oryndoll_adj
k_paja,k_paja_adj
k_parsanic,k_parsanic_adj
k_pasar,k_pasar_adj
k_pelvuria,k_pelvuria_adj
k_pirate_isles,k_pirate_isles_adj
k_purple_staff,k_purple_staff_adj
k_qudra,k_qudra_adj
k_quoya,k_quoya_adj
k_ra_khati,k_ra_khati_adj
k_rashemen,k_rashemen_adj
k_raurin,k_raurin_adj
k_red_shadow,k_red_shadow_adj
k_red_wizards,k_red_wizards_adj
k_reghed_glacier,k_reghed_glacier_adj
k_relmaur,k_relmaur_adj
k_roldilar,k_roldilar_adj
k_sahu,k_sahu_adj
k_salt_jungle,k_salt_jungle_adj
k_samarach,k_samarach_adj
k_sarifal,k_sarifal_adj
k_sarphil,k_sarphil_adj
k_sauringar,k_sauringar_adj
k_se_sehen,k_se_sehen_adj
k_sembia,k_sembia_adj
k_sempadan,k_sempadan_adj
k_semphar,k_semphar_adj
k_sespech,k_sespech_adj
k_shaareach,k_shaareach_adj
k_shalhoond,k_shalhoond_adj
k_shavinar,k_shavinar_adj
k_shining_plains,k_shining_plains_adj
k_silver_marches,k_silver_marches_adj
k_skelkor,k_skelkor_adj
k_solon,k_solon_adj
k_sossal,k_sossal_adj
k_spine_of_the_world,k_spine_of_the_world_adj
k_sseradess,k_sseradess_adj
k_stornanter,k_stornanter_adj
k_storting,k_storting_adj
k_sunset_vale,k_sunset_vale_adj
k_sword_coast,k_sword_coast_adj
k_sword_lands,k_sword_lands_adj
k_synnoria,k_synnoria_adj
k_taan,k_taan_adj
k_tabot,k_tabot_adj
k_tashalar,k_tashalar_adj
k_tathtar,k_tathtar_adj
k_teshan,k_teshan_adj
k_tethyamar,k_tethyamar_adj
k_tethyr,k_tethyr_adj
k_tharsult,k_tharsult_adj
k_thay,k_thay_adj
k_the_anvil,k_the_anvil_adj
k_the_darklands,k_the_darklands_adj
k_the_heart,k_the_heart_adj
k_the_league,k_the_league_adj
k_the_leewai,k_the_leewai_adj
k_the_lions,k_the_lions_adj
k_the_pearls,k_the_pearls_adj
k_the_rift,k_the_rift_adj
k_the_shaar,k_the_shaar_adj
k_the_stonelands,k_the_stonelands_adj
k_the_swagdar,k_the_swagdar_adj
k_the_sword,k_the_sword_adj
k_the_vast,k_the_vast_adj
k_thentur,k_thentur_adj
k_thesk,k_thesk_adj
k_thindol,k_thindol_adj
k_threskel,k_threskel_adj
k_thultanthar,k_thultanthar_adj
k_tortured_lands,k_tortured_lands_adj
k_turlaghh,k_turlaghh_adj
k_turmish,k_turmish_adj
k_tymanther,k_tymanther_adj
k_ubtao_church,k_ubtao_church_adj
k_ulgarth,k_ulgarth_adj
k_undermountain,k_undermountain_adj
k_unther,k_unther_adj
k_upper_alexatis,k_upper_alexatis_adj
k_uruth_ukrypt,k_uruth_ukrypt_adj
k_uthgars_host,k_uthgars_host_adj
k_uthor,k_uthor_adj
k_uthtower,k_uthtower_adj
k_utter_north,k_utter_north_adj
k_vaasa,k_vaasa_adj
k_valashar,k_valashar_adj
k_var,k_var_adj
k_vastar,k_vastar_adj
k_veldorn,k_veldorn_adj
k_velprin,k_velprin_adj
k_vesperin,k_vesperin_adj
k_vilhon,k_vilhon_adj
k_waterdeep,k_waterdeep_adj
k_wealdath,k_wealdath_adj
k_west_ama,k_west_ama_adj
k_west_taan,k_west_taan_adj
k_windlass,k_windlass_adj
k_windrise_ports,k_windrise_ports_adj
k_xothaerin,k_xothaerin_adj
k_yarlith,k_yarlith_adj
k_yikaria,k_yikaria_adj
k_yui,k_yui_adj
BM_FAERUN_BTS,bm_before_the_storm
BM_FAERUN_BTS_DESC,bm_before_the_storm_desc
ERA_CHAR_NAME_ZHENGYI,bookmark_fae_52101
ERA_CHAR_NAME_TRISTAN,bookmark_fae_50001
ERA_CHAR_NAME_GILGEAM,bookmark_fae_1010
ERA_CHAR_NAME_MOURNGRYM,bookmark_fae_7048
ERA_CHAR_NAME_VELSHAROON,bookmark_fae_61358
ERA_CHAR_NAME_RASHID,bookmark_fae_42019
BM_FAERUN_RONIN_CHALLENGE,bm_ronin_challenge
BM_FAERUN_RONIN_CHALLENGE_DESC,bm_ronin_challenge_desc
ERA_CHAR_NAME_CHOU,bookmark_fae_60001
ERA_CHAR_NAME_NUNG,bookmark_fae_1017
ERA_CHAR_NAME_GOYAT,bookmark_fae_63070
BM_FAERUN_THE_HORDE,bm_the_horde
BM_FAERUN_THE_HORDE_DESC,bm_the_horde_desc
ERA_CHAR_NAME_YAMUN,bookmark_fae_37001
ERA_CHAR_NAME_AZOUN,bookmark_fae_20081
ERA_CHAR_NAME_ALI_AL_MUSTASIB,bookmark_fae_38038
ERA_CHAR_NAME_GARBO,bookmark_fae_39001
ERA_CHAR_NAME_SZASS,bookmark_fae_53001
ERA_CHAR_NAME_HYARMON,bookmark_fae_65201
BM_FAERUN_DRAGONSPEAR_2,bm_dragonspear_2
BM_FAERUN_DRAGONSPEAR_2_DESC,bm_dragonspear_2_desc
ERA_CHAR_NAME_PWYLL,bookmark_fae_9010
ERA_CHAR_NAME_ENTAR,bookmark_fae_2007
ERA_CHAR_NAME_MELANDRACH,bookmark_fae_47408
ERA_CHAR_NAME_BAAZKA,bookmark_fae_111
BM_BHAALSPAWN,bm_bhaalspawn
BM_BHAALSPAWN_DESC,bm_bhaalspawn_desc
ERA_CHAR_NAME_YAGA_SHURA,bookmark_fae_10
ERA_CHAR_NAME_ABAZIGAL,bookmark_fae_6
ERA_CHAR_NAME_BALTHAZAR,bookmark_fae_7
ERA_CHAR_NAME_SENDAI,bookmark_fae_9
ERA_CHAR_NAME_ILLASERA,bookmark_fae_8
ERA_CHAR_NAME_GROMNIR,bookmark_fae_28102
BM_DARK_POWERS_ERA,bm_dark_powers
BM_DARK_POWERS_ERA_DESC,bm_dark_powers_desc
ERA_CHAR_NAME_TELAMONT,bookmark_fae_61026
ERA_CHAR_NAME_FZOUL,bookmark_fae_56006
ERA_CHAR_NAME_AZOUN_V,bookmark_fae_20084
ERA_CHAR_NAME_OBOULD,bookmark_fae_30550
ERA_CHAR_NAME_ALUSTRIEL,bookmark_fae_5001
ERA_CHAR_NAME_TISAN,bookmark_fae_62692
BM_RAGE_OF_DRAGONS,bm_rage_of_dragons
BM_RAGE_OF_DRAGONS_DESC,bm_rage_of_dragons_desc
ERA_CHAR_NAME_LARETH,bookmark_fae_61428
ERA_CHAR_NAME_BUCHEMBRALLOR,bookmark_fae_28533
ERA_CHAR_NAME_GARLOKANTHA,bookmark_fae_28531
ERA_CHAR_NAME_HESTHERA,bookmark_fae_52157
BM_AFTER_THE_RAGE,bm_after_the_rage
BM_AFTER_THE_RAGE_DESC,bm_after_the_rage_desc
ERA_CHAR_NAME_NAERGOTH,bookmark_fae_9530
ERA_CHAR_NAME_AURGLOROASA,bookmark_fae_20683
ERA_CHAR_NAME_KLAUTH,bookmark_fae_131
ERA_CHAR_NAME_TAMARAND,bookmark_fae_52194
ERA_CHAR_NAME_GLAXENHEIM,bookmark_fae_50797
ERA_CHAR_NAME_BELATHELLAR,bookmark_fae_58292
BM_YEAR_OF_BLUE_FIRE,bm_year_of_blue_fire
BM_YEAR_OF_BLUE_FIRE_DESC,bm_year_of_blue_fire_desc
ERA_CHAR_NAME_ZALATHORM,bookmark_fae_64011
ERA_CHAR_NAME_SZASS,bookmark_fae_53001
ERA_CHAR_NAME_DMITRA,bookmark_fae_53002
ERA_CHAR_NAME_HORUSTEP,bookmark_fae_40001
BM_THE_AFTERMATH,bm_the_aftermath
BM_THE_AFTERMATH_DESC,bm_the_aftermath_desc
ERA_CHAR_NAME_SVESS,bookmark_fae_57012
ERA_CHAR_NAME_THYMARA,bookmark_fae_40769
ERA_CHAR_NAME_ILSEVELE,bookmark_fae_45145
BM_DARK_ZAKHARA,bm_dark_zakhara
BM_DARK_ZAKHARA_DESC,bm_dark_zakhara_desc
ERA_NAME_MAKIN,bookmark_fae_62209
ERA_CHAR_NAME_TISAN,bookmark_fae_62692
ERA_NAME_KAZERABET,bookmark_fae_62117
ERA_NAME_OPHIDIA,bookmark_fae_62907
BM_FAERUN_SKYFIRE,bm_skyfire
BM_FAERUN_SKYFIRE_DESC,bm_skyfire_desc
ERA_CHAR_NAME_CALIM,bookmark_fae_42180
ERA_CHAR_NAME_MEMNON,bookmark_fae_42165
ERA_CHAR_NAME_ACHAM,bookmark_fae_42177
ERA_CHAR_NAME_GRAZZT,bookmark_fae_1015
BM_FAERUN_SPELLSCAR,bm_spellscarred
BM_FAERUN_SPELLSCAR_DESC,bm_spellscarred_desc
ERA_CHAR_NAME_TARHUN,bookmark_fae_40771
ERA_CHAR_NAME_ARATHANE,bookmark_fae_49669
ERA_CHAR_NAME_GAUWERVYNDHAL,bookmark_fae_69111
ERA_CHAR_NAME_VOICE,bookmark_fae_52140
ERA_CHAR_NAME_ZISS,bookmark_fae_52387
ERA_CHAR_NAME_USUSI,bookmark_fae_40145
BM_TYRANNY_OF_DRAGONS,bm_tyranny_of_dragons
BM_TYRANNY_OF_DRAGONS_DESC,bm_tyranny_of_dragons_desc
ERA_CHAR_NAME_SEVERIN,bookmark_fae_42269
ERA_CHAR_NAME_IYMRITH,bookmark_fae_61293
ERA_CHAR_NAME_VOARAGHAMANTHAR,bookmark_fae_15135
ERA_CHAR_NAME_AEROSCLUGHPALAR,bookmark_fae_46012
ERA_CHAR_NAME_RALIONATE,bookmark_fae_57049
BM_FAERUN_TORIL_HEALED,bm_toril_healed
BM_FAERUN_TORIL_HEALED_DESC,bm_toril_healed_desc
ERA_CHAR_NAME_DAGULT,bookmark_fae_15122
ERA_CHAR_NAME_THAVIUS,bookmark_fae_9248
ERA_CHAR_NAME_GILGEAM,bookmark_fae_1011
ERA_CHAR_NAME_NSI,bookmark_fae_52803
ERA_CHAR_NAME_SZASS,bookmark_fae_53001
BM_HONOR_AMONG_THIEVES,bm_honor_among_thieves
BM_HONOR_AMONG_THIEVES_DESC,bm_honor_among_thieves_desc
ERA_CHAR_NAME_FORGE,bookmark_fae_74005
ERA_CHAR_NAME_THEMBERCHAUD,bookmark_fae_18150
ERA_CHAR_NAME_DARATHRA,bookmark_fae_41400
ERA_CHAR_NAME_PENELOPE,bookmark_fae_41539
ERA_CHAR_NAME_MERRISARA,bookmark_fae_15112
BM_FAERUN_NEW_ERA,bm_the_new_era
BM_FAERUN_NEW_ERA_DESC,bm_the_new_era_desc
ERA_CHAR_NAME_FORFALLEN,bookmark_fae_50990
ERA_CHAR_NAME_VOLSEMBRA,bookmark_fae_26399
ERA_CHAR_NAME_SONGAL,bookmark_fae_42336
ERA_CHAR_NAME_DUVESSA,bookmark_fae_41284
ERA_CHAR_NAME_YSABEL,bookmark_fae_28341
