ck3_loc_key,ck2_source,ck2_value,note
dynn_fae_1,"common/dynasties name (literal, no CK2 loc key)",Bhaal,new key
dynn_fae_10,"common/dynasties name (literal, no CK2 loc key)",Tarquinson,new key
dynn_fae_100,"common/dynasties name (literal, no CK2 loc key)",Baenre,new key
dynn_fae_1000,"common/dynasties name (literal, no CK2 loc key)",Axe Helm,new key
dynn_fae_10000,"common/dynasties name (literal, no CK2 loc key)",Ou,new key
dynn_fae_10001,"common/dynasties name (literal, no CK2 loc key)",Maluradek,new key
dynn_fae_10002,"common/dynasties name (literal, no CK2 loc key)",Nemrin,new key
dynn_fae_10003,"common/dynasties name (literal, no CK2 loc key)",Thardresk,new key
dynn_fae_10004,"common/dynasties name (literal, no CK2 loc key)",Tanthul,new key
dynn_fae_10005,"common/dynasties name (literal, no CK2 loc key)",Verdek,new key
dynn_fae_10006,"common/dynasties name (literal, no CK2 loc key)",Calatosh,new key
dynn_fae_10007,"common/dynasties name (literal, no CK2 loc key)",Vagh,new key
dynn_fae_10008,"common/dynasties name (literal, no CK2 loc key)",Vierga,new key
dynn_fae_10009,"common/dynasties name (literal, no CK2 loc key)",Korinkathar,new key
dynn_fae_1001,"common/dynasties name (literal, no CK2 loc key)",Battlehammer,new key
dynn_fae_10010,"common/dynasties name (literal, no CK2 loc key)",Hlundadim,new key
dynn_fae_10011,"common/dynasties name (literal, no CK2 loc key)",t'Beeshtok,new key
dynn_fae_10012,"common/dynasties name (literal, no CK2 loc key)",t'Uthor,new key
dynn_fae_10013,"common/dynasties name (literal, no CK2 loc key)",t'Durge,new key
dynn_fae_10014,"common/dynasties name (literal, no CK2 loc key)",t'Vurg,new key
dynn_fae_10015,"common/dynasties name (literal, no CK2 loc key)",t'Nebog,new key
dynn_fae_10016,"common/dynasties name (literal, no CK2 loc key)",t'Murk,new key
dynn_fae_10017,"common/dynasties name (literal, no CK2 loc key)",of Dekanter,new key
dynn_fae_10018,"common/dynasties name (literal, no CK2 loc key)",Hreghar,new key
dynn_fae_10019,"common/dynasties name (literal, no CK2 loc key)",Jenoiak,new key
dynn_fae_1002,"common/dynasties name (literal, no CK2 loc key)",Pwent,new key
dynn_fae_10020,"common/dynasties name (literal, no CK2 loc key)",Rottar,new key
dynn_fae_10021,"common/dynasties name (literal, no CK2 loc key)",Mievarian,new key
dynn_fae_10022,"common/dynasties name (literal, no CK2 loc key)",Shadowsworn,new key
dynn_fae_10023,"common/dynasties name (literal, no CK2 loc key)",Tanthul,new key
dynn_fae_10024,"common/dynasties name (literal, no CK2 loc key)",Satami,new key
dynn_fae_10025,"common/dynasties name (literal, no CK2 loc key)",Waileen,new key
dynn_fae_10026,"common/dynasties name (literal, no CK2 loc key)",Eldathyn,new key
dynn_fae_10027,"common/dynasties name (literal, no CK2 loc key)",Ondathan,new key
dynn_fae_10028,"common/dynasties name (literal, no CK2 loc key)",Tarek-Passar,new key
dynn_fae_10029,"common/dynasties name (literal, no CK2 loc key)",Peaceful,new key
dynn_fae_1003,"common/dynasties name (literal, no CK2 loc key)",Ironfist,new key
dynn_fae_10030,"common/dynasties name (literal, no CK2 loc key)",Stillwater,new key
dynn_fae_10031,"common/dynasties name (literal, no CK2 loc key)",Greenlady,new key
dynn_fae_10032,"common/dynasties name (literal, no CK2 loc key)",Barleyhand,new key
dynn_fae_10033,"common/dynasties name (literal, no CK2 loc key)",Messor,new key
dynn_fae_1004,"common/dynasties name (literal, no CK2 loc key)",Redrune,new key
dynn_fae_1005,"common/dynasties name (literal, no CK2 loc key)",Hammerlode,new key
dynn_fae_1006,"common/dynasties name (literal, no CK2 loc key)",Oneshield,new key
dynn_fae_1007,"common/dynasties name (literal, no CK2 loc key)",Stonehammer,new key
dynn_fae_1008,"common/dynasties name (literal, no CK2 loc key)",Simmerforge,new key
dynn_fae_1009,"common/dynasties name (literal, no CK2 loc key)",Stoutbeard,new key
dynn_fae_101,"common/dynasties name (literal, no CK2 loc key)",Barrison Del'Armgo,new key
dynn_fae_1010,"common/dynasties name (literal, no CK2 loc key)",Bladebeard,new key
dynn_fae_1011,"common/dynasties name (literal, no CK2 loc key)",Blackpick,new key
dynn_fae_1012,"common/dynasties name (literal, no CK2 loc key)",Gleamore,new key
dynn_fae_1013,"common/dynasties name (literal, no CK2 loc key)",Flamesteel,new key
dynn_fae_1014,"common/dynasties name (literal, no CK2 loc key)",Oathstone,new key
dynn_fae_1015,"common/dynasties name (literal, no CK2 loc key)",Highaxe,new key
dynn_fae_1016,"common/dynasties name (literal, no CK2 loc key)",Deephammer,new key
dynn_fae_1017,"common/dynasties name (literal, no CK2 loc key)",Ridgehorn,new key
dynn_fae_1018,"common/dynasties name (literal, no CK2 loc key)",Bravevein,new key
dynn_fae_1019,"common/dynasties name (literal, no CK2 loc key)",Boldrock,new key
dynn_fae_102,"common/dynasties name (literal, no CK2 loc key)",Faen Tlabbar,new key
dynn_fae_1020,"common/dynasties name (literal, no CK2 loc key)",Goldheart,new key
dynn_fae_1021,"common/dynasties name (literal, no CK2 loc key)",Honorhall,new key
dynn_fae_1022,"common/dynasties name (literal, no CK2 loc key)",Gemsocket,new key
dynn_fae_1023,"common/dynasties name (literal, no CK2 loc key)",Boatmurder,new key
dynn_fae_1024,"common/dynasties name (literal, no CK2 loc key)",Battlewake,new key
dynn_fae_1025,"common/dynasties name (literal, no CK2 loc key)",Stonehall,new key
dynn_fae_1026,"common/dynasties name (literal, no CK2 loc key)",Warcrown,new key
dynn_fae_1027,"common/dynasties name (literal, no CK2 loc key)",Adbar,new key
dynn_fae_1028,"common/dynasties name (literal, no CK2 loc key)",Bladebite,new key
dynn_fae_1029,"common/dynasties name (literal, no CK2 loc key)",Crownshield,new key
dynn_fae_103,"common/dynasties name (literal, no CK2 loc key)",Xorlarrin,new key
dynn_fae_1030,"common/dynasties name (literal, no CK2 loc key)",Gordrivver,new key
dynn_fae_1031,"common/dynasties name (literal, no CK2 loc key)",Horn,new key
dynn_fae_1032,"common/dynasties name (literal, no CK2 loc key)",Skulldark,new key
dynn_fae_1033,"common/dynasties name (literal, no CK2 loc key)",Stoneshield,new key
dynn_fae_1034,"common/dynasties name (literal, no CK2 loc key)",Silverstream,new key
dynn_fae_1035,"common/dynasties name (literal, no CK2 loc key)",Durthane,new key
dynn_fae_1036,"common/dynasties name (literal, no CK2 loc key)",Forgehammer,new key
dynn_fae_1037,"common/dynasties name (literal, no CK2 loc key)",Ironspur,new key
dynn_fae_1038,"common/dynasties name (literal, no CK2 loc key)",Arnskull,new key
dynn_fae_1039,"common/dynasties name (literal, no CK2 loc key)",Blackbanner,new key
dynn_fae_104,"common/dynasties name (literal, no CK2 loc key)",Mizzrym,new key
dynn_fae_1040,"common/dynasties name (literal, no CK2 loc key)",Blackhammer,new key
dynn_fae_1041,"common/dynasties name (literal, no CK2 loc key)",Bucklebar,new key
dynn_fae_1042,"common/dynasties name (literal, no CK2 loc key)",Darkfell,new key
dynn_fae_1043,"common/dynasties name (literal, no CK2 loc key)",Deepaxe,new key
dynn_fae_1044,"common/dynasties name (literal, no CK2 loc key)",Deepdelve,new key
dynn_fae_1045,"common/dynasties name (literal, no CK2 loc key)",Eaglecleft,new key
dynn_fae_1046,"common/dynasties name (literal, no CK2 loc key)",Foehammer,new key
dynn_fae_1047,"common/dynasties name (literal, no CK2 loc key)",Gallowglar,new key
dynn_fae_1048,"common/dynasties name (literal, no CK2 loc key)",Hillsafar,new key
dynn_fae_1049,"common/dynasties name (literal, no CK2 loc key)",Jundeth,new key
dynn_fae_105,"common/dynasties name (literal, no CK2 loc key)",Fey-Branche,new key
dynn_fae_1050,"common/dynasties name (literal, no CK2 loc key)",Narlagh,new key
dynn_fae_1051,"common/dynasties name (literal, no CK2 loc key)",Orothiar,new key
dynn_fae_1052,"common/dynasties name (literal, no CK2 loc key)",Quarrymaster,new key
dynn_fae_1053,"common/dynasties name (literal, no CK2 loc key)",Rockfist,new key
dynn_fae_1054,"common/dynasties name (literal, no CK2 loc key)",Stoneshoulder,new key
dynn_fae_1055,"common/dynasties name (literal, no CK2 loc key)",Trueforger,new key
dynn_fae_1056,"common/dynasties name (literal, no CK2 loc key)",Watchever,new key
dynn_fae_1057,"common/dynasties name (literal, no CK2 loc key)",Worldthrone,new key
dynn_fae_1058,"common/dynasties name (literal, no CK2 loc key)",Wyrmslayer,new key
dynn_fae_1059,"common/dynasties name (literal, no CK2 loc key)",Yund,new key
dynn_fae_106,"common/dynasties name (literal, no CK2 loc key)",Melarn,new key
dynn_fae_1060,"common/dynasties name (literal, no CK2 loc key)",Belindorn,new key
dynn_fae_1061,"common/dynasties name (literal, no CK2 loc key)",Breakadder,new key
dynn_fae_1062,"common/dynasties name (literal, no CK2 loc key)",Gemscepter,new key
dynn_fae_1063,"common/dynasties name (literal, no CK2 loc key)",Ghalkin,new key
dynn_fae_1064,"common/dynasties name (literal, no CK2 loc key)",Goldthumb,new key
dynn_fae_1065,"common/dynasties name (literal, no CK2 loc key)",Malthin,new key
dynn_fae_1066,"common/dynasties name (literal, no CK2 loc key)",Mastemyr,new key
dynn_fae_1067,"common/dynasties name (literal, no CK2 loc key)",Sorndar,new key
dynn_fae_1068,"common/dynasties name (literal, no CK2 loc key)",Talnoth,new key
dynn_fae_1069,"common/dynasties name (literal, no CK2 loc key)",Undurr,new key
dynn_fae_107,"common/dynasties name (literal, no CK2 loc key)",Duskryn,new key
dynn_fae_1070,"common/dynasties name (literal, no CK2 loc key)",Velm,new key
dynn_fae_1071,"common/dynasties name (literal, no CK2 loc key)",Zord,new key
dynn_fae_1072,"common/dynasties name (literal, no CK2 loc key)",Frostbeard,new key
dynn_fae_1073,"common/dynasties name (literal, no CK2 loc key)",Forkbeard,new key
dynn_fae_1074,"common/dynasties name (literal, no CK2 loc key)",Arlspar,new key
dynn_fae_1075,"common/dynasties name (literal, no CK2 loc key)",Dragonsteel,new key
dynn_fae_1076,"common/dynasties name (literal, no CK2 loc key)",Honedaxe,new key
dynn_fae_1077,"common/dynasties name (literal, no CK2 loc key)",Ironaxe,new key
dynn_fae_1078,"common/dynasties name (literal, no CK2 loc key)",Ironstar,new key
dynn_fae_1079,"common/dynasties name (literal, no CK2 loc key)",Earthfast,new key
dynn_fae_108,"common/dynasties name (literal, no CK2 loc key)",Do'urden,new key
dynn_fae_1080,"common/dynasties name (literal, no CK2 loc key)",Jorgdaul,new key
dynn_fae_1081,"common/dynasties name (literal, no CK2 loc key)",Haungh,new key
dynn_fae_1082,"common/dynasties name (literal, no CK2 loc key)",Bloodaxe,new key
dynn_fae_1083,"common/dynasties name (literal, no CK2 loc key)",Swiftsword,new key
dynn_fae_1084,"common/dynasties name (literal, no CK2 loc key)",Rockshield,new key
dynn_fae_1085,"common/dynasties name (literal, no CK2 loc key)",Bramblebeard,new key
dynn_fae_1086,"common/dynasties name (literal, no CK2 loc key)",Silverhammer,new key
dynn_fae_1087,"common/dynasties name (literal, no CK2 loc key)",Forgebellow,new key
dynn_fae_1088,"common/dynasties name (literal, no CK2 loc key)",Steelshield,new key
dynn_fae_1089,"common/dynasties name (literal, no CK2 loc key)",Dragonspear,new key
dynn_fae_1090,"common/dynasties name (literal, no CK2 loc key)",Grimsever,new key
dynn_fae_1091,"common/dynasties name (literal, no CK2 loc key)",Trollkiller,new key
dynn_fae_1092,"common/dynasties name (literal, no CK2 loc key)",Goreksson,new key
dynn_fae_1093,"common/dynasties name (literal, no CK2 loc key)",Melairkyn,new key
dynn_fae_1094,"common/dynasties name (literal, no CK2 loc key)",Echoforge,new key
dynn_fae_1095,"common/dynasties name (literal, no CK2 loc key)",Strongarms,new key
dynn_fae_1096,"common/dynasties name (literal, no CK2 loc key)",of Hrakhamar,new key
dynn_fae_1097,"common/dynasties name (literal, no CK2 loc key)",Brushforge,new key
dynn_fae_1098,"common/dynasties name (literal, no CK2 loc key)",Earthstone,new key
dynn_fae_1099,"common/dynasties name (literal, no CK2 loc key)",Fireheart,new key
dynn_fae_109_x,"common/dynasties name (literal, no CK2 loc key)",Agrach Dyrr,new key
dynn_fae_11,"common/dynasties name (literal, no CK2 loc key)",Inkyriud,new key
dynn_fae_110,"common/dynasties name (literal, no CK2 loc key)",Shobalar,new key
dynn_fae_1100,"common/dynasties name (literal, no CK2 loc key)",Earthforge,new key
dynn_fae_1101,"common/dynasties name (literal, no CK2 loc key)",Leafbeard,new key
dynn_fae_1102,"common/dynasties name (literal, no CK2 loc key)",Brambleforge,new key
dynn_fae_1103,"common/dynasties name (literal, no CK2 loc key)",Bramblestone,new key
dynn_fae_1104,"common/dynasties name (literal, no CK2 loc key)",Brambleheart,new key
dynn_fae_1105,"common/dynasties name (literal, no CK2 loc key)",Leafheart,new key
dynn_fae_1106,"common/dynasties name (literal, no CK2 loc key)",Leafforge,new key
dynn_fae_1107,"common/dynasties name (literal, no CK2 loc key)",Earthheart,new key
dynn_fae_1108,"common/dynasties name (literal, no CK2 loc key)",Bugbeard,new key
dynn_fae_1109,"common/dynasties name (literal, no CK2 loc key)",Bugforge,new key
dynn_fae_111,"common/dynasties name (literal, no CK2 loc key)",Horlbar,new key
dynn_fae_1110,"common/dynasties name (literal, no CK2 loc key)",Bugstone,new key
dynn_fae_1111,"common/dynasties name (literal, no CK2 loc key)",Bugheart,new key
dynn_fae_1112,"common/dynasties name (literal, no CK2 loc key)",Stoneforge,new key
dynn_fae_1113,"common/dynasties name (literal, no CK2 loc key)",Stoneheart,new key
dynn_fae_1114,"common/dynasties name (literal, no CK2 loc key)",Stonebeard,new key
dynn_fae_1115,"common/dynasties name (literal, no CK2 loc key)",Drumbeard,new key
dynn_fae_1116,"common/dynasties name (literal, no CK2 loc key)",Heartdrum,new key
dynn_fae_1117,"common/dynasties name (literal, no CK2 loc key)",Stonedrum,new key
dynn_fae_1118,"common/dynasties name (literal, no CK2 loc key)",Bugdrum,new key
dynn_fae_1119,"common/dynasties name (literal, no CK2 loc key)",Firedrum,new key
dynn_fae_112,"common/dynasties name (literal, no CK2 loc key)",De'vir,new key
dynn_fae_1120,"common/dynasties name (literal, no CK2 loc key)",Catbeard,new key
dynn_fae_1121,"common/dynasties name (literal, no CK2 loc key)",Catheart,new key
dynn_fae_1122,"common/dynasties name (literal, no CK2 loc key)",Forgecat,new key
dynn_fae_1123,"common/dynasties name (literal, no CK2 loc key)",Bonecat,new key
dynn_fae_1124,"common/dynasties name (literal, no CK2 loc key)",Boneforge,new key
dynn_fae_1125,"common/dynasties name (literal, no CK2 loc key)",Bonebeard,new key
dynn_fae_1126,"common/dynasties name (literal, no CK2 loc key)",Bonedrum,new key
dynn_fae_1127,"common/dynasties name (literal, no CK2 loc key)",Steelshadow,new key
dynn_fae_1128,"common/dynasties name (literal, no CK2 loc key)",Blackiron,new key
dynn_fae_1129,"common/dynasties name (literal, no CK2 loc key)",Blackskull,new key
dynn_fae_113,"common/dynasties name (literal, no CK2 loc key)",Tuin'Tarl,new key
dynn_fae_1130,"common/dynasties name (literal, no CK2 loc key)",Bukbukken,new key
dynn_fae_1131,"common/dynasties name (literal, no CK2 loc key)",Coalhewer,new key
dynn_fae_1132,"common/dynasties name (literal, no CK2 loc key)",Duerna,new key
dynn_fae_1133,"common/dynasties name (literal, no CK2 loc key)",Firehammer,new key
dynn_fae_1134,"common/dynasties name (literal, no CK2 loc key)",Flagonfist,new key
dynn_fae_1135,"common/dynasties name (literal, no CK2 loc key)",Garshorn,new key
dynn_fae_1136,"common/dynasties name (literal, no CK2 loc key)",Bahrdlogh,new key
dynn_fae_1137,"common/dynasties name (literal, no CK2 loc key)",Gloomstorm,new key
dynn_fae_1138,"common/dynasties name (literal, no CK2 loc key)",Gravelthumb,new key
dynn_fae_1139,"common/dynasties name (literal, no CK2 loc key)",Henstak,new key
dynn_fae_114,"common/dynasties name (literal, no CK2 loc key)",Srune'lett,new key
dynn_fae_1140,"common/dynasties name (literal, no CK2 loc key)",Hilldark,new key
dynn_fae_1141,"common/dynasties name (literal, no CK2 loc key)",Ironvice,new key
dynn_fae_1142,"common/dynasties name (literal, no CK2 loc key)",Muzgardt,new key
dynn_fae_1143,"common/dynasties name (literal, no CK2 loc key)",Redspur,new key
dynn_fae_1144,"common/dynasties name (literal, no CK2 loc key)",Ridauguar,new key
dynn_fae_1145,"common/dynasties name (literal, no CK2 loc key)",Saltbaron,new key
dynn_fae_1146,"common/dynasties name (literal, no CK2 loc key)",Skargettian,new key
dynn_fae_1147,"common/dynasties name (literal, no CK2 loc key)",Szolt,new key
dynn_fae_1148,"common/dynasties name (literal, no CK2 loc key)",Szort,new key
dynn_fae_1149,"common/dynasties name (literal, no CK2 loc key)",Mordin,new key
dynn_fae_115,"common/dynasties name (literal, no CK2 loc key)",Vendree,new key
dynn_fae_1150,"common/dynasties name (literal, no CK2 loc key)",Xornbane,new key
dynn_fae_1151,"common/dynasties name (literal, no CK2 loc key)",Xundorn,new key
dynn_fae_1152,"common/dynasties name (literal, no CK2 loc key)",Inzibat,new key
dynn_fae_1153,"common/dynasties name (literal, no CK2 loc key)",Frostaxe,new key
dynn_fae_1154,"common/dynasties name (literal, no CK2 loc key)",o' th' Rift,new key
dynn_fae_1155,"common/dynasties name (literal, no CK2 loc key)",Blood of Placidor,new key
dynn_fae_1156,"common/dynasties name (literal, no CK2 loc key)",Ghalmrin,new key
dynn_fae_1157,"common/dynasties name (literal, no CK2 loc key)",Farhaven,new key
dynn_fae_1158,"common/dynasties name (literal, no CK2 loc key)",Clovis,new key
dynn_fae_1159,"common/dynasties name (literal, no CK2 loc key)",Talbot,new key
dynn_fae_116,"common/dynasties name (literal, no CK2 loc key)",Druu'gir,new key
dynn_fae_1160,"common/dynasties name (literal, no CK2 loc key)",Rajii,new key
dynn_fae_1161,"common/dynasties name (literal, no CK2 loc key)",Grimcleft,new key
dynn_fae_1162,"common/dynasties name (literal, no CK2 loc key)",Bridgeworth,new key
dynn_fae_1163,"common/dynasties name (literal, no CK2 loc key)",Rathil,new key
dynn_fae_1164,"common/dynasties name (literal, no CK2 loc key)",Kelborn,new key
dynn_fae_1165,"common/dynasties name (literal, no CK2 loc key)",Oland,new key
dynn_fae_1166,"common/dynasties name (literal, no CK2 loc key)",Storm Brow,new key
dynn_fae_1167,"common/dynasties name (literal, no CK2 loc key)",Coldember,new key
dynn_fae_1168,"common/dynasties name (literal, no CK2 loc key)",Basu,new key
dynn_fae_1169,"common/dynasties name (literal, no CK2 loc key)",Dutta,new key
dynn_fae_117,"common/dynasties name (literal, no CK2 loc key)",Symrywin,new key
dynn_fae_1170,"common/dynasties name (literal, no CK2 loc key)",Sadhu,new key
dynn_fae_1171,"common/dynasties name (literal, no CK2 loc key)",Rimethane,new key
dynn_fae_1172,"common/dynasties name (literal, no CK2 loc key)",al-Zani,new key
dynn_fae_1173,"common/dynasties name (literal, no CK2 loc key)",yn Seltos,new key
dynn_fae_1174,"common/dynasties name (literal, no CK2 loc key)",Ikit,new key
dynn_fae_1175,"common/dynasties name (literal, no CK2 loc key)",Frozenfar,new key
dynn_fae_1176,"common/dynasties name (literal, no CK2 loc key)",Icepeak,new key
dynn_fae_1177,"common/dynasties name (literal, no CK2 loc key)",Coldrun,new key
dynn_fae_1178,"common/dynasties name (literal, no CK2 loc key)",Icewind,new key
dynn_fae_1179,"common/dynasties name (literal, no CK2 loc key)",Irontrail,new key
dynn_fae_118,"common/dynasties name (literal, no CK2 loc key)",Oblodra,new key
dynn_fae_1180,"common/dynasties name (literal, no CK2 loc key)",Cragcat,new key
dynn_fae_1181,"common/dynasties name (literal, no CK2 loc key)",Whitewhale,new key
dynn_fae_1182,"common/dynasties name (literal, no CK2 loc key)",Northmeans,new key
dynn_fae_1183,"common/dynasties name (literal, no CK2 loc key)",Redwater,new key
dynn_fae_1184,"common/dynasties name (literal, no CK2 loc key)",Floatingland,new key
dynn_fae_1185,"common/dynasties name (literal, no CK2 loc key)",Blackice,new key
dynn_fae_1186,"common/dynasties name (literal, no CK2 loc key)",Icetroll,new key
dynn_fae_1187,"common/dynasties name (literal, no CK2 loc key)",Winterfloe,new key
dynn_fae_1188,"common/dynasties name (literal, no CK2 loc key)",Undertow,new key
dynn_fae_1189,"common/dynasties name (literal, no CK2 loc key)",Shipsighter,new key
dynn_fae_119,"common/dynasties name (literal, no CK2 loc key)",Kenafin,new key
dynn_fae_1190,"common/dynasties name (literal, no CK2 loc key)",Sledtrue,new key
dynn_fae_1191,"common/dynasties name (literal, no CK2 loc key)",Icewolf,new key
dynn_fae_1192,"common/dynasties name (literal, no CK2 loc key)",Igelnakirsos,new key
dynn_fae_1193,"common/dynasties name (literal, no CK2 loc key)",Mokinuk,new key
dynn_fae_1194,"common/dynasties name (literal, no CK2 loc key)",Alutogak,new key
dynn_fae_1195,"common/dynasties name (literal, no CK2 loc key)",Gaakali,new key
dynn_fae_1196,"common/dynasties name (literal, no CK2 loc key)",Maruii,new key
dynn_fae_1197,"common/dynasties name (literal, no CK2 loc key)",Nukoliru,new key
dynn_fae_1198,"common/dynasties name (literal, no CK2 loc key)",Glacierborn,new key
dynn_fae_1199,"common/dynasties name (literal, no CK2 loc key)",Nakulit,new key
dynn_fae_12,"common/dynasties name (literal, no CK2 loc key)",Orbrekh,new key
dynn_fae_120,"common/dynasties name (literal, no CK2 loc key)",Hun'ett,new key
dynn_fae_1200,"common/dynasties name (literal, no CK2 loc key)",Bergschrund,new key
dynn_fae_12001,"common/dynasties name (literal, no CK2 loc key)",Rupta,new key
dynn_fae_12002,"common/dynasties name (literal, no CK2 loc key)",Mavaleen,new key
dynn_fae_12003,"common/dynasties name (literal, no CK2 loc key)",Seltarir,new key
dynn_fae_12004,"common/dynasties name (literal, no CK2 loc key)",Podo,new key
dynn_fae_12005,"common/dynasties name (literal, no CK2 loc key)",Meedo,new key
dynn_fae_12006,"common/dynasties name (literal, no CK2 loc key)",Bamanil,new key
dynn_fae_12007,"common/dynasties name (literal, no CK2 loc key)",Kashtri,new key
dynn_fae_12008,"common/dynasties name (literal, no CK2 loc key)",Lakshi,new key
dynn_fae_12009,"common/dynasties name (literal, no CK2 loc key)",Nim,new key
dynn_fae_1201,"common/dynasties name (literal, no CK2 loc key)",Corrie,new key
dynn_fae_12010,"common/dynasties name (literal, no CK2 loc key)",Sarval,new key
dynn_fae_12011,"common/dynasties name (literal, no CK2 loc key)",Varaput,new key
dynn_fae_12012,"common/dynasties name (literal, no CK2 loc key)",Unva,new key
dynn_fae_12013,"common/dynasties name (literal, no CK2 loc key)",Dathia,new key
dynn_fae_12014,"common/dynasties name (literal, no CK2 loc key)",Ikvala,new key
dynn_fae_12015,"common/dynasties name (literal, no CK2 loc key)",Stanni,new key
dynn_fae_12016,"common/dynasties name (literal, no CK2 loc key)",Kalimar,new key
dynn_fae_12017,"common/dynasties name (literal, no CK2 loc key)",Dupretiskava,new key
dynn_fae_12018,"common/dynasties name (literal, no CK2 loc key)",Uilyyar,new key
dynn_fae_12019,"common/dynasties name (literal, no CK2 loc key)",Fakim,new key
dynn_fae_1202,"common/dynasties name (literal, no CK2 loc key)",Talus,new key
dynn_fae_12020,"common/dynasties name (literal, no CK2 loc key)",Sholapur,new key
dynn_fae_12021,"common/dynasties name (literal, no CK2 loc key)",Panba,new key
dynn_fae_12022,"common/dynasties name (literal, no CK2 loc key)",Karbat,new key
dynn_fae_12023,"common/dynasties name (literal, no CK2 loc key)",Gwann,new key
dynn_fae_12024,"common/dynasties name (literal, no CK2 loc key)",Priyyandu,new key
dynn_fae_12025,"common/dynasties name (literal, no CK2 loc key)",Jeradea,new key
dynn_fae_12026,"common/dynasties name (literal, no CK2 loc key)",Gemstone,new key
dynn_fae_12027,"common/dynasties name (literal, no CK2 loc key)",Firmstand,new key
dynn_fae_12028,"common/dynasties name (literal, no CK2 loc key)",Turamir,new key
dynn_fae_12029,"common/dynasties name (literal, no CK2 loc key)",Bluemantle,new key
dynn_fae_1203,"common/dynasties name (literal, no CK2 loc key)",Serac,new key
dynn_fae_12030,"common/dynasties name (literal, no CK2 loc key)",Olwynson,new key
dynn_fae_12031,"common/dynasties name (literal, no CK2 loc key)",Kaspar,new key
dynn_fae_12032,"common/dynasties name (literal, no CK2 loc key)",Herokimal,new key
dynn_fae_12033,"common/dynasties name (literal, no CK2 loc key)",Rascalin,new key
dynn_fae_12034,"common/dynasties name (literal, no CK2 loc key)",Hagji,new key
dynn_fae_12035,"common/dynasties name (literal, no CK2 loc key)",Devayam,new key
dynn_fae_12036,"common/dynasties name (literal, no CK2 loc key)",Bloodhorn,new key
dynn_fae_12037,"common/dynasties name (literal, no CK2 loc key)",Blackcloak,new key
dynn_fae_12038,"common/dynasties name (literal, no CK2 loc key)",Mahanesh,new key
dynn_fae_12039,"common/dynasties name (literal, no CK2 loc key)",Braer,new key
dynn_fae_1204,"common/dynasties name (literal, no CK2 loc key)",Drumlin,new key
dynn_fae_12040,"common/dynasties name (literal, no CK2 loc key)",Mandhana Ghatori,new key
dynn_fae_12041,"common/dynasties name (literal, no CK2 loc key)",Yardhambar Seltarir,new key
dynn_fae_12042,"common/dynasties name (literal, no CK2 loc key)",Jhajharia,new key
dynn_fae_12043,"common/dynasties name (literal, no CK2 loc key)",Marguerin,new key
dynn_fae_12044,"common/dynasties name (literal, no CK2 loc key)",Wyndrey,new key
dynn_fae_12045,"common/dynasties name (literal, no CK2 loc key)",Jalmaes,new key
dynn_fae_12046,"common/dynasties name (literal, no CK2 loc key)",of Sessrendale,new key
dynn_fae_12047,"common/dynasties name (literal, no CK2 loc key)",Longstrider,new key
dynn_fae_12048,"common/dynasties name (literal, no CK2 loc key)",Vantassian,new key
dynn_fae_12049,"common/dynasties name (literal, no CK2 loc key)",Pixieblood,new key
dynn_fae_1205,"common/dynasties name (literal, no CK2 loc key)",Veiki,new key
dynn_fae_12050,"common/dynasties name (literal, no CK2 loc key)",Shadowthrone,new key
dynn_fae_12051,"common/dynasties name (literal, no CK2 loc key)",Embrasus,new key
dynn_fae_12052,"common/dynasties name (literal, no CK2 loc key)",Fevoros,new key
dynn_fae_12053,"common/dynasties name (literal, no CK2 loc key)",Ulphor,new key
dynn_fae_12054,"common/dynasties name (literal, no CK2 loc key)",Qo,new key
dynn_fae_12055,"common/dynasties name (literal, no CK2 loc key)",Kolamilope,new key
dynn_fae_12056,"common/dynasties name (literal, no CK2 loc key)",Adebowalan,new key
dynn_fae_12057,"common/dynasties name (literal, no CK2 loc key)",Mo'oshalew,new key
dynn_fae_12058,"common/dynasties name (literal, no CK2 loc key)",Olengode,new key
dynn_fae_12059,"common/dynasties name (literal, no CK2 loc key)",Seltrarir,new key
dynn_fae_1206,"common/dynasties name (literal, no CK2 loc key)",Sevetti,new key
dynn_fae_12060,"common/dynasties name (literal, no CK2 loc key)",Furaha,new key
dynn_fae_12061,"common/dynasties name (literal, no CK2 loc key)",Jelani,new key
dynn_fae_12062,"common/dynasties name (literal, no CK2 loc key)",Baharia,new key
dynn_fae_12063,"common/dynasties name (literal, no CK2 loc key)",Fuli,new key
dynn_fae_12064,"common/dynasties name (literal, no CK2 loc key)",Faraji,new key
dynn_fae_12065,"common/dynasties name (literal, no CK2 loc key)",Muchumba,new key
dynn_fae_12066,"common/dynasties name (literal, no CK2 loc key)",Zuri,new key
dynn_fae_12067,"common/dynasties name (literal, no CK2 loc key)",Zubira,new key
dynn_fae_12068,"common/dynasties name (literal, no CK2 loc key)",Omari,new key
dynn_fae_12069,"common/dynasties name (literal, no CK2 loc key)",Sembabule,new key
dynn_fae_1207,"common/dynasties name (literal, no CK2 loc key)",Pulju,new key
dynn_fae_12070,"common/dynasties name (literal, no CK2 loc key)",Lugabi,new key
dynn_fae_12071,"common/dynasties name (literal, no CK2 loc key)",Akkala,new key
dynn_fae_1208,"common/dynasties name (literal, no CK2 loc key)",Rogen,new key
dynn_fae_1209,"common/dynasties name (literal, no CK2 loc key)",Esker,new key
dynn_fae_121,"common/dynasties name (literal, no CK2 loc key)",Mizz'rynturl,new key
dynn_fae_1210,"common/dynasties name (literal, no CK2 loc key)",Aufeis,new key
dynn_fae_12100,"common/dynasties name (literal, no CK2 loc key)",Kong,new key
dynn_fae_12101,"common/dynasties name (literal, no CK2 loc key)",K'ung,new key
dynn_fae_12102,"common/dynasties name (literal, no CK2 loc key)",Xiang,new key
dynn_fae_12103,"common/dynasties name (literal, no CK2 loc key)",Hsiang,new key
dynn_fae_12104,"common/dynasties name (literal, no CK2 loc key)",Kang,new key
dynn_fae_12105,"common/dynasties name (literal, no CK2 loc key)",Yi,new key
dynn_fae_12106,"common/dynasties name (literal, no CK2 loc key)",I,new key
dynn_fae_12107,"common/dynasties name (literal, no CK2 loc key)",Qiao,new key
dynn_fae_12108,"common/dynasties name (literal, no CK2 loc key)",Ch'iao,new key
dynn_fae_12109,"common/dynasties name (literal, no CK2 loc key)",Lai,new key
dynn_fae_1211,"common/dynasties name (literal, no CK2 loc key)",Habub,new key
dynn_fae_12110,"common/dynasties name (literal, no CK2 loc key)",Wen,new key
dynn_fae_12111,"common/dynasties name (literal, no CK2 loc key)",Hong,new key
dynn_fae_12112,"common/dynasties name (literal, no CK2 loc key)",Hung,new key
dynn_fae_12113,"common/dynasties name (literal, no CK2 loc key)",Xin,new key
dynn_fae_12114,"common/dynasties name (literal, no CK2 loc key)",Hsin,new key
dynn_fae_12115,"common/dynasties name (literal, no CK2 loc key)",Ke,new key
dynn_fae_12116,"common/dynasties name (literal, no CK2 loc key)",K'o,new key
dynn_fae_12117,"common/dynasties name (literal, no CK2 loc key)",Zhuang,new key
dynn_fae_12118,"common/dynasties name (literal, no CK2 loc key)",Chuang,new key
dynn_fae_1212,"common/dynasties name (literal, no CK2 loc key)",Khamsin,new key
dynn_fae_1213,"common/dynasties name (literal, no CK2 loc key)",Aajej,new key
dynn_fae_1214,"common/dynasties name (literal, no CK2 loc key)",Ghibli,new key
dynn_fae_1215_x,"common/dynasties name (literal, no CK2 loc key)",Harmattan,new key
dynn_fae_1216,"common/dynasties name (literal, no CK2 loc key)",Sharqi,new key
dynn_fae_1217,"common/dynasties name (literal, no CK2 loc key)",Simoom,new key
dynn_fae_1218,"common/dynasties name (literal, no CK2 loc key)",Shamal,new key
dynn_fae_1219,"common/dynasties name (literal, no CK2 loc key)",Rashaba,new key
dynn_fae_122,"common/dynasties name (literal, no CK2 loc key)",T'Enorgh,new key
dynn_fae_1220,"common/dynasties name (literal, no CK2 loc key)",al-Dayyi,new key
dynn_fae_1221,"common/dynasties name (literal, no CK2 loc key)",al-Nogi,new key
dynn_fae_1222,"common/dynasties name (literal, no CK2 loc key)",al-Soribi,new key
dynn_fae_1223,"common/dynasties name (literal, no CK2 loc key)",al-Bisatari,new key
dynn_fae_1224,"common/dynasties name (literal, no CK2 loc key)",al-Elni,new key
dynn_fae_1225,"common/dynasties name (literal, no CK2 loc key)",al-Qosoderi,new key
dynn_fae_1226,"common/dynasties name (literal, no CK2 loc key)",al-Ragadi,new key
dynn_fae_1227,"common/dynasties name (literal, no CK2 loc key)",Ankatatri,new key
dynn_fae_1228,"common/dynasties name (literal, no CK2 loc key)",Mahazaki,new key
dynn_fae_1229,"common/dynasties name (literal, no CK2 loc key)",al-Qudalli,new key
dynn_fae_123,"common/dynasties name (literal, no CK2 loc key)",Hazm'cri,new key
dynn_fae_1230,"common/dynasties name (literal, no CK2 loc key)",Sendalami,new key
dynn_fae_1231,"common/dynasties name (literal, no CK2 loc key)",Moraani,new key
dynn_fae_1232,"common/dynasties name (literal, no CK2 loc key)",Shariri,new key
dynn_fae_1233,"common/dynasties name (literal, no CK2 loc key)",Naqqi,new key
dynn_fae_1234,"common/dynasties name (literal, no CK2 loc key)",Qutli,new key
dynn_fae_1235,"common/dynasties name (literal, no CK2 loc key)",Thuebani,new key
dynn_fae_1236,"common/dynasties name (literal, no CK2 loc key)",Qusuri,new key
dynn_fae_1237,"common/dynasties name (literal, no CK2 loc key)",Dahabbi,new key
dynn_fae_1238,"common/dynasties name (literal, no CK2 loc key)",Tarikati,new key
dynn_fae_1239,"common/dynasties name (literal, no CK2 loc key)",Leneti,new key
dynn_fae_124,"common/dynasties name (literal, no CK2 loc key)",Abaeir,new key
dynn_fae_1240,"common/dynasties name (literal, no CK2 loc key)",Taymni,new key
dynn_fae_1241,"common/dynasties name (literal, no CK2 loc key)",Ingalunuuk,new key
dynn_fae_1242,"common/dynasties name (literal, no CK2 loc key)",Ingeluukotil,new key
dynn_fae_1243,"common/dynasties name (literal, no CK2 loc key)",Ulkivuarit,new key
dynn_fae_1244,"common/dynasties name (literal, no CK2 loc key)",Karuk,new key
dynn_fae_1245,"common/dynasties name (literal, no CK2 loc key)",Nivulik,new key
dynn_fae_1246,"common/dynasties name (literal, no CK2 loc key)",Niuk,new key
dynn_fae_1247,"common/dynasties name (literal, no CK2 loc key)",Pokaluku,new key
dynn_fae_1248,"common/dynasties name (literal, no CK2 loc key)",Icespear,new key
dynn_fae_1249,"common/dynasties name (literal, no CK2 loc key)",Snowwind,new key
dynn_fae_125,"common/dynasties name (literal, no CK2 loc key)",Coloara,new key
dynn_fae_1250,"common/dynasties name (literal, no CK2 loc key)",Darkborn,new key
dynn_fae_12501,"common/dynasties name (literal, no CK2 loc key)",Issacort,new key
dynn_fae_12502,"common/dynasties name (literal, no CK2 loc key)",Pazruk,new key
dynn_fae_12503,"common/dynasties name (literal, no CK2 loc key)",Guhai,new key
dynn_fae_12504,"common/dynasties name (literal, no CK2 loc key)",Boshin,new key
dynn_fae_1251,"common/dynasties name (literal, no CK2 loc key)",Pezel,new key
dynn_fae_1252,"common/dynasties name (literal, no CK2 loc key)",Zopal,new key
dynn_fae_1253,"common/dynasties name (literal, no CK2 loc key)",Ixit,new key
dynn_fae_1254,"common/dynasties name (literal, no CK2 loc key)",Honal,new key
dynn_fae_1255,"common/dynasties name (literal, no CK2 loc key)",Azcat,new key
dynn_fae_1256,"common/dynasties name (literal, no CK2 loc key)",Pulco,new key
dynn_fae_1257,"common/dynasties name (literal, no CK2 loc key)",Ixtal,new key
dynn_fae_1258,"common/dynasties name (literal, no CK2 loc key)",Tezat,new key
dynn_fae_1259,"common/dynasties name (literal, no CK2 loc key)",Zokil,new key
dynn_fae_126,"common/dynasties name (literal, no CK2 loc key)",Glannath,new key
dynn_fae_1260,"common/dynasties name (literal, no CK2 loc key)",Azatl,new key
dynn_fae_12601,"common/dynasties name (literal, no CK2 loc key)",of Callidyrr,new key
dynn_fae_12602,"common/dynasties name (literal, no CK2 loc key)",of Rogarsheim,new key
dynn_fae_12603,"common/dynasties name (literal, no CK2 loc key)",of Nix,new key
dynn_fae_12604,"common/dynasties name (literal, no CK2 loc key)",Skal,new key
dynn_fae_12605,"common/dynasties name (literal, no CK2 loc key)",Dumire,new key
dynn_fae_12606,"common/dynasties name (literal, no CK2 loc key)",Blackear,new key
dynn_fae_12607,"common/dynasties name (literal, no CK2 loc key)",Tuktuk,new key
dynn_fae_12608,"common/dynasties name (literal, no CK2 loc key)",Rockstalk,new key
dynn_fae_12609,"common/dynasties name (literal, no CK2 loc key)",Fendell,new key
dynn_fae_1261,"common/dynasties name (literal, no CK2 loc key)",Cordotl,new key
dynn_fae_12610,"common/dynasties name (literal, no CK2 loc key)",Goodford,new key
dynn_fae_12611,"common/dynasties name (literal, no CK2 loc key)",Kell,new key
dynn_fae_12612,"common/dynasties name (literal, no CK2 loc key)",Baluri,new key
dynn_fae_12613,"common/dynasties name (literal, no CK2 loc key)",Welbark,new key
dynn_fae_12614,"common/dynasties name (literal, no CK2 loc key)",Rathgar,new key
dynn_fae_12615,"common/dynasties name (literal, no CK2 loc key)",Fulgirth,new key
dynn_fae_12616,"common/dynasties name (literal, no CK2 loc key)",Blacktongue,new key
dynn_fae_12617,"common/dynasties name (literal, no CK2 loc key)",Highkin,new key
dynn_fae_12618,"common/dynasties name (literal, no CK2 loc key)",Lowfield,new key
dynn_fae_12619,"common/dynasties name (literal, no CK2 loc key)",Talbot,new key
dynn_fae_1262,"common/dynasties name (literal, no CK2 loc key)",Patul,new key
dynn_fae_12620,"common/dynasties name (literal, no CK2 loc key)",Harridan,new key
dynn_fae_12621,"common/dynasties name (literal, no CK2 loc key)",Taern,new key
dynn_fae_12622,"common/dynasties name (literal, no CK2 loc key)",Djiid,new key
dynn_fae_12623,"common/dynasties name (literal, no CK2 loc key)",Deguerre,new key
dynn_fae_12624,"common/dynasties name (literal, no CK2 loc key)",Flint,new key
dynn_fae_12625,"common/dynasties name (literal, no CK2 loc key)",of Lands,new key
dynn_fae_12626,"common/dynasties name (literal, no CK2 loc key)",of Tides,new key
dynn_fae_12627,"common/dynasties name (literal, no CK2 loc key)",of Fire,new key
dynn_fae_12628,"common/dynasties name (literal, no CK2 loc key)",of Chaos,new key
dynn_fae_12629,"common/dynasties name (literal, no CK2 loc key)",Bannal,new key
dynn_fae_1263,"common/dynasties name (literal, no CK2 loc key)",Popol,new key
dynn_fae_12630,"common/dynasties name (literal, no CK2 loc key)",Stumarik,new key
dynn_fae_12631,"common/dynasties name (literal, no CK2 loc key)",Vikdotter,new key
dynn_fae_12632,"common/dynasties name (literal, no CK2 loc key)",Jarl,new key
dynn_fae_1264,"common/dynasties name (literal, no CK2 loc key)",Ozalt,new key
dynn_fae_1265,"common/dynasties name (literal, no CK2 loc key)",Pezmin,new key
dynn_fae_1266,"common/dynasties name (literal, no CK2 loc key)",Kilitzi,new key
dynn_fae_1267,"common/dynasties name (literal, no CK2 loc key)",Palenol,new key
dynn_fae_1268,"common/dynasties name (literal, no CK2 loc key)",Maztapan,new key
dynn_fae_1269,"common/dynasties name (literal, no CK2 loc key)",Zilni,new key
dynn_fae_12697,"common/dynasties name (literal, no CK2 loc key)",Erackinoran,new key
dynn_fae_12698,"common/dynasties name (literal, no CK2 loc key)",al-Sihal,new key
dynn_fae_12699,"common/dynasties name (literal, no CK2 loc key)",Yetsiran,new key
dynn_fae_127,"common/dynasties name (literal, no CK2 loc key)",Illistyn,new key
dynn_fae_1270,"common/dynasties name (literal, no CK2 loc key)",Huacli,new key
dynn_fae_12700,"common/dynasties name (literal, no CK2 loc key)",Lunian,new key
dynn_fae_12701,"common/dynasties name (literal, no CK2 loc key)",Mercurian,new key
dynn_fae_12702,"common/dynasties name (literal, no CK2 loc key)",Venyan,new key
dynn_fae_12703,"common/dynasties name (literal, no CK2 loc key)",Solanian,new key
dynn_fae_12704,"common/dynasties name (literal, no CK2 loc key)",Mertionic,new key
dynn_fae_12705,"common/dynasties name (literal, no CK2 loc key)",Jovari,new key
dynn_fae_12706,"common/dynasties name (literal, no CK2 loc key)",Chronian,new key
dynn_fae_12707,"common/dynasties name (literal, no CK2 loc key)",Empyreal,new key
dynn_fae_12708,"common/dynasties name (literal, no CK2 loc key)",Aretic,new key
dynn_fae_12709,"common/dynasties name (literal, no CK2 loc key)",Astral,new key
dynn_fae_1271,"common/dynasties name (literal, no CK2 loc key)",Bomak,new key
dynn_fae_12710,"common/dynasties name (literal, no CK2 loc key)",Hesperan,new key
dynn_fae_12711,"common/dynasties name (literal, no CK2 loc key)",Phosphoran,new key
dynn_fae_12712,"common/dynasties name (literal, no CK2 loc key)",Uranian,new key
dynn_fae_12713,"common/dynasties name (literal, no CK2 loc key)",Dionic,new key
dynn_fae_12714,"common/dynasties name (literal, no CK2 loc key)",Beatific,new key
dynn_fae_12715,"common/dynasties name (literal, no CK2 loc key)",Roseate,new key
dynn_fae_12716,"common/dynasties name (literal, no CK2 loc key)",Dothionic,new key
dynn_fae_12717,"common/dynasties name (literal, no CK2 loc key)",Shurrockan,new key
dynn_fae_12718,"common/dynasties name (literal, no CK2 loc key)",Abellian,new key
dynn_fae_12719,"common/dynasties name (literal, no CK2 loc key)",Buxenan,new key
dynn_fae_1272,"common/dynasties name (literal, no CK2 loc key)",Mazit,new key
dynn_fae_12720,"common/dynasties name (literal, no CK2 loc key)",Nemausan,new key
dynn_fae_12721,"common/dynasties name (literal, no CK2 loc key)",Daitya,new key
dynn_fae_12722,"common/dynasties name (literal, no CK2 loc key)",Danava,new key
dynn_fae_12723,"common/dynasties name (literal, no CK2 loc key)",Kalakeya,new key
dynn_fae_12724,"common/dynasties name (literal, no CK2 loc key)",Kalakhanja,new key
dynn_fae_12725,"common/dynasties name (literal, no CK2 loc key)",Nivatakavacha,new key
dynn_fae_12726,"common/dynasties name (literal, no CK2 loc key)",Danavaghasa,new key
dynn_fae_12727,"common/dynasties name (literal, no CK2 loc key)",Hiranyapuran,new key
dynn_fae_12728,"common/dynasties name (literal, no CK2 loc key)",Pauloma,new key
dynn_fae_12729,"common/dynasties name (literal, no CK2 loc key)",Patalan,new key
dynn_fae_1273,"common/dynasties name (literal, no CK2 loc key)",Patil,new key
dynn_fae_12730,"common/dynasties name (literal, no CK2 loc key)",Gajasura,new key
dynn_fae_12731,"common/dynasties name (literal, no CK2 loc key)",Arborean,new key
dynn_fae_12732,"common/dynasties name (literal, no CK2 loc key)",Arvandorean,new key
dynn_fae_12733,"common/dynasties name (literal, no CK2 loc key)",Arvanaithan,new key
dynn_fae_12734,"common/dynasties name (literal, no CK2 loc key)",Ingmar,new key
dynn_fae_12735,"common/dynasties name (literal, no CK2 loc key)",Aeriean,new key
dynn_fae_12736,"common/dynasties name (literal, no CK2 loc key)",Gwyllachaightaeryll,new key
dynn_fae_12737,"common/dynasties name (literal, no CK2 loc key)",Elavandorean,new key
dynn_fae_12738,"common/dynasties name (literal, no CK2 loc key)",Tethridarian,new key
dynn_fae_12739,"common/dynasties name (literal, no CK2 loc key)",Aquallorean,new key
dynn_fae_1274,"common/dynasties name (literal, no CK2 loc key)",Chuapli,new key
dynn_fae_12740,"common/dynasties name (literal, no CK2 loc key)",Mithardirean,new key
dynn_fae_12741,"common/dynasties name (literal, no CK2 loc key)",Serren,new key
dynn_fae_12742,"common/dynasties name (literal, no CK2 loc key)",Ossan,new key
dynn_fae_12743,"common/dynasties name (literal, no CK2 loc key)",Pelionic,new key
dynn_fae_12744,"common/dynasties name (literal, no CK2 loc key)",Alfheimer,new key
dynn_fae_12745,"common/dynasties name (literal, no CK2 loc key)",Nidavelliran,new key
dynn_fae_1275,"common/dynasties name (literal, no CK2 loc key)",Maju,new key
dynn_fae_1276,"common/dynasties name (literal, no CK2 loc key)",Coxi,new key
dynn_fae_1277,"common/dynasties name (literal, no CK2 loc key)",Ulatos,new key
dynn_fae_1278,"common/dynasties name (literal, no CK2 loc key)",Tulom-Itzi,new key
dynn_fae_1279,"common/dynasties name (literal, no CK2 loc key)",Maxal,new key
dynn_fae_128,"common/dynasties name (literal, no CK2 loc key)",Pharn,new key
dynn_fae_1280,"common/dynasties name (literal, no CK2 loc key)",Ixtzul,new key
dynn_fae_12801,"common/dynasties name (literal, no CK2 loc key)",Vhok,new key
dynn_fae_12802,"common/dynasties name (literal, no CK2 loc key)",Fanggore,new key
dynn_fae_12803,"common/dynasties name (literal, no CK2 loc key)",Redscale,new key
dynn_fae_12804,"common/dynasties name (literal, no CK2 loc key)",Shadowfist,new key
dynn_fae_12805,"common/dynasties name (literal, no CK2 loc key)",Souleater,new key
dynn_fae_12806,"common/dynasties name (literal, no CK2 loc key)",Endbringer,new key
dynn_fae_12807,"common/dynasties name (literal, no CK2 loc key)",Ironfang,new key
dynn_fae_12808,"common/dynasties name (literal, no CK2 loc key)",Coldvoid,new key
dynn_fae_12809,"common/dynasties name (literal, no CK2 loc key)",Darkfire,new key
dynn_fae_1281,"common/dynasties name (literal, no CK2 loc key)",Narabatun,new key
dynn_fae_12810,"common/dynasties name (literal, no CK2 loc key)",Hopekiller,new key
dynn_fae_12811,"common/dynasties name (literal, no CK2 loc key)",Tyranthraxus,new key
dynn_fae_12813,"common/dynasties name (literal, no CK2 loc key)",Nefarious,new key
dynn_fae_12814,"common/dynasties name (literal, no CK2 loc key)",Seven-Clawed,new key
dynn_fae_12815,"common/dynasties name (literal, no CK2 loc key)",Pazunian,new key
dynn_fae_12816,"common/dynasties name (literal, no CK2 loc key)",Averni,new key
dynn_fae_12817,"common/dynasties name (literal, no CK2 loc key)",Ditis,new key
dynn_fae_12818,"common/dynasties name (literal, no CK2 loc key)",Minauroi,new key
dynn_fae_12819,"common/dynasties name (literal, no CK2 loc key)",Phlegethoi,new key
dynn_fae_1282,"common/dynasties name (literal, no CK2 loc key)",Ocostun,new key
dynn_fae_12820,"common/dynasties name (literal, no CK2 loc key)",Pyriphlegethoi,new key
dynn_fae_12821,"common/dynasties name (literal, no CK2 loc key)",Stygiae,new key
dynn_fae_12822,"common/dynasties name (literal, no CK2 loc key)",Malbolgean,new key
dynn_fae_12823,"common/dynasties name (literal, no CK2 loc key)",Maladominian,new key
dynn_fae_12824,"common/dynasties name (literal, no CK2 loc key)",Canian,new key
dynn_fae_12825,"common/dynasties name (literal, no CK2 loc key)",Nessoris,new key
dynn_fae_12826,"common/dynasties name (literal, no CK2 loc key)",Hadean,new key
dynn_fae_12827,"common/dynasties name (literal, no CK2 loc key)",Gloom,new key
dynn_fae_12828,"common/dynasties name (literal, no CK2 loc key)",Tarterian,new key
dynn_fae_12829,"common/dynasties name (literal, no CK2 loc key)",Plutonian,new key
dynn_fae_1283,"common/dynasties name (literal, no CK2 loc key)",Ixtli,new key
dynn_fae_12830,"common/dynasties name (literal, no CK2 loc key)",Oinoi,new key
dynn_fae_12831,"common/dynasties name (literal, no CK2 loc key)",Niflheimer,new key
dynn_fae_12832,"common/dynasties name (literal, no CK2 loc key)",Orthrysian,new key
dynn_fae_12833,"common/dynasties name (literal, no CK2 loc key)",Cathrysian,new key
dynn_fae_12834,"common/dynasties name (literal, no CK2 loc key)",Minethysian,new key
dynn_fae_12835,"common/dynasties name (literal, no CK2 loc key)",Colothysian,new key
dynn_fae_12836,"common/dynasties name (literal, no CK2 loc key)",Porphatysian,new key
dynn_fae_12837,"common/dynasties name (literal, no CK2 loc key)",Agathysian,new key
dynn_fae_12838,"common/dynasties name (literal, no CK2 loc key)",Wormblood,new key
dynn_fae_12839,"common/dynasties name (literal, no CK2 loc key)",Kearackinin,new key
dynn_fae_1284,"common/dynasties name (literal, no CK2 loc key)",Ushtak,new key
dynn_fae_12840,"common/dynasties name (literal, no CK2 loc key)",Burningwater,new key
dynn_fae_12841,"common/dynasties name (literal, no CK2 loc key)",Molrat,new key
dynn_fae_12842,"common/dynasties name (literal, no CK2 loc key)",Twelvetrees,new key
dynn_fae_12843,"common/dynasties name (literal, no CK2 loc key)",Bloodtor,new key
dynn_fae_12844,"common/dynasties name (literal, no CK2 loc key)",Ironwaste,new key
dynn_fae_12845,"common/dynasties name (literal, no CK2 loc key)",Malignebulan,new key
dynn_fae_12846,"common/dynasties name (literal, no CK2 loc key)",Rauwendan,new key
dynn_fae_12847,"common/dynasties name (literal, no CK2 loc key)",Nerebdian,new key
dynn_fae_12848,"common/dynasties name (literal, no CK2 loc key)",Vorganundan,new key
dynn_fae_12849,"common/dynasties name (literal, no CK2 loc key)",Darklight,new key
dynn_fae_1285,"common/dynasties name (literal, no CK2 loc key)",Matil,new key
dynn_fae_12850,"common/dynasties name (literal, no CK2 loc key)",Smaragdan,new key
dynn_fae_12851,"common/dynasties name (literal, no CK2 loc key)",of Cania,new key
dynn_fae_12852,"common/dynasties name (literal, no CK2 loc key)",Longhorn,new key
dynn_fae_12853,"common/dynasties name (literal, no CK2 loc key)",of the Basalt Tower,new key
dynn_fae_12854,"common/dynasties name (literal, no CK2 loc key)",of Dis,new key
dynn_fae_12855,"common/dynasties name (literal, no CK2 loc key)",of the Gaping Maw,new key
dynn_fae_12856,"common/dynasties name (literal, no CK2 loc key)",of Minauros,new key
dynn_fae_12857,"common/dynasties name (literal, no CK2 loc key)",of Phlegethos,new key
dynn_fae_12858,"common/dynasties name (literal, no CK2 loc key)",of Maladomini,new key
dynn_fae_12859,"common/dynasties name (literal, no CK2 loc key)",of Thanatos,new key
dynn_fae_1286,"common/dynasties name (literal, no CK2 loc key)",Utalan,new key
dynn_fae_12860,"common/dynasties name (literal, no CK2 loc key)",of Pazunia,new key
dynn_fae_12861,"common/dynasties name (literal, no CK2 loc key)",of the Seeping Woods,new key
dynn_fae_12862,"common/dynasties name (literal, no CK2 loc key)",of Stygia,new key
dynn_fae_12863,"common/dynasties name (literal, no CK2 loc key)",of the Endless Maze,new key
dynn_fae_12864,"common/dynasties name (literal, no CK2 loc key)",of Avernus,new key
dynn_fae_12865,"common/dynasties name (literal, no CK2 loc key)",of Malbolge,new key
dynn_fae_12866,"common/dynasties name (literal, no CK2 loc key)",of Shendilavri,new key
dynn_fae_12867,"common/dynasties name (literal, no CK2 loc key)",of Occipitus,new key
dynn_fae_12868,"common/dynasties name (literal, no CK2 loc key)",of the Blood Rift,new key
dynn_fae_12869,"common/dynasties name (literal, no CK2 loc key)",of the Wasting Tower,new key
dynn_fae_1287,"common/dynasties name (literal, no CK2 loc key)",Bilchak,new key
dynn_fae_12870,"common/dynasties name (literal, no CK2 loc key)",of the Barrens,new key
dynn_fae_1288,"common/dynasties name (literal, no CK2 loc key)",Zula,new key
dynn_fae_1289,"common/dynasties name (literal, no CK2 loc key)",Ocofan,new key
dynn_fae_129,"common/dynasties name (literal, no CK2 loc key)",Seerear,new key
dynn_fae_1290,"common/dynasties name (literal, no CK2 loc key)",Tecala,new key
dynn_fae_1291,"common/dynasties name (literal, no CK2 loc key)",Amatick,new key
dynn_fae_1292,"common/dynasties name (literal, no CK2 loc key)",Eln,new key
dynn_fae_1293,"common/dynasties name (literal, no CK2 loc key)",Malabrak,new key
dynn_fae_1294,"common/dynasties name (literal, no CK2 loc key)",Nihili,new key
dynn_fae_1295,"common/dynasties name (literal, no CK2 loc key)",Quick,new key
dynn_fae_1296,"common/dynasties name (literal, no CK2 loc key)",Rhand,new key
dynn_fae_1297,"common/dynasties name (literal, no CK2 loc key)",Ulfbinder,new key
dynn_fae_1298,"common/dynasties name (literal, no CK2 loc key)",Ulitarathulm,new key
dynn_fae_1299,"common/dynasties name (literal, no CK2 loc key)",Uskevren,new key
dynn_fae_13,"common/dynasties name (literal, no CK2 loc key)",Surkh,new key
dynn_fae_130,"common/dynasties name (literal, no CK2 loc key)",Vrinn,new key
dynn_fae_1300,"common/dynasties name (literal, no CK2 loc key)",Gloomwrought,new key
dynn_fae_13001,"common/dynasties name (literal, no CK2 loc key)",of Ooltul,new key
dynn_fae_13002,"common/dynasties name (literal, no CK2 loc key)",Manyeyes,new key
dynn_fae_13003,"common/dynasties name (literal, no CK2 loc key)",Tyrant,new key
dynn_fae_13004,"common/dynasties name (literal, no CK2 loc key)",Xaxixx,new key
dynn_fae_13005,"common/dynasties name (literal, no CK2 loc key)",of Olomaa,new key
dynn_fae_13006,"common/dynasties name (literal, no CK2 loc key)",Alimir,new key
dynn_fae_13007,"common/dynasties name (literal, no CK2 loc key)",Deepspawner,new key
dynn_fae_13008,"common/dynasties name (literal, no CK2 loc key)",of the Dying Gaze,new key
dynn_fae_13009,"common/dynasties name (literal, no CK2 loc key)",of Thorns,new key
dynn_fae_1301,"common/dynasties name (literal, no CK2 loc key)",Swordhollow,new key
dynn_fae_1302,"common/dynasties name (literal, no CK2 loc key)",Drongo,new key
dynn_fae_1303,"common/dynasties name (literal, no CK2 loc key)",Threetrees,new key
dynn_fae_1304,"common/dynasties name (literal, no CK2 loc key)",Lemma,new key
dynn_fae_1305,"common/dynasties name (literal, no CK2 loc key)",Wyrmhall,new key
dynn_fae_1306,"common/dynasties name (literal, no CK2 loc key)",Swampdale,new key
dynn_fae_1307,"common/dynasties name (literal, no CK2 loc key)",Mir,new key
dynn_fae_1308,"common/dynasties name (literal, no CK2 loc key)",Eaglepeak,new key
dynn_fae_1309,"common/dynasties name (literal, no CK2 loc key)",Urdrath,new key
dynn_fae_131,"common/dynasties name (literal, no CK2 loc key)",Xiltyn,new key
dynn_fae_1310,"common/dynasties name (literal, no CK2 loc key)",Tun,new key
dynn_fae_1311,"common/dynasties name (literal, no CK2 loc key)",Bhaulaea,new key
dynn_fae_1312,"common/dynasties name (literal, no CK2 loc key)",Bhaerlith,new key
dynn_fae_1313,"common/dynasties name (literal, no CK2 loc key)",Olomaa,new key
dynn_fae_1314,"common/dynasties name (literal, no CK2 loc key)",Vlyxon,new key
dynn_fae_1315,"common/dynasties name (literal, no CK2 loc key)",Dechret,new key
dynn_fae_1316,"common/dynasties name (literal, no CK2 loc key)",Oickngu,new key
dynn_fae_1317,"common/dynasties name (literal, no CK2 loc key)",Djerda,new key
dynn_fae_1318,"common/dynasties name (literal, no CK2 loc key)",Vatgorel,new key
dynn_fae_1319,"common/dynasties name (literal, no CK2 loc key)",Diamoen,new key
dynn_fae_132,"common/dynasties name (literal, no CK2 loc key)",Luenath,new key
dynn_fae_1320,"common/dynasties name (literal, no CK2 loc key)",Lhurdal,new key
dynn_fae_13201,"common/dynasties name (literal, no CK2 loc key)",Tarnhem,new key
dynn_fae_13202,"common/dynasties name (literal, no CK2 loc key)",Ardeleh,new key
dynn_fae_13203,"common/dynasties name (literal, no CK2 loc key)",Tai,new key
dynn_fae_13204,"common/dynasties name (literal, no CK2 loc key)",Zah,new key
dynn_fae_13205,"common/dynasties name (literal, no CK2 loc key)",Chash,new key
dynn_fae_13206,"common/dynasties name (literal, no CK2 loc key)",Zumir,new key
dynn_fae_13207,"common/dynasties name (literal, no CK2 loc key)",Geteh,new key
dynn_fae_13208,"common/dynasties name (literal, no CK2 loc key)",Flattide,new key
dynn_fae_13209,"common/dynasties name (literal, no CK2 loc key)",Mivrikathe,new key
dynn_fae_1321,"common/dynasties name (literal, no CK2 loc key)",Michaca,new key
dynn_fae_13210,"common/dynasties name (literal, no CK2 loc key)",Dan,new key
dynn_fae_13211,"common/dynasties name (literal, no CK2 loc key)",Kad,new key
dynn_fae_13212,"common/dynasties name (literal, no CK2 loc key)",Rarnyamrya,new key
dynn_fae_13213,"common/dynasties name (literal, no CK2 loc key)",Sihr,new key
dynn_fae_13214,"common/dynasties name (literal, no CK2 loc key)",Holybash,new key
dynn_fae_13215,"common/dynasties name (literal, no CK2 loc key)",Vrildetyemzu,new key
dynn_fae_13216,"common/dynasties name (literal, no CK2 loc key)",Daddin,new key
dynn_fae_13217,"common/dynasties name (literal, no CK2 loc key)",Ghoda,new key
dynn_fae_13218,"common/dynasties name (literal, no CK2 loc key)",Dam,new key
dynn_fae_13219,"common/dynasties name (literal, no CK2 loc key)",Fish,new key
dynn_fae_1322,"common/dynasties name (literal, no CK2 loc key)",Keshtin,new key
dynn_fae_13220,"common/dynasties name (literal, no CK2 loc key)",Zegohu,new key
dynn_fae_13221,"common/dynasties name (literal, no CK2 loc key)",Snow,new key
dynn_fae_13222,"common/dynasties name (literal, no CK2 loc key)",Crowlance,new key
dynn_fae_13223,"common/dynasties name (literal, no CK2 loc key)",Bardeh,new key
dynn_fae_13224,"common/dynasties name (literal, no CK2 loc key)",Dumutsk,new key
dynn_fae_13225,"common/dynasties name (literal, no CK2 loc key)",Chedraz,new key
dynn_fae_13226,"common/dynasties name (literal, no CK2 loc key)",Fankhahkit,new key
dynn_fae_13227,"common/dynasties name (literal, no CK2 loc key)",Dahkildrihd,new key
dynn_fae_13228,"common/dynasties name (literal, no CK2 loc key)",Gliz,new key
dynn_fae_13229,"common/dynasties name (literal, no CK2 loc key)",Issan,new key
dynn_fae_1323,"common/dynasties name (literal, no CK2 loc key)",Kin Elbhaz,new key
dynn_fae_13230,"common/dynasties name (literal, no CK2 loc key)",Min,new key
dynn_fae_13231,"common/dynasties name (literal, no CK2 loc key)",Mesp,new key
dynn_fae_13232,"common/dynasties name (literal, no CK2 loc key)",Shors,new key
dynn_fae_13233,"common/dynasties name (literal, no CK2 loc key)",Gohron,new key
dynn_fae_13234,"common/dynasties name (literal, no CK2 loc key)",Bhoda,new key
dynn_fae_13235,"common/dynasties name (literal, no CK2 loc key)",Vireh,new key
dynn_fae_13236,"common/dynasties name (literal, no CK2 loc key)",Zonguvze,new key
dynn_fae_13237,"common/dynasties name (literal, no CK2 loc key)",Nil,new key
dynn_fae_13238,"common/dynasties name (literal, no CK2 loc key)",Shassor,new key
dynn_fae_13239,"common/dynasties name (literal, no CK2 loc key)",Hifsheh,new key
dynn_fae_1324,"common/dynasties name (literal, no CK2 loc key)",Kinopal,new key
dynn_fae_13240,"common/dynasties name (literal, no CK2 loc key)",Tan,new key
dynn_fae_13241,"common/dynasties name (literal, no CK2 loc key)",Kakht,new key
dynn_fae_13242,"common/dynasties name (literal, no CK2 loc key)",Toh,new key
dynn_fae_13243,"common/dynasties name (literal, no CK2 loc key)",Roun,new key
dynn_fae_13244,"common/dynasties name (literal, no CK2 loc key)",Flamefury,new key
dynn_fae_13245,"common/dynasties name (literal, no CK2 loc key)",Hefseh,new key
dynn_fae_13246,"common/dynasties name (literal, no CK2 loc key)",Waon,new key
dynn_fae_13247,"common/dynasties name (literal, no CK2 loc key)",Enaz,new key
dynn_fae_13248,"common/dynasties name (literal, no CK2 loc key)",Peyvan,new key
dynn_fae_13249,"common/dynasties name (literal, no CK2 loc key)",Jad,new key
dynn_fae_1325,"common/dynasties name (literal, no CK2 loc key)",Mitzlato,new key
dynn_fae_13250,"common/dynasties name (literal, no CK2 loc key)",Vamerga,new key
dynn_fae_13251,"common/dynasties name (literal, no CK2 loc key)",Jans,new key
dynn_fae_13252,"common/dynasties name (literal, no CK2 loc key)",Shogh,new key
dynn_fae_13253,"common/dynasties name (literal, no CK2 loc key)",Nursk,new key
dynn_fae_13254,"common/dynasties name (literal, no CK2 loc key)",Mah,new key
dynn_fae_13255,"common/dynasties name (literal, no CK2 loc key)",Hareh,new key
dynn_fae_13256,"common/dynasties name (literal, no CK2 loc key)",Ostoga,new key
dynn_fae_13257,"common/dynasties name (literal, no CK2 loc key)",Nekou,new key
dynn_fae_13258,"common/dynasties name (literal, no CK2 loc key)",Stagbone,new key
dynn_fae_13259,"common/dynasties name (literal, no CK2 loc key)",Shadewatcher,new key
dynn_fae_1326,"common/dynasties name (literal, no CK2 loc key)",Opallinoc,new key
dynn_fae_13260,"common/dynasties name (literal, no CK2 loc key)",Rheinol,new key
dynn_fae_13261,"common/dynasties name (literal, no CK2 loc key)",Ebar,new key
dynn_fae_13262,"common/dynasties name (literal, no CK2 loc key)",Pad,new key
dynn_fae_13263,"common/dynasties name (literal, no CK2 loc key)",Harod,new key
dynn_fae_13264,"common/dynasties name (literal, no CK2 loc key)",Clawarrow,new key
dynn_fae_13265,"common/dynasties name (literal, no CK2 loc key)",Ivad,new key
dynn_fae_13266,"common/dynasties name (literal, no CK2 loc key)",Adoz,new key
dynn_fae_13267,"common/dynasties name (literal, no CK2 loc key)",Dulrit,new key
dynn_fae_13268,"common/dynasties name (literal, no CK2 loc key)",Puem,new key
dynn_fae_13269,"common/dynasties name (literal, no CK2 loc key)",Paz,new key
dynn_fae_1327,"common/dynasties name (literal, no CK2 loc key)",Peshtobo,new key
dynn_fae_13270,"common/dynasties name (literal, no CK2 loc key)",Gal,new key
dynn_fae_13271,"common/dynasties name (literal, no CK2 loc key)",Nakht,new key
dynn_fae_13272,"common/dynasties name (literal, no CK2 loc key)",Sijihd,new key
dynn_fae_13273,"common/dynasties name (literal, no CK2 loc key)",Kholour,new key
dynn_fae_13274,"common/dynasties name (literal, no CK2 loc key)",Silentshield,new key
dynn_fae_13275,"common/dynasties name (literal, no CK2 loc key)",Gurom,new key
dynn_fae_13276,"common/dynasties name (literal, no CK2 loc key)",Raafilm,new key
dynn_fae_13277,"common/dynasties name (literal, no CK2 loc key)",Dagoldrol,new key
dynn_fae_13278,"common/dynasties name (literal, no CK2 loc key)",Reldralgy,new key
dynn_fae_13279,"common/dynasties name (literal, no CK2 loc key)",Vemlor,new key
dynn_fae_1328,"common/dynasties name (literal, no CK2 loc key)",Ukolo,new key
dynn_fae_13280,"common/dynasties name (literal, no CK2 loc key)",Humo,new key
dynn_fae_13281,"common/dynasties name (literal, no CK2 loc key)",Pimro,new key
dynn_fae_13282,"common/dynasties name (literal, no CK2 loc key)",Irken,new key
dynn_fae_13283,"common/dynasties name (literal, no CK2 loc key)",Bukakur,new key
dynn_fae_13284,"common/dynasties name (literal, no CK2 loc key)",Zumlal,new key
dynn_fae_13285,"common/dynasties name (literal, no CK2 loc key)",Drarber,new key
dynn_fae_13286,"common/dynasties name (literal, no CK2 loc key)",Ento,new key
dynn_fae_13287,"common/dynasties name (literal, no CK2 loc key)",Conong,new key
dynn_fae_13288,"common/dynasties name (literal, no CK2 loc key)",Pervim,new key
dynn_fae_13289,"common/dynasties name (literal, no CK2 loc key)",Venmum,new key
dynn_fae_1329,"common/dynasties name (literal, no CK2 loc key)",Yapoza,new key
dynn_fae_13290,"common/dynasties name (literal, no CK2 loc key)",Rylre,new key
dynn_fae_13291,"common/dynasties name (literal, no CK2 loc key)",Kessi,new key
dynn_fae_13292,"common/dynasties name (literal, no CK2 loc key)",Tanmil,new key
dynn_fae_13293,"common/dynasties name (literal, no CK2 loc key)",Rako,new key
dynn_fae_13294,"common/dynasties name (literal, no CK2 loc key)",Cidald,new key
dynn_fae_13295,"common/dynasties name (literal, no CK2 loc key)",Thekri,new key
dynn_fae_13296,"common/dynasties name (literal, no CK2 loc key)",Thamih,new key
dynn_fae_13297,"common/dynasties name (literal, no CK2 loc key)",Kanmomrur,new key
dynn_fae_13298,"common/dynasties name (literal, no CK2 loc key)",Feofmeu,new key
dynn_fae_13299,"common/dynasties name (literal, no CK2 loc key)",Clukhtem,new key
dynn_fae_133,"common/dynasties name (literal, no CK2 loc key)",Markin,new key
dynn_fae_1330,"common/dynasties name (literal, no CK2 loc key)",Pasocada,new key
dynn_fae_13300,"common/dynasties name (literal, no CK2 loc key)",Mightyfist,new key
dynn_fae_13301,"common/dynasties name (literal, no CK2 loc key)",Nagullur,new key
dynn_fae_13302,"common/dynasties name (literal, no CK2 loc key)",Surgil,new key
dynn_fae_13303,"common/dynasties name (literal, no CK2 loc key)",Breka,new key
dynn_fae_13304,"common/dynasties name (literal, no CK2 loc key)",Vraabbekh,new key
dynn_fae_13305,"common/dynasties name (literal, no CK2 loc key)",Robigra,new key
dynn_fae_13306,"common/dynasties name (literal, no CK2 loc key)",Quickbrace,new key
dynn_fae_13307,"common/dynasties name (literal, no CK2 loc key)",Frostcaller,new key
dynn_fae_13308,"common/dynasties name (literal, no CK2 loc key)",Kizul,new key
dynn_fae_13309,"common/dynasties name (literal, no CK2 loc key)",Dragrigon,new key
dynn_fae_1331,"common/dynasties name (literal, no CK2 loc key)",Easthome,new key
dynn_fae_13310,"common/dynasties name (literal, no CK2 loc key)",Krihunger,new key
dynn_fae_13311,"common/dynasties name (literal, no CK2 loc key)",Pangaad,new key
dynn_fae_13312,"common/dynasties name (literal, no CK2 loc key)",Angril,new key
dynn_fae_13313,"common/dynasties name (literal, no CK2 loc key)",Shedrol,new key
dynn_fae_13314,"common/dynasties name (literal, no CK2 loc key)",Ilurlam,new key
dynn_fae_13315,"common/dynasties name (literal, no CK2 loc key)",Fikeg,new key
dynn_fae_13316,"common/dynasties name (literal, no CK2 loc key)",Wagrengom,new key
dynn_fae_13317,"common/dynasties name (literal, no CK2 loc key)",Bullas,new key
dynn_fae_13318,"common/dynasties name (literal, no CK2 loc key)",Coomlaed,new key
dynn_fae_13319,"common/dynasties name (literal, no CK2 loc key)",Kolbe,new key
dynn_fae_1332,"common/dynasties name (literal, no CK2 loc key)",Coldhaven,new key
dynn_fae_13320,"common/dynasties name (literal, no CK2 loc key)",Vruko,new key
dynn_fae_13321,"common/dynasties name (literal, no CK2 loc key)",Sekruh,new key
dynn_fae_13322,"common/dynasties name (literal, no CK2 loc key)",Burwe,new key
dynn_fae_13323,"common/dynasties name (literal, no CK2 loc key)",Ylsamrol,new key
dynn_fae_13324,"common/dynasties name (literal, no CK2 loc key)",Henimzi,new key
dynn_fae_13325,"common/dynasties name (literal, no CK2 loc key)",Luprili,new key
dynn_fae_13326,"common/dynasties name (literal, no CK2 loc key)",Simra,new key
dynn_fae_13327,"common/dynasties name (literal, no CK2 loc key)",Viangiame,new key
dynn_fae_13328,"common/dynasties name (literal, no CK2 loc key)",Homdritiand,new key
dynn_fae_13329,"common/dynasties name (literal, no CK2 loc key)",Emaldroth,new key
dynn_fae_1333,"common/dynasties name (literal, no CK2 loc key)",Oakmere,new key
dynn_fae_13330,"common/dynasties name (literal, no CK2 loc key)",Laebenga,new key
dynn_fae_13331,"common/dynasties name (literal, no CK2 loc key)",Shadebelly,new key
dynn_fae_13332,"common/dynasties name (literal, no CK2 loc key)",Lumlalwu,new key
dynn_fae_13333,"common/dynasties name (literal, no CK2 loc key)",Pererherd,new key
dynn_fae_13334,"common/dynasties name (literal, no CK2 loc key)",Kemin,new key
dynn_fae_13335,"common/dynasties name (literal, no CK2 loc key)",Wuzinel,new key
dynn_fae_13336,"common/dynasties name (literal, no CK2 loc key)",Hateld,new key
dynn_fae_13337,"common/dynasties name (literal, no CK2 loc key)",Obesod,new key
dynn_fae_13338,"common/dynasties name (literal, no CK2 loc key)",Hozi,new key
dynn_fae_13339,"common/dynasties name (literal, no CK2 loc key)",Muay,new key
dynn_fae_1334,"common/dynasties name (literal, no CK2 loc key)",Willowbank,new key
dynn_fae_13340,"common/dynasties name (literal, no CK2 loc key)",Omerd,new key
dynn_fae_13341,"common/dynasties name (literal, no CK2 loc key)",Dugro,new key
dynn_fae_13342,"common/dynasties name (literal, no CK2 loc key)",Nomrimri,new key
dynn_fae_13343,"common/dynasties name (literal, no CK2 loc key)",Onrer,new key
dynn_fae_13344,"common/dynasties name (literal, no CK2 loc key)",Pilemdre,new key
dynn_fae_13345,"common/dynasties name (literal, no CK2 loc key)",Fico,new key
dynn_fae_13346,"common/dynasties name (literal, no CK2 loc key)",Moldulbus,new key
dynn_fae_13347,"common/dynasties name (literal, no CK2 loc key)",Krukmoko,new key
dynn_fae_13348,"common/dynasties name (literal, no CK2 loc key)",Sharzim,new key
dynn_fae_13349,"common/dynasties name (literal, no CK2 loc key)",Kodrodz,new key
dynn_fae_1335,"common/dynasties name (literal, no CK2 loc key)",Greenroot,new key
dynn_fae_13350,"common/dynasties name (literal, no CK2 loc key)",Crest,new key
dynn_fae_13351,"common/dynasties name (literal, no CK2 loc key)",Berkav,new key
dynn_fae_13352,"common/dynasties name (literal, no CK2 loc key)",Pennel,new key
dynn_fae_13353,"common/dynasties name (literal, no CK2 loc key)",Zeva,new key
dynn_fae_13354,"common/dynasties name (literal, no CK2 loc key)",Eagegalt,new key
dynn_fae_13355,"common/dynasties name (literal, no CK2 loc key)",Paemi,new key
dynn_fae_13356,"common/dynasties name (literal, no CK2 loc key)",Raineye,new key
dynn_fae_13357,"common/dynasties name (literal, no CK2 loc key)",Shera,new key
dynn_fae_13358,"common/dynasties name (literal, no CK2 loc key)",Koho,new key
dynn_fae_13359,"common/dynasties name (literal, no CK2 loc key)",Brightcloud,new key
dynn_fae_1336,"common/dynasties name (literal, no CK2 loc key)",Silverpool,new key
dynn_fae_13360,"common/dynasties name (literal, no CK2 loc key)",Bevak,new key
dynn_fae_13361,"common/dynasties name (literal, no CK2 loc key)",Gruv,new key
dynn_fae_13362,"common/dynasties name (literal, no CK2 loc key)",Alosir,new key
dynn_fae_13363,"common/dynasties name (literal, no CK2 loc key)",Bragvoto,new key
dynn_fae_13364,"common/dynasties name (literal, no CK2 loc key)",Bikelt,new key
dynn_fae_13365,"common/dynasties name (literal, no CK2 loc key)",Sing,new key
dynn_fae_13366,"common/dynasties name (literal, no CK2 loc key)",Arzoma,new key
dynn_fae_13367,"common/dynasties name (literal, no CK2 loc key)",Mirlo,new key
dynn_fae_13368,"common/dynasties name (literal, no CK2 loc key)",Ilrulli,new key
dynn_fae_13369,"common/dynasties name (literal, no CK2 loc key)",Illol,new key
dynn_fae_1337,"common/dynasties name (literal, no CK2 loc key)",Withytwine,new key
dynn_fae_13370,"common/dynasties name (literal, no CK2 loc key)",Zadengake,new key
dynn_fae_13371,"common/dynasties name (literal, no CK2 loc key)",Draeto,new key
dynn_fae_13372,"common/dynasties name (literal, no CK2 loc key)",Alamlo,new key
dynn_fae_13373,"common/dynasties name (literal, no CK2 loc key)",Vores,new key
dynn_fae_13374,"common/dynasties name (literal, no CK2 loc key)",Nekheil,new key
dynn_fae_13375,"common/dynasties name (literal, no CK2 loc key)",Seggoba,new key
dynn_fae_13376,"common/dynasties name (literal, no CK2 loc key)",Lymleba,new key
dynn_fae_13377,"common/dynasties name (literal, no CK2 loc key)",Homryathu,new key
dynn_fae_13378,"common/dynasties name (literal, no CK2 loc key)",Survahum,new key
dynn_fae_13379,"common/dynasties name (literal, no CK2 loc key)",Vusu1n,new key
dynn_fae_1338,"common/dynasties name (literal, no CK2 loc key)",Fenmarch,new key
dynn_fae_13380,"common/dynasties name (literal, no CK2 loc key)",Khamor,new key
dynn_fae_13381,"common/dynasties name (literal, no CK2 loc key)",Alavara,new key
dynn_fae_13382,"common/dynasties name (literal, no CK2 loc key)",al-Abdi,new key
dynn_fae_13383,"common/dynasties name (literal, no CK2 loc key)",Ysawisi,new key
dynn_fae_13384,"common/dynasties name (literal, no CK2 loc key)",al-Maztiki,new key
dynn_fae_13385,"common/dynasties name (literal, no CK2 loc key)",al-Sabiyi,new key
dynn_fae_13386,"common/dynasties name (literal, no CK2 loc key)",al-Regdasaidi,new key
dynn_fae_13387,"common/dynasties name (literal, no CK2 loc key)",al-Gaib,new key
dynn_fae_13388,"common/dynasties name (literal, no CK2 loc key)",al-Afyali,new key
dynn_fae_13389,"common/dynasties name (literal, no CK2 loc key)",al-Kasali,new key
dynn_fae_1339,"common/dynasties name (literal, no CK2 loc key)",Glaedendell,new key
dynn_fae_13390,"common/dynasties name (literal, no CK2 loc key)",abd-al-Fil,new key
dynn_fae_13391,"common/dynasties name (literal, no CK2 loc key)",al-Dihlizi,new key
dynn_fae_13392,"common/dynasties name (literal, no CK2 loc key)",abu Nari,new key
dynn_fae_13393,"common/dynasties name (literal, no CK2 loc key)",ibn Alon,new key
dynn_fae_13394,"common/dynasties name (literal, no CK2 loc key)",al-Sa'id,new key
dynn_fae_13395,"common/dynasties name (literal, no CK2 loc key)",al-Meisal,new key
dynn_fae_13396,"common/dynasties name (literal, no CK2 loc key)",al-Saqr,new key
dynn_fae_13397,"common/dynasties name (literal, no CK2 loc key)",as-Sokkari,new key
dynn_fae_13398,"common/dynasties name (literal, no CK2 loc key)",al-Khawati,new key
dynn_fae_13399,"common/dynasties name (literal, no CK2 loc key)",al-Imlaq,new key
dynn_fae_134,"common/dynasties name (literal, no CK2 loc key)",Dulare,new key
dynn_fae_1340,"common/dynasties name (literal, no CK2 loc key)",Marish,new key
dynn_fae_13400,"common/dynasties name (literal, no CK2 loc key)",al-Mugriq,new key
dynn_fae_13401,"common/dynasties name (literal, no CK2 loc key)",al-Bariyi,new key
dynn_fae_13402,"common/dynasties name (literal, no CK2 loc key)",al-Sahi,new key
dynn_fae_13403,"common/dynasties name (literal, no CK2 loc key)",al-Harabi,new key
dynn_fae_13404,"common/dynasties name (literal, no CK2 loc key)",al-Mahazuz,new key
dynn_fae_13405,"common/dynasties name (literal, no CK2 loc key)",al-Saji,new key
dynn_fae_13406,"common/dynasties name (literal, no CK2 loc key)",al-Kaffi,new key
dynn_fae_13407,"common/dynasties name (literal, no CK2 loc key)",al-Dirsi,new key
dynn_fae_13408,"common/dynasties name (literal, no CK2 loc key)",al-Tawili,new key
dynn_fae_13409,"common/dynasties name (literal, no CK2 loc key)",al-Sayyad,new key
dynn_fae_1341,"common/dynasties name (literal, no CK2 loc key)",Midgewater,new key
dynn_fae_13410,"common/dynasties name (literal, no CK2 loc key)",al-Zabdiyati,new key
dynn_fae_13411,"common/dynasties name (literal, no CK2 loc key)",al-Juri,new key
dynn_fae_13412,"common/dynasties name (literal, no CK2 loc key)",al-Nyarendi,new key
dynn_fae_13413,"common/dynasties name (literal, no CK2 loc key)",al-Jashiikhi,new key
dynn_fae_13414,"common/dynasties name (literal, no CK2 loc key)",al-Ashjahi,new key
dynn_fae_13415,"common/dynasties name (literal, no CK2 loc key)",al-Jiharri,new key
dynn_fae_13416,"common/dynasties name (literal, no CK2 loc key)",al-Somihi,new key
dynn_fae_13417,"common/dynasties name (literal, no CK2 loc key)",Rwatari,new key
dynn_fae_13418,"common/dynasties name (literal, no CK2 loc key)",al-Areefi,new key
dynn_fae_13419,"common/dynasties name (literal, no CK2 loc key)",al-Qurirahi,new key
dynn_fae_1342,"common/dynasties name (literal, no CK2 loc key)",Offerbourne,new key
dynn_fae_13420,"common/dynasties name (literal, no CK2 loc key)",al-Mugogi,new key
dynn_fae_13421,"common/dynasties name (literal, no CK2 loc key)",al-Gewahani,new key
dynn_fae_13422,"common/dynasties name (literal, no CK2 loc key)",al-Qosoderi,new key
dynn_fae_13423,"common/dynasties name (literal, no CK2 loc key)",Kayugumi,new key
dynn_fae_13424,"common/dynasties name (literal, no CK2 loc key)",el-Johara,new key
dynn_fae_13425,"common/dynasties name (literal, no CK2 loc key)",al-Ragadi,new key
dynn_fae_13426,"common/dynasties name (literal, no CK2 loc key)",al-Marli,new key
dynn_fae_13427,"common/dynasties name (literal, no CK2 loc key)",al-Habati,new key
dynn_fae_13428,"common/dynasties name (literal, no CK2 loc key)",al-Tayaraani,new key
dynn_fae_13429,"common/dynasties name (literal, no CK2 loc key)",al-Wakiteri,new key
dynn_fae_1343,"common/dynasties name (literal, no CK2 loc key)",Mirehassock,new key
dynn_fae_13430,"common/dynasties name (literal, no CK2 loc key)",al-Cabandi,new key
dynn_fae_13431,"common/dynasties name (literal, no CK2 loc key)",Belhancoli,new key
dynn_fae_13432,"common/dynasties name (literal, no CK2 loc key)",Mtwabaki,new key
dynn_fae_13433,"common/dynasties name (literal, no CK2 loc key)",al-Rukungi,new key
dynn_fae_13434,"common/dynasties name (literal, no CK2 loc key)",al-Moraani,new key
dynn_fae_13435,"common/dynasties name (literal, no CK2 loc key)",Babondi,new key
dynn_fae_13436,"common/dynasties name (literal, no CK2 loc key)",Mbaderi,new key
dynn_fae_13437,"common/dynasties name (literal, no CK2 loc key)",Wanrifi,new key
dynn_fae_13438,"common/dynasties name (literal, no CK2 loc key)",al-Muhalli,new key
dynn_fae_13439,"common/dynasties name (literal, no CK2 loc key)",Zabrati,new key
dynn_fae_1344,"common/dynasties name (literal, no CK2 loc key)",Otmoor,new key
dynn_fae_13440,"common/dynasties name (literal, no CK2 loc key)",al-Gimbi,new key
dynn_fae_13441,"common/dynasties name (literal, no CK2 loc key)",al-Zaribi,new key
dynn_fae_13442,"common/dynasties name (literal, no CK2 loc key)",al-Kasali,new key
dynn_fae_13443,"common/dynasties name (literal, no CK2 loc key)",al-Debbihi,new key
dynn_fae_13444,"common/dynasties name (literal, no CK2 loc key)",al-Bhawi,new key
dynn_fae_13445,"common/dynasties name (literal, no CK2 loc key)",al-Kodhani,new key
dynn_fae_13446,"common/dynasties name (literal, no CK2 loc key)",Simpuri,new key
dynn_fae_13447,"common/dynasties name (literal, no CK2 loc key)",Arowali,new key
dynn_fae_13448,"common/dynasties name (literal, no CK2 loc key)",al-Gadini,new key
dynn_fae_13449,"common/dynasties name (literal, no CK2 loc key)",al-Haladdi,new key
dynn_fae_1345,"common/dynasties name (literal, no CK2 loc key)",Ely,new key
dynn_fae_13450,"common/dynasties name (literal, no CK2 loc key)",al-Ghomani,new key
dynn_fae_13451,"common/dynasties name (literal, no CK2 loc key)",al-Basheri,new key
dynn_fae_13452,"common/dynasties name (literal, no CK2 loc key)",al-Taxali,new key
dynn_fae_13453,"common/dynasties name (literal, no CK2 loc key)",al-Mirbali,new key
dynn_fae_13454,"common/dynasties name (literal, no CK2 loc key)",Layyani,new key
dynn_fae_13455,"common/dynasties name (literal, no CK2 loc key)",Mansilpuri,new key
dynn_fae_13456,"common/dynasties name (literal, no CK2 loc key)",Addukoti,new key
dynn_fae_13457,"common/dynasties name (literal, no CK2 loc key)",al-Kamawali,new key
dynn_fae_13458,"common/dynasties name (literal, no CK2 loc key)",al-Shilumi,new key
dynn_fae_13459,"common/dynasties name (literal, no CK2 loc key)",al-Paski,new key
dynn_fae_1346,"common/dynasties name (literal, no CK2 loc key)",Aldgowt,new key
dynn_fae_13460,"common/dynasties name (literal, no CK2 loc key)",Muzabadi,new key
dynn_fae_13461,"common/dynasties name (literal, no CK2 loc key)",banu Shazzi,new key
dynn_fae_13462,"common/dynasties name (literal, no CK2 loc key)",banu Waughiwan,new key
dynn_fae_13463,"common/dynasties name (literal, no CK2 loc key)",banu Zab,new key
dynn_fae_13464,"common/dynasties name (literal, no CK2 loc key)",al-Shazzi al-Amani,new key
dynn_fae_13465,"common/dynasties name (literal, no CK2 loc key)",al-Zab al-Amani,new key
dynn_fae_13466,"common/dynasties name (literal, no CK2 loc key)",al-Shazzi al-Karzuwi,new key
dynn_fae_13467,"common/dynasties name (literal, no CK2 loc key)",al-Waughiwan al-Amani,new key
dynn_fae_13468,"common/dynasties name (literal, no CK2 loc key)",al-Zab al-Kaslaibi,new key
dynn_fae_13469,"common/dynasties name (literal, no CK2 loc key)",al-Shazzi al-Nouaradi,new key
dynn_fae_1347,"common/dynasties name (literal, no CK2 loc key)",Ince-in-Farsea,new key
dynn_fae_13470,"common/dynasties name (literal, no CK2 loc key)",al-Zab al-Natifi,new key
dynn_fae_13471,"common/dynasties name (literal, no CK2 loc key)",el Amini,new key
dynn_fae_13472,"common/dynasties name (literal, no CK2 loc key)",el Tarsaj,new key
dynn_fae_13473,"common/dynasties name (literal, no CK2 loc key)",yi Ithmong,new key
dynn_fae_13474,"common/dynasties name (literal, no CK2 loc key)",yi Sheirtalar,new key
dynn_fae_13475,"common/dynasties name (literal, no CK2 loc key)",el Korot,new key
dynn_fae_13476,"common/dynasties name (literal, no CK2 loc key)",el Shaari,new key
dynn_fae_13477,"common/dynasties name (literal, no CK2 loc key)",yi Debbukher,new key
dynn_fae_13478,"common/dynasties name (literal, no CK2 loc key)",el Tavarn,new key
dynn_fae_13479,"common/dynasties name (literal, no CK2 loc key)",yi Shoonach,new key
dynn_fae_1348,"common/dynasties name (literal, no CK2 loc key)",Lindenmoss,new key
dynn_fae_13480,"common/dynasties name (literal, no CK2 loc key)",yi Athkatla,new key
dynn_fae_13481,"common/dynasties name (literal, no CK2 loc key)",yi Zehoarastria,new key
dynn_fae_13482,"common/dynasties name (literal, no CK2 loc key)",el Alandamer,new key
dynn_fae_13483,"common/dynasties name (literal, no CK2 loc key)",el Sparandar,new key
dynn_fae_13484,"common/dynasties name (literal, no CK2 loc key)",yi Zazesspur,new key
dynn_fae_13485,"common/dynasties name (literal, no CK2 loc key)",yi Saradush,new key
dynn_fae_13486,"common/dynasties name (literal, no CK2 loc key)",yi Myratma,new key
dynn_fae_13487,"common/dynasties name (literal, no CK2 loc key)",yi Elestam,new key
dynn_fae_13488,"common/dynasties name (literal, no CK2 loc key)",yi Llorbauth,new key
dynn_fae_13489,"common/dynasties name (literal, no CK2 loc key)",yi Tanistan,new key
dynn_fae_1349,"common/dynasties name (literal, no CK2 loc key)",Ramsbicker,new key
dynn_fae_13490,"common/dynasties name (literal, no CK2 loc key)",yi Ankhapur,new key
dynn_fae_135,"common/dynasties name (literal, no CK2 loc key)",L'baros,new key
dynn_fae_1350,"common/dynasties name (literal, no CK2 loc key)",Marisford,new key
dynn_fae_13501,"common/dynasties name (literal, no CK2 loc key)",Adofhaer,new key
dynn_fae_13502,"common/dynasties name (literal, no CK2 loc key)",Duadil,new key
dynn_fae_13503,"common/dynasties name (literal, no CK2 loc key)",Ildacer,new key
dynn_fae_13504,"common/dynasties name (literal, no CK2 loc key)",Kraok,new key
dynn_fae_13505,"common/dynasties name (literal, no CK2 loc key)",Lusos,new key
dynn_fae_13506,"common/dynasties name (literal, no CK2 loc key)",Merilstar,new key
dynn_fae_13507,"common/dynasties name (literal, no CK2 loc key)",Mesavir,new key
dynn_fae_13508,"common/dynasties name (literal, no CK2 loc key)",Reefglider,new key
dynn_fae_13509,"common/dynasties name (literal, no CK2 loc key)",Vurtalis,new key
dynn_fae_1351,"common/dynasties name (literal, no CK2 loc key)",Chergoba,new key
dynn_fae_13510,"common/dynasties name (literal, no CK2 loc key)",Wavemaster,new key
dynn_fae_1352,"common/dynasties name (literal, no CK2 loc key)",Drazlad,new key
dynn_fae_1353,"common/dynasties name (literal, no CK2 loc key)",Tazyara,new key
dynn_fae_1354,"common/dynasties name (literal, no CK2 loc key)",Vargoba,new key
dynn_fae_1355,"common/dynasties name (literal, no CK2 loc key)",Stayankina,new key
dynn_fae_1356,"common/dynasties name (literal, no CK2 loc key)",Iltzara,new key
dynn_fae_1357,"common/dynasties name (literal, no CK2 loc key)",Kendioba,new key
dynn_fae_1358,"common/dynasties name (literal, no CK2 loc key)",Semmeon,new key
dynn_fae_1359,"common/dynasties name (literal, no CK2 loc key)",Dyreninna,new key
dynn_fae_136,"common/dynasties name (literal, no CK2 loc key)",Falrith,new key
dynn_fae_1360,"common/dynasties name (literal, no CK2 loc key)",Myrnetara,new key
dynn_fae_1361,"common/dynasties name (literal, no CK2 loc key)",Stanoga,new key
dynn_fae_1362,"common/dynasties name (literal, no CK2 loc key)",Ulmogina,new key
dynn_fae_1363,"common/dynasties name (literal, no CK2 loc key)",Staryanaka,new key
dynn_fae_1364,"common/dynasties name (literal, no CK2 loc key)",Belozoga,new key
dynn_fae_1365,"common/dynasties name (literal, no CK2 loc key)",Chernev,new key
dynn_fae_1366,"common/dynasties name (literal, no CK2 loc key)",Guric,new key
dynn_fae_1367,"common/dynasties name (literal, no CK2 loc key)",Roussom,new key
dynn_fae_1368,"common/dynasties name (literal, no CK2 loc key)",Billik,new key
dynn_fae_1369,"common/dynasties name (literal, no CK2 loc key)",Ganus,new key
dynn_fae_137,"common/dynasties name (literal, no CK2 loc key)",Barrityl,new key
dynn_fae_1370,"common/dynasties name (literal, no CK2 loc key)",Kocur,new key
dynn_fae_1371,"common/dynasties name (literal, no CK2 loc key)",Ushar,new key
dynn_fae_1372,"common/dynasties name (literal, no CK2 loc key)",Forrok,new key
dynn_fae_1373,"common/dynasties name (literal, no CK2 loc key)",Uldfest,new key
dynn_fae_1374,"common/dynasties name (literal, no CK2 loc key)",Shannath,new key
dynn_fae_1375,"common/dynasties name (literal, no CK2 loc key)",Naupau,new key
dynn_fae_1376,"common/dynasties name (literal, no CK2 loc key)",Dharvil,new key
dynn_fae_1377,"common/dynasties name (literal, no CK2 loc key)",Sundice,new key
dynn_fae_1378,"common/dynasties name (literal, no CK2 loc key)",Naramath,new key
dynn_fae_1379,"common/dynasties name (literal, no CK2 loc key)",Uldhar,new key
dynn_fae_138,"common/dynasties name (literal, no CK2 loc key)",Merzzinn,new key
dynn_fae_1380,"common/dynasties name (literal, no CK2 loc key)",Vhail,new key
dynn_fae_1381,"common/dynasties name (literal, no CK2 loc key)",Nightwind,new key
dynn_fae_1382,"common/dynasties name (literal, no CK2 loc key)",Ashatiel,new key
dynn_fae_1383,"common/dynasties name (literal, no CK2 loc key)",Adongala,new key
dynn_fae_1384,"common/dynasties name (literal, no CK2 loc key)",Driiquar,new key
dynn_fae_1385,"common/dynasties name (literal, no CK2 loc key)",Elandinai,new key
dynn_fae_13853,"common/dynasties name (literal, no CK2 loc key)",Steelfist,new key
dynn_fae_13854,"common/dynasties name (literal, no CK2 loc key)",Rager,new key
dynn_fae_13855,"common/dynasties name (literal, no CK2 loc key)",Red,new key
dynn_fae_13856,"common/dynasties name (literal, no CK2 loc key)",Grimshackle,new key
dynn_fae_13857,"common/dynasties name (literal, no CK2 loc key)",Allflame,new key
dynn_fae_13858,"common/dynasties name (literal, no CK2 loc key)",Highland,new key
dynn_fae_13859,"common/dynasties name (literal, no CK2 loc key)",Tauren,new key
dynn_fae_1386,"common/dynasties name (literal, no CK2 loc key)",Kiirquarlani,new key
dynn_fae_13860,"common/dynasties name (literal, no CK2 loc key)",Blaarkop,new key
dynn_fae_13861,"common/dynasties name (literal, no CK2 loc key)",Rotvieh,new key
dynn_fae_13862,"common/dynasties name (literal, no CK2 loc key)",Hinterwald,new key
dynn_fae_13863,"common/dynasties name (literal, no CK2 loc key)",Lineback,new key
dynn_fae_13864,"common/dynasties name (literal, no CK2 loc key)",Grauvieh,new key
dynn_fae_13865,"common/dynasties name (literal, no CK2 loc key)",Bergscheck,new key
dynn_fae_1387,"common/dynasties name (literal, no CK2 loc key)",Silathdiir,new key
dynn_fae_13870,"common/dynasties name (literal, no CK2 loc key)",Argaz,new key
dynn_fae_13871,"common/dynasties name (literal, no CK2 loc key)",Denning,new key
dynn_fae_1388,"common/dynasties name (literal, no CK2 loc key)",Xilokerym,new key
dynn_fae_1389,"common/dynasties name (literal, no CK2 loc key)",Airdance,new key
dynn_fae_139,"common/dynasties name (literal, no CK2 loc key)",Dhuurniv,new key
dynn_fae_1390,"common/dynasties name (literal, no CK2 loc key)",Arrowbreeze,new key
dynn_fae_1391,"common/dynasties name (literal, no CK2 loc key)",Peacewhisper,new key
dynn_fae_1392,"common/dynasties name (literal, no CK2 loc key)",Gemsoul,new key
dynn_fae_1393,"common/dynasties name (literal, no CK2 loc key)",Mountainstone,new key
dynn_fae_1394,"common/dynasties name (literal, no CK2 loc key)",Petalsword,new key
dynn_fae_1395,"common/dynasties name (literal, no CK2 loc key)",Shimmerwing,new key
dynn_fae_1396,"common/dynasties name (literal, no CK2 loc key)",Cragmaw,new key
dynn_fae_1397,"common/dynasties name (literal, no CK2 loc key)",Rustbone,new key
dynn_fae_1398,"common/dynasties name (literal, no CK2 loc key)",Storm,new key
dynn_fae_1399,"common/dynasties name (literal, no CK2 loc key)",Foulwater,new key
dynn_fae_14,"common/dynasties name (literal, no CK2 loc key)",Falenfold,new key
dynn_fae_140,"common/dynasties name (literal, no CK2 loc key)",Arveiaturace,new key
dynn_fae_1400,"common/dynasties name (literal, no CK2 loc key)",Hatehowl,new key
dynn_fae_14000,"common/dynasties name (literal, no CK2 loc key)",Glaktos,new key
dynn_fae_14001,"common/dynasties name (literal, no CK2 loc key)",Vasenad,new key
dynn_fae_14002,"common/dynasties name (literal, no CK2 loc key)",Crauraxik,new key
dynn_fae_14003,"common/dynasties name (literal, no CK2 loc key)",Rernandryt,new key
dynn_fae_14004,"common/dynasties name (literal, no CK2 loc key)",Khasnigeroadrar,new key
dynn_fae_14005,"common/dynasties name (literal, no CK2 loc key)",Inzokri,new key
dynn_fae_14006,"common/dynasties name (literal, no CK2 loc key)",Bingrem,new key
dynn_fae_14007,"common/dynasties name (literal, no CK2 loc key)",Torthadrar,new key
dynn_fae_14008,"common/dynasties name (literal, no CK2 loc key)",Zidrucaredit,new key
dynn_fae_14009,"common/dynasties name (literal, no CK2 loc key)",Hestudyx,new key
dynn_fae_1401,"common/dynasties name (literal, no CK2 loc key)",Deathfang,new key
dynn_fae_14010,"common/dynasties name (literal, no CK2 loc key)",Zenoslyr,new key
dynn_fae_14011,"common/dynasties name (literal, no CK2 loc key)",Dilhader,new key
dynn_fae_14012,"common/dynasties name (literal, no CK2 loc key)",Ganelas,new key
dynn_fae_14013,"common/dynasties name (literal, no CK2 loc key)",Jerlenamomer,new key
dynn_fae_14014,"common/dynasties name (literal, no CK2 loc key)",Magetha,new key
dynn_fae_14015,"common/dynasties name (literal, no CK2 loc key)",Siznos,new key
dynn_fae_14016,"common/dynasties name (literal, no CK2 loc key)",Mehunantah,new key
dynn_fae_14017,"common/dynasties name (literal, no CK2 loc key)",Pheruc,new key
dynn_fae_14018,"common/dynasties name (literal, no CK2 loc key)",Dirothi,new key
dynn_fae_14019,"common/dynasties name (literal, no CK2 loc key)",Redethe,new key
dynn_fae_1402,"common/dynasties name (literal, no CK2 loc key)",Ragetusk,new key
dynn_fae_14020,"common/dynasties name (literal, no CK2 loc key)",Tuznis,new key
dynn_fae_14021,"common/dynasties name (literal, no CK2 loc key)",Konitoaroal,new key
dynn_fae_14022,"common/dynasties name (literal, no CK2 loc key)",Scathrigennekox,new key
dynn_fae_14023,"common/dynasties name (literal, no CK2 loc key)",Fultroriktrus,new key
dynn_fae_14024,"common/dynasties name (literal, no CK2 loc key)",Hezaindrozz,new key
dynn_fae_14025,"common/dynasties name (literal, no CK2 loc key)",Lukru,new key
dynn_fae_14026,"common/dynasties name (literal, no CK2 loc key)",Klinandraus,new key
dynn_fae_14027,"common/dynasties name (literal, no CK2 loc key)",Ravdelovuzan,new key
dynn_fae_14028,"common/dynasties name (literal, no CK2 loc key)",Soktoxon,new key
dynn_fae_14029,"common/dynasties name (literal, no CK2 loc key)",Ohrad,new key
dynn_fae_1403,"common/dynasties name (literal, no CK2 loc key)",Gouger,new key
dynn_fae_14030,"common/dynasties name (literal, no CK2 loc key)",Gamnithla,new key
dynn_fae_14031,"common/dynasties name (literal, no CK2 loc key)",Zolnen,new key
dynn_fae_14032,"common/dynasties name (literal, no CK2 loc key)",Choophamath,new key
dynn_fae_14033,"common/dynasties name (literal, no CK2 loc key)",Retherele,new key
dynn_fae_14034,"common/dynasties name (literal, no CK2 loc key)",Ikigastas,new key
dynn_fae_14035,"common/dynasties name (literal, no CK2 loc key)",Fartren,new key
dynn_fae_14036,"common/dynasties name (literal, no CK2 loc key)",Kedoronal,new key
dynn_fae_14037,"common/dynasties name (literal, no CK2 loc key)",Dalnihod,new key
dynn_fae_14038,"common/dynasties name (literal, no CK2 loc key)",Ghumusoxabes,new key
dynn_fae_14039,"common/dynasties name (literal, no CK2 loc key)",Lisnaserraz,new key
dynn_fae_1404,"common/dynasties name (literal, no CK2 loc key)",Boggelmann,new key
dynn_fae_14040,"common/dynasties name (literal, no CK2 loc key)",Ondrerodatha,new key
dynn_fae_14041,"common/dynasties name (literal, no CK2 loc key)",Zolemin,new key
dynn_fae_14042,"common/dynasties name (literal, no CK2 loc key)",Mava,new key
dynn_fae_14043,"common/dynasties name (literal, no CK2 loc key)",Wanassalgris,new key
dynn_fae_14044,"common/dynasties name (literal, no CK2 loc key)",Rhizintrol,new key
dynn_fae_14045,"common/dynasties name (literal, no CK2 loc key)",Remnogarhos,new key
dynn_fae_14046,"common/dynasties name (literal, no CK2 loc key)",Halymthe,new key
dynn_fae_14047,"common/dynasties name (literal, no CK2 loc key)",Gashomighix,new key
dynn_fae_14048,"common/dynasties name (literal, no CK2 loc key)",Jathrirgomet,new key
dynn_fae_14049,"common/dynasties name (literal, no CK2 loc key)",Rhelildracaced,new key
dynn_fae_1405,"common/dynasties name (literal, no CK2 loc key)",Bauk,new key
dynn_fae_14050,"common/dynasties name (literal, no CK2 loc key)",Skikthinbaethuth,new key
dynn_fae_14051,"common/dynasties name (literal, no CK2 loc key)",Zityxa,new key
dynn_fae_14052,"common/dynasties name (literal, no CK2 loc key)",Thlaathrelumar,new key
dynn_fae_14053,"common/dynasties name (literal, no CK2 loc key)",Zinfoszox,new key
dynn_fae_14054,"common/dynasties name (literal, no CK2 loc key)",Vaunihlnel,new key
dynn_fae_14055,"common/dynasties name (literal, no CK2 loc key)",Ivelae,new key
dynn_fae_14056,"common/dynasties name (literal, no CK2 loc key)",Magrargal,new key
dynn_fae_14057,"common/dynasties name (literal, no CK2 loc key)",Vinidas,new key
dynn_fae_14058,"common/dynasties name (literal, no CK2 loc key)",Nuvoxi,new key
dynn_fae_14059,"common/dynasties name (literal, no CK2 loc key)",Kholsosor,new key
dynn_fae_1406,"common/dynasties name (literal, no CK2 loc key)",Bolo,new key
dynn_fae_14060,"common/dynasties name (literal, no CK2 loc key)",Bistrinthid,new key
dynn_fae_14061,"common/dynasties name (literal, no CK2 loc key)",Abaabustemn,new key
dynn_fae_14062,"common/dynasties name (literal, no CK2 loc key)",Suzha,new key
dynn_fae_14063,"common/dynasties name (literal, no CK2 loc key)",Zulmandar,new key
dynn_fae_14064,"common/dynasties name (literal, no CK2 loc key)",Ehrih,new key
dynn_fae_14065,"common/dynasties name (literal, no CK2 loc key)",Pauzzauk,new key
dynn_fae_14066,"common/dynasties name (literal, no CK2 loc key)",Thiromazin,new key
dynn_fae_14067,"common/dynasties name (literal, no CK2 loc key)",Tetenas,new key
dynn_fae_14068,"common/dynasties name (literal, no CK2 loc key)",Vurma,new key
dynn_fae_14069,"common/dynasties name (literal, no CK2 loc key)",Drurthishillefes,new key
dynn_fae_1407,"common/dynasties name (literal, no CK2 loc key)",Gogol,new key
dynn_fae_14070,"common/dynasties name (literal, no CK2 loc key)",Ritildralkaidroth,new key
dynn_fae_14071,"common/dynasties name (literal, no CK2 loc key)",Soohathas,new key
dynn_fae_14072,"common/dynasties name (literal, no CK2 loc key)",Kakzem,new key
dynn_fae_14073,"common/dynasties name (literal, no CK2 loc key)",Scyrwollale,new key
dynn_fae_14074,"common/dynasties name (literal, no CK2 loc key)",Sonondrexoz,new key
dynn_fae_14075,"common/dynasties name (literal, no CK2 loc key)",Fazhedandrix,new key
dynn_fae_14076,"common/dynasties name (literal, no CK2 loc key)",Chathrand,new key
dynn_fae_14077,"common/dynasties name (literal, no CK2 loc key)",Litineshon,new key
dynn_fae_14078,"common/dynasties name (literal, no CK2 loc key)",Zaskor,new key
dynn_fae_14079,"common/dynasties name (literal, no CK2 loc key)",Vandivedresh,new key
dynn_fae_1408,"common/dynasties name (literal, no CK2 loc key)",Roga,new key
dynn_fae_14080,"common/dynasties name (literal, no CK2 loc key)",Ranayes,new key
dynn_fae_14081,"common/dynasties name (literal, no CK2 loc key)",Jazhuldem,new key
dynn_fae_14082,"common/dynasties name (literal, no CK2 loc key)",Dozothnad,new key
dynn_fae_14083,"common/dynasties name (literal, no CK2 loc key)",Tathur,new key
dynn_fae_14084,"common/dynasties name (literal, no CK2 loc key)",Badrizirraghek,new key
dynn_fae_14085,"common/dynasties name (literal, no CK2 loc key)",Diluq,new key
dynn_fae_14086,"common/dynasties name (literal, no CK2 loc key)",Chandeguven,new key
dynn_fae_14087,"common/dynasties name (literal, no CK2 loc key)",Mumari,new key
dynn_fae_14088,"common/dynasties name (literal, no CK2 loc key)",Thizazmalol,new key
dynn_fae_14089,"common/dynasties name (literal, no CK2 loc key)",Charkhazi,new key
dynn_fae_1409,"common/dynasties name (literal, no CK2 loc key)",Dockin,new key
dynn_fae_14090,"common/dynasties name (literal, no CK2 loc key)",Tiszijorthur,new key
dynn_fae_14091,"common/dynasties name (literal, no CK2 loc key)",Manzi,new key
dynn_fae_14092,"common/dynasties name (literal, no CK2 loc key)",Zidha,new key
dynn_fae_14093,"common/dynasties name (literal, no CK2 loc key)",Vomnaghaesz,new key
dynn_fae_14094,"common/dynasties name (literal, no CK2 loc key)",Sage,new key
dynn_fae_14095,"common/dynasties name (literal, no CK2 loc key)",Imzeminis,new key
dynn_fae_14096,"common/dynasties name (literal, no CK2 loc key)",Tanaya,new key
dynn_fae_14097,"common/dynasties name (literal, no CK2 loc key)",Dorozred,new key
dynn_fae_14098,"common/dynasties name (literal, no CK2 loc key)",Dyshilinothal,new key
dynn_fae_14099,"common/dynasties name (literal, no CK2 loc key)",Rosexesa,new key
dynn_fae_141,"common/dynasties name (literal, no CK2 loc key)",Iceheart,new key
dynn_fae_1410,"common/dynasties name (literal, no CK2 loc key)",Powler,new key
dynn_fae_14100,"common/dynasties name (literal, no CK2 loc key)",Cherarniol,new key
dynn_fae_14101,"common/dynasties name (literal, no CK2 loc key)",Rividvolnis,new key
dynn_fae_14102,"common/dynasties name (literal, no CK2 loc key)",Lanninguh,new key
dynn_fae_14103,"common/dynasties name (literal, no CK2 loc key)",Dahekusha,new key
dynn_fae_14104,"common/dynasties name (literal, no CK2 loc key)",Shanohlin,new key
dynn_fae_14105,"common/dynasties name (literal, no CK2 loc key)",Sirlgansor,new key
dynn_fae_14106,"common/dynasties name (literal, no CK2 loc key)",Thirbeshegimoc,new key
dynn_fae_14107,"common/dynasties name (literal, no CK2 loc key)",Ivnym,new key
dynn_fae_14108,"common/dynasties name (literal, no CK2 loc key)",Clondrun,new key
dynn_fae_14109,"common/dynasties name (literal, no CK2 loc key)",Yuzyle,new key
dynn_fae_1411,"common/dynasties name (literal, no CK2 loc key)",Sloopdilmonpolop,new key
dynn_fae_14110,"common/dynasties name (literal, no CK2 loc key)",Tastikrith,new key
dynn_fae_14111,"common/dynasties name (literal, no CK2 loc key)",Zemizida,new key
dynn_fae_14112,"common/dynasties name (literal, no CK2 loc key)",Chadrerildac,new key
dynn_fae_14113,"common/dynasties name (literal, no CK2 loc key)",Somroc,new key
dynn_fae_14114,"common/dynasties name (literal, no CK2 loc key)",Thavlarioc,new key
dynn_fae_14115,"common/dynasties name (literal, no CK2 loc key)",Arlyrekekher,new key
dynn_fae_14116,"common/dynasties name (literal, no CK2 loc key)",Yazedrendrylkon,new key
dynn_fae_14117,"common/dynasties name (literal, no CK2 loc key)",Konzethighox,new key
dynn_fae_14118,"common/dynasties name (literal, no CK2 loc key)",Dolmimerace,new key
dynn_fae_14119,"common/dynasties name (literal, no CK2 loc key)",Ghecul,new key
dynn_fae_1412,"common/dynasties name (literal, no CK2 loc key)",Sloobludop,new key
dynn_fae_14120,"common/dynasties name (literal, no CK2 loc key)",Suviso,new key
dynn_fae_14121,"common/dynasties name (literal, no CK2 loc key)",Nundrathraem,new key
dynn_fae_14122,"common/dynasties name (literal, no CK2 loc key)",Puhdrortir,new key
dynn_fae_14123,"common/dynasties name (literal, no CK2 loc key)",Virnathram,new key
dynn_fae_14124,"common/dynasties name (literal, no CK2 loc key)",Erkulkijot,new key
dynn_fae_14125,"common/dynasties name (literal, no CK2 loc key)",Denaman,new key
dynn_fae_14126,"common/dynasties name (literal, no CK2 loc key)",Drauphis,new key
dynn_fae_14127,"common/dynasties name (literal, no CK2 loc key)",Lhilorholtoz,new key
dynn_fae_14128,"common/dynasties name (literal, no CK2 loc key)",Mathodemat,new key
dynn_fae_14129,"common/dynasties name (literal, no CK2 loc key)",Karaldadan,new key
dynn_fae_1413,"common/dynasties name (literal, no CK2 loc key)",Y'ha-nthlei,new key
dynn_fae_14130,"common/dynasties name (literal, no CK2 loc key)",Haetulan,new key
dynn_fae_14131,"common/dynasties name (literal, no CK2 loc key)",Dastrom,new key
dynn_fae_14132,"common/dynasties name (literal, no CK2 loc key)",Kevly,new key
dynn_fae_14133,"common/dynasties name (literal, no CK2 loc key)",Tehnis,new key
dynn_fae_14134,"common/dynasties name (literal, no CK2 loc key)",Ahila,new key
dynn_fae_14135,"common/dynasties name (literal, no CK2 loc key)",Kasrererra,new key
dynn_fae_14136,"common/dynasties name (literal, no CK2 loc key)",Kevnothalylor,new key
dynn_fae_14137,"common/dynasties name (literal, no CK2 loc key)",Itherrac,new key
dynn_fae_14138,"common/dynasties name (literal, no CK2 loc key)",Sannazesan,new key
dynn_fae_14139,"common/dynasties name (literal, no CK2 loc key)",Fylshararh,new key
dynn_fae_1414,"common/dynasties name (literal, no CK2 loc key)",Yoharneth-Lahai,new key
dynn_fae_14140,"common/dynasties name (literal, no CK2 loc key)",Haerrustollaerg,new key
dynn_fae_14141,"common/dynasties name (literal, no CK2 loc key)",Loreha,new key
dynn_fae_14142,"common/dynasties name (literal, no CK2 loc key)",Ithrerthum,new key
dynn_fae_14143,"common/dynasties name (literal, no CK2 loc key)",Elemalnen,new key
dynn_fae_14144,"common/dynasties name (literal, no CK2 loc key)",Anteruty,new key
dynn_fae_14145,"common/dynasties name (literal, no CK2 loc key)",Skymni,new key
dynn_fae_14146,"common/dynasties name (literal, no CK2 loc key)",Arghotaco,new key
dynn_fae_14147,"common/dynasties name (literal, no CK2 loc key)",Aaziste,new key
dynn_fae_14148,"common/dynasties name (literal, no CK2 loc key)",Raatonnel,new key
dynn_fae_14149,"common/dynasties name (literal, no CK2 loc key)",Ehrus,new key
dynn_fae_1415,"common/dynasties name (literal, no CK2 loc key)",Ahu-Y'hloa,new key
dynn_fae_14150,"common/dynasties name (literal, no CK2 loc key)",Ezna,new key
dynn_fae_14151,"common/dynasties name (literal, no CK2 loc key)",Oshithis,new key
dynn_fae_14152,"common/dynasties name (literal, no CK2 loc key)",Otuxal,new key
dynn_fae_14153,"common/dynasties name (literal, no CK2 loc key)",Taandrylyltet,new key
dynn_fae_14154,"common/dynasties name (literal, no CK2 loc key)",Mengugarrulis,new key
dynn_fae_14155,"common/dynasties name (literal, no CK2 loc key)",Kontraronix,new key
dynn_fae_14156,"common/dynasties name (literal, no CK2 loc key)",Zaspival,new key
dynn_fae_14157,"common/dynasties name (literal, no CK2 loc key)",Izegeldred,new key
dynn_fae_14158,"common/dynasties name (literal, no CK2 loc key)",Altex,new key
dynn_fae_14159,"common/dynasties name (literal, no CK2 loc key)",Ilglithetas,new key
dynn_fae_1416,"common/dynasties name (literal, no CK2 loc key)",G'il-Hoo,new key
dynn_fae_14160,"common/dynasties name (literal, no CK2 loc key)",Derkaq,new key
dynn_fae_14161,"common/dynasties name (literal, no CK2 loc key)",Nizeuzyzara,new key
dynn_fae_14162,"common/dynasties name (literal, no CK2 loc key)",Llilninemor,new key
dynn_fae_14163,"common/dynasties name (literal, no CK2 loc key)",Gothennol,new key
dynn_fae_14164,"common/dynasties name (literal, no CK2 loc key)",Ralmadeldran,new key
dynn_fae_14165,"common/dynasties name (literal, no CK2 loc key)",Elglesk,new key
dynn_fae_14166,"common/dynasties name (literal, no CK2 loc key)",Kesriloghanek,new key
dynn_fae_14167,"common/dynasties name (literal, no CK2 loc key)",Vuzryrerdut,new key
dynn_fae_14168,"common/dynasties name (literal, no CK2 loc key)",Lladredos,new key
dynn_fae_14169,"common/dynasties name (literal, no CK2 loc key)",Ornentakh,new key
dynn_fae_1417,"common/dynasties name (literal, no CK2 loc key)",Ya' Dich-Gho,new key
dynn_fae_14170,"common/dynasties name (literal, no CK2 loc key)",Madaznae,new key
dynn_fae_14171,"common/dynasties name (literal, no CK2 loc key)",Dandunat,new key
dynn_fae_14172,"common/dynasties name (literal, no CK2 loc key)",Nanyxa,new key
dynn_fae_14173,"common/dynasties name (literal, no CK2 loc key)",Varnas,new key
dynn_fae_14174,"common/dynasties name (literal, no CK2 loc key)",Aza,new key
dynn_fae_14175,"common/dynasties name (literal, no CK2 loc key)",Thiganthavioc,new key
dynn_fae_14176,"common/dynasties name (literal, no CK2 loc key)",Thrarlirgli,new key
dynn_fae_14177,"common/dynasties name (literal, no CK2 loc key)",Zazsazethruz,new key
dynn_fae_14178,"common/dynasties name (literal, no CK2 loc key)",Zalok,new key
dynn_fae_14179,"common/dynasties name (literal, no CK2 loc key)",Nuryvaec,new key
dynn_fae_1418,"common/dynasties name (literal, no CK2 loc key)",Hoolvilgomonop,new key
dynn_fae_14180,"common/dynasties name (literal, no CK2 loc key)",Vaaguthax,new key
dynn_fae_14181,"common/dynasties name (literal, no CK2 loc key)",Vyha,new key
dynn_fae_14182,"common/dynasties name (literal, no CK2 loc key)",Kotherlosam,new key
dynn_fae_14183,"common/dynasties name (literal, no CK2 loc key)",Rozen,new key
dynn_fae_14184,"common/dynasties name (literal, no CK2 loc key)",Phluhonauxitan,new key
dynn_fae_14185,"common/dynasties name (literal, no CK2 loc key)",Rergaultheldececht,new key
dynn_fae_14186,"common/dynasties name (literal, no CK2 loc key)",Glibethithokal,new key
dynn_fae_14187,"common/dynasties name (literal, no CK2 loc key)",Nendrassat,new key
dynn_fae_14188,"common/dynasties name (literal, no CK2 loc key)",Remrerotho,new key
dynn_fae_14189,"common/dynasties name (literal, no CK2 loc key)",Nakkirkin,new key
dynn_fae_1419,"common/dynasties name (literal, no CK2 loc key)",Zoongomonolgosh,new key
dynn_fae_14190,"common/dynasties name (literal, no CK2 loc key)",Thyspodressax,new key
dynn_fae_14191,"common/dynasties name (literal, no CK2 loc key)",Tharami,new key
dynn_fae_14192,"common/dynasties name (literal, no CK2 loc key)",Licithes,new key
dynn_fae_14193,"common/dynasties name (literal, no CK2 loc key)",Cliscarkuduth,new key
dynn_fae_14194,"common/dynasties name (literal, no CK2 loc key)",Onrethan,new key
dynn_fae_14195,"common/dynasties name (literal, no CK2 loc key)",Lenglel,new key
dynn_fae_14196,"common/dynasties name (literal, no CK2 loc key)",Khilgredanosorn,new key
dynn_fae_14197,"common/dynasties name (literal, no CK2 loc key)",Jarnylgan,new key
dynn_fae_14198,"common/dynasties name (literal, no CK2 loc key)",Mumnamith,new key
dynn_fae_14199,"common/dynasties name (literal, no CK2 loc key)",Mahrener,new key
dynn_fae_142,"common/dynasties name (literal, no CK2 loc key)",Frororen,new key
dynn_fae_1420,"common/dynasties name (literal, no CK2 loc key)",Huolagobo,new key
dynn_fae_14200,"common/dynasties name (literal, no CK2 loc key)",Zilzom,new key
dynn_fae_14201,"common/dynasties name (literal, no CK2 loc key)",Folvadryn,new key
dynn_fae_14202,"common/dynasties name (literal, no CK2 loc key)",Dartheuker,new key
dynn_fae_14203,"common/dynasties name (literal, no CK2 loc key)",Ranes,new key
dynn_fae_14204,"common/dynasties name (literal, no CK2 loc key)",Dadenidroth,new key
dynn_fae_14205,"common/dynasties name (literal, no CK2 loc key)",Hosode,new key
dynn_fae_14206,"common/dynasties name (literal, no CK2 loc key)",Yida,new key
dynn_fae_14207,"common/dynasties name (literal, no CK2 loc key)",Cezsadrith,new key
dynn_fae_14208,"common/dynasties name (literal, no CK2 loc key)",Folduuntu,new key
dynn_fae_14209,"common/dynasties name (literal, no CK2 loc key)",Rinethalarran,new key
dynn_fae_1421,"common/dynasties name (literal, no CK2 loc key)",Cartwright,new key
dynn_fae_14210,"common/dynasties name (literal, no CK2 loc key)",Kathusheron,new key
dynn_fae_14211,"common/dynasties name (literal, no CK2 loc key)",Irsune,new key
dynn_fae_14212,"common/dynasties name (literal, no CK2 loc key)",Egyzylae,new key
dynn_fae_14213,"common/dynasties name (literal, no CK2 loc key)",Kurrath,new key
dynn_fae_14214,"common/dynasties name (literal, no CK2 loc key)",Thumi,new key
dynn_fae_14215,"common/dynasties name (literal, no CK2 loc key)",Meduthsen,new key
dynn_fae_14216,"common/dynasties name (literal, no CK2 loc key)",Nadythran,new key
dynn_fae_14217,"common/dynasties name (literal, no CK2 loc key)",Kaerlecenamen,new key
dynn_fae_14218,"common/dynasties name (literal, no CK2 loc key)",Rororhraarh,new key
dynn_fae_14219,"common/dynasties name (literal, no CK2 loc key)",Sivisa,new key
dynn_fae_1422,"common/dynasties name (literal, no CK2 loc key)",Kanaoth,new key
dynn_fae_14220,"common/dynasties name (literal, no CK2 loc key)",Cadovre,new key
dynn_fae_14221,"common/dynasties name (literal, no CK2 loc key)",Adadisthas,new key
dynn_fae_14222,"common/dynasties name (literal, no CK2 loc key)",Besrak,new key
dynn_fae_14223,"common/dynasties name (literal, no CK2 loc key)",Lelnoth,new key
dynn_fae_14224,"common/dynasties name (literal, no CK2 loc key)",Luvar,new key
dynn_fae_14225,"common/dynasties name (literal, no CK2 loc key)",Gilveghoksa,new key
dynn_fae_14226,"common/dynasties name (literal, no CK2 loc key)",Churmellamo,new key
dynn_fae_14227,"common/dynasties name (literal, no CK2 loc key)",Yosize,new key
dynn_fae_14228,"common/dynasties name (literal, no CK2 loc key)",Delzeyiglosh,new key
dynn_fae_14229,"common/dynasties name (literal, no CK2 loc key)",Teza,new key
dynn_fae_1423,"common/dynasties name (literal, no CK2 loc key)",Eltharn,new key
dynn_fae_14230,"common/dynasties name (literal, no CK2 loc key)",Yina,new key
dynn_fae_14231,"common/dynasties name (literal, no CK2 loc key)",Cryrisimon,new key
dynn_fae_14232,"common/dynasties name (literal, no CK2 loc key)",Vyldudiarathuth,new key
dynn_fae_14233,"common/dynasties name (literal, no CK2 loc key)",Thodem,new key
dynn_fae_14234,"common/dynasties name (literal, no CK2 loc key)",Akuthri,new key
dynn_fae_14235,"common/dynasties name (literal, no CK2 loc key)",Renantroallasz,new key
dynn_fae_14236,"common/dynasties name (literal, no CK2 loc key)",Gisnagedrath,new key
dynn_fae_14237,"common/dynasties name (literal, no CK2 loc key)",Dovdryzyldan,new key
dynn_fae_14238,"common/dynasties name (literal, no CK2 loc key)",Loretoscan,new key
dynn_fae_14239,"common/dynasties name (literal, no CK2 loc key)",Orom,new key
dynn_fae_1424,"common/dynasties name (literal, no CK2 loc key)",Vaati,new key
dynn_fae_14240,"common/dynasties name (literal, no CK2 loc key)",Zossan,new key
dynn_fae_14241,"common/dynasties name (literal, no CK2 loc key)",Cormisirhrog,new key
dynn_fae_14242,"common/dynasties name (literal, no CK2 loc key)",Nothom,new key
dynn_fae_14243,"common/dynasties name (literal, no CK2 loc key)",Ralcidino,new key
dynn_fae_14244,"common/dynasties name (literal, no CK2 loc key)",Nelothoxi,new key
dynn_fae_14245,"common/dynasties name (literal, no CK2 loc key)",Ghuzhan,new key
dynn_fae_14246,"common/dynasties name (literal, no CK2 loc key)",Syspidostorg,new key
dynn_fae_14247,"common/dynasties name (literal, no CK2 loc key)",Dethraaneth,new key
dynn_fae_14248,"common/dynasties name (literal, no CK2 loc key)",Darnyzatha,new key
dynn_fae_14249,"common/dynasties name (literal, no CK2 loc key)",Nuzne,new key
dynn_fae_1425,"common/dynasties name (literal, no CK2 loc key)",Titankin,new key
dynn_fae_14250,"common/dynasties name (literal, no CK2 loc key)",Taazhikuthreon,new key
dynn_fae_14251,"common/dynasties name (literal, no CK2 loc key)",Drotendrax,new key
dynn_fae_14252,"common/dynasties name (literal, no CK2 loc key)",Venziathsikin,new key
dynn_fae_14253,"common/dynasties name (literal, no CK2 loc key)",Jathrandur,new key
dynn_fae_14254,"common/dynasties name (literal, no CK2 loc key)",Jarandas,new key
dynn_fae_14255,"common/dynasties name (literal, no CK2 loc key)",Lyrema,new key
dynn_fae_14256,"common/dynasties name (literal, no CK2 loc key)",Moguzraet,new key
dynn_fae_14257,"common/dynasties name (literal, no CK2 loc key)",Glacekeis,new key
dynn_fae_14258,"common/dynasties name (literal, no CK2 loc key)",Dadreulthal,new key
dynn_fae_14259,"common/dynasties name (literal, no CK2 loc key)",Vanren,new key
dynn_fae_1426,"common/dynasties name (literal, no CK2 loc key)",Chemin,new key
dynn_fae_14260,"common/dynasties name (literal, no CK2 loc key)",Vithos,new key
dynn_fae_14261,"common/dynasties name (literal, no CK2 loc key)",Phongur,new key
dynn_fae_14262,"common/dynasties name (literal, no CK2 loc key)",Datarnaelod,new key
dynn_fae_14263,"common/dynasties name (literal, no CK2 loc key)",Gasnarrotaz,new key
dynn_fae_14264,"common/dynasties name (literal, no CK2 loc key)",Amnaver,new key
dynn_fae_14265,"common/dynasties name (literal, no CK2 loc key)",Kholdrolxas,new key
dynn_fae_14266,"common/dynasties name (literal, no CK2 loc key)",Merindin,new key
dynn_fae_14267,"common/dynasties name (literal, no CK2 loc key)",Skuxeeshos,new key
dynn_fae_14268,"common/dynasties name (literal, no CK2 loc key)",Calnonthimin,new key
dynn_fae_14269,"common/dynasties name (literal, no CK2 loc key)",Aungashaston,new key
dynn_fae_1427,"common/dynasties name (literal, no CK2 loc key)",Terov,new key
dynn_fae_14270,"common/dynasties name (literal, no CK2 loc key)",Fuhmraryorafar,new key
dynn_fae_14271,"common/dynasties name (literal, no CK2 loc key)",Therumio,new key
dynn_fae_14272,"common/dynasties name (literal, no CK2 loc key)",Enusuza,new key
dynn_fae_14273,"common/dynasties name (literal, no CK2 loc key)",Kyzanamirrax,new key
dynn_fae_14274,"common/dynasties name (literal, no CK2 loc key)",Chiketheldrindan,new key
dynn_fae_14275,"common/dynasties name (literal, no CK2 loc key)",Tharlenydraen,new key
dynn_fae_14276,"common/dynasties name (literal, no CK2 loc key)",Arlurat,new key
dynn_fae_14277,"common/dynasties name (literal, no CK2 loc key)",Rylros,new key
dynn_fae_14278,"common/dynasties name (literal, no CK2 loc key)",Grenalaas,new key
dynn_fae_14279,"common/dynasties name (literal, no CK2 loc key)",Medoc,new key
dynn_fae_1428,"common/dynasties name (literal, no CK2 loc key)",Navirano,new key
dynn_fae_14280,"common/dynasties name (literal, no CK2 loc key)",Crermerdikk,new key
dynn_fae_14281,"common/dynasties name (literal, no CK2 loc key)",Olethrus,new key
dynn_fae_14282,"common/dynasties name (literal, no CK2 loc key)",Nirgallat,new key
dynn_fae_14283,"common/dynasties name (literal, no CK2 loc key)",Paegnogadedur,new key
dynn_fae_14284,"common/dynasties name (literal, no CK2 loc key)",Raltherkar,new key
dynn_fae_14285,"common/dynasties name (literal, no CK2 loc key)",Rarglulthandathis,new key
dynn_fae_14286,"common/dynasties name (literal, no CK2 loc key)",Faleru,new key
dynn_fae_14287,"common/dynasties name (literal, no CK2 loc key)",Clondorighoth,new key
dynn_fae_14288,"common/dynasties name (literal, no CK2 loc key)",Nomnerovyafar,new key
dynn_fae_14289,"common/dynasties name (literal, no CK2 loc key)",Tishighilirrol,new key
dynn_fae_1429,"common/dynasties name (literal, no CK2 loc key)",Naval,new key
dynn_fae_14290,"common/dynasties name (literal, no CK2 loc key)",Tazhirbir,new key
dynn_fae_14291,"common/dynasties name (literal, no CK2 loc key)",Daslurol,new key
dynn_fae_14292,"common/dynasties name (literal, no CK2 loc key)",Dalrihe,new key
dynn_fae_14293,"common/dynasties name (literal, no CK2 loc key)",Agonal,new key
dynn_fae_14294,"common/dynasties name (literal, no CK2 loc key)",Zelozmorlet,new key
dynn_fae_14295,"common/dynasties name (literal, no CK2 loc key)",Regremmassoran,new key
dynn_fae_14296,"common/dynasties name (literal, no CK2 loc key)",Hisaradi,new key
dynn_fae_14297,"common/dynasties name (literal, no CK2 loc key)",Rilus,new key
dynn_fae_14298,"common/dynasties name (literal, no CK2 loc key)",Embinor,new key
dynn_fae_14299,"common/dynasties name (literal, no CK2 loc key)",Metothlar,new key
dynn_fae_143,"common/dynasties name (literal, no CK2 loc key)",Kronenstrom,new key
dynn_fae_1430,"common/dynasties name (literal, no CK2 loc key)",Nomerthal,new key
dynn_fae_14300,"common/dynasties name (literal, no CK2 loc key)",Iritha,new key
dynn_fae_14301,"common/dynasties name (literal, no CK2 loc key)",Urvuthuzedomn,new key
dynn_fae_14302,"common/dynasties name (literal, no CK2 loc key)",Hazhave,new key
dynn_fae_14303,"common/dynasties name (literal, no CK2 loc key)",Curnerreles,new key
dynn_fae_14304,"common/dynasties name (literal, no CK2 loc key)",Riznala,new key
dynn_fae_14305,"common/dynasties name (literal, no CK2 loc key)",Koorraidairhek,new key
dynn_fae_14306,"common/dynasties name (literal, no CK2 loc key)",Mrartax,new key
dynn_fae_14307,"common/dynasties name (literal, no CK2 loc key)",Kitsen,new key
dynn_fae_14308,"common/dynasties name (literal, no CK2 loc key)",Valnal,new key
dynn_fae_14309,"common/dynasties name (literal, no CK2 loc key)",Mumriltan,new key
dynn_fae_1431,"common/dynasties name (literal, no CK2 loc key)",Burning Banner,new key
dynn_fae_14310,"common/dynasties name (literal, no CK2 loc key)",Festealomigi,new key
dynn_fae_14311,"common/dynasties name (literal, no CK2 loc key)",Aiscuth,new key
dynn_fae_14312,"common/dynasties name (literal, no CK2 loc key)",Vyshok,new key
dynn_fae_14313,"common/dynasties name (literal, no CK2 loc key)",Tathmango,new key
dynn_fae_14314,"common/dynasties name (literal, no CK2 loc key)",Havikalthar,new key
dynn_fae_14315,"common/dynasties name (literal, no CK2 loc key)",Hodrir,new key
dynn_fae_14316,"common/dynasties name (literal, no CK2 loc key)",Ilnanoth,new key
dynn_fae_14317,"common/dynasties name (literal, no CK2 loc key)",Goombindrez,new key
dynn_fae_14318,"common/dynasties name (literal, no CK2 loc key)",Movasae,new key
dynn_fae_14319,"common/dynasties name (literal, no CK2 loc key)",Nazid,new key
dynn_fae_1432,"common/dynasties name (literal, no CK2 loc key)",Bloody Skull,new key
dynn_fae_14320,"common/dynasties name (literal, no CK2 loc key)",Othude,new key
dynn_fae_14321,"common/dynasties name (literal, no CK2 loc key)",Virorten,new key
dynn_fae_14322,"common/dynasties name (literal, no CK2 loc key)",Crindondithiac,new key
dynn_fae_14323,"common/dynasties name (literal, no CK2 loc key)",Crurrestom,new key
dynn_fae_14324,"common/dynasties name (literal, no CK2 loc key)",Chuzhuuskli,new key
dynn_fae_14325,"common/dynasties name (literal, no CK2 loc key)",Nedrarlolkaidran,new key
dynn_fae_14326,"common/dynasties name (literal, no CK2 loc key)",Itholedanur,new key
dynn_fae_14327,"common/dynasties name (literal, no CK2 loc key)",Jothadathyth,new key
dynn_fae_14328,"common/dynasties name (literal, no CK2 loc key)",Mazaved,new key
dynn_fae_14329,"common/dynasties name (literal, no CK2 loc key)",Isziksas,new key
dynn_fae_1433,"common/dynasties name (literal, no CK2 loc key)",Sauj,new key
dynn_fae_14330,"common/dynasties name (literal, no CK2 loc key)",Whitewing,new key
dynn_fae_14331,"common/dynasties name (literal, no CK2 loc key)",Frostheart,new key
dynn_fae_14332,"common/dynasties name (literal, no CK2 loc key)",Snowfall,new key
dynn_fae_14333,"common/dynasties name (literal, no CK2 loc key)",Chillwind,new key
dynn_fae_14334,"common/dynasties name (literal, no CK2 loc key)",Icebreaker,new key
dynn_fae_14335,"common/dynasties name (literal, no CK2 loc key)",Blizzardchase,new key
dynn_fae_14336,"common/dynasties name (literal, no CK2 loc key)",Whitescale,new key
dynn_fae_14337,"common/dynasties name (literal, no CK2 loc key)",Frostflight,new key
dynn_fae_14338,"common/dynasties name (literal, no CK2 loc key)",Frostscale,new key
dynn_fae_14339,"common/dynasties name (literal, no CK2 loc key)",Stormwing,new key
dynn_fae_1434,"common/dynasties name (literal, no CK2 loc key)",Bootstrap,new key
dynn_fae_14340,"common/dynasties name (literal, no CK2 loc key)",Iceclaw,new key
dynn_fae_14341,"common/dynasties name (literal, no CK2 loc key)",Frostwyrm,new key
dynn_fae_14342,"common/dynasties name (literal, no CK2 loc key)",Frostmaw,new key
dynn_fae_14343,"common/dynasties name (literal, no CK2 loc key)",Stormcry,new key
dynn_fae_14344,"common/dynasties name (literal, no CK2 loc key)",Glimmerwing,new key
dynn_fae_14345,"common/dynasties name (literal, no CK2 loc key)",Stormtail,new key
dynn_fae_14346,"common/dynasties name (literal, no CK2 loc key)",Frostblood,new key
dynn_fae_14347,"common/dynasties name (literal, no CK2 loc key)",Doomstar,new key
dynn_fae_14348,"common/dynasties name (literal, no CK2 loc key)",Snowsting,new key
dynn_fae_14349,"common/dynasties name (literal, no CK2 loc key)",Frosteye,new key
dynn_fae_1435,"common/dynasties name (literal, no CK2 loc key)",Depth,new key
dynn_fae_14350,"common/dynasties name (literal, no CK2 loc key)",Lashing Tail,new key
dynn_fae_14351,"common/dynasties name (literal, no CK2 loc key)",Frozen Tears,new key
dynn_fae_14352,"common/dynasties name (literal, no CK2 loc key)",Chillwing,new key
dynn_fae_14353,"common/dynasties name (literal, no CK2 loc key)",Icingbreath,new key
dynn_fae_14354,"common/dynasties name (literal, no CK2 loc key)",Frostwind,new key
dynn_fae_14355,"common/dynasties name (literal, no CK2 loc key)",Sparklewyrm,new key
dynn_fae_14356,"common/dynasties name (literal, no CK2 loc key)",Silverwing,new key
dynn_fae_14357,"common/dynasties name (literal, no CK2 loc key)",Mistwings,new key
dynn_fae_14358,"common/dynasties name (literal, no CK2 loc key)",Silverscale,new key
dynn_fae_14359,"common/dynasties name (literal, no CK2 loc key)",Shiningstar,new key
dynn_fae_1436,"common/dynasties name (literal, no CK2 loc key)",Molney,new key
dynn_fae_14360,"common/dynasties name (literal, no CK2 loc key)",Silvertail,new key
dynn_fae_14361,"common/dynasties name (literal, no CK2 loc key)",Starbright,new key
dynn_fae_14362,"common/dynasties name (literal, no CK2 loc key)",Silvernight,new key
dynn_fae_14363,"common/dynasties name (literal, no CK2 loc key)",Brightdawn,new key
dynn_fae_14364,"common/dynasties name (literal, no CK2 loc key)",Silvergrasp,new key
dynn_fae_14365,"common/dynasties name (literal, no CK2 loc key)",Frozenglance,new key
dynn_fae_14366,"common/dynasties name (literal, no CK2 loc key)",Icefield,new key
dynn_fae_14367,"common/dynasties name (literal, no CK2 loc key)",Silvertongue,new key
dynn_fae_14368,"common/dynasties name (literal, no CK2 loc key)",Fireheart,new key
dynn_fae_14369,"common/dynasties name (literal, no CK2 loc key)",Redscale,new key
dynn_fae_1437,"common/dynasties name (literal, no CK2 loc key)",Vilensi,new key
dynn_fae_14370,"common/dynasties name (literal, no CK2 loc key)",Crimson Tail,new key
dynn_fae_14371,"common/dynasties name (literal, no CK2 loc key)",Fireclaws,new key
dynn_fae_14372,"common/dynasties name (literal, no CK2 loc key)",Magmaheart,new key
dynn_fae_14373,"common/dynasties name (literal, no CK2 loc key)",Thundertail,new key
dynn_fae_14374,"common/dynasties name (literal, no CK2 loc key)",Titaneater,new key
dynn_fae_14375,"common/dynasties name (literal, no CK2 loc key)",Forestburner,new key
dynn_fae_14376,"common/dynasties name (literal, no CK2 loc key)",Embertongue,new key
dynn_fae_14377,"common/dynasties name (literal, no CK2 loc key)",Steelfangs,new key
dynn_fae_14378,"common/dynasties name (literal, no CK2 loc key)",Unbreakable,new key
dynn_fae_14379,"common/dynasties name (literal, no CK2 loc key)",Ironscales,new key
dynn_fae_1438,"common/dynasties name (literal, no CK2 loc key)",Ess'ethess'th,new key
dynn_fae_14380,"common/dynasties name (literal, no CK2 loc key)",Citybreaker,new key
dynn_fae_14381,"common/dynasties name (literal, no CK2 loc key)",Firefields,new key
dynn_fae_14382,"common/dynasties name (literal, no CK2 loc key)",Elffriend,new key
dynn_fae_14383,"common/dynasties name (literal, no CK2 loc key)",Wildwyrm,new key
dynn_fae_14384,"common/dynasties name (literal, no CK2 loc key)",Viridianflash,new key
dynn_fae_14385,"common/dynasties name (literal, no CK2 loc key)",Treeeater,new key
dynn_fae_14386,"common/dynasties name (literal, no CK2 loc key)",Tallspines,new key
dynn_fae_14387,"common/dynasties name (literal, no CK2 loc key)",Greenscale,new key
dynn_fae_14388,"common/dynasties name (literal, no CK2 loc key)",Longtail,new key
dynn_fae_14389,"common/dynasties name (literal, no CK2 loc key)",Feyseeker,new key
dynn_fae_1439,"common/dynasties name (literal, no CK2 loc key)",Ossothossess,new key
dynn_fae_14390,"common/dynasties name (literal, no CK2 loc key)",Deathmist,new key
dynn_fae_14391,"common/dynasties name (literal, no CK2 loc key)",Emeraldscale,new key
dynn_fae_14392,"common/dynasties name (literal, no CK2 loc key)",Greengaze,new key
dynn_fae_14393,"common/dynasties name (literal, no CK2 loc key)",Venomwing,new key
dynn_fae_14394,"common/dynasties name (literal, no CK2 loc key)",Trailfinder,new key
dynn_fae_14395,"common/dynasties name (literal, no CK2 loc key)",Spearfang,new key
dynn_fae_14396,"common/dynasties name (literal, no CK2 loc key)",Cunningclaws,new key
dynn_fae_14397,"common/dynasties name (literal, no CK2 loc key)",Deepwood,new key
dynn_fae_14398,"common/dynasties name (literal, no CK2 loc key)",Brokenboughs,new key
dynn_fae_14399,"common/dynasties name (literal, no CK2 loc key)",Venomfang,new key
dynn_fae_144,"common/dynasties name (literal, no CK2 loc key)",Elkhardt,new key
dynn_fae_1440,"common/dynasties name (literal, no CK2 loc key)",Thess'ssess,new key
dynn_fae_14400,"common/dynasties name (literal, no CK2 loc key)",Forestkin,new key
dynn_fae_14401,"common/dynasties name (literal, no CK2 loc key)",Deepgreen,new key
dynn_fae_14402,"common/dynasties name (literal, no CK2 loc key)",Cleverclaws,new key
dynn_fae_14403,"common/dynasties name (literal, no CK2 loc key)",Greengrocer,new key
dynn_fae_14404,"common/dynasties name (literal, no CK2 loc key)",Firescale,new key
dynn_fae_14405,"common/dynasties name (literal, no CK2 loc key)",Goldgleam,new key
dynn_fae_14406,"common/dynasties name (literal, no CK2 loc key)",Lorehunter,new key
dynn_fae_14407,"common/dynasties name (literal, no CK2 loc key)",Treasurechaser,new key
dynn_fae_14408,"common/dynasties name (literal, no CK2 loc key)",Shimmerscales,new key
dynn_fae_14409,"common/dynasties name (literal, no CK2 loc key)",Glimmergold,new key
dynn_fae_1441,"common/dynasties name (literal, no CK2 loc key)",Azirrhat,new key
dynn_fae_14410,"common/dynasties name (literal, no CK2 loc key)",Fireeyes,new key
dynn_fae_14411,"common/dynasties name (literal, no CK2 loc key)",Bladebite,new key
dynn_fae_14412,"common/dynasties name (literal, no CK2 loc key)",Burningheart,new key
dynn_fae_14413,"common/dynasties name (literal, no CK2 loc key)",Gloryheart,new key
dynn_fae_14414,"common/dynasties name (literal, no CK2 loc key)",Sunriseheart,new key
dynn_fae_14415,"common/dynasties name (literal, no CK2 loc key)",Midsummer,new key
dynn_fae_14416,"common/dynasties name (literal, no CK2 loc key)",Daggertoes,new key
dynn_fae_14417,"common/dynasties name (literal, no CK2 loc key)",Brightmoon,new key
dynn_fae_14418,"common/dynasties name (literal, no CK2 loc key)",Shimmerflare,new key
dynn_fae_14419,"common/dynasties name (literal, no CK2 loc key)",Cloudchaser,new key
dynn_fae_1442,"common/dynasties name (literal, no CK2 loc key)",Stingtail,new key
dynn_fae_14420,"common/dynasties name (literal, no CK2 loc key)",Quicktongue,new key
dynn_fae_14421,"common/dynasties name (literal, no CK2 loc key)",Sunsetflame,new key
dynn_fae_14422,"common/dynasties name (literal, no CK2 loc key)",Lanterneyes,new key
dynn_fae_14423,"common/dynasties name (literal, no CK2 loc key)",Dawnsong,new key
dynn_fae_14424,"common/dynasties name (literal, no CK2 loc key)",Copperscales,new key
dynn_fae_14425,"common/dynasties name (literal, no CK2 loc key)",Copperwing,new key
dynn_fae_14426,"common/dynasties name (literal, no CK2 loc key)",Copperwyrm,new key
dynn_fae_14427,"common/dynasties name (literal, no CK2 loc key)",Gloryglider,new key
dynn_fae_14428,"common/dynasties name (literal, no CK2 loc key)",Brightbrook,new key
dynn_fae_14429,"common/dynasties name (literal, no CK2 loc key)",Songspinner,new key
dynn_fae_1443,"common/dynasties name (literal, no CK2 loc key)",Sandborn,new key
dynn_fae_14430,"common/dynasties name (literal, no CK2 loc key)",Lightleaper,new key
dynn_fae_14431,"common/dynasties name (literal, no CK2 loc key)",Daledasher,new key
dynn_fae_14432,"common/dynasties name (literal, no CK2 loc key)",Brighteyes,new key
dynn_fae_14433,"common/dynasties name (literal, no CK2 loc key)",Acidspitter,new key
dynn_fae_14434,"common/dynasties name (literal, no CK2 loc key)",Saltbreath,new key
dynn_fae_14435,"common/dynasties name (literal, no CK2 loc key)",Saltscale,new key
dynn_fae_14436,"common/dynasties name (literal, no CK2 loc key)",Cliffclimber,new key
dynn_fae_14437,"common/dynasties name (literal, no CK2 loc key)",Stormrider,new key
dynn_fae_14438,"common/dynasties name (literal, no CK2 loc key)",Bronzescale,new key
dynn_fae_14439,"common/dynasties name (literal, no CK2 loc key)",Lightningchaser,new key
dynn_fae_1444,"common/dynasties name (literal, no CK2 loc key)",Duneweaver,new key
dynn_fae_14440,"common/dynasties name (literal, no CK2 loc key)",Seaweaver,new key
dynn_fae_14441,"common/dynasties name (literal, no CK2 loc key)",Bronzehorn,new key
dynn_fae_14442,"common/dynasties name (literal, no CK2 loc key)",Shipchaser,new key
dynn_fae_14443,"common/dynasties name (literal, no CK2 loc key)",Seaheart,new key
dynn_fae_14444,"common/dynasties name (literal, no CK2 loc key)",Wavebreaker,new key
dynn_fae_14445,"common/dynasties name (literal, no CK2 loc key)",Wavercrasher,new key
dynn_fae_14446,"common/dynasties name (literal, no CK2 loc key)",Waveskimmer,new key
dynn_fae_14447,"common/dynasties name (literal, no CK2 loc key)",Stormflight,new key
dynn_fae_14448,"common/dynasties name (literal, no CK2 loc key)",Coralcrown,new key
dynn_fae_14449,"common/dynasties name (literal, no CK2 loc key)",Suddensigh,new key
dynn_fae_1445,"common/dynasties name (literal, no CK2 loc key)",Unthirsting,new key
dynn_fae_14450,"common/dynasties name (literal, no CK2 loc key)",Chatterbox,new key
dynn_fae_14451,"common/dynasties name (literal, no CK2 loc key)",Sunbeam,new key
dynn_fae_14452,"common/dynasties name (literal, no CK2 loc key)",Brassbeam,new key
dynn_fae_14453,"common/dynasties name (literal, no CK2 loc key)",Revelation,new key
dynn_fae_14454,"common/dynasties name (literal, no CK2 loc key)",Stunner,new key
dynn_fae_14455,"common/dynasties name (literal, no CK2 loc key)",Monologue,new key
dynn_fae_14456,"common/dynasties name (literal, no CK2 loc key)",Praiseworthy,new key
dynn_fae_14457,"common/dynasties name (literal, no CK2 loc key)",Climactic,new key
dynn_fae_14458,"common/dynasties name (literal, no CK2 loc key)",Daggerfangs,new key
dynn_fae_14459,"common/dynasties name (literal, no CK2 loc key)",Leapinglizard,new key
dynn_fae_1446,"common/dynasties name (literal, no CK2 loc key)",Sandwatcher,new key
dynn_fae_14460,"common/dynasties name (literal, no CK2 loc key)",Sandstormer,new key
dynn_fae_14461,"common/dynasties name (literal, no CK2 loc key)",Sandtrap,new key
dynn_fae_14462,"common/dynasties name (literal, no CK2 loc key)",Dustdancer,new key
dynn_fae_14463,"common/dynasties name (literal, no CK2 loc key)",Brighttailed,new key
dynn_fae_14464,"common/dynasties name (literal, no CK2 loc key)",Cloudwisp,new key
dynn_fae_14465,"common/dynasties name (literal, no CK2 loc key)",Emberheart,new key
dynn_fae_14466,"common/dynasties name (literal, no CK2 loc key)",Burningbreath,new key
dynn_fae_14467,"common/dynasties name (literal, no CK2 loc key)",Firetoes,new key
dynn_fae_14468,"common/dynasties name (literal, no CK2 loc key)",Brassyscale,new key
dynn_fae_14469,"common/dynasties name (literal, no CK2 loc key)",Brightscale,new key
dynn_fae_1447,"common/dynasties name (literal, no CK2 loc key)",Evenclaw,new key
dynn_fae_14470,"common/dynasties name (literal, no CK2 loc key)",Bluebelly,new key
dynn_fae_14471,"common/dynasties name (literal, no CK2 loc key)",Bluewing,new key
dynn_fae_14472,"common/dynasties name (literal, no CK2 loc key)",Bluesky,new key
dynn_fae_14473,"common/dynasties name (literal, no CK2 loc key)",Brightsky,new key
dynn_fae_14474,"common/dynasties name (literal, no CK2 loc key)",Sandstorm,new key
dynn_fae_14475,"common/dynasties name (literal, no CK2 loc key)",Terrorhorn,new key
dynn_fae_14476,"common/dynasties name (literal, no CK2 loc key)",Sandblaster,new key
dynn_fae_14477,"common/dynasties name (literal, no CK2 loc key)",Whirlwind,new key
dynn_fae_14478,"common/dynasties name (literal, no CK2 loc key)",Boltspitter,new key
dynn_fae_14479,"common/dynasties name (literal, no CK2 loc key)",Lancetongue,new key
dynn_fae_1448,"common/dynasties name (literal, no CK2 loc key)",Strongtail,new key
dynn_fae_14480,"common/dynasties name (literal, no CK2 loc key)",Widewings,new key
dynn_fae_14481,"common/dynasties name (literal, no CK2 loc key)",Cleverheart,new key
dynn_fae_14482,"common/dynasties name (literal, no CK2 loc key)",Wisetalon,new key
dynn_fae_14483,"common/dynasties name (literal, no CK2 loc key)",Glasseye,new key
dynn_fae_14484,"common/dynasties name (literal, no CK2 loc key)",Windrider,new key
dynn_fae_14485,"common/dynasties name (literal, no CK2 loc key)",Rockbreaker,new key
dynn_fae_14486,"common/dynasties name (literal, no CK2 loc key)",Tornsky,new key
dynn_fae_14487,"common/dynasties name (literal, no CK2 loc key)",Shattersky,new key
dynn_fae_14488,"common/dynasties name (literal, no CK2 loc key)",Longsight,new key
dynn_fae_14489,"common/dynasties name (literal, no CK2 loc key)",Stormstriker,new key
dynn_fae_1449,"common/dynasties name (literal, no CK2 loc key)",Masterfang,new key
dynn_fae_14490,"common/dynasties name (literal, no CK2 loc key)",Deepseeker,new key
dynn_fae_14491,"common/dynasties name (literal, no CK2 loc key)",Stinkbog,new key
dynn_fae_14492,"common/dynasties name (literal, no CK2 loc key)",Nightscale,new key
dynn_fae_14493,"common/dynasties name (literal, no CK2 loc key)",Trolleater,new key
dynn_fae_14494,"common/dynasties name (literal, no CK2 loc key)",Longclaw,new key
dynn_fae_14495,"common/dynasties name (literal, no CK2 loc key)",Skullgaze,new key
dynn_fae_14496,"common/dynasties name (literal, no CK2 loc key)",Deathfang,new key
dynn_fae_14497,"common/dynasties name (literal, no CK2 loc key)",Burnbreath,new key
dynn_fae_14498,"common/dynasties name (literal, no CK2 loc key)",Deathtouch,new key
dynn_fae_14499,"common/dynasties name (literal, no CK2 loc key)",Foulspite,new key
dynn_fae_145,"common/dynasties name (literal, no CK2 loc key)",Urs,new key
dynn_fae_1450,"common/dynasties name (literal, no CK2 loc key)",Broadeye,new key
dynn_fae_14500,"common/dynasties name (literal, no CK2 loc key)",Wasptongue,new key
dynn_fae_14501,"common/dynasties name (literal, no CK2 loc key)",Deepmurk,new key
dynn_fae_14502,"common/dynasties name (literal, no CK2 loc key)",Blackheart,new key
dynn_fae_14503,"common/dynasties name (literal, no CK2 loc key)",Flickertongue,new key
dynn_fae_14504,"common/dynasties name (literal, no CK2 loc key)",Grandgaze,new key
dynn_fae_14505,"common/dynasties name (literal, no CK2 loc key)",Deathbringer,new key
dynn_fae_14506,"common/dynasties name (literal, no CK2 loc key)",Onyxshine,new key
dynn_fae_14507,"common/dynasties name (literal, no CK2 loc key)",Shadowspite,new key
dynn_fae_14508,"common/dynasties name (literal, no CK2 loc key)",Woodswise,new key
dynn_fae_14509,"common/dynasties name (literal, no CK2 loc key)",Darkmist,new key
dynn_fae_1451,"common/dynasties name (literal, no CK2 loc key)",Sentinel,new key
dynn_fae_14510,"common/dynasties name (literal, no CK2 loc key)",Wisetongue,new key
dynn_fae_14511,"common/dynasties name (literal, no CK2 loc key)",Deepstrike,new key
dynn_fae_14512,"common/dynasties name (literal, no CK2 loc key)",Rubyscales,new key
dynn_fae_14513,"common/dynasties name (literal, no CK2 loc key)",Quickwit,new key
dynn_fae_14514,"common/dynasties name (literal, no CK2 loc key)",Meddleheart,new key
dynn_fae_14515,"common/dynasties name (literal, no CK2 loc key)",Steepdiver,new key
dynn_fae_14516,"common/dynasties name (literal, no CK2 loc key)",Manyfriends,new key
dynn_fae_14517,"common/dynasties name (literal, no CK2 loc key)",Friendfinder,new key
dynn_fae_14518,"common/dynasties name (literal, no CK2 loc key)",Planehopper,new key
dynn_fae_14519,"common/dynasties name (literal, no CK2 loc key)",Sneaknose,new key
dynn_fae_1452,"common/dynasties name (literal, no CK2 loc key)",Tireless,new key
dynn_fae_14520,"common/dynasties name (literal, no CK2 loc key)",Battlemaster,new key
dynn_fae_14521,"common/dynasties name (literal, no CK2 loc key)",Fireeyes,new key
dynn_fae_14522,"common/dynasties name (literal, no CK2 loc key)",Brightheart,new key
dynn_fae_14523,"common/dynasties name (literal, no CK2 loc key)",Gloomtide,new key
dynn_fae_14524,"common/dynasties name (literal, no CK2 loc key)",Snarlfang,new key
dynn_fae_14525,"common/dynasties name (literal, no CK2 loc key)",Grimjaws,new key
dynn_fae_14526,"common/dynasties name (literal, no CK2 loc key)",Longsight,new key
dynn_fae_14527,"common/dynasties name (literal, no CK2 loc key)",Highheads,new key
dynn_fae_14528,"common/dynasties name (literal, no CK2 loc key)",Morningdew,new key
dynn_fae_14529,"common/dynasties name (literal, no CK2 loc key)",Monsoon,new key
dynn_fae_1453,"common/dynasties name (literal, no CK2 loc key)",All-patient,new key
dynn_fae_14530,"common/dynasties name (literal, no CK2 loc key)",Brokenrock,new key
dynn_fae_14531,"common/dynasties name (literal, no CK2 loc key)",Northblood,new key
dynn_fae_14532,"common/dynasties name (literal, no CK2 loc key)",Burningsunset,new key
dynn_fae_14533,"common/dynasties name (literal, no CK2 loc key)",Rockleaper,new key
dynn_fae_14534,"common/dynasties name (literal, no CK2 loc key)",Lightscatter,new key
dynn_fae_14535,"common/dynasties name (literal, no CK2 loc key)",Fishfinder,new key
dynn_fae_14536,"common/dynasties name (literal, no CK2 loc key)",Coincounter,new key
dynn_fae_14537,"common/dynasties name (literal, no CK2 loc key)",Shimmertail,new key
dynn_fae_14538,"common/dynasties name (literal, no CK2 loc key)",Farwander,new key
dynn_fae_14539,"common/dynasties name (literal, no CK2 loc key)",Silentsage,new key
dynn_fae_14540,"common/dynasties name (literal, no CK2 loc key)",Mindstriker,new key
dynn_fae_14541,"common/dynasties name (literal, no CK2 loc key)",Waveskimmer,new key
dynn_fae_14542,"common/dynasties name (literal, no CK2 loc key)",Quartzscale,new key
dynn_fae_14543,"common/dynasties name (literal, no CK2 loc key)",Whisperborn,new key
dynn_fae_14544,"common/dynasties name (literal, no CK2 loc key)",Battleborn,new key
dynn_fae_14545,"common/dynasties name (literal, no CK2 loc key)",Longfang,new key
dynn_fae_14546,"common/dynasties name (literal, no CK2 loc key)",Flickerdelve,new key
dynn_fae_14547,"common/dynasties name (literal, no CK2 loc key)",Needlehide,new key
dynn_fae_14548,"common/dynasties name (literal, no CK2 loc key)",Eaveshadow,new key
dynn_fae_14549,"common/dynasties name (literal, no CK2 loc key)",Murkfell,new key
dynn_fae_1455,"common/dynasties name (literal, no CK2 loc key)",Sandgrasp,new key
dynn_fae_14550,"common/dynasties name (literal, no CK2 loc key)",Sandsea,new key
dynn_fae_14551,"common/dynasties name (literal, no CK2 loc key)",Coldglare,new key
dynn_fae_14552,"common/dynasties name (literal, no CK2 loc key)",Fireblood,new key
dynn_fae_14553,"common/dynasties name (literal, no CK2 loc key)",Midnighttwinkle,new key
dynn_fae_14554,"common/dynasties name (literal, no CK2 loc key)",Dawnspark,new key
dynn_fae_14555,"common/dynasties name (literal, no CK2 loc key)",Nightflash,new key
dynn_fae_14556,"common/dynasties name (literal, no CK2 loc key)",Goldglare,new key
dynn_fae_14557,"common/dynasties name (literal, no CK2 loc key)",Daledancer,new key
dynn_fae_14558,"common/dynasties name (literal, no CK2 loc key)",Deathwail,new key
dynn_fae_14559,"common/dynasties name (literal, no CK2 loc key)",Quickglance,new key
dynn_fae_1456,"common/dynasties name (literal, no CK2 loc key)",Lavan,new key
dynn_fae_14560,"common/dynasties name (literal, no CK2 loc key)",Deathstrike,new key
dynn_fae_14561,"common/dynasties name (literal, no CK2 loc key)",Dustwind,new key
dynn_fae_14562,"common/dynasties name (literal, no CK2 loc key)",Gembright,new key
dynn_fae_14563,"common/dynasties name (literal, no CK2 loc key)",Deepshade,new key
dynn_fae_14564,"common/dynasties name (literal, no CK2 loc key)",Deathshriek,new key
dynn_fae_14565,"common/dynasties name (literal, no CK2 loc key)",Manyhues,new key
dynn_fae_14566,"common/dynasties name (literal, no CK2 loc key)",Beastbreaker,new key
dynn_fae_14567,"common/dynasties name (literal, no CK2 loc key)",Dragonkin,new key
dynn_fae_14568,"common/dynasties name (literal, no CK2 loc key)",Shadowrun,new key
dynn_fae_14569,"common/dynasties name (literal, no CK2 loc key)",Deepdelve,new key
dynn_fae_1457,"common/dynasties name (literal, no CK2 loc key)",Imixian,new key
dynn_fae_14570,"common/dynasties name (literal, no CK2 loc key)",Stonebreaker,new key
dynn_fae_14571,"common/dynasties name (literal, no CK2 loc key)",Gatherhands,new key
dynn_fae_14572,"common/dynasties name (literal, no CK2 loc key)",Ironforger,new key
dynn_fae_14573,"common/dynasties name (literal, no CK2 loc key)",Brightscale,new key
dynn_fae_14574,"common/dynasties name (literal, no CK2 loc key)",Longtail,new key
dynn_fae_14575,"common/dynasties name (literal, no CK2 loc key)",Gathergold,new key
dynn_fae_14576,"common/dynasties name (literal, no CK2 loc key)",Quickblades,new key
dynn_fae_14577,"common/dynasties name (literal, no CK2 loc key)",Hornbrow,new key
dynn_fae_14578,"common/dynasties name (literal, no CK2 loc key)",Nimbleclaw,new key
dynn_fae_14579,"common/dynasties name (literal, no CK2 loc key)",Scatterstone,new key
dynn_fae_1458,"common/dynasties name (literal, no CK2 loc key)",Tephran,new key
dynn_fae_14580,"common/dynasties name (literal, no CK2 loc key)",Queenborn,new key
dynn_fae_14581,"common/dynasties name (literal, no CK2 loc key)",Coldhand,new key
dynn_fae_14582,"common/dynasties name (literal, no CK2 loc key)",Raurokhymdhar,new key
dynn_fae_14583,"common/dynasties name (literal, no CK2 loc key)",Duncan,new key
dynn_fae_14584,"common/dynasties name (literal, no CK2 loc key)",Hallower,new key
dynn_fae_14585,"common/dynasties name (literal, no CK2 loc key)",Gray Wolf,new key
dynn_fae_14586,"common/dynasties name (literal, no CK2 loc key)",Venerun,new key
dynn_fae_14587,"common/dynasties name (literal, no CK2 loc key)",Swifthands,new key
dynn_fae_14588,"common/dynasties name (literal, no CK2 loc key)",Domo,new key
dynn_fae_14589,"common/dynasties name (literal, no CK2 loc key)",Thorndrove,new key
dynn_fae_1459,"common/dynasties name (literal, no CK2 loc key)",Felsic,new key
dynn_fae_14590,"common/dynasties name (literal, no CK2 loc key)",of the Farsea Marshes,new key
dynn_fae_14591,"common/dynasties name (literal, no CK2 loc key)",Archwood,new key
dynn_fae_14592,"common/dynasties name (literal, no CK2 loc key)",Harkspur,new key
dynn_fae_14593,"common/dynasties name (literal, no CK2 loc key)",Barterman,new key
dynn_fae_14594,"common/dynasties name (literal, no CK2 loc key)",of the Wild,new key
dynn_fae_14595,"common/dynasties name (literal, no CK2 loc key)",Harcantel,new key
dynn_fae_14596,"common/dynasties name (literal, no CK2 loc key)",Horstanneth,new key
dynn_fae_14597,"common/dynasties name (literal, no CK2 loc key)",Soargyl,new key
dynn_fae_14598,"common/dynasties name (literal, no CK2 loc key)",Orvrant,new key
dynn_fae_14599,"common/dynasties name (literal, no CK2 loc key)",Kremond,new key
dynn_fae_146,"common/dynasties name (literal, no CK2 loc key)",Bjarni,new key
dynn_fae_1460,"common/dynasties name (literal, no CK2 loc key)",Mafic,new key
dynn_fae_14600,"common/dynasties name (literal, no CK2 loc key)",Ravensword,new key
dynn_fae_14601,"common/dynasties name (literal, no CK2 loc key)",Tethcampros,new key
dynn_fae_14602,"common/dynasties name (literal, no CK2 loc key)",Hilmhaven,new key
dynn_fae_14603,"common/dynasties name (literal, no CK2 loc key)",Olandor,new key
dynn_fae_14604,"common/dynasties name (literal, no CK2 loc key)",Stormweather,new key
dynn_fae_14605,"common/dynasties name (literal, no CK2 loc key)",Aukanor,new key
dynn_fae_14606,"common/dynasties name (literal, no CK2 loc key)",Rylant,new key
dynn_fae_14607,"common/dynasties name (literal, no CK2 loc key)",Cale,new key
dynn_fae_14608,"common/dynasties name (literal, no CK2 loc key)",Tanelle,new key
dynn_fae_14609,"common/dynasties name (literal, no CK2 loc key)",Battuta,new key
dynn_fae_1461,"common/dynasties name (literal, no CK2 loc key)",Pyroclasm,new key
dynn_fae_14610,"common/dynasties name (literal, no CK2 loc key)",Do'urden,new key
dynn_fae_14611,"common/dynasties name (literal, no CK2 loc key)",Brightmantle,new key
dynn_fae_14612,"common/dynasties name (literal, no CK2 loc key)",Shashou,new key
dynn_fae_14613,"common/dynasties name (literal, no CK2 loc key)",yn Nasser,new key
dynn_fae_14614,"common/dynasties name (literal, no CK2 loc key)",Parched Claw,new key
dynn_fae_14615,"common/dynasties name (literal, no CK2 loc key)",Brightblade,new key
dynn_fae_14616,"common/dynasties name (literal, no CK2 loc key)",Galdain,new key
dynn_fae_14617,"common/dynasties name (literal, no CK2 loc key)",Selim,new key
dynn_fae_14618,"common/dynasties name (literal, no CK2 loc key)",Geth,new key
dynn_fae_14619,"common/dynasties name (literal, no CK2 loc key)",Kemsi,new key
dynn_fae_1462,"common/dynasties name (literal, no CK2 loc key)",Komatiite,new key
dynn_fae_14620,"common/dynasties name (literal, no CK2 loc key)",Zuind,new key
dynn_fae_14621,"common/dynasties name (literal, no CK2 loc key)",Xarann,new key
dynn_fae_14622,"common/dynasties name (literal, no CK2 loc key)",Ult,new key
dynn_fae_14623,"common/dynasties name (literal, no CK2 loc key)",Drakebone,new key
dynn_fae_14624,"common/dynasties name (literal, no CK2 loc key)",Mooneater,new key
dynn_fae_14625,"common/dynasties name (literal, no CK2 loc key)",Havarlan,new key
dynn_fae_14626,"common/dynasties name (literal, no CK2 loc key)",Azhaq,new key
dynn_fae_14627,"common/dynasties name (literal, no CK2 loc key)",Hookhand,new key
dynn_fae_14628,"common/dynasties name (literal, no CK2 loc key)",Tornfin,new key
dynn_fae_14629,"common/dynasties name (literal, no CK2 loc key)",Uiloobdipup,new key
dynn_fae_1463,"common/dynasties name (literal, no CK2 loc key)",Novarupta,new key
dynn_fae_14630,"common/dynasties name (literal, no CK2 loc key)",Wattaril,new key
dynn_fae_14631,"common/dynasties name (literal, no CK2 loc key)",Blogg,new key
dynn_fae_14632,"common/dynasties name (literal, no CK2 loc key)",Tsalli,new key
dynn_fae_14633,"common/dynasties name (literal, no CK2 loc key)",Saltgut,new key
dynn_fae_14634,"common/dynasties name (literal, no CK2 loc key)",Quasordell,new key
dynn_fae_14635,"common/dynasties name (literal, no CK2 loc key)",Famath,new key
dynn_fae_14636,"common/dynasties name (literal, no CK2 loc key)",Jedea,new key
dynn_fae_14637,"common/dynasties name (literal, no CK2 loc key)",Frah,new key
dynn_fae_14638,"common/dynasties name (literal, no CK2 loc key)",Wavekin,new key
dynn_fae_14639,"common/dynasties name (literal, no CK2 loc key)",Tiderunner,new key
dynn_fae_1464,"common/dynasties name (literal, no CK2 loc key)",Lahar,new key
dynn_fae_14640,"common/dynasties name (literal, no CK2 loc key)",Highcrest,new key
dynn_fae_14641,"common/dynasties name (literal, no CK2 loc key)",Snowmane,new key
dynn_fae_14642,"common/dynasties name (literal, no CK2 loc key)",Khendarhine,new key
dynn_fae_14643,"common/dynasties name (literal, no CK2 loc key)",Hywillan,new key
dynn_fae_14644,"common/dynasties name (literal, no CK2 loc key)",Selandin,new key
dynn_fae_14645,"common/dynasties name (literal, no CK2 loc key)",Ftajhu,new key
dynn_fae_14646,"common/dynasties name (literal, no CK2 loc key)",Ghaunadaur,new key
dynn_fae_14647,"common/dynasties name (literal, no CK2 loc key)",Ilivir,new key
dynn_fae_14648,"common/dynasties name (literal, no CK2 loc key)",Mako,new key
dynn_fae_14649,"common/dynasties name (literal, no CK2 loc key)",Gungvog,new key
dynn_fae_1465,"common/dynasties name (literal, no CK2 loc key)",Lapilli,new key
dynn_fae_14650,"common/dynasties name (literal, no CK2 loc key)",Taslan,new key
dynn_fae_14651,"common/dynasties name (literal, no CK2 loc key)",Darkwood,new key
dynn_fae_14652,"common/dynasties name (literal, no CK2 loc key)",Sibyl,new key
dynn_fae_14653,"common/dynasties name (literal, no CK2 loc key)",Isstossefil,new key
dynn_fae_14654,"common/dynasties name (literal, no CK2 loc key)",Tolar,new key
dynn_fae_14655,"common/dynasties name (literal, no CK2 loc key)",Sparsemane,new key
dynn_fae_14656,"common/dynasties name (literal, no CK2 loc key)",Essamdan,new key
dynn_fae_14657,"common/dynasties name (literal, no CK2 loc key)",Fatifhn,new key
dynn_fae_14658,"common/dynasties name (literal, no CK2 loc key)",Lizass,new key
dynn_fae_14659,"common/dynasties name (literal, no CK2 loc key)",Stormcrown,new key
dynn_fae_1466,"common/dynasties name (literal, no CK2 loc key)",Laze,new key
dynn_fae_14660,"common/dynasties name (literal, no CK2 loc key)",Tokaros,new key
dynn_fae_14661,"common/dynasties name (literal, no CK2 loc key)",Dustpaw,new key
dynn_fae_14662,"common/dynasties name (literal, no CK2 loc key)",Desin,new key
dynn_fae_14663,"common/dynasties name (literal, no CK2 loc key)",Amwaj,new key
dynn_fae_14664,"common/dynasties name (literal, no CK2 loc key)",Coldtongue,new key
dynn_fae_14665,"common/dynasties name (literal, no CK2 loc key)",Shallowstalker,new key
dynn_fae_14666,"common/dynasties name (literal, no CK2 loc key)",Yantal,new key
dynn_fae_14667,"common/dynasties name (literal, no CK2 loc key)",Harlhaun,new key
dynn_fae_14668,"common/dynasties name (literal, no CK2 loc key)",Nolin,new key
dynn_fae_14669,"common/dynasties name (literal, no CK2 loc key)",Jathlet,new key
dynn_fae_1467,"common/dynasties name (literal, no CK2 loc key)",Vog,new key
dynn_fae_14670,"common/dynasties name (literal, no CK2 loc key)",Iotla,new key
dynn_fae_14671,"common/dynasties name (literal, no CK2 loc key)",Olaundran,new key
dynn_fae_14672,"common/dynasties name (literal, no CK2 loc key)",Metalbane,new key
dynn_fae_14673,"common/dynasties name (literal, no CK2 loc key)",Riverhunter,new key
dynn_fae_14674,"common/dynasties name (literal, no CK2 loc key)",Cateq,new key
dynn_fae_14675,"common/dynasties name (literal, no CK2 loc key)",Sussorol,new key
dynn_fae_14676,"common/dynasties name (literal, no CK2 loc key)",Quiethunt,new key
dynn_fae_14677,"common/dynasties name (literal, no CK2 loc key)",Grubtooth,new key
dynn_fae_14678,"common/dynasties name (literal, no CK2 loc key)",Demonhorn,new key
dynn_fae_14679,"common/dynasties name (literal, no CK2 loc key)",Duskleaf,new key
dynn_fae_1468,"common/dynasties name (literal, no CK2 loc key)",Api Biru,new key
dynn_fae_14680,"common/dynasties name (literal, no CK2 loc key)",Tanfyr,new key
dynn_fae_14681,"common/dynasties name (literal, no CK2 loc key)",of Five Trees,new key
dynn_fae_14682,"common/dynasties name (literal, no CK2 loc key)",Icefoot,new key
dynn_fae_14683,"common/dynasties name (literal, no CK2 loc key)",Landwarder,new key
dynn_fae_14684,"common/dynasties name (literal, no CK2 loc key)",Oakhome,new key
dynn_fae_14685,"common/dynasties name (literal, no CK2 loc key)",Tunsten,new key
dynn_fae_14686,"common/dynasties name (literal, no CK2 loc key)",Whitebrow,new key
dynn_fae_14687,"common/dynasties name (literal, no CK2 loc key)",Xexillidaulgrymm,new key
dynn_fae_14688,"common/dynasties name (literal, no CK2 loc key)",of the Fiery Peaks,new key
dynn_fae_14689,"common/dynasties name (literal, no CK2 loc key)",Skysigh,new key
dynn_fae_1469,"common/dynasties name (literal, no CK2 loc key)",Scoria,new key
dynn_fae_14690,"common/dynasties name (literal, no CK2 loc key)",Holtol,new key
dynn_fae_14691,"common/dynasties name (literal, no CK2 loc key)",Segoll,new key
dynn_fae_147,"common/dynasties name (literal, no CK2 loc key)",Ingeloakastimizilian,new key
dynn_fae_1470,"common/dynasties name (literal, no CK2 loc key)",Maar,new key
dynn_fae_1471,"common/dynasties name (literal, no CK2 loc key)",Dampcrawl,new key
dynn_fae_1472,"common/dynasties name (literal, no CK2 loc key)",Lickworm,new key
dynn_fae_1473,"common/dynasties name (literal, no CK2 loc key)",Cavernmulch,new key
dynn_fae_1474,"common/dynasties name (literal, no CK2 loc key)",Grottenolm,new key
dynn_fae_1475,"common/dynasties name (literal, no CK2 loc key)",Fleelight,new key
dynn_fae_1476,"common/dynasties name (literal, no CK2 loc key)",Forkbearer,new key
dynn_fae_1477,"common/dynasties name (literal, no CK2 loc key)",Ironskin,new key
dynn_fae_1478,"common/dynasties name (literal, no CK2 loc key)",Yellowspot,new key
dynn_fae_1479,"common/dynasties name (literal, no CK2 loc key)",Falsebrook,new key
dynn_fae_148,"common/dynasties name (literal, no CK2 loc key)",Coldscale,new key
dynn_fae_1480,"common/dynasties name (literal, no CK2 loc key)",Fungustongue,new key
dynn_fae_1481,"common/dynasties name (literal, no CK2 loc key)",Webfoot,new key
dynn_fae_1482,"common/dynasties name (literal, no CK2 loc key)",Wurmpoison,new key
dynn_fae_1483,"common/dynasties name (literal, no CK2 loc key)",Flatfoot,new key
dynn_fae_1484,"common/dynasties name (literal, no CK2 loc key)",Gristlehead,new key
dynn_fae_1485,"common/dynasties name (literal, no CK2 loc key)",Manyfangs,new key
dynn_fae_1486,"common/dynasties name (literal, no CK2 loc key)",Laimos,new key
dynn_fae_1487,"common/dynasties name (literal, no CK2 loc key)",Belus,new key
dynn_fae_1488,"common/dynasties name (literal, no CK2 loc key)",Lybie,new key
dynn_fae_1489,"common/dynasties name (literal, no CK2 loc key)",Lamos,new key
dynn_fae_149,"common/dynasties name (literal, no CK2 loc key)",Arnsfirth,new key
dynn_fae_1490,"common/dynasties name (literal, no CK2 loc key)",Laestrygon,new key
dynn_fae_1491,"common/dynasties name (literal, no CK2 loc key)",Mormo,new key
dynn_fae_1492,"common/dynasties name (literal, no CK2 loc key)",Mormolykeion,new key
dynn_fae_1493,"common/dynasties name (literal, no CK2 loc key)",Gello,new key
dynn_fae_1494,"common/dynasties name (literal, no CK2 loc key)",Gorgo,new key
dynn_fae_1495,"common/dynasties name (literal, no CK2 loc key)",Ephialtes,new key
dynn_fae_1496,"common/dynasties name (literal, no CK2 loc key)",Empousa,new key
dynn_fae_14962,"common/dynasties name (literal, no CK2 loc key)",Kethtrod,new key
dynn_fae_14963,"common/dynasties name (literal, no CK2 loc key)",Firestorm,new key
dynn_fae_14964,"common/dynasties name (literal, no CK2 loc key)",of the Choir,new key
dynn_fae_14965,"common/dynasties name (literal, no CK2 loc key)",Bluesinger,new key
dynn_fae_14966,"common/dynasties name (literal, no CK2 loc key)",Stin,new key
dynn_fae_14967,"common/dynasties name (literal, no CK2 loc key)",Crywinds,new key
dynn_fae_14968,"common/dynasties name (literal, no CK2 loc key)",Nihmedu,new key
dynn_fae_14969,"common/dynasties name (literal, no CK2 loc key)",Moonsnow,new key
dynn_fae_1497,"common/dynasties name (literal, no CK2 loc key)",Poine,new key
dynn_fae_14970,"common/dynasties name (literal, no CK2 loc key)",Dhunbel,new key
dynn_fae_14971,"common/dynasties name (literal, no CK2 loc key)",Kan,new key
dynn_fae_14972,"common/dynasties name (literal, no CK2 loc key)",Mopan,new key
dynn_fae_14973,"common/dynasties name (literal, no CK2 loc key)",Belizzian,new key
dynn_fae_14974,"common/dynasties name (literal, no CK2 loc key)",of the Yuirwood,new key
dynn_fae_14975,"common/dynasties name (literal, no CK2 loc key)",Yilmaz,new key
dynn_fae_14976,"common/dynasties name (literal, no CK2 loc key)",Bael,new key
dynn_fae_14977,"common/dynasties name (literal, no CK2 loc key)",of Moray,new key
dynn_fae_14978,"common/dynasties name (literal, no CK2 loc key)",Morthakal,new key
dynn_fae_14979,"common/dynasties name (literal, no CK2 loc key)",of the Celestial Nadir,new key
dynn_fae_1498,"common/dynasties name (literal, no CK2 loc key)",Sybaris,new key
dynn_fae_14980,"common/dynasties name (literal, no CK2 loc key)",Coldfin,new key
dynn_fae_14981,"common/dynasties name (literal, no CK2 loc key)",Itegik,new key
dynn_fae_14982,"common/dynasties name (literal, no CK2 loc key)",Erkuntur,new key
dynn_fae_14983,"common/dynasties name (literal, no CK2 loc key)",Olnegildran,new key
dynn_fae_14984,"common/dynasties name (literal, no CK2 loc key)",Bloodbeak,new key
dynn_fae_14985,"common/dynasties name (literal, no CK2 loc key)",Urzuskler,new key
dynn_fae_14986,"common/dynasties name (literal, no CK2 loc key)",Qasi Alqalb,new key
dynn_fae_14987,"common/dynasties name (literal, no CK2 loc key)",Coldfeather,new key
dynn_fae_14988,"common/dynasties name (literal, no CK2 loc key)",Lagrezrizit,new key
dynn_fae_14989,"common/dynasties name (literal, no CK2 loc key)",Proudstandard,new key
dynn_fae_1499,"common/dynasties name (literal, no CK2 loc key)",Anguipes,new key
dynn_fae_14990,"common/dynasties name (literal, no CK2 loc key)",Silverfriend,new key
dynn_fae_14991,"common/dynasties name (literal, no CK2 loc key)",Doucard,new key
dynn_fae_14992,"common/dynasties name (literal, no CK2 loc key)",Alathar,new key
dynn_fae_14993,"common/dynasties name (literal, no CK2 loc key)",Cururen,new key
dynn_fae_14994,"common/dynasties name (literal, no CK2 loc key)",Brightlance,new key
dynn_fae_14995,"common/dynasties name (literal, no CK2 loc key)",Mulophor,new key
dynn_fae_14996,"common/dynasties name (literal, no CK2 loc key)",of Sargauth,new key
dynn_fae_14997,"common/dynasties name (literal, no CK2 loc key)",Solaz,new key
dynn_fae_14998,"common/dynasties name (literal, no CK2 loc key)",Sequora,new key
dynn_fae_15,"common/dynasties name (literal, no CK2 loc key)",Shremey,new key
dynn_fae_150,"common/dynasties name (literal, no CK2 loc key)",Spinecrush,new key
dynn_fae_1500,"common/dynasties name (literal, no CK2 loc key)",Bonny,new key
dynn_fae_1501,"common/dynasties name (literal, no CK2 loc key)",Morgan,new key
dynn_fae_1502,"common/dynasties name (literal, no CK2 loc key)",Read,new key
dynn_fae_1503,"common/dynasties name (literal, no CK2 loc key)",Bucker,new key
dynn_fae_1504,"common/dynasties name (literal, no CK2 loc key)",Raurym,new key
dynn_fae_1505,"common/dynasties name (literal, no CK2 loc key)",Baram,new key
dynn_fae_1506,"common/dynasties name (literal, no CK2 loc key)",Kurth,new key
dynn_fae_1507,"common/dynasties name (literal, no CK2 loc key)",Rethnor,new key
dynn_fae_1508,"common/dynasties name (literal, no CK2 loc key)",Suljack,new key
dynn_fae_1509,"common/dynasties name (literal, no CK2 loc key)",Taerl,new key
dynn_fae_151,"common/dynasties name (literal, no CK2 loc key)",Frostbound,new key
dynn_fae_1510,"common/dynasties name (literal, no CK2 loc key)",Taskaloath,new key
dynn_fae_15100,"common/dynasties name (literal, no CK2 loc key)",of Xxiphu,new key
dynn_fae_15101,"common/dynasties name (literal, no CK2 loc key)",Abbathorson,new key
dynn_fae_15102,"common/dynasties name (literal, no CK2 loc key)",Stalkersdaughter,new key
dynn_fae_15103,"common/dynasties name (literal, no CK2 loc key)",Flamedancer,new key
dynn_fae_15104,"common/dynasties name (literal, no CK2 loc key)",Trill,new key
dynn_fae_15105,"common/dynasties name (literal, no CK2 loc key)",Gemfacet,new key
dynn_fae_15106,"common/dynasties name (literal, no CK2 loc key)",Spearbound,new key
dynn_fae_15107,"common/dynasties name (literal, no CK2 loc key)",Lavahand,new key
dynn_fae_15108,"common/dynasties name (literal, no CK2 loc key)",Bonemarcher,new key
dynn_fae_15109,"common/dynasties name (literal, no CK2 loc key)",Salen,new key
dynn_fae_1511,"common/dynasties name (literal, no CK2 loc key)",Brightwood,new key
dynn_fae_15110,"common/dynasties name (literal, no CK2 loc key)",of Anaurian,new key
dynn_fae_15111,"common/dynasties name (literal, no CK2 loc key)",Deepgaze,new key
dynn_fae_15112,"common/dynasties name (literal, no CK2 loc key)",of Graypeaks,new key
dynn_fae_15113,"common/dynasties name (literal, no CK2 loc key)",Eldereyes,new key
dynn_fae_15114,"common/dynasties name (literal, no CK2 loc key)",Eversight,new key
dynn_fae_15115,"common/dynasties name (literal, no CK2 loc key)",Fineeyes,new key
dynn_fae_15116,"common/dynasties name (literal, no CK2 loc key)",Manyrays,new key
dynn_fae_15117,"common/dynasties name (literal, no CK2 loc key)",Deepmaw,new key
dynn_fae_15118,"common/dynasties name (literal, no CK2 loc key)",Perceiver,new key
dynn_fae_15119,"common/dynasties name (literal, no CK2 loc key)",Blacktooth,new key
dynn_fae_1512,"common/dynasties name (literal, no CK2 loc key)",Helder,new key
dynn_fae_15120,"common/dynasties name (literal, no CK2 loc key)",Stargazer,new key
dynn_fae_15121,"common/dynasties name (literal, no CK2 loc key)",of Bral,new key
dynn_fae_15122,"common/dynasties name (literal, no CK2 loc key)",of Skullport,new key
dynn_fae_15123,"common/dynasties name (literal, no CK2 loc key)",Darkeyes,new key
dynn_fae_15124,"common/dynasties name (literal, no CK2 loc key)",Thurbal,new key
dynn_fae_15125,"common/dynasties name (literal, no CK2 loc key)",Monteskor,new key
dynn_fae_15126,"common/dynasties name (literal, no CK2 loc key)",Ironfinger,new key
dynn_fae_15127,"common/dynasties name (literal, no CK2 loc key)",Southhold,new key
dynn_fae_15128,"common/dynasties name (literal, no CK2 loc key)",Rhuul,new key
dynn_fae_15129,"common/dynasties name (literal, no CK2 loc key)",Sealover,new key
dynn_fae_1513,"common/dynasties name (literal, no CK2 loc key)",Hornraven,new key
dynn_fae_15130,"common/dynasties name (literal, no CK2 loc key)",Booker,new key
dynn_fae_15131,"common/dynasties name (literal, no CK2 loc key)",Xibrindas,new key
dynn_fae_15132,"common/dynasties name (literal, no CK2 loc key)",Ftihillt,new key
dynn_fae_15133,"common/dynasties name (literal, no CK2 loc key)",Ur'gray,new key
dynn_fae_15134,"common/dynasties name (literal, no CK2 loc key)",Takemura,new key
dynn_fae_15135,"common/dynasties name (literal, no CK2 loc key)",Uthloth,new key
dynn_fae_15136,"common/dynasties name (literal, no CK2 loc key)",Draal,new key
dynn_fae_15137,"common/dynasties name (literal, no CK2 loc key)",Featherstone,new key
dynn_fae_15138,"common/dynasties name (literal, no CK2 loc key)",SeTann,new key
dynn_fae_15139,"common/dynasties name (literal, no CK2 loc key)",Torgan,new key
dynn_fae_1514,"common/dynasties name (literal, no CK2 loc key)",Lackman,new key
dynn_fae_15140,"common/dynasties name (literal, no CK2 loc key)",Wormkin,new key
dynn_fae_15141,"common/dynasties name (literal, no CK2 loc key)",Taran,new key
dynn_fae_15142,"common/dynasties name (literal, no CK2 loc key)",Carran,new key
dynn_fae_15143,"common/dynasties name (literal, no CK2 loc key)",Bloodhawk,new key
dynn_fae_15144,"common/dynasties name (literal, no CK2 loc key)",Tindall,new key
dynn_fae_15145,"common/dynasties name (literal, no CK2 loc key)",Yentar,new key
dynn_fae_15146,"common/dynasties name (literal, no CK2 loc key)",Redbanner,new key
dynn_fae_15147,"common/dynasties name (literal, no CK2 loc key)",Ull,new key
dynn_fae_15148,"common/dynasties name (literal, no CK2 loc key)",Iron,new key
dynn_fae_15149,"common/dynasties name (literal, no CK2 loc key)",Steel,new key
dynn_fae_1515,"common/dynasties name (literal, no CK2 loc key)",Stonar,new key
dynn_fae_15150,"common/dynasties name (literal, no CK2 loc key)",Copper,new key
dynn_fae_15151,"common/dynasties name (literal, no CK2 loc key)",Tin,new key
dynn_fae_15152,"common/dynasties name (literal, no CK2 loc key)",Bronze,new key
dynn_fae_15153,"common/dynasties name (literal, no CK2 loc key)",Bismuth,new key
dynn_fae_15154,"common/dynasties name (literal, no CK2 loc key)",Gold,new key
dynn_fae_15155,"common/dynasties name (literal, no CK2 loc key)",Silver,new key
dynn_fae_15156,"common/dynasties name (literal, no CK2 loc key)",Pyrite,new key
dynn_fae_15157,"common/dynasties name (literal, no CK2 loc key)",Adamantine,new key
dynn_fae_15158,"common/dynasties name (literal, no CK2 loc key)",Mithral,new key
dynn_fae_15159,"common/dynasties name (literal, no CK2 loc key)",Titanium,new key
dynn_fae_1516,"common/dynasties name (literal, no CK2 loc key)",Stormwind,new key
dynn_fae_15160,"common/dynasties name (literal, no CK2 loc key)",Orichalcum,new key
dynn_fae_15161,"common/dynasties name (literal, no CK2 loc key)",Nickel,new key
dynn_fae_15162,"common/dynasties name (literal, no CK2 loc key)",Antimony,new key
dynn_fae_15163,"common/dynasties name (literal, no CK2 loc key)",Arsenic,new key
dynn_fae_15164,"common/dynasties name (literal, no CK2 loc key)",Zinc,new key
dynn_fae_15165,"common/dynasties name (literal, no CK2 loc key)",Lead,new key
dynn_fae_15166,"common/dynasties name (literal, no CK2 loc key)",Brass,new key
dynn_fae_15167,"common/dynasties name (literal, no CK2 loc key)",Electrum,new key
dynn_fae_15168,"common/dynasties name (literal, no CK2 loc key)",Mercury,new key
dynn_fae_15169,"common/dynasties name (literal, no CK2 loc key)",Platinum,new key
dynn_fae_1517,"common/dynasties name (literal, no CK2 loc key)",Windrivver,new key
dynn_fae_15170,"common/dynasties name (literal, no CK2 loc key)",Pewter,new key
dynn_fae_15171,"common/dynasties name (literal, no CK2 loc key)",Manganese,new key
dynn_fae_15172,"common/dynasties name (literal, no CK2 loc key)",Swordbreaker,new key
dynn_fae_15173,"common/dynasties name (literal, no CK2 loc key)",Avalasaja,new key
dynn_fae_15174,"common/dynasties name (literal, no CK2 loc key)",Thuldanaputra,new key
dynn_fae_15175,"common/dynasties name (literal, no CK2 loc key)",Avalasiya,new key
dynn_fae_15176,"common/dynasties name (literal, no CK2 loc key)",Ocanthiya,new key
dynn_fae_15177,"common/dynasties name (literal, no CK2 loc key)",Tintibulaja,new key
dynn_fae_15178,"common/dynasties name (literal, no CK2 loc key)",Ocanthadaya,new key
dynn_fae_15179,"common/dynasties name (literal, no CK2 loc key)",Clangoratad,new key
dynn_fae_1518,"common/dynasties name (literal, no CK2 loc key)",Rackham,new key
dynn_fae_15180,"common/dynasties name (literal, no CK2 loc key)",Avalorata,new key
dynn_fae_15181,"common/dynasties name (literal, no CK2 loc key)",Marselliputra,new key
dynn_fae_15182,"common/dynasties name (literal, no CK2 loc key)",Zoronoratiyad,new key
dynn_fae_15183,"common/dynasties name (literal, no CK2 loc key)",Styxijar,new key
dynn_fae_15184,"common/dynasties name (literal, no CK2 loc key)",Hrokolodiyim,new key
dynn_fae_15185,"common/dynasties name (literal, no CK2 loc key)",Silver-cubed,new key
dynn_fae_15186,"common/dynasties name (literal, no CK2 loc key)",Cubeborn,new key
dynn_fae_15187,"common/dynasties name (literal, no CK2 loc key)",Clanbreaker,new key
dynn_fae_15188,"common/dynasties name (literal, no CK2 loc key)",Clanwed,new key
dynn_fae_15189,"common/dynasties name (literal, no CK2 loc key)",Styxblood,new key
dynn_fae_1519,"common/dynasties name (literal, no CK2 loc key)",Flint,new key
dynn_fae_15190,"common/dynasties name (literal, no CK2 loc key)",Nishrata,new key
dynn_fae_15191,"common/dynasties name (literal, no CK2 loc key)",Nishrekiya,new key
dynn_fae_15192,"common/dynasties name (literal, no CK2 loc key)",Styxwater,new key
dynn_fae_15193,"common/dynasties name (literal, no CK2 loc key)",Styxfire,new key
dynn_fae_15194,"common/dynasties name (literal, no CK2 loc key)",Doom-herald,new key
dynn_fae_15195,"common/dynasties name (literal, no CK2 loc key)",Doom-caller,new key
dynn_fae_15196,"common/dynasties name (literal, no CK2 loc key)",Clangorputra,new key
dynn_fae_15197,"common/dynasties name (literal, no CK2 loc key)",Maharaksha,new key
dynn_fae_15198,"common/dynasties name (literal, no CK2 loc key)",Nish'char,new key
dynn_fae_15199,"common/dynasties name (literal, no CK2 loc key)",Nazathichar,new key
dynn_fae_152,"common/dynasties name (literal, no CK2 loc key)",Shane,new key
dynn_fae_1520,"common/dynasties name (literal, no CK2 loc key)",Vane,new key
dynn_fae_15200,"common/dynasties name (literal, no CK2 loc key)",Ak'balata,new key
dynn_fae_15201,"common/dynasties name (literal, no CK2 loc key)",Nithsu,new key
dynn_fae_15202,"common/dynasties name (literal, no CK2 loc key)",Anubiduta,new key
dynn_fae_15203,"common/dynasties name (literal, no CK2 loc key)",Avalakshi,new key
dynn_fae_15204,"common/dynasties name (literal, no CK2 loc key)",Khalakshi,new key
dynn_fae_15205,"common/dynasties name (literal, no CK2 loc key)",Ocantheshi,new key
dynn_fae_15206,"common/dynasties name (literal, no CK2 loc key)",Thuldaneshri,new key
dynn_fae_15207,"common/dynasties name (literal, no CK2 loc key)",Palak-Eshri,new key
dynn_fae_15208,"common/dynasties name (literal, no CK2 loc key)",Dhorakul,new key
dynn_fae_15209,"common/dynasties name (literal, no CK2 loc key)",Dhorappa,new key
dynn_fae_1521,"common/dynasties name (literal, no CK2 loc key)",Hide-Your-Fear,new key
dynn_fae_15210,"common/dynasties name (literal, no CK2 loc key)",Morakshu,new key
dynn_fae_15211,"common/dynasties name (literal, no CK2 loc key)",Xantak,new key
dynn_fae_15212,"common/dynasties name (literal, no CK2 loc key)",Xhantakshu,new key
dynn_fae_15213,"common/dynasties name (literal, no CK2 loc key)",Xhanzakul,new key
dynn_fae_15214,"common/dynasties name (literal, no CK2 loc key)",Chanxappa,new key
dynn_fae_15215,"common/dynasties name (literal, no CK2 loc key)",of the Styx,new key
dynn_fae_15216,"common/dynasties name (literal, no CK2 loc key)",Styxmoon,new key
dynn_fae_15217,"common/dynasties name (literal, no CK2 loc key)",Styxrider,new key
dynn_fae_15218,"common/dynasties name (literal, no CK2 loc key)",Aeonian,new key
dynn_fae_15219,"common/dynasties name (literal, no CK2 loc key)",Sheraxi,new key
dynn_fae_1522,"common/dynasties name (literal, no CK2 loc key)",Earthshaker,new key
dynn_fae_15220,"common/dynasties name (literal, no CK2 loc key)",Rheshi-xeran,new key
dynn_fae_15221,"common/dynasties name (literal, no CK2 loc key)",Xheraniya,new key
dynn_fae_15222,"common/dynasties name (literal, no CK2 loc key)",Kherahushtra,new key
dynn_fae_15223,"common/dynasties name (literal, no CK2 loc key)",Xherashappa,new key
dynn_fae_15224,"common/dynasties name (literal, no CK2 loc key)",Xherahushtra,new key
dynn_fae_15225,"common/dynasties name (literal, no CK2 loc key)",Phetishuba,new key
dynn_fae_15226,"common/dynasties name (literal, no CK2 loc key)",Nexeshi,new key
dynn_fae_15227,"common/dynasties name (literal, no CK2 loc key)",Flameborn,new key
dynn_fae_15228,"common/dynasties name (literal, no CK2 loc key)",Fireblood,new key
dynn_fae_15229,"common/dynasties name (literal, no CK2 loc key)",Emberskin,new key
dynn_fae_1523,"common/dynasties name (literal, no CK2 loc key)",Cragfast,new key
dynn_fae_15230,"common/dynasties name (literal, no CK2 loc key)",Pyrophorica,new key
dynn_fae_15231,"common/dynasties name (literal, no CK2 loc key)",Magmasos,new key
dynn_fae_15232,"common/dynasties name (literal, no CK2 loc key)",Api Laziru,new key
dynn_fae_15233,"common/dynasties name (literal, no CK2 loc key)",Scorchhide,new key
dynn_fae_15234,"common/dynasties name (literal, no CK2 loc key)",Imixis,new key
dynn_fae_15235,"common/dynasties name (literal, no CK2 loc key)",Api Imixia,new key
dynn_fae_15236,"common/dynasties name (literal, no CK2 loc key)",Api Kossuthia,new key
dynn_fae_15237,"common/dynasties name (literal, no CK2 loc key)",Embercaller,new key
dynn_fae_15238,"common/dynasties name (literal, no CK2 loc key)",Sun-Dancer,new key
dynn_fae_15239,"common/dynasties name (literal, no CK2 loc key)",Many-Paws,new key
dynn_fae_1524,"common/dynasties name (literal, no CK2 loc key)",Gonfrey,new key
dynn_fae_15240,"common/dynasties name (literal, no CK2 loc key)",Mipe-Xan,new key
dynn_fae_15241,"common/dynasties name (literal, no CK2 loc key)",Sun-Caller,new key
dynn_fae_15242,"common/dynasties name (literal, no CK2 loc key)",Xopi,new key
dynn_fae_15243,"common/dynasties name (literal, no CK2 loc key)",Jumping-Tails,new key
dynn_fae_15244,"common/dynasties name (literal, no CK2 loc key)",Al-Mixe,new key
dynn_fae_15245,"common/dynasties name (literal, no CK2 loc key)",Al-Xolipe,new key
dynn_fae_15246,"common/dynasties name (literal, no CK2 loc key)",Hard-Paws,new key
dynn_fae_15247,"common/dynasties name (literal, no CK2 loc key)",Al-Choltec,new key
dynn_fae_15248,"common/dynasties name (literal, no CK2 loc key)",Xopi-Kolkan,new key
dynn_fae_15249,"common/dynasties name (literal, no CK2 loc key)",Two-Sun,new key
dynn_fae_1525,"common/dynasties name (literal, no CK2 loc key)",Highstaff,new key
dynn_fae_15250,"common/dynasties name (literal, no CK2 loc key)",Leaping-Jungle,new key
dynn_fae_15251,"common/dynasties name (literal, no CK2 loc key)",Leaping-Heart,new key
dynn_fae_15252,"common/dynasties name (literal, no CK2 loc key)",River-Walker,new key
dynn_fae_15253,"common/dynasties name (literal, no CK2 loc key)",Wave-Tail,new key
dynn_fae_15254,"common/dynasties name (literal, no CK2 loc key)",Sun-Spear,new key
dynn_fae_15255,"common/dynasties name (literal, no CK2 loc key)",Jungle-Heart,new key
dynn_fae_15256,"common/dynasties name (literal, no CK2 loc key)",Calling-Wind,new key
dynn_fae_15257,"common/dynasties name (literal, no CK2 loc key)",Standing-Paw,new key
dynn_fae_15258,"common/dynasties name (literal, no CK2 loc key)",Crouching-River,new key
dynn_fae_15259,"common/dynasties name (literal, no CK2 loc key)",River-Paw,new key
dynn_fae_1526,"common/dynasties name (literal, no CK2 loc key)",Spellhand,new key
dynn_fae_15260,"common/dynasties name (literal, no CK2 loc key)",Sun-Paw,new key
dynn_fae_15261,"common/dynasties name (literal, no CK2 loc key)",Five-Paw,new key
dynn_fae_15262,"common/dynasties name (literal, no CK2 loc key)",Three-Paw,new key
dynn_fae_15263,"common/dynasties name (literal, no CK2 loc key)",Alabanthul,new key
dynn_fae_15264,"common/dynasties name (literal, no CK2 loc key)",Salakka,new key
dynn_fae_15265,"common/dynasties name (literal, no CK2 loc key)",Alakanthan,new key
dynn_fae_15266,"common/dynasties name (literal, no CK2 loc key)",Salanth,new key
dynn_fae_15267,"common/dynasties name (literal, no CK2 loc key)",Malakthul,new key
dynn_fae_15268,"common/dynasties name (literal, no CK2 loc key)",Salabrak,new key
dynn_fae_15269,"common/dynasties name (literal, no CK2 loc key)",Rhandathul,new key
dynn_fae_1527,"common/dynasties name (literal, no CK2 loc key)",Blackspear,new key
dynn_fae_15270,"common/dynasties name (literal, no CK2 loc key)",Gloomselen,new key
dynn_fae_15271,"common/dynasties name (literal, no CK2 loc key)",Hethick,new key
dynn_fae_15272,"common/dynasties name (literal, no CK2 loc key)",Abeln,new key
dynn_fae_15273,"common/dynasties name (literal, no CK2 loc key)",Abaelhun,new key
dynn_fae_15274,"common/dynasties name (literal, no CK2 loc key)",Haelthul,new key
dynn_fae_15275,"common/dynasties name (literal, no CK2 loc key)",Rhandethak,new key
dynn_fae_15276,"common/dynasties name (literal, no CK2 loc key)",Abelahul,new key
dynn_fae_15277,"common/dynasties name (literal, no CK2 loc key)",Broadfang,new key
dynn_fae_15278,"common/dynasties name (literal, no CK2 loc key)",Duneclimber,new key
dynn_fae_15279,"common/dynasties name (literal, no CK2 loc key)",Sandtail,new key
dynn_fae_1528,"common/dynasties name (literal, no CK2 loc key)",Steeldrake,new key
dynn_fae_15280,"common/dynasties name (literal, no CK2 loc key)",Strongclaw,new key
dynn_fae_15281,"common/dynasties name (literal, no CK2 loc key)",Manyclaw,new key
dynn_fae_15282,"common/dynasties name (literal, no CK2 loc key)",Manytail,new key
dynn_fae_15283,"common/dynasties name (literal, no CK2 loc key)",Strongfang,new key
dynn_fae_15284,"common/dynasties name (literal, no CK2 loc key)",Sandslinger,new key
dynn_fae_15285,"common/dynasties name (literal, no CK2 loc key)",Sandclaw,new key
dynn_fae_15286,"common/dynasties name (literal, no CK2 loc key)",Zralavai,new key
dynn_fae_15287,"common/dynasties name (literal, no CK2 loc key)",Sratharai,new key
dynn_fae_15288,"common/dynasties name (literal, no CK2 loc key)",Sharathar,new key
dynn_fae_15289,"common/dynasties name (literal, no CK2 loc key)",Dustclaw,new key
dynn_fae_1529,"common/dynasties name (literal, no CK2 loc key)",Wolfstar,new key
dynn_fae_15290,"common/dynasties name (literal, no CK2 loc key)",Forkfang,new key
dynn_fae_15291,"common/dynasties name (literal, no CK2 loc key)",Chung,new key
dynn_fae_15292,"common/dynasties name (literal, no CK2 loc key)",Wy,new key
dynn_fae_15293,"common/dynasties name (literal, no CK2 loc key)",Fen,new key
dynn_fae_15294,"common/dynasties name (literal, no CK2 loc key)",Chen Wy,new key
dynn_fae_15295,"common/dynasties name (literal, no CK2 loc key)",Chung Fen,new key
dynn_fae_15296,"common/dynasties name (literal, no CK2 loc key)",Devchi,new key
dynn_fae_15297,"common/dynasties name (literal, no CK2 loc key)",Chung Devchi,new key
dynn_fae_15298,"common/dynasties name (literal, no CK2 loc key)",Uji Wy,new key
dynn_fae_15299,"common/dynasties name (literal, no CK2 loc key)",Ujichi,new key
dynn_fae_153,"common/dynasties name (literal, no CK2 loc key)",Coldgrave,new key
dynn_fae_1530,"common/dynasties name (literal, no CK2 loc key)",Aveldon,new key
dynn_fae_15300,"common/dynasties name (literal, no CK2 loc key)",Taifen,new key
dynn_fae_15301,"common/dynasties name (literal, no CK2 loc key)",Tsuki,new key
dynn_fae_15302,"common/dynasties name (literal, no CK2 loc key)",Tsukidevi,new key
dynn_fae_15303,"common/dynasties name (literal, no CK2 loc key)",Chensuki,new key
dynn_fae_15304,"common/dynasties name (literal, no CK2 loc key)",Nimbekasta,new key
dynn_fae_15305,"common/dynasties name (literal, no CK2 loc key)",Lyncarundi,new key
dynn_fae_15306,"common/dynasties name (literal, no CK2 loc key)",Felinimis,new key
dynn_fae_15307,"common/dynasties name (literal, no CK2 loc key)",Sindasta,new key
dynn_fae_15308,"common/dynasties name (literal, no CK2 loc key)",Ocemorundi,new key
dynn_fae_15309,"common/dynasties name (literal, no CK2 loc key)",Sindakar,new key
dynn_fae_1531,"common/dynasties name (literal, no CK2 loc key)",Northwind,new key
dynn_fae_15310,"common/dynasties name (literal, no CK2 loc key)",Nimakar,new key
dynn_fae_15311,"common/dynasties name (literal, no CK2 loc key)",Nardarasta,new key
dynn_fae_15312,"common/dynasties name (literal, no CK2 loc key)",Carcis,new key
dynn_fae_15313,"common/dynasties name (literal, no CK2 loc key)",Carcarasa,new key
dynn_fae_15314,"common/dynasties name (literal, no CK2 loc key)",Felimakar,new key
dynn_fae_15315,"common/dynasties name (literal, no CK2 loc key)",Hatremakar,new key
dynn_fae_15316,"common/dynasties name (literal, no CK2 loc key)",Hatribis,new key
dynn_fae_15317,"common/dynasties name (literal, no CK2 loc key)",Sindhatris,new key
dynn_fae_15318,"common/dynasties name (literal, no CK2 loc key)",Xinxaborax,new key
dynn_fae_15319,"common/dynasties name (literal, no CK2 loc key)",Z'borsta,new key
dynn_fae_1532,"common/dynasties name (literal, no CK2 loc key)",Snowface,new key
dynn_fae_15320,"common/dynasties name (literal, no CK2 loc key)",Llexizan,new key
dynn_fae_15321,"common/dynasties name (literal, no CK2 loc key)",Oculluborax,new key
dynn_fae_15322,"common/dynasties name (literal, no CK2 loc key)",Omorgulax,new key
dynn_fae_15323,"common/dynasties name (literal, no CK2 loc key)",Omorbris,new key
dynn_fae_15324,"common/dynasties name (literal, no CK2 loc key)",Xabashizan,new key
dynn_fae_15325,"common/dynasties name (literal, no CK2 loc key)",Manzanibax,new key
dynn_fae_15326,"common/dynasties name (literal, no CK2 loc key)",Ophobulux,new key
dynn_fae_15327,"common/dynasties name (literal, no CK2 loc key)",Mantoromixis,new key
dynn_fae_15328,"common/dynasties name (literal, no CK2 loc key)",X'xizivix,new key
dynn_fae_15329,"common/dynasties name (literal, no CK2 loc key)",Omanathar,new key
dynn_fae_1533,"common/dynasties name (literal, no CK2 loc key)",Hailrake,new key
dynn_fae_15330,"common/dynasties name (literal, no CK2 loc key)",Glorbithula,new key
dynn_fae_15331,"common/dynasties name (literal, no CK2 loc key)",Exibizza,new key
dynn_fae_15332,"common/dynasties name (literal, no CK2 loc key)",Eyibix,new key
dynn_fae_15333,"common/dynasties name (literal, no CK2 loc key)",Ophanaxam,new key
dynn_fae_15334,"common/dynasties name (literal, no CK2 loc key)",Gorfigbulix,new key
dynn_fae_15335,"common/dynasties name (literal, no CK2 loc key)",Xamaranthux,new key
dynn_fae_15336,"common/dynasties name (literal, no CK2 loc key)",Tobogulla,new key
dynn_fae_15337,"common/dynasties name (literal, no CK2 loc key)",Visimixash,new key
dynn_fae_15338,"common/dynasties name (literal, no CK2 loc key)",Manabashax,new key
dynn_fae_15339,"common/dynasties name (literal, no CK2 loc key)",Xoromorishax,new key
dynn_fae_1534,"common/dynasties name (literal, no CK2 loc key)",Greenheart,new key
dynn_fae_15340,"common/dynasties name (literal, no CK2 loc key)",Zimbassagix,new key
dynn_fae_15341,"common/dynasties name (literal, no CK2 loc key)",X’eyarmirix,new key
dynn_fae_15342,"common/dynasties name (literal, no CK2 loc key)",Llophollorix,new key
dynn_fae_15343,"common/dynasties name (literal, no CK2 loc key)",Z’porstox,new key
dynn_fae_15344,"common/dynasties name (literal, no CK2 loc key)",X’oroposis,new key
dynn_fae_15345,"common/dynasties name (literal, no CK2 loc key)",Abthanxibar,new key
dynn_fae_15346,"common/dynasties name (literal, no CK2 loc key)",Ophoxam,new key
dynn_fae_15347,"common/dynasties name (literal, no CK2 loc key)",Hadimbi,new key
dynn_fae_15348,"common/dynasties name (literal, no CK2 loc key)",Simbujengi,new key
dynn_fae_15349,"common/dynasties name (literal, no CK2 loc key)",Buzimtoro,new key
dynn_fae_1535,"common/dynasties name (literal, no CK2 loc key)",Treeguide,new key
dynn_fae_15350,"common/dynasties name (literal, no CK2 loc key)",Zon’jak,new key
dynn_fae_15351,"common/dynasties name (literal, no CK2 loc key)",Velomtoro,new key
dynn_fae_15352,"common/dynasties name (literal, no CK2 loc key)",Zamimbi,new key
dynn_fae_15353,"common/dynasties name (literal, no CK2 loc key)",Tamroboki,new key
dynn_fae_15354,"common/dynasties name (literal, no CK2 loc key)",Sinobombo,new key
dynn_fae_15355,"common/dynasties name (literal, no CK2 loc key)",Jakago,new key
dynn_fae_15356,"common/dynasties name (literal, no CK2 loc key)",Velobaggo,new key
dynn_fae_15357,"common/dynasties name (literal, no CK2 loc key)",Velebah,new key
dynn_fae_15358,"common/dynasties name (literal, no CK2 loc key)",Zon’sin,new key
dynn_fae_15359,"common/dynasties name (literal, no CK2 loc key)",Val’omsak,new key
dynn_fae_1536,"common/dynasties name (literal, no CK2 loc key)",Farwander,new key
dynn_fae_15360,"common/dynasties name (literal, no CK2 loc key)",Bamsog,new key
dynn_fae_15361,"common/dynasties name (literal, no CK2 loc key)",Tamsogga,new key
dynn_fae_15362,"common/dynasties name (literal, no CK2 loc key)",Sombisur,new key
dynn_fae_15363,"common/dynasties name (literal, no CK2 loc key)",Tesethuth,new key
dynn_fae_15364,"common/dynasties name (literal, no CK2 loc key)",Ambisdal,new key
dynn_fae_15365,"common/dynasties name (literal, no CK2 loc key)",Mystardul,new key
dynn_fae_15366,"common/dynasties name (literal, no CK2 loc key)",Borosuth,new key
dynn_fae_15367,"common/dynasties name (literal, no CK2 loc key)",Suthevar,new key
dynn_fae_15368,"common/dynasties name (literal, no CK2 loc key)",Tethentor,new key
dynn_fae_15369,"common/dynasties name (literal, no CK2 loc key)",Esdoromor,new key
dynn_fae_1537,"common/dynasties name (literal, no CK2 loc key)",Coldmorn,new key
dynn_fae_15370,"common/dynasties name (literal, no CK2 loc key)",Esimur,new key
dynn_fae_15371,"common/dynasties name (literal, no CK2 loc key)",Montharbrindul,new key
dynn_fae_15372,"common/dynasties name (literal, no CK2 loc key)",Orisuth,new key
dynn_fae_15373,"common/dynasties name (literal, no CK2 loc key)",Sothsom,new key
dynn_fae_15374,"common/dynasties name (literal, no CK2 loc key)",Esimidal,new key
dynn_fae_15375,"common/dynasties name (literal, no CK2 loc key)",Thortinthul,new key
dynn_fae_15376,"common/dynasties name (literal, no CK2 loc key)",Vindalmas,new key
dynn_fae_15377,"common/dynasties name (literal, no CK2 loc key)",Vindin’ya,new key
dynn_fae_15378,"common/dynasties name (literal, no CK2 loc key)",Esodor’ya,new key
dynn_fae_15379,"common/dynasties name (literal, no CK2 loc key)",Tethor’ya,new key
dynn_fae_1538,"common/dynasties name (literal, no CK2 loc key)",Goldhand,new key
dynn_fae_15380,"common/dynasties name (literal, no CK2 loc key)",Tanthirieh,new key
dynn_fae_15381,"common/dynasties name (literal, no CK2 loc key)",Sothorieh,new key
dynn_fae_15382,"common/dynasties name (literal, no CK2 loc key)",Ambivothorieh,new key
dynn_fae_15383,"common/dynasties name (literal, no CK2 loc key)",Tanithur,new key
dynn_fae_15384,"common/dynasties name (literal, no CK2 loc key)",Bromdul’ya,new key
dynn_fae_15385,"common/dynasties name (literal, no CK2 loc key)",Tartogol,new key
dynn_fae_15386,"common/dynasties name (literal, no CK2 loc key)",Esorl,new key
dynn_fae_15387,"common/dynasties name (literal, no CK2 loc key)",Essatan,new key
dynn_fae_15388,"common/dynasties name (literal, no CK2 loc key)",Samatan,new key
dynn_fae_15389,"common/dynasties name (literal, no CK2 loc key)",Orosorl,new key
dynn_fae_1539,"common/dynasties name (literal, no CK2 loc key)",Fandal,new key
dynn_fae_15390,"common/dynasties name (literal, no CK2 loc key)",Ambatan,new key
dynn_fae_15391,"common/dynasties name (literal, no CK2 loc key)",Nimintan,new key
dynn_fae_15392,"common/dynasties name (literal, no CK2 loc key)",Essallyon,new key
dynn_fae_15393,"common/dynasties name (literal, no CK2 loc key)",Essombor,new key
dynn_fae_15394,"common/dynasties name (literal, no CK2 loc key)",Tethall’ya,new key
dynn_fae_15395,"common/dynasties name (literal, no CK2 loc key)",Essormen,new key
dynn_fae_15396,"common/dynasties name (literal, no CK2 loc key)",yi Faeressar,new key
dynn_fae_15397,"common/dynasties name (literal, no CK2 loc key)",yi Carteng,new key
dynn_fae_15398,"common/dynasties name (literal, no CK2 loc key)",yi Talvannir,new key
dynn_fae_15399,"common/dynasties name (literal, no CK2 loc key)",yi Urkest,new key
dynn_fae_154,"common/dynasties name (literal, no CK2 loc key)",Marrowfist,new key
dynn_fae_1540,"common/dynasties name (literal, no CK2 loc key)",Foundhome,new key
dynn_fae_15400,"common/dynasties name (literal, no CK2 loc key)",yi Manshaka,new key
dynn_fae_15401,"common/dynasties name (literal, no CK2 loc key)",yi Valshada,new key
dynn_fae_15402,"common/dynasties name (literal, no CK2 loc key)",yi Schamedar,new key
dynn_fae_15403,"common/dynasties name (literal, no CK2 loc key)",yi Volothamp,new key
dynn_fae_15404,"common/dynasties name (literal, no CK2 loc key)",yi Amkethran,new key
dynn_fae_15405,"common/dynasties name (literal, no CK2 loc key)",Zjaeb,new key
dynn_fae_15406,"common/dynasties name (literal, no CK2 loc key)",Zjabrad,new key
dynn_fae_15407,"common/dynasties name (literal, no CK2 loc key)",Menyarith,new key
dynn_fae_15408,"common/dynasties name (literal, no CK2 loc key)",Ziir,new key
dynn_fae_15409,"common/dynasties name (literal, no CK2 loc key)",Yrlzir,new key
dynn_fae_1541,"common/dynasties name (literal, no CK2 loc key)",Grolholme,new key
dynn_fae_15410,"common/dynasties name (literal, no CK2 loc key)",Yrlarith,new key
dynn_fae_15411,"common/dynasties name (literal, no CK2 loc key)",Yrlaeve,new key
dynn_fae_15412,"common/dynasties name (literal, no CK2 loc key)",Zhjakka,new key
dynn_fae_15413,"common/dynasties name (literal, no CK2 loc key)",Ag-Khou,new key
dynn_fae_15414,"common/dynasties name (literal, no CK2 loc key)",Ag-Sha,new key
dynn_fae_15415,"common/dynasties name (literal, no CK2 loc key)",Ag-Zja,new key
dynn_fae_15416,"common/dynasties name (literal, no CK2 loc key)",Ag-Zhibiir,new key
dynn_fae_15417,"common/dynasties name (literal, no CK2 loc key)",Ag-Zetch,new key
dynn_fae_15418,"common/dynasties name (literal, no CK2 loc key)",Yrl-egbiir,new key
dynn_fae_15419,"common/dynasties name (literal, no CK2 loc key)",Yrlakka,new key
dynn_fae_1542,"common/dynasties name (literal, no CK2 loc key)",Shepherde,new key
dynn_fae_15420,"common/dynasties name (literal, no CK2 loc key)",Ag-Menirad,new key
dynn_fae_15421,"common/dynasties name (literal, no CK2 loc key)",Ag-Kon,new key
dynn_fae_15422,"common/dynasties name (literal, no CK2 loc key)",Ag-Yzikon,new key
dynn_fae_15423,"common/dynasties name (literal, no CK2 loc key)",Suwarush,new key
dynn_fae_15424,"common/dynasties name (literal, no CK2 loc key)",al-Waddasiri,new key
dynn_fae_15425,"common/dynasties name (literal, no CK2 loc key)",Hubalan,new key
dynn_fae_15426,"common/dynasties name (literal, no CK2 loc key)",al-Rudathi,new key
dynn_fae_15427,"common/dynasties name (literal, no CK2 loc key)",al-Rudazari,new key
dynn_fae_15428,"common/dynasties name (literal, no CK2 loc key)",al-Nasrani,new key
dynn_fae_15429,"common/dynasties name (literal, no CK2 loc key)",al-Janashi,new key
dynn_fae_1543,"common/dynasties name (literal, no CK2 loc key)",Aldercarr,new key
dynn_fae_15430,"common/dynasties name (literal, no CK2 loc key)",al-Manaziri,new key
dynn_fae_15431,"common/dynasties name (literal, no CK2 loc key)",al-Yuaqiri,new key
dynn_fae_15432,"common/dynasties name (literal, no CK2 loc key)",Roughpath,new key
dynn_fae_15433,"common/dynasties name (literal, no CK2 loc key)",Morogan,new key
dynn_fae_15434,"common/dynasties name (literal, no CK2 loc key)",Telaed,new key
dynn_fae_15435,"common/dynasties name (literal, no CK2 loc key)",Bargan,new key
dynn_fae_15436,"common/dynasties name (literal, no CK2 loc key)",Easypath,new key
dynn_fae_15437,"common/dynasties name (literal, no CK2 loc key)",Powavang,new key
dynn_fae_15438,"common/dynasties name (literal, no CK2 loc key)",Vatharze,new key
dynn_fae_15439,"common/dynasties name (literal, no CK2 loc key)",Horrivur,new key
dynn_fae_1544,"common/dynasties name (literal, no CK2 loc key)",Okothian,new key
dynn_fae_15440,"common/dynasties name (literal, no CK2 loc key)",Barrivur,new key
dynn_fae_15441,"common/dynasties name (literal, no CK2 loc key)",Avanercy,new key
dynn_fae_15442,"common/dynasties name (literal, no CK2 loc key)",Varinur,new key
dynn_fae_15443,"common/dynasties name (literal, no CK2 loc key)",Horigan,new key
dynn_fae_15444,"common/dynasties name (literal, no CK2 loc key)",Ilistang,new key
dynn_fae_15445,"common/dynasties name (literal, no CK2 loc key)",Barmstang,new key
dynn_fae_15446,"common/dynasties name (literal, no CK2 loc key)",Highpath,new key
dynn_fae_15447,"common/dynasties name (literal, no CK2 loc key)",Vaetorus,new key
dynn_fae_15448,"common/dynasties name (literal, no CK2 loc key)",Teltorus,new key
dynn_fae_15449,"common/dynasties name (literal, no CK2 loc key)",Barzorus,new key
dynn_fae_1545,"common/dynasties name (literal, no CK2 loc key)",Azulduthi,new key
dynn_fae_15450,"common/dynasties name (literal, no CK2 loc key)",Vazanag,new key
dynn_fae_15451,"common/dynasties name (literal, no CK2 loc key)",Farpath,new key
dynn_fae_15452,"common/dynasties name (literal, no CK2 loc key)",Vashanashae,new key
dynn_fae_15453,"common/dynasties name (literal, no CK2 loc key)",Selkathim,new key
dynn_fae_15454,"common/dynasties name (literal, no CK2 loc key)",Vandibar,new key
dynn_fae_15455,"common/dynasties name (literal, no CK2 loc key)",Vuisanaar,new key
dynn_fae_15456,"common/dynasties name (literal, no CK2 loc key)",Yaarselim,new key
dynn_fae_15457,"common/dynasties name (literal, no CK2 loc key)",Yaarvéshen,new key
dynn_fae_15458,"common/dynasties name (literal, no CK2 loc key)",Vinabul,new key
dynn_fae_15459,"common/dynasties name (literal, no CK2 loc key)",Vashimilar,new key
dynn_fae_1546,"common/dynasties name (literal, no CK2 loc key)",Mhairshaulkan,new key
dynn_fae_15460,"common/dynasties name (literal, no CK2 loc key)",Arnebyaara,new key
dynn_fae_15461,"common/dynasties name (literal, no CK2 loc key)",Vashabara,new key
dynn_fae_15462,"common/dynasties name (literal, no CK2 loc key)",Sélyaarenibar,new key
dynn_fae_15463,"common/dynasties name (literal, no CK2 loc key)",Arneshanebar,new key
dynn_fae_15464,"common/dynasties name (literal, no CK2 loc key)",Yuirenaba,new key
dynn_fae_15465,"common/dynasties name (literal, no CK2 loc key)",Relyaarvanya,new key
dynn_fae_15466,"common/dynasties name (literal, no CK2 loc key)",Eliknara,new key
dynn_fae_15467,"common/dynasties name (literal, no CK2 loc key)",Elikyaaranar,new key
dynn_fae_15468,"common/dynasties name (literal, no CK2 loc key)",Vasilikar,new key
dynn_fae_15469,"common/dynasties name (literal, no CK2 loc key)",Vasalinaribaar,new key
dynn_fae_1547,"common/dynasties name (literal, no CK2 loc key)",Isstossef,new key
dynn_fae_15470,"common/dynasties name (literal, no CK2 loc key)",Arnikiyaara,new key
dynn_fae_15471,"common/dynasties name (literal, no CK2 loc key)",Yuiranim,new key
dynn_fae_15472,"common/dynasties name (literal, no CK2 loc key)",Vasheshan,new key
dynn_fae_15473,"common/dynasties name (literal, no CK2 loc key)",Yaarishan,new key
dynn_fae_15474,"common/dynasties name (literal, no CK2 loc key)",Releshan,new key
dynn_fae_15475,"common/dynasties name (literal, no CK2 loc key)",Releshuir,new key
dynn_fae_15476,"common/dynasties name (literal, no CK2 loc key)",Selandrion,new key
dynn_fae_15477,"common/dynasties name (literal, no CK2 loc key)",Silderion,new key
dynn_fae_15478,"common/dynasties name (literal, no CK2 loc key)",Amérithion,new key
dynn_fae_15479,"common/dynasties name (literal, no CK2 loc key)",Yildkath,new key
dynn_fae_1548,"common/dynasties name (literal, no CK2 loc key)",Khaastaslayer,new key
dynn_fae_15480,"common/dynasties name (literal, no CK2 loc key)",Relesild,new key
dynn_fae_15481,"common/dynasties name (literal, no CK2 loc key)",Astramourion,new key
dynn_fae_15482,"common/dynasties name (literal, no CK2 loc key)",Vil Meramath,new key
dynn_fae_15483,"common/dynasties name (literal, no CK2 loc key)",Vil Ganehorn,new key
dynn_fae_15484,"common/dynasties name (literal, no CK2 loc key)",Vil Amede,new key
dynn_fae_15485,"common/dynasties name (literal, no CK2 loc key)",Vil Aberantath,new key
dynn_fae_15486,"common/dynasties name (literal, no CK2 loc key)",Abesamede,new key
dynn_fae_15487,"common/dynasties name (literal, no CK2 loc key)",Merenseltath,new key
dynn_fae_15488,"common/dynasties name (literal, no CK2 loc key)",Nuanamede,new key
dynn_fae_15489,"common/dynasties name (literal, no CK2 loc key)",Vil Thorah,new key
dynn_fae_1549,"common/dynasties name (literal, no CK2 loc key)",Demonbane,new key
dynn_fae_15490,"common/dynasties name (literal, no CK2 loc key)",Vil Nuanerah,new key
dynn_fae_15491,"common/dynasties name (literal, no CK2 loc key)",Adanamner,new key
dynn_fae_15492,"common/dynasties name (literal, no CK2 loc key)",Vil Lyan,new key
dynn_fae_15493,"common/dynasties name (literal, no CK2 loc key)",Lyanamerah,new key
dynn_fae_15494,"common/dynasties name (literal, no CK2 loc key)",Quessinima,new key
dynn_fae_15495,"common/dynasties name (literal, no CK2 loc key)",Lyira,new key
dynn_fae_15496,"common/dynasties name (literal, no CK2 loc key)",Vil Eilistramede,new key
dynn_fae_15497,"common/dynasties name (literal, no CK2 loc key)",Vil Rilifamede,new key
dynn_fae_15498,"common/dynasties name (literal, no CK2 loc key)",Rallanath,new key
dynn_fae_15499,"common/dynasties name (literal, no CK2 loc key)",Ganerah,new key
dynn_fae_155,"common/dynasties name (literal, no CK2 loc key)",Fangdelve,new key
dynn_fae_1550,"common/dynasties name (literal, no CK2 loc key)",Sar'Rukothan,new key
dynn_fae_15500,"common/dynasties name (literal, no CK2 loc key)",Vil Quessa,new key
dynn_fae_15501,"common/dynasties name (literal, no CK2 loc key)",Vil Adana,new key
dynn_fae_15502,"common/dynasties name (literal, no CK2 loc key)",Mederath,new key
dynn_fae_15503,"common/dynasties name (literal, no CK2 loc key)",Lyivath,new key
dynn_fae_15504,"common/dynasties name (literal, no CK2 loc key)",Duskwalker,new key
dynn_fae_15505,"common/dynasties name (literal, no CK2 loc key)",Duskherald,new key
dynn_fae_15506,"common/dynasties name (literal, no CK2 loc key)",Starwatcher,new key
dynn_fae_15507,"common/dynasties name (literal, no CK2 loc key)",Glittergleam,new key
dynn_fae_15508,"common/dynasties name (literal, no CK2 loc key)",Moraveth,new key
dynn_fae_15509,"common/dynasties name (literal, no CK2 loc key)",Ruaveth,new key
dynn_fae_1551,"common/dynasties name (literal, no CK2 loc key)",Ilimari,new key
dynn_fae_15510,"common/dynasties name (literal, no CK2 loc key)",Aeribala,new key
dynn_fae_15511,"common/dynasties name (literal, no CK2 loc key)",Morilpe,new key
dynn_fae_15512,"common/dynasties name (literal, no CK2 loc key)",Astreirr,new key
dynn_fae_15513,"common/dynasties name (literal, no CK2 loc key)",Amendeirr,new key
dynn_fae_15514,"common/dynasties name (literal, no CK2 loc key)",Glittermourn,new key
dynn_fae_15515,"common/dynasties name (literal, no CK2 loc key)",Everstar,new key
dynn_fae_15516,"common/dynasties name (literal, no CK2 loc key)",Amouranala,new key
dynn_fae_15517,"common/dynasties name (literal, no CK2 loc key)",Glimmerstar,new key
dynn_fae_15518,"common/dynasties name (literal, no CK2 loc key)",Astramourala,new key
dynn_fae_15519,"common/dynasties name (literal, no CK2 loc key)",Ashabaneth,new key
dynn_fae_1552,"common/dynasties name (literal, no CK2 loc key)",Rethildian,new key
dynn_fae_15520,"common/dynasties name (literal, no CK2 loc key)",Bleakstar,new key
dynn_fae_15521,"common/dynasties name (literal, no CK2 loc key)",Eclipsis,new key
dynn_fae_15522,"common/dynasties name (literal, no CK2 loc key)",Dawnstar,new key
dynn_fae_15523,"common/dynasties name (literal, no CK2 loc key)",Dawnwatcher,new key
dynn_fae_15524,"common/dynasties name (literal, no CK2 loc key)",Kyamen,new key
dynn_fae_15525,"common/dynasties name (literal, no CK2 loc key)",Aerijal,new key
dynn_fae_15526,"common/dynasties name (literal, no CK2 loc key)",Amendijala,new key
dynn_fae_15527,"common/dynasties name (literal, no CK2 loc key)",Aigókerôs,new key
dynn_fae_15528,"common/dynasties name (literal, no CK2 loc key)",Aigípan,new key
dynn_fae_15529,"common/dynasties name (literal, no CK2 loc key)",Agreûs,new key
dynn_fae_1553,"common/dynasties name (literal, no CK2 loc key)",Ss'thar,new key
dynn_fae_15530,"common/dynasties name (literal, no CK2 loc key)",Aigibólos,new key
dynn_fae_15531,"common/dynasties name (literal, no CK2 loc key)",Aigíkerôs,new key
dynn_fae_15532,"common/dynasties name (literal, no CK2 loc key)",Agrios,new key
dynn_fae_15533,"common/dynasties name (literal, no CK2 loc key)",Agrotês,new key
dynn_fae_15534,"common/dynasties name (literal, no CK2 loc key)",Aigíipous,new key
dynn_fae_15535,"common/dynasties name (literal, no CK2 loc key)",Aigíthyrsos,new key
dynn_fae_15536,"common/dynasties name (literal, no CK2 loc key)",Brómios,new key
dynn_fae_15537,"common/dynasties name (literal, no CK2 loc key)",Dendritês,new key
dynn_fae_15538,"common/dynasties name (literal, no CK2 loc key)",Epimélios,new key
dynn_fae_15539,"common/dynasties name (literal, no CK2 loc key)",Lytérios,new key
dynn_fae_1554,"common/dynasties name (literal, no CK2 loc key)",Oreman,new key
dynn_fae_15540,"common/dynasties name (literal, no CK2 loc key)",Nómios,new key
dynn_fae_15541,"common/dynasties name (literal, no CK2 loc key)",Orchiós,new key
dynn_fae_15542,"common/dynasties name (literal, no CK2 loc key)",Philetairos,new key
dynn_fae_15543,"common/dynasties name (literal, no CK2 loc key)",Prostatêr,new key
dynn_fae_15544,"common/dynasties name (literal, no CK2 loc key)",Sôtêr,new key
dynn_fae_15545,"common/dynasties name (literal, no CK2 loc key)",Synnomos,new key
dynn_fae_15546,"common/dynasties name (literal, no CK2 loc key)",Tragókerôs,new key
dynn_fae_15547,"common/dynasties name (literal, no CK2 loc key)",Tragópous,new key
dynn_fae_15548,"common/dynasties name (literal, no CK2 loc key)",Tragophónos,new key
dynn_fae_15549,"common/dynasties name (literal, no CK2 loc key)",Marsýas,new key
dynn_fae_1555,"common/dynasties name (literal, no CK2 loc key)",Ss'ess'ss,new key
dynn_fae_15550,"common/dynasties name (literal, no CK2 loc key)",Silénos,new key
dynn_fae_15551,"common/dynasties name (literal, no CK2 loc key)",Ampélos,new key
dynn_fae_15552,"common/dynasties name (literal, no CK2 loc key)",Krótos,new key
dynn_fae_15553,"common/dynasties name (literal, no CK2 loc key)",Kómos,new key
dynn_fae_15554,"common/dynasties name (literal, no CK2 loc key)",Oinopíôn,new key
dynn_fae_15555,"common/dynasties name (literal, no CK2 loc key)",Skirtós,new key
dynn_fae_15556,"common/dynasties name (literal, no CK2 loc key)",Márôn,new key
dynn_fae_15557,"common/dynasties name (literal, no CK2 loc key)",Phólos,new key
dynn_fae_15558,"common/dynasties name (literal, no CK2 loc key)",Lityérsis,new key
dynn_fae_15559,"common/dynasties name (literal, no CK2 loc key)",Astrayamede,new key
dynn_fae_1556,"common/dynasties name (literal, no CK2 loc key)",Vaolo,new key
dynn_fae_15560,"common/dynasties name (literal, no CK2 loc key)",Meilin,new key
dynn_fae_15561,"common/dynasties name (literal, no CK2 loc key)",Nicort,new key
dynn_fae_15562,"common/dynasties name (literal, no CK2 loc key)",Olwynson,new key
dynn_fae_15563,"common/dynasties name (literal, no CK2 loc key)",Infernazid,new key
dynn_fae_15564,"common/dynasties name (literal, no CK2 loc key)",Urobizan,new key
dynn_fae_15565,"common/dynasties name (literal, no CK2 loc key)",Ghurkid,new key
dynn_fae_15566,"common/dynasties name (literal, no CK2 loc key)",Ivemog,new key
dynn_fae_15567,"common/dynasties name (literal, no CK2 loc key)",Abyscour,new key
dynn_fae_15568,"common/dynasties name (literal, no CK2 loc key)",Illnevaltarivog,new key
dynn_fae_15569,"common/dynasties name (literal, no CK2 loc key)",Igurtor,new key
dynn_fae_1557,"common/dynasties name (literal, no CK2 loc key)",Harpwatch,new key
dynn_fae_15570,"common/dynasties name (literal, no CK2 loc key)",Marastrabizid,new key
dynn_fae_15571,"common/dynasties name (literal, no CK2 loc key)",Hellhorn,new key
dynn_fae_15572,"common/dynasties name (literal, no CK2 loc key)",Mortazid,new key
dynn_fae_15573,"common/dynasties name (literal, no CK2 loc key)",Envioxazid,new key
dynn_fae_15574,"common/dynasties name (literal, no CK2 loc key)",Ghiir,new key
dynn_fae_15575,"common/dynasties name (literal, no CK2 loc key)",Igurvox,new key
dynn_fae_15576,"common/dynasties name (literal, no CK2 loc key)",Torturkuri,new key
dynn_fae_15577,"common/dynasties name (literal, no CK2 loc key)",Rukkhorn,new key
dynn_fae_15578,"common/dynasties name (literal, no CK2 loc key)",Tanabizid,new key
dynn_fae_15579,"common/dynasties name (literal, no CK2 loc key)",Raggorlok,new key
dynn_fae_1558,"common/dynasties name (literal, no CK2 loc key)",Brahms,new key
dynn_fae_15580,"common/dynasties name (literal, no CK2 loc key)",Ragdlacrid,new key
dynn_fae_15581,"common/dynasties name (literal, no CK2 loc key)",Mavacrid,new key
dynn_fae_15582,"common/dynasties name (literal, no CK2 loc key)",Ghiirtanni,new key
dynn_fae_15583,"common/dynasties name (literal, no CK2 loc key)",Azogneval,new key
dynn_fae_15584,"common/dynasties name (literal, no CK2 loc key)",Illorgizod,new key
dynn_fae_15585,"common/dynasties name (literal, no CK2 loc key)",Crushskull,new key
dynn_fae_15586,"common/dynasties name (literal, no CK2 loc key)",Rukkid,new key
dynn_fae_15587,"common/dynasties name (literal, no CK2 loc key)",Zorzigid,new key
dynn_fae_15588,"common/dynasties name (literal, no CK2 loc key)",Hellfire,new key
dynn_fae_15589,"common/dynasties name (literal, no CK2 loc key)",Azukk,new key
dynn_fae_1559,"common/dynasties name (literal, no CK2 loc key)",Greycastle,new key
dynn_fae_15590,"common/dynasties name (literal, no CK2 loc key)",Enomog,new key
dynn_fae_15591,"common/dynasties name (literal, no CK2 loc key)",Xaburan,new key
dynn_fae_15592,"common/dynasties name (literal, no CK2 loc key)",Asaros,new key
dynn_fae_15593,"common/dynasties name (literal, no CK2 loc key)",Namaekyn,new key
dynn_fae_15594,"common/dynasties name (literal, no CK2 loc key)",Porilis,new key
dynn_fae_15595,"common/dynasties name (literal, no CK2 loc key)",Nomelleos,new key
dynn_fae_15596,"common/dynasties name (literal, no CK2 loc key)",Aswimisso,new key
dynn_fae_15597,"common/dynasties name (literal, no CK2 loc key)",Strongsword,new key
dynn_fae_15598,"common/dynasties name (literal, no CK2 loc key)",Orminstal,new key
dynn_fae_15599,"common/dynasties name (literal, no CK2 loc key)",Malamisso,new key
dynn_fae_156,"common/dynasties name (literal, no CK2 loc key)",Wurmhorn,new key
dynn_fae_1560,"common/dynasties name (literal, no CK2 loc key)",Greatfield,new key
dynn_fae_15600,"common/dynasties name (literal, no CK2 loc key)",Parnashir,new key
dynn_fae_15601,"common/dynasties name (literal, no CK2 loc key)",Normerentan,new key
dynn_fae_15602,"common/dynasties name (literal, no CK2 loc key)",Cormilis,new key
dynn_fae_15603,"common/dynasties name (literal, no CK2 loc key)",Haranalili,new key
dynn_fae_15604,"common/dynasties name (literal, no CK2 loc key)",Orminshiir,new key
dynn_fae_15605,"common/dynasties name (literal, no CK2 loc key)",Balbanar,new key
dynn_fae_15606,"common/dynasties name (literal, no CK2 loc key)",Balorostal,new key
dynn_fae_15607,"common/dynasties name (literal, no CK2 loc key)",Haraklu,new key
dynn_fae_15608,"common/dynasties name (literal, no CK2 loc key)",Cormeklu,new key
dynn_fae_15609,"common/dynasties name (literal, no CK2 loc key)",Balijmisheklu,new key
dynn_fae_1561,"common/dynasties name (literal, no CK2 loc key)",Dourpick,new key
dynn_fae_15610,"common/dynasties name (literal, no CK2 loc key)",Normenateklu,new key
dynn_fae_15611,"common/dynasties name (literal, no CK2 loc key)",Enorashir,new key
dynn_fae_15612,"common/dynasties name (literal, no CK2 loc key)",Haramisso,new key
dynn_fae_15613,"common/dynasties name (literal, no CK2 loc key)",Enashiilis,new key
dynn_fae_15614,"common/dynasties name (literal, no CK2 loc key)",Parnatyn,new key
dynn_fae_15615,"common/dynasties name (literal, no CK2 loc key)",Parnarideh,new key
dynn_fae_15616,"common/dynasties name (literal, no CK2 loc key)",Famishiir,new key
dynn_fae_15617,"common/dynasties name (literal, no CK2 loc key)",Salamstal,new key
dynn_fae_15618,"common/dynasties name (literal, no CK2 loc key)",Stalamimis,new key
dynn_fae_15619,"common/dynasties name (literal, no CK2 loc key)",Stalimisso,new key
dynn_fae_1562,"common/dynasties name (literal, no CK2 loc key)",Rimeshield,new key
dynn_fae_15620,"common/dynasties name (literal, no CK2 loc key)",Orshanastal,new key
dynn_fae_15621,"common/dynasties name (literal, no CK2 loc key)",Saeleneklu,new key
dynn_fae_15622,"common/dynasties name (literal, no CK2 loc key)",Orminyhep,new key
dynn_fae_15623,"common/dynasties name (literal, no CK2 loc key)",Parvasonekklu,new key
dynn_fae_15624,"common/dynasties name (literal, no CK2 loc key)",Norimiil,new key
dynn_fae_15625,"common/dynasties name (literal, no CK2 loc key)",Sae’vorthauth,new key
dynn_fae_15626,"common/dynasties name (literal, no CK2 loc key)",Sae’kothiss,new key
dynn_fae_15627,"common/dynasties name (literal, no CK2 loc key)",Vaethiss’zo,new key
dynn_fae_15628,"common/dynasties name (literal, no CK2 loc key)",Rakothiss’zo,new key
dynn_fae_15629,"common/dynasties name (literal, no CK2 loc key)",Sautho’vor,new key
dynn_fae_1563,"common/dynasties name (literal, no CK2 loc key)",Redford,new key
dynn_fae_15630,"common/dynasties name (literal, no CK2 loc key)",Vamissg’zo,new key
dynn_fae_15631,"common/dynasties name (literal, no CK2 loc key)",Raetombre,new key
dynn_fae_15632,"common/dynasties name (literal, no CK2 loc key)",Vortombre,new key
dynn_fae_15633,"common/dynasties name (literal, no CK2 loc key)",Kolath’vor,new key
dynn_fae_15634,"common/dynasties name (literal, no CK2 loc key)",Omenshadow,new key
dynn_fae_15635,"common/dynasties name (literal, no CK2 loc key)",Shadeheart,new key
dynn_fae_15636,"common/dynasties name (literal, no CK2 loc key)",Vaetom’vor,new key
dynn_fae_15637,"common/dynasties name (literal, no CK2 loc key)",Raethiss’horr,new key
dynn_fae_15638,"common/dynasties name (literal, no CK2 loc key)",Vaesova,new key
dynn_fae_15639,"common/dynasties name (literal, no CK2 loc key)",Elso’vor,new key
dynn_fae_1564,"common/dynasties name (literal, no CK2 loc key)",Ostrava,new key
dynn_fae_15640,"common/dynasties name (literal, no CK2 loc key)",Elmissg’horr,new key
dynn_fae_15641,"common/dynasties name (literal, no CK2 loc key)",Lorensova’vor,new key
dynn_fae_15642,"common/dynasties name (literal, no CK2 loc key)",Amitombre,new key
dynn_fae_15643,"common/dynasties name (literal, no CK2 loc key)",Ellolath,new key
dynn_fae_15644,"common/dynasties name (literal, no CK2 loc key)",Zethitombre,new key
dynn_fae_15645,"common/dynasties name (literal, no CK2 loc key)",Amaethan,new key
dynn_fae_15646,"common/dynasties name (literal, no CK2 loc key)",Elsombre’horr,new key
dynn_fae_15647,"common/dynasties name (literal, no CK2 loc key)",Zethisova,new key
dynn_fae_15648,"common/dynasties name (literal, no CK2 loc key)",Spectreheart,new key
dynn_fae_15649,"common/dynasties name (literal, no CK2 loc key)",Umbershade,new key
dynn_fae_1565,"common/dynasties name (literal, no CK2 loc key)",Marstel,new key
dynn_fae_15650,"common/dynasties name (literal, no CK2 loc key)",Sableheart,new key
dynn_fae_15651,"common/dynasties name (literal, no CK2 loc key)",Sableshade,new key
dynn_fae_15652,"common/dynasties name (literal, no CK2 loc key)",Faer’vor,new key
dynn_fae_15653,"common/dynasties name (literal, no CK2 loc key)",Fathissotombre,new key
dynn_fae_15654,"common/dynasties name (literal, no CK2 loc key)",Gloomshadow,new key
dynn_fae_15655,"common/dynasties name (literal, no CK2 loc key)",Valesoul,new key
dynn_fae_15656,"common/dynasties name (literal, no CK2 loc key)",Snowblade,new key
dynn_fae_15657,"common/dynasties name (literal, no CK2 loc key)",Bronzesword,new key
dynn_fae_15658,"common/dynasties name (literal, no CK2 loc key)",Ironbane,new key
dynn_fae_15659,"common/dynasties name (literal, no CK2 loc key)",Frostwind,new key
dynn_fae_1566,"common/dynasties name (literal, no CK2 loc key)",Nazel,new key
dynn_fae_15660,"common/dynasties name (literal, no CK2 loc key)",Lightstep,new key
dynn_fae_15661,"common/dynasties name (literal, no CK2 loc key)",Coldsigil,new key
dynn_fae_15662,"common/dynasties name (literal, no CK2 loc key)",Sullenglade,new key
dynn_fae_15663,"common/dynasties name (literal, no CK2 loc key)",Crystalhall,new key
dynn_fae_15664,"common/dynasties name (literal, no CK2 loc key)",Chillmantle,new key
dynn_fae_15665,"common/dynasties name (literal, no CK2 loc key)",Shortwinter,new key
dynn_fae_15666,"common/dynasties name (literal, no CK2 loc key)",Fallensnow,new key
dynn_fae_15667,"common/dynasties name (literal, no CK2 loc key)",Briskwind,new key
dynn_fae_15668,"common/dynasties name (literal, no CK2 loc key)",Icewhisper,new key
dynn_fae_15669,"common/dynasties name (literal, no CK2 loc key)",Bronzeheart,new key
dynn_fae_1567,"common/dynasties name (literal, no CK2 loc key)",Garen,new key
dynn_fae_15670,"common/dynasties name (literal, no CK2 loc key)",Dharrmorok,new key
dynn_fae_15671,"common/dynasties name (literal, no CK2 loc key)",Foromath,new key
dynn_fae_15672,"common/dynasties name (literal, no CK2 loc key)",Vhaupice,new key
dynn_fae_15673,"common/dynasties name (literal, no CK2 loc key)",Bhardavil,new key
dynn_fae_15674,"common/dynasties name (literal, no CK2 loc key)",Ushimath,new key
dynn_fae_15675,"common/dynasties name (literal, no CK2 loc key)",Vhapashar,new key
dynn_fae_15676,"common/dynasties name (literal, no CK2 loc key)",Shanhar,new key
dynn_fae_15677,"common/dynasties name (literal, no CK2 loc key)",Harril,new key
dynn_fae_15678,"common/dynasties name (literal, no CK2 loc key)",Uldogoba,new key
dynn_fae_15679,"common/dynasties name (literal, no CK2 loc key)",Shannetsk,new key
dynn_fae_1568,"common/dynasties name (literal, no CK2 loc key)",Woodspear,new key
dynn_fae_15680,"common/dynasties name (literal, no CK2 loc key)",Nauvhetsk,new key
dynn_fae_15681,"common/dynasties name (literal, no CK2 loc key)",Fauvharr,new key
dynn_fae_15682,"common/dynasties name (literal, no CK2 loc key)",Greatspan,new key
dynn_fae_15683,"common/dynasties name (literal, no CK2 loc key)",Sunkisser,new key
dynn_fae_15684,"common/dynasties name (literal, no CK2 loc key)",Icarythiir,new key
dynn_fae_15685,"common/dynasties name (literal, no CK2 loc key)",Nomatiel,new key
dynn_fae_15686,"common/dynasties name (literal, no CK2 loc key)",Xilothaliir,new key
dynn_fae_15687,"common/dynasties name (literal, no CK2 loc key)",Wingheart,new key
dynn_fae_15688,"common/dynasties name (literal, no CK2 loc key)",Soarblade,new key
dynn_fae_15689,"common/dynasties name (literal, no CK2 loc key)",Glitterspear,new key
dynn_fae_1569,"common/dynasties name (literal, no CK2 loc key)",Malkizid,new key
dynn_fae_15690,"common/dynasties name (literal, no CK2 loc key)",Gustpride,new key
dynn_fae_15691,"common/dynasties name (literal, no CK2 loc key)",Breezestep,new key
dynn_fae_15692,"common/dynasties name (literal, no CK2 loc key)",Glythakerym,new key
dynn_fae_15693,"common/dynasties name (literal, no CK2 loc key)",Silodai,new key
dynn_fae_15694,"common/dynasties name (literal, no CK2 loc key)",Sinomesamai,new key
dynn_fae_15695,"common/dynasties name (literal, no CK2 loc key)",Kiirxilom,new key
dynn_fae_15696,"common/dynasties name (literal, no CK2 loc key)",Shatterwind,new key
dynn_fae_15697,"common/dynasties name (literal, no CK2 loc key)",Elagala,new key
dynn_fae_15698,"common/dynasties name (literal, no CK2 loc key)",Silathiel,new key
dynn_fae_15699,"common/dynasties name (literal, no CK2 loc key)",Xiirquan,new key
dynn_fae_157,"common/dynasties name (literal, no CK2 loc key)",Ironmaster,new key
dynn_fae_1570,"common/dynasties name (literal, no CK2 loc key)",Silverblade,new key
dynn_fae_15700,"common/dynasties name (literal, no CK2 loc key)",Xenebrades,new key
dynn_fae_15701,"common/dynasties name (literal, no CK2 loc key)",Ethelemades,new key
dynn_fae_15702,"common/dynasties name (literal, no CK2 loc key)",Numastene,new key
dynn_fae_15703,"common/dynasties name (literal, no CK2 loc key)",Astramaea,new key
dynn_fae_15704,"common/dynasties name (literal, no CK2 loc key)",Stymishema,new key
dynn_fae_15705,"common/dynasties name (literal, no CK2 loc key)",Mastonomor,new key
dynn_fae_15706,"common/dynasties name (literal, no CK2 loc key)",Cosmaphares,new key
dynn_fae_15707,"common/dynasties name (literal, no CK2 loc key)",Saphomadia,new key
dynn_fae_15708,"common/dynasties name (literal, no CK2 loc key)",Xemetor,new key
dynn_fae_15709,"common/dynasties name (literal, no CK2 loc key)",Yalthaemor,new key
dynn_fae_1571,"common/dynasties name (literal, no CK2 loc key)",Treemaw,new key
dynn_fae_15710,"common/dynasties name (literal, no CK2 loc key)",Lunasmic,new key
dynn_fae_15711,"common/dynasties name (literal, no CK2 loc key)",Solonarion,new key
dynn_fae_15712,"common/dynasties name (literal, no CK2 loc key)",Plutuvarnades,new key
dynn_fae_15713,"common/dynasties name (literal, no CK2 loc key)",Mercuramon,new key
dynn_fae_15714,"common/dynasties name (literal, no CK2 loc key)",Yupitamene,new key
dynn_fae_15715,"common/dynasties name (literal, no CK2 loc key)",Xyla,new key
dynn_fae_15716,"common/dynasties name (literal, no CK2 loc key)",Saturnamene,new key
dynn_fae_15717,"common/dynasties name (literal, no CK2 loc key)",Venuseric,new key
dynn_fae_15718,"common/dynasties name (literal, no CK2 loc key)",Vaerduranes,new key
dynn_fae_15719,"common/dynasties name (literal, no CK2 loc key)",Rivusanes,new key
dynn_fae_1572,"common/dynasties name (literal, no CK2 loc key)",Alsevil,new key
dynn_fae_15720,"common/dynasties name (literal, no CK2 loc key)",Xaryndares,new key
dynn_fae_15721,"common/dynasties name (literal, no CK2 loc key)",Xaryxes,new key
dynn_fae_15722,"common/dynasties name (literal, no CK2 loc key)",Darkul,new key
dynn_fae_15723,"common/dynasties name (literal, no CK2 loc key)",Nahpret,new key
dynn_fae_15724,"common/dynasties name (literal, no CK2 loc key)",Grynn,new key
dynn_fae_15725,"common/dynasties name (literal, no CK2 loc key)",Gul,new key
dynn_fae_15726,"common/dynasties name (literal, no CK2 loc key)",Ocerat,new key
dynn_fae_15727,"common/dynasties name (literal, no CK2 loc key)",Naismen,new key
dynn_fae_15728,"common/dynasties name (literal, no CK2 loc key)",Aka'Pillihp,new key
dynn_fae_15729,"common/dynasties name (literal, no CK2 loc key)",Ansar,new key
dynn_fae_1573,"common/dynasties name (literal, no CK2 loc key)",Sarothiil,new key
dynn_fae_15730,"common/dynasties name (literal, no CK2 loc key)",Xotal,new key
dynn_fae_15731,"common/dynasties name (literal, no CK2 loc key)",Mirr,new key
dynn_fae_15732,"common/dynasties name (literal, no CK2 loc key)",Gall,new key
dynn_fae_15733,"common/dynasties name (literal, no CK2 loc key)",Oandem,new key
dynn_fae_15734,"common/dynasties name (literal, no CK2 loc key)",Juramot,new key
dynn_fae_15735,"common/dynasties name (literal, no CK2 loc key)",Donard,new key
dynn_fae_15736,"common/dynasties name (literal, no CK2 loc key)",D'Arcey,new key
dynn_fae_15737,"common/dynasties name (literal, no CK2 loc key)",Chaseris,new key
dynn_fae_15738,"common/dynasties name (literal, no CK2 loc key)",Clayhill,new key
dynn_fae_15739,"common/dynasties name (literal, no CK2 loc key)",Morieth,new key
dynn_fae_1574,"common/dynasties name (literal, no CK2 loc key)",Safvok,new key
dynn_fae_15740,"common/dynasties name (literal, no CK2 loc key)",Cadathlyn,new key
dynn_fae_15741,"common/dynasties name (literal, no CK2 loc key)",Droust,new key
dynn_fae_15742,"common/dynasties name (literal, no CK2 loc key)",Marhymbel,new key
dynn_fae_15743,"common/dynasties name (literal, no CK2 loc key)",Iringil,new key
dynn_fae_15744,"common/dynasties name (literal, no CK2 loc key)",Indicopleustes,new key
dynn_fae_15745,"common/dynasties name (literal, no CK2 loc key)",Turlstars,new key
dynn_fae_15746,"common/dynasties name (literal, no CK2 loc key)",Taranth,new key
dynn_fae_15747,"common/dynasties name (literal, no CK2 loc key)",Xzorthishae,new key
dynn_fae_15748,"common/dynasties name (literal, no CK2 loc key)",Nyreniash,new key
dynn_fae_15749,"common/dynasties name (literal, no CK2 loc key)",Xzoryesimal,new key
dynn_fae_1575,"common/dynasties name (literal, no CK2 loc key)",Wufrag,new key
dynn_fae_15750,"common/dynasties name (literal, no CK2 loc key)",Seronomyr,new key
dynn_fae_15751,"common/dynasties name (literal, no CK2 loc key)",Lumaxzro,new key
dynn_fae_15752,"common/dynasties name (literal, no CK2 loc key)",Seroshimishae,new key
dynn_fae_15753,"common/dynasties name (literal, no CK2 loc key)",Avanomonyr,new key
dynn_fae_15754,"common/dynasties name (literal, no CK2 loc key)",Selumal,new key
dynn_fae_15755,"common/dynasties name (literal, no CK2 loc key)",Maronomaar,new key
dynn_fae_15756,"common/dynasties name (literal, no CK2 loc key)",Faelumal,new key
dynn_fae_15757,"common/dynasties name (literal, no CK2 loc key)",Xzoryseumour,new key
dynn_fae_15758,"common/dynasties name (literal, no CK2 loc key)",Shaemenathine,new key
dynn_fae_15759,"common/dynasties name (literal, no CK2 loc key)",Naraselour,new key
dynn_fae_1576,"common/dynasties name (literal, no CK2 loc key)",Joorgo,new key
dynn_fae_15760,"common/dynasties name (literal, no CK2 loc key)",Velyathiir,new key
dynn_fae_15761,"common/dynasties name (literal, no CK2 loc key)",Shaemathiir,new key
dynn_fae_15762,"common/dynasties name (literal, no CK2 loc key)",Whitebow,new key
dynn_fae_15763,"common/dynasties name (literal, no CK2 loc key)",Silverwind,new key
dynn_fae_15764,"common/dynasties name (literal, no CK2 loc key)",Chillsong,new key
dynn_fae_15765,"common/dynasties name (literal, no CK2 loc key)",Frostdancer,new key
dynn_fae_15766,"common/dynasties name (literal, no CK2 loc key)",Hailsinger,new key
dynn_fae_15767,"common/dynasties name (literal, no CK2 loc key)",Glimmerfrost,new key
dynn_fae_15768,"common/dynasties name (literal, no CK2 loc key)",Snowvale,new key
dynn_fae_15769,"common/dynasties name (literal, no CK2 loc key)",Coldheart,new key
dynn_fae_1577,"common/dynasties name (literal, no CK2 loc key)",Ruinshield,new key
dynn_fae_15770,"common/dynasties name (literal, no CK2 loc key)",Nitherblade,new key
dynn_fae_15771,"common/dynasties name (literal, no CK2 loc key)",Vul'xoqqir,new key
dynn_fae_15772,"common/dynasties name (literal, no CK2 loc key)",Xululka'aerr,new key
dynn_fae_15773,"common/dynasties name (literal, no CK2 loc key)",Zaulagratt,new key
dynn_fae_15774,"common/dynasties name (literal, no CK2 loc key)",Illoq'a'zarr,new key
dynn_fae_15775,"common/dynasties name (literal, no CK2 loc key)",Q'okenzat,new key
dynn_fae_15776,"common/dynasties name (literal, no CK2 loc key)",Eezendruth,new key
dynn_fae_15777,"common/dynasties name (literal, no CK2 loc key)",V'lzathengrob,new key
dynn_fae_15778,"common/dynasties name (literal, no CK2 loc key)",Zolqenzuth,new key
dynn_fae_15779,"common/dynasties name (literal, no CK2 loc key)",El-Ulventuth,new key
dynn_fae_1578,"common/dynasties name (literal, no CK2 loc key)",Feymane,new key
dynn_fae_15780,"common/dynasties name (literal, no CK2 loc key)",Grolthenelp,new key
dynn_fae_15781,"common/dynasties name (literal, no CK2 loc key)",Quol'oth,new key
dynn_fae_15782,"common/dynasties name (literal, no CK2 loc key)",Zeemess,new key
dynn_fae_15783,"common/dynasties name (literal, no CK2 loc key)",Mohenclug,new key
dynn_fae_15784,"common/dynasties name (literal, no CK2 loc key)",Ohdeepemm,new key
dynn_fae_15785,"common/dynasties name (literal, no CK2 loc key)",Deecushef,new key
dynn_fae_15786,"common/dynasties name (literal, no CK2 loc key)",Zush'utheq,new key
dynn_fae_15787,"common/dynasties name (literal, no CK2 loc key)",Astunshu,new key
dynn_fae_15788,"common/dynasties name (literal, no CK2 loc key)",Mka'kich'lit,new key
dynn_fae_15789,"common/dynasties name (literal, no CK2 loc key)",Zton,new key
dynn_fae_1579,"common/dynasties name (literal, no CK2 loc key)",Gladeguard,new key
dynn_fae_15790,"common/dynasties name (literal, no CK2 loc key)",Iqshyol,new key
dynn_fae_15791,"common/dynasties name (literal, no CK2 loc key)",Tzaraak,new key
dynn_fae_15792,"common/dynasties name (literal, no CK2 loc key)",Cathak,new key
dynn_fae_15793,"common/dynasties name (literal, no CK2 loc key)",Xithalkith,new key
dynn_fae_15794,"common/dynasties name (literal, no CK2 loc key)",C'thag,new key
dynn_fae_15795,"common/dynasties name (literal, no CK2 loc key)",Nul'kass,new key
dynn_fae_15796,"common/dynasties name (literal, no CK2 loc key)",Xikliz,new key
dynn_fae_15797,"common/dynasties name (literal, no CK2 loc key)",K'thi'hil,new key
dynn_fae_15798,"common/dynasties name (literal, no CK2 loc key)",Ftihillt,new key
dynn_fae_15799,"common/dynasties name (literal, no CK2 loc key)",Xelthorbash,new key
dynn_fae_158,"common/dynasties name (literal, no CK2 loc key)",Sneighfanglen,new key
dynn_fae_1580,"common/dynasties name (literal, no CK2 loc key)",Leafspear,new key
dynn_fae_15800,"common/dynasties name (literal, no CK2 loc key)",Ag-Mexxin,new key
dynn_fae_15801,"common/dynasties name (literal, no CK2 loc key)",LLakorzoreth,new key
dynn_fae_15802,"common/dynasties name (literal, no CK2 loc key)",Xeminsh,new key
dynn_fae_15803,"common/dynasties name (literal, no CK2 loc key)",Zyxenel,new key
dynn_fae_15804,"common/dynasties name (literal, no CK2 loc key)",Phaethoxoris,new key
dynn_fae_15805,"common/dynasties name (literal, no CK2 loc key)",Nymixenzel,new key
dynn_fae_15806,"common/dynasties name (literal, no CK2 loc key)",Xelfor,new key
dynn_fae_15807,"common/dynasties name (literal, no CK2 loc key)",Xaxes,new key
dynn_fae_15808,"common/dynasties name (literal, no CK2 loc key)",Morganizbor,new key
dynn_fae_15809,"common/dynasties name (literal, no CK2 loc key)",Thuyxes,new key
dynn_fae_1581,"common/dynasties name (literal, no CK2 loc key)",Oldbark,new key
dynn_fae_15810,"common/dynasties name (literal, no CK2 loc key)",Sshexinis,new key
dynn_fae_15811,"common/dynasties name (literal, no CK2 loc key)",Ag-Xortari,new key
dynn_fae_15812,"common/dynasties name (literal, no CK2 loc key)",Phekxunti,new key
dynn_fae_15813,"common/dynasties name (literal, no CK2 loc key)",Xelthorbash,new key
dynn_fae_15814,"common/dynasties name (literal, no CK2 loc key)",Ag-Mexxin,new key
dynn_fae_15815,"common/dynasties name (literal, no CK2 loc key)",LLakorzoreth,new key
dynn_fae_15816,"common/dynasties name (literal, no CK2 loc key)",Xeminsh,new key
dynn_fae_15817,"common/dynasties name (literal, no CK2 loc key)",Phaethoxoris,new key
dynn_fae_15818,"common/dynasties name (literal, no CK2 loc key)",Nymixenzel,new key
dynn_fae_15819,"common/dynasties name (literal, no CK2 loc key)",Xelfor,new key
dynn_fae_1582,"common/dynasties name (literal, no CK2 loc key)",Binthanil,new key
dynn_fae_15820,"common/dynasties name (literal, no CK2 loc key)",Xaxes,new key
dynn_fae_15821,"common/dynasties name (literal, no CK2 loc key)",Morganizbor,new key
dynn_fae_15822,"common/dynasties name (literal, no CK2 loc key)",Thuyxes,new key
dynn_fae_15823,"common/dynasties name (literal, no CK2 loc key)",Sshexinis,new key
dynn_fae_15824,"common/dynasties name (literal, no CK2 loc key)",Ag-Xortari,new key
dynn_fae_15825,"common/dynasties name (literal, no CK2 loc key)",Phekxunti,new key
dynn_fae_15826,"common/dynasties name (literal, no CK2 loc key)",Cu'Lyrran,new key
dynn_fae_15827,"common/dynasties name (literal, no CK2 loc key)",Talos-claere,new key
dynn_fae_15828,"common/dynasties name (literal, no CK2 loc key)",Cu’Maethyll,new key
dynn_fae_15829,"common/dynasties name (literal, no CK2 loc key)",Cu’Abydyn,new key
dynn_fae_1583,"common/dynasties name (literal, no CK2 loc key)",Turv,new key
dynn_fae_15830,"common/dynasties name (literal, no CK2 loc key)",Cu’Othyllewyd,new key
dynn_fae_15831,"common/dynasties name (literal, no CK2 loc key)",Cu’Telere,new key
dynn_fae_15832,"common/dynasties name (literal, no CK2 loc key)",Nemos-phaere,new key
dynn_fae_15833,"common/dynasties name (literal, no CK2 loc key)",Aethykyll,new key
dynn_fae_15834,"common/dynasties name (literal, no CK2 loc key)",Manyth-claere,new key
dynn_fae_15835,"common/dynasties name (literal, no CK2 loc key)",Mindaros-claere,new key
dynn_fae_15836,"common/dynasties name (literal, no CK2 loc key)",Aethyl,new key
dynn_fae_15837,"common/dynasties name (literal, no CK2 loc key)",Cu’Phentyryth,new key
dynn_fae_15838,"common/dynasties name (literal, no CK2 loc key)",Amyslyrr,new key
dynn_fae_15839,"common/dynasties name (literal, no CK2 loc key)",Phaekythyrr,new key
dynn_fae_1584,"common/dynasties name (literal, no CK2 loc key)",Tymmyr,new key
dynn_fae_15840,"common/dynasties name (literal, no CK2 loc key)",Keporyl,new key
dynn_fae_15841,"common/dynasties name (literal, no CK2 loc key)",Myndothyryll,new key
dynn_fae_15842,"common/dynasties name (literal, no CK2 loc key)",Cu’Chryalis,new key
dynn_fae_15843,"common/dynasties name (literal, no CK2 loc key)",Nemathyll,new key
dynn_fae_15844,"common/dynasties name (literal, no CK2 loc key)",Vinecutter,new key
dynn_fae_15845,"common/dynasties name (literal, no CK2 loc key)",Treecarver,new key
dynn_fae_15846,"common/dynasties name (literal, no CK2 loc key)",Dinotrapper,new key
dynn_fae_15847,"common/dynasties name (literal, no CK2 loc key)",Dewcrawler,new key
dynn_fae_15848,"common/dynasties name (literal, no CK2 loc key)",Nighthunter,new key
dynn_fae_15849,"common/dynasties name (literal, no CK2 loc key)",Barksplitter,new key
dynn_fae_1585,"common/dynasties name (literal, no CK2 loc key)",Halman,new key
dynn_fae_15850,"common/dynasties name (literal, no CK2 loc key)",Stonehauler,new key
dynn_fae_15851,"common/dynasties name (literal, no CK2 loc key)",Woodswalker,new key
dynn_fae_15852,"common/dynasties name (literal, no CK2 loc key)",Gemcutter,new key
dynn_fae_15853,"common/dynasties name (literal, no CK2 loc key)",Stonesplitter,new key
dynn_fae_15854,"common/dynasties name (literal, no CK2 loc key)",Hearthforger,new key
dynn_fae_15855,"common/dynasties name (literal, no CK2 loc key)",Deepcrawler,new key
dynn_fae_15856,"common/dynasties name (literal, no CK2 loc key)",Tunneldigger,new key
dynn_fae_15857,"common/dynasties name (literal, no CK2 loc key)",Catellid,new key
dynn_fae_15858,"common/dynasties name (literal, no CK2 loc key)",Thuderid,new key
dynn_fae_15859,"common/dynasties name (literal, no CK2 loc key)",Dhorn,new key
dynn_fae_1586,"common/dynasties name (literal, no CK2 loc key)",Faller,new key
dynn_fae_1587,"common/dynasties name (literal, no CK2 loc key)",Jand,new key
dynn_fae_1588,"common/dynasties name (literal, no CK2 loc key)",of the Guard,new key
dynn_fae_1589,"common/dynasties name (literal, no CK2 loc key)",Talvo,new key
dynn_fae_159,"common/dynasties name (literal, no CK2 loc key)",Ghaulantatra,new key
dynn_fae_1590,"common/dynasties name (literal, no CK2 loc key)",Johannes,new key
dynn_fae_1591,"common/dynasties name (literal, no CK2 loc key)",Xaja,new key
dynn_fae_1592,"common/dynasties name (literal, no CK2 loc key)",Dalmont,new key
dynn_fae_1593,"common/dynasties name (literal, no CK2 loc key)",Mogwan,new key
dynn_fae_1594,"common/dynasties name (literal, no CK2 loc key)",Donnon,new key
dynn_fae_1595,"common/dynasties name (literal, no CK2 loc key)",Drem,new key
dynn_fae_1596,"common/dynasties name (literal, no CK2 loc key)",Kyrie,new key
dynn_fae_1597,"common/dynasties name (literal, no CK2 loc key)",Raine,new key
dynn_fae_1598,"common/dynasties name (literal, no CK2 loc key)",Rael,new key
dynn_fae_1599,"common/dynasties name (literal, no CK2 loc key)",Sants,new key
dynn_fae_16,"common/dynasties name (literal, no CK2 loc key)",Yaerthal,new key
dynn_fae_160,"common/dynasties name (literal, no CK2 loc key)",Arveiaturace,new key
dynn_fae_1600,"common/dynasties name (literal, no CK2 loc key)",Zantol,new key
dynn_fae_1601,"common/dynasties name (literal, no CK2 loc key)",Nirek,new key
dynn_fae_1602,"common/dynasties name (literal, no CK2 loc key)",Nashdeg,new key
dynn_fae_1603,"common/dynasties name (literal, no CK2 loc key)",Gostur,new key
dynn_fae_1604,"common/dynasties name (literal, no CK2 loc key)",Soont,new key
dynn_fae_1605,"common/dynasties name (literal, no CK2 loc key)",Bemvan,new key
dynn_fae_1606,"common/dynasties name (literal, no CK2 loc key)",Drethyl,new key
dynn_fae_1607,"common/dynasties name (literal, no CK2 loc key)",Krisos,new key
dynn_fae_1608,"common/dynasties name (literal, no CK2 loc key)",Lorastur,new key
dynn_fae_1609,"common/dynasties name (literal, no CK2 loc key)",Ventick,new key
dynn_fae_161,"common/dynasties name (literal, no CK2 loc key)",K'thi'hil,new key
dynn_fae_1610,"common/dynasties name (literal, no CK2 loc key)",Wresh,new key
dynn_fae_1611,"common/dynasties name (literal, no CK2 loc key)",Rantyne,new key
dynn_fae_1612,"common/dynasties name (literal, no CK2 loc key)",Babar,new key
dynn_fae_1613,"common/dynasties name (literal, no CK2 loc key)",Nekos,new key
dynn_fae_1614,"common/dynasties name (literal, no CK2 loc key)",Rowar,new key
dynn_fae_1615,"common/dynasties name (literal, no CK2 loc key)",Fenatril,new key
dynn_fae_1616,"common/dynasties name (literal, no CK2 loc key)",Roaryl,new key
dynn_fae_1617,"common/dynasties name (literal, no CK2 loc key)",Belveto,new key
dynn_fae_1618,"common/dynasties name (literal, no CK2 loc key)",Ghrym,new key
dynn_fae_1619,"common/dynasties name (literal, no CK2 loc key)",Wissan,new key
dynn_fae_162,"common/dynasties name (literal, no CK2 loc key)",Northreaver,new key
dynn_fae_1620,"common/dynasties name (literal, no CK2 loc key)",Haundle,new key
dynn_fae_1621,"common/dynasties name (literal, no CK2 loc key)",Lornen,new key
dynn_fae_1622,"common/dynasties name (literal, no CK2 loc key)",Shorntooth,new key
dynn_fae_1623,"common/dynasties name (literal, no CK2 loc key)",Sardron,new key
dynn_fae_1624,"common/dynasties name (literal, no CK2 loc key)",Calath,new key
dynn_fae_1625,"common/dynasties name (literal, no CK2 loc key)",Hornlar,new key
dynn_fae_1626,"common/dynasties name (literal, no CK2 loc key)",Keepfang,new key
dynn_fae_1627,"common/dynasties name (literal, no CK2 loc key)",Sunscale,new key
dynn_fae_1628,"common/dynasties name (literal, no CK2 loc key)",Lhargloroth,new key
dynn_fae_1629,"common/dynasties name (literal, no CK2 loc key)",of Araunt,new key
dynn_fae_163,"common/dynasties name (literal, no CK2 loc key)",Entaron,new key
dynn_fae_1630,"common/dynasties name (literal, no CK2 loc key)",Nightscale,new key
dynn_fae_1631,"common/dynasties name (literal, no CK2 loc key)",Mountainshaker,new key
dynn_fae_1632,"common/dynasties name (literal, no CK2 loc key)",Lammarask,new key
dynn_fae_1633,"common/dynasties name (literal, no CK2 loc key)",Anvilbrand,new key
dynn_fae_1634,"common/dynasties name (literal, no CK2 loc key)",Zamov,new key
dynn_fae_1635,"common/dynasties name (literal, no CK2 loc key)",Ynmal,new key
dynn_fae_1636,"common/dynasties name (literal, no CK2 loc key)",Uljinno,new key
dynn_fae_1637,"common/dynasties name (literal, no CK2 loc key)",Melauthaur,new key
dynn_fae_1638,"common/dynasties name (literal, no CK2 loc key)",Orlarrakh,new key
dynn_fae_1639,"common/dynasties name (literal, no CK2 loc key)",Dishk,new key
dynn_fae_164,"common/dynasties name (literal, no CK2 loc key)",Seafarer,new key
dynn_fae_1640,"common/dynasties name (literal, no CK2 loc key)",Flia,new key
dynn_fae_1641,"common/dynasties name (literal, no CK2 loc key)",Mew,new key
dynn_fae_1642,"common/dynasties name (literal, no CK2 loc key)",Shortbill,new key
dynn_fae_1643,"common/dynasties name (literal, no CK2 loc key)",Ringbill,new key
dynn_fae_1644,"common/dynasties name (literal, no CK2 loc key)",Blackback,new key
dynn_fae_1645,"common/dynasties name (literal, no CK2 loc key)",Greywing,new key
dynn_fae_1646,"common/dynasties name (literal, no CK2 loc key)",Yellowfoot,new key
dynn_fae_1647,"common/dynasties name (literal, no CK2 loc key)",Utternorth,new key
dynn_fae_1648,"common/dynasties name (literal, no CK2 loc key)",Silverdeckt,new key
dynn_fae_1649,"common/dynasties name (literal, no CK2 loc key)",Slatyback,new key
dynn_fae_165,"common/dynasties name (literal, no CK2 loc key)",Riveraxe,new key
dynn_fae_1650,"common/dynasties name (literal, no CK2 loc key)",White-eye,new key
dynn_fae_1651,"common/dynasties name (literal, no CK2 loc key)",Sootfeather,new key
dynn_fae_1652,"common/dynasties name (literal, no CK2 loc key)",Greymantle,new key
dynn_fae_1653,"common/dynasties name (literal, no CK2 loc key)",Jetmantle,new key
dynn_fae_1654,"common/dynasties name (literal, no CK2 loc key)",Whitedusk,new key
dynn_fae_1655,"common/dynasties name (literal, no CK2 loc key)",Redbill,new key
dynn_fae_1656,"common/dynasties name (literal, no CK2 loc key)",Brownhood,new key
dynn_fae_1657,"common/dynasties name (literal, no CK2 loc key)",Slenderbill,new key
dynn_fae_1658,"common/dynasties name (literal, no CK2 loc key)",Rosybreast,new key
dynn_fae_1659,"common/dynasties name (literal, no CK2 loc key)",Terner,new key
dynn_fae_166,"common/dynasties name (literal, no CK2 loc key)",Nordrak,new key
dynn_fae_1660,"common/dynasties name (literal, no CK2 loc key)",Threetoes,new key
dynn_fae_1661,"common/dynasties name (literal, no CK2 loc key)",El-Viddenvelp,new key
dynn_fae_1662,"common/dynasties name (literal, no CK2 loc key)",Imdree,new key
dynn_fae_1663,"common/dynasties name (literal, no CK2 loc key)",Taunador,new key
dynn_fae_1664,"common/dynasties name (literal, no CK2 loc key)",Shattermind,new key
dynn_fae_1665,"common/dynasties name (literal, no CK2 loc key)",Vul'xoqqir,new key
dynn_fae_1666,"common/dynasties name (literal, no CK2 loc key)",Xululka'aerr,new key
dynn_fae_1667,"common/dynasties name (literal, no CK2 loc key)",Zaulagratt,new key
dynn_fae_1668,"common/dynasties name (literal, no CK2 loc key)",Illoq'a'zarr,new key
dynn_fae_1669,"common/dynasties name (literal, no CK2 loc key)",Q'okenzat,new key
dynn_fae_167,"common/dynasties name (literal, no CK2 loc key)",Farrag,new key
dynn_fae_1670,"common/dynasties name (literal, no CK2 loc key)",Eezendruth,new key
dynn_fae_1671,"common/dynasties name (literal, no CK2 loc key)",V'lzathengrob,new key
dynn_fae_1672,"common/dynasties name (literal, no CK2 loc key)",Zolqenzuth,new key
dynn_fae_1673,"common/dynasties name (literal, no CK2 loc key)",El-Ulventuth,new key
dynn_fae_1674,"common/dynasties name (literal, no CK2 loc key)",Grolthenelp,new key
dynn_fae_1675,"common/dynasties name (literal, no CK2 loc key)",Quol'oth,new key
dynn_fae_1676,"common/dynasties name (literal, no CK2 loc key)",Zeemess,new key
dynn_fae_1677,"common/dynasties name (literal, no CK2 loc key)",Mohenclug,new key
dynn_fae_1678,"common/dynasties name (literal, no CK2 loc key)",Ohdeepemm,new key
dynn_fae_1679,"common/dynasties name (literal, no CK2 loc key)",Deecushef,new key
dynn_fae_168,"common/dynasties name (literal, no CK2 loc key)",Seesall,new key
dynn_fae_1680,"common/dynasties name (literal, no CK2 loc key)",Zush'utheq,new key
dynn_fae_1681,"common/dynasties name (literal, no CK2 loc key)",of Tu'narath,new key
dynn_fae_1682,"common/dynasties name (literal, no CK2 loc key)",of Githmir,new key
dynn_fae_1683,"common/dynasties name (literal, no CK2 loc key)",of T'n'rekris,new key
dynn_fae_1684,"common/dynasties name (literal, no CK2 loc key)",of Xamvadi'm,new key
dynn_fae_1685,"common/dynasties name (literal, no CK2 loc key)",Varsh,new key
dynn_fae_1686,"common/dynasties name (literal, no CK2 loc key)",Gul'othran,new key
dynn_fae_1687,"common/dynasties name (literal, no CK2 loc key)",Tu'narathi,new key
dynn_fae_1688,"common/dynasties name (literal, no CK2 loc key)",Githmiri,new key
dynn_fae_1689,"common/dynasties name (literal, no CK2 loc key)",T'n'rekrisi,new key
dynn_fae_169,"common/dynasties name (literal, no CK2 loc key)",Saltsight,new key
dynn_fae_1690,"common/dynasties name (literal, no CK2 loc key)",Xamvadi'mi,new key
dynn_fae_1691,"common/dynasties name (literal, no CK2 loc key)",Flumphslayer,new key
dynn_fae_1692,"common/dynasties name (literal, no CK2 loc key)",Ch'r'ai,new key
dynn_fae_1693,"common/dynasties name (literal, no CK2 loc key)",z'Gish,new key
dynn_fae_1694,"common/dynasties name (literal, no CK2 loc key)",of TorNav'roc,new key
dynn_fae_1695,"common/dynasties name (literal, no CK2 loc key)",K'liir,new key
dynn_fae_1696,"common/dynasties name (literal, no CK2 loc key)",Two-Skies,new key
dynn_fae_1697,"common/dynasties name (literal, no CK2 loc key)",z'Zerth,new key
dynn_fae_1698,"common/dynasties name (literal, no CK2 loc key)",of Shra'kt'lor,new key
dynn_fae_1699,"common/dynasties name (literal, no CK2 loc key)",of Zerth'ad'lun,new key
dynn_fae_17,"common/dynasties name (literal, no CK2 loc key)",Morueme,new key
dynn_fae_170,"common/dynasties name (literal, no CK2 loc key)",Drabforge,new key
dynn_fae_1700,"common/dynasties name (literal, no CK2 loc key)",Chaoscrafter,new key
dynn_fae_1701,"common/dynasties name (literal, no CK2 loc key)",Stillcenter,new key
dynn_fae_1702,"common/dynasties name (literal, no CK2 loc key)",Knower,new key
dynn_fae_1703,"common/dynasties name (literal, no CK2 loc key)",Endurance,new key
dynn_fae_1704,"common/dynasties name (literal, no CK2 loc key)",Anarkis,new key
dynn_fae_1705,"common/dynasties name (literal, no CK2 loc key)",Slaadvictor,new key
dynn_fae_1706,"common/dynasties name (literal, no CK2 loc key)",Soulmight,new key
dynn_fae_1707,"common/dynasties name (literal, no CK2 loc key)",Loyaul,new key
dynn_fae_1708,"common/dynasties name (literal, no CK2 loc key)",Farthinker,new key
dynn_fae_1709,"common/dynasties name (literal, no CK2 loc key)",of Limbo,new key
dynn_fae_171,"common/dynasties name (literal, no CK2 loc key)",Ilgar,new key
dynn_fae_1710,"common/dynasties name (literal, no CK2 loc key)",Elderlore,new key
dynn_fae_1711,"common/dynasties name (literal, no CK2 loc key)",Bristlecone,new key
dynn_fae_1712,"common/dynasties name (literal, no CK2 loc key)",Cupressus,new key
dynn_fae_1713,"common/dynasties name (literal, no CK2 loc key)",Juniper,new key
dynn_fae_1714,"common/dynasties name (literal, no CK2 loc key)",Baobab,new key
dynn_fae_1715,"common/dynasties name (literal, no CK2 loc key)",Ficus,new key
dynn_fae_1716,"common/dynasties name (literal, no CK2 loc key)",Redwood,new key
dynn_fae_1717,"common/dynasties name (literal, no CK2 loc key)",Foxtail,new key
dynn_fae_1718,"common/dynasties name (literal, no CK2 loc key)",Larix,new key
dynn_fae_1719,"common/dynasties name (literal, no CK2 loc key)",Limberpine,new key
dynn_fae_172,"common/dynasties name (literal, no CK2 loc key)",Seawatch,new key
dynn_fae_1720,"common/dynasties name (literal, no CK2 loc key)",Whitecedar,new key
dynn_fae_1721,"common/dynasties name (literal, no CK2 loc key)",Callitropsis,new key
dynn_fae_1722,"common/dynasties name (literal, no CK2 loc key)",Taxus,new key
dynn_fae_1723,"common/dynasties name (literal, no CK2 loc key)",Taxodium,new key
dynn_fae_1724,"common/dynasties name (literal, no CK2 loc key)",Quercus,new key
dynn_fae_1725,"common/dynasties name (literal, no CK2 loc key)",Aspenquake,new key
dynn_fae_1726,"common/dynasties name (literal, no CK2 loc key)",Hew Maan,new key
dynn_fae_1727,"common/dynasties name (literal, no CK2 loc key)",Eastscale,new key
dynn_fae_1728,"common/dynasties name (literal, no CK2 loc key)",Blueblood,new key
dynn_fae_1729,"common/dynasties name (literal, no CK2 loc key)",Cogbanner,new key
dynn_fae_173,"common/dynasties name (literal, no CK2 loc key)",Grandan,new key
dynn_fae_1730,"common/dynasties name (literal, no CK2 loc key)",Mathival,new key
dynn_fae_1731,"common/dynasties name (literal, no CK2 loc key)",Nightfang,new key
dynn_fae_1732,"common/dynasties name (literal, no CK2 loc key)",Fiddlefist,new key
dynn_fae_1733,"common/dynasties name (literal, no CK2 loc key)",Dragonscar,new key
dynn_fae_1734,"common/dynasties name (literal, no CK2 loc key)",Natten,new key
dynn_fae_1735,"common/dynasties name (literal, no CK2 loc key)",Mooncaller,new key
dynn_fae_1736,"common/dynasties name (literal, no CK2 loc key)",Goldflower,new key
dynn_fae_1737,"common/dynasties name (literal, no CK2 loc key)",Seasong,new key
dynn_fae_1738,"common/dynasties name (literal, no CK2 loc key)",Riversong,new key
dynn_fae_1739,"common/dynasties name (literal, no CK2 loc key)",Freefoot,new key
dynn_fae_174,"common/dynasties name (literal, no CK2 loc key)",Longroad,new key
dynn_fae_1740,"common/dynasties name (literal, no CK2 loc key)",Kathon,new key
dynn_fae_1741,"common/dynasties name (literal, no CK2 loc key)",Coldvein,new key
dynn_fae_1742,"common/dynasties name (literal, no CK2 loc key)",Tumblestrum,new key
dynn_fae_1743,"common/dynasties name (literal, no CK2 loc key)",Sulfvar,new key
dynn_fae_1744,"common/dynasties name (literal, no CK2 loc key)",Fararrow,new key
dynn_fae_1745,"common/dynasties name (literal, no CK2 loc key)",Tallguy,new key
dynn_fae_1746,"common/dynasties name (literal, no CK2 loc key)",Intandane,new key
dynn_fae_1747,"common/dynasties name (literal, no CK2 loc key)",Drakeblood,new key
dynn_fae_1748,"common/dynasties name (literal, no CK2 loc key)",Ambudkar,new key
dynn_fae_1749,"common/dynasties name (literal, no CK2 loc key)",Weaveseer,new key
dynn_fae_175,"common/dynasties name (literal, no CK2 loc key)",Shieldcleft,new key
dynn_fae_1750,"common/dynasties name (literal, no CK2 loc key)",Woodrow,new key
dynn_fae_1751,"common/dynasties name (literal, no CK2 loc key)",Skuldrak,new key
dynn_fae_1752,"common/dynasties name (literal, no CK2 loc key)",Sizziks,new key
dynn_fae_1753,"common/dynasties name (literal, no CK2 loc key)",Marthain,new key
dynn_fae_1754,"common/dynasties name (literal, no CK2 loc key)",Bronzebottom,new key
dynn_fae_1755,"common/dynasties name (literal, no CK2 loc key)",Cesso,new key
dynn_fae_1756,"common/dynasties name (literal, no CK2 loc key)",Stormfang,new key
dynn_fae_1757,"common/dynasties name (literal, no CK2 loc key)",Snaggletooth,new key
dynn_fae_1758,"common/dynasties name (literal, no CK2 loc key)",Verthisathurgiesh,new key
dynn_fae_1759,"common/dynasties name (literal, no CK2 loc key)",Kepeshkmolik,new key
dynn_fae_176,"common/dynasties name (literal, no CK2 loc key)",Lightfingers,new key
dynn_fae_1760,"common/dynasties name (literal, no CK2 loc key)",Ophinshtalajiir,new key
dynn_fae_1761,"common/dynasties name (literal, no CK2 loc key)",Yrjixtilex,new key
dynn_fae_1762,"common/dynasties name (literal, no CK2 loc key)",Blit'zen,new key
dynn_fae_1763,"common/dynasties name (literal, no CK2 loc key)",Um'vairar,new key
dynn_fae_1764,"common/dynasties name (literal, no CK2 loc key)",Warden,new key
dynn_fae_1765,"common/dynasties name (literal, no CK2 loc key)",Drow'b,new key
dynn_fae_1766,"common/dynasties name (literal, no CK2 loc key)",Seppa,new key
dynn_fae_1767,"common/dynasties name (literal, no CK2 loc key)",Rosznar,new key
dynn_fae_1768,"common/dynasties name (literal, no CK2 loc key)",Beestinger,new key
dynn_fae_1769,"common/dynasties name (literal, no CK2 loc key)",Thornpath,new key
dynn_fae_177,"common/dynasties name (literal, no CK2 loc key)",Noonshadow,new key
dynn_fae_1770,"common/dynasties name (literal, no CK2 loc key)",Tinkerfang,new key
dynn_fae_1771,"common/dynasties name (literal, no CK2 loc key)",Ad Khollar,new key
dynn_fae_1772,"common/dynasties name (literal, no CK2 loc key)",Dankgrass,new key
dynn_fae_1773,"common/dynasties name (literal, no CK2 loc key)",Darkmagic,new key
dynn_fae_1774,"common/dynasties name (literal, no CK2 loc key)",Sarrbarand,new key
dynn_fae_1775,"common/dynasties name (literal, no CK2 loc key)",Sentry,new key
dynn_fae_1776,"common/dynasties name (literal, no CK2 loc key)",Kakistos,new key
dynn_fae_1777,"common/dynasties name (literal, no CK2 loc key)",Amziz,new key
dynn_fae_1778,"common/dynasties name (literal, no CK2 loc key)",An Ashock,new key
dynn_fae_1779,"common/dynasties name (literal, no CK2 loc key)",Gulmaern,new key
dynn_fae_178,"common/dynasties name (literal, no CK2 loc key)",Ch'fyr,new key
dynn_fae_1780,"common/dynasties name (literal, no CK2 loc key)",Impkith,new key
dynn_fae_1781,"common/dynasties name (literal, no CK2 loc key)",Kest,new key
dynn_fae_1782,"common/dynasties name (literal, no CK2 loc key)",Kress,new key
dynn_fae_1783,"common/dynasties name (literal, no CK2 loc key)",Mayne,new key
dynn_fae_1784,"common/dynasties name (literal, no CK2 loc key)",Nightshade,new key
dynn_fae_1785,"common/dynasties name (literal, no CK2 loc key)",Riizar,new key
dynn_fae_1786,"common/dynasties name (literal, no CK2 loc key)",Khul,new key
dynn_fae_1787,"common/dynasties name (literal, no CK2 loc key)",Savikas,new key
dynn_fae_1788,"common/dynasties name (literal, no CK2 loc key)",Shadowbreath,new key
dynn_fae_1789,"common/dynasties name (literal, no CK2 loc key)",Shai,new key
dynn_fae_179,"common/dynasties name (literal, no CK2 loc key)",Shaw,new key
dynn_fae_1790,"common/dynasties name (literal, no CK2 loc key)",Vail,new key
dynn_fae_1791,"common/dynasties name (literal, no CK2 loc key)",deVor,new key
dynn_fae_1792,"common/dynasties name (literal, no CK2 loc key)",Vrockwing,new key
dynn_fae_1793,"common/dynasties name (literal, no CK2 loc key)",Krystal,new key
dynn_fae_1794,"common/dynasties name (literal, no CK2 loc key)",Plague-Mort,new key
dynn_fae_1795,"common/dynasties name (literal, no CK2 loc key)",O'Bedlam,new key
dynn_fae_1796,"common/dynasties name (literal, no CK2 loc key)",Oxas,new key
dynn_fae_1797,"common/dynasties name (literal, no CK2 loc key)",Curst,new key
dynn_fae_1798,"common/dynasties name (literal, no CK2 loc key)",Despair,new key
dynn_fae_1799,"common/dynasties name (literal, no CK2 loc key)",Torch,new key
dynn_fae_18,"common/dynasties name (literal, no CK2 loc key)",Gundadrak,new key
dynn_fae_180,"common/dynasties name (literal, no CK2 loc key)",Maethellyn,new key
dynn_fae_1800,"common/dynasties name (literal, no CK2 loc key)",Ribcage,new key
dynn_fae_1801,"common/dynasties name (literal, no CK2 loc key)",Rigus,new key
dynn_fae_1802,"common/dynasties name (literal, no CK2 loc key)",Darkspine,new key
dynn_fae_1803,"common/dynasties name (literal, no CK2 loc key)",Filch,new key
dynn_fae_1804,"common/dynasties name (literal, no CK2 loc key)",Emrys,new key
dynn_fae_1805,"common/dynasties name (literal, no CK2 loc key)",ap Myrddin,new key
dynn_fae_1806,"common/dynasties name (literal, no CK2 loc key)",Fortitude,new key
dynn_fae_1807,"common/dynasties name (literal, no CK2 loc key)",Excelsior,new key
dynn_fae_1808,"common/dynasties name (literal, no CK2 loc key)",Tradegate,new key
dynn_fae_1809,"common/dynasties name (literal, no CK2 loc key)",Ecstasy,new key
dynn_fae_181,"common/dynasties name (literal, no CK2 loc key)",Gulgrin,new key
dynn_fae_1810,"common/dynasties name (literal, no CK2 loc key)",Heavenly,new key
dynn_fae_1811,"common/dynasties name (literal, no CK2 loc key)",Zathrakos,new key
dynn_fae_1812,"common/dynasties name (literal, no CK2 loc key)",Sarifaxia,new key
dynn_fae_1813,"common/dynasties name (literal, no CK2 loc key)",Ulivanilij,new key
dynn_fae_1814,"common/dynasties name (literal, no CK2 loc key)",Ulmonoan,new key
dynn_fae_1815,"common/dynasties name (literal, no CK2 loc key)",Roroaros,new key
dynn_fae_1816,"common/dynasties name (literal, no CK2 loc key)",Glathiir,new key
dynn_fae_1817,"common/dynasties name (literal, no CK2 loc key)",Rathinivose,new key
dynn_fae_1818,"common/dynasties name (literal, no CK2 loc key)",Naeryndroth,new key
dynn_fae_1819,"common/dynasties name (literal, no CK2 loc key)",Mincagri,new key
dynn_fae_182,"common/dynasties name (literal, no CK2 loc key)",Stoneforge,new key
dynn_fae_1820,"common/dynasties name (literal, no CK2 loc key)",Faltorominur,new key
dynn_fae_1821,"common/dynasties name (literal, no CK2 loc key)",Gelt,new key
dynn_fae_1822,"common/dynasties name (literal, no CK2 loc key)",Tarathron,new key
dynn_fae_1823,"common/dynasties name (literal, no CK2 loc key)",Coldtusk,new key
dynn_fae_1824,"common/dynasties name (literal, no CK2 loc key)",Sarakror,new key
dynn_fae_1825,"common/dynasties name (literal, no CK2 loc key)",Ytrixus,new key
dynn_fae_1826,"common/dynasties name (literal, no CK2 loc key)",Falguronn,new key
dynn_fae_1827,"common/dynasties name (literal, no CK2 loc key)",Fanijik,new key
dynn_fae_1828,"common/dynasties name (literal, no CK2 loc key)",Saloknir,new key
dynn_fae_1829,"common/dynasties name (literal, no CK2 loc key)",Satro,new key
dynn_fae_183,"common/dynasties name (literal, no CK2 loc key)",Tarmikos,new key
dynn_fae_1830,"common/dynasties name (literal, no CK2 loc key)",Caronoxar,new key
dynn_fae_1831,"common/dynasties name (literal, no CK2 loc key)",Urlingscar,new key
dynn_fae_1832,"common/dynasties name (literal, no CK2 loc key)",Belarrak,new key
dynn_fae_1833,"common/dynasties name (literal, no CK2 loc key)",Garandorn,new key
dynn_fae_1834,"common/dynasties name (literal, no CK2 loc key)",Harifejili,new key
dynn_fae_1835,"common/dynasties name (literal, no CK2 loc key)",Daelfyrthimachian,new key
dynn_fae_1836,"common/dynasties name (literal, no CK2 loc key)",Whistleklik,new key
dynn_fae_1837,"common/dynasties name (literal, no CK2 loc key)",Dreamstrider,new key
dynn_fae_1838,"common/dynasties name (literal, no CK2 loc key)",Steelmarrow,new key
dynn_fae_1839,"common/dynasties name (literal, no CK2 loc key)",Melf,new key
dynn_fae_184,"common/dynasties name (literal, no CK2 loc key)",Krog,new key
dynn_fae_1840,"common/dynasties name (literal, no CK2 loc key)",V'Ger,new key
dynn_fae_1841,"common/dynasties name (literal, no CK2 loc key)",Cloverheart,new key
dynn_fae_1842,"common/dynasties name (literal, no CK2 loc key)",Thunderkeg,new key
dynn_fae_1843,"common/dynasties name (literal, no CK2 loc key)",Dunbanner,new key
dynn_fae_1844,"common/dynasties name (literal, no CK2 loc key)",Dran,new key
dynn_fae_1845,"common/dynasties name (literal, no CK2 loc key)",Stonemarrow,new key
dynn_fae_1846,"common/dynasties name (literal, no CK2 loc key)",Bloodsight,new key
dynn_fae_1847,"common/dynasties name (literal, no CK2 loc key)",Zethar,new key
dynn_fae_1848,"common/dynasties name (literal, no CK2 loc key)",Gauwervyndhal,new key
dynn_fae_1849,"common/dynasties name (literal, no CK2 loc key)",Drur,new key
dynn_fae_185,"common/dynasties name (literal, no CK2 loc key)",Langren,new key
dynn_fae_1850,"common/dynasties name (literal, no CK2 loc key)",Kalamn,new key
dynn_fae_1851,"common/dynasties name (literal, no CK2 loc key)",Enjagen,new key
dynn_fae_1852,"common/dynasties name (literal, no CK2 loc key)",Gaeran,new key
dynn_fae_1853,"common/dynasties name (literal, no CK2 loc key)",Truvak,new key
dynn_fae_1854,"common/dynasties name (literal, no CK2 loc key)",Sarniolithan,new key
dynn_fae_1855,"common/dynasties name (literal, no CK2 loc key)",Naggings,new key
dynn_fae_1856,"common/dynasties name (literal, no CK2 loc key)",Harimvan,new key
dynn_fae_1857,"common/dynasties name (literal, no CK2 loc key)",Ilvinikk,new key
dynn_fae_1858,"common/dynasties name (literal, no CK2 loc key)",Sollofirav,new key
dynn_fae_1859,"common/dynasties name (literal, no CK2 loc key)",Travanil,new key
dynn_fae_186,"common/dynasties name (literal, no CK2 loc key)",Dell,new key
dynn_fae_1860,"common/dynasties name (literal, no CK2 loc key)",Solan,new key
dynn_fae_1861,"common/dynasties name (literal, no CK2 loc key)",Dromiv,new key
dynn_fae_1862,"common/dynasties name (literal, no CK2 loc key)",Ecstalo,new key
dynn_fae_1863,"common/dynasties name (literal, no CK2 loc key)",Galigrij,new key
dynn_fae_1864,"common/dynasties name (literal, no CK2 loc key)",Scalebane,new key
dynn_fae_1865,"common/dynasties name (literal, no CK2 loc key)",Duskborn,new key
dynn_fae_1866,"common/dynasties name (literal, no CK2 loc key)",Worldeater,new key
dynn_fae_1867,"common/dynasties name (literal, no CK2 loc key)",Furyborn,new key
dynn_fae_1868,"common/dynasties name (literal, no CK2 loc key)",Steelskin,new key
dynn_fae_1869,"common/dynasties name (literal, no CK2 loc key)",Goldtooth,new key
dynn_fae_187,"common/dynasties name (literal, no CK2 loc key)",Karishka,new key
dynn_fae_1870,"common/dynasties name (literal, no CK2 loc key)",Ghostsight,new key
dynn_fae_1871,"common/dynasties name (literal, no CK2 loc key)",Hornwcrown,new key
dynn_fae_1872,"common/dynasties name (literal, no CK2 loc key)",Boulderfall,new key
dynn_fae_1873,"common/dynasties name (literal, no CK2 loc key)",Cragscleft,new key
dynn_fae_1874,"common/dynasties name (literal, no CK2 loc key)",Farwatcher,new key
dynn_fae_1875,"common/dynasties name (literal, no CK2 loc key)",t'Braglu,new key
dynn_fae_1876,"common/dynasties name (literal, no CK2 loc key)",t'Loro,new key
dynn_fae_1877,"common/dynasties name (literal, no CK2 loc key)",Rockmarch,new key
dynn_fae_1878,"common/dynasties name (literal, no CK2 loc key)",Seabloom,new key
dynn_fae_1879,"common/dynasties name (literal, no CK2 loc key)",Saville,new key
dynn_fae_188,"common/dynasties name (literal, no CK2 loc key)",Gromm,new key
dynn_fae_1880,"common/dynasties name (literal, no CK2 loc key)",Bento,new key
dynn_fae_1881,"common/dynasties name (literal, no CK2 loc key)",Siantli,new key
dynn_fae_1882,"common/dynasties name (literal, no CK2 loc key)",Kello,new key
dynn_fae_1883,"common/dynasties name (literal, no CK2 loc key)",Nelos,new key
dynn_fae_1884,"common/dynasties name (literal, no CK2 loc key)",Brenico,new key
dynn_fae_1885,"common/dynasties name (literal, no CK2 loc key)",Odesso,new key
dynn_fae_1886,"common/dynasties name (literal, no CK2 loc key)",Atalante,new key
dynn_fae_1887,"common/dynasties name (literal, no CK2 loc key)",Kemisi,new key
dynn_fae_1888,"common/dynasties name (literal, no CK2 loc key)",Olimbra,new key
dynn_fae_1889,"common/dynasties name (literal, no CK2 loc key)",Morphos,new key
dynn_fae_189,"common/dynasties name (literal, no CK2 loc key)",Daska,new key
dynn_fae_1890,"common/dynasties name (literal, no CK2 loc key)",Blueaxe,new key
dynn_fae_1891,"common/dynasties name (literal, no CK2 loc key)",Golaxaruho,new key
dynn_fae_1892,"common/dynasties name (literal, no CK2 loc key)",Clawrunner,new key
dynn_fae_1893,"common/dynasties name (literal, no CK2 loc key)",t'Sirf,new key
dynn_fae_1894,"common/dynasties name (literal, no CK2 loc key)",Pranmer,new key
dynn_fae_1895,"common/dynasties name (literal, no CK2 loc key)",Lobro,new key
dynn_fae_1896,"common/dynasties name (literal, no CK2 loc key)",Paulici,new key
dynn_fae_1897,"common/dynasties name (literal, no CK2 loc key)",Dorn,new key
dynn_fae_1898,"common/dynasties name (literal, no CK2 loc key)",Malynd,new key
dynn_fae_1899,"common/dynasties name (literal, no CK2 loc key)",Morntarn,new key
dynn_fae_19,"common/dynasties name (literal, no CK2 loc key)",Ruinstalker,new key
dynn_fae_190,"common/dynasties name (literal, no CK2 loc key)",Taramoku,new key
dynn_fae_1900,"common/dynasties name (literal, no CK2 loc key)",Adhikari,new key
dynn_fae_1901,"common/dynasties name (literal, no CK2 loc key)",Bose,new key
dynn_fae_1902,"common/dynasties name (literal, no CK2 loc key)",Mitra,new key
dynn_fae_1903,"common/dynasties name (literal, no CK2 loc key)",Datta,new key
dynn_fae_1904,"common/dynasties name (literal, no CK2 loc key)",Bhatt,new key
dynn_fae_1905,"common/dynasties name (literal, no CK2 loc key)",Biswas,new key
dynn_fae_1906,"common/dynasties name (literal, no CK2 loc key)",Kulina,new key
dynn_fae_1907,"common/dynasties name (literal, no CK2 loc key)",Das,new key
dynn_fae_1908,"common/dynasties name (literal, no CK2 loc key)",Gayen,new key
dynn_fae_1909,"common/dynasties name (literal, no CK2 loc key)",Ghatak,new key
dynn_fae_191,"common/dynasties name (literal, no CK2 loc key)",Vonin,new key
dynn_fae_1910,"common/dynasties name (literal, no CK2 loc key)",Gupta,new key
dynn_fae_1911,"common/dynasties name (literal, no CK2 loc key)",Maitra,new key
dynn_fae_1912,"common/dynasties name (literal, no CK2 loc key)",Malakar,new key
dynn_fae_1913,"common/dynasties name (literal, no CK2 loc key)",Pal,new key
dynn_fae_1914,"common/dynasties name (literal, no CK2 loc key)",Kayastha,new key
dynn_fae_1915,"common/dynasties name (literal, no CK2 loc key)",Saha,new key
dynn_fae_1916,"common/dynasties name (literal, no CK2 loc key)",Sil,new key
dynn_fae_1917,"common/dynasties name (literal, no CK2 loc key)",Sen,new key
dynn_fae_1918,"common/dynasties name (literal, no CK2 loc key)",Shethi,new key
dynn_fae_1919,"common/dynasties name (literal, no CK2 loc key)",Thakur,new key
dynn_fae_192,"common/dynasties name (literal, no CK2 loc key)",Iceaxe,new key
dynn_fae_1920,"common/dynasties name (literal, no CK2 loc key)",Chaudhary,new key
dynn_fae_1921,"common/dynasties name (literal, no CK2 loc key)",Bakhshi,new key
dynn_fae_1922,"common/dynasties name (literal, no CK2 loc key)",Faqiri,new key
dynn_fae_1923,"common/dynasties name (literal, no CK2 loc key)",Hedayati,new key
dynn_fae_1924,"common/dynasties name (literal, no CK2 loc key)",Khavari,new key
dynn_fae_1925,"common/dynasties name (literal, no CK2 loc key)",Latifi,new key
dynn_fae_1926,"common/dynasties name (literal, no CK2 loc key)",Navabi,new key
dynn_fae_1927,"common/dynasties name (literal, no CK2 loc key)",Durrani,new key
dynn_fae_1928,"common/dynasties name (literal, no CK2 loc key)",Gul,new key
dynn_fae_1929,"common/dynasties name (literal, no CK2 loc key)",Niazi,new key
dynn_fae_193,"common/dynasties name (literal, no CK2 loc key)",Grivpok,new key
dynn_fae_1930,"common/dynasties name (literal, no CK2 loc key)",Noorzai,new key
dynn_fae_1931,"common/dynasties name (literal, no CK2 loc key)",Orakzai,new key
dynn_fae_1932,"common/dynasties name (literal, no CK2 loc key)",Sherkhanzai,new key
dynn_fae_1933,"common/dynasties name (literal, no CK2 loc key)",Sidiqi,new key
dynn_fae_1934,"common/dynasties name (literal, no CK2 loc key)",Wali,new key
dynn_fae_1935,"common/dynasties name (literal, no CK2 loc key)",Samim,new key
dynn_fae_1936,"common/dynasties name (literal, no CK2 loc key)",Baig,new key
dynn_fae_1937,"common/dynasties name (literal, no CK2 loc key)",Afsar,new key
dynn_fae_1938,"common/dynasties name (literal, no CK2 loc key)",Afshin,new key
dynn_fae_1939,"common/dynasties name (literal, no CK2 loc key)",Arman,new key
dynn_fae_194,"common/dynasties name (literal, no CK2 loc key)",Spinecrusher,new key
dynn_fae_1940,"common/dynasties name (literal, no CK2 loc key)",Tabaan,new key
dynn_fae_1941,"common/dynasties name (literal, no CK2 loc key)",Manaalin,new key
dynn_fae_1942,"common/dynasties name (literal, no CK2 loc key)",Qoyllor,new key
dynn_fae_1943,"common/dynasties name (literal, no CK2 loc key)",Saradexma,new key
dynn_fae_1944,"common/dynasties name (literal, no CK2 loc key)",Ebonflame,new key
dynn_fae_1945,"common/dynasties name (literal, no CK2 loc key)",Kinraysapa,new key
dynn_fae_1946,"common/dynasties name (literal, no CK2 loc key)",Manaallin,new key
dynn_fae_1947,"common/dynasties name (literal, no CK2 loc key)",Manaq'anra,new key
dynn_fae_1948,"common/dynasties name (literal, no CK2 loc key)",Kusisqa,new key
dynn_fae_1949,"common/dynasties name (literal, no CK2 loc key)",Erk'etamunay,new key
dynn_fae_195,"common/dynasties name (literal, no CK2 loc key)",Northkiller,new key
dynn_fae_1950,"common/dynasties name (literal, no CK2 loc key)",Sonqosuwa,new key
dynn_fae_1951,"common/dynasties name (literal, no CK2 loc key)",Qana'qtara,new key
dynn_fae_1952,"common/dynasties name (literal, no CK2 loc key)",Manaraxqa,new key
dynn_fae_1953,"common/dynasties name (literal, no CK2 loc key)",Sakinarmay,new key
dynn_fae_1954,"common/dynasties name (literal, no CK2 loc key)",Waruq'oy,new key
dynn_fae_1955,"common/dynasties name (literal, no CK2 loc key)",Aysakmana,new key
dynn_fae_1956,"common/dynasties name (literal, no CK2 loc key)",Kunallor,new key
dynn_fae_1957,"common/dynasties name (literal, no CK2 loc key)",Ravanq'orya,new key
dynn_fae_1958,"common/dynasties name (literal, no CK2 loc key)",Aajinmanay,new key
dynn_fae_1959,"common/dynasties name (literal, no CK2 loc key)",Qonorajtay,new key
dynn_fae_196,"common/dynasties name (literal, no CK2 loc key)",Ramur,new key
dynn_fae_1960,"common/dynasties name (literal, no CK2 loc key)",Aspakorya,new key
dynn_fae_1961,"common/dynasties name (literal, no CK2 loc key)",Ajimo,new key
dynn_fae_1962,"common/dynasties name (literal, no CK2 loc key)",Akana,new key
dynn_fae_1963,"common/dynasties name (literal, no CK2 loc key)",Ashigi,new key
dynn_fae_1964,"common/dynasties name (literal, no CK2 loc key)",Daidoji,new key
dynn_fae_1965,"common/dynasties name (literal, no CK2 loc key)",Emi,new key
dynn_fae_1966,"common/dynasties name (literal, no CK2 loc key)",Michimori,new key
dynn_fae_1967,"common/dynasties name (literal, no CK2 loc key)",Fukada,new key
dynn_fae_1968,"common/dynasties name (literal, no CK2 loc key)",Goburu,new key
dynn_fae_1969,"common/dynasties name (literal, no CK2 loc key)",Haka,new key
dynn_fae_197,"common/dynasties name (literal, no CK2 loc key)",Alaerthmaugh,new key
dynn_fae_1970,"common/dynasties name (literal, no CK2 loc key)",Hanamoto,new key
dynn_fae_1971,"common/dynasties name (literal, no CK2 loc key)",Hiro,new key
dynn_fae_1972,"common/dynasties name (literal, no CK2 loc key)",Hiwa,new key
dynn_fae_1973,"common/dynasties name (literal, no CK2 loc key)",Hojo,new key
dynn_fae_1974,"common/dynasties name (literal, no CK2 loc key)",Hori,new key
dynn_fae_1975,"common/dynasties name (literal, no CK2 loc key)",Igi,new key
dynn_fae_1976,"common/dynasties name (literal, no CK2 loc key)",Ito,new key
dynn_fae_1977,"common/dynasties name (literal, no CK2 loc key)",Kadokawa,new key
dynn_fae_1978,"common/dynasties name (literal, no CK2 loc key)",Kate,new key
dynn_fae_1979,"common/dynasties name (literal, no CK2 loc key)",Kihei,new key
dynn_fae_198,"common/dynasties name (literal, no CK2 loc key)",Aldennos,new key
dynn_fae_1980,"common/dynasties name (literal, no CK2 loc key)",Kishimoto,new key
dynn_fae_1981,"common/dynasties name (literal, no CK2 loc key)",Kiyosu,new key
dynn_fae_1982,"common/dynasties name (literal, no CK2 loc key)",Koda,new key
dynn_fae_1983,"common/dynasties name (literal, no CK2 loc key)",Konishi,new key
dynn_fae_1984,"common/dynasties name (literal, no CK2 loc key)",Kuroda,new key
dynn_fae_1985,"common/dynasties name (literal, no CK2 loc key)",Kyo,new key
dynn_fae_1986,"common/dynasties name (literal, no CK2 loc key)",Matsue,new key
dynn_fae_1987,"common/dynasties name (literal, no CK2 loc key)",Motoharu,new key
dynn_fae_1988,"common/dynasties name (literal, no CK2 loc key)",Mushakoji,new key
dynn_fae_1989,"common/dynasties name (literal, no CK2 loc key)",Myudo,new key
dynn_fae_199,"common/dynasties name (literal, no CK2 loc key)",Lanarr,new key
dynn_fae_1990,"common/dynasties name (literal, no CK2 loc key)",Naoki,new key
dynn_fae_1991,"common/dynasties name (literal, no CK2 loc key)",Niwa,new key
dynn_fae_1992,"common/dynasties name (literal, no CK2 loc key)",Nogami,new key
dynn_fae_1993,"common/dynasties name (literal, no CK2 loc key)",Obuno,new key
dynn_fae_1994,"common/dynasties name (literal, no CK2 loc key)",Osamu,new key
dynn_fae_1995,"common/dynasties name (literal, no CK2 loc key)",Otomo,new key
dynn_fae_1996,"common/dynasties name (literal, no CK2 loc key)",Otsabe,new key
dynn_fae_1997,"common/dynasties name (literal, no CK2 loc key)",Saito,new key
dynn_fae_1998,"common/dynasties name (literal, no CK2 loc key)",Sakai,new key
dynn_fae_1999,"common/dynasties name (literal, no CK2 loc key)",Sato,new key
dynn_fae_2,"common/dynasties name (literal, no CK2 loc key)",Dlardrageth,new key
dynn_fae_20,"common/dynasties name (literal, no CK2 loc key)",Bane,new key
dynn_fae_200,"common/dynasties name (literal, no CK2 loc key)",Heartrender,new key
dynn_fae_2000,"common/dynasties name (literal, no CK2 loc key)",Sumitomo,new key
dynn_fae_2001,"common/dynasties name (literal, no CK2 loc key)",Alagondar,new key
dynn_fae_2002,"common/dynasties name (literal, no CK2 loc key)",Paladinstar,new key
dynn_fae_2003,"common/dynasties name (literal, no CK2 loc key)",Arunsun,new key
dynn_fae_2004,"common/dynasties name (literal, no CK2 loc key)",Silmaeril,new key
dynn_fae_2005,"common/dynasties name (literal, no CK2 loc key)",Thann,new key
dynn_fae_2006,"common/dynasties name (literal, no CK2 loc key)",Adarbrent,new key
dynn_fae_2007,"common/dynasties name (literal, no CK2 loc key)",Amcathra,new key
dynn_fae_2008,"common/dynasties name (literal, no CK2 loc key)",Caradoon,new key
dynn_fae_2009,"common/dynasties name (literal, no CK2 loc key)",Eltorchul,new key
dynn_fae_201,"common/dynasties name (literal, no CK2 loc key)",Gazkit,new key
dynn_fae_2010,"common/dynasties name (literal, no CK2 loc key)",Raventree,new key
dynn_fae_2011,"common/dynasties name (literal, no CK2 loc key)",Wardragon,new key
dynn_fae_2012,"common/dynasties name (literal, no CK2 loc key)",Agundar,new key
dynn_fae_2013,"common/dynasties name (literal, no CK2 loc key)",Ammakyl,new key
dynn_fae_2014,"common/dynasties name (literal, no CK2 loc key)",Anteos,new key
dynn_fae_2015,"common/dynasties name (literal, no CK2 loc key)",Artemel,new key
dynn_fae_2016,"common/dynasties name (literal, no CK2 loc key)",Assumbar,new key
dynn_fae_2017,"common/dynasties name (literal, no CK2 loc key)",Belabranta,new key
dynn_fae_2018,"common/dynasties name (literal, no CK2 loc key)",Bladesemmer,new key
dynn_fae_2019,"common/dynasties name (literal, no CK2 loc key)",Brokengulf,new key
dynn_fae_202,"common/dynasties name (literal, no CK2 loc key)",Hungermaw,new key
dynn_fae_2020,"common/dynasties name (literal, no CK2 loc key)",Brossfeather,new key
dynn_fae_2021,"common/dynasties name (literal, no CK2 loc key)",Cassalanter,new key
dynn_fae_2022,"common/dynasties name (literal, no CK2 loc key)",Cragsmere,new key
dynn_fae_2023,"common/dynasties name (literal, no CK2 loc key)",Crommor,new key
dynn_fae_2024,"common/dynasties name (literal, no CK2 loc key)",Dezlentyr,new key
dynn_fae_2025,"common/dynasties name (literal, no CK2 loc key)",Durinbold,new key
dynn_fae_2026,"common/dynasties name (literal, no CK2 loc key)",Eagleshield,new key
dynn_fae_2027,"common/dynasties name (literal, no CK2 loc key)",Eirontalar,new key
dynn_fae_2028,"common/dynasties name (literal, no CK2 loc key)",Emveolstone,new key
dynn_fae_2029,"common/dynasties name (literal, no CK2 loc key)",Estelmer,new key
dynn_fae_203,"common/dynasties name (literal, no CK2 loc key)",Kolraavi,new key
dynn_fae_2030,"common/dynasties name (literal, no CK2 loc key)",Gauntyl,new key
dynn_fae_2031,"common/dynasties name (literal, no CK2 loc key)",Gost,new key
dynn_fae_2032,"common/dynasties name (literal, no CK2 loc key)",Gralhund,new key
dynn_fae_2033,"common/dynasties name (literal, no CK2 loc key)",Gundwynd,new key
dynn_fae_2034,"common/dynasties name (literal, no CK2 loc key)",Hawkwinter,new key
dynn_fae_2035,"common/dynasties name (literal, no CK2 loc key)",Helmfast,new key
dynn_fae_2036,"common/dynasties name (literal, no CK2 loc key)",Hiilgauntlet,new key
dynn_fae_2037,"common/dynasties name (literal, no CK2 loc key)",Hothemer,new key
dynn_fae_2038,"common/dynasties name (literal, no CK2 loc key)",Hunabar,new key
dynn_fae_2039,"common/dynasties name (literal, no CK2 loc key)",Husteem,new key
dynn_fae_204,"common/dynasties name (literal, no CK2 loc key)",Gorebull,new key
dynn_fae_2040,"common/dynasties name (literal, no CK2 loc key)",Ilitul,new key
dynn_fae_2041,"common/dynasties name (literal, no CK2 loc key)",Ilvastarr,new key
dynn_fae_2042,"common/dynasties name (literal, no CK2 loc key)",Ilzimmer,new key
dynn_fae_2043,"common/dynasties name (literal, no CK2 loc key)",Irlingstar,new key
dynn_fae_2044,"common/dynasties name (literal, no CK2 loc key)",Jardeth,new key
dynn_fae_2045,"common/dynasties name (literal, no CK2 loc key)",Jhansczil,new key
dynn_fae_2046,"common/dynasties name (literal, no CK2 loc key)",Kormallis,new key
dynn_fae_2047,"common/dynasties name (literal, no CK2 loc key)",Kothont,new key
dynn_fae_2048,"common/dynasties name (literal, no CK2 loc key)",Lanngolyn,new key
dynn_fae_2049,"common/dynasties name (literal, no CK2 loc key)",Lathluke,new key
dynn_fae_205,"common/dynasties name (literal, no CK2 loc key)",Vashk,new key
dynn_fae_2050,"common/dynasties name (literal, no CK2 loc key)",Maerklos,new key
dynn_fae_2051,"common/dynasties name (literal, no CK2 loc key)",Majarra,new key
dynn_fae_2052,"common/dynasties name (literal, no CK2 loc key)",Manthar,new key
dynn_fae_2053,"common/dynasties name (literal, no CK2 loc key)",Margaster,new key
dynn_fae_2054,"common/dynasties name (literal, no CK2 loc key)",Massalan,new key
dynn_fae_2055,"common/dynasties name (literal, no CK2 loc key)",Melshimber,new key
dynn_fae_2056,"common/dynasties name (literal, no CK2 loc key)",Moonstar,new key
dynn_fae_2057,"common/dynasties name (literal, no CK2 loc key)",Nandar,new key
dynn_fae_2058,"common/dynasties name (literal, no CK2 loc key)",Nesher,new key
dynn_fae_2059,"common/dynasties name (literal, no CK2 loc key)",Phull,new key
dynn_fae_206,"common/dynasties name (literal, no CK2 loc key)",Nightblaze,new key
dynn_fae_2060,"common/dynasties name (literal, no CK2 loc key)",Phylund,new key
dynn_fae_2061,"common/dynasties name (literal, no CK2 loc key)",Piiradost,new key
dynn_fae_2062,"common/dynasties name (literal, no CK2 loc key)",Roaringhorn,new key
dynn_fae_2063,"common/dynasties name (literal, no CK2 loc key)",Rosznar,new key
dynn_fae_2064,"common/dynasties name (literal, no CK2 loc key)",Ruldegost,new key
dynn_fae_2065,"common/dynasties name (literal, no CK2 loc key)",Silmerhelve,new key
dynn_fae_2066,"common/dynasties name (literal, no CK2 loc key)",Snome,new key
dynn_fae_2067,"common/dynasties name (literal, no CK2 loc key)",Stormweather,new key
dynn_fae_2068,"common/dynasties name (literal, no CK2 loc key)",Sultlue,new key
dynn_fae_2069,"common/dynasties name (literal, no CK2 loc key)",Talmost,new key
dynn_fae_207,"common/dynasties name (literal, no CK2 loc key)",Hornspear,new key
dynn_fae_2070,"common/dynasties name (literal, no CK2 loc key)",Tarm,new key
dynn_fae_2071,"common/dynasties name (literal, no CK2 loc key)",Tchazzam,new key
dynn_fae_2072,"common/dynasties name (literal, no CK2 loc key)",Tesper,new key
dynn_fae_2073,"common/dynasties name (literal, no CK2 loc key)",Thongolir,new key
dynn_fae_2074,"common/dynasties name (literal, no CK2 loc key)",Thorp,new key
dynn_fae_2075,"common/dynasties name (literal, no CK2 loc key)",Thunderstaff,new key
dynn_fae_2076,"common/dynasties name (literal, no CK2 loc key)",Ulbrinter,new key
dynn_fae_2077,"common/dynasties name (literal, no CK2 loc key)",Urmbrusk,new key
dynn_fae_2078,"common/dynasties name (literal, no CK2 loc key)",Wands,new key
dynn_fae_2079,"common/dynasties name (literal, no CK2 loc key)",Wavesilver,new key
dynn_fae_208,"common/dynasties name (literal, no CK2 loc key)",Cragstalk,new key
dynn_fae_2080,"common/dynasties name (literal, no CK2 loc key)",Zulpair,new key
dynn_fae_2081,"common/dynasties name (literal, no CK2 loc key)",Zun,new key
dynn_fae_2082,"common/dynasties name (literal, no CK2 loc key)",Oldcoin,new key
dynn_fae_2083,"common/dynasties name (literal, no CK2 loc key)",Tokunoshi,new key
dynn_fae_2084,"common/dynasties name (literal, no CK2 loc key)",Coaststar,new key
dynn_fae_2085,"common/dynasties name (literal, no CK2 loc key)",of Amphail,new key
dynn_fae_2086,"common/dynasties name (literal, no CK2 loc key)",Simtul,new key
dynn_fae_2087,"common/dynasties name (literal, no CK2 loc key)",Nasaqh,new key
dynn_fae_2088,"common/dynasties name (literal, no CK2 loc key)",Agrivar,new key
dynn_fae_2089,"common/dynasties name (literal, no CK2 loc key)",Dothwintyl,new key
dynn_fae_209,"common/dynasties name (literal, no CK2 loc key)",Krugg,new key
dynn_fae_2090,"common/dynasties name (literal, no CK2 loc key)",Erlkar,new key
dynn_fae_2091,"common/dynasties name (literal, no CK2 loc key)",Aunforthar,new key
dynn_fae_2092,"common/dynasties name (literal, no CK2 loc key)",Bentather,new key
dynn_fae_2093,"common/dynasties name (literal, no CK2 loc key)",Forkarl,new key
dynn_fae_2094,"common/dynasties name (literal, no CK2 loc key)",Greenmarch,new key
dynn_fae_2095,"common/dynasties name (literal, no CK2 loc key)",Hornsong,new key
dynn_fae_2096,"common/dynasties name (literal, no CK2 loc key)",Scarthann,new key
dynn_fae_2097,"common/dynasties name (literal, no CK2 loc key)",Lauthom,new key
dynn_fae_2098,"common/dynasties name (literal, no CK2 loc key)",Bloodmire,new key
dynn_fae_2099,"common/dynasties name (literal, no CK2 loc key)",Brasshorn,new key
dynn_fae_21,"common/dynasties name (literal, no CK2 loc key)",Rockface,new key
dynn_fae_210,"common/dynasties name (literal, no CK2 loc key)",Gremg,new key
dynn_fae_2100,"common/dynasties name (literal, no CK2 loc key)",Barasume,new key
dynn_fae_2101,"common/dynasties name (literal, no CK2 loc key)",Klaeverdar,new key
dynn_fae_2102,"common/dynasties name (literal, no CK2 loc key)",Nondar,new key
dynn_fae_2103,"common/dynasties name (literal, no CK2 loc key)",Hanifar,new key
dynn_fae_2104,"common/dynasties name (literal, no CK2 loc key)",Sunsho,new key
dynn_fae_2105,"common/dynasties name (literal, no CK2 loc key)",Takegai,new key
dynn_fae_2106,"common/dynasties name (literal, no CK2 loc key)",Takenawa,new key
dynn_fae_2107,"common/dynasties name (literal, no CK2 loc key)",Toyo,new key
dynn_fae_2108,"common/dynasties name (literal, no CK2 loc key)",Ungu,new key
dynn_fae_2109,"common/dynasties name (literal, no CK2 loc key)",Zezen,new key
dynn_fae_211,"common/dynasties name (literal, no CK2 loc key)",Broken Fang,new key
dynn_fae_2110,"common/dynasties name (literal, no CK2 loc key)",Toru,new key
dynn_fae_2111,"common/dynasties name (literal, no CK2 loc key)",Cataract,new key
dynn_fae_2112,"common/dynasties name (literal, no CK2 loc key)",Vattenfall,new key
dynn_fae_2113,"common/dynasties name (literal, no CK2 loc key)",Roaringforce,new key
dynn_fae_2114,"common/dynasties name (literal, no CK2 loc key)",Bridalveil,new key
dynn_fae_2115,"common/dynasties name (literal, no CK2 loc key)",Watterfaw,new key
dynn_fae_2116,"common/dynasties name (literal, no CK2 loc key)",Dumoulin,new key
dynn_fae_2117,"common/dynasties name (literal, no CK2 loc key)",Brandywine,new key
dynn_fae_2118,"common/dynasties name (literal, no CK2 loc key)",Pistyll,new key
dynn_fae_2119,"common/dynasties name (literal, no CK2 loc key)",Silverband,new key
dynn_fae_212,"common/dynasties name (literal, no CK2 loc key)",Icebrand,new key
dynn_fae_2120,"common/dynasties name (literal, no CK2 loc key)",Bukalo,new key
dynn_fae_2121,"common/dynasties name (literal, no CK2 loc key)",Uisgeban,new key
dynn_fae_2122,"common/dynasties name (literal, no CK2 loc key)",Fossar,new key
dynn_fae_2123,"common/dynasties name (literal, no CK2 loc key)",Angelstair,new key
dynn_fae_2124,"common/dynasties name (literal, no CK2 loc key)",Blackwater,new key
dynn_fae_2125,"common/dynasties name (literal, no CK2 loc key)",Cascade,new key
dynn_fae_2126,"common/dynasties name (literal, no CK2 loc key)",Marestail,new key
dynn_fae_2127,"common/dynasties name (literal, no CK2 loc key)",Fallingwater,new key
dynn_fae_2128,"common/dynasties name (literal, no CK2 loc key)",Angelfalls,new key
dynn_fae_2129,"common/dynasties name (literal, no CK2 loc key)",Catarata,new key
dynn_fae_213,"common/dynasties name (literal, no CK2 loc key)",Bluntrock,new key
dynn_fae_2130,"common/dynasties name (literal, no CK2 loc key)",Victory,new key
dynn_fae_2131,"common/dynasties name (literal, no CK2 loc key)",Kairos,new key
dynn_fae_2132,"common/dynasties name (literal, no CK2 loc key)",Iolo,new key
dynn_fae_2133,"common/dynasties name (literal, no CK2 loc key)",Valden,new key
dynn_fae_2134,"common/dynasties name (literal, no CK2 loc key)",Firax,new key
dynn_fae_2135,"common/dynasties name (literal, no CK2 loc key)",Basoto,new key
dynn_fae_2136,"common/dynasties name (literal, no CK2 loc key)",Brushgnawer,new key
dynn_fae_2137,"common/dynasties name (literal, no CK2 loc key)",Sungazer,new key
dynn_fae_2138,"common/dynasties name (literal, no CK2 loc key)",Steeltail,new key
dynn_fae_2139,"common/dynasties name (literal, no CK2 loc key)",Druji,new key
dynn_fae_214,"common/dynasties name (literal, no CK2 loc key)",Never,new key
dynn_fae_2140,"common/dynasties name (literal, no CK2 loc key)",Battol,new key
dynn_fae_2141,"common/dynasties name (literal, no CK2 loc key)",Talask,new key
dynn_fae_2142,"common/dynasties name (literal, no CK2 loc key)",Corgam,new key
dynn_fae_2143,"common/dynasties name (literal, no CK2 loc key)",Tethel,new key
dynn_fae_2144,"common/dynasties name (literal, no CK2 loc key)",Puvali,new key
dynn_fae_2145,"common/dynasties name (literal, no CK2 loc key)",Saiyama,new key
dynn_fae_2146,"common/dynasties name (literal, no CK2 loc key)",Huroola,new key
dynn_fae_2147,"common/dynasties name (literal, no CK2 loc key)",Koshiva,new key
dynn_fae_2148,"common/dynasties name (literal, no CK2 loc key)",Rudra,new key
dynn_fae_2149,"common/dynasties name (literal, no CK2 loc key)",Simbara,new key
dynn_fae_215,"common/dynasties name (literal, no CK2 loc key)",Junto,new key
dynn_fae_2150,"common/dynasties name (literal, no CK2 loc key)",Zantira,new key
dynn_fae_2151,"common/dynasties name (literal, no CK2 loc key)",Goval,new key
dynn_fae_2152,"common/dynasties name (literal, no CK2 loc key)",V'Domo,new key
dynn_fae_2153,"common/dynasties name (literal, no CK2 loc key)",Goval'Ma,new key
dynn_fae_2154,"common/dynasties name (literal, no CK2 loc key)",Tamara,new key
dynn_fae_2155,"common/dynasties name (literal, no CK2 loc key)",Jengi,new key
dynn_fae_2156,"common/dynasties name (literal, no CK2 loc key)",Simbuki,new key
dynn_fae_2157,"common/dynasties name (literal, no CK2 loc key)",of Chuk'aa,new key
dynn_fae_2158,"common/dynasties name (literal, no CK2 loc key)",Zon'go,new key
dynn_fae_2159,"common/dynasties name (literal, no CK2 loc key)",Sinjak,new key
dynn_fae_216,"common/dynasties name (literal, no CK2 loc key)",Feykiller,new key
dynn_fae_2160,"common/dynasties name (literal, no CK2 loc key)",Boo-rah,new key
dynn_fae_2161,"common/dynasties name (literal, no CK2 loc key)",Buzimbi,new key
dynn_fae_2162,"common/dynasties name (literal, no CK2 loc key)",Hadobo,new key
dynn_fae_2163,"common/dynasties name (literal, no CK2 loc key)",Tamra,new key
dynn_fae_2164,"common/dynasties name (literal, no CK2 loc key)",Velombo,new key
dynn_fae_2165,"common/dynasties name (literal, no CK2 loc key)",Zamzago,new key
dynn_fae_2166,"common/dynasties name (literal, no CK2 loc key)",Wildfire,new key
dynn_fae_2167,"common/dynasties name (literal, no CK2 loc key)",Inferno,new key
dynn_fae_2168,"common/dynasties name (literal, no CK2 loc key)",Blaze,new key
dynn_fae_2169,"common/dynasties name (literal, no CK2 loc key)",Kindling,new key
dynn_fae_217,"common/dynasties name (literal, no CK2 loc key)",Winterwhite,new key
dynn_fae_2170,"common/dynasties name (literal, no CK2 loc key)",Agni Kai,new key
dynn_fae_2171,"common/dynasties name (literal, no CK2 loc key)",Netzach,new key
dynn_fae_2172,"common/dynasties name (literal, no CK2 loc key)",Aral,new key
dynn_fae_2173,"common/dynasties name (literal, no CK2 loc key)",Manipura,new key
dynn_fae_2174,"common/dynasties name (literal, no CK2 loc key)",Hagionphos,new key
dynn_fae_2175,"common/dynasties name (literal, no CK2 loc key)",Atash,new key
dynn_fae_2176,"common/dynasties name (literal, no CK2 loc key)",Flawme,new key
dynn_fae_2177,"common/dynasties name (literal, no CK2 loc key)",Pyrogenides,new key
dynn_fae_2178,"common/dynasties name (literal, no CK2 loc key)",Fladma,new key
dynn_fae_2179,"common/dynasties name (literal, no CK2 loc key)",Kaen,new key
dynn_fae_218,"common/dynasties name (literal, no CK2 loc key)",Firebender,new key
dynn_fae_2180,"common/dynasties name (literal, no CK2 loc key)",Feuerzung,new key
dynn_fae_2181,"common/dynasties name (literal, no CK2 loc key)",Obsidio,new key
dynn_fae_2182,"common/dynasties name (literal, no CK2 loc key)",Hethkantan,new key
dynn_fae_2183,"common/dynasties name (literal, no CK2 loc key)",of the Burned,new key
dynn_fae_2184,"common/dynasties name (literal, no CK2 loc key)",Murkspear,new key
dynn_fae_2185,"common/dynasties name (literal, no CK2 loc key)",Rustal,new key
dynn_fae_2186,"common/dynasties name (literal, no CK2 loc key)",Orhond,new key
dynn_fae_2187,"common/dynasties name (literal, no CK2 loc key)",Kassad,new key
dynn_fae_2188,"common/dynasties name (literal, no CK2 loc key)",Garrandar,new key
dynn_fae_2189,"common/dynasties name (literal, no CK2 loc key)",Pasht,new key
dynn_fae_219,"common/dynasties name (literal, no CK2 loc key)",Babris,new key
dynn_fae_2190,"common/dynasties name (literal, no CK2 loc key)",Sassar,new key
dynn_fae_2191,"common/dynasties name (literal, no CK2 loc key)",Spellscar,new key
dynn_fae_2192,"common/dynasties name (literal, no CK2 loc key)",Mudback,new key
dynn_fae_2193,"common/dynasties name (literal, no CK2 loc key)",Barrentail,new key
dynn_fae_2194,"common/dynasties name (literal, no CK2 loc key)",Sithrak,new key
dynn_fae_2195,"common/dynasties name (literal, no CK2 loc key)",Woodwalker,new key
dynn_fae_2196,"common/dynasties name (literal, no CK2 loc key)",Urem,new key
dynn_fae_2197,"common/dynasties name (literal, no CK2 loc key)",Graltooblu,new key
dynn_fae_2198,"common/dynasties name (literal, no CK2 loc key)",Blende,new key
dynn_fae_2199,"common/dynasties name (literal, no CK2 loc key)",Gravinodos,new key
dynn_fae_22,"common/dynasties name (literal, no CK2 loc key)",Granitejaw,new key
dynn_fae_220,"common/dynasties name (literal, no CK2 loc key)",Alegni,new key
dynn_fae_2200,"common/dynasties name (literal, no CK2 loc key)",Omailn,new key
dynn_fae_2201,"common/dynasties name (literal, no CK2 loc key)",Kymon,new key
dynn_fae_2202,"common/dynasties name (literal, no CK2 loc key)",Croam,new key
dynn_fae_2203,"common/dynasties name (literal, no CK2 loc key)",Yvel,new key
dynn_fae_2204,"common/dynasties name (literal, no CK2 loc key)",Rathim,new key
dynn_fae_2205,"common/dynasties name (literal, no CK2 loc key)",Elan,new key
dynn_fae_2206,"common/dynasties name (literal, no CK2 loc key)",Firt,new key
dynn_fae_2207,"common/dynasties name (literal, no CK2 loc key)",Ilistar,new key
dynn_fae_2208,"common/dynasties name (literal, no CK2 loc key)",Barim,new key
dynn_fae_2209,"common/dynasties name (literal, no CK2 loc key)",Axeblade,new key
dynn_fae_221,"common/dynasties name (literal, no CK2 loc key)",Sin'felle,new key
dynn_fae_2210,"common/dynasties name (literal, no CK2 loc key)",Gostaraj,new key
dynn_fae_2211,"common/dynasties name (literal, no CK2 loc key)",Campion,new key
dynn_fae_2212,"common/dynasties name (literal, no CK2 loc key)",Eorn,new key
dynn_fae_2213,"common/dynasties name (literal, no CK2 loc key)",Lorndessar,new key
dynn_fae_2214,"common/dynasties name (literal, no CK2 loc key)",Durovree,new key
dynn_fae_2215,"common/dynasties name (literal, no CK2 loc key)",Athagdal,new key
dynn_fae_2216,"common/dynasties name (literal, no CK2 loc key)",Thalavar,new key
dynn_fae_2217,"common/dynasties name (literal, no CK2 loc key)",Maernos,new key
dynn_fae_2218,"common/dynasties name (literal, no CK2 loc key)",Ujil,new key
dynn_fae_2219,"common/dynasties name (literal, no CK2 loc key)",Ama,new key
dynn_fae_222,"common/dynasties name (literal, no CK2 loc key)",Denros,new key
dynn_fae_2220,"common/dynasties name (literal, no CK2 loc key)",Karsus,new key
dynn_fae_2221,"common/dynasties name (literal, no CK2 loc key)",Yngol,new key
dynn_fae_2222,"common/dynasties name (literal, no CK2 loc key)",Rolun,new key
dynn_fae_2223,"common/dynasties name (literal, no CK2 loc key)",Jol,new key
dynn_fae_2224,"common/dynasties name (literal, no CK2 loc key)",Burntsoul,new key
dynn_fae_2225,"common/dynasties name (literal, no CK2 loc key)",Gygar,new key
dynn_fae_2226,"common/dynasties name (literal, no CK2 loc key)",Redbear,new key
dynn_fae_2227,"common/dynasties name (literal, no CK2 loc key)",Grayheart,new key
dynn_fae_2228,"common/dynasties name (literal, no CK2 loc key)",Teriax,new key
dynn_fae_2229,"common/dynasties name (literal, no CK2 loc key)",Vantra,new key
dynn_fae_223,"common/dynasties name (literal, no CK2 loc key)",Ember,new key
dynn_fae_2230,"common/dynasties name (literal, no CK2 loc key)",Axekin,new key
dynn_fae_2231,"common/dynasties name (literal, no CK2 loc key)",Splintermaw,new key
dynn_fae_2232,"common/dynasties name (literal, no CK2 loc key)",Hammerting,new key
dynn_fae_2233,"common/dynasties name (literal, no CK2 loc key)",Rotclub,new key
dynn_fae_2234,"common/dynasties name (literal, no CK2 loc key)",Geodesio,new key
dynn_fae_2235,"common/dynasties name (literal, no CK2 loc key)",Coeus,new key
dynn_fae_2236,"common/dynasties name (literal, no CK2 loc key)",Crius,new key
dynn_fae_2237,"common/dynasties name (literal, no CK2 loc key)",Theia,new key
dynn_fae_2238,"common/dynasties name (literal, no CK2 loc key)",Eurybia,new key
dynn_fae_2239,"common/dynasties name (literal, no CK2 loc key)",Clymene,new key
dynn_fae_224,"common/dynasties name (literal, no CK2 loc key)",Neverember,new key
dynn_fae_2240,"common/dynasties name (literal, no CK2 loc key)",Eos,new key
dynn_fae_2241,"common/dynasties name (literal, no CK2 loc key)",Leto,new key
dynn_fae_2242,"common/dynasties name (literal, no CK2 loc key)",Phorkys,new key
dynn_fae_2243,"common/dynasties name (literal, no CK2 loc key)",Gaiid,new key
dynn_fae_2244,"common/dynasties name (literal, no CK2 loc key)",Briareus,new key
dynn_fae_2245,"common/dynasties name (literal, no CK2 loc key)",Gyges,new key
dynn_fae_2246,"common/dynasties name (literal, no CK2 loc key)",Steropes,new key
dynn_fae_2247,"common/dynasties name (literal, no CK2 loc key)",Polus,new key
dynn_fae_2248,"common/dynasties name (literal, no CK2 loc key)",Ops,new key
dynn_fae_2249,"common/dynasties name (literal, no CK2 loc key)",Moneta,new key
dynn_fae_225,"common/dynasties name (literal, no CK2 loc key)",Brandarth,new key
dynn_fae_2250,"common/dynasties name (literal, no CK2 loc key)",Anytus,new key
dynn_fae_2251,"common/dynasties name (literal, no CK2 loc key)",Astraeus,new key
dynn_fae_2252,"common/dynasties name (literal, no CK2 loc key)",Perses,new key
dynn_fae_2253,"common/dynasties name (literal, no CK2 loc key)",Othryid,new key
dynn_fae_2254,"common/dynasties name (literal, no CK2 loc key)",Tartarid,new key
dynn_fae_2255,"common/dynasties name (literal, no CK2 loc key)",Kampe,new key
dynn_fae_2256,"common/dynasties name (literal, no CK2 loc key)",Aither,new key
dynn_fae_2257,"common/dynasties name (literal, no CK2 loc key)",Aer,new key
dynn_fae_2258,"common/dynasties name (literal, no CK2 loc key)",Hemera,new key
dynn_fae_2259,"common/dynasties name (literal, no CK2 loc key)",Anshari,new key
dynn_fae_226,"common/dynasties name (literal, no CK2 loc key)",Galt,new key
dynn_fae_2260,"common/dynasties name (literal, no CK2 loc key)",Ouranos,new key
dynn_fae_2261,"common/dynasties name (literal, no CK2 loc key)",Henkhisesui,new key
dynn_fae_2262,"common/dynasties name (literal, no CK2 loc key)",Hutchai,new key
dynn_fae_2263,"common/dynasties name (literal, no CK2 loc key)",Qebui,new key
dynn_fae_2264,"common/dynasties name (literal, no CK2 loc key)",Shehbui,new key
dynn_fae_2265,"common/dynasties name (literal, no CK2 loc key)",Shurdhi,new key
dynn_fae_2266,"common/dynasties name (literal, no CK2 loc key)",Verbti,new key
dynn_fae_2267,"common/dynasties name (literal, no CK2 loc key)",Vejopatis,new key
dynn_fae_2268,"common/dynasties name (literal, no CK2 loc key)",Dogoda,new key
dynn_fae_2269,"common/dynasties name (literal, no CK2 loc key)",Varpulis,new key
dynn_fae_227,"common/dynasties name (literal, no CK2 loc key)",Rogarth,new key
dynn_fae_2270,"common/dynasties name (literal, no CK2 loc key)",Egoi,new key
dynn_fae_2271,"common/dynasties name (literal, no CK2 loc key)",Kari,new key
dynn_fae_2272,"common/dynasties name (literal, no CK2 loc key)",Anemos,new key
dynn_fae_2273,"common/dynasties name (literal, no CK2 loc key)",Notus,new key
dynn_fae_2274,"common/dynasties name (literal, no CK2 loc key)",Argestes,new key
dynn_fae_2275,"common/dynasties name (literal, no CK2 loc key)",Caicias,new key
dynn_fae_2276,"common/dynasties name (literal, no CK2 loc key)",Thraskias,new key
dynn_fae_2277,"common/dynasties name (literal, no CK2 loc key)",Skeiron,new key
dynn_fae_2278,"common/dynasties name (literal, no CK2 loc key)",Aura,new key
dynn_fae_2279,"common/dynasties name (literal, no CK2 loc key)",Cardea,new key
dynn_fae_228,"common/dynasties name (literal, no CK2 loc key)",Stareater,new key
dynn_fae_2280,"common/dynasties name (literal, no CK2 loc key)",Tuuletar,new key
dynn_fae_2281,"common/dynasties name (literal, no CK2 loc key)",Ash,new key
dynn_fae_2282,"common/dynasties name (literal, no CK2 loc key)",Prithvi,new key
dynn_fae_2283,"common/dynasties name (literal, no CK2 loc key)",Irpitiga,new key
dynn_fae_2284,"common/dynasties name (literal, no CK2 loc key)",Sarruma,new key
dynn_fae_2285,"common/dynasties name (literal, no CK2 loc key)",Dangun,new key
dynn_fae_2286,"common/dynasties name (literal, no CK2 loc key)",Saso,new key
dynn_fae_2287,"common/dynasties name (literal, no CK2 loc key)",Sansin,new key
dynn_fae_2288,"common/dynasties name (literal, no CK2 loc key)",Sa,new key
dynn_fae_2289,"common/dynasties name (literal, no CK2 loc key)",Kishar,new key
dynn_fae_229,"common/dynasties name (literal, no CK2 loc key)",Torn Banner,new key
dynn_fae_2290,"common/dynasties name (literal, no CK2 loc key)",Zemes,new key
dynn_fae_2291,"common/dynasties name (literal, no CK2 loc key)",Nantosuelta,new key
dynn_fae_2292,"common/dynasties name (literal, no CK2 loc key)",Mlande,new key
dynn_fae_2293,"common/dynasties name (literal, no CK2 loc key)",Nerthus,new key
dynn_fae_2294,"common/dynasties name (literal, no CK2 loc key)",Zemyna,new key
dynn_fae_2295,"common/dynasties name (literal, no CK2 loc key)",Cel,new key
dynn_fae_2296,"common/dynasties name (literal, no CK2 loc key)",Akka,new key
dynn_fae_2297,"common/dynasties name (literal, no CK2 loc key)",Terra,new key
dynn_fae_2298,"common/dynasties name (literal, no CK2 loc key)",Mokosh,new key
dynn_fae_2299,"common/dynasties name (literal, no CK2 loc key)",Danuid,new key
dynn_fae_23,"common/dynasties name (literal, no CK2 loc key)",Cliffwalker,new key
dynn_fae_230,"common/dynasties name (literal, no CK2 loc key)",Howltusk,new key
dynn_fae_2300,"common/dynasties name (literal, no CK2 loc key)",Myrmoran,new key
dynn_fae_2301,"common/dynasties name (literal, no CK2 loc key)",Aulgaard,new key
dynn_fae_2302,"common/dynasties name (literal, no CK2 loc key)",Darskul,new key
dynn_fae_2303,"common/dynasties name (literal, no CK2 loc key)",of Eldath,new key
dynn_fae_2304,"common/dynasties name (literal, no CK2 loc key)",Snowsword,new key
dynn_fae_2305,"common/dynasties name (literal, no CK2 loc key)",Calandor,new key
dynn_fae_2306,"common/dynasties name (literal, no CK2 loc key)",Javilarhhsson,new key
dynn_fae_2307,"common/dynasties name (literal, no CK2 loc key)",Longhand,new key
dynn_fae_2308,"common/dynasties name (literal, no CK2 loc key)",Loravatha,new key
dynn_fae_2309,"common/dynasties name (literal, no CK2 loc key)",Delanter,new key
dynn_fae_231,"common/dynasties name (literal, no CK2 loc key)",Niefel,new key
dynn_fae_2310,"common/dynasties name (literal, no CK2 loc key)",Julkoun,new key
dynn_fae_2311,"common/dynasties name (literal, no CK2 loc key)",Jaqonspawn,new key
dynn_fae_2312,"common/dynasties name (literal, no CK2 loc key)",Windhair,new key
dynn_fae_2313,"common/dynasties name (literal, no CK2 loc key)",of Pendurl,new key
dynn_fae_2314,"common/dynasties name (literal, no CK2 loc key)",Tshahvur,new key
dynn_fae_2315,"common/dynasties name (literal, no CK2 loc key)",Hornside,new key
dynn_fae_2316,"common/dynasties name (literal, no CK2 loc key)",ibn Jann,new key
dynn_fae_2317,"common/dynasties name (literal, no CK2 loc key)",Abu al-Jann,new key
dynn_fae_2318,"common/dynasties name (literal, no CK2 loc key)",al-Sila,new key
dynn_fae_2319,"common/dynasties name (literal, no CK2 loc key)",al-Qareen,new key
dynn_fae_232,"common/dynasties name (literal, no CK2 loc key)",Starforge,new key
dynn_fae_2320,"common/dynasties name (literal, no CK2 loc key)",abu Orotalt,new key
dynn_fae_2321,"common/dynasties name (literal, no CK2 loc key)",ibn al-Lat,new key
dynn_fae_2322,"common/dynasties name (literal, no CK2 loc key)",ibn al-Uzza,new key
dynn_fae_2323,"common/dynasties name (literal, no CK2 loc key)",ibn Manat,new key
dynn_fae_2324,"common/dynasties name (literal, no CK2 loc key)",abd Manaf,new key
dynn_fae_2325,"common/dynasties name (literal, no CK2 loc key)",abd Hubal,new key
dynn_fae_2326,"common/dynasties name (literal, no CK2 loc key)",al-Hinn,new key
dynn_fae_2327,"common/dynasties name (literal, no CK2 loc key)",al-Binn,new key
dynn_fae_2328,"common/dynasties name (literal, no CK2 loc key)",al-Timm,new key
dynn_fae_2329,"common/dynasties name (literal, no CK2 loc key)",al-Rimm,new key
dynn_fae_233,"common/dynasties name (literal, no CK2 loc key)",East,new key
dynn_fae_2330,"common/dynasties name (literal, no CK2 loc key)",al-Hatif,new key
dynn_fae_2331,"common/dynasties name (literal, no CK2 loc key)",al-Tin,new key
dynn_fae_2332,"common/dynasties name (literal, no CK2 loc key)",Yajuj,new key
dynn_fae_2333,"common/dynasties name (literal, no CK2 loc key)",Majuj,new key
dynn_fae_2334,"common/dynasties name (literal, no CK2 loc key)",al-Dao,new key
dynn_fae_2335,"common/dynasties name (literal, no CK2 loc key)",abu Grumbar,new key
dynn_fae_2336,"common/dynasties name (literal, no CK2 loc key)",Iaric,new key
dynn_fae_2337,"common/dynasties name (literal, no CK2 loc key)",Coriver,new key
dynn_fae_2338,"common/dynasties name (literal, no CK2 loc key)",Cale,new key
dynn_fae_2339,"common/dynasties name (literal, no CK2 loc key)",Verrn,new key
dynn_fae_234,"common/dynasties name (literal, no CK2 loc key)",Geddarn,new key
dynn_fae_2340,"common/dynasties name (literal, no CK2 loc key)",Krakenborn,new key
dynn_fae_2341,"common/dynasties name (literal, no CK2 loc key)",Freesail,new key
dynn_fae_2342,"common/dynasties name (literal, no CK2 loc key)",Raker,new key
dynn_fae_2343,"common/dynasties name (literal, no CK2 loc key)",Trell,new key
dynn_fae_2344,"common/dynasties name (literal, no CK2 loc key)",Keel,new key
dynn_fae_2345,"common/dynasties name (literal, no CK2 loc key)",Wartham,new key
dynn_fae_2346,"common/dynasties name (literal, no CK2 loc key)",Sylvanblade,new key
dynn_fae_2347,"common/dynasties name (literal, no CK2 loc key)",Frostmantle,new key
dynn_fae_2348,"common/dynasties name (literal, no CK2 loc key)",Summerhelm,new key
dynn_fae_2349,"common/dynasties name (literal, no CK2 loc key)",Freesky,new key
dynn_fae_235,"common/dynasties name (literal, no CK2 loc key)",Irenicus,new key
dynn_fae_2350,"common/dynasties name (literal, no CK2 loc key)",Snowshed,new key
dynn_fae_2351,"common/dynasties name (literal, no CK2 loc key)",Griffin,new key
dynn_fae_2352,"common/dynasties name (literal, no CK2 loc key)",Helian,new key
dynn_fae_2353,"common/dynasties name (literal, no CK2 loc key)",Calra,new key
dynn_fae_2354,"common/dynasties name (literal, no CK2 loc key)",Delcasio,new key
dynn_fae_2355,"common/dynasties name (literal, no CK2 loc key)",Navam,new key
dynn_fae_2356,"common/dynasties name (literal, no CK2 loc key)",Gastan,new key
dynn_fae_2357,"common/dynasties name (literal, no CK2 loc key)",Highfellow,new key
dynn_fae_2358,"common/dynasties name (literal, no CK2 loc key)",I'fyr,new key
dynn_fae_2359,"common/dynasties name (literal, no CK2 loc key)",Ironbender,new key
dynn_fae_236,"common/dynasties name (literal, no CK2 loc key)",Crescento,new key
dynn_fae_2360,"common/dynasties name (literal, no CK2 loc key)",Remee,new key
dynn_fae_2361,"common/dynasties name (literal, no CK2 loc key)",Tekton,new key
dynn_fae_2362,"common/dynasties name (literal, no CK2 loc key)",Razor Heart,new key
dynn_fae_2363,"common/dynasties name (literal, no CK2 loc key)",Onusclan,new key
dynn_fae_2364,"common/dynasties name (literal, no CK2 loc key)",Volcanspawn,new key
dynn_fae_2365,"common/dynasties name (literal, no CK2 loc key)",Sourbrow,new key
dynn_fae_2366,"common/dynasties name (literal, no CK2 loc key)",Diarmot,new key
dynn_fae_2367,"common/dynasties name (literal, no CK2 loc key)",Navelun,new key
dynn_fae_2368,"common/dynasties name (literal, no CK2 loc key)",Lanmero,new key
dynn_fae_2369,"common/dynasties name (literal, no CK2 loc key)",Sombre,new key
dynn_fae_237,"common/dynasties name (literal, no CK2 loc key)",Rockeater,new key
dynn_fae_2370,"common/dynasties name (literal, no CK2 loc key)",Savio,new key
dynn_fae_2371,"common/dynasties name (literal, no CK2 loc key)",Tattered Cloth,new key
dynn_fae_2372,"common/dynasties name (literal, no CK2 loc key)",Moonflow,new key
dynn_fae_2373,"common/dynasties name (literal, no CK2 loc key)",Derevar,new key
dynn_fae_2374,"common/dynasties name (literal, no CK2 loc key)",Aziz,new key
dynn_fae_2375,"common/dynasties name (literal, no CK2 loc key)",Daguer,new key
dynn_fae_2376,"common/dynasties name (literal, no CK2 loc key)",Passos,new key
dynn_fae_2377,"common/dynasties name (literal, no CK2 loc key)",Mattos,new key
dynn_fae_2378,"common/dynasties name (literal, no CK2 loc key)",Valiente,new key
dynn_fae_2379,"common/dynasties name (literal, no CK2 loc key)",Perez,new key
dynn_fae_238,"common/dynasties name (literal, no CK2 loc key)",Vaarson,new key
dynn_fae_2380,"common/dynasties name (literal, no CK2 loc key)",Alambro,new key
dynn_fae_2381,"common/dynasties name (literal, no CK2 loc key)",Alencar,new key
dynn_fae_2382,"common/dynasties name (literal, no CK2 loc key)",Carrinos,new key
dynn_fae_2383,"common/dynasties name (literal, no CK2 loc key)",Tremedi,new key
dynn_fae_2384,"common/dynasties name (literal, no CK2 loc key)",Tantalo,new key
dynn_fae_2385,"common/dynasties name (literal, no CK2 loc key)",Lanero,new key
dynn_fae_2386,"common/dynasties name (literal, no CK2 loc key)",Paio,new key
dynn_fae_2387,"common/dynasties name (literal, no CK2 loc key)",Farisi,new key
dynn_fae_2388,"common/dynasties name (literal, no CK2 loc key)",Amerta,new key
dynn_fae_2389,"common/dynasties name (literal, no CK2 loc key)",Corone,new key
dynn_fae_239,"common/dynasties name (literal, no CK2 loc key)",Sump,new key
dynn_fae_2390,"common/dynasties name (literal, no CK2 loc key)",Istrela,new key
dynn_fae_2391,"common/dynasties name (literal, no CK2 loc key)",Cesare,new key
dynn_fae_2392,"common/dynasties name (literal, no CK2 loc key)",Cornelius,new key
dynn_fae_2393,"common/dynasties name (literal, no CK2 loc key)",Romerus,new key
dynn_fae_2394,"common/dynasties name (literal, no CK2 loc key)",Tauno,new key
dynn_fae_2395,"common/dynasties name (literal, no CK2 loc key)",Maruno,new key
dynn_fae_2396,"common/dynasties name (literal, no CK2 loc key)",Samendos,new key
dynn_fae_2397,"common/dynasties name (literal, no CK2 loc key)",Kens,new key
dynn_fae_2398,"common/dynasties name (literal, no CK2 loc key)",Plaguescale,new key
dynn_fae_2399,"common/dynasties name (literal, no CK2 loc key)",Dhass,new key
dynn_fae_24,"common/dynasties name (literal, no CK2 loc key)",Bleaksight,new key
dynn_fae_240,"common/dynasties name (literal, no CK2 loc key)",Onon,new key
dynn_fae_2400,"common/dynasties name (literal, no CK2 loc key)",Silverhand,new key
dynn_fae_2401,"common/dynasties name (literal, no CK2 loc key)",of Everlund,new key
dynn_fae_2402,"common/dynasties name (literal, no CK2 loc key)",Dwarf-Friend,new key
dynn_fae_2403,"common/dynasties name (literal, no CK2 loc key)",Rensha,new key
dynn_fae_2404,"common/dynasties name (literal, no CK2 loc key)",Greysword,new key
dynn_fae_2405,"common/dynasties name (literal, no CK2 loc key)",Twohands,new key
dynn_fae_2406,"common/dynasties name (literal, no CK2 loc key)",Moorwalker,new key
dynn_fae_2407,"common/dynasties name (literal, no CK2 loc key)",Selarn,new key
dynn_fae_2408,"common/dynasties name (literal, no CK2 loc key)",Daggerford,new key
dynn_fae_2409,"common/dynasties name (literal, no CK2 loc key)",Bloodhand,new key
dynn_fae_241,"common/dynasties name (literal, no CK2 loc key)",Firth,new key
dynn_fae_2410,"common/dynasties name (literal, no CK2 loc key)",o' the North,new key
dynn_fae_2411,"common/dynasties name (literal, no CK2 loc key)",Elturgard,new key
dynn_fae_2412,"common/dynasties name (literal, no CK2 loc key)",Ambermantle,new key
dynn_fae_2413,"common/dynasties name (literal, no CK2 loc key)",Dragonbreast,new key
dynn_fae_2414,"common/dynasties name (literal, no CK2 loc key)",Tor,new key
dynn_fae_2415,"common/dynasties name (literal, no CK2 loc key)",Ormbar,new key
dynn_fae_2416,"common/dynasties name (literal, no CK2 loc key)",Soubar,new key
dynn_fae_2417,"common/dynasties name (literal, no CK2 loc key)",Ormlyr,new key
dynn_fae_2418,"common/dynasties name (literal, no CK2 loc key)",o' the Hedge,new key
dynn_fae_2419,"common/dynasties name (literal, no CK2 loc key)",Obarstal,new key
dynn_fae_242,"common/dynasties name (literal, no CK2 loc key)",Baenre,new key
dynn_fae_2420,"common/dynasties name (literal, no CK2 loc key)",Hurara,new key
dynn_fae_2421,"common/dynasties name (literal, no CK2 loc key)",Elversult,new key
dynn_fae_2422,"common/dynasties name (literal, no CK2 loc key)",Nharimlur,new key
dynn_fae_2423,"common/dynasties name (literal, no CK2 loc key)",Reaver,new key
dynn_fae_2424,"common/dynasties name (literal, no CK2 loc key)",Mytersaal,new key
dynn_fae_2425,"common/dynasties name (literal, no CK2 loc key)",of Ascalhorn,new key
dynn_fae_2426,"common/dynasties name (literal, no CK2 loc key)",Threskaal,new key
dynn_fae_2427,"common/dynasties name (literal, no CK2 loc key)",o' the Vault,new key
dynn_fae_2428,"common/dynasties name (literal, no CK2 loc key)",Moonbridge,new key
dynn_fae_2429,"common/dynasties name (literal, no CK2 loc key)",Scalson,new key
dynn_fae_243,"common/dynasties name (literal, no CK2 loc key)",Jae'llat,new key
dynn_fae_2430,"common/dynasties name (literal, no CK2 loc key)",Shieldsunder,new key
dynn_fae_2431,"common/dynasties name (literal, no CK2 loc key)",Ethenfrost,new key
dynn_fae_2432,"common/dynasties name (literal, no CK2 loc key)",Tessarion,new key
dynn_fae_2433,"common/dynasties name (literal, no CK2 loc key)",t'Urshani,new key
dynn_fae_2434,"common/dynasties name (literal, no CK2 loc key)",Arghaskweel,new key
dynn_fae_2435,"common/dynasties name (literal, no CK2 loc key)",Hawklyn,new key
dynn_fae_244,"common/dynasties name (literal, no CK2 loc key)",Boulderfist,new key
dynn_fae_245,"common/dynasties name (literal, no CK2 loc key)",Skullflayer,new key
dynn_fae_246,"common/dynasties name (literal, no CK2 loc key)",Swampeater,new key
dynn_fae_247,"common/dynasties name (literal, no CK2 loc key)",Bogger,new key
dynn_fae_2471,"common/dynasties name (literal, no CK2 loc key)",Seastride,new key
dynn_fae_2472,"common/dynasties name (literal, no CK2 loc key)",Ventos,new key
dynn_fae_2473,"common/dynasties name (literal, no CK2 loc key)",Dartwick,new key
dynn_fae_2474,"common/dynasties name (literal, no CK2 loc key)",Redpath,new key
dynn_fae_2475,"common/dynasties name (literal, no CK2 loc key)",Fullpatch,new key
dynn_fae_2476,"common/dynasties name (literal, no CK2 loc key)",Silvershield,new key
dynn_fae_2477,"common/dynasties name (literal, no CK2 loc key)",Jannath,new key
dynn_fae_2478,"common/dynasties name (literal, no CK2 loc key)",Eltan,new key
dynn_fae_2479,"common/dynasties name (literal, no CK2 loc key)",Belt,new key
dynn_fae_248,"common/dynasties name (literal, no CK2 loc key)",Rotgorger,new key
dynn_fae_2480,"common/dynasties name (literal, no CK2 loc key)",Greywater,new key
dynn_fae_2481,"common/dynasties name (literal, no CK2 loc key)",Dosan,new key
dynn_fae_2482,"common/dynasties name (literal, no CK2 loc key)",Nederlok,new key
dynn_fae_2483,"common/dynasties name (literal, no CK2 loc key)",Corwin,new key
dynn_fae_2484,"common/dynasties name (literal, no CK2 loc key)",Albaier,new key
dynn_fae_2485,"common/dynasties name (literal, no CK2 loc key)",Flamesinger,new key
dynn_fae_2486,"common/dynasties name (literal, no CK2 loc key)",Aumar,new key
dynn_fae_2487,"common/dynasties name (literal, no CK2 loc key)",Hornweather,new key
dynn_fae_2488,"common/dynasties name (literal, no CK2 loc key)",Goldsheaf,new key
dynn_fae_2489,"common/dynasties name (literal, no CK2 loc key)",Stoneblade,new key
dynn_fae_249,"common/dynasties name (literal, no CK2 loc key)",Trosk,new key
dynn_fae_2490,"common/dynasties name (literal, no CK2 loc key)",Hastarl,new key
dynn_fae_2491,"common/dynasties name (literal, no CK2 loc key)",Malaug,new key
dynn_fae_2492,"common/dynasties name (literal, no CK2 loc key)",Talember,new key
dynn_fae_2493,"common/dynasties name (literal, no CK2 loc key)",Inchtarwurn,new key
dynn_fae_2494,"common/dynasties name (literal, no CK2 loc key)",Korvak,new key
dynn_fae_2495,"common/dynasties name (literal, no CK2 loc key)",Cutter,new key
dynn_fae_2496,"common/dynasties name (literal, no CK2 loc key)",Argent,new key
dynn_fae_2497,"common/dynasties name (literal, no CK2 loc key)",Kron,new key
dynn_fae_2498,"common/dynasties name (literal, no CK2 loc key)",de Tylmarande,new key
dynn_fae_2499,"common/dynasties name (literal, no CK2 loc key)",Moss,new key
dynn_fae_25,"common/dynasties name (literal, no CK2 loc key)",Alasklerbanbastos,new key
dynn_fae_250,"common/dynasties name (literal, no CK2 loc key)",Proffit,new key
dynn_fae_2500,"common/dynasties name (literal, no CK2 loc key)",Indelayne,new key
dynn_fae_2501,"common/dynasties name (literal, no CK2 loc key)",Gend,new key
dynn_fae_2502,"common/dynasties name (literal, no CK2 loc key)",Glinckle,new key
dynn_fae_2503,"common/dynasties name (literal, no CK2 loc key)",of the Red Tiger,new key
dynn_fae_2504,"common/dynasties name (literal, no CK2 loc key)",La'neral,new key
dynn_fae_2505,"common/dynasties name (literal, no CK2 loc key)",Undergallows,new key
dynn_fae_2506,"common/dynasties name (literal, no CK2 loc key)",Korothir,new key
dynn_fae_2507,"common/dynasties name (literal, no CK2 loc key)",Droganson,new key
dynn_fae_2508,"common/dynasties name (literal, no CK2 loc key)",Trapspringer,new key
dynn_fae_2509,"common/dynasties name (literal, no CK2 loc key)",Waymeet,new key
dynn_fae_251,"common/dynasties name (literal, no CK2 loc key)",Darkstalker,new key
dynn_fae_2510,"common/dynasties name (literal, no CK2 loc key)",Messarmos,new key
dynn_fae_2511,"common/dynasties name (literal, no CK2 loc key)",Windspear,new key
dynn_fae_2512,"common/dynasties name (literal, no CK2 loc key)",of Illefarn,new key
dynn_fae_2513,"common/dynasties name (literal, no CK2 loc key)",Jerro,new key
dynn_fae_2514,"common/dynasties name (literal, no CK2 loc key)",Gnomehands,new key
dynn_fae_2515,"common/dynasties name (literal, no CK2 loc key)",Fairfield,new key
dynn_fae_2516,"common/dynasties name (literal, no CK2 loc key)",Rand,new key
dynn_fae_2517,"common/dynasties name (literal, no CK2 loc key)",Seacloak,new key
dynn_fae_2518,"common/dynasties name (literal, no CK2 loc key)",Marcher,new key
dynn_fae_2519,"common/dynasties name (literal, no CK2 loc key)",Redcloak,new key
dynn_fae_252,"common/dynasties name (literal, no CK2 loc key)",Cloudrider,new key
dynn_fae_2520,"common/dynasties name (literal, no CK2 loc key)",Winters,new key
dynn_fae_2521,"common/dynasties name (literal, no CK2 loc key)",Veld,new key
dynn_fae_2522,"common/dynasties name (literal, no CK2 loc key)",Wesker,new key
dynn_fae_2523,"common/dynasties name (literal, no CK2 loc key)",Evald,new key
dynn_fae_2524,"common/dynasties name (literal, no CK2 loc key)",Filmarya,new key
dynn_fae_2525,"common/dynasties name (literal, no CK2 loc key)",Bluecloak,new key
dynn_fae_2526,"common/dynasties name (literal, no CK2 loc key)",Gimdel,new key
dynn_fae_2527,"common/dynasties name (literal, no CK2 loc key)",Awail,new key
dynn_fae_2528,"common/dynasties name (literal, no CK2 loc key)",of the Hammer,new key
dynn_fae_2529,"common/dynasties name (literal, no CK2 loc key)",Vatnir,new key
dynn_fae_253,"common/dynasties name (literal, no CK2 loc key)",Farsight,new key
dynn_fae_2530,"common/dynasties name (literal, no CK2 loc key)",Megaravico,new key
dynn_fae_2531,"common/dynasties name (literal, no CK2 loc key)",Vlatcani,new key
dynn_fae_2532,"common/dynasties name (literal, no CK2 loc key)",Clutamilla,new key
dynn_fae_2533,"common/dynasties name (literal, no CK2 loc key)",Samius,new key
dynn_fae_2534,"common/dynasties name (literal, no CK2 loc key)",Casalia,new key
dynn_fae_2535,"common/dynasties name (literal, no CK2 loc key)",Gloryhelm,new key
dynn_fae_2536,"common/dynasties name (literal, no CK2 loc key)",Atesios,new key
dynn_fae_2537,"common/dynasties name (literal, no CK2 loc key)",Blacktooth,new key
dynn_fae_2538,"common/dynasties name (literal, no CK2 loc key)",Hart,new key
dynn_fae_2539,"common/dynasties name (literal, no CK2 loc key)",Janus,new key
dynn_fae_254,"common/dynasties name (literal, no CK2 loc key)",Jaezred,new key
dynn_fae_2540,"common/dynasties name (literal, no CK2 loc key)",Wrighttson,new key
dynn_fae_2541,"common/dynasties name (literal, no CK2 loc key)",Ripsnarl,new key
dynn_fae_2542,"common/dynasties name (literal, no CK2 loc key)",of the Crescent Blade,new key
dynn_fae_2543,"common/dynasties name (literal, no CK2 loc key)",Boareskyr,new key
dynn_fae_2544,"common/dynasties name (literal, no CK2 loc key)",Vecto,new key
dynn_fae_2545,"common/dynasties name (literal, no CK2 loc key)",Lanpendia,new key
dynn_fae_2546,"common/dynasties name (literal, no CK2 loc key)",Falasal,new key
dynn_fae_2547,"common/dynasties name (literal, no CK2 loc key)",Andergos,new key
dynn_fae_2548,"common/dynasties name (literal, no CK2 loc key)",Hillsfield,new key
dynn_fae_2549,"common/dynasties name (literal, no CK2 loc key)",Iantumalius,new key
dynn_fae_255,"common/dynasties name (literal, no CK2 loc key)",Brawnanvil,new key
dynn_fae_2550,"common/dynasties name (literal, no CK2 loc key)",Grekle,new key
dynn_fae_2551,"common/dynasties name (literal, no CK2 loc key)",Cinges,new key
dynn_fae_2552,"common/dynasties name (literal, no CK2 loc key)",Ounioon,new key
dynn_fae_2553,"common/dynasties name (literal, no CK2 loc key)",Bloodsun,new key
dynn_fae_2554,"common/dynasties name (literal, no CK2 loc key)",Tisea,new key
dynn_fae_2555,"common/dynasties name (literal, no CK2 loc key)",Kreeg,new key
dynn_fae_2556,"common/dynasties name (literal, no CK2 loc key)",Tavion,new key
dynn_fae_2557,"common/dynasties name (literal, no CK2 loc key)",Advorix,new key
dynn_fae_2558,"common/dynasties name (literal, no CK2 loc key)",Ilateuta,new key
dynn_fae_2559,"common/dynasties name (literal, no CK2 loc key)",Dorman,new key
dynn_fae_256,"common/dynasties name (literal, no CK2 loc key)",Waybeard,new key
dynn_fae_2560,"common/dynasties name (literal, no CK2 loc key)",Wrecker,new key
dynn_fae_2561,"common/dynasties name (literal, no CK2 loc key)",Fairfax,new key
dynn_fae_2562,"common/dynasties name (literal, no CK2 loc key)",Pengast,new key
dynn_fae_2563,"common/dynasties name (literal, no CK2 loc key)",Iurdum,new key
dynn_fae_2564,"common/dynasties name (literal, no CK2 loc key)",Henfer,new key
dynn_fae_2565,"common/dynasties name (literal, no CK2 loc key)",Frey,new key
dynn_fae_2566,"common/dynasties name (literal, no CK2 loc key)",Mede,new key
dynn_fae_2567,"common/dynasties name (literal, no CK2 loc key)",Balduran,new key
dynn_fae_2568,"common/dynasties name (literal, no CK2 loc key)",Shattershield,new key
dynn_fae_2569,"common/dynasties name (literal, no CK2 loc key)",Primor,new key
dynn_fae_257,"common/dynasties name (literal, no CK2 loc key)",Riverdale,new key
dynn_fae_2570,"common/dynasties name (literal, no CK2 loc key)",Rushor,new key
dynn_fae_2571,"common/dynasties name (literal, no CK2 loc key)",Bloodsheen,new key
dynn_fae_2572,"common/dynasties name (literal, no CK2 loc key)",Candlehorn,new key
dynn_fae_2573,"common/dynasties name (literal, no CK2 loc key)",Scrollhand,new key
dynn_fae_2574,"common/dynasties name (literal, no CK2 loc key)",Flamehair,new key
dynn_fae_2575,"common/dynasties name (literal, no CK2 loc key)",Holdfast,new key
dynn_fae_2576,"common/dynasties name (literal, no CK2 loc key)",Adrian,new key
dynn_fae_2577,"common/dynasties name (literal, no CK2 loc key)",Ulcaster,new key
dynn_fae_2578,"common/dynasties name (literal, no CK2 loc key)",Gader,new key
dynn_fae_2579,"common/dynasties name (literal, no CK2 loc key)",Beastrunner,new key
dynn_fae_258,"common/dynasties name (literal, no CK2 loc key)",Robin,new key
dynn_fae_2580,"common/dynasties name (literal, no CK2 loc key)",Beskar,new key
dynn_fae_2581,"common/dynasties name (literal, no CK2 loc key)",Retomarus,new key
dynn_fae_2582,"common/dynasties name (literal, no CK2 loc key)",Luckyfoot,new key
dynn_fae_2583,"common/dynasties name (literal, no CK2 loc key)",Uldoon,new key
dynn_fae_2584,"common/dynasties name (literal, no CK2 loc key)",Caratodius,new key
dynn_fae_2585,"common/dynasties name (literal, no CK2 loc key)",Stagwinter,new key
dynn_fae_2586,"common/dynasties name (literal, no CK2 loc key)",Mirroreye,new key
dynn_fae_2587,"common/dynasties name (literal, no CK2 loc key)",Halacanter,new key
dynn_fae_2588,"common/dynasties name (literal, no CK2 loc key)",Segolatius,new key
dynn_fae_2589,"common/dynasties name (literal, no CK2 loc key)",Tellendar,new key
dynn_fae_259,"common/dynasties name (literal, no CK2 loc key)",Hornblade,new key
dynn_fae_2590,"common/dynasties name (literal, no CK2 loc key)",Calegros,new key
dynn_fae_2591,"common/dynasties name (literal, no CK2 loc key)",Vecto,new key
dynn_fae_2592,"common/dynasties name (literal, no CK2 loc key)",Heartburn,new key
dynn_fae_2593,"common/dynasties name (literal, no CK2 loc key)",Orcslayer,new key
dynn_fae_2594,"common/dynasties name (literal, no CK2 loc key)",Hultel,new key
dynn_fae_2595,"common/dynasties name (literal, no CK2 loc key)",Blackhelm,new key
dynn_fae_2596,"common/dynasties name (literal, no CK2 loc key)",Surfyst,new key
dynn_fae_2597,"common/dynasties name (literal, no CK2 loc key)",Lupus,new key
dynn_fae_2598,"common/dynasties name (literal, no CK2 loc key)",Thoon,new key
dynn_fae_2599,"common/dynasties name (literal, no CK2 loc key)",Polman,new key
dynn_fae_26,"common/dynasties name (literal, no CK2 loc key)",Rauthstokh,new key
dynn_fae_260,"common/dynasties name (literal, no CK2 loc key)",Dalver,new key
dynn_fae_2600,"common/dynasties name (literal, no CK2 loc key)",Tigetbane,new key
dynn_fae_2601,"common/dynasties name (literal, no CK2 loc key)",Tzaraak,new key
dynn_fae_2602,"common/dynasties name (literal, no CK2 loc key)",Sunburst,new key
dynn_fae_2603,"common/dynasties name (literal, no CK2 loc key)",Ulvendor,new key
dynn_fae_2604,"common/dynasties name (literal, no CK2 loc key)",Fendarl,new key
dynn_fae_2605,"common/dynasties name (literal, no CK2 loc key)",Migron,new key
dynn_fae_2606,"common/dynasties name (literal, no CK2 loc key)",Kala,new key
dynn_fae_2607,"common/dynasties name (literal, no CK2 loc key)",Anchev,new key
dynn_fae_2608,"common/dynasties name (literal, no CK2 loc key)",Merrithin,new key
dynn_fae_2609,"common/dynasties name (literal, no CK2 loc key)",Stone,new key
dynn_fae_261,"common/dynasties name (literal, no CK2 loc key)",Woodfist,new key
dynn_fae_2610,"common/dynasties name (literal, no CK2 loc key)",Falton,new key
dynn_fae_2611,"common/dynasties name (literal, no CK2 loc key)",Belenus,new key
dynn_fae_2612,"common/dynasties name (literal, no CK2 loc key)",of the Coast,new key
dynn_fae_2613,"common/dynasties name (literal, no CK2 loc key)",Warman,new key
dynn_fae_2614,"common/dynasties name (literal, no CK2 loc key)",Turnpiker,new key
dynn_fae_2615,"common/dynasties name (literal, no CK2 loc key)",Melcador,new key
dynn_fae_2616,"common/dynasties name (literal, no CK2 loc key)",Reddan,new key
dynn_fae_2617,"common/dynasties name (literal, no CK2 loc key)",Zoar,new key
dynn_fae_2618,"common/dynasties name (literal, no CK2 loc key)",Gildeggh,new key
dynn_fae_2619,"common/dynasties name (literal, no CK2 loc key)",Teltorna,new key
dynn_fae_262,"common/dynasties name (literal, no CK2 loc key)",Elthondsson,new key
dynn_fae_2620,"common/dynasties name (literal, no CK2 loc key)",Lorncloak,new key
dynn_fae_2621,"common/dynasties name (literal, no CK2 loc key)",Kemvol,new key
dynn_fae_2622,"common/dynasties name (literal, no CK2 loc key)",Bavnan,new key
dynn_fae_2623,"common/dynasties name (literal, no CK2 loc key)",Findol,new key
dynn_fae_263,"common/dynasties name (literal, no CK2 loc key)",Glaive,new key
dynn_fae_2634,"common/dynasties name (literal, no CK2 loc key)",Daith,new key
dynn_fae_2635,"common/dynasties name (literal, no CK2 loc key)",Waglan,new key
dynn_fae_2636,"common/dynasties name (literal, no CK2 loc key)",Uln,new key
dynn_fae_2637,"common/dynasties name (literal, no CK2 loc key)",Neithan,new key
dynn_fae_2638,"common/dynasties name (literal, no CK2 loc key)",Trujil,new key
dynn_fae_2639,"common/dynasties name (literal, no CK2 loc key)",Vingot,new key
dynn_fae_264,"common/dynasties name (literal, no CK2 loc key)",Proudshield,new key
dynn_fae_2640,"common/dynasties name (literal, no CK2 loc key)",of Westgate,new key
dynn_fae_2641,"common/dynasties name (literal, no CK2 loc key)",Prakis,new key
dynn_fae_2642,"common/dynasties name (literal, no CK2 loc key)",Conyberry,new key
dynn_fae_2643,"common/dynasties name (literal, no CK2 loc key)",Darktreader,new key
dynn_fae_2644,"common/dynasties name (literal, no CK2 loc key)",Farranger,new key
dynn_fae_2645,"common/dynasties name (literal, no CK2 loc key)",Tarthilt,new key
dynn_fae_2646,"common/dynasties name (literal, no CK2 loc key)",Rathgeld,new key
dynn_fae_2647,"common/dynasties name (literal, no CK2 loc key)",Deldreir,new key
dynn_fae_2648,"common/dynasties name (literal, no CK2 loc key)",Bruenghor,new key
dynn_fae_2649,"common/dynasties name (literal, no CK2 loc key)",Goblinbreaker,new key
dynn_fae_265,"common/dynasties name (literal, no CK2 loc key)",Graveler,new key
dynn_fae_2650,"common/dynasties name (literal, no CK2 loc key)",Faithhammer,new key
dynn_fae_2651,"common/dynasties name (literal, no CK2 loc key)",Alaundo,new key
dynn_fae_2652,"common/dynasties name (literal, no CK2 loc key)",Foreshadow,new key
dynn_fae_2653,"common/dynasties name (literal, no CK2 loc key)",of Abeir,new key
dynn_fae_2654,"common/dynasties name (literal, no CK2 loc key)",Caldeli,new key
dynn_fae_2655,"common/dynasties name (literal, no CK2 loc key)",Deepclub,new key
dynn_fae_2656,"common/dynasties name (literal, no CK2 loc key)",Kynwood,new key
dynn_fae_2657,"common/dynasties name (literal, no CK2 loc key)",Ograich,new key
dynn_fae_2658,"common/dynasties name (literal, no CK2 loc key)",Mirmul,new key
dynn_fae_2659,"common/dynasties name (literal, no CK2 loc key)",Dreadfin,new key
dynn_fae_266,"common/dynasties name (literal, no CK2 loc key)",Zakzak,new key
dynn_fae_2660,"common/dynasties name (literal, no CK2 loc key)",Saloobidoop,new key
dynn_fae_2661,"common/dynasties name (literal, no CK2 loc key)",Roxan,new key
dynn_fae_2662,"common/dynasties name (literal, no CK2 loc key)",Pomphes,new key
dynn_fae_2663,"common/dynasties name (literal, no CK2 loc key)",Maro,new key
dynn_fae_2664,"common/dynasties name (literal, no CK2 loc key)",Umbranox,new key
dynn_fae_2665,"common/dynasties name (literal, no CK2 loc key)",Lendus,new key
dynn_fae_2666,"common/dynasties name (literal, no CK2 loc key)",Sawanus,new key
dynn_fae_2667,"common/dynasties name (literal, no CK2 loc key)",Katolis,new key
dynn_fae_2668,"common/dynasties name (literal, no CK2 loc key)",Stormsoul,new key
dynn_fae_2669,"common/dynasties name (literal, no CK2 loc key)",Kimiel,new key
dynn_fae_267,"common/dynasties name (literal, no CK2 loc key)",Loomwarden,new key
dynn_fae_2670,"common/dynasties name (literal, no CK2 loc key)",Joobooloo,new key
dynn_fae_2671,"common/dynasties name (literal, no CK2 loc key)",Hybsil,new key
dynn_fae_2672,"common/dynasties name (literal, no CK2 loc key)",Worldcrest,new key
dynn_fae_2673,"common/dynasties name (literal, no CK2 loc key)",Auldbark,new key
dynn_fae_2674,"common/dynasties name (literal, no CK2 loc key)",Tatur,new key
dynn_fae_2675,"common/dynasties name (literal, no CK2 loc key)",Tallbough,new key
dynn_fae_2676,"common/dynasties name (literal, no CK2 loc key)",Ivalius,new key
dynn_fae_2677,"common/dynasties name (literal, no CK2 loc key)",Bluenose,new key
dynn_fae_2678,"common/dynasties name (literal, no CK2 loc key)",Gladeheart,new key
dynn_fae_2679,"common/dynasties name (literal, no CK2 loc key)",Erudvan,new key
dynn_fae_268,"common/dynasties name (literal, no CK2 loc key)",Driver,new key
dynn_fae_2680,"common/dynasties name (literal, no CK2 loc key)",Grimscale,new key
dynn_fae_2681,"common/dynasties name (literal, no CK2 loc key)",Darthir,new key
dynn_fae_2682,"common/dynasties name (literal, no CK2 loc key)",Brushrunner,new key
dynn_fae_2683,"common/dynasties name (literal, no CK2 loc key)",Zerinal,new key
dynn_fae_2684,"common/dynasties name (literal, no CK2 loc key)",Bloodsnout,new key
dynn_fae_2685,"common/dynasties name (literal, no CK2 loc key)",Holwer,new key
dynn_fae_2686,"common/dynasties name (literal, no CK2 loc key)",Firefist,new key
dynn_fae_2687,"common/dynasties name (literal, no CK2 loc key)",Nightwrath,new key
dynn_fae_2688,"common/dynasties name (literal, no CK2 loc key)",Rockhammer,new key
dynn_fae_2689,"common/dynasties name (literal, no CK2 loc key)",Snakebite,new key
dynn_fae_269,"common/dynasties name (literal, no CK2 loc key)",Grudgeraker,new key
dynn_fae_2690,"common/dynasties name (literal, no CK2 loc key)",al-Afriz,new key
dynn_fae_2691,"common/dynasties name (literal, no CK2 loc key)",Deem,new key
dynn_fae_2692,"common/dynasties name (literal, no CK2 loc key)",al-Hajar,new key
dynn_fae_2693,"common/dynasties name (literal, no CK2 loc key)",al-Zalazil,new key
dynn_fae_2694,"common/dynasties name (literal, no CK2 loc key)",al-Khish,new key
dynn_fae_2695,"common/dynasties name (literal, no CK2 loc key)",al-Klemin,new key
dynn_fae_2696,"common/dynasties name (literal, no CK2 loc key)",al-Zidq,new key
dynn_fae_2697,"common/dynasties name (literal, no CK2 loc key)",Olmskin,new key
dynn_fae_2698,"common/dynasties name (literal, no CK2 loc key)",Autumnbough,new key
dynn_fae_2699,"common/dynasties name (literal, no CK2 loc key)",Flaming Spike,new key
dynn_fae_27,"common/dynasties name (literal, no CK2 loc key)",Fir-Bolg,new key
dynn_fae_270,"common/dynasties name (literal, no CK2 loc key)",Moonmusk,new key
dynn_fae_2700,"common/dynasties name (literal, no CK2 loc key)",Baiyosho,new key
dynn_fae_2701,"common/dynasties name (literal, no CK2 loc key)",Bokika,new key
dynn_fae_2702,"common/dynasties name (literal, no CK2 loc key)",Chiguo,new key
dynn_fae_2703,"common/dynasties name (literal, no CK2 loc key)",Zukimoto,new key
dynn_fae_2704,"common/dynasties name (literal, no CK2 loc key)",Etsi,new key
dynn_fae_2705,"common/dynasties name (literal, no CK2 loc key)",Funada,new key
dynn_fae_2706,"common/dynasties name (literal, no CK2 loc key)",Gamo,new key
dynn_fae_2707,"common/dynasties name (literal, no CK2 loc key)",Goshukara,new key
dynn_fae_2708,"common/dynasties name (literal, no CK2 loc key)",Guiji,new key
dynn_fae_2709,"common/dynasties name (literal, no CK2 loc key)",Hino,new key
dynn_fae_271,"common/dynasties name (literal, no CK2 loc key)",Darkmaw,new key
dynn_fae_2710,"common/dynasties name (literal, no CK2 loc key)",Ichi,new key
dynn_fae_2711,"common/dynasties name (literal, no CK2 loc key)",Ido,new key
dynn_fae_2712,"common/dynasties name (literal, no CK2 loc key)",Jobojo,new key
dynn_fae_2713,"common/dynasties name (literal, no CK2 loc key)",Kidera,new key
dynn_fae_2714,"common/dynasties name (literal, no CK2 loc key)",Kisha,new key
dynn_fae_2715,"common/dynasties name (literal, no CK2 loc key)",Korai,new key
dynn_fae_2716,"common/dynasties name (literal, no CK2 loc key)",Kubahachi,new key
dynn_fae_2717,"common/dynasties name (literal, no CK2 loc key)",Marushima,new key
dynn_fae_2718,"common/dynasties name (literal, no CK2 loc key)",Matasuuri,new key
dynn_fae_2719,"common/dynasties name (literal, no CK2 loc key)",Matsu,new key
dynn_fae_272,"common/dynasties name (literal, no CK2 loc key)",Dwarfeater,new key
dynn_fae_2720,"common/dynasties name (literal, no CK2 loc key)",Matsutomo,new key
dynn_fae_2721,"common/dynasties name (literal, no CK2 loc key)",Mayazato,new key
dynn_fae_2722,"common/dynasties name (literal, no CK2 loc key)",Mika,new key
dynn_fae_2723,"common/dynasties name (literal, no CK2 loc key)",Mushigoto,new key
dynn_fae_2724,"common/dynasties name (literal, no CK2 loc key)",Nagoya,new key
dynn_fae_2725,"common/dynasties name (literal, no CK2 loc key)",Nobi,new key
dynn_fae_2726,"common/dynasties name (literal, no CK2 loc key)",Nobu,new key
dynn_fae_2727,"common/dynasties name (literal, no CK2 loc key)",Oe,new key
dynn_fae_2728,"common/dynasties name (literal, no CK2 loc key)",Oka,new key
dynn_fae_2729,"common/dynasties name (literal, no CK2 loc key)",Osari,new key
dynn_fae_273,"common/dynasties name (literal, no CK2 loc key)",Arnwalker,new key
dynn_fae_2730,"common/dynasties name (literal, no CK2 loc key)",Ostato,new key
dynn_fae_2731,"common/dynasties name (literal, no CK2 loc key)",Setsu,new key
dynn_fae_2732,"common/dynasties name (literal, no CK2 loc key)",Shimizu,new key
dynn_fae_2733,"common/dynasties name (literal, no CK2 loc key)",Takae,new key
dynn_fae_2734,"common/dynasties name (literal, no CK2 loc key)",Takaesu,new key
dynn_fae_2735,"common/dynasties name (literal, no CK2 loc key)",Tamura,new key
dynn_fae_2736,"common/dynasties name (literal, no CK2 loc key)",Tanaka,new key
dynn_fae_2737,"common/dynasties name (literal, no CK2 loc key)",Tekinjo,new key
dynn_fae_2738,"common/dynasties name (literal, no CK2 loc key)",Toda,new key
dynn_fae_2739,"common/dynasties name (literal, no CK2 loc key)",Wada,new key
dynn_fae_274,"common/dynasties name (literal, no CK2 loc key)",Nightbinder,new key
dynn_fae_2740,"common/dynasties name (literal, no CK2 loc key)",Watagawa,new key
dynn_fae_2741,"common/dynasties name (literal, no CK2 loc key)",Woto,new key
dynn_fae_2742,"common/dynasties name (literal, no CK2 loc key)",Yamaguchi,new key
dynn_fae_2743,"common/dynasties name (literal, no CK2 loc key)",Yayazato,new key
dynn_fae_2744,"common/dynasties name (literal, no CK2 loc key)",Yuchimo,new key
dynn_fae_2745,"common/dynasties name (literal, no CK2 loc key)",Yuminoi,new key
dynn_fae_2746,"common/dynasties name (literal, no CK2 loc key)",Nahdatul,new key
dynn_fae_2747,"common/dynasties name (literal, no CK2 loc key)",Panjardu,new key
dynn_fae_2748,"common/dynasties name (literal, no CK2 loc key)",Kabundusil,new key
dynn_fae_2749,"common/dynasties name (literal, no CK2 loc key)",Tagem,new key
dynn_fae_275,"common/dynasties name (literal, no CK2 loc key)",Evenshade,new key
dynn_fae_2750,"common/dynasties name (literal, no CK2 loc key)",Bertan,new key
dynn_fae_2751,"common/dynasties name (literal, no CK2 loc key)",Bavan,new key
dynn_fae_2752,"common/dynasties name (literal, no CK2 loc key)",Ardjo,new key
dynn_fae_2753,"common/dynasties name (literal, no CK2 loc key)",Kabuaya,new key
dynn_fae_2754,"common/dynasties name (literal, no CK2 loc key)",Nadepa'an,new key
dynn_fae_2755,"common/dynasties name (literal, no CK2 loc key)",Rasidin,new key
dynn_fae_2756,"common/dynasties name (literal, no CK2 loc key)",Bokuri,new key
dynn_fae_2757,"common/dynasties name (literal, no CK2 loc key)",Cho,new key
dynn_fae_2758,"common/dynasties name (literal, no CK2 loc key)",Chung,new key
dynn_fae_2759,"common/dynasties name (literal, no CK2 loc key)",Cosalla,new key
dynn_fae_276,"common/dynasties name (literal, no CK2 loc key)",Greeth,new key
dynn_fae_2760,"common/dynasties name (literal, no CK2 loc key)",Dan,new key
dynn_fae_2761,"common/dynasties name (literal, no CK2 loc key)",Genbo,new key
dynn_fae_2762,"common/dynasties name (literal, no CK2 loc key)",Ghartii,new key
dynn_fae_2763,"common/dynasties name (literal, no CK2 loc key)",Glei,new key
dynn_fae_2764,"common/dynasties name (literal, no CK2 loc key)",Gui,new key
dynn_fae_2765,"common/dynasties name (literal, no CK2 loc key)",Huat,new key
dynn_fae_2766,"common/dynasties name (literal, no CK2 loc key)",Jio,new key
dynn_fae_2767,"common/dynasties name (literal, no CK2 loc key)",Ki,new key
dynn_fae_2768,"common/dynasties name (literal, no CK2 loc key)",Kixa,new key
dynn_fae_2769,"common/dynasties name (literal, no CK2 loc key)",Kwin,new key
dynn_fae_277,"common/dynasties name (literal, no CK2 loc key)",Runetwister,new key
dynn_fae_2770,"common/dynasties name (literal, no CK2 loc key)",Lam,new key
dynn_fae_2771,"common/dynasties name (literal, no CK2 loc key)",Lin,new key
dynn_fae_2772,"common/dynasties name (literal, no CK2 loc key)",Mai,new key
dynn_fae_2773,"common/dynasties name (literal, no CK2 loc key)",Meo,new key
dynn_fae_2774,"common/dynasties name (literal, no CK2 loc key)",Mukin,new key
dynn_fae_2775,"common/dynasties name (literal, no CK2 loc key)",Niofu,new key
dynn_fae_2776,"common/dynasties name (literal, no CK2 loc key)",No,new key
dynn_fae_2777,"common/dynasties name (literal, no CK2 loc key)",Pang,new key
dynn_fae_2778,"common/dynasties name (literal, no CK2 loc key)",Rantoon,new key
dynn_fae_2779,"common/dynasties name (literal, no CK2 loc key)",S'sent,new key
dynn_fae_278,"common/dynasties name (literal, no CK2 loc key)",Puiral,new key
dynn_fae_2780,"common/dynasties name (literal, no CK2 loc key)",Sanuk,new key
dynn_fae_2781,"common/dynasties name (literal, no CK2 loc key)",So,new key
dynn_fae_2782,"common/dynasties name (literal, no CK2 loc key)",Togu,new key
dynn_fae_2783,"common/dynasties name (literal, no CK2 loc key)",Wanang,new key
dynn_fae_2784,"common/dynasties name (literal, no CK2 loc key)",Won,new key
dynn_fae_2785,"common/dynasties name (literal, no CK2 loc key)",Xithiaz,new key
dynn_fae_2786,"common/dynasties name (literal, no CK2 loc key)",Zunit,new key
dynn_fae_2787,"common/dynasties name (literal, no CK2 loc key)",Kim,new key
dynn_fae_2788,"common/dynasties name (literal, no CK2 loc key)",Lee,new key
dynn_fae_2789,"common/dynasties name (literal, no CK2 loc key)",Park,new key
dynn_fae_279,"common/dynasties name (literal, no CK2 loc key)",of Tathtar,new key
dynn_fae_2790,"common/dynasties name (literal, no CK2 loc key)",Choi,new key
dynn_fae_2791,"common/dynasties name (literal, no CK2 loc key)",Nuyen,new key
dynn_fae_2792,"common/dynasties name (literal, no CK2 loc key)",Huyen,new key
dynn_fae_2793,"common/dynasties name (literal, no CK2 loc key)",Thok,new key
dynn_fae_2794,"common/dynasties name (literal, no CK2 loc key)",Tran,new key
dynn_fae_2795,"common/dynasties name (literal, no CK2 loc key)",Le,new key
dynn_fae_2796,"common/dynasties name (literal, no CK2 loc key)",Pham,new key
dynn_fae_2797,"common/dynasties name (literal, no CK2 loc key)",Huynh,new key
dynn_fae_2798,"common/dynasties name (literal, no CK2 loc key)",Phan,new key
dynn_fae_2799,"common/dynasties name (literal, no CK2 loc key)",Vu,new key
dynn_fae_28,"common/dynasties name (literal, no CK2 loc key)",Grumdral,new key
dynn_fae_280,"common/dynasties name (literal, no CK2 loc key)",el-Maredol,new key
dynn_fae_2800,"common/dynasties name (literal, no CK2 loc key)",Dang,new key
dynn_fae_2801,"common/dynasties name (literal, no CK2 loc key)",Bui,new key
dynn_fae_2802,"common/dynasties name (literal, no CK2 loc key)",Do,new key
dynn_fae_2803,"common/dynasties name (literal, no CK2 loc key)",Ho,new key
dynn_fae_2804,"common/dynasties name (literal, no CK2 loc key)",Ngo,new key
dynn_fae_2805,"common/dynasties name (literal, no CK2 loc key)",Du'o'ng,new key
dynn_fae_2806,"common/dynasties name (literal, no CK2 loc key)",of Feng Nu,new key
dynn_fae_2807,"common/dynasties name (literal, no CK2 loc key)",of Kataninh,new key
dynn_fae_2808,"common/dynasties name (literal, no CK2 loc key)",of Kumok,new key
dynn_fae_2809,"common/dynasties name (literal, no CK2 loc key)",of Luang,new key
dynn_fae_281,"common/dynasties name (literal, no CK2 loc key)",Kassad,new key
dynn_fae_2810,"common/dynasties name (literal, no CK2 loc key)",of Lumpur,new key
dynn_fae_2811,"common/dynasties name (literal, no CK2 loc key)",of Ayer Phu,new key
dynn_fae_2812,"common/dynasties name (literal, no CK2 loc key)",of Ayer Bukai,new key
dynn_fae_2813,"common/dynasties name (literal, no CK2 loc key)",of Kota Kung,new key
dynn_fae_2814,"common/dynasties name (literal, no CK2 loc key)",Harimau,new key
dynn_fae_2815,"common/dynasties name (literal, no CK2 loc key)",Aki Nabalu,new key
dynn_fae_2816,"common/dynasties name (literal, no CK2 loc key)",Akashnu,new key
dynn_fae_2817,"common/dynasties name (literal, no CK2 loc key)",Suranatra,new key
dynn_fae_2818,"common/dynasties name (literal, no CK2 loc key)",Kunong,new key
dynn_fae_2819,"common/dynasties name (literal, no CK2 loc key)",Parmahana,new key
dynn_fae_282,"common/dynasties name (literal, no CK2 loc key)",Sapphiraktar,new key
dynn_fae_2820,"common/dynasties name (literal, no CK2 loc key)",Beradandar,new key
dynn_fae_2821,"common/dynasties name (literal, no CK2 loc key)",Ranguri,new key
dynn_fae_2822,"common/dynasties name (literal, no CK2 loc key)",Durapatya,new key
dynn_fae_2823,"common/dynasties name (literal, no CK2 loc key)",Visrana,new key
dynn_fae_2824,"common/dynasties name (literal, no CK2 loc key)",Marabaya,new key
dynn_fae_2825,"common/dynasties name (literal, no CK2 loc key)",Patayang,new key
dynn_fae_2826,"common/dynasties name (literal, no CK2 loc key)",Denokanburi,new key
dynn_fae_2827,"common/dynasties name (literal, no CK2 loc key)",Gapapurang,new key
dynn_fae_2828,"common/dynasties name (literal, no CK2 loc key)",Garuji,new key
dynn_fae_2829,"common/dynasties name (literal, no CK2 loc key)",Javuhansa,new key
dynn_fae_283,"common/dynasties name (literal, no CK2 loc key)",of Almraiven,new key
dynn_fae_2830,"common/dynasties name (literal, no CK2 loc key)",Kataburi,new key
dynn_fae_2831,"common/dynasties name (literal, no CK2 loc key)",Manapurang,new key
dynn_fae_2832,"common/dynasties name (literal, no CK2 loc key)",Srelanat,new key
dynn_fae_2833,"common/dynasties name (literal, no CK2 loc key)",Enlasre,new key
dynn_fae_2834,"common/dynasties name (literal, no CK2 loc key)",Mahatsureya,new key
dynn_fae_2835,"common/dynasties name (literal, no CK2 loc key)",Apanu,new key
dynn_fae_2836,"common/dynasties name (literal, no CK2 loc key)",Ahmak,new key
dynn_fae_2837,"common/dynasties name (literal, no CK2 loc key)",al-Awasif,new key
dynn_fae_2838,"common/dynasties name (literal, no CK2 loc key)",al-Balil,new key
dynn_fae_2839,"common/dynasties name (literal, no CK2 loc key)",al-Yugayyim,new key
dynn_fae_284,"common/dynasties name (literal, no CK2 loc key)",Rakesk,new key
dynn_fae_2840,"common/dynasties name (literal, no CK2 loc key)",al-Samawat,new key
dynn_fae_2841,"common/dynasties name (literal, no CK2 loc key)",al-Yasan,new key
dynn_fae_2842,"common/dynasties name (literal, no CK2 loc key)",al-Djinn,new key
dynn_fae_2843,"common/dynasties name (literal, no CK2 loc key)",of Dashadjen,new key
dynn_fae_2844,"common/dynasties name (literal, no CK2 loc key)",min Calim,new key
dynn_fae_2845,"common/dynasties name (literal, no CK2 loc key)",al-Zawba'ah,new key
dynn_fae_2846,"common/dynasties name (literal, no CK2 loc key)",al-Bazan,new key
dynn_fae_2847,"common/dynasties name (literal, no CK2 loc key)",al-Ifriti,new key
dynn_fae_2848,"common/dynasties name (literal, no CK2 loc key)",al-Kushya,new key
dynn_fae_2849,"common/dynasties name (literal, no CK2 loc key)",al-Sidan,new key
dynn_fae_285,"common/dynasties name (literal, no CK2 loc key)",Deresto,new key
dynn_fae_2850,"common/dynasties name (literal, no CK2 loc key)",al-Hariq,new key
dynn_fae_2851,"common/dynasties name (literal, no CK2 loc key)",min Memnon,new key
dynn_fae_2852,"common/dynasties name (literal, no CK2 loc key)",al-Milhab,new key
dynn_fae_2853,"common/dynasties name (literal, no CK2 loc key)",al-Niran,new key
dynn_fae_2854,"common/dynasties name (literal, no CK2 loc key)",al-Aswad,new key
dynn_fae_2855,"common/dynasties name (literal, no CK2 loc key)",al-Mudhdhahab,new key
dynn_fae_2856,"common/dynasties name (literal, no CK2 loc key)",Abu an-Nur,new key
dynn_fae_2857,"common/dynasties name (literal, no CK2 loc key)",al-Ahmar,new key
dynn_fae_2858,"common/dynasties name (literal, no CK2 loc key)",al-Burqan,new key
dynn_fae_2859,"common/dynasties name (literal, no CK2 loc key)",al-Abyad,new key
dynn_fae_286,"common/dynasties name (literal, no CK2 loc key)",Xikliz,new key
dynn_fae_2860,"common/dynasties name (literal, no CK2 loc key)",at-Tayaliq,new key
dynn_fae_2861,"common/dynasties name (literal, no CK2 loc key)",ha-Mored,new key
dynn_fae_2862,"common/dynasties name (literal, no CK2 loc key)",al-Durrat,new key
dynn_fae_2863,"common/dynasties name (literal, no CK2 loc key)",al-Amwaj,new key
dynn_fae_2864,"common/dynasties name (literal, no CK2 loc key)",al-Mazdaghani,new key
dynn_fae_2865,"common/dynasties name (literal, no CK2 loc key)",al-Sedni,new key
dynn_fae_2866,"common/dynasties name (literal, no CK2 loc key)",en-Naddaha,new key
dynn_fae_2867,"common/dynasties name (literal, no CK2 loc key)",al-Lulua,new key
dynn_fae_2868,"common/dynasties name (literal, no CK2 loc key)",as-Saab,new key
dynn_fae_2869,"common/dynasties name (literal, no CK2 loc key)",al-Hawiyah,new key
dynn_fae_287,"common/dynasties name (literal, no CK2 loc key)",Palarandusk,new key
dynn_fae_2870,"common/dynasties name (literal, no CK2 loc key)",aq-Qamus,new key
dynn_fae_2871,"common/dynasties name (literal, no CK2 loc key)",Changxi,new key
dynn_fae_2872,"common/dynasties name (literal, no CK2 loc key)",Myeongwol,new key
dynn_fae_2873,"common/dynasties name (literal, no CK2 loc key)",Kabigat,new key
dynn_fae_2874,"common/dynasties name (literal, no CK2 loc key)",Mayari,new key
dynn_fae_2875,"common/dynasties name (literal, no CK2 loc key)",Dalagang,new key
dynn_fae_2876,"common/dynasties name (literal, no CK2 loc key)",Haliya,new key
dynn_fae_2877,"common/dynasties name (literal, no CK2 loc key)",Launsina,new key
dynn_fae_2878,"common/dynasties name (literal, no CK2 loc key)",Ratih,new key
dynn_fae_2879,"common/dynasties name (literal, no CK2 loc key)",Heng'e,new key
dynn_fae_288,"common/dynasties name (literal, no CK2 loc key)",Lance,new key
dynn_fae_2880,"common/dynasties name (literal, no CK2 loc key)",Tsukuyomi,new key
dynn_fae_2881,"common/dynasties name (literal, no CK2 loc key)",Asgarthr,new key
dynn_fae_2882,"common/dynasties name (literal, no CK2 loc key)",Valholl,new key
dynn_fae_2883,"common/dynasties name (literal, no CK2 loc key)",Neorxnawang,new key
dynn_fae_2884,"common/dynasties name (literal, no CK2 loc key)",Bilskirnir,new key
dynn_fae_2885,"common/dynasties name (literal, no CK2 loc key)",Folkvangr,new key
dynn_fae_2886,"common/dynasties name (literal, no CK2 loc key)",Hlidskjalf,new key
dynn_fae_2887,"common/dynasties name (literal, no CK2 loc key)",Thrudheimr,new key
dynn_fae_2888,"common/dynasties name (literal, no CK2 loc key)",Breidablik,new key
dynn_fae_2889,"common/dynasties name (literal, no CK2 loc key)",Gladsheimr,new key
dynn_fae_289,"common/dynasties name (literal, no CK2 loc key)",Merecrest,new key
dynn_fae_2890,"common/dynasties name (literal, no CK2 loc key)",Vingolf,new key
dynn_fae_2891,"common/dynasties name (literal, no CK2 loc key)",Idavoll,new key
dynn_fae_2892,"common/dynasties name (literal, no CK2 loc key)",Andlang,new key
dynn_fae_2893,"common/dynasties name (literal, no CK2 loc key)",Vidblainn,new key
dynn_fae_2894,"common/dynasties name (literal, no CK2 loc key)",Fensalir,new key
dynn_fae_2895,"common/dynasties name (literal, no CK2 loc key)",Gimle,new key
dynn_fae_2896,"common/dynasties name (literal, no CK2 loc key)",Glitnir,new key
dynn_fae_2897,"common/dynasties name (literal, no CK2 loc key)",Himinbjorg,new key
dynn_fae_2898,"common/dynasties name (literal, no CK2 loc key)",Hindarfjall,new key
dynn_fae_2899,"common/dynasties name (literal, no CK2 loc key)",Noatun,new key
dynn_fae_29,"common/dynasties name (literal, no CK2 loc key)",of the Forgotten Forest,new key
dynn_fae_290,"common/dynasties name (literal, no CK2 loc key)",Chardansearavitriol,new key
dynn_fae_2900,"common/dynasties name (literal, no CK2 loc key)",Sessrumnir,new key
dynn_fae_2901,"common/dynasties name (literal, no CK2 loc key)",Sindri,new key
dynn_fae_2902,"common/dynasties name (literal, no CK2 loc key)",Thrudvangr,new key
dynn_fae_2903,"common/dynasties name (literal, no CK2 loc key)",Valaskjalf,new key
dynn_fae_2904,"common/dynasties name (literal, no CK2 loc key)",Ydalir,new key
dynn_fae_2905,"common/dynasties name (literal, no CK2 loc key)",Hvergelmir,new key
dynn_fae_2906,"common/dynasties name (literal, no CK2 loc key)",Dunmorson,new key
dynn_fae_2907,"common/dynasties name (literal, no CK2 loc key)",Thundermist,new key
dynn_fae_2908,"common/dynasties name (literal, no CK2 loc key)",Jockteleg,new key
dynn_fae_2909,"common/dynasties name (literal, no CK2 loc key)",Oakapple,new key
dynn_fae_291,"common/dynasties name (literal, no CK2 loc key)",Ulndar,new key
dynn_fae_2910,"common/dynasties name (literal, no CK2 loc key)",Irongall,new key
dynn_fae_2911,"common/dynasties name (literal, no CK2 loc key)",Yewberry,new key
dynn_fae_2912,"common/dynasties name (literal, no CK2 loc key)",Sapwood,new key
dynn_fae_2913,"common/dynasties name (literal, no CK2 loc key)",Chestnut,new key
dynn_fae_2914,"common/dynasties name (literal, no CK2 loc key)",Cobnut,new key
dynn_fae_2915,"common/dynasties name (literal, no CK2 loc key)",Thornbrush,new key
dynn_fae_2916,"common/dynasties name (literal, no CK2 loc key)",Hoar,new key
dynn_fae_2917,"common/dynasties name (literal, no CK2 loc key)",Landeater,new key
dynn_fae_2918,"common/dynasties name (literal, no CK2 loc key)",Olumak,new key
dynn_fae_2919,"common/dynasties name (literal, no CK2 loc key)",Hekkatayn,new key
dynn_fae_292,"common/dynasties name (literal, no CK2 loc key)",Kortag,new key
dynn_fae_2920,"common/dynasties name (literal, no CK2 loc key)",Kassaroi,new key
dynn_fae_2921,"common/dynasties name (literal, no CK2 loc key)",Paleiophilos,new key
dynn_fae_2922,"common/dynasties name (literal, no CK2 loc key)",Panagiotis,new key
dynn_fae_2923,"common/dynasties name (literal, no CK2 loc key)",Brolkchant,new key
dynn_fae_2924,"common/dynasties name (literal, no CK2 loc key)",Krokodeilos,new key
dynn_fae_2925,"common/dynasties name (literal, no CK2 loc key)",Aligatoras,new key
dynn_fae_2926,"common/dynasties name (literal, no CK2 loc key)",Telma,new key
dynn_fae_2927,"common/dynasties name (literal, no CK2 loc key)",Tyrfonas,new key
dynn_fae_2928,"common/dynasties name (literal, no CK2 loc key)",Jathugalvon,new key
dynn_fae_2929,"common/dynasties name (literal, no CK2 loc key)",Sboodooliip,new key
dynn_fae_293,"common/dynasties name (literal, no CK2 loc key)",Muckclub,new key
dynn_fae_2930,"common/dynasties name (literal, no CK2 loc key)",Earthsky,new key
dynn_fae_2931,"common/dynasties name (literal, no CK2 loc key)",Greytooth,new key
dynn_fae_2932,"common/dynasties name (literal, no CK2 loc key)",Sootaxe,new key
dynn_fae_2933,"common/dynasties name (literal, no CK2 loc key)",Spinescale,new key
dynn_fae_2934,"common/dynasties name (literal, no CK2 loc key)",Tel,new key
dynn_fae_2935,"common/dynasties name (literal, no CK2 loc key)",Glasschewer,new key
dynn_fae_2936,"common/dynasties name (literal, no CK2 loc key)",Akanoi,new key
dynn_fae_2937,"common/dynasties name (literal, no CK2 loc key)",Deepwood,new key
dynn_fae_2938,"common/dynasties name (literal, no CK2 loc key)",Ierefs,new key
dynn_fae_2939,"common/dynasties name (literal, no CK2 loc key)",Lofous,new key
dynn_fae_294,"common/dynasties name (literal, no CK2 loc key)",Ohiazaxon,new key
dynn_fae_2940,"common/dynasties name (literal, no CK2 loc key)",Kallisti,new key
dynn_fae_2941,"common/dynasties name (literal, no CK2 loc key)",Thanos,new key
dynn_fae_2942,"common/dynasties name (literal, no CK2 loc key)",Nekros,new key
dynn_fae_2943,"common/dynasties name (literal, no CK2 loc key)",Patrokus,new key
dynn_fae_2944,"common/dynasties name (literal, no CK2 loc key)",Nanna-Sin,new key
dynn_fae_2945,"common/dynasties name (literal, no CK2 loc key)",Thorakistis,new key
dynn_fae_2946,"common/dynasties name (literal, no CK2 loc key)",Thora,new key
dynn_fae_2947,"common/dynasties name (literal, no CK2 loc key)",Jaxanaedegor,new key
dynn_fae_2948,"common/dynasties name (literal, no CK2 loc key)",Eletheros,new key
dynn_fae_2949,"common/dynasties name (literal, no CK2 loc key)",Savra,new key
dynn_fae_295,"common/dynasties name (literal, no CK2 loc key)",Suneater,new key
dynn_fae_2950,"common/dynasties name (literal, no CK2 loc key)",Karatoxos,new key
dynn_fae_2951,"common/dynasties name (literal, no CK2 loc key)",Adetos,new key
dynn_fae_2952,"common/dynasties name (literal, no CK2 loc key)",Nemessirona,new key
dynn_fae_2953,"common/dynasties name (literal, no CK2 loc key)",Ischyros,new key
dynn_fae_2954,"common/dynasties name (literal, no CK2 loc key)",Machitis,new key
dynn_fae_2955,"common/dynasties name (literal, no CK2 loc key)",Telthaug,new key
dynn_fae_2956,"common/dynasties name (literal, no CK2 loc key)",Naftis,new key
dynn_fae_2957,"common/dynasties name (literal, no CK2 loc key)",Greenshadow,new key
dynn_fae_2958,"common/dynasties name (literal, no CK2 loc key)",of Saekolath,new key
dynn_fae_2959,"common/dynasties name (literal, no CK2 loc key)",Southwanderer,new key
dynn_fae_296,"common/dynasties name (literal, no CK2 loc key)",Krazel,new key
dynn_fae_2960,"common/dynasties name (literal, no CK2 loc key)",Shadyplace,new key
dynn_fae_2961,"common/dynasties name (literal, no CK2 loc key)",Vertombre,new key
dynn_fae_2962,"common/dynasties name (literal, no CK2 loc key)",Elsova,new key
dynn_fae_2963,"common/dynasties name (literal, no CK2 loc key)",Lorenshade,new key
dynn_fae_2964,"common/dynasties name (literal, no CK2 loc key)",Deepfar,new key
dynn_fae_2965,"common/dynasties name (literal, no CK2 loc key)",Raethan,new key
dynn_fae_2966,"common/dynasties name (literal, no CK2 loc key)",Vothiss'vor,new key
dynn_fae_2967,"common/dynasties name (literal, no CK2 loc key)",Saeroz'zo,new key
dynn_fae_2968,"common/dynasties name (literal, no CK2 loc key)",Amthissg'horr,new key
dynn_fae_2969,"common/dynasties name (literal, no CK2 loc key)",Faerthauth,new key
dynn_fae_297,"common/dynasties name (literal, no CK2 loc key)",Thronspear,new key
dynn_fae_2970,"common/dynasties name (literal, no CK2 loc key)",Zethiss,new key
dynn_fae_2971,"common/dynasties name (literal, no CK2 loc key)",of Callidae,new key
dynn_fae_2972,"common/dynasties name (literal, no CK2 loc key)",Starlight,new key
dynn_fae_2973,"common/dynasties name (literal, no CK2 loc key)",Starbright,new key
dynn_fae_2974,"common/dynasties name (literal, no CK2 loc key)",Cryptice,new key
dynn_fae_2975,"common/dynasties name (literal, no CK2 loc key)",Northseeker,new key
dynn_fae_2976,"common/dynasties name (literal, no CK2 loc key)",Frostshadow,new key
dynn_fae_2977,"common/dynasties name (literal, no CK2 loc key)",Icyhearth,new key
dynn_fae_2978,"common/dynasties name (literal, no CK2 loc key)",Zallathe,new key
dynn_fae_2979,"common/dynasties name (literal, no CK2 loc key)",Laerazath,new key
dynn_fae_298,"common/dynasties name (literal, no CK2 loc key)",Northforge,new key
dynn_fae_2980,"common/dynasties name (literal, no CK2 loc key)",Caerallaeth,new key
dynn_fae_2981,"common/dynasties name (literal, no CK2 loc key)",Sethomiir,new key
dynn_fae_2982,"common/dynasties name (literal, no CK2 loc key)",Kelithor,new key
dynn_fae_2983,"common/dynasties name (literal, no CK2 loc key)",Ilyathriir,new key
dynn_fae_2984,"common/dynasties name (literal, no CK2 loc key)",Theriathryn,new key
dynn_fae_2985,"common/dynasties name (literal, no CK2 loc key)",Ameriothri,new key
dynn_fae_2986,"common/dynasties name (literal, no CK2 loc key)",Fythriir,new key
dynn_fae_2987,"common/dynasties name (literal, no CK2 loc key)",Lamoriathrii,new key
dynn_fae_2988,"common/dynasties name (literal, no CK2 loc key)",Rhythiiar,new key
dynn_fae_2989,"common/dynasties name (literal, no CK2 loc key)",Erylanthiin,new key
dynn_fae_299,"common/dynasties name (literal, no CK2 loc key)",Olgan,new key
dynn_fae_2990,"common/dynasties name (literal, no CK2 loc key)",Miyethrian,new key
dynn_fae_2991,"common/dynasties name (literal, no CK2 loc key)",Burdun,new key
dynn_fae_2992,"common/dynasties name (literal, no CK2 loc key)",Longarms,new key
dynn_fae_2993,"common/dynasties name (literal, no CK2 loc key)",Helligbror,new key
dynn_fae_2994,"common/dynasties name (literal, no CK2 loc key)",Kappebror,new key
dynn_fae_2995,"common/dynasties name (literal, no CK2 loc key)",Kriggabror,new key
dynn_fae_2996,"common/dynasties name (literal, no CK2 loc key)",Torval,new key
dynn_fae_2997,"common/dynasties name (literal, no CK2 loc key)",Meadowhome,new key
dynn_fae_2998,"common/dynasties name (literal, no CK2 loc key)",ui Nemed,new key
dynn_fae_2999,"common/dynasties name (literal, no CK2 loc key)",ui Erc,new key
dynn_fae_3,"common/dynasties name (literal, no CK2 loc key)",of Darkhold,new key
dynn_fae_30,"common/dynasties name (literal, no CK2 loc key)",Dodkong,new key
dynn_fae_300,"common/dynasties name (literal, no CK2 loc key)",Ceralle,new key
dynn_fae_3000,"common/dynasties name (literal, no CK2 loc key)",Niveous,new key
dynn_fae_3001,"common/dynasties name (literal, no CK2 loc key)",Ninguid,new key
dynn_fae_3002,"common/dynasties name (literal, no CK2 loc key)",Ondingsgust,new key
dynn_fae_3003,"common/dynasties name (literal, no CK2 loc key)",Graupelhail,new key
dynn_fae_3004,"common/dynasties name (literal, no CK2 loc key)",Cornsnow,new key
dynn_fae_3005,"common/dynasties name (literal, no CK2 loc key)",Dendrite,new key
dynn_fae_3006,"common/dynasties name (literal, no CK2 loc key)",Quinzhee,new key
dynn_fae_3007,"common/dynasties name (literal, no CK2 loc key)",Crystalline,new key
dynn_fae_3008,"common/dynasties name (literal, no CK2 loc key)",Sparklerime,new key
dynn_fae_3009,"common/dynasties name (literal, no CK2 loc key)",Hiematic,new key
dynn_fae_301,"common/dynasties name (literal, no CK2 loc key)",Varen,new key
dynn_fae_3010,"common/dynasties name (literal, no CK2 loc key)",Thundersnow,new key
dynn_fae_3011,"common/dynasties name (literal, no CK2 loc key)",Faunel,new key
dynn_fae_3012,"common/dynasties name (literal, no CK2 loc key)",Sylvania,new key
dynn_fae_3013,"common/dynasties name (literal, no CK2 loc key)",Glorium,new key
dynn_fae_3014,"common/dynasties name (literal, no CK2 loc key)",Neff,new key
dynn_fae_3015,"common/dynasties name (literal, no CK2 loc key)",Ma'at,new key
dynn_fae_3016,"common/dynasties name (literal, no CK2 loc key)",Asteriel,new key
dynn_fae_3017,"common/dynasties name (literal, no CK2 loc key)",Radiant,new key
dynn_fae_3018,"common/dynasties name (literal, no CK2 loc key)",Or,new key
dynn_fae_3019,"common/dynasties name (literal, no CK2 loc key)",Aurea,new key
dynn_fae_302,"common/dynasties name (literal, no CK2 loc key)",Camgar,new key
dynn_fae_3020,"common/dynasties name (literal, no CK2 loc key)",Refulgent,new key
dynn_fae_3021,"common/dynasties name (literal, no CK2 loc key)",Farbright,new key
dynn_fae_3022,"common/dynasties name (literal, no CK2 loc key)",Gelert,new key
dynn_fae_3023,"common/dynasties name (literal, no CK2 loc key)",Luminous,new key
dynn_fae_3024,"common/dynasties name (literal, no CK2 loc key)",Radious,new key
dynn_fae_3025,"common/dynasties name (literal, no CK2 loc key)",Dazzlement,new key
dynn_fae_3026,"common/dynasties name (literal, no CK2 loc key)",Wildheart,new key
dynn_fae_3027,"common/dynasties name (literal, no CK2 loc key)",Songland,new key
dynn_fae_3028,"common/dynasties name (literal, no CK2 loc key)",Silberhimmel,new key
dynn_fae_3029,"common/dynasties name (literal, no CK2 loc key)",Aurashine,new key
dynn_fae_303,"common/dynasties name (literal, no CK2 loc key)",Cragface,new key
dynn_fae_3030,"common/dynasties name (literal, no CK2 loc key)",Lumen,new key
dynn_fae_3031,"common/dynasties name (literal, no CK2 loc key)",Longstrider,new key
dynn_fae_3032,"common/dynasties name (literal, no CK2 loc key)",Logroller,new key
dynn_fae_3033,"common/dynasties name (literal, no CK2 loc key)",Irons,new key
dynn_fae_3034,"common/dynasties name (literal, no CK2 loc key)",Squarefoot,new key
dynn_fae_3035,"common/dynasties name (literal, no CK2 loc key)",Penhill,new key
dynn_fae_3036,"common/dynasties name (literal, no CK2 loc key)",Lindholme,new key
dynn_fae_3037,"common/dynasties name (literal, no CK2 loc key)",Ghyston,new key
dynn_fae_3038,"common/dynasties name (literal, no CK2 loc key)",Thunderdell,new key
dynn_fae_3039,"common/dynasties name (literal, no CK2 loc key)",Ascapart,new key
dynn_fae_304,"common/dynasties name (literal, no CK2 loc key)",Kost,new key
dynn_fae_3040,"common/dynasties name (literal, no CK2 loc key)",Orgoglio,new key
dynn_fae_3041,"common/dynasties name (literal, no CK2 loc key)",Shadethurs,new key
dynn_fae_3042,"common/dynasties name (literal, no CK2 loc key)",Tocken,new key
dynn_fae_3043,"common/dynasties name (literal, no CK2 loc key)",Dimyot,new key
dynn_fae_3044,"common/dynasties name (literal, no CK2 loc key)",Dunster,new key
dynn_fae_3045,"common/dynasties name (literal, no CK2 loc key)",Lanbro,new key
dynn_fae_3046,"common/dynasties name (literal, no CK2 loc key)",Boira,new key
dynn_fae_3047,"common/dynasties name (literal, no CK2 loc key)",Nevel,new key
dynn_fae_3048,"common/dynasties name (literal, no CK2 loc key)",Udu,new key
dynn_fae_3049,"common/dynasties name (literal, no CK2 loc key)",Sumu,new key
dynn_fae_305,"common/dynasties name (literal, no CK2 loc key)",Wester,new key
dynn_fae_3050,"common/dynasties name (literal, no CK2 loc key)",Melga,new key
dynn_fae_3051,"common/dynasties name (literal, no CK2 loc key)",Ramad,new key
dynn_fae_3052,"common/dynasties name (literal, no CK2 loc key)",Sakan,new key
dynn_fae_3053,"common/dynasties name (literal, no CK2 loc key)",Qetma,new key
dynn_fae_3054,"common/dynasties name (literal, no CK2 loc key)",Efer,new key
dynn_fae_3055,"common/dynasties name (literal, no CK2 loc key)",Stachti,new key
dynn_fae_3056,"common/dynasties name (literal, no CK2 loc key)",Tephra,new key
dynn_fae_3057,"common/dynasties name (literal, no CK2 loc key)",Spodos,new key
dynn_fae_3058,"common/dynasties name (literal, no CK2 loc key)",Xweli,new key
dynn_fae_3059,"common/dynasties name (literal, no CK2 loc key)",Xakestar,new key
dynn_fae_306,"common/dynasties name (literal, no CK2 loc key)",Shendrel,new key
dynn_fae_3060,"common/dynasties name (literal, no CK2 loc key)",Irmied,new key
dynn_fae_3061,"common/dynasties name (literal, no CK2 loc key)",Brontid,new key
dynn_fae_3062,"common/dynasties name (literal, no CK2 loc key)",Steropid,new key
dynn_fae_3063,"common/dynasties name (literal, no CK2 loc key)",Argeid,new key
dynn_fae_3064,"common/dynasties name (literal, no CK2 loc key)",Acmonid,new key
dynn_fae_3065,"common/dynasties name (literal, no CK2 loc key)",Polyphemid,new key
dynn_fae_3066,"common/dynasties name (literal, no CK2 loc key)",Cheirogastor,new key
dynn_fae_3067,"common/dynasties name (literal, no CK2 loc key)",Gasterocheiras,new key
dynn_fae_3068,"common/dynasties name (literal, no CK2 loc key)",Pyracmonid,new key
dynn_fae_3069,"common/dynasties name (literal, no CK2 loc key)",Arimaspos,new key
dynn_fae_307,"common/dynasties name (literal, no CK2 loc key)",Rivermaul,new key
dynn_fae_3070,"common/dynasties name (literal, no CK2 loc key)",Bungisngis,new key
dynn_fae_3071,"common/dynasties name (literal, no CK2 loc key)",Rere,new key
dynn_fae_3072,"common/dynasties name (literal, no CK2 loc key)",Raml,new key
dynn_fae_3073,"common/dynasties name (literal, no CK2 loc key)",Khala,new key
dynn_fae_3074,"common/dynasties name (literal, no CK2 loc key)",Avaz,new key
dynn_fae_3075,"common/dynasties name (literal, no CK2 loc key)",Harena,new key
dynn_fae_3076,"common/dynasties name (literal, no CK2 loc key)",Pjasok,new key
dynn_fae_3077,"common/dynasties name (literal, no CK2 loc key)",Traezh,new key
dynn_fae_3078,"common/dynasties name (literal, no CK2 loc key)",Pisek,new key
dynn_fae_3079,"common/dynasties name (literal, no CK2 loc key)",Xabre,new key
dynn_fae_308,"common/dynasties name (literal, no CK2 loc key)",Rogard,new key
dynn_fae_3080,"common/dynasties name (literal, no CK2 loc key)",Psammos,new key
dynn_fae_3081,"common/dynasties name (literal, no CK2 loc key)",Hiekka,new key
dynn_fae_3082,"common/dynasties name (literal, no CK2 loc key)",Sabbia,new key
dynn_fae_3083,"common/dynasties name (literal, no CK2 loc key)",Xum,new key
dynn_fae_3084,"common/dynasties name (literal, no CK2 loc key)",Sablon,new key
dynn_fae_3085,"common/dynasties name (literal, no CK2 loc key)",Nisip,new key
dynn_fae_3086,"common/dynasties name (literal, no CK2 loc key)",Gal-lu,new key
dynn_fae_3087,"common/dynasties name (literal, no CK2 loc key)",Novalangar,new key
dynn_fae_3088,"common/dynasties name (literal, no CK2 loc key)",Khosann,new key
dynn_fae_3089,"common/dynasties name (literal, no CK2 loc key)",Brightheart,new key
dynn_fae_309,"common/dynasties name (literal, no CK2 loc key)",Newhome,new key
dynn_fae_3090,"common/dynasties name (literal, no CK2 loc key)",Samium,new key
dynn_fae_3091,"common/dynasties name (literal, no CK2 loc key)",Doorbane,new key
dynn_fae_3092,"common/dynasties name (literal, no CK2 loc key)",Thaloren,new key
dynn_fae_3093,"common/dynasties name (literal, no CK2 loc key)",Ironedge,new key
dynn_fae_3094,"common/dynasties name (literal, no CK2 loc key)",Goldentree,new key
dynn_fae_3095,"common/dynasties name (literal, no CK2 loc key)",Cordell,new key
dynn_fae_3096,"common/dynasties name (literal, no CK2 loc key)",Ch'zial,new key
dynn_fae_3097,"common/dynasties name (literal, no CK2 loc key)",DaNosta,new key
dynn_fae_3098,"common/dynasties name (literal, no CK2 loc key)",Wyvernheart,new key
dynn_fae_3099,"common/dynasties name (literal, no CK2 loc key)",Trasak,new key
dynn_fae_31,"common/dynasties name (literal, no CK2 loc key)",Darkrock,new key
dynn_fae_310,"common/dynasties name (literal, no CK2 loc key)",Hunting Horn,new key
dynn_fae_3100,"common/dynasties name (literal, no CK2 loc key)",Doslyn,new key
dynn_fae_3101,"common/dynasties name (literal, no CK2 loc key)",Scything Claw,new key
dynn_fae_3102,"common/dynasties name (literal, no CK2 loc key)",Woodspell,new key
dynn_fae_3103,"common/dynasties name (literal, no CK2 loc key)",Meros,new key
dynn_fae_3104,"common/dynasties name (literal, no CK2 loc key)",Devran,new key
dynn_fae_3105,"common/dynasties name (literal, no CK2 loc key)",Laiten,new key
dynn_fae_3106,"common/dynasties name (literal, no CK2 loc key)",Vath,new key
dynn_fae_3107,"common/dynasties name (literal, no CK2 loc key)",Sobrel,new key
dynn_fae_3108,"common/dynasties name (literal, no CK2 loc key)",Paven,new key
dynn_fae_3109,"common/dynasties name (literal, no CK2 loc key)",Tenwealth,new key
dynn_fae_311,"common/dynasties name (literal, no CK2 loc key)",Red Fist,new key
dynn_fae_3110,"common/dynasties name (literal, no CK2 loc key)",Torm,new key
dynn_fae_3111,"common/dynasties name (literal, no CK2 loc key)",Devellon,new key
dynn_fae_3112,"common/dynasties name (literal, no CK2 loc key)",Godon,new key
dynn_fae_3113,"common/dynasties name (literal, no CK2 loc key)",Samus,new key
dynn_fae_3114,"common/dynasties name (literal, no CK2 loc key)",Jelan,new key
dynn_fae_3115,"common/dynasties name (literal, no CK2 loc key)",Thoden,new key
dynn_fae_3116,"common/dynasties name (literal, no CK2 loc key)",Kestrel,new key
dynn_fae_3117,"common/dynasties name (literal, no CK2 loc key)",Melgart,new key
dynn_fae_3118,"common/dynasties name (literal, no CK2 loc key)",Plour,new key
dynn_fae_3119,"common/dynasties name (literal, no CK2 loc key)",Earthhammer,new key
dynn_fae_312,"common/dynasties name (literal, no CK2 loc key)",Ruthiol,new key
dynn_fae_3120,"common/dynasties name (literal, no CK2 loc key)",Greenbark,new key
dynn_fae_3121,"common/dynasties name (literal, no CK2 loc key)",Marhana,new key
dynn_fae_3122,"common/dynasties name (literal, no CK2 loc key)",Hawkryn,new key
dynn_fae_3123,"common/dynasties name (literal, no CK2 loc key)",Lanam,new key
dynn_fae_3124,"common/dynasties name (literal, no CK2 loc key)",Melchior,new key
dynn_fae_3125,"common/dynasties name (literal, no CK2 loc key)",Olbin,new key
dynn_fae_3126,"common/dynasties name (literal, no CK2 loc key)",Natos,new key
dynn_fae_3127,"common/dynasties name (literal, no CK2 loc key)",Feth,new key
dynn_fae_3128,"common/dynasties name (literal, no CK2 loc key)",Viltric,new key
dynn_fae_3129,"common/dynasties name (literal, no CK2 loc key)",Girith,new key
dynn_fae_313,"common/dynasties name (literal, no CK2 loc key)",Gaulauntyr,new key
dynn_fae_3130,"common/dynasties name (literal, no CK2 loc key)",Doomstalker,new key
dynn_fae_3131,"common/dynasties name (literal, no CK2 loc key)",Abrig,new key
dynn_fae_3132,"common/dynasties name (literal, no CK2 loc key)",Sorrowsong,new key
dynn_fae_3133,"common/dynasties name (literal, no CK2 loc key)",Basrar,new key
dynn_fae_3134,"common/dynasties name (literal, no CK2 loc key)",Zrathikkar,new key
dynn_fae_3135,"common/dynasties name (literal, no CK2 loc key)",Somner,new key
dynn_fae_3136,"common/dynasties name (literal, no CK2 loc key)",Kadingir,new key
dynn_fae_3137,"common/dynasties name (literal, no CK2 loc key)",Asvanam,new key
dynn_fae_3138,"common/dynasties name (literal, no CK2 loc key)",Lavimir,new key
dynn_fae_3139,"common/dynasties name (literal, no CK2 loc key)",Brandosk,new key
dynn_fae_314,"common/dynasties name (literal, no CK2 loc key)",Saltclaw,new key
dynn_fae_3140,"common/dynasties name (literal, no CK2 loc key)",yi Ithmong,new key
dynn_fae_3141,"common/dynasties name (literal, no CK2 loc key)",Frostspear,new key
dynn_fae_3142,"common/dynasties name (literal, no CK2 loc key)",Black Wolves,new key
dynn_fae_3143,"common/dynasties name (literal, no CK2 loc key)",Kryonar,new key
dynn_fae_3144,"common/dynasties name (literal, no CK2 loc key)",Rythil,new key
dynn_fae_3145,"common/dynasties name (literal, no CK2 loc key)",Harthgroth,new key
dynn_fae_3146,"common/dynasties name (literal, no CK2 loc key)",Frostburn,new key
dynn_fae_3147,"common/dynasties name (literal, no CK2 loc key)",Hawkfriend,new key
dynn_fae_3148,"common/dynasties name (literal, no CK2 loc key)",Ba'fyrr,new key
dynn_fae_3149,"common/dynasties name (literal, no CK2 loc key)",Whitebeak,new key
dynn_fae_315,"common/dynasties name (literal, no CK2 loc key)",Thunderhammer,new key
dynn_fae_3150,"common/dynasties name (literal, no CK2 loc key)",Mosssinger,new key
dynn_fae_3151,"common/dynasties name (literal, no CK2 loc key)",Kalin,new key
dynn_fae_3152,"common/dynasties name (literal, no CK2 loc key)",Dunvart,new key
dynn_fae_3153,"common/dynasties name (literal, no CK2 loc key)",Casdian,new key
dynn_fae_3154,"common/dynasties name (literal, no CK2 loc key)",Faron,new key
dynn_fae_3155,"common/dynasties name (literal, no CK2 loc key)",Sagrod,new key
dynn_fae_3156,"common/dynasties name (literal, no CK2 loc key)",Falthun,new key
dynn_fae_3157,"common/dynasties name (literal, no CK2 loc key)",Whistledell,new key
dynn_fae_3158,"common/dynasties name (literal, no CK2 loc key)",Glantari,new key
dynn_fae_3159,"common/dynasties name (literal, no CK2 loc key)",Sabrashi,new key
dynn_fae_316,"common/dynasties name (literal, no CK2 loc key)",Squidgut,new key
dynn_fae_3160,"common/dynasties name (literal, no CK2 loc key)",of Yarrat,new key
dynn_fae_3161,"common/dynasties name (literal, no CK2 loc key)",Akhoti,new key
dynn_fae_3162,"common/dynasties name (literal, no CK2 loc key)",Despana,new key
dynn_fae_3163,"common/dynasties name (literal, no CK2 loc key)",Watson,new key
dynn_fae_3164,"common/dynasties name (literal, no CK2 loc key)",Shigglecran,new key
dynn_fae_3165,"common/dynasties name (literal, no CK2 loc key)",Moonblade,new key
dynn_fae_3166,"common/dynasties name (literal, no CK2 loc key)",Coastway,new key
dynn_fae_3167,"common/dynasties name (literal, no CK2 loc key)",Skoda,new key
dynn_fae_3168,"common/dynasties name (literal, no CK2 loc key)",Inuus,new key
dynn_fae_3169,"common/dynasties name (literal, no CK2 loc key)",Standinn,new key
dynn_fae_317,"common/dynasties name (literal, no CK2 loc key)",Heartfire,new key
dynn_fae_3170,"common/dynasties name (literal, no CK2 loc key)",Windheim,new key
dynn_fae_3171,"common/dynasties name (literal, no CK2 loc key)",Fidi,new key
dynn_fae_3172,"common/dynasties name (literal, no CK2 loc key)",Farstride,new key
dynn_fae_3173,"common/dynasties name (literal, no CK2 loc key)",Baldoriel,new key
dynn_fae_3174,"common/dynasties name (literal, no CK2 loc key)",Pyropus,new key
dynn_fae_3175,"common/dynasties name (literal, no CK2 loc key)",Baranthar,new key
dynn_fae_3176,"common/dynasties name (literal, no CK2 loc key)",Onthrul,new key
dynn_fae_3177,"common/dynasties name (literal, no CK2 loc key)",Vreel,new key
dynn_fae_3178,"common/dynasties name (literal, no CK2 loc key)",Rhandalaer,new key
dynn_fae_3179,"common/dynasties name (literal, no CK2 loc key)",Dzerys,new key
dynn_fae_318,"common/dynasties name (literal, no CK2 loc key)",Clanbringer,new key
dynn_fae_3180,"common/dynasties name (literal, no CK2 loc key)",Iniarv,new key
dynn_fae_3181,"common/dynasties name (literal, no CK2 loc key)",Gyrfalcon,new key
dynn_fae_3182,"common/dynasties name (literal, no CK2 loc key)",el Safahr,new key
dynn_fae_3183,"common/dynasties name (literal, no CK2 loc key)",yi Manshaka,new key
dynn_fae_3184,"common/dynasties name (literal, no CK2 loc key)",Chaadren,new key
dynn_fae_3185,"common/dynasties name (literal, no CK2 loc key)",Ilbaereth,new key
dynn_fae_3186,"common/dynasties name (literal, no CK2 loc key)",Dellenvol,new key
dynn_fae_3187,"common/dynasties name (literal, no CK2 loc key)",Dhanzscul,new key
dynn_fae_3188,"common/dynasties name (literal, no CK2 loc key)",Naomal,new key
dynn_fae_3189,"common/dynasties name (literal, no CK2 loc key)",Brin,new key
dynn_fae_319,"common/dynasties name (literal, no CK2 loc key)",Konishi,new key
dynn_fae_3190,"common/dynasties name (literal, no CK2 loc key)",Urre,new key
dynn_fae_3191,"common/dynasties name (literal, no CK2 loc key)",Sira,new key
dynn_fae_3192,"common/dynasties name (literal, no CK2 loc key)",Kraok,new key
dynn_fae_3193,"common/dynasties name (literal, no CK2 loc key)",Dweomerheart,new key
dynn_fae_3194,"common/dynasties name (literal, no CK2 loc key)",Imynster,new key
dynn_fae_3195,"common/dynasties name (literal, no CK2 loc key)",Zhu,new key
dynn_fae_3196,"common/dynasties name (literal, no CK2 loc key)",Grevauldyn,new key
dynn_fae_3197,"common/dynasties name (literal, no CK2 loc key)",Stormstaern,new key
dynn_fae_3198,"common/dynasties name (literal, no CK2 loc key)",Heamilolothtar,new key
dynn_fae_3199,"common/dynasties name (literal, no CK2 loc key)",Aulauger,new key
dynn_fae_32,"common/dynasties name (literal, no CK2 loc key)",Hungergnaw,new key
dynn_fae_320,"common/dynasties name (literal, no CK2 loc key)",Moorgnaw,new key
dynn_fae_3200,"common/dynasties name (literal, no CK2 loc key)",Broamshoulder,new key
dynn_fae_3201,"common/dynasties name (literal, no CK2 loc key)",Orblin,new key
dynn_fae_3202,"common/dynasties name (literal, no CK2 loc key)",Aulmeroevler,new key
dynn_fae_3203,"common/dynasties name (literal, no CK2 loc key)",Thorl,new key
dynn_fae_3204,"common/dynasties name (literal, no CK2 loc key)",Muhleer,new key
dynn_fae_3205,"common/dynasties name (literal, no CK2 loc key)",Mulurkrath,new key
dynn_fae_3206,"common/dynasties name (literal, no CK2 loc key)",Brakuularn,new key
dynn_fae_3207,"common/dynasties name (literal, no CK2 loc key)",Rauthantannar,new key
dynn_fae_3208,"common/dynasties name (literal, no CK2 loc key)",Klavulgrun,new key
dynn_fae_3209,"common/dynasties name (literal, no CK2 loc key)",Voudsarr,new key
dynn_fae_321,"common/dynasties name (literal, no CK2 loc key)",Zikgnax,new key
dynn_fae_3210,"common/dynasties name (literal, no CK2 loc key)",Melnuthquel,new key
dynn_fae_3211,"common/dynasties name (literal, no CK2 loc key)",Faryre,new key
dynn_fae_3212,"common/dynasties name (literal, no CK2 loc key)",Undree,new key
dynn_fae_3213,"common/dynasties name (literal, no CK2 loc key)",Tappard,new key
dynn_fae_3214,"common/dynasties name (literal, no CK2 loc key)",Stonehallow,new key
dynn_fae_3215,"common/dynasties name (literal, no CK2 loc key)",Derviir,new key
dynn_fae_3216,"common/dynasties name (literal, no CK2 loc key)",Maerdrathom,new key
dynn_fae_3217,"common/dynasties name (literal, no CK2 loc key)",Burwyth,new key
dynn_fae_3218,"common/dynasties name (literal, no CK2 loc key)",Hornreach,new key
dynn_fae_3219,"common/dynasties name (literal, no CK2 loc key)",Droone,new key
dynn_fae_322,"common/dynasties name (literal, no CK2 loc key)",Ilnaseri,new key
dynn_fae_3220,"common/dynasties name (literal, no CK2 loc key)",Chalyphar,new key
dynn_fae_3221,"common/dynasties name (literal, no CK2 loc key)",Talandor,new key
dynn_fae_3222,"common/dynasties name (literal, no CK2 loc key)",Raldimmar,new key
dynn_fae_3223,"common/dynasties name (literal, no CK2 loc key)",Nathchant,new key
dynn_fae_3224,"common/dynasties name (literal, no CK2 loc key)",Wheivron,new key
dynn_fae_3225,"common/dynasties name (literal, no CK2 loc key)",Artoban,new key
dynn_fae_3226,"common/dynasties name (literal, no CK2 loc key)",of Longsaddle,new key
dynn_fae_3227,"common/dynasties name (literal, no CK2 loc key)",of Yartar,new key
dynn_fae_3228,"common/dynasties name (literal, no CK2 loc key)",Southward,new key
dynn_fae_3229,"common/dynasties name (literal, no CK2 loc key)",Ilvynner,new key
dynn_fae_323,"common/dynasties name (literal, no CK2 loc key)",Mar,new key
dynn_fae_3230,"common/dynasties name (literal, no CK2 loc key)",Iltriune,new key
dynn_fae_3231,"common/dynasties name (literal, no CK2 loc key)",Yildree,new key
dynn_fae_3232,"common/dynasties name (literal, no CK2 loc key)",Highymhelver,new key
dynn_fae_3233,"common/dynasties name (literal, no CK2 loc key)",Arsurath,new key
dynn_fae_3234,"common/dynasties name (literal, no CK2 loc key)",Sunfall,new key
dynn_fae_3235,"common/dynasties name (literal, no CK2 loc key)",Tasundrym,new key
dynn_fae_3236,"common/dynasties name (literal, no CK2 loc key)",Salshymmyr,new key
dynn_fae_3237,"common/dynasties name (literal, no CK2 loc key)",Hyelvel,new key
dynn_fae_3238,"common/dynasties name (literal, no CK2 loc key)",Kataclath,new key
dynn_fae_3239,"common/dynasties name (literal, no CK2 loc key)",Dauntcastle,new key
dynn_fae_324,"common/dynasties name (literal, no CK2 loc key)",Onda,new key
dynn_fae_3240,"common/dynasties name (literal, no CK2 loc key)",Dawntanthra,new key
dynn_fae_3241,"common/dynasties name (literal, no CK2 loc key)",Sandrach,new key
dynn_fae_3242,"common/dynasties name (literal, no CK2 loc key)",Kestellharp,new key
dynn_fae_3243,"common/dynasties name (literal, no CK2 loc key)",Prentiyuel,new key
dynn_fae_3244,"common/dynasties name (literal, no CK2 loc key)",Donnathlacsen,new key
dynn_fae_3245,"common/dynasties name (literal, no CK2 loc key)",Veverell,new key
dynn_fae_3246,"common/dynasties name (literal, no CK2 loc key)",Vaxthanus,new key
dynn_fae_3247,"common/dynasties name (literal, no CK2 loc key)",Galarthund,new key
dynn_fae_3248,"common/dynasties name (literal, no CK2 loc key)",Ilber,new key
dynn_fae_3249,"common/dynasties name (literal, no CK2 loc key)",Hardraw,new key
dynn_fae_325,"common/dynasties name (literal, no CK2 loc key)",Zarem,new key
dynn_fae_3250,"common/dynasties name (literal, no CK2 loc key)",of Memnon,new key
dynn_fae_3251,"common/dynasties name (literal, no CK2 loc key)",Merendi,new key
dynn_fae_3252,"common/dynasties name (literal, no CK2 loc key)",Fanhel,new key
dynn_fae_3253,"common/dynasties name (literal, no CK2 loc key)",Murn,new key
dynn_fae_3254,"common/dynasties name (literal, no CK2 loc key)",Helfer,new key
dynn_fae_3255,"common/dynasties name (literal, no CK2 loc key)",Shing,new key
dynn_fae_3256,"common/dynasties name (literal, no CK2 loc key)",Molder,new key
dynn_fae_3257,"common/dynasties name (literal, no CK2 loc key)",Clast,new key
dynn_fae_3258,"common/dynasties name (literal, no CK2 loc key)",Watgam,new key
dynn_fae_3259,"common/dynasties name (literal, no CK2 loc key)",Ilji,new key
dynn_fae_326,"common/dynasties name (literal, no CK2 loc key)",Deadeye,new key
dynn_fae_3260,"common/dynasties name (literal, no CK2 loc key)",Mavoneth,new key
dynn_fae_3261,"common/dynasties name (literal, no CK2 loc key)",Kammel,new key
dynn_fae_3262,"common/dynasties name (literal, no CK2 loc key)",Vanthe,new key
dynn_fae_3263,"common/dynasties name (literal, no CK2 loc key)",Xomark,new key
dynn_fae_3264,"common/dynasties name (literal, no CK2 loc key)",Nottr,new key
dynn_fae_3265,"common/dynasties name (literal, no CK2 loc key)",Movunt,new key
dynn_fae_3266,"common/dynasties name (literal, no CK2 loc key)",Vui,new key
dynn_fae_3267,"common/dynasties name (literal, no CK2 loc key)",Odairu,new key
dynn_fae_3268,"common/dynasties name (literal, no CK2 loc key)",Gallidy,new key
dynn_fae_3269,"common/dynasties name (literal, no CK2 loc key)",Sdaerd,new key
dynn_fae_327,"common/dynasties name (literal, no CK2 loc key)",Kathl,new key
dynn_fae_3270,"common/dynasties name (literal, no CK2 loc key)",Gorger,new key
dynn_fae_3271,"common/dynasties name (literal, no CK2 loc key)",Borr,new key
dynn_fae_3272,"common/dynasties name (literal, no CK2 loc key)",Xibkaish,new key
dynn_fae_3273,"common/dynasties name (literal, no CK2 loc key)",Ashbough,new key
dynn_fae_3274,"common/dynasties name (literal, no CK2 loc key)",Danthen,new key
dynn_fae_3275,"common/dynasties name (literal, no CK2 loc key)",Jonavem,new key
dynn_fae_3276,"common/dynasties name (literal, no CK2 loc key)",Tholos,new key
dynn_fae_3277,"common/dynasties name (literal, no CK2 loc key)",Uruk,new key
dynn_fae_3278,"common/dynasties name (literal, no CK2 loc key)",Kissethkashaan,new key
dynn_fae_3279,"common/dynasties name (literal, no CK2 loc key)",Fass,new key
dynn_fae_328,"common/dynasties name (literal, no CK2 loc key)",Iluim,new key
dynn_fae_3280,"common/dynasties name (literal, no CK2 loc key)",Mettir,new key
dynn_fae_3281,"common/dynasties name (literal, no CK2 loc key)",Myir,new key
dynn_fae_3282,"common/dynasties name (literal, no CK2 loc key)",Morvunn,new key
dynn_fae_3283,"common/dynasties name (literal, no CK2 loc key)",Nodolov,new key
dynn_fae_3284,"common/dynasties name (literal, no CK2 loc key)",Bataroi,new key
dynn_fae_3285,"common/dynasties name (literal, no CK2 loc key)",Josan,new key
dynn_fae_3286,"common/dynasties name (literal, no CK2 loc key)",Mortol,new key
dynn_fae_3287,"common/dynasties name (literal, no CK2 loc key)",Moundraiser,new key
dynn_fae_3288,"common/dynasties name (literal, no CK2 loc key)",Venolarion,new key
dynn_fae_3289,"common/dynasties name (literal, no CK2 loc key)",Menorianos,new key
dynn_fae_329,"common/dynasties name (literal, no CK2 loc key)",Starshine,new key
dynn_fae_3290,"common/dynasties name (literal, no CK2 loc key)",Dimort,new key
dynn_fae_3291,"common/dynasties name (literal, no CK2 loc key)",Daltis,new key
dynn_fae_3292,"common/dynasties name (literal, no CK2 loc key)",Ulamandia,new key
dynn_fae_3293,"common/dynasties name (literal, no CK2 loc key)",Woodtreader,new key
dynn_fae_3294,"common/dynasties name (literal, no CK2 loc key)",Calinti,new key
dynn_fae_3295,"common/dynasties name (literal, no CK2 loc key)",Antos,new key
dynn_fae_3296,"common/dynasties name (literal, no CK2 loc key)",Miltar,new key
dynn_fae_3297,"common/dynasties name (literal, no CK2 loc key)",Tauman,new key
dynn_fae_3298,"common/dynasties name (literal, no CK2 loc key)",Emsit,new key
dynn_fae_3299,"common/dynasties name (literal, no CK2 loc key)",Krimosan,new key
dynn_fae_33,"common/dynasties name (literal, no CK2 loc key)",Forgeblaze,new key
dynn_fae_330,"common/dynasties name (literal, no CK2 loc key)",Orcbane,new key
dynn_fae_3300,"common/dynasties name (literal, no CK2 loc key)",Faziir,new key
dynn_fae_3301,"common/dynasties name (literal, no CK2 loc key)",Maerdrym,new key
dynn_fae_3302,"common/dynasties name (literal, no CK2 loc key)",Boughstrong,new key
dynn_fae_3303,"common/dynasties name (literal, no CK2 loc key)",Kevanarial,new key
dynn_fae_3304,"common/dynasties name (literal, no CK2 loc key)",Aendryr,new key
dynn_fae_3305,"common/dynasties name (literal, no CK2 loc key)",Tallpines,new key
dynn_fae_3306,"common/dynasties name (literal, no CK2 loc key)",Moondrop,new key
dynn_fae_3307,"common/dynasties name (literal, no CK2 loc key)",of Mosstone,new key
dynn_fae_3308,"common/dynasties name (literal, no CK2 loc key)",Moonflower,new key
dynn_fae_3309,"common/dynasties name (literal, no CK2 loc key)",Durothil,new key
dynn_fae_331,"common/dynasties name (literal, no CK2 loc key)",Kavren,new key
dynn_fae_3310,"common/dynasties name (literal, no CK2 loc key)",Starcloak,new key
dynn_fae_3311,"common/dynasties name (literal, no CK2 loc key)",Nightmeadow,new key
dynn_fae_3312,"common/dynasties name (literal, no CK2 loc key)",Suldanessellarian,new key
dynn_fae_3313,"common/dynasties name (literal, no CK2 loc key)",Duirsar,new key
dynn_fae_3314,"common/dynasties name (literal, no CK2 loc key)",of Llewyrrwood,new key
dynn_fae_3315,"common/dynasties name (literal, no CK2 loc key)",Rillithar,new key
dynn_fae_3316,"common/dynasties name (literal, no CK2 loc key)",Mistwalker,new key
dynn_fae_3317,"common/dynasties name (literal, no CK2 loc key)",of Thornwood,new key
dynn_fae_3318,"common/dynasties name (literal, no CK2 loc key)",Starmantle,new key
dynn_fae_3319,"common/dynasties name (literal, no CK2 loc key)",Moontear,new key
dynn_fae_332,"common/dynasties name (literal, no CK2 loc key)",Chloracridara,new key
dynn_fae_3320,"common/dynasties name (literal, no CK2 loc key)",Lauratarian,new key
dynn_fae_3321,"common/dynasties name (literal, no CK2 loc key)",Starsilver,new key
dynn_fae_3322,"common/dynasties name (literal, no CK2 loc key)",Strongbow,new key
dynn_fae_3323,"common/dynasties name (literal, no CK2 loc key)",Jaelre,new key
dynn_fae_3324,"common/dynasties name (literal, no CK2 loc key)",Chueth'duis,new key
dynn_fae_3325,"common/dynasties name (literal, no CK2 loc key)",Loviatarian,new key
dynn_fae_3326,"common/dynasties name (literal, no CK2 loc key)",Synnoria,new key
dynn_fae_3327,"common/dynasties name (literal, no CK2 loc key)",Crystalembers,new key
dynn_fae_3328,"common/dynasties name (literal, no CK2 loc key)",Dranneira,new key
dynn_fae_3329,"common/dynasties name (literal, no CK2 loc key)",Truespear,new key
dynn_fae_333,"common/dynasties name (literal, no CK2 loc key)",Skyflower,new key
dynn_fae_3330,"common/dynasties name (literal, no CK2 loc key)",Goldenleaf,new key
dynn_fae_3331,"common/dynasties name (literal, no CK2 loc key)",Brewmaster,new key
dynn_fae_3332,"common/dynasties name (literal, no CK2 loc key)",Shaleel,new key
dynn_fae_3333,"common/dynasties name (literal, no CK2 loc key)",Quil'quien,new key
dynn_fae_3334,"common/dynasties name (literal, no CK2 loc key)",Amalith,new key
dynn_fae_3335,"common/dynasties name (literal, no CK2 loc key)",Braegen,new key
dynn_fae_3336,"common/dynasties name (literal, no CK2 loc key)",Calaudra,new key
dynn_fae_3337,"common/dynasties name (literal, no CK2 loc key)",Eveningfall,new key
dynn_fae_3338,"common/dynasties name (literal, no CK2 loc key)",Laelithar,new key
dynn_fae_3339,"common/dynasties name (literal, no CK2 loc key)",Tarnruth,new key
dynn_fae_334,"common/dynasties name (literal, no CK2 loc key)",of New Empyrea,new key
dynn_fae_3340,"common/dynasties name (literal, no CK2 loc key)",Moondown,new key
dynn_fae_3341,"common/dynasties name (literal, no CK2 loc key)",Marvane,new key
dynn_fae_3342,"common/dynasties name (literal, no CK2 loc key)",Blightluck,new key
dynn_fae_3343,"common/dynasties name (literal, no CK2 loc key)",Darkmoon,new key
dynn_fae_3344,"common/dynasties name (literal, no CK2 loc key)",Aloevan,new key
dynn_fae_3345,"common/dynasties name (literal, no CK2 loc key)",Moonglamaer,new key
dynn_fae_3346,"common/dynasties name (literal, no CK2 loc key)",Venari,new key
dynn_fae_3347,"common/dynasties name (literal, no CK2 loc key)",Starbrow,new key
dynn_fae_3348,"common/dynasties name (literal, no CK2 loc key)",Never,new key
dynn_fae_3349,"common/dynasties name (literal, no CK2 loc key)",Nimesin,new key
dynn_fae_335,"common/dynasties name (literal, no CK2 loc key)",Grimnoshtadrano,new key
dynn_fae_3350,"common/dynasties name (literal, no CK2 loc key)",Miritar,new key
dynn_fae_3351,"common/dynasties name (literal, no CK2 loc key)",Greencloak,new key
dynn_fae_3352,"common/dynasties name (literal, no CK2 loc key)",Arrowhome,new key
dynn_fae_3353,"common/dynasties name (literal, no CK2 loc key)",Trunalor,new key
dynn_fae_3354,"common/dynasties name (literal, no CK2 loc key)",Fendel,new key
dynn_fae_3355,"common/dynasties name (literal, no CK2 loc key)",Teushandor,new key
dynn_fae_3356,"common/dynasties name (literal, no CK2 loc key)",Barandrenor,new key
dynn_fae_3357,"common/dynasties name (literal, no CK2 loc key)",Geial,new key
dynn_fae_3358,"common/dynasties name (literal, no CK2 loc key)",Qual'ien,new key
dynn_fae_3359,"common/dynasties name (literal, no CK2 loc key)",Starquill,new key
dynn_fae_336,"common/dynasties name (literal, no CK2 loc key)",Oakfriend,new key
dynn_fae_3360,"common/dynasties name (literal, no CK2 loc key)",Thaeral,new key
dynn_fae_3361,"common/dynasties name (literal, no CK2 loc key)",Vil Adanrath,new key
dynn_fae_3362,"common/dynasties name (literal, no CK2 loc key)",Treeheart,new key
dynn_fae_3363,"common/dynasties name (literal, no CK2 loc key)",Imesfor,new key
dynn_fae_3364,"common/dynasties name (literal, no CK2 loc key)",Tindralor,new key
dynn_fae_3365,"common/dynasties name (literal, no CK2 loc key)",Firewine,new key
dynn_fae_3366,"common/dynasties name (literal, no CK2 loc key)",Gladerunner,new key
dynn_fae_3368,"common/dynasties name (literal, no CK2 loc key)",Maraphiir,new key
dynn_fae_3369,"common/dynasties name (literal, no CK2 loc key)",Sarynnryllar,new key
dynn_fae_337,"common/dynasties name (literal, no CK2 loc key)",Hoofmight,new key
dynn_fae_3370,"common/dynasties name (literal, no CK2 loc key)",Irithyl,new key
dynn_fae_3371,"common/dynasties name (literal, no CK2 loc key)",Idranni,new key
dynn_fae_3372,"common/dynasties name (literal, no CK2 loc key)",Narthil,new key
dynn_fae_3373,"common/dynasties name (literal, no CK2 loc key)",Brighthome,new key
dynn_fae_3374,"common/dynasties name (literal, no CK2 loc key)",Sundarim,new key
dynn_fae_3375,"common/dynasties name (literal, no CK2 loc key)",Severalior,new key
dynn_fae_3376,"common/dynasties name (literal, no CK2 loc key)",Clorian,new key
dynn_fae_3377,"common/dynasties name (literal, no CK2 loc key)",Treekin,new key
dynn_fae_3378,"common/dynasties name (literal, no CK2 loc key)",Ulondarr,new key
dynn_fae_3379,"common/dynasties name (literal, no CK2 loc key)",Featherfall,new key
dynn_fae_338,"common/dynasties name (literal, no CK2 loc key)",Wormtongue,new key
dynn_fae_3380,"common/dynasties name (literal, no CK2 loc key)",Shadowmantle,new key
dynn_fae_3381,"common/dynasties name (literal, no CK2 loc key)",Bramblethorn,new key
dynn_fae_3382,"common/dynasties name (literal, no CK2 loc key)",Floshin,new key
dynn_fae_3383,"common/dynasties name (literal, no CK2 loc key)",Sunbright,new key
dynn_fae_3384,"common/dynasties name (literal, no CK2 loc key)",Cerinlar,new key
dynn_fae_3385,"common/dynasties name (literal, no CK2 loc key)",Alastrarra,new key
dynn_fae_3386,"common/dynasties name (literal, no CK2 loc key)",Raltara,new key
dynn_fae_3387,"common/dynasties name (literal, no CK2 loc key)",Teshurr,new key
dynn_fae_3388,"common/dynasties name (literal, no CK2 loc key)",Amethen,new key
dynn_fae_3389,"common/dynasties name (literal, no CK2 loc key)",Haluen,new key
dynn_fae_339,"common/dynasties name (literal, no CK2 loc key)",Astalor,new key
dynn_fae_3390,"common/dynasties name (literal, no CK2 loc key)",Falereth,new key
dynn_fae_3391,"common/dynasties name (literal, no CK2 loc key)",Siluvanedenn,new key
dynn_fae_3392,"common/dynasties name (literal, no CK2 loc key)",Silverspire,new key
dynn_fae_3393,"common/dynasties name (literal, no CK2 loc key)",Torandrar,new key
dynn_fae_3394,"common/dynasties name (literal, no CK2 loc key)",Mrauthae,new key
dynn_fae_3395,"common/dynasties name (literal, no CK2 loc key)",Seamist,new key
dynn_fae_3396,"common/dynasties name (literal, no CK2 loc key)",Melruth,new key
dynn_fae_3397,"common/dynasties name (literal, no CK2 loc key)",Starym,new key
dynn_fae_3398,"common/dynasties name (literal, no CK2 loc key)",Hai Sylvar,new key
dynn_fae_3399,"common/dynasties name (literal, no CK2 loc key)",Farlong,new key
dynn_fae_34,"common/dynasties name (literal, no CK2 loc key)",Moander,new key
dynn_fae_340,"common/dynasties name (literal, no CK2 loc key)",Goodfellow,new key
dynn_fae_3400,"common/dynasties name (literal, no CK2 loc key)",Rhaevaern,new key
dynn_fae_3401,"common/dynasties name (literal, no CK2 loc key)",Kaeth,new key
dynn_fae_3402,"common/dynasties name (literal, no CK2 loc key)",Auondril,new key
dynn_fae_3403,"common/dynasties name (literal, no CK2 loc key)",Uoswiir,new key
dynn_fae_3404,"common/dynasties name (literal, no CK2 loc key)",Hawksong,new key
dynn_fae_3405,"common/dynasties name (literal, no CK2 loc key)",Gadaf,new key
dynn_fae_3406,"common/dynasties name (literal, no CK2 loc key)",Waverunner,new key
dynn_fae_3407,"common/dynasties name (literal, no CK2 loc key)",Saribat,new key
dynn_fae_3408,"common/dynasties name (literal, no CK2 loc key)",Imothan,new key
dynn_fae_3409,"common/dynasties name (literal, no CK2 loc key)",Moren,new key
dynn_fae_341,"common/dynasties name (literal, no CK2 loc key)",Dornen,new key
dynn_fae_3410,"common/dynasties name (literal, no CK2 loc key)",Metton,new key
dynn_fae_3411,"common/dynasties name (literal, no CK2 loc key)",Batlyn,new key
dynn_fae_3412,"common/dynasties name (literal, no CK2 loc key)",Ossofario,new key
dynn_fae_3413,"common/dynasties name (literal, no CK2 loc key)",Aeleos,new key
dynn_fae_3415,"common/dynasties name (literal, no CK2 loc key)",Azzameen,new key
dynn_fae_3416,"common/dynasties name (literal, no CK2 loc key)",Irivon,new key
dynn_fae_3417,"common/dynasties name (literal, no CK2 loc key)",Khamun,new key
dynn_fae_3418,"common/dynasties name (literal, no CK2 loc key)",Hapset,new key
dynn_fae_3419,"common/dynasties name (literal, no CK2 loc key)",Favioli,new key
dynn_fae_342,"common/dynasties name (literal, no CK2 loc key)",Ornra,new key
dynn_fae_3420,"common/dynasties name (literal, no CK2 loc key)",Nefzam,new key
dynn_fae_3421,"common/dynasties name (literal, no CK2 loc key)",Phologus,new key
dynn_fae_3422,"common/dynasties name (literal, no CK2 loc key)",Marivel,new key
dynn_fae_3423,"common/dynasties name (literal, no CK2 loc key)",Emigan,new key
dynn_fae_3424,"common/dynasties name (literal, no CK2 loc key)",Famat,new key
dynn_fae_3425,"common/dynasties name (literal, no CK2 loc key)",Saraf,new key
dynn_fae_3426,"common/dynasties name (literal, no CK2 loc key)",Amanra,new key
dynn_fae_3427,"common/dynasties name (literal, no CK2 loc key)",Mekset,new key
dynn_fae_3428,"common/dynasties name (literal, no CK2 loc key)",Vahnatai,new key
dynn_fae_3429,"common/dynasties name (literal, no CK2 loc key)",Olvandir,new key
dynn_fae_343,"common/dynasties name (literal, no CK2 loc key)",Umbralax,new key
dynn_fae_344,"common/dynasties name (literal, no CK2 loc key)",Horn,new key
dynn_fae_345,"common/dynasties name (literal, no CK2 loc key)",Cassalanter,new key
dynn_fae_3450,"common/dynasties name (literal, no CK2 loc key)",Colban,new key
dynn_fae_3451,"common/dynasties name (literal, no CK2 loc key)",Daruda,new key
dynn_fae_3452,"common/dynasties name (literal, no CK2 loc key)",Ulatekh,new key
dynn_fae_3453,"common/dynasties name (literal, no CK2 loc key)",Kemvit,new key
dynn_fae_3454,"common/dynasties name (literal, no CK2 loc key)",Sassan,new key
dynn_fae_3455,"common/dynasties name (literal, no CK2 loc key)",Marut,new key
dynn_fae_3456,"common/dynasties name (literal, no CK2 loc key)",Salm,new key
dynn_fae_3457,"common/dynasties name (literal, no CK2 loc key)",Theokillos,new key
dynn_fae_3458,"common/dynasties name (literal, no CK2 loc key)",Prostagma,new key
dynn_fae_3459,"common/dynasties name (literal, no CK2 loc key)",Beirello,new key
dynn_fae_346,"common/dynasties name (literal, no CK2 loc key)",Vantur,new key
dynn_fae_3460,"common/dynasties name (literal, no CK2 loc key)",Atriesh,new key
dynn_fae_3461,"common/dynasties name (literal, no CK2 loc key)",Azara,new key
dynn_fae_3462,"common/dynasties name (literal, no CK2 loc key)",Kolura,new key
dynn_fae_3463,"common/dynasties name (literal, no CK2 loc key)",Mazda,new key
dynn_fae_3464,"common/dynasties name (literal, no CK2 loc key)",Solvit,new key
dynn_fae_3465,"common/dynasties name (literal, no CK2 loc key)",Ptolos,new key
dynn_fae_3466,"common/dynasties name (literal, no CK2 loc key)",Sarifas,new key
dynn_fae_3467,"common/dynasties name (literal, no CK2 loc key)",Gargarensis,new key
dynn_fae_3468,"common/dynasties name (literal, no CK2 loc key)",Lorahana,new key
dynn_fae_3469,"common/dynasties name (literal, no CK2 loc key)",Dolstatep,new key
dynn_fae_347,"common/dynasties name (literal, no CK2 loc key)",Grok,new key
dynn_fae_3470,"common/dynasties name (literal, no CK2 loc key)",Wadjet,new key
dynn_fae_3471,"common/dynasties name (literal, no CK2 loc key)",Sekkh,new key
dynn_fae_3472,"common/dynasties name (literal, no CK2 loc key)",Marek,new key
dynn_fae_3473,"common/dynasties name (literal, no CK2 loc key)",Sareth,new key
dynn_fae_3474,"common/dynasties name (literal, no CK2 loc key)",Farius,new key
dynn_fae_3475,"common/dynasties name (literal, no CK2 loc key)",Kesser,new key
dynn_fae_3476,"common/dynasties name (literal, no CK2 loc key)",Massagos,new key
dynn_fae_3477,"common/dynasties name (literal, no CK2 loc key)",Arkanus,new key
dynn_fae_3478,"common/dynasties name (literal, no CK2 loc key)",Golarius,new key
dynn_fae_3479,"common/dynasties name (literal, no CK2 loc key)",Costonos,new key
dynn_fae_348,"common/dynasties name (literal, no CK2 loc key)",Nasdal,new key
dynn_fae_3480,"common/dynasties name (literal, no CK2 loc key)",Nirokus,new key
dynn_fae_3481,"common/dynasties name (literal, no CK2 loc key)",Dralas,new key
dynn_fae_3482,"common/dynasties name (literal, no CK2 loc key)",Amog,new key
dynn_fae_3483,"common/dynasties name (literal, no CK2 loc key)",Nihil,new key
dynn_fae_3484,"common/dynasties name (literal, no CK2 loc key)",Garbithos,new key
dynn_fae_3485,"common/dynasties name (literal, no CK2 loc key)",Vatash,new key
dynn_fae_3486,"common/dynasties name (literal, no CK2 loc key)",Ordos,new key
dynn_fae_3487,"common/dynasties name (literal, no CK2 loc key)",Dexoroi,new key
dynn_fae_3488,"common/dynasties name (literal, no CK2 loc key)",Vadrigar,new key
dynn_fae_3489,"common/dynasties name (literal, no CK2 loc key)",Sakar,new key
dynn_fae_349,"common/dynasties name (literal, no CK2 loc key)",Easting,new key
dynn_fae_3490,"common/dynasties name (literal, no CK2 loc key)",Baltreyo,new key
dynn_fae_3491,"common/dynasties name (literal, no CK2 loc key)",Braytec,new key
dynn_fae_3492,"common/dynasties name (literal, no CK2 loc key)",Sethrakt,new key
dynn_fae_3493,"common/dynasties name (literal, no CK2 loc key)",Haphrat,new key
dynn_fae_3494,"common/dynasties name (literal, no CK2 loc key)",Ashmajiir,new key
dynn_fae_3495,"common/dynasties name (literal, no CK2 loc key)",Felathan,new key
dynn_fae_3496,"common/dynasties name (literal, no CK2 loc key)",Dagryn,new key
dynn_fae_3497,"common/dynasties name (literal, no CK2 loc key)",Avhoste,new key
dynn_fae_3498,"common/dynasties name (literal, no CK2 loc key)",Havarian,new key
dynn_fae_3499,"common/dynasties name (literal, no CK2 loc key)",Farros,new key
dynn_fae_35,"common/dynasties name (literal, no CK2 loc key)",Ealoeth,new key
dynn_fae_350,"common/dynasties name (literal, no CK2 loc key)",Haug,new key
dynn_fae_3500,"common/dynasties name (literal, no CK2 loc key)",Kasti,new key
dynn_fae_3501,"common/dynasties name (literal, no CK2 loc key)",Calka,new key
dynn_fae_3502,"common/dynasties name (literal, no CK2 loc key)",Arargila,new key
dynn_fae_3503,"common/dynasties name (literal, no CK2 loc key)",Sevala,new key
dynn_fae_3504,"common/dynasties name (literal, no CK2 loc key)",Arddi,new key
dynn_fae_3505,"common/dynasties name (literal, no CK2 loc key)",Mur,new key
dynn_fae_3506,"common/dynasties name (literal, no CK2 loc key)",Rerur,new key
dynn_fae_3507,"common/dynasties name (literal, no CK2 loc key)",Apanata,new key
dynn_fae_3508,"common/dynasties name (literal, no CK2 loc key)",Dimengaderu,new key
dynn_fae_3509,"common/dynasties name (literal, no CK2 loc key)",Xalande,new key
dynn_fae_351,"common/dynasties name (literal, no CK2 loc key)",Gutgorger,new key
dynn_fae_3510,"common/dynasties name (literal, no CK2 loc key)",Benanar,new key
dynn_fae_3511,"common/dynasties name (literal, no CK2 loc key)",Areku,new key
dynn_fae_3512,"common/dynasties name (literal, no CK2 loc key)",Mamuwa,new key
dynn_fae_3513,"common/dynasties name (literal, no CK2 loc key)",Arsan,new key
dynn_fae_3514,"common/dynasties name (literal, no CK2 loc key)",Asarhind,new key
dynn_fae_3515,"common/dynasties name (literal, no CK2 loc key)",Andadi,new key
dynn_fae_3516,"common/dynasties name (literal, no CK2 loc key)",Calass,new key
dynn_fae_3517,"common/dynasties name (literal, no CK2 loc key)",Zatala,new key
dynn_fae_3518,"common/dynasties name (literal, no CK2 loc key)",Walan,new key
dynn_fae_3519,"common/dynasties name (literal, no CK2 loc key)",Hewana,new key
dynn_fae_352,"common/dynasties name (literal, no CK2 loc key)",Rundil,new key
dynn_fae_3520,"common/dynasties name (literal, no CK2 loc key)",Puwam,new key
dynn_fae_3521,"common/dynasties name (literal, no CK2 loc key)",Cazili,new key
dynn_fae_3522,"common/dynasties name (literal, no CK2 loc key)",Dirikem,new key
dynn_fae_3523,"common/dynasties name (literal, no CK2 loc key)",Havila,new key
dynn_fae_3524,"common/dynasties name (literal, no CK2 loc key)",Niyarskana,new key
dynn_fae_3525,"common/dynasties name (literal, no CK2 loc key)",Hersovan,new key
dynn_fae_3526,"common/dynasties name (literal, no CK2 loc key)",Kanilk,new key
dynn_fae_3527,"common/dynasties name (literal, no CK2 loc key)",Reyakale,new key
dynn_fae_3528,"common/dynasties name (literal, no CK2 loc key)",Lezare,new key
dynn_fae_3529,"common/dynasties name (literal, no CK2 loc key)",Wararv,new key
dynn_fae_353,"common/dynasties name (literal, no CK2 loc key)",Sikrata,new key
dynn_fae_3530,"common/dynasties name (literal, no CK2 loc key)",Bengil,new key
dynn_fae_3531,"common/dynasties name (literal, no CK2 loc key)",Pumil,new key
dynn_fae_3532,"common/dynasties name (literal, no CK2 loc key)",Laniya,new key
dynn_fae_3533,"common/dynasties name (literal, no CK2 loc key)",Humazk,new key
dynn_fae_3534,"common/dynasties name (literal, no CK2 loc key)",Pati,new key
dynn_fae_3535,"common/dynasties name (literal, no CK2 loc key)",Hewati,new key
dynn_fae_3536,"common/dynasties name (literal, no CK2 loc key)",Zupanit,new key
dynn_fae_3537,"common/dynasties name (literal, no CK2 loc key)",Sas,new key
dynn_fae_3538,"common/dynasties name (literal, no CK2 loc key)",Kazir,new key
dynn_fae_3539,"common/dynasties name (literal, no CK2 loc key)",Antind,new key
dynn_fae_354,"common/dynasties name (literal, no CK2 loc key)",Gamon,new key
dynn_fae_3540,"common/dynasties name (literal, no CK2 loc key)",Manil,new key
dynn_fae_3541,"common/dynasties name (literal, no CK2 loc key)",Diyamil,new key
dynn_fae_3542,"common/dynasties name (literal, no CK2 loc key)",Hanani,new key
dynn_fae_3543,"common/dynasties name (literal, no CK2 loc key)",Berdurda,new key
dynn_fae_3544,"common/dynasties name (literal, no CK2 loc key)",Apadd,new key
dynn_fae_3545,"common/dynasties name (literal, no CK2 loc key)",Pande,new key
dynn_fae_3546,"common/dynasties name (literal, no CK2 loc key)",Rezil,new key
dynn_fae_3547,"common/dynasties name (literal, no CK2 loc key)",Yeniwa,new key
dynn_fae_3548,"common/dynasties name (literal, no CK2 loc key)",Wazan,new key
dynn_fae_3549,"common/dynasties name (literal, no CK2 loc key)",Herma,new key
dynn_fae_355,"common/dynasties name (literal, no CK2 loc key)",Rustmaul,new key
dynn_fae_3550,"common/dynasties name (literal, no CK2 loc key)",Dilipandew,new key
dynn_fae_3551,"common/dynasties name (literal, no CK2 loc key)",Harst,new key
dynn_fae_3552,"common/dynasties name (literal, no CK2 loc key)",Selili,new key
dynn_fae_3553,"common/dynasties name (literal, no CK2 loc key)",Arirgila,new key
dynn_fae_3554,"common/dynasties name (literal, no CK2 loc key)",Kara,new key
dynn_fae_3555,"common/dynasties name (literal, no CK2 loc key)",Hanarm,new key
dynn_fae_3556,"common/dynasties name (literal, no CK2 loc key)",Xorjdoskoj,new key
dynn_fae_3557,"common/dynasties name (literal, no CK2 loc key)",Japaze,new key
dynn_fae_3558,"common/dynasties name (literal, no CK2 loc key)",Amubari,new key
dynn_fae_3559,"common/dynasties name (literal, no CK2 loc key)",Taramm,new key
dynn_fae_356,"common/dynasties name (literal, no CK2 loc key)",Danglor,new key
dynn_fae_3560,"common/dynasties name (literal, no CK2 loc key)",Sapaliyar,new key
dynn_fae_3561,"common/dynasties name (literal, no CK2 loc key)",Beyas,new key
dynn_fae_3562,"common/dynasties name (literal, no CK2 loc key)",Xovang,new key
dynn_fae_3563,"common/dynasties name (literal, no CK2 loc key)",Gozaz,new key
dynn_fae_3564,"common/dynasties name (literal, no CK2 loc key)",Dinir,new key
dynn_fae_3565,"common/dynasties name (literal, no CK2 loc key)",Bendaz,new key
dynn_fae_3566,"common/dynasties name (literal, no CK2 loc key)",Hanili,new key
dynn_fae_3567,"common/dynasties name (literal, no CK2 loc key)",Rerd,new key
dynn_fae_3568,"common/dynasties name (literal, no CK2 loc key)",Apangaziy,new key
dynn_fae_3569,"common/dynasties name (literal, no CK2 loc key)",Arvali,new key
dynn_fae_357,"common/dynasties name (literal, no CK2 loc key)",Moonfire,new key
dynn_fae_3570,"common/dynasties name (literal, no CK2 loc key)",Puwanilar,new key
dynn_fae_3571,"common/dynasties name (literal, no CK2 loc key)",Pargen,new key
dynn_fae_3572,"common/dynasties name (literal, no CK2 loc key)",Diyap,new key
dynn_fae_3573,"common/dynasties name (literal, no CK2 loc key)",Rernar,new key
dynn_fae_3574,"common/dynasties name (literal, no CK2 loc key)",Kwavi,new key
dynn_fae_3575,"common/dynasties name (literal, no CK2 loc key)",Tavezi,new key
dynn_fae_3576,"common/dynasties name (literal, no CK2 loc key)",Apata,new key
dynn_fae_3577,"common/dynasties name (literal, no CK2 loc key)",Bergim,new key
dynn_fae_3578,"common/dynasties name (literal, no CK2 loc key)",Waskini,new key
dynn_fae_3579,"common/dynasties name (literal, no CK2 loc key)",Guwas,new key
dynn_fae_358,"common/dynasties name (literal, no CK2 loc key)",Zazrek,new key
dynn_fae_3580,"common/dynasties name (literal, no CK2 loc key)",Ardal,new key
dynn_fae_3581,"common/dynasties name (literal, no CK2 loc key)",Hana,new key
dynn_fae_3582,"common/dynasties name (literal, no CK2 loc key)",Bevitand,new key
dynn_fae_3583,"common/dynasties name (literal, no CK2 loc key)",Manali,new key
dynn_fae_3584,"common/dynasties name (literal, no CK2 loc key)",Beran,new key
dynn_fae_3585,"common/dynasties name (literal, no CK2 loc key)",Zarare,new key
dynn_fae_3586,"common/dynasties name (literal, no CK2 loc key)",Zapiya,new key
dynn_fae_3587,"common/dynasties name (literal, no CK2 loc key)",Koni,new key
dynn_fae_3588,"common/dynasties name (literal, no CK2 loc key)",Sirart,new key
dynn_fae_3589,"common/dynasties name (literal, no CK2 loc key)",Bartals,new key
dynn_fae_359,"common/dynasties name (literal, no CK2 loc key)",Skodkong,new key
dynn_fae_3590,"common/dynasties name (literal, no CK2 loc key)",Arazar,new key
dynn_fae_3591,"common/dynasties name (literal, no CK2 loc key)",Bewan,new key
dynn_fae_3592,"common/dynasties name (literal, no CK2 loc key)",Reya,new key
dynn_fae_3593,"common/dynasties name (literal, no CK2 loc key)",Meziya,new key
dynn_fae_3594,"common/dynasties name (literal, no CK2 loc key)",Kevza,new key
dynn_fae_3595,"common/dynasties name (literal, no CK2 loc key)",Dinas,new key
dynn_fae_3596,"common/dynasties name (literal, no CK2 loc key)",Bezar,new key
dynn_fae_3597,"common/dynasties name (literal, no CK2 loc key)",Reng,new key
dynn_fae_3598,"common/dynasties name (literal, no CK2 loc key)",Heya,new key
dynn_fae_3599,"common/dynasties name (literal, no CK2 loc key)",Leniya,new key
dynn_fae_36,"common/dynasties name (literal, no CK2 loc key)",Aelorothi,new key
dynn_fae_360,"common/dynasties name (literal, no CK2 loc key)",Draunnar,new key
dynn_fae_3600,"common/dynasties name (literal, no CK2 loc key)",Diyar,new key
dynn_fae_3601,"common/dynasties name (literal, no CK2 loc key)",Tandar,new key
dynn_fae_3602,"common/dynasties name (literal, no CK2 loc key)",Dilantan,new key
dynn_fae_3603,"common/dynasties name (literal, no CK2 loc key)",Paliliy,new key
dynn_fae_3604,"common/dynasties name (literal, no CK2 loc key)",Kekiy,new key
dynn_fae_3605,"common/dynasties name (literal, no CK2 loc key)",Balamu,new key
dynn_fae_3606,"common/dynasties name (literal, no CK2 loc key)",Dengi,new key
dynn_fae_3607,"common/dynasties name (literal, no CK2 loc key)",Manarsu,new key
dynn_fae_3608,"common/dynasties name (literal, no CK2 loc key)",Hewas,new key
dynn_fae_3609,"common/dynasties name (literal, no CK2 loc key)",Ciyatazitil,new key
dynn_fae_361,"common/dynasties name (literal, no CK2 loc key)",Labran,new key
dynn_fae_3610,"common/dynasties name (literal, no CK2 loc key)",Xeziy,new key
dynn_fae_3611,"common/dynasties name (literal, no CK2 loc key)",Mulgaz,new key
dynn_fae_3612,"common/dynasties name (literal, no CK2 loc key)",Guwan,new key
dynn_fae_3613,"common/dynasties name (literal, no CK2 loc key)",Aruza,new key
dynn_fae_3614,"common/dynasties name (literal, no CK2 loc key)",Denddo,new key
dynn_fae_3615,"common/dynasties name (literal, no CK2 loc key)",Wasku,new key
dynn_fae_3616,"common/dynasties name (literal, no CK2 loc key)",Halat,new key
dynn_fae_3617,"common/dynasties name (literal, no CK2 loc key)",Guhis,new key
dynn_fae_3618,"common/dynasties name (literal, no CK2 loc key)",Bezardu,new key
dynn_fae_3619,"common/dynasties name (literal, no CK2 loc key)",Armas,new key
dynn_fae_362,"common/dynasties name (literal, no CK2 loc key)",Zann,new key
dynn_fae_3620,"common/dynasties name (literal, no CK2 loc key)",Xovew,new key
dynn_fae_3621,"common/dynasties name (literal, no CK2 loc key)",Asugil,new key
dynn_fae_3622,"common/dynasties name (literal, no CK2 loc key)",Dilg,new key
dynn_fae_3623,"common/dynasties name (literal, no CK2 loc key)",Yewasa,new key
dynn_fae_3624,"common/dynasties name (literal, no CK2 loc key)",Kejerapu,new key
dynn_fae_3625,"common/dynasties name (literal, no CK2 loc key)",Amekuw,new key
dynn_fae_3626,"common/dynasties name (literal, no CK2 loc key)",Dihipa,new key
dynn_fae_3627,"common/dynasties name (literal, no CK2 loc key)",Serd,new key
dynn_fae_3628,"common/dynasties name (literal, no CK2 loc key)",Hanaz,new key
dynn_fae_3629,"common/dynasties name (literal, no CK2 loc key)",Barati,new key
dynn_fae_363,"common/dynasties name (literal, no CK2 loc key)",Graycrag,new key
dynn_fae_3630,"common/dynasties name (literal, no CK2 loc key)",Gupasniya,new key
dynn_fae_3631,"common/dynasties name (literal, no CK2 loc key)",Hatni,new key
dynn_fae_3632,"common/dynasties name (literal, no CK2 loc key)",Rerda,new key
dynn_fae_3633,"common/dynasties name (literal, no CK2 loc key)",Zalanz,new key
dynn_fae_3634,"common/dynasties name (literal, no CK2 loc key)",Hendeh,new key
dynn_fae_3635,"common/dynasties name (literal, no CK2 loc key)",Garga,new key
dynn_fae_3636,"common/dynasties name (literal, no CK2 loc key)",Angina,new key
dynn_fae_3637,"common/dynasties name (literal, no CK2 loc key)",Bende,new key
dynn_fae_3638,"common/dynasties name (literal, no CK2 loc key)",Bashi,new key
dynn_fae_3639,"common/dynasties name (literal, no CK2 loc key)",Kanta,new key
dynn_fae_364,"common/dynasties name (literal, no CK2 loc key)",Strongfist,new key
dynn_fae_3640,"common/dynasties name (literal, no CK2 loc key)",Sama,new key
dynn_fae_3641,"common/dynasties name (literal, no CK2 loc key)",Yena,new key
dynn_fae_3642,"common/dynasties name (literal, no CK2 loc key)",Rezil,new key
dynn_fae_3643,"common/dynasties name (literal, no CK2 loc key)",Hastir,new key
dynn_fae_3644,"common/dynasties name (literal, no CK2 loc key)",Argangij,new key
dynn_fae_3645,"common/dynasties name (literal, no CK2 loc key)",Dilav,new key
dynn_fae_3646,"common/dynasties name (literal, no CK2 loc key)",Kwavaz,new key
dynn_fae_3647,"common/dynasties name (literal, no CK2 loc key)",Hesta,new key
dynn_fae_3648,"common/dynasties name (literal, no CK2 loc key)",Tiwakuw,new key
dynn_fae_3649,"common/dynasties name (literal, no CK2 loc key)",Kojbey,new key
dynn_fae_365,"common/dynasties name (literal, no CK2 loc key)",Gatefast,new key
dynn_fae_3650,"common/dynasties name (literal, no CK2 loc key)",Sarat,new key
dynn_fae_3651,"common/dynasties name (literal, no CK2 loc key)",Thal,new key
dynn_fae_3652,"common/dynasties name (literal, no CK2 loc key)",Vrael,new key
dynn_fae_3653,"common/dynasties name (literal, no CK2 loc key)",Shezim,new key
dynn_fae_3654,"common/dynasties name (literal, no CK2 loc key)",Malkion,new key
dynn_fae_3655,"common/dynasties name (literal, no CK2 loc key)",Fzasl,new key
dynn_fae_3656,"common/dynasties name (literal, no CK2 loc key)",Carh,new key
dynn_fae_3657,"common/dynasties name (literal, no CK2 loc key)",Tochar,new key
dynn_fae_3658,"common/dynasties name (literal, no CK2 loc key)",Farez,new key
dynn_fae_3659,"common/dynasties name (literal, no CK2 loc key)",Kolchios,new key
dynn_fae_366,"common/dynasties name (literal, no CK2 loc key)",Darnell,new key
dynn_fae_3660,"common/dynasties name (literal, no CK2 loc key)",Gratolos,new key
dynn_fae_3661,"common/dynasties name (literal, no CK2 loc key)",Mortuus,new key
dynn_fae_3662,"common/dynasties name (literal, no CK2 loc key)",Locolos,new key
dynn_fae_3663,"common/dynasties name (literal, no CK2 loc key)",Iocol,new key
dynn_fae_3664,"common/dynasties name (literal, no CK2 loc key)",Molocai,new key
dynn_fae_3665,"common/dynasties name (literal, no CK2 loc key)",Elbanzur,new key
dynn_fae_3666,"common/dynasties name (literal, no CK2 loc key)",Trozen,new key
dynn_fae_3667,"common/dynasties name (literal, no CK2 loc key)",Horass,new key
dynn_fae_3668,"common/dynasties name (literal, no CK2 loc key)",Morokai,new key
dynn_fae_3669,"common/dynasties name (literal, no CK2 loc key)",Laziril,new key
dynn_fae_367,"common/dynasties name (literal, no CK2 loc key)",Beykal,new key
dynn_fae_3670,"common/dynasties name (literal, no CK2 loc key)",Gartolus,new key
dynn_fae_3671,"common/dynasties name (literal, no CK2 loc key)",Trobolos,new key
dynn_fae_3672,"common/dynasties name (literal, no CK2 loc key)",Mecatep,new key
dynn_fae_3673,"common/dynasties name (literal, no CK2 loc key)",Belwas,new key
dynn_fae_3674,"common/dynasties name (literal, no CK2 loc key)",Khatep,new key
dynn_fae_3675,"common/dynasties name (literal, no CK2 loc key)",Morsepsut,new key
dynn_fae_3676,"common/dynasties name (literal, no CK2 loc key)",Solsonoi,new key
dynn_fae_3677,"common/dynasties name (literal, no CK2 loc key)",Sepset,new key
dynn_fae_3678,"common/dynasties name (literal, no CK2 loc key)",Amunek,new key
dynn_fae_3679,"common/dynasties name (literal, no CK2 loc key)",Rukh,new key
dynn_fae_368,"common/dynasties name (literal, no CK2 loc key)",Laso,new key
dynn_fae_3680,"common/dynasties name (literal, no CK2 loc key)",Tomor,new key
dynn_fae_3681,"common/dynasties name (literal, no CK2 loc key)",Oganao,new key
dynn_fae_3682,"common/dynasties name (literal, no CK2 loc key)",Iskravit,new key
dynn_fae_3683,"common/dynasties name (literal, no CK2 loc key)",Nurad,new key
dynn_fae_3684,"common/dynasties name (literal, no CK2 loc key)",Gitanj,new key
dynn_fae_3685,"common/dynasties name (literal, no CK2 loc key)",Srather,new key
dynn_fae_3686,"common/dynasties name (literal, no CK2 loc key)",Pavranit,new key
dynn_fae_3687,"common/dynasties name (literal, no CK2 loc key)",Zravar,new key
dynn_fae_3688,"common/dynasties name (literal, no CK2 loc key)",Shalai,new key
dynn_fae_3689,"common/dynasties name (literal, no CK2 loc key)",Marblon,new key
dynn_fae_369,"common/dynasties name (literal, no CK2 loc key)",Mazvar,new key
dynn_fae_3690,"common/dynasties name (literal, no CK2 loc key)",Sulakim,new key
dynn_fae_3691,"common/dynasties name (literal, no CK2 loc key)",Arenito,new key
dynn_fae_3692,"common/dynasties name (literal, no CK2 loc key)",Iqshyol,new key
dynn_fae_3693,"common/dynasties name (literal, no CK2 loc key)",Zton,new key
dynn_fae_3694,"common/dynasties name (literal, no CK2 loc key)",Mka'kich'lit,new key
dynn_fae_3695,"common/dynasties name (literal, no CK2 loc key)",al-Haikk,new key
dynn_fae_3696,"common/dynasties name (literal, no CK2 loc key)",Serocc,new key
dynn_fae_3697,"common/dynasties name (literal, no CK2 loc key)",Sandeye,new key
dynn_fae_3698,"common/dynasties name (literal, no CK2 loc key)",Emberborn,new key
dynn_fae_3699,"common/dynasties name (literal, no CK2 loc key)",Alefiilan,new key
dynn_fae_37,"common/dynasties name (literal, no CK2 loc key)",Scalesinger,new key
dynn_fae_370,"common/dynasties name (literal, no CK2 loc key)",Orogoth,new key
dynn_fae_3700,"common/dynasties name (literal, no CK2 loc key)",Heartwood,new key
dynn_fae_3701,"common/dynasties name (literal, no CK2 loc key)",Tenfeather,new key
dynn_fae_3702,"common/dynasties name (literal, no CK2 loc key)",Thunderer,new key
dynn_fae_3703,"common/dynasties name (literal, no CK2 loc key)",Tenstone,new key
dynn_fae_3704,"common/dynasties name (literal, no CK2 loc key)",Tenfeather,new key
dynn_fae_3705,"common/dynasties name (literal, no CK2 loc key)",Bonesnapper,new key
dynn_fae_3706,"common/dynasties name (literal, no CK2 loc key)",Longfang,new key
dynn_fae_3707,"common/dynasties name (literal, no CK2 loc key)",Wolf-Slayer,new key
dynn_fae_3708,"common/dynasties name (literal, no CK2 loc key)",Brontoskin,new key
dynn_fae_3709,"common/dynasties name (literal, no CK2 loc key)",Wolfkiller,new key
dynn_fae_371,"common/dynasties name (literal, no CK2 loc key)",Vilholin,new key
dynn_fae_3710,"common/dynasties name (literal, no CK2 loc key)",High-Eye,new key
dynn_fae_3711,"common/dynasties name (literal, no CK2 loc key)",Hagara,new key
dynn_fae_3712,"common/dynasties name (literal, no CK2 loc key)",Onehand,new key
dynn_fae_3713,"common/dynasties name (literal, no CK2 loc key)",Blackmane,new key
dynn_fae_3714,"common/dynasties name (literal, no CK2 loc key)",Grunald,new key
dynn_fae_3715,"common/dynasties name (literal, no CK2 loc key)",Wanderer,new key
dynn_fae_3716,"common/dynasties name (literal, no CK2 loc key)",Greenteeth,new key
dynn_fae_3717,"common/dynasties name (literal, no CK2 loc key)",Talistars,new key
dynn_fae_3718,"common/dynasties name (literal, no CK2 loc key)",Swiftwings,new key
dynn_fae_3719,"common/dynasties name (literal, no CK2 loc key)",Stormgatherer,new key
dynn_fae_372,"common/dynasties name (literal, no CK2 loc key)",Sjachmalsvir,new key
dynn_fae_3720,"common/dynasties name (literal, no CK2 loc key)",Garinen,new key
dynn_fae_3721,"common/dynasties name (literal, no CK2 loc key)",Seventoes,new key
dynn_fae_3722,"common/dynasties name (literal, no CK2 loc key)",Heartflow,new key
dynn_fae_3723,"common/dynasties name (literal, no CK2 loc key)",Longtooth,new key
dynn_fae_3724,"common/dynasties name (literal, no CK2 loc key)",Ghostheart,new key
dynn_fae_3725,"common/dynasties name (literal, no CK2 loc key)",Long-Throw,new key
dynn_fae_3726,"common/dynasties name (literal, no CK2 loc key)",Tigris,new key
dynn_fae_3727,"common/dynasties name (literal, no CK2 loc key)",Eaglewing,new key
dynn_fae_3728,"common/dynasties name (literal, no CK2 loc key)",Bloodaxe,new key
dynn_fae_3729,"common/dynasties name (literal, no CK2 loc key)",Runeclaw,new key
dynn_fae_373,"common/dynasties name (literal, no CK2 loc key)",Warforge,new key
dynn_fae_3730,"common/dynasties name (literal, no CK2 loc key)",Battleborn,new key
dynn_fae_3731,"common/dynasties name (literal, no CK2 loc key)",Yellowsky,new key
dynn_fae_3732,"common/dynasties name (literal, no CK2 loc key)",Mistral,new key
dynn_fae_3733,"common/dynasties name (literal, no CK2 loc key)",Mavani,new key
dynn_fae_3734,"common/dynasties name (literal, no CK2 loc key)",Scabflag,new key
dynn_fae_3735,"common/dynasties name (literal, no CK2 loc key)",Searedscale,new key
dynn_fae_3736,"common/dynasties name (literal, no CK2 loc key)",Bluereaver,new key
dynn_fae_3737,"common/dynasties name (literal, no CK2 loc key)",Steeldice,new key
dynn_fae_3738,"common/dynasties name (literal, no CK2 loc key)",Meronut,new key
dynn_fae_3739,"common/dynasties name (literal, no CK2 loc key)",Djeret,new key
dynn_fae_374,"common/dynasties name (literal, no CK2 loc key)",Sorrowbane,new key
dynn_fae_3740,"common/dynasties name (literal, no CK2 loc key)",Padrivva,new key
dynn_fae_3741,"common/dynasties name (literal, no CK2 loc key)",of Vahaxtyl,new key
dynn_fae_3742,"common/dynasties name (literal, no CK2 loc key)",Shariit,new key
dynn_fae_3743,"common/dynasties name (literal, no CK2 loc key)",Sebek,new key
dynn_fae_3744,"common/dynasties name (literal, no CK2 loc key)",Isis,new key
dynn_fae_3745,"common/dynasties name (literal, no CK2 loc key)",Shivertooth,new key
dynn_fae_3746,"common/dynasties name (literal, no CK2 loc key)",Gestaniius,new key
dynn_fae_3747,"common/dynasties name (literal, no CK2 loc key)",Drakebane,new key
dynn_fae_3748,"common/dynasties name (literal, no CK2 loc key)",Nephthys,new key
dynn_fae_3749,"common/dynasties name (literal, no CK2 loc key)",Tidehunter,new key
dynn_fae_375,"common/dynasties name (literal, no CK2 loc key)",Axehand,new key
dynn_fae_3750,"common/dynasties name (literal, no CK2 loc key)",Sandcoil,new key
dynn_fae_3751,"common/dynasties name (literal, no CK2 loc key)",Rose,new key
dynn_fae_3752,"common/dynasties name (literal, no CK2 loc key)",Mogok,new key
dynn_fae_3753,"common/dynasties name (literal, no CK2 loc key)",Velantuir,new key
dynn_fae_3754,"common/dynasties name (literal, no CK2 loc key)",Beastgnaw,new key
dynn_fae_3755,"common/dynasties name (literal, no CK2 loc key)",Bes,new key
dynn_fae_3756,"common/dynasties name (literal, no CK2 loc key)",Pan,new key
dynn_fae_3757,"common/dynasties name (literal, no CK2 loc key)",Spyridon,new key
dynn_fae_3758,"common/dynasties name (literal, no CK2 loc key)",Gilgeam,new key
dynn_fae_3759,"common/dynasties name (literal, no CK2 loc key)",Chathuulandroth,new key
dynn_fae_376,"common/dynasties name (literal, no CK2 loc key)",Szarlnaxi,new key
dynn_fae_3760,"common/dynasties name (literal, no CK2 loc key)",Daardendrien,new key
dynn_fae_3761,"common/dynasties name (literal, no CK2 loc key)",Amalith,new key
dynn_fae_3762,"common/dynasties name (literal, no CK2 loc key)",Sixfingers,new key
dynn_fae_3763,"common/dynasties name (literal, no CK2 loc key)",Tiamat,new key
dynn_fae_3764,"common/dynasties name (literal, no CK2 loc key)",Cindermouth,new key
dynn_fae_3765,"common/dynasties name (literal, no CK2 loc key)",Churirajachi,new key
dynn_fae_3766,"common/dynasties name (literal, no CK2 loc key)",Clethtinthtiallor,new key
dynn_fae_3767,"common/dynasties name (literal, no CK2 loc key)",Fenkenkabradon,new key
dynn_fae_3768,"common/dynasties name (literal, no CK2 loc key)",Gethmara,new key
dynn_fae_3769,"common/dynasties name (literal, no CK2 loc key)",Ibeig,new key
dynn_fae_377,"common/dynasties name (literal, no CK2 loc key)",Glar,new key
dynn_fae_3770,"common/dynasties name (literal, no CK2 loc key)",Jalt,new key
dynn_fae_3771,"common/dynasties name (literal, no CK2 loc key)",Kanjentellequor,new key
dynn_fae_3772,"common/dynasties name (literal, no CK2 loc key)",Linxakasendalor,new key
dynn_fae_3773,"common/dynasties name (literal, no CK2 loc key)",Prexijandilin,new key
dynn_fae_3774,"common/dynasties name (literal, no CK2 loc key)",Shestandeliath,new key
dynn_fae_3775,"common/dynasties name (literal, no CK2 loc key)",Tlassian,new key
dynn_fae_3776,"common/dynasties name (literal, no CK2 loc key)",Travek,new key
dynn_fae_3777,"common/dynasties name (literal, no CK2 loc key)",Treg,new key
dynn_fae_3778,"common/dynasties name (literal, no CK2 loc key)",Vkriss,new key
dynn_fae_3779,"common/dynasties name (literal, no CK2 loc key)",Blackfin,new key
dynn_fae_378,"common/dynasties name (literal, no CK2 loc key)",Greenwarder,new key
dynn_fae_3780,"common/dynasties name (literal, no CK2 loc key)",Nasir,new key
dynn_fae_3781,"common/dynasties name (literal, no CK2 loc key)",Ronosakked,new key
dynn_fae_3782,"common/dynasties name (literal, no CK2 loc key)",Anguineus,new key
dynn_fae_3783,"common/dynasties name (literal, no CK2 loc key)",Ramman,new key
dynn_fae_3784,"common/dynasties name (literal, no CK2 loc key)",Sagron,new key
dynn_fae_3785,"common/dynasties name (literal, no CK2 loc key)",of Chessenta,new key
dynn_fae_3786,"common/dynasties name (literal, no CK2 loc key)",Moonwalker,new key
dynn_fae_3787,"common/dynasties name (literal, no CK2 loc key)",Jaatok,new key
dynn_fae_3788,"common/dynasties name (literal, no CK2 loc key)",Chif,new key
dynn_fae_3789,"common/dynasties name (literal, no CK2 loc key)",Dagranost,new key
dynn_fae_379,"common/dynasties name (literal, no CK2 loc key)",Trugf,new key
dynn_fae_3790,"common/dynasties name (literal, no CK2 loc key)",Modul,new key
dynn_fae_3791,"common/dynasties name (literal, no CK2 loc key)",Olbadai,new key
dynn_fae_3792,"common/dynasties name (literal, no CK2 loc key)",Herlinga,new key
dynn_fae_3793,"common/dynasties name (literal, no CK2 loc key)",Kolstaltyn,new key
dynn_fae_3794,"common/dynasties name (literal, no CK2 loc key)",Dobyev,new key
dynn_fae_3795,"common/dynasties name (literal, no CK2 loc key)",Chagat,new key
dynn_fae_3796,"common/dynasties name (literal, no CK2 loc key)",Kolyat,new key
dynn_fae_3797,"common/dynasties name (literal, no CK2 loc key)",Alamut,new key
dynn_fae_3798,"common/dynasties name (literal, no CK2 loc key)",of the Delras,new key
dynn_fae_3799,"common/dynasties name (literal, no CK2 loc key)",Jin,new key
dynn_fae_38,"common/dynasties name (literal, no CK2 loc key)",of Celestia,new key
dynn_fae_380,"common/dynasties name (literal, no CK2 loc key)",Cromm,new key
dynn_fae_3800,"common/dynasties name (literal, no CK2 loc key)",Elethlim,new key
dynn_fae_3801,"common/dynasties name (literal, no CK2 loc key)",Mirandor,new key
dynn_fae_3802,"common/dynasties name (literal, no CK2 loc key)",Durlarven,new key
dynn_fae_3803,"common/dynasties name (literal, no CK2 loc key)",Tarrik,new key
dynn_fae_3804,"common/dynasties name (literal, no CK2 loc key)",Heltharn,new key
dynn_fae_3805,"common/dynasties name (literal, no CK2 loc key)",of Procampur,new key
dynn_fae_3806,"common/dynasties name (literal, no CK2 loc key)",Uthmere,new key
dynn_fae_3807,"common/dynasties name (literal, no CK2 loc key)",Aerendal,new key
dynn_fae_3808,"common/dynasties name (literal, no CK2 loc key)",of Laviguer,new key
dynn_fae_3809,"common/dynasties name (literal, no CK2 loc key)",of Lyrabar,new key
dynn_fae_381,"common/dynasties name (literal, no CK2 loc key)",Grik,new key
dynn_fae_3810,"common/dynasties name (literal, no CK2 loc key)",of Dilpur,new key
dynn_fae_3811,"common/dynasties name (literal, no CK2 loc key)",Rorntarn,new key
dynn_fae_3812,"common/dynasties name (literal, no CK2 loc key)",Wellhaven,new key
dynn_fae_3813,"common/dynasties name (literal, no CK2 loc key)",Osterhown,new key
dynn_fae_3814,"common/dynasties name (literal, no CK2 loc key)",Brin,new key
dynn_fae_3815,"common/dynasties name (literal, no CK2 loc key)",of Sarshel,new key
dynn_fae_3816,"common/dynasties name (literal, no CK2 loc key)",of Hlammach,new key
dynn_fae_3817,"common/dynasties name (literal, no CK2 loc key)",of Farwater,new key
dynn_fae_3818,"common/dynasties name (literal, no CK2 loc key)",Dintersan,new key
dynn_fae_3819,"common/dynasties name (literal, no CK2 loc key)",Forgecrown,new key
dynn_fae_382,"common/dynasties name (literal, no CK2 loc key)",Barkchew,new key
dynn_fae_3820,"common/dynasties name (literal, no CK2 loc key)",Vilindeth,new key
dynn_fae_3821,"common/dynasties name (literal, no CK2 loc key)",Hornwind,new key
dynn_fae_3822,"common/dynasties name (literal, no CK2 loc key)",Garammon,new key
dynn_fae_3823,"common/dynasties name (literal, no CK2 loc key)",Eirlthaun,new key
dynn_fae_3824,"common/dynasties name (literal, no CK2 loc key)",Li Pei,new key
dynn_fae_3825,"common/dynasties name (literal, no CK2 loc key)",Kenes,new key
dynn_fae_3826,"common/dynasties name (literal, no CK2 loc key)",Atalan,new key
dynn_fae_3827,"common/dynasties name (literal, no CK2 loc key)",Ologai,new key
dynn_fae_3828,"common/dynasties name (literal, no CK2 loc key)",Li,new key
dynn_fae_3829,"common/dynasties name (literal, no CK2 loc key)",Glasshands,new key
dynn_fae_383,"common/dynasties name (literal, no CK2 loc key)",Aerosclughpalar,new key
dynn_fae_3830,"common/dynasties name (literal, no CK2 loc key)",Upash,new key
dynn_fae_3831,"common/dynasties name (literal, no CK2 loc key)",Ack'ta,new key
dynn_fae_3832,"common/dynasties name (literal, no CK2 loc key)",Evanara,new key
dynn_fae_3833,"common/dynasties name (literal, no CK2 loc key)",Torglasian,new key
dynn_fae_3834,"common/dynasties name (literal, no CK2 loc key)",Dhar,new key
dynn_fae_3835,"common/dynasties name (literal, no CK2 loc key)",Mattoo,new key
dynn_fae_3836,"common/dynasties name (literal, no CK2 loc key)",Astunshu,new key
dynn_fae_3837,"common/dynasties name (literal, no CK2 loc key)",Roshagos,new key
dynn_fae_3838,"common/dynasties name (literal, no CK2 loc key)",Anabraxis,new key
dynn_fae_3839,"common/dynasties name (literal, no CK2 loc key)",Fiydah,new key
dynn_fae_384,"common/dynasties name (literal, no CK2 loc key)",Kazamid,new key
dynn_fae_3840,"common/dynasties name (literal, no CK2 loc key)",Talid,new key
dynn_fae_3841,"common/dynasties name (literal, no CK2 loc key)",al-Mustasib,new key
dynn_fae_3842,"common/dynasties name (literal, no CK2 loc key)",Liao,new key
dynn_fae_3843,"common/dynasties name (literal, no CK2 loc key)",Dhuzma,new key
dynn_fae_3844,"common/dynasties name (literal, no CK2 loc key)",Searigroz,new key
dynn_fae_3845,"common/dynasties name (literal, no CK2 loc key)",Tong,new key
dynn_fae_3846,"common/dynasties name (literal, no CK2 loc key)",Liegou,new key
dynn_fae_3847,"common/dynasties name (literal, no CK2 loc key)",Dhatt,new key
dynn_fae_3848,"common/dynasties name (literal, no CK2 loc key)",al-Mulk,new key
dynn_fae_3849,"common/dynasties name (literal, no CK2 loc key)",Pixiekin,new key
dynn_fae_385,"common/dynasties name (literal, no CK2 loc key)",Nightstalker,new key
dynn_fae_3850,"common/dynasties name (literal, no CK2 loc key)",Nute,new key
dynn_fae_3851,"common/dynasties name (literal, no CK2 loc key)",Erard,new key
dynn_fae_3852,"common/dynasties name (literal, no CK2 loc key)",Whitecliff,new key
dynn_fae_3853,"common/dynasties name (literal, no CK2 loc key)",Kenic,new key
dynn_fae_3854,"common/dynasties name (literal, no CK2 loc key)",Callum,new key
dynn_fae_3855,"common/dynasties name (literal, no CK2 loc key)",Darksky,new key
dynn_fae_3856,"common/dynasties name (literal, no CK2 loc key)",Wanderfoot,new key
dynn_fae_3857,"common/dynasties name (literal, no CK2 loc key)",Anuvien,new key
dynn_fae_3858,"common/dynasties name (literal, no CK2 loc key)",Goodharvest,new key
dynn_fae_3859,"common/dynasties name (literal, no CK2 loc key)",Tolford,new key
dynn_fae_386,"common/dynasties name (literal, no CK2 loc key)",Shadeclub,new key
dynn_fae_3860,"common/dynasties name (literal, no CK2 loc key)",Bopin,new key
dynn_fae_3861,"common/dynasties name (literal, no CK2 loc key)",Darovik,new key
dynn_fae_3862,"common/dynasties name (literal, no CK2 loc key)",Sterling,new key
dynn_fae_3863,"common/dynasties name (literal, no CK2 loc key)",Truesight,new key
dynn_fae_3864,"common/dynasties name (literal, no CK2 loc key)",Falconclaw,new key
dynn_fae_3865,"common/dynasties name (literal, no CK2 loc key)",Theopilos,new key
dynn_fae_3866,"common/dynasties name (literal, no CK2 loc key)",Utrelli,new key
dynn_fae_3867,"common/dynasties name (literal, no CK2 loc key)",Colletro,new key
dynn_fae_3868,"common/dynasties name (literal, no CK2 loc key)",Ilégo,new key
dynn_fae_3869,"common/dynasties name (literal, no CK2 loc key)",Svarézi,new key
dynn_fae_387,"common/dynasties name (literal, no CK2 loc key)",Crocuta,new key
dynn_fae_3870,"common/dynasties name (literal, no CK2 loc key)",Toporello,new key
dynn_fae_3871,"common/dynasties name (literal, no CK2 loc key)",Mannicci,new key
dynn_fae_3872,"common/dynasties name (literal, no CK2 loc key)",Sandinno,new key
dynn_fae_3873,"common/dynasties name (literal, no CK2 loc key)",Odoato,new key
dynn_fae_3874,"common/dynasties name (literal, no CK2 loc key)",Sculi,new key
dynn_fae_3875,"common/dynasties name (literal, no CK2 loc key)",Skortchclaw,new key
dynn_fae_3876,"common/dynasties name (literal, no CK2 loc key)",Ixthiv,new key
dynn_fae_3877,"common/dynasties name (literal, no CK2 loc key)",Maegera,new key
dynn_fae_3878,"common/dynasties name (literal, no CK2 loc key)",Blacksteel,new key
dynn_fae_3879,"common/dynasties name (literal, no CK2 loc key)",Bonebreaker,new key
dynn_fae_388,"common/dynasties name (literal, no CK2 loc key)",Gullwing,new key
dynn_fae_3880,"common/dynasties name (literal, no CK2 loc key)",Yauntyrr,new key
dynn_fae_3881,"common/dynasties name (literal, no CK2 loc key)",Cha'fyr,new key
dynn_fae_3882,"common/dynasties name (literal, no CK2 loc key)",Arkenrret,new key
dynn_fae_3883,"common/dynasties name (literal, no CK2 loc key)",Niekan,new key
dynn_fae_3884,"common/dynasties name (literal, no CK2 loc key)",Rualfren,new key
dynn_fae_3885,"common/dynasties name (literal, no CK2 loc key)",Rustwalker,new key
dynn_fae_3886,"common/dynasties name (literal, no CK2 loc key)",Ilkin,new key
dynn_fae_3887,"common/dynasties name (literal, no CK2 loc key)",Enver,new key
dynn_fae_3888,"common/dynasties name (literal, no CK2 loc key)",Skalnaedyr,new key
dynn_fae_3889,"common/dynasties name (literal, no CK2 loc key)",Balcan,new key
dynn_fae_389,"common/dynasties name (literal, no CK2 loc key)",Fiendtooth,new key
dynn_fae_3890,"common/dynasties name (literal, no CK2 loc key)",Kaptan,new key
dynn_fae_3891,"common/dynasties name (literal, no CK2 loc key)",SamBhota,new key
dynn_fae_3892,"common/dynasties name (literal, no CK2 loc key)",Asohk,new key
dynn_fae_3893,"common/dynasties name (literal, no CK2 loc key)",Keothep,new key
dynn_fae_3894,"common/dynasties name (literal, no CK2 loc key)",al-Djef,new key
dynn_fae_3895,"common/dynasties name (literal, no CK2 loc key)",Raryndur,new key
dynn_fae_3896,"common/dynasties name (literal, no CK2 loc key)",Astanalan,new key
dynn_fae_3897,"common/dynasties name (literal, no CK2 loc key)",Llemgradac,new key
dynn_fae_3898,"common/dynasties name (literal, no CK2 loc key)",Holoarihn,new key
dynn_fae_3899,"common/dynasties name (literal, no CK2 loc key)",Tsan,new key
dynn_fae_39,"common/dynasties name (literal, no CK2 loc key)",Darkmantle,new key
dynn_fae_390,"common/dynasties name (literal, no CK2 loc key)",Mantlemorn,new key
dynn_fae_3900,"common/dynasties name (literal, no CK2 loc key)",Morn,new key
dynn_fae_3901,"common/dynasties name (literal, no CK2 loc key)",Elrproast,new key
dynn_fae_3902,"common/dynasties name (literal, no CK2 loc key)",Ulath,new key
dynn_fae_3903,"common/dynasties name (literal, no CK2 loc key)",Brightstar,new key
dynn_fae_3904,"common/dynasties name (literal, no CK2 loc key)",Snowbrand,new key
dynn_fae_3905,"common/dynasties name (literal, no CK2 loc key)",Ogresbane,new key
dynn_fae_3906,"common/dynasties name (literal, no CK2 loc key)",Mossgreen,new key
dynn_fae_3907,"common/dynasties name (literal, no CK2 loc key)",Burlisk,new key
dynn_fae_3908,"common/dynasties name (literal, no CK2 loc key)",Wyvernblade,new key
dynn_fae_3909,"common/dynasties name (literal, no CK2 loc key)",Torinbow,new key
dynn_fae_391,"common/dynasties name (literal, no CK2 loc key)",Tretch,new key
dynn_fae_3910,"common/dynasties name (literal, no CK2 loc key)",Whitehand,new key
dynn_fae_3911,"common/dynasties name (literal, no CK2 loc key)",Inshiland,new key
dynn_fae_3912,"common/dynasties name (literal, no CK2 loc key)",Beechwood,new key
dynn_fae_3913,"common/dynasties name (literal, no CK2 loc key)",Blackfeather,new key
dynn_fae_3914,"common/dynasties name (literal, no CK2 loc key)",Grimwarrow,new key
dynn_fae_3915,"common/dynasties name (literal, no CK2 loc key)",Rivenstave,new key
dynn_fae_3916,"common/dynasties name (literal, no CK2 loc key)",Treskeden,new key
dynn_fae_3917,"common/dynasties name (literal, no CK2 loc key)",Mulmar,new key
dynn_fae_3918,"common/dynasties name (literal, no CK2 loc key)",of Highmoon,new key
dynn_fae_3919,"common/dynasties name (literal, no CK2 loc key)",Standard,new key
dynn_fae_392,"common/dynasties name (literal, no CK2 loc key)",Dren,new key
dynn_fae_3920,"common/dynasties name (literal, no CK2 loc key)",Malorn,new key
dynn_fae_3921,"common/dynasties name (literal, no CK2 loc key)",Hlammythyl,new key
dynn_fae_3922,"common/dynasties name (literal, no CK2 loc key)",Sulwood,new key
dynn_fae_3923,"common/dynasties name (literal, no CK2 loc key)",Lurelake,new key
dynn_fae_3924,"common/dynasties name (literal, no CK2 loc key)",Krag,new key
dynn_fae_3925,"common/dynasties name (literal, no CK2 loc key)",Shadowdale,new key
dynn_fae_3926,"common/dynasties name (literal, no CK2 loc key)",Balvan,new key
dynn_fae_3927,"common/dynasties name (literal, no CK2 loc key)",Falconhand,new key
dynn_fae_3928,"common/dynasties name (literal, no CK2 loc key)",Greenstride,new key
dynn_fae_3929,"common/dynasties name (literal, no CK2 loc key)",Elmshadow,new key
dynn_fae_393,"common/dynasties name (literal, no CK2 loc key)",Kroom,new key
dynn_fae_3930,"common/dynasties name (literal, no CK2 loc key)",Summershield,new key
dynn_fae_3931,"common/dynasties name (literal, no CK2 loc key)",Elffriend,new key
dynn_fae_3932,"common/dynasties name (literal, no CK2 loc key)",Redsash,new key
dynn_fae_3933,"common/dynasties name (literal, no CK2 loc key)",Landgave,new key
dynn_fae_3934,"common/dynasties name (literal, no CK2 loc key)",Shadowfoe,new key
dynn_fae_3935,"common/dynasties name (literal, no CK2 loc key)",Merryfair,new key
dynn_fae_3936,"common/dynasties name (literal, no CK2 loc key)",Eluarshee,new key
dynn_fae_3937,"common/dynasties name (literal, no CK2 loc key)",Farhome,new key
dynn_fae_3938,"common/dynasties name (literal, no CK2 loc key)",Redfeather,new key
dynn_fae_3939,"common/dynasties name (literal, no CK2 loc key)",of Featherdale,new key
dynn_fae_394,"common/dynasties name (literal, no CK2 loc key)",Bant,new key
dynn_fae_3940,"common/dynasties name (literal, no CK2 loc key)",Velar,new key
dynn_fae_3941,"common/dynasties name (literal, no CK2 loc key)",Halvan,new key
dynn_fae_3942,"common/dynasties name (literal, no CK2 loc key)",Goodtiller,new key
dynn_fae_3943,"common/dynasties name (literal, no CK2 loc key)",Aumersair,new key
dynn_fae_3944,"common/dynasties name (literal, no CK2 loc key)",Coldcrag,new key
dynn_fae_3945,"common/dynasties name (literal, no CK2 loc key)",Snowpath,new key
dynn_fae_3946,"common/dynasties name (literal, no CK2 loc key)",Grimblade,new key
dynn_fae_3947,"common/dynasties name (literal, no CK2 loc key)",Mistwatch,new key
dynn_fae_3948,"common/dynasties name (literal, no CK2 loc key)",Faern,new key
dynn_fae_3949,"common/dynasties name (literal, no CK2 loc key)",Clearsky,new key
dynn_fae_395,"common/dynasties name (literal, no CK2 loc key)",Kheldrivver,new key
dynn_fae_3950,"common/dynasties name (literal, no CK2 loc key)",Dermmen,new key
dynn_fae_3951,"common/dynasties name (literal, no CK2 loc key)",Waterwalker,new key
dynn_fae_3952,"common/dynasties name (literal, no CK2 loc key)",Woodstrider,new key
dynn_fae_3953,"common/dynasties name (literal, no CK2 loc key)",Blackblade,new key
dynn_fae_3954,"common/dynasties name (literal, no CK2 loc key)",Shadevale,new key
dynn_fae_3955,"common/dynasties name (literal, no CK2 loc key)",Dustwatcher,new key
dynn_fae_3956,"common/dynasties name (literal, no CK2 loc key)",Dalehome,new key
dynn_fae_3957,"common/dynasties name (literal, no CK2 loc key)",Glazehand,new key
dynn_fae_3958,"common/dynasties name (literal, no CK2 loc key)",Jagarn,new key
dynn_fae_3959,"common/dynasties name (literal, no CK2 loc key)",Arrsi-kucsi,new key
dynn_fae_396,"common/dynasties name (literal, no CK2 loc key)",Portyr,new key
dynn_fae_3960,"common/dynasties name (literal, no CK2 loc key)",Thraakssi,new key
dynn_fae_3961,"common/dynasties name (literal, no CK2 loc key)",Kucssil,new key
dynn_fae_3962,"common/dynasties name (literal, no CK2 loc key)",Komnayme,new key
dynn_fae_3963,"common/dynasties name (literal, no CK2 loc key)",of the Fifth Tower,new key
dynn_fae_397,"common/dynasties name (literal, no CK2 loc key)",Valarken,new key
dynn_fae_398,"common/dynasties name (literal, no CK2 loc key)",Stelmane,new key
dynn_fae_399,"common/dynasties name (literal, no CK2 loc key)",Vanthampur,new key
dynn_fae_4,"common/dynasties name (literal, no CK2 loc key)",Monster,new key
dynn_fae_40,"common/dynasties name (literal, no CK2 loc key)",Spellseer,new key
dynn_fae_400,"common/dynasties name (literal, no CK2 loc key)",Ouroboros,new key
dynn_fae_4000,"common/dynasties name (literal, no CK2 loc key)",Rhys,new key
dynn_fae_4001,"common/dynasties name (literal, no CK2 loc key)",Fisher,new key
dynn_fae_4002,"common/dynasties name (literal, no CK2 loc key)",Thornsteel,new key
dynn_fae_4003,"common/dynasties name (literal, no CK2 loc key)",Thaymount,new key
dynn_fae_4004,"common/dynasties name (literal, no CK2 loc key)",Cooper,new key
dynn_fae_4005,"common/dynasties name (literal, no CK2 loc key)",Sharandar,new key
dynn_fae_4006,"common/dynasties name (literal, no CK2 loc key)",Mikhti,new key
dynn_fae_4007,"common/dynasties name (literal, no CK2 loc key)",Phylla,new key
dynn_fae_4008,"common/dynasties name (literal, no CK2 loc key)",aq-Qusuri,new key
dynn_fae_4009,"common/dynasties name (literal, no CK2 loc key)",Anklisi,new key
dynn_fae_401,"common/dynasties name (literal, no CK2 loc key)",Ravengard,new key
dynn_fae_4010,"common/dynasties name (literal, no CK2 loc key)",Corundum,new key
dynn_fae_4011,"common/dynasties name (literal, no CK2 loc key)",Spinel,new key
dynn_fae_4012,"common/dynasties name (literal, no CK2 loc key)",Badmaarag,new key
dynn_fae_4013,"common/dynasties name (literal, no CK2 loc key)",Yagut,new key
dynn_fae_4014,"common/dynasties name (literal, no CK2 loc key)",Manikyo,new key
dynn_fae_4015,"common/dynasties name (literal, no CK2 loc key)",Badaxsi,new key
dynn_fae_4016,"common/dynasties name (literal, no CK2 loc key)",Karkhedonios,new key
dynn_fae_4017,"common/dynasties name (literal, no CK2 loc key)",Dearg-Sheud,new key
dynn_fae_4018,"common/dynasties name (literal, no CK2 loc key)",Ratukaeta,new key
dynn_fae_4019,"common/dynasties name (literal, no CK2 loc key)",Yakand,new key
dynn_fae_402,"common/dynasties name (literal, no CK2 loc key)",Eldenbark,new key
dynn_fae_4020,"common/dynasties name (literal, no CK2 loc key)",Mortash,new key
dynn_fae_4021,"common/dynasties name (literal, no CK2 loc key)",al-Maskhi,new key
dynn_fae_4022,"common/dynasties name (literal, no CK2 loc key)",al-Gaylam,new key
dynn_fae_4023,"common/dynasties name (literal, no CK2 loc key)",ash-Shi'bayni,new key
dynn_fae_4024,"common/dynasties name (literal, no CK2 loc key)",Scintilla,new key
dynn_fae_4025,"common/dynasties name (literal, no CK2 loc key)",Daurgothoth,new key
dynn_fae_4026,"common/dynasties name (literal, no CK2 loc key)",Molefoot,new key
dynn_fae_4027,"common/dynasties name (literal, no CK2 loc key)",Wormlook,new key
dynn_fae_4028,"common/dynasties name (literal, no CK2 loc key)",of Arabel,new key
dynn_fae_4029,"common/dynasties name (literal, no CK2 loc key)",Rautha,new key
dynn_fae_403,"common/dynasties name (literal, no CK2 loc key)",Shadehunt,new key
dynn_fae_4030,"common/dynasties name (literal, no CK2 loc key)",Phaelith,new key
dynn_fae_4031,"common/dynasties name (literal, no CK2 loc key)",yi Loudwater,new key
dynn_fae_4032,"common/dynasties name (literal, no CK2 loc key)",Du'med,new key
dynn_fae_4033,"common/dynasties name (literal, no CK2 loc key)",Bryndfeather,new key
dynn_fae_4034,"common/dynasties name (literal, no CK2 loc key)",Mrindulphyn,new key
dynn_fae_4035,"common/dynasties name (literal, no CK2 loc key)",Halarjack,new key
dynn_fae_4036,"common/dynasties name (literal, no CK2 loc key)",Wendragon,new key
dynn_fae_4037,"common/dynasties name (literal, no CK2 loc key)",Brightcovenant,new key
dynn_fae_4038,"common/dynasties name (literal, no CK2 loc key)",Chalybs,new key
dynn_fae_4039,"common/dynasties name (literal, no CK2 loc key)",Nekhoshet,new key
dynn_fae_404,"common/dynasties name (literal, no CK2 loc key)",Fanghold,new key
dynn_fae_4040,"common/dynasties name (literal, no CK2 loc key)",Sanzpiti,new key
dynn_fae_4041,"common/dynasties name (literal, no CK2 loc key)",al-Dababi,new key
dynn_fae_4042,"common/dynasties name (literal, no CK2 loc key)",al-Qatil,new key
dynn_fae_4043,"common/dynasties name (literal, no CK2 loc key)",Wahashi,new key
dynn_fae_4044,"common/dynasties name (literal, no CK2 loc key)",al-Jurad,new key
dynn_fae_4045,"common/dynasties name (literal, no CK2 loc key)",Yendar,new key
dynn_fae_4046,"common/dynasties name (literal, no CK2 loc key)",Kilgore,new key
dynn_fae_4047,"common/dynasties name (literal, no CK2 loc key)",Fitzwilliam,new key
dynn_fae_4048,"common/dynasties name (literal, no CK2 loc key)",Targos,new key
dynn_fae_4049,"common/dynasties name (literal, no CK2 loc key)",Darvis,new key
dynn_fae_405,"common/dynasties name (literal, no CK2 loc key)",Burntheart,new key
dynn_fae_4050,"common/dynasties name (literal, no CK2 loc key)",Ogreseer,new key
dynn_fae_4051,"common/dynasties name (literal, no CK2 loc key)",Vance,new key
dynn_fae_4052,"common/dynasties name (literal, no CK2 loc key)",Brant,new key
dynn_fae_4053,"common/dynasties name (literal, no CK2 loc key)",Prator,new key
dynn_fae_4054,"common/dynasties name (literal, no CK2 loc key)",Undumor,new key
dynn_fae_4055,"common/dynasties name (literal, no CK2 loc key)",Hydrargyrum,new key
dynn_fae_4056,"common/dynasties name (literal, no CK2 loc key)",Cinnabarian,new key
dynn_fae_4057,"common/dynasties name (literal, no CK2 loc key)",Amalgama,new key
dynn_fae_4058,"common/dynasties name (literal, no CK2 loc key)",Sphalerite,new key
dynn_fae_4059,"common/dynasties name (literal, no CK2 loc key)",Calomel,new key
dynn_fae_406,"common/dynasties name (literal, no CK2 loc key)",Uolofiin,new key
dynn_fae_4060,"common/dynasties name (literal, no CK2 loc key)",Clearcreek,new key
dynn_fae_4061,"common/dynasties name (literal, no CK2 loc key)",Azoth,new key
dynn_fae_4062,"common/dynasties name (literal, no CK2 loc key)",Archantbev,new key
dynn_fae_4063,"common/dynasties name (literal, no CK2 loc key)",Hudrarguros,new key
dynn_fae_4064,"common/dynasties name (literal, no CK2 loc key)",Zaybak,new key
dynn_fae_4065,"common/dynasties name (literal, no CK2 loc key)",Gyvsidabris,new key
dynn_fae_4066,"common/dynasties name (literal, no CK2 loc key)",Dzivsudrabs,new key
dynn_fae_4067,"common/dynasties name (literal, no CK2 loc key)",Argintviu,new key
dynn_fae_4068,"common/dynasties name (literal, no CK2 loc key)",Vercxliscqali,new key
dynn_fae_4069,"common/dynasties name (literal, no CK2 loc key)",Silrajin,new key
dynn_fae_407,"common/dynasties name (literal, no CK2 loc key)",Kelpan,new key
dynn_fae_4070,"common/dynasties name (literal, no CK2 loc key)",Onalibar,new key
dynn_fae_4071,"common/dynasties name (literal, no CK2 loc key)",Peleveran,new key
dynn_fae_4072,"common/dynasties name (literal, no CK2 loc key)",Drakewings,new key
dynn_fae_4073,"common/dynasties name (literal, no CK2 loc key)",Nathaire,new key
dynn_fae_4074,"common/dynasties name (literal, no CK2 loc key)",Kent,new key
dynn_fae_4075,"common/dynasties name (literal, no CK2 loc key)",Bladelord,new key
dynn_fae_4076,"common/dynasties name (literal, no CK2 loc key)",Jangarak,new key
dynn_fae_4077,"common/dynasties name (literal, no CK2 loc key)",Thunderholme,new key
dynn_fae_4078,"common/dynasties name (literal, no CK2 loc key)",Arngalor,new key
dynn_fae_4079,"common/dynasties name (literal, no CK2 loc key)",Shadraxil,new key
dynn_fae_408,"common/dynasties name (literal, no CK2 loc key)",Cliffwatch,new key
dynn_fae_4080,"common/dynasties name (literal, no CK2 loc key)",Phaddar,new key
dynn_fae_4081,"common/dynasties name (literal, no CK2 loc key)",kwa Moraan,new key
dynn_fae_4082,"common/dynasties name (literal, no CK2 loc key)",Akanan,new key
dynn_fae_4083,"common/dynasties name (literal, no CK2 loc key)",Ulraes,new key
dynn_fae_4084,"common/dynasties name (literal, no CK2 loc key)",Fezim,new key
dynn_fae_4085,"common/dynasties name (literal, no CK2 loc key)",Steelspires,new key
dynn_fae_4086,"common/dynasties name (literal, no CK2 loc key)",Nelaerdra,new key
dynn_fae_4087,"common/dynasties name (literal, no CK2 loc key)",Razack,new key
dynn_fae_4088,"common/dynasties name (literal, no CK2 loc key)",Moloth,new key
dynn_fae_4089,"common/dynasties name (literal, no CK2 loc key)",Ring-nose,new key
dynn_fae_409,"common/dynasties name (literal, no CK2 loc key)",Dengar,new key
dynn_fae_4090,"common/dynasties name (literal, no CK2 loc key)",Cinnabar,new key
dynn_fae_4091,"common/dynasties name (literal, no CK2 loc key)",Galena,new key
dynn_fae_4092,"common/dynasties name (literal, no CK2 loc key)",Darmshall,new key
dynn_fae_4093,"common/dynasties name (literal, no CK2 loc key)",Rythtalies,new key
dynn_fae_4094,"common/dynasties name (literal, no CK2 loc key)",kwa Belhancol,new key
dynn_fae_4095,"common/dynasties name (literal, no CK2 loc key)",Undrur,new key
dynn_fae_4096,"common/dynasties name (literal, no CK2 loc key)",Dembarron,new key
dynn_fae_4097,"common/dynasties name (literal, no CK2 loc key)",Deverell,new key
dynn_fae_4098,"common/dynasties name (literal, no CK2 loc key)",Skulder,new key
dynn_fae_4099,"common/dynasties name (literal, no CK2 loc key)",Pureheart,new key
dynn_fae_41,"common/dynasties name (literal, no CK2 loc key)",Spulzeer,new key
dynn_fae_410,"common/dynasties name (literal, no CK2 loc key)",Sollam,new key
dynn_fae_4100,"common/dynasties name (literal, no CK2 loc key)",of Tethyr,new key
dynn_fae_4101,"common/dynasties name (literal, no CK2 loc key)",Piirlon,new key
dynn_fae_4102,"common/dynasties name (literal, no CK2 loc key)",Rhindaun,new key
dynn_fae_4103,"common/dynasties name (literal, no CK2 loc key)",Riiklass,new key
dynn_fae_4104,"common/dynasties name (literal, no CK2 loc key)",Bormul,new key
dynn_fae_4105,"common/dynasties name (literal, no CK2 loc key)",Cormal,new key
dynn_fae_4106,"common/dynasties name (literal, no CK2 loc key)",Korrunhel,new key
dynn_fae_4107,"common/dynasties name (literal, no CK2 loc key)",Tiiraklar,new key
dynn_fae_4108,"common/dynasties name (literal, no CK2 loc key)",Tornamn,new key
dynn_fae_4109,"common/dynasties name (literal, no CK2 loc key)",Ithal,new key
dynn_fae_411,"common/dynasties name (literal, no CK2 loc key)",Foulblood,new key
dynn_fae_4110,"common/dynasties name (literal, no CK2 loc key)",Mallorhen,new key
dynn_fae_4111,"common/dynasties name (literal, no CK2 loc key)",Hardisty,new key
dynn_fae_4112,"common/dynasties name (literal, no CK2 loc key)",Haddarm,new key
dynn_fae_4113,"common/dynasties name (literal, no CK2 loc key)",Llistiin,new key
dynn_fae_4114,"common/dynasties name (literal, no CK2 loc key)",Thrynnar,new key
dynn_fae_4115,"common/dynasties name (literal, no CK2 loc key)",Llanistaph,new key
dynn_fae_4116,"common/dynasties name (literal, no CK2 loc key)",Santele,new key
dynn_fae_4117,"common/dynasties name (literal, no CK2 loc key)",Hembreon,new key
dynn_fae_4118,"common/dynasties name (literal, no CK2 loc key)",Idogyr,new key
dynn_fae_4119,"common/dynasties name (literal, no CK2 loc key)",Grannox,new key
dynn_fae_412,"common/dynasties name (literal, no CK2 loc key)",Rotgut,new key
dynn_fae_4120,"common/dynasties name (literal, no CK2 loc key)",Qonsir,new key
dynn_fae_4121,"common/dynasties name (literal, no CK2 loc key)",Keelson,new key
dynn_fae_4122,"common/dynasties name (literal, no CK2 loc key)",Gallum,new key
dynn_fae_4123,"common/dynasties name (literal, no CK2 loc key)",Hhune,new key
dynn_fae_4124,"common/dynasties name (literal, no CK2 loc key)",Illehhune,new key
dynn_fae_4125,"common/dynasties name (literal, no CK2 loc key)",Gathell,new key
dynn_fae_4126,"common/dynasties name (literal, no CK2 loc key)",Morkann,new key
dynn_fae_4127,"common/dynasties name (literal, no CK2 loc key)",Tammsel,new key
dynn_fae_4128,"common/dynasties name (literal, no CK2 loc key)",of Ahlarkhem,new key
dynn_fae_4129,"common/dynasties name (literal, no CK2 loc key)",Bronshield,new key
dynn_fae_413,"common/dynasties name (literal, no CK2 loc key)",Warcry,new key
dynn_fae_4130,"common/dynasties name (literal, no CK2 loc key)",Khrul,new key
dynn_fae_4131,"common/dynasties name (literal, no CK2 loc key)",Blaskul,new key
dynn_fae_4132,"common/dynasties name (literal, no CK2 loc key)",of Tulmene,new key
dynn_fae_4133,"common/dynasties name (literal, no CK2 loc key)",Ornshield,new key
dynn_fae_4134,"common/dynasties name (literal, no CK2 loc key)",of Carcathen,new key
dynn_fae_4135,"common/dynasties name (literal, no CK2 loc key)",Red-Eyed,new key
dynn_fae_4136,"common/dynasties name (literal, no CK2 loc key)",Kuurgan,new key
dynn_fae_4137,"common/dynasties name (literal, no CK2 loc key)",Ravenstar,new key
dynn_fae_4138,"common/dynasties name (literal, no CK2 loc key)",Covaanar,new key
dynn_fae_4139,"common/dynasties name (literal, no CK2 loc key)",Haresdown,new key
dynn_fae_414,"common/dynasties name (literal, no CK2 loc key)",Bigfoot,new key
dynn_fae_4140,"common/dynasties name (literal, no CK2 loc key)",Arbustle,new key
dynn_fae_4141,"common/dynasties name (literal, no CK2 loc key)",Silvermane,new key
dynn_fae_4142,"common/dynasties name (literal, no CK2 loc key)",Bonaduce,new key
dynn_fae_4143,"common/dynasties name (literal, no CK2 loc key)",Maupoissant,new key
dynn_fae_4144,"common/dynasties name (literal, no CK2 loc key)",Gulderhorn,new key
dynn_fae_4145,"common/dynasties name (literal, no CK2 loc key)",Gallowglass,new key
dynn_fae_4146,"common/dynasties name (literal, no CK2 loc key)",Jhannivvar,new key
dynn_fae_4147,"common/dynasties name (literal, no CK2 loc key)",Sunspear,new key
dynn_fae_4148,"common/dynasties name (literal, no CK2 loc key)",Valmeyjar,new key
dynn_fae_4149,"common/dynasties name (literal, no CK2 loc key)",Raslemtar,new key
dynn_fae_415,"common/dynasties name (literal, no CK2 loc key)",Leafmane,new key
dynn_fae_4150,"common/dynasties name (literal, no CK2 loc key)",Myratman,new key
dynn_fae_4151,"common/dynasties name (literal, no CK2 loc key)",Gullifort,new key
dynn_fae_4152,"common/dynasties name (literal, no CK2 loc key)",Cowlsar,new key
dynn_fae_4153,"common/dynasties name (literal, no CK2 loc key)",Sashenstar,new key
dynn_fae_4154,"common/dynasties name (literal, no CK2 loc key)",Fyrson,new key
dynn_fae_4155,"common/dynasties name (literal, no CK2 loc key)",Daerimathlor,new key
dynn_fae_4156,"common/dynasties name (literal, no CK2 loc key)",Ifalar,new key
dynn_fae_4157,"common/dynasties name (literal, no CK2 loc key)",Tulmen,new key
dynn_fae_4158,"common/dynasties name (literal, no CK2 loc key)",Blackthorn,new key
dynn_fae_4159,"common/dynasties name (literal, no CK2 loc key)",Tornsail,new key
dynn_fae_416,"common/dynasties name (literal, no CK2 loc key)",Candos,new key
dynn_fae_4160,"common/dynasties name (literal, no CK2 loc key)",Freeboot,new key
dynn_fae_4161,"common/dynasties name (literal, no CK2 loc key)",Bloodtide,new key
dynn_fae_4162,"common/dynasties name (literal, no CK2 loc key)",Tidestrider,new key
dynn_fae_4163,"common/dynasties name (literal, no CK2 loc key)",Fathomdeep,new key
dynn_fae_4164,"common/dynasties name (literal, no CK2 loc key)",Gullwing,new key
dynn_fae_4165,"common/dynasties name (literal, no CK2 loc key)",Tiller,new key
dynn_fae_4166,"common/dynasties name (literal, no CK2 loc key)",Saltscale,new key
dynn_fae_4167,"common/dynasties name (literal, no CK2 loc key)",Strohm,new key
dynn_fae_4168,"common/dynasties name (literal, no CK2 loc key)",Abazigal,new key
dynn_fae_4169,"common/dynasties name (literal, no CK2 loc key)",of Amkethran,new key
dynn_fae_417,"common/dynasties name (literal, no CK2 loc key)",Logen,new key
dynn_fae_4170,"common/dynasties name (literal, no CK2 loc key)",Fleetfoot,new key
dynn_fae_4171,"common/dynasties name (literal, no CK2 loc key)",Shura,new key
dynn_fae_4172,"common/dynasties name (literal, no CK2 loc key)",Nimblefinger,new key
dynn_fae_4173,"common/dynasties name (literal, no CK2 loc key)",Ralisar,new key
dynn_fae_4174,"common/dynasties name (literal, no CK2 loc key)",Elkan,new key
dynn_fae_4175,"common/dynasties name (literal, no CK2 loc key)",Had,new key
dynn_fae_4176,"common/dynasties name (literal, no CK2 loc key)",Jahag,new key
dynn_fae_4177,"common/dynasties name (literal, no CK2 loc key)",Sythillis,new key
dynn_fae_4178,"common/dynasties name (literal, no CK2 loc key)",Nivthennis,new key
dynn_fae_4179,"common/dynasties name (literal, no CK2 loc key)",Provanno'zzar,new key
dynn_fae_418,"common/dynasties name (literal, no CK2 loc key)",Pagrur,new key
dynn_fae_4180,"common/dynasties name (literal, no CK2 loc key)",Firewind,new key
dynn_fae_4181,"common/dynasties name (literal, no CK2 loc key)",Bloodheart,new key
dynn_fae_4182,"common/dynasties name (literal, no CK2 loc key)",Hellspawn,new key
dynn_fae_4183,"common/dynasties name (literal, no CK2 loc key)",Oxtundre,new key
dynn_fae_4184,"common/dynasties name (literal, no CK2 loc key)",Eldthurs,new key
dynn_fae_4185,"common/dynasties name (literal, no CK2 loc key)",Etol,new key
dynn_fae_4186,"common/dynasties name (literal, no CK2 loc key)",Logi,new key
dynn_fae_4187,"common/dynasties name (literal, no CK2 loc key)",Jutul,new key
dynn_fae_4188,"common/dynasties name (literal, no CK2 loc key)",Felloki,new key
dynn_fae_4189,"common/dynasties name (literal, no CK2 loc key)",Foestone,new key
dynn_fae_419,"common/dynasties name (literal, no CK2 loc key)",Oculum,new key
dynn_fae_4190,"common/dynasties name (literal, no CK2 loc key)",Kundknoddick,new key
dynn_fae_4191,"common/dynasties name (literal, no CK2 loc key)",Wyrmrever,new key
dynn_fae_4192,"common/dynasties name (literal, no CK2 loc key)",Isthurs,new key
dynn_fae_4193,"common/dynasties name (literal, no CK2 loc key)",Laufey,new key
dynn_fae_4194,"common/dynasties name (literal, no CK2 loc key)",Gygr,new key
dynn_fae_4195,"common/dynasties name (literal, no CK2 loc key)",Fellthurs,new key
dynn_fae_4196,"common/dynasties name (literal, no CK2 loc key)",Longfell,new key
dynn_fae_4197,"common/dynasties name (literal, no CK2 loc key)",Bunyan,new key
dynn_fae_4198,"common/dynasties name (literal, no CK2 loc key)",Edinshall,new key
dynn_fae_4199,"common/dynasties name (literal, no CK2 loc key)",Fellkonung,new key
dynn_fae_42,"common/dynasties name (literal, no CK2 loc key)",Thauglorimorgorus,new key
dynn_fae_420,"common/dynasties name (literal, no CK2 loc key)",Jumm,new key
dynn_fae_4200,"common/dynasties name (literal, no CK2 loc key)",Broadfell,new key
dynn_fae_4201,"common/dynasties name (literal, no CK2 loc key)",Cairnlaird,new key
dynn_fae_4202,"common/dynasties name (literal, no CK2 loc key)",Tarnthwaite,new key
dynn_fae_4203,"common/dynasties name (literal, no CK2 loc key)",Howbeck,new key
dynn_fae_4204,"common/dynasties name (literal, no CK2 loc key)",Lingfoss,new key
dynn_fae_4205,"common/dynasties name (literal, no CK2 loc key)",Drakerigg,new key
dynn_fae_4206,"common/dynasties name (literal, no CK2 loc key)",Snaefell,new key
dynn_fae_4207,"common/dynasties name (literal, no CK2 loc key)",Muiridi,new key
dynn_fae_4208,"common/dynasties name (literal, no CK2 loc key)",MacMara,new key
dynn_fae_4209,"common/dynasties name (literal, no CK2 loc key)",Gricenchos,new key
dynn_fae_421,"common/dynasties name (literal, no CK2 loc key)",Ulla Bahor,new key
dynn_fae_4210,"common/dynasties name (literal, no CK2 loc key)",Bencawr,new key
dynn_fae_4211,"common/dynasties name (literal, no CK2 loc key)",MacBalar,new key
dynn_fae_4212,"common/dynasties name (literal, no CK2 loc key)",Boleros,new key
dynn_fae_4213,"common/dynasties name (literal, no CK2 loc key)",Beimnech,new key
dynn_fae_4214,"common/dynasties name (literal, no CK2 loc key)",Goll,new key
dynn_fae_4215,"common/dynasties name (literal, no CK2 loc key)",O'Febair,new key
dynn_fae_4216,"common/dynasties name (literal, no CK2 loc key)",Xian,new key
dynn_fae_4217,"common/dynasties name (literal, no CK2 loc key)",Zilspur,new key
dynn_fae_4218,"common/dynasties name (literal, no CK2 loc key)",Harengon,new key
dynn_fae_4219,"common/dynasties name (literal, no CK2 loc key)",Sereia,new key
dynn_fae_422,"common/dynasties name (literal, no CK2 loc key)",Rocktooth,new key
dynn_fae_4220,"common/dynasties name (literal, no CK2 loc key)",Witchlight,new key
dynn_fae_4221,"common/dynasties name (literal, no CK2 loc key)",Nomrad,new key
dynn_fae_4222,"common/dynasties name (literal, no CK2 loc key)",Greenmoss,new key
dynn_fae_4223,"common/dynasties name (literal, no CK2 loc key)",d'Avenir,new key
dynn_fae_4224,"common/dynasties name (literal, no CK2 loc key)",Lai,new key
dynn_fae_4225,"common/dynasties name (literal, no CK2 loc key)",Astorio,new key
dynn_fae_4226,"common/dynasties name (literal, no CK2 loc key)",Hellclaw,new key
dynn_fae_4227,"common/dynasties name (literal, no CK2 loc key)",Milquetoast,new key
dynn_fae_4228,"common/dynasties name (literal, no CK2 loc key)",de Ballena,new key
dynn_fae_4229,"common/dynasties name (literal, no CK2 loc key)",on the Harbour,new key
dynn_fae_423,"common/dynasties name (literal, no CK2 loc key)",Thunderstout,new key
dynn_fae_4230,"common/dynasties name (literal, no CK2 loc key)",Uran,new key
dynn_fae_4231,"common/dynasties name (literal, no CK2 loc key)",Skinshift,new key
dynn_fae_4232,"common/dynasties name (literal, no CK2 loc key)",Virion-Elluin Elenasto,new key
dynn_fae_4233,"common/dynasties name (literal, no CK2 loc key)",Last,new key
dynn_fae_4235,"common/dynasties name (literal, no CK2 loc key)",Farasin,new key
dynn_fae_4236,"common/dynasties name (literal, no CK2 loc key)",Pouncer,new key
dynn_fae_4237,"common/dynasties name (literal, no CK2 loc key)",Nightfiddle,new key
dynn_fae_4238,"common/dynasties name (literal, no CK2 loc key)",Cha'lik,new key
dynn_fae_4239,"common/dynasties name (literal, no CK2 loc key)",Dawntreader,new key
dynn_fae_424,"common/dynasties name (literal, no CK2 loc key)",Landaessor,new key
dynn_fae_4240,"common/dynasties name (literal, no CK2 loc key)",Moonseeker,new key
dynn_fae_4241,"common/dynasties name (literal, no CK2 loc key)",Hightower,new key
dynn_fae_4242,"common/dynasties name (literal, no CK2 loc key)",Denic,new key
dynn_fae_4243,"common/dynasties name (literal, no CK2 loc key)",Redback,new key
dynn_fae_4244,"common/dynasties name (literal, no CK2 loc key)",Bonepicker,new key
dynn_fae_4245,"common/dynasties name (literal, no CK2 loc key)",Jastan,new key
dynn_fae_4246,"common/dynasties name (literal, no CK2 loc key)",Naradaz,new key
dynn_fae_4247,"common/dynasties name (literal, no CK2 loc key)",Ferzath,new key
dynn_fae_4248,"common/dynasties name (literal, no CK2 loc key)",Asrothian,new key
dynn_fae_4249,"common/dynasties name (literal, no CK2 loc key)",Chelnadatilar,new key
dynn_fae_425,"common/dynasties name (literal, no CK2 loc key)",Murg,new key
dynn_fae_4250,"common/dynasties name (literal, no CK2 loc key)",Domborcojh,new key
dynn_fae_4251,"common/dynasties name (literal, no CK2 loc key)",Fazaliith,new key
dynn_fae_4252,"common/dynasties name (literal, no CK2 loc key)",Sarenox,new key
dynn_fae_4253,"common/dynasties name (literal, no CK2 loc key)",Turosulav,new key
dynn_fae_4254,"common/dynasties name (literal, no CK2 loc key)",Mhorilot,new key
dynn_fae_4255,"common/dynasties name (literal, no CK2 loc key)",Zauvirr,new key
dynn_fae_4256,"common/dynasties name (literal, no CK2 loc key)",Dhuunyl,new key
dynn_fae_4257,"common/dynasties name (literal, no CK2 loc key)",Helviiryn,new key
dynn_fae_4258,"common/dynasties name (literal, no CK2 loc key)",Khalazza,new key
dynn_fae_4259,"common/dynasties name (literal, no CK2 loc key)",Elpragh,new key
dynn_fae_426,"common/dynasties name (literal, no CK2 loc key)",Nob,new key
dynn_fae_4260,"common/dynasties name (literal, no CK2 loc key)",Xarann,new key
dynn_fae_4261,"common/dynasties name (literal, no CK2 loc key)",T'orgh,new key
dynn_fae_4262,"common/dynasties name (literal, no CK2 loc key)",Waeglossz,new key
dynn_fae_4263,"common/dynasties name (literal, no CK2 loc key)",Ultonass,new key
dynn_fae_4264,"common/dynasties name (literal, no CK2 loc key)",Itlirr,new key
dynn_fae_4265,"common/dynasties name (literal, no CK2 loc key)",Faerzhind,new key
dynn_fae_4266,"common/dynasties name (literal, no CK2 loc key)",Arkhenneld,new key
dynn_fae_4267,"common/dynasties name (literal, no CK2 loc key)",Mlezziir,new key
dynn_fae_4268,"common/dynasties name (literal, no CK2 loc key)",Lorotiir,new key
dynn_fae_4269,"common/dynasties name (literal, no CK2 loc key)",Lhalabar,new key
dynn_fae_427,"common/dynasties name (literal, no CK2 loc key)",Seahorn,new key
dynn_fae_4270,"common/dynasties name (literal, no CK2 loc key)",t'Dargon,new key
dynn_fae_4271,"common/dynasties name (literal, no CK2 loc key)",al-Amir,new key
dynn_fae_4272,"common/dynasties name (literal, no CK2 loc key)",Wilddrum,new key
dynn_fae_4273,"common/dynasties name (literal, no CK2 loc key)",Peakcrest,new key
dynn_fae_4274,"common/dynasties name (literal, no CK2 loc key)",Coombe,new key
dynn_fae_4275,"common/dynasties name (literal, no CK2 loc key)",Chengnom,new key
dynn_fae_4276,"common/dynasties name (literal, no CK2 loc key)",Su Tai,new key
dynn_fae_4277,"common/dynasties name (literal, no CK2 loc key)",Jen,new key
dynn_fae_4278,"common/dynasties name (literal, no CK2 loc key)",Katan,new key
dynn_fae_4279,"common/dynasties name (literal, no CK2 loc key)",Foltang,new key
dynn_fae_428,"common/dynasties name (literal, no CK2 loc key)",Iomic,new key
dynn_fae_4280,"common/dynasties name (literal, no CK2 loc key)",Wagan,new key
dynn_fae_4281,"common/dynasties name (literal, no CK2 loc key)",Tankhoro,new key
dynn_fae_4282,"common/dynasties name (literal, no CK2 loc key)",Borataana,new key
dynn_fae_4283,"common/dynasties name (literal, no CK2 loc key)",Iotmyl,new key
dynn_fae_4284,"common/dynasties name (literal, no CK2 loc key)",Ankuy,new key
dynn_fae_4285,"common/dynasties name (literal, no CK2 loc key)",Bronzehand,new key
dynn_fae_4286,"common/dynasties name (literal, no CK2 loc key)",Chiefkiller,new key
dynn_fae_4287,"common/dynasties name (literal, no CK2 loc key)",Ama,new key
dynn_fae_4288,"common/dynasties name (literal, no CK2 loc key)",Leng,new key
dynn_fae_4289,"common/dynasties name (literal, no CK2 loc key)",Xiannu,new key
dynn_fae_429,"common/dynasties name (literal, no CK2 loc key)",Saltrock,new key
dynn_fae_4290,"common/dynasties name (literal, no CK2 loc key)",Deijing,new key
dynn_fae_4291,"common/dynasties name (literal, no CK2 loc key)",Pinxie,new key
dynn_fae_4292,"common/dynasties name (literal, no CK2 loc key)",Juntuan,new key
dynn_fae_4293,"common/dynasties name (literal, no CK2 loc key)",Eyun,new key
dynn_fae_4294,"common/dynasties name (literal, no CK2 loc key)",Bangpai,new key
dynn_fae_4295,"common/dynasties name (literal, no CK2 loc key)",Jundui,new key
dynn_fae_4296,"common/dynasties name (literal, no CK2 loc key)",Jaetan,new key
dynn_fae_4297,"common/dynasties name (literal, no CK2 loc key)",Huangye,new key
dynn_fae_4298,"common/dynasties name (literal, no CK2 loc key)",Bokho,new key
dynn_fae_4299,"common/dynasties name (literal, no CK2 loc key)",Tiogan,new key
dynn_fae_43,"common/dynasties name (literal, no CK2 loc key)",Mirantol,new key
dynn_fae_430,"common/dynasties name (literal, no CK2 loc key)",Invalissen,new key
dynn_fae_4300,"common/dynasties name (literal, no CK2 loc key)",Keeneyes,new key
dynn_fae_4301,"common/dynasties name (literal, no CK2 loc key)",Longstocking,new key
dynn_fae_4302,"common/dynasties name (literal, no CK2 loc key)",Overwood,new key
dynn_fae_4303,"common/dynasties name (literal, no CK2 loc key)",Burrow,new key
dynn_fae_4304,"common/dynasties name (literal, no CK2 loc key)",Ferromar,new key
dynn_fae_4305,"common/dynasties name (literal, no CK2 loc key)",Aumble,new key
dynn_fae_4306,"common/dynasties name (literal, no CK2 loc key)",Bramblefoot,new key
dynn_fae_4307,"common/dynasties name (literal, no CK2 loc key)",Dardragon,new key
dynn_fae_4308,"common/dynasties name (literal, no CK2 loc key)",Hardingdale,new key
dynn_fae_4309,"common/dynasties name (literal, no CK2 loc key)",Merrymar,new key
dynn_fae_431,"common/dynasties name (literal, no CK2 loc key)",Aniantilor,new key
dynn_fae_4310,"common/dynasties name (literal, no CK2 loc key)",Starnhap,new key
dynn_fae_4311,"common/dynasties name (literal, no CK2 loc key)",Carver,new key
dynn_fae_4312,"common/dynasties name (literal, no CK2 loc key)",Richtoes,new key
dynn_fae_4313,"common/dynasties name (literal, no CK2 loc key)",Amberway,new key
dynn_fae_4314,"common/dynasties name (literal, no CK2 loc key)",Amathar,new key
dynn_fae_4315,"common/dynasties name (literal, no CK2 loc key)",Moadi,new key
dynn_fae_4316,"common/dynasties name (literal, no CK2 loc key)",Mahandi,new key
dynn_fae_4317,"common/dynasties name (literal, no CK2 loc key)",Treerunner,new key
dynn_fae_4318,"common/dynasties name (literal, no CK2 loc key)",Scatterheart,new key
dynn_fae_4319,"common/dynasties name (literal, no CK2 loc key)",Amethystall,new key
dynn_fae_432,"common/dynasties name (literal, no CK2 loc key)",Kuurgan,new key
dynn_fae_4320,"common/dynasties name (literal, no CK2 loc key)",Huntinghorn,new key
dynn_fae_4321,"common/dynasties name (literal, no CK2 loc key)",Thistlestar,new key
dynn_fae_4322,"common/dynasties name (literal, no CK2 loc key)",Underhill,new key
dynn_fae_4323,"common/dynasties name (literal, no CK2 loc key)",Fentan,new key
dynn_fae_4324,"common/dynasties name (literal, no CK2 loc key)",Gleddyn,new key
dynn_fae_4325,"common/dynasties name (literal, no CK2 loc key)",Cardluck,new key
dynn_fae_4326,"common/dynasties name (literal, no CK2 loc key)",Titchwillow,new key
dynn_fae_4327,"common/dynasties name (literal, no CK2 loc key)",Kolay,new key
dynn_fae_4328,"common/dynasties name (literal, no CK2 loc key)",Kaihua,new key
dynn_fae_4329,"common/dynasties name (literal, no CK2 loc key)",Asirpa,new key
dynn_fae_433,"common/dynasties name (literal, no CK2 loc key)",Buck,new key
dynn_fae_4330,"common/dynasties name (literal, no CK2 loc key)",Byyhaan,new key
dynn_fae_4331,"common/dynasties name (literal, no CK2 loc key)",Tellynnan,new key
dynn_fae_4332,"common/dynasties name (literal, no CK2 loc key)",Spellstalker,new key
dynn_fae_4333,"common/dynasties name (literal, no CK2 loc key)",Calaudra,new key
dynn_fae_4334,"common/dynasties name (literal, no CK2 loc key)",of Cormanthyr,new key
dynn_fae_4335,"common/dynasties name (literal, no CK2 loc key)",Iuxtl,new key
dynn_fae_4336,"common/dynasties name (literal, no CK2 loc key)",Fishbreath,new key
dynn_fae_4337,"common/dynasties name (literal, no CK2 loc key)",Grong-Haap,new key
dynn_fae_4338,"common/dynasties name (literal, no CK2 loc key)",Grimrock,new key
dynn_fae_4339,"common/dynasties name (literal, no CK2 loc key)",Zaurosh,new key
dynn_fae_434,"common/dynasties name (literal, no CK2 loc key)",Bloodblade,new key
dynn_fae_4340,"common/dynasties name (literal, no CK2 loc key)",Icehome,new key
dynn_fae_4341,"common/dynasties name (literal, no CK2 loc key)",Brokepick,new key
dynn_fae_4342,"common/dynasties name (literal, no CK2 loc key)",Steelnose,new key
dynn_fae_4343,"common/dynasties name (literal, no CK2 loc key)",Coinhoarder,new key
dynn_fae_4344,"common/dynasties name (literal, no CK2 loc key)",Misthoforos,new key
dynn_fae_4345,"common/dynasties name (literal, no CK2 loc key)",Vyssini,new key
dynn_fae_4346,"common/dynasties name (literal, no CK2 loc key)",Jarsyn,new key
dynn_fae_4347,"common/dynasties name (literal, no CK2 loc key)",Chall,new key
dynn_fae_4348,"common/dynasties name (literal, no CK2 loc key)",Stratiotis,new key
dynn_fae_4349,"common/dynasties name (literal, no CK2 loc key)",Caldemar,new key
dynn_fae_435,"common/dynasties name (literal, no CK2 loc key)",Duayn,new key
dynn_fae_4350,"common/dynasties name (literal, no CK2 loc key)",Bluefist,new key
dynn_fae_4351,"common/dynasties name (literal, no CK2 loc key)",Crush,new key
dynn_fae_4352,"common/dynasties name (literal, no CK2 loc key)",Hammerhand,new key
dynn_fae_4353,"common/dynasties name (literal, no CK2 loc key)",Ollith,new key
dynn_fae_4354,"common/dynasties name (literal, no CK2 loc key)",Black-hoof,new key
dynn_fae_4355,"common/dynasties name (literal, no CK2 loc key)",Ironhead,new key
dynn_fae_4356,"common/dynasties name (literal, no CK2 loc key)",Splitoak,new key
dynn_fae_4357,"common/dynasties name (literal, no CK2 loc key)",Gloomflight,new key
dynn_fae_4358,"common/dynasties name (literal, no CK2 loc key)",Stonetooth,new key
dynn_fae_4359,"common/dynasties name (literal, no CK2 loc key)",Maru,new key
dynn_fae_436,"common/dynasties name (literal, no CK2 loc key)",Yetam,new key
dynn_fae_4360,"common/dynasties name (literal, no CK2 loc key)",Amoto,new key
dynn_fae_4361,"common/dynasties name (literal, no CK2 loc key)",Manik,new key
dynn_fae_4362,"common/dynasties name (literal, no CK2 loc key)",Gifford,new key
dynn_fae_4363,"common/dynasties name (literal, no CK2 loc key)",Spacecrest,new key
dynn_fae_4364,"common/dynasties name (literal, no CK2 loc key)",Heithalata,new key
dynn_fae_4365,"common/dynasties name (literal, no CK2 loc key)",sitt-Nasir,new key
dynn_fae_4366,"common/dynasties name (literal, no CK2 loc key)",Selon,new key
dynn_fae_4367,"common/dynasties name (literal, no CK2 loc key)",Pelamar,new key
dynn_fae_4368,"common/dynasties name (literal, no CK2 loc key)",Flamefist,new key
dynn_fae_4369,"common/dynasties name (literal, no CK2 loc key)",Gerallin,new key
dynn_fae_437,"common/dynasties name (literal, no CK2 loc key)",Stiss,new key
dynn_fae_4370,"common/dynasties name (literal, no CK2 loc key)",Saidhaum,new key
dynn_fae_4371,"common/dynasties name (literal, no CK2 loc key)",Valgarien,new key
dynn_fae_4372,"common/dynasties name (literal, no CK2 loc key)",Wingblade,new key
dynn_fae_4373,"common/dynasties name (literal, no CK2 loc key)",Krakenblood,new key
dynn_fae_4374,"common/dynasties name (literal, no CK2 loc key)",Wavesinger,new key
dynn_fae_4375,"common/dynasties name (literal, no CK2 loc key)",Choig,new key
dynn_fae_4376,"common/dynasties name (literal, no CK2 loc key)",Oto,new key
dynn_fae_4377,"common/dynasties name (literal, no CK2 loc key)",Chu,new key
dynn_fae_4378,"common/dynasties name (literal, no CK2 loc key)",Sophir,new key
dynn_fae_4379,"common/dynasties name (literal, no CK2 loc key)",Sambal Pedas,new key
dynn_fae_438,"common/dynasties name (literal, no CK2 loc key)",Nul'kass,new key
dynn_fae_4380,"common/dynasties name (literal, no CK2 loc key)",Koi,new key
dynn_fae_4381,"common/dynasties name (literal, no CK2 loc key)",Nagumo,new key
dynn_fae_4382,"common/dynasties name (literal, no CK2 loc key)",Nung,new key
dynn_fae_4383,"common/dynasties name (literal, no CK2 loc key)",Kumoobool,new key
dynn_fae_4384,"common/dynasties name (literal, no CK2 loc key)",Lass'tha,new key
dynn_fae_4385,"common/dynasties name (literal, no CK2 loc key)",Ular,new key
dynn_fae_4386,"common/dynasties name (literal, no CK2 loc key)",Gergasi,new key
dynn_fae_4387,"common/dynasties name (literal, no CK2 loc key)",Atholagonos,new key
dynn_fae_4388,"common/dynasties name (literal, no CK2 loc key)",Tempestade,new key
dynn_fae_4389,"common/dynasties name (literal, no CK2 loc key)",Sunsong,new key
dynn_fae_439,"common/dynasties name (literal, no CK2 loc key)",Thonok,new key
dynn_fae_4390,"common/dynasties name (literal, no CK2 loc key)",Tanglethorn,new key
dynn_fae_4391,"common/dynasties name (literal, no CK2 loc key)",Bloody Eye,new key
dynn_fae_4392,"common/dynasties name (literal, no CK2 loc key)",Horned Lord,new key
dynn_fae_4393,"common/dynasties name (literal, no CK2 loc key)",Red Stag,new key
dynn_fae_4394,"common/dynasties name (literal, no CK2 loc key)",Sharpspike,new key
dynn_fae_4395,"common/dynasties name (literal, no CK2 loc key)",Shammagar,new key
dynn_fae_4396,"common/dynasties name (literal, no CK2 loc key)",Nightwalker,new key
dynn_fae_4397,"common/dynasties name (literal, no CK2 loc key)",Telvan,new key
dynn_fae_4398,"common/dynasties name (literal, no CK2 loc key)",K'liir,new key
dynn_fae_4399,"common/dynasties name (literal, no CK2 loc key)",Vaite,new key
dynn_fae_44,"common/dynasties name (literal, no CK2 loc key)",Shadowscale,new key
dynn_fae_440,"common/dynasties name (literal, no CK2 loc key)",Craumerdaun,new key
dynn_fae_4400,"common/dynasties name (literal, no CK2 loc key)",Tand,new key
dynn_fae_4401,"common/dynasties name (literal, no CK2 loc key)",Zuzhou,new key
dynn_fae_4402,"common/dynasties name (literal, no CK2 loc key)",Kathum,new key
dynn_fae_4403,"common/dynasties name (literal, no CK2 loc key)",Ta Ping,new key
dynn_fae_4404,"common/dynasties name (literal, no CK2 loc key)",Gamuge,new key
dynn_fae_4405,"common/dynasties name (literal, no CK2 loc key)",Gui,new key
dynn_fae_4406,"common/dynasties name (literal, no CK2 loc key)",Rú Biàn,new key
dynn_fae_4407,"common/dynasties name (literal, no CK2 loc key)",Niao,new key
dynn_fae_4408,"common/dynasties name (literal, no CK2 loc key)",Pá Po Dào,new key
dynn_fae_4409,"common/dynasties name (literal, no CK2 loc key)",Huì,new key
dynn_fae_441,"common/dynasties name (literal, no CK2 loc key)",Thallavv,new key
dynn_fae_4410,"common/dynasties name (literal, no CK2 loc key)",Xiao,new key
dynn_fae_4411,"common/dynasties name (literal, no CK2 loc key)",Ming,new key
dynn_fae_4412,"common/dynasties name (literal, no CK2 loc key)",Tsen-do,new key
dynn_fae_4413,"common/dynasties name (literal, no CK2 loc key)",Kuei-jin,new key
dynn_fae_4414,"common/dynasties name (literal, no CK2 loc key)",Quagalon,new key
dynn_fae_4415,"common/dynasties name (literal, no CK2 loc key)",Hsieh Han,new key
dynn_fae_4416,"common/dynasties name (literal, no CK2 loc key)",Baagh,new key
dynn_fae_4417,"common/dynasties name (literal, no CK2 loc key)",Movanic,new key
dynn_fae_4418,"common/dynasties name (literal, no CK2 loc key)",Pahada,new key
dynn_fae_4419,"common/dynasties name (literal, no CK2 loc key)",Akisaga,new key
dynn_fae_442,"common/dynasties name (literal, no CK2 loc key)",Gaall,new key
dynn_fae_4420,"common/dynasties name (literal, no CK2 loc key)",Apsan,new key
dynn_fae_4421,"common/dynasties name (literal, no CK2 loc key)",Zhúzi,new key
dynn_fae_4422,"common/dynasties name (literal, no CK2 loc key)",of Ghost Leopard,new key
dynn_fae_4423,"common/dynasties name (literal, no CK2 loc key)",of Fiend's Wing,new key
dynn_fae_4424,"common/dynasties name (literal, no CK2 loc key)",of Bronze Falcon,new key
dynn_fae_4425,"common/dynasties name (literal, no CK2 loc key)",of Enlightened Ring,new key
dynn_fae_4426,"common/dynasties name (literal, no CK2 loc key)",of Yak's Horn,new key
dynn_fae_4427,"common/dynasties name (literal, no CK2 loc key)",Plaguefeather,new key
dynn_fae_4428,"common/dynasties name (literal, no CK2 loc key)",Softpaws,new key
dynn_fae_4429,"common/dynasties name (literal, no CK2 loc key)",Gathank,new key
dynn_fae_443,"common/dynasties name (literal, no CK2 loc key)",Jamok,new key
dynn_fae_4430,"common/dynasties name (literal, no CK2 loc key)",Apshura,new key
dynn_fae_4431,"common/dynasties name (literal, no CK2 loc key)",Cholul,new key
dynn_fae_4432,"common/dynasties name (literal, no CK2 loc key)",Darkoon,new key
dynn_fae_4433,"common/dynasties name (literal, no CK2 loc key)",Xipe,new key
dynn_fae_4434,"common/dynasties name (literal, no CK2 loc key)",al-Nawadi,new key
dynn_fae_4435,"common/dynasties name (literal, no CK2 loc key)",abd al-Azim,new key
dynn_fae_4436,"common/dynasties name (literal, no CK2 loc key)",of Candlekeep,new key
dynn_fae_4437,"common/dynasties name (literal, no CK2 loc key)",Uth Kalm,new key
dynn_fae_4438,"common/dynasties name (literal, no CK2 loc key)",Kurth,new key
dynn_fae_4439,"common/dynasties name (literal, no CK2 loc key)",Baram,new key
dynn_fae_444,"common/dynasties name (literal, no CK2 loc key)",Droverson,new key
dynn_fae_4440,"common/dynasties name (literal, no CK2 loc key)",Suljack,new key
dynn_fae_4441,"common/dynasties name (literal, no CK2 loc key)",Taerl,new key
dynn_fae_4442,"common/dynasties name (literal, no CK2 loc key)",Rethnor,new key
dynn_fae_4443,"common/dynasties name (literal, no CK2 loc key)",Iymrith,new key
dynn_fae_4444,"common/dynasties name (literal, no CK2 loc key)",of the North,new key
dynn_fae_4445,"common/dynasties name (literal, no CK2 loc key)",Porthawk,new key
dynn_fae_4446,"common/dynasties name (literal, no CK2 loc key)",Cloudcast,new key
dynn_fae_4447,"common/dynasties name (literal, no CK2 loc key)",Tancred,new key
dynn_fae_4448,"common/dynasties name (literal, no CK2 loc key)",Daniko,new key
dynn_fae_4449,"common/dynasties name (literal, no CK2 loc key)",Dryndilstann,new key
dynn_fae_445,"common/dynasties name (literal, no CK2 loc key)",Rosznar,new key
dynn_fae_4450,"common/dynasties name (literal, no CK2 loc key)",of the Yawning Portal,new key
dynn_fae_4451,"common/dynasties name (literal, no CK2 loc key)",Radiante,new key
dynn_fae_4452,"common/dynasties name (literal, no CK2 loc key)",Kaldean,new key
dynn_fae_4453,"common/dynasties name (literal, no CK2 loc key)",Vyllshan,new key
dynn_fae_4454,"common/dynasties name (literal, no CK2 loc key)",Orothiar,new key
dynn_fae_4455,"common/dynasties name (literal, no CK2 loc key)",Coldteeth,new key
dynn_fae_4456,"common/dynasties name (literal, no CK2 loc key)",Pureaxe,new key
dynn_fae_4457,"common/dynasties name (literal, no CK2 loc key)",Oldoak,new key
dynn_fae_4458,"common/dynasties name (literal, no CK2 loc key)",Ghostwalker,new key
dynn_fae_4459,"common/dynasties name (literal, no CK2 loc key)",Beastbrother,new key
dynn_fae_446,"common/dynasties name (literal, no CK2 loc key)",Traver,new key
dynn_fae_4460,"common/dynasties name (literal, no CK2 loc key)",Truewinter,new key
dynn_fae_4461,"common/dynasties name (literal, no CK2 loc key)",Frostwood,new key
dynn_fae_4462,"common/dynasties name (literal, no CK2 loc key)",Duskeye,new key
dynn_fae_4463,"common/dynasties name (literal, no CK2 loc key)",Kastiaz,new key
dynn_fae_4464,"common/dynasties name (literal, no CK2 loc key)",Jien,new key
dynn_fae_4465,"common/dynasties name (literal, no CK2 loc key)",Vandree,new key
dynn_fae_4466,"common/dynasties name (literal, no CK2 loc key)",Fey-Branche,new key
dynn_fae_4467,"common/dynasties name (literal, no CK2 loc key)",Spiderkith,new key
dynn_fae_4468,"common/dynasties name (literal, no CK2 loc key)",El-Viddenvelp,new key
dynn_fae_4469,"common/dynasties name (literal, no CK2 loc key)",Scriver,new key
dynn_fae_447,"common/dynasties name (literal, no CK2 loc key)",Darklurker,new key
dynn_fae_4470,"common/dynasties name (literal, no CK2 loc key)",Spinepeak,new key
dynn_fae_4471,"common/dynasties name (literal, no CK2 loc key)",Menzoberranzan,new key
dynn_fae_4472,"common/dynasties name (literal, no CK2 loc key)",Ressapsert,new key
dynn_fae_4473,"common/dynasties name (literal, no CK2 loc key)",Redmark,new key
dynn_fae_4474,"common/dynasties name (literal, no CK2 loc key)",Carrioneater,new key
dynn_fae_4475,"common/dynasties name (literal, no CK2 loc key)",Gloobgloob,new key
dynn_fae_4476,"common/dynasties name (literal, no CK2 loc key)",Shellback,new key
dynn_fae_4477,"common/dynasties name (literal, no CK2 loc key)",Deathface,new key
dynn_fae_4478,"common/dynasties name (literal, no CK2 loc key)",Knox,new key
dynn_fae_4479,"common/dynasties name (literal, no CK2 loc key)",Strongwind,new key
dynn_fae_448,"common/dynasties name (literal, no CK2 loc key)",Rundem,new key
dynn_fae_4480,"common/dynasties name (literal, no CK2 loc key)",Bloop,new key
dynn_fae_4481,"common/dynasties name (literal, no CK2 loc key)",Marivich,new key
dynn_fae_4482,"common/dynasties name (literal, no CK2 loc key)",Dolten,new key
dynn_fae_4483,"common/dynasties name (literal, no CK2 loc key)",Wolfrunner,new key
dynn_fae_4484,"common/dynasties name (literal, no CK2 loc key)",Vorovich,new key
dynn_fae_4485,"common/dynasties name (literal, no CK2 loc key)",Ox,new key
dynn_fae_4486,"common/dynasties name (literal, no CK2 loc key)",Goldscale,new key
dynn_fae_4487,"common/dynasties name (literal, no CK2 loc key)",Ruindelver,new key
dynn_fae_4488,"common/dynasties name (literal, no CK2 loc key)",Brightlocks,new key
dynn_fae_4489,"common/dynasties name (literal, no CK2 loc key)",Valthon,new key
dynn_fae_449,"common/dynasties name (literal, no CK2 loc key)",Sandist,new key
dynn_fae_4490,"common/dynasties name (literal, no CK2 loc key)",Savthynn,new key
dynn_fae_4491,"common/dynasties name (literal, no CK2 loc key)",Terovich,new key
dynn_fae_4492,"common/dynasties name (literal, no CK2 loc key)",Kalash,new key
dynn_fae_4493,"common/dynasties name (literal, no CK2 loc key)",Illomen,new key
dynn_fae_4494,"common/dynasties name (literal, no CK2 loc key)",Eversong,new key
dynn_fae_4495,"common/dynasties name (literal, no CK2 loc key)",Alomber,new key
dynn_fae_4496,"common/dynasties name (literal, no CK2 loc key)",Titanstorm,new key
dynn_fae_4497,"common/dynasties name (literal, no CK2 loc key)",Eldan,new key
dynn_fae_4498,"common/dynasties name (literal, no CK2 loc key)",Asgorath,new key
dynn_fae_4499,"common/dynasties name (literal, no CK2 loc key)",Bittermist,new key
dynn_fae_45,"common/dynasties name (literal, no CK2 loc key)",Haarn,new key
dynn_fae_450,"common/dynasties name (literal, no CK2 loc key)",Linden,new key
dynn_fae_4500,"common/dynasties name (literal, no CK2 loc key)",Silendia,new key
dynn_fae_4501,"common/dynasties name (literal, no CK2 loc key)",yi Calimport,new key
dynn_fae_4502,"common/dynasties name (literal, no CK2 loc key)",el Pesarkhal,new key
dynn_fae_4503,"common/dynasties name (literal, no CK2 loc key)",el Arpooristan,new key
dynn_fae_4504,"common/dynasties name (literal, no CK2 loc key)",el Synnabat,new key
dynn_fae_4505,"common/dynasties name (literal, no CK2 loc key)",el Djenispool,new key
dynn_fae_4506,"common/dynasties name (literal, no CK2 loc key)",Shoon,new key
dynn_fae_4507,"common/dynasties name (literal, no CK2 loc key)",al Aktorral,new key
dynn_fae_4508,"common/dynasties name (literal, no CK2 loc key)",el Tavarn,new key
dynn_fae_4509,"common/dynasties name (literal, no CK2 loc key)",el Jhotos,new key
dynn_fae_451,"common/dynasties name (literal, no CK2 loc key)",Sunblight,new key
dynn_fae_4510,"common/dynasties name (literal, no CK2 loc key)",Dorluu,new key
dynn_fae_4511,"common/dynasties name (literal, no CK2 loc key)",Malklyn,new key
dynn_fae_4512,"common/dynasties name (literal, no CK2 loc key)",Duum,new key
dynn_fae_4513,"common/dynasties name (literal, no CK2 loc key)",el Ashnarti,new key
dynn_fae_4514,"common/dynasties name (literal, no CK2 loc key)",el Sujil,new key
dynn_fae_4515,"common/dynasties name (literal, no CK2 loc key)",yi Schamedar,new key
dynn_fae_4516,"common/dynasties name (literal, no CK2 loc key)",Tharovin,new key
dynn_fae_4517,"common/dynasties name (literal, no CK2 loc key)",el Moadyph,new key
dynn_fae_4518,"common/dynasties name (literal, no CK2 loc key)",Wahrim,new key
dynn_fae_4519,"common/dynasties name (literal, no CK2 loc key)",el Vitendi,new key
dynn_fae_452,"common/dynasties name (literal, no CK2 loc key)",Grimforge,new key
dynn_fae_4520,"common/dynasties name (literal, no CK2 loc key)",el Galanar,new key
dynn_fae_4521,"common/dynasties name (literal, no CK2 loc key)",Basha,new key
dynn_fae_4522,"common/dynasties name (literal, no CK2 loc key)",Dumein,new key
dynn_fae_4523,"common/dynasties name (literal, no CK2 loc key)",Jassan,new key
dynn_fae_4524,"common/dynasties name (literal, no CK2 loc key)",Khalid,new key
dynn_fae_4525,"common/dynasties name (literal, no CK2 loc key)",Mostana,new key
dynn_fae_4526,"common/dynasties name (literal, no CK2 loc key)",Pashar,new key
dynn_fae_4527,"common/dynasties name (literal, no CK2 loc key)",Rein,new key
dynn_fae_4528,"common/dynasties name (literal, no CK2 loc key)",Fanzir,new key
dynn_fae_4529,"common/dynasties name (literal, no CK2 loc key)",Speldarnshar,new key
dynn_fae_453,"common/dynasties name (literal, no CK2 loc key)",Darkgleam,new key
dynn_fae_4530,"common/dynasties name (literal, no CK2 loc key)",el Daosiin,new key
dynn_fae_4531,"common/dynasties name (literal, no CK2 loc key)",Morlin,new key
dynn_fae_4532,"common/dynasties name (literal, no CK2 loc key)",Myntharan,new key
dynn_fae_4533,"common/dynasties name (literal, no CK2 loc key)",yn Bashir,new key
dynn_fae_4534,"common/dynasties name (literal, no CK2 loc key)",yn Basra,new key
dynn_fae_4535,"common/dynasties name (literal, no CK2 loc key)",Mersem,new key
dynn_fae_4536,"common/dynasties name (literal, no CK2 loc key)",Bashid,new key
dynn_fae_4537,"common/dynasties name (literal, no CK2 loc key)",Sahali,new key
dynn_fae_4538,"common/dynasties name (literal, no CK2 loc key)",el-Risad,new key
dynn_fae_4539,"common/dynasties name (literal, no CK2 loc key)",yn Mekali,new key
dynn_fae_454,"common/dynasties name (literal, no CK2 loc key)",Razorblade,new key
dynn_fae_4540,"common/dynasties name (literal, no CK2 loc key)",yi Ishmal,new key
dynn_fae_4541,"common/dynasties name (literal, no CK2 loc key)",Abd al-Rahman,new key
dynn_fae_4542,"common/dynasties name (literal, no CK2 loc key)",Yazeen,new key
dynn_fae_4543,"common/dynasties name (literal, no CK2 loc key)",Hashar,new key
dynn_fae_4544,"common/dynasties name (literal, no CK2 loc key)",al-Hayy,new key
dynn_fae_4545,"common/dynasties name (literal, no CK2 loc key)",Yassin,new key
dynn_fae_4546,"common/dynasties name (literal, no CK2 loc key)",al-Shakur,new key
dynn_fae_4547,"common/dynasties name (literal, no CK2 loc key)",al-Imam,new key
dynn_fae_4548,"common/dynasties name (literal, no CK2 loc key)",Younis,new key
dynn_fae_4549,"common/dynasties name (literal, no CK2 loc key)",Wahid,new key
dynn_fae_455,"common/dynasties name (literal, no CK2 loc key)",Draknor,new key
dynn_fae_4550,"common/dynasties name (literal, no CK2 loc key)",Omer,new key
dynn_fae_4551,"common/dynasties name (literal, no CK2 loc key)",Moghaddam,new key
dynn_fae_4552,"common/dynasties name (literal, no CK2 loc key)",Avarrk,new key
dynn_fae_4553,"common/dynasties name (literal, no CK2 loc key)",Zadeh,new key
dynn_fae_4554,"common/dynasties name (literal, no CK2 loc key)",al-Abdeh,new key
dynn_fae_4555,"common/dynasties name (literal, no CK2 loc key)",al-Khan,new key
dynn_fae_4556,"common/dynasties name (literal, no CK2 loc key)",Zafar,new key
dynn_fae_4557,"common/dynasties name (literal, no CK2 loc key)",al-Abood,new key
dynn_fae_4558,"common/dynasties name (literal, no CK2 loc key)",Tamer,new key
dynn_fae_4559,"common/dynasties name (literal, no CK2 loc key)",al-Tabatabai,new key
dynn_fae_456,"common/dynasties name (literal, no CK2 loc key)",Jarduth,new key
dynn_fae_4560,"common/dynasties name (literal, no CK2 loc key)",Malak,new key
dynn_fae_4561,"common/dynasties name (literal, no CK2 loc key)",Majeed,new key
dynn_fae_4562,"common/dynasties name (literal, no CK2 loc key)",al-Akram,new key
dynn_fae_4563,"common/dynasties name (literal, no CK2 loc key)",al-Atallah,new key
dynn_fae_4564,"common/dynasties name (literal, no CK2 loc key)",Sultan,new key
dynn_fae_4565,"common/dynasties name (literal, no CK2 loc key)",al-Hussein,new key
dynn_fae_4566,"common/dynasties name (literal, no CK2 loc key)",Popal,new key
dynn_fae_4567,"common/dynasties name (literal, no CK2 loc key)",Usman,new key
dynn_fae_4568,"common/dynasties name (literal, no CK2 loc key)",Emami,new key
dynn_fae_4569,"common/dynasties name (literal, no CK2 loc key)",Habibi,new key
dynn_fae_457,"common/dynasties name (literal, no CK2 loc key)",Boralail,new key
dynn_fae_4570,"common/dynasties name (literal, no CK2 loc key)",al-Dawood,new key
dynn_fae_4571,"common/dynasties name (literal, no CK2 loc key)",Sadek,new key
dynn_fae_4572,"common/dynasties name (literal, no CK2 loc key)",Fahmy,new key
dynn_fae_4573,"common/dynasties name (literal, no CK2 loc key)",Carim,new key
dynn_fae_4574,"common/dynasties name (literal, no CK2 loc key)",Entreri,new key
dynn_fae_4575,"common/dynasties name (literal, no CK2 loc key)",Morlindar,new key
dynn_fae_4576,"common/dynasties name (literal, no CK2 loc key)",Stornar,new key
dynn_fae_4577,"common/dynasties name (literal, no CK2 loc key)",Kenric,new key
dynn_fae_4578,"common/dynasties name (literal, no CK2 loc key)",Balik,new key
dynn_fae_4579,"common/dynasties name (literal, no CK2 loc key)",Vintorian,new key
dynn_fae_458,"common/dynasties name (literal, no CK2 loc key)",Cander,new key
dynn_fae_4580,"common/dynasties name (literal, no CK2 loc key)",Trecask,new key
dynn_fae_4581,"common/dynasties name (literal, no CK2 loc key)",Telthornstars,new key
dynn_fae_4582,"common/dynasties name (literal, no CK2 loc key)",as-Sirrayni,new key
dynn_fae_4583,"common/dynasties name (literal, no CK2 loc key)",Zikzorishka,new key
dynn_fae_4584,"common/dynasties name (literal, no CK2 loc key)",Malebranche,new key
dynn_fae_4585,"common/dynasties name (literal, no CK2 loc key)",Heldeofol,new key
dynn_fae_4586,"common/dynasties name (literal, no CK2 loc key)",Verslindend,new key
dynn_fae_4587,"common/dynasties name (literal, no CK2 loc key)",Redetin,new key
dynn_fae_4588,"common/dynasties name (literal, no CK2 loc key)",Eoten,new key
dynn_fae_4589,"common/dynasties name (literal, no CK2 loc key)",Sureggolid,new key
dynn_fae_459,"common/dynasties name (literal, no CK2 loc key)",Thione,new key
dynn_fae_4590,"common/dynasties name (literal, no CK2 loc key)",Khorulas,new key
dynn_fae_4591,"common/dynasties name (literal, no CK2 loc key)",Sakhait,new key
dynn_fae_4592,"common/dynasties name (literal, no CK2 loc key)",Kigal,new key
dynn_fae_4593,"common/dynasties name (literal, no CK2 loc key)",Istananu,new key
dynn_fae_4594,"common/dynasties name (literal, no CK2 loc key)",Gal,new key
dynn_fae_4595,"common/dynasties name (literal, no CK2 loc key)",Baltil,new key
dynn_fae_4596,"common/dynasties name (literal, no CK2 loc key)",Ekalli,new key
dynn_fae_4597,"common/dynasties name (literal, no CK2 loc key)",al-Akir,new key
dynn_fae_4598,"common/dynasties name (literal, no CK2 loc key)",Kasimid,new key
dynn_fae_4599,"common/dynasties name (literal, no CK2 loc key)",al-Qabri,new key
dynn_fae_46,"common/dynasties name (literal, no CK2 loc key)",Rimeaxe,new key
dynn_fae_460,"common/dynasties name (literal, no CK2 loc key)",Ersemm,new key
dynn_fae_4600,"common/dynasties name (literal, no CK2 loc key)",al-Musinn,new key
dynn_fae_4601,"common/dynasties name (literal, no CK2 loc key)",Bas,new key
dynn_fae_4602,"common/dynasties name (literal, no CK2 loc key)",an-Nogaron,new key
dynn_fae_4603,"common/dynasties name (literal, no CK2 loc key)",Dhilz,new key
dynn_fae_4604,"common/dynasties name (literal, no CK2 loc key)",Kadarasti,new key
dynn_fae_4605,"common/dynasties name (literal, no CK2 loc key)",Tadabburi,new key
dynn_fae_4606,"common/dynasties name (literal, no CK2 loc key)",Iltifati,new key
dynn_fae_4607,"common/dynasties name (literal, no CK2 loc key)",Shan,new key
dynn_fae_4608,"common/dynasties name (literal, no CK2 loc key)",Harnan,new key
dynn_fae_4609,"common/dynasties name (literal, no CK2 loc key)",Thaldat,new key
dynn_fae_461,"common/dynasties name (literal, no CK2 loc key)",el Tarimar,new key
dynn_fae_4610,"common/dynasties name (literal, no CK2 loc key)",Zamr,new key
dynn_fae_4611,"common/dynasties name (literal, no CK2 loc key)",Haladr,new key
dynn_fae_4612,"common/dynasties name (literal, no CK2 loc key)",Azzu,new key
dynn_fae_4613,"common/dynasties name (literal, no CK2 loc key)",Mrnan,new key
dynn_fae_4614,"common/dynasties name (literal, no CK2 loc key)",Adod,new key
dynn_fae_4615,"common/dynasties name (literal, no CK2 loc key)",Zaht,new key
dynn_fae_4616,"common/dynasties name (literal, no CK2 loc key)",at-Tawil,new key
dynn_fae_4617,"common/dynasties name (literal, no CK2 loc key)",al-Hahiri,new key
dynn_fae_4618,"common/dynasties name (literal, no CK2 loc key)",Agyrtclughwaur,new key
dynn_fae_4619,"common/dynasties name (literal, no CK2 loc key)",Wyrmforest,new key
dynn_fae_462,"common/dynasties name (literal, no CK2 loc key)",Hannid,new key
dynn_fae_4620,"common/dynasties name (literal, no CK2 loc key)",Mafradi,new key
dynn_fae_4621,"common/dynasties name (literal, no CK2 loc key)",al-Tadabburi,new key
dynn_fae_4622,"common/dynasties name (literal, no CK2 loc key)",al-Qanadadi,new key
dynn_fae_4623,"common/dynasties name (literal, no CK2 loc key)",Nawali,new key
dynn_fae_4624,"common/dynasties name (literal, no CK2 loc key)",al-Gimisi,new key
dynn_fae_4625,"common/dynasties name (literal, no CK2 loc key)",al-Tayaraani,new key
dynn_fae_4626,"common/dynasties name (literal, no CK2 loc key)",al-Tayabuki,new key
dynn_fae_4627,"common/dynasties name (literal, no CK2 loc key)",Thasaama,new key
dynn_fae_4628,"common/dynasties name (literal, no CK2 loc key)",Kitbez,new key
dynn_fae_4629,"common/dynasties name (literal, no CK2 loc key)",Kajiarut,new key
dynn_fae_463,"common/dynasties name (literal, no CK2 loc key)",Nelom,new key
dynn_fae_4630,"common/dynasties name (literal, no CK2 loc key)",Valkho,new key
dynn_fae_4631,"common/dynasties name (literal, no CK2 loc key)",Sigrami,new key
dynn_fae_4632,"common/dynasties name (literal, no CK2 loc key)",Kaust,new key
dynn_fae_4633,"common/dynasties name (literal, no CK2 loc key)",Soathar,new key
dynn_fae_4634,"common/dynasties name (literal, no CK2 loc key)",Mahazaki,new key
dynn_fae_4635,"common/dynasties name (literal, no CK2 loc key)",al-Ankati,new key
dynn_fae_4636,"common/dynasties name (literal, no CK2 loc key)",Ghassul,new key
dynn_fae_4637,"common/dynasties name (literal, no CK2 loc key)",Samphos,new key
dynn_fae_4638,"common/dynasties name (literal, no CK2 loc key)",Buk,new key
dynn_fae_4639,"common/dynasties name (literal, no CK2 loc key)",Nilotpala,new key
dynn_fae_464,"common/dynasties name (literal, no CK2 loc key)",Memnon,new key
dynn_fae_4640,"common/dynasties name (literal, no CK2 loc key)",al-Harmi,new key
dynn_fae_4641,"common/dynasties name (literal, no CK2 loc key)",Zenos,new key
dynn_fae_4642,"common/dynasties name (literal, no CK2 loc key)",Anxini,new key
dynn_fae_4643,"common/dynasties name (literal, no CK2 loc key)",Squamid,new key
dynn_fae_4644,"common/dynasties name (literal, no CK2 loc key)",al-Dakani,new key
dynn_fae_4645,"common/dynasties name (literal, no CK2 loc key)",az-Khunjati,new key
dynn_fae_4646,"common/dynasties name (literal, no CK2 loc key)",al-Hilmi,new key
dynn_fae_4647,"common/dynasties name (literal, no CK2 loc key)",al-Faris,new key
dynn_fae_4648,"common/dynasties name (literal, no CK2 loc key)",al-Haris,new key
dynn_fae_4649,"common/dynasties name (literal, no CK2 loc key)",al-Tayyar,new key
dynn_fae_465,"common/dynasties name (literal, no CK2 loc key)",Salim,new key
dynn_fae_4650,"common/dynasties name (literal, no CK2 loc key)",Silent Arrow,new key
dynn_fae_4651,"common/dynasties name (literal, no CK2 loc key)",al-Kadani,new key
dynn_fae_4652,"common/dynasties name (literal, no CK2 loc key)",al-Kadarasti,new key
dynn_fae_4653,"common/dynasties name (literal, no CK2 loc key)",an-Nagana,new key
dynn_fae_4654,"common/dynasties name (literal, no CK2 loc key)",aq-Qosoderi,new key
dynn_fae_4655,"common/dynasties name (literal, no CK2 loc key)",as-Sayf,new key
dynn_fae_4656,"common/dynasties name (literal, no CK2 loc key)",al-Bahhar,new key
dynn_fae_4657,"common/dynasties name (literal, no CK2 loc key)",al-Qursan,new key
dynn_fae_4658,"common/dynasties name (literal, no CK2 loc key)",Dermatinos,new key
dynn_fae_4659,"common/dynasties name (literal, no CK2 loc key)",as-Sull,new key
dynn_fae_466,"common/dynasties name (literal, no CK2 loc key)",Djanir,new key
dynn_fae_4660,"common/dynasties name (literal, no CK2 loc key)",Heptacheires,new key
dynn_fae_4661,"common/dynasties name (literal, no CK2 loc key)",Hiereia,new key
dynn_fae_4662,"common/dynasties name (literal, no CK2 loc key)",Toal,new key
dynn_fae_4663,"common/dynasties name (literal, no CK2 loc key)",Bhakau,new key
dynn_fae_4664,"common/dynasties name (literal, no CK2 loc key)",al-Affa,new key
dynn_fae_4665,"common/dynasties name (literal, no CK2 loc key)",Tolbert,new key
dynn_fae_4666,"common/dynasties name (literal, no CK2 loc key)",Winterriver,new key
dynn_fae_4667,"common/dynasties name (literal, no CK2 loc key)",Anterra,new key
dynn_fae_4668,"common/dynasties name (literal, no CK2 loc key)",yi Calim,new key
dynn_fae_4669,"common/dynasties name (literal, no CK2 loc key)",Shamat,new key
dynn_fae_467,"common/dynasties name (literal, no CK2 loc key)",Spidereater,new key
dynn_fae_4670,"common/dynasties name (literal, no CK2 loc key)",al-Halwi,new key
dynn_fae_4671,"common/dynasties name (literal, no CK2 loc key)",al-Wasati,new key
dynn_fae_4672,"common/dynasties name (literal, no CK2 loc key)",Halarkoun,new key
dynn_fae_4673,"common/dynasties name (literal, no CK2 loc key)",Taumalaer,new key
dynn_fae_4674,"common/dynasties name (literal, no CK2 loc key)",Ozno,new key
dynn_fae_4675,"common/dynasties name (literal, no CK2 loc key)",Omlarent,new key
dynn_fae_4676,"common/dynasties name (literal, no CK2 loc key)",Alkauth,new key
dynn_fae_4677,"common/dynasties name (literal, no CK2 loc key)",Vonthurlen,new key
dynn_fae_4678,"common/dynasties name (literal, no CK2 loc key)",Haeltront,new key
dynn_fae_4679,"common/dynasties name (literal, no CK2 loc key)",Sulkoond,new key
dynn_fae_468,"common/dynasties name (literal, no CK2 loc key)",Haraad,new key
dynn_fae_4680,"common/dynasties name (literal, no CK2 loc key)",Mahantir,new key
dynn_fae_4681,"common/dynasties name (literal, no CK2 loc key)",Taunthorl,new key
dynn_fae_4682,"common/dynasties name (literal, no CK2 loc key)",Hlyvvyn,new key
dynn_fae_4683,"common/dynasties name (literal, no CK2 loc key)",Wulyrabur,new key
dynn_fae_4684,"common/dynasties name (literal, no CK2 loc key)",Tartram,new key
dynn_fae_4685,"common/dynasties name (literal, no CK2 loc key)",Ungalast,new key
dynn_fae_4686,"common/dynasties name (literal, no CK2 loc key)",Tarthant,new key
dynn_fae_4687,"common/dynasties name (literal, no CK2 loc key)",Nethembril,new key
dynn_fae_4688,"common/dynasties name (literal, no CK2 loc key)",Tethlizard,new key
dynn_fae_4689,"common/dynasties name (literal, no CK2 loc key)",Halaunt,new key
dynn_fae_469,"common/dynasties name (literal, no CK2 loc key)",Karslem,new key
dynn_fae_4690,"common/dynasties name (literal, no CK2 loc key)",Brazantur,new key
dynn_fae_4691,"common/dynasties name (literal, no CK2 loc key)",Vorluth,new key
dynn_fae_4692,"common/dynasties name (literal, no CK2 loc key)",Ilvur,new key
dynn_fae_4693,"common/dynasties name (literal, no CK2 loc key)",Pheldanther,new key
dynn_fae_4694,"common/dynasties name (literal, no CK2 loc key)",Taelthoun,new key
dynn_fae_4695,"common/dynasties name (literal, no CK2 loc key)",Balandur,new key
dynn_fae_4696,"common/dynasties name (literal, no CK2 loc key)",Balaor,new key
dynn_fae_4697,"common/dynasties name (literal, no CK2 loc key)",Valmalurth,new key
dynn_fae_4698,"common/dynasties name (literal, no CK2 loc key)",Hone,new key
dynn_fae_4699,"common/dynasties name (literal, no CK2 loc key)",Hrezzend,new key
dynn_fae_47,"common/dynasties name (literal, no CK2 loc key)",Rolsk,new key
dynn_fae_470,"common/dynasties name (literal, no CK2 loc key)",Falconrise,new key
dynn_fae_4700,"common/dynasties name (literal, no CK2 loc key)",Ultan,new key
dynn_fae_4701,"common/dynasties name (literal, no CK2 loc key)",Thazmran,new key
dynn_fae_4702,"common/dynasties name (literal, no CK2 loc key)",Haundor,new key
dynn_fae_4703,"common/dynasties name (literal, no CK2 loc key)",Dondravur,new key
dynn_fae_4704,"common/dynasties name (literal, no CK2 loc key)",Thisskim,new key
dynn_fae_4705,"common/dynasties name (literal, no CK2 loc key)",Szeltothur,new key
dynn_fae_4706,"common/dynasties name (literal, no CK2 loc key)",Daoloar,new key
dynn_fae_4707,"common/dynasties name (literal, no CK2 loc key)",Quaund,new key
dynn_fae_4708,"common/dynasties name (literal, no CK2 loc key)",Sakkandar,new key
dynn_fae_4709,"common/dynasties name (literal, no CK2 loc key)",Uldryth,new key
dynn_fae_471,"common/dynasties name (literal, no CK2 loc key)",Westwatcher,new key
dynn_fae_4710,"common/dynasties name (literal, no CK2 loc key)",Onstran,new key
dynn_fae_4711,"common/dynasties name (literal, no CK2 loc key)",Urtraunt,new key
dynn_fae_4712,"common/dynasties name (literal, no CK2 loc key)",Lyontul,new key
dynn_fae_4713,"common/dynasties name (literal, no CK2 loc key)",Yulraph,new key
dynn_fae_4714,"common/dynasties name (literal, no CK2 loc key)",Kadorn,new key
dynn_fae_4715,"common/dynasties name (literal, no CK2 loc key)",Mulsymm,new key
dynn_fae_4716,"common/dynasties name (literal, no CK2 loc key)",Beldrard,new key
dynn_fae_4717,"common/dynasties name (literal, no CK2 loc key)",Alavrandur,new key
dynn_fae_4718,"common/dynasties name (literal, no CK2 loc key)",Senda,new key
dynn_fae_4719,"common/dynasties name (literal, no CK2 loc key)",Rothzauna,new key
dynn_fae_472,"common/dynasties name (literal, no CK2 loc key)",Saltstorm,new key
dynn_fae_4720,"common/dynasties name (literal, no CK2 loc key)",Taltyn,new key
dynn_fae_4721,"common/dynasties name (literal, no CK2 loc key)",Xander,new key
dynn_fae_4722,"common/dynasties name (literal, no CK2 loc key)",Velkroon,new key
dynn_fae_4723,"common/dynasties name (literal, no CK2 loc key)",Harhethur,new key
dynn_fae_4724,"common/dynasties name (literal, no CK2 loc key)",Eltorlabbar,new key
dynn_fae_4725,"common/dynasties name (literal, no CK2 loc key)",Sussavrel,new key
dynn_fae_4726,"common/dynasties name (literal, no CK2 loc key)",Thelvurt,new key
dynn_fae_4727,"common/dynasties name (literal, no CK2 loc key)",Thundle,new key
dynn_fae_4728,"common/dynasties name (literal, no CK2 loc key)",Lapramkullet,new key
dynn_fae_4729,"common/dynasties name (literal, no CK2 loc key)",Brenlaur,new key
dynn_fae_473,"common/dynasties name (literal, no CK2 loc key)",Calim,new key
dynn_fae_4730,"common/dynasties name (literal, no CK2 loc key)",Nlouvryn,new key
dynn_fae_4731,"common/dynasties name (literal, no CK2 loc key)",Belhrin,new key
dynn_fae_4732,"common/dynasties name (literal, no CK2 loc key)",Deldusk,new key
dynn_fae_4733,"common/dynasties name (literal, no CK2 loc key)",Rendrel,new key
dynn_fae_4734,"common/dynasties name (literal, no CK2 loc key)",Mahlout,new key
dynn_fae_4735,"common/dynasties name (literal, no CK2 loc key)",Duthengo,new key
dynn_fae_4736,"common/dynasties name (literal, no CK2 loc key)",Delnym,new key
dynn_fae_4737,"common/dynasties name (literal, no CK2 loc key)",Lorulaunt,new key
dynn_fae_4738,"common/dynasties name (literal, no CK2 loc key)",Surtarpryn,new key
dynn_fae_4739,"common/dynasties name (literal, no CK2 loc key)",Helyndrul,new key
dynn_fae_474,"common/dynasties name (literal, no CK2 loc key)",el Arhapan,new key
dynn_fae_4740,"common/dynasties name (literal, no CK2 loc key)",Larantheir,new key
dynn_fae_4741,"common/dynasties name (literal, no CK2 loc key)",Toranadur,new key
dynn_fae_4742,"common/dynasties name (literal, no CK2 loc key)",Toslav,new key
dynn_fae_4743,"common/dynasties name (literal, no CK2 loc key)",Shezluth,new key
dynn_fae_4744,"common/dynasties name (literal, no CK2 loc key)",Tranch,new key
dynn_fae_4745,"common/dynasties name (literal, no CK2 loc key)",Nalek,new key
dynn_fae_4746,"common/dynasties name (literal, no CK2 loc key)",Kalandavur,new key
dynn_fae_4747,"common/dynasties name (literal, no CK2 loc key)",Arkhuld,new key
dynn_fae_4748,"common/dynasties name (literal, no CK2 loc key)",Bhandras,new key
dynn_fae_4749,"common/dynasties name (literal, no CK2 loc key)",Dlool,new key
dynn_fae_475,"common/dynasties name (literal, no CK2 loc key)",Navrem,new key
dynn_fae_4750,"common/dynasties name (literal, no CK2 loc key)",Chanzult,new key
dynn_fae_4751,"common/dynasties name (literal, no CK2 loc key)",Orlaudhvar,new key
dynn_fae_4752,"common/dynasties name (literal, no CK2 loc key)",Moondown,new key
dynn_fae_4753,"common/dynasties name (literal, no CK2 loc key)",Halig,new key
dynn_fae_4754,"common/dynasties name (literal, no CK2 loc key)",Tharbanner,new key
dynn_fae_4755,"common/dynasties name (literal, no CK2 loc key)",Ilmram,new key
dynn_fae_4756,"common/dynasties name (literal, no CK2 loc key)",Immul,new key
dynn_fae_4757,"common/dynasties name (literal, no CK2 loc key)",Maersakkhan,new key
dynn_fae_4758,"common/dynasties name (literal, no CK2 loc key)",Hulthroun,new key
dynn_fae_4759,"common/dynasties name (literal, no CK2 loc key)",Qilhurth,new key
dynn_fae_476,"common/dynasties name (literal, no CK2 loc key)",el Sadiir,new key
dynn_fae_4760,"common/dynasties name (literal, no CK2 loc key)",Miirathoyor,new key
dynn_fae_4761,"common/dynasties name (literal, no CK2 loc key)",Hurbrakh,new key
dynn_fae_4762,"common/dynasties name (literal, no CK2 loc key)",Luzkund,new key
dynn_fae_4763,"common/dynasties name (literal, no CK2 loc key)",Tlaroarah,new key
dynn_fae_4764,"common/dynasties name (literal, no CK2 loc key)",Wuldragon,new key
dynn_fae_4765,"common/dynasties name (literal, no CK2 loc key)",Hornwyntur,new key
dynn_fae_4766,"common/dynasties name (literal, no CK2 loc key)",Dajent,new key
dynn_fae_4767,"common/dynasties name (literal, no CK2 loc key)",Bethandor,new key
dynn_fae_4768,"common/dynasties name (literal, no CK2 loc key)",Dazarl,new key
dynn_fae_4769,"common/dynasties name (literal, no CK2 loc key)",Tultryaun,new key
dynn_fae_477,"common/dynasties name (literal, no CK2 loc key)",el Ziiram,new key
dynn_fae_4770,"common/dynasties name (literal, no CK2 loc key)",Pryath,new key
dynn_fae_4771,"common/dynasties name (literal, no CK2 loc key)",Muranthur,new key
dynn_fae_4772,"common/dynasties name (literal, no CK2 loc key)",Havandhar,new key
dynn_fae_4773,"common/dynasties name (literal, no CK2 loc key)",Dazant,new key
dynn_fae_4774,"common/dynasties name (literal, no CK2 loc key)",Irkhann,new key
dynn_fae_4775,"common/dynasties name (literal, no CK2 loc key)",Thylen,new key
dynn_fae_4776,"common/dynasties name (literal, no CK2 loc key)",Tasharaka,new key
dynn_fae_4777,"common/dynasties name (literal, no CK2 loc key)",Huzlepard,new key
dynn_fae_4778,"common/dynasties name (literal, no CK2 loc key)",Uolauphant,new key
dynn_fae_4779,"common/dynasties name (literal, no CK2 loc key)",Sturlast,new key
dynn_fae_478,"common/dynasties name (literal, no CK2 loc key)",el Karamiran,new key
dynn_fae_4780,"common/dynasties name (literal, no CK2 loc key)",Gokont,new key
dynn_fae_4781,"common/dynasties name (literal, no CK2 loc key)",Yamraharr,new key
dynn_fae_4782,"common/dynasties name (literal, no CK2 loc key)",Amru,new key
dynn_fae_4783,"common/dynasties name (literal, no CK2 loc key)",Sampranar,new key
dynn_fae_4784,"common/dynasties name (literal, no CK2 loc key)",Harlrammon,new key
dynn_fae_4785,"common/dynasties name (literal, no CK2 loc key)",Ulmur,new key
dynn_fae_4786,"common/dynasties name (literal, no CK2 loc key)",Malambrar,new key
dynn_fae_4787,"common/dynasties name (literal, no CK2 loc key)",Taston,new key
dynn_fae_4788,"common/dynasties name (literal, no CK2 loc key)",Chazant,new key
dynn_fae_4789,"common/dynasties name (literal, no CK2 loc key)",Azanth,new key
dynn_fae_479,"common/dynasties name (literal, no CK2 loc key)",Ysaad,new key
dynn_fae_4790,"common/dynasties name (literal, no CK2 loc key)",Rhal,new key
dynn_fae_4791,"common/dynasties name (literal, no CK2 loc key)",Morgast,new key
dynn_fae_4792,"common/dynasties name (literal, no CK2 loc key)",Qulshrine,new key
dynn_fae_4793,"common/dynasties name (literal, no CK2 loc key)",Darprentar,new key
dynn_fae_4794,"common/dynasties name (literal, no CK2 loc key)",Vulkym,new key
dynn_fae_4795,"common/dynasties name (literal, no CK2 loc key)",Aunuth,new key
dynn_fae_4796,"common/dynasties name (literal, no CK2 loc key)",Thalont,new key
dynn_fae_4797,"common/dynasties name (literal, no CK2 loc key)",Thrammon,new key
dynn_fae_4798,"common/dynasties name (literal, no CK2 loc key)",Tul,new key
dynn_fae_4799,"common/dynasties name (literal, no CK2 loc key)",Stornpost,new key
dynn_fae_48,"common/dynasties name (literal, no CK2 loc key)",Riever,new key
dynn_fae_480,"common/dynasties name (literal, no CK2 loc key)",Haeram,new key
dynn_fae_4800,"common/dynasties name (literal, no CK2 loc key)",Selemchant,new key
dynn_fae_4801,"common/dynasties name (literal, no CK2 loc key)",Alibakkar,new key
dynn_fae_4802,"common/dynasties name (literal, no CK2 loc key)",Gheldieg,new key
dynn_fae_4803,"common/dynasties name (literal, no CK2 loc key)",Colwyvv,new key
dynn_fae_4804,"common/dynasties name (literal, no CK2 loc key)",Xornnag,new key
dynn_fae_4805,"common/dynasties name (literal, no CK2 loc key)",Jysstev,new key
dynn_fae_4806,"common/dynasties name (literal, no CK2 loc key)",Vemmil,new key
dynn_fae_4807,"common/dynasties name (literal, no CK2 loc key)",Dannihyr,new key
dynn_fae_4808,"common/dynasties name (literal, no CK2 loc key)",Q'Helvor,new key
dynn_fae_4809,"common/dynasties name (literal, no CK2 loc key)",Tanislove,new key
dynn_fae_481,"common/dynasties name (literal, no CK2 loc key)",Bindo,new key
dynn_fae_4810,"common/dynasties name (literal, no CK2 loc key)",Vinson,new key
dynn_fae_4811,"common/dynasties name (literal, no CK2 loc key)",Argrim,new key
dynn_fae_4812,"common/dynasties name (literal, no CK2 loc key)",Lurraxol,new key
dynn_fae_4813,"common/dynasties name (literal, no CK2 loc key)",Bormul,new key
dynn_fae_4814,"common/dynasties name (literal, no CK2 loc key)",Ophal,new key
dynn_fae_4815,"common/dynasties name (literal, no CK2 loc key)",Vymmar,new key
dynn_fae_4816,"common/dynasties name (literal, no CK2 loc key)",Zoar,new key
dynn_fae_4817,"common/dynasties name (literal, no CK2 loc key)",Bladesmile,new key
dynn_fae_4818,"common/dynasties name (literal, no CK2 loc key)",Krimmevol,new key
dynn_fae_4819,"common/dynasties name (literal, no CK2 loc key)",Crytrapper,new key
dynn_fae_482,"common/dynasties name (literal, no CK2 loc key)",Djoloonid,new key
dynn_fae_4820,"common/dynasties name (literal, no CK2 loc key)",Coprith,new key
dynn_fae_4821,"common/dynasties name (literal, no CK2 loc key)",Ulvax,new key
dynn_fae_4822,"common/dynasties name (literal, no CK2 loc key)",Akhmelere,new key
dynn_fae_4823,"common/dynasties name (literal, no CK2 loc key)",Basilayer,new key
dynn_fae_4824,"common/dynasties name (literal, no CK2 loc key)",Yhliivast,new key
dynn_fae_4825,"common/dynasties name (literal, no CK2 loc key)",Quelbeard,new key
dynn_fae_4826,"common/dynasties name (literal, no CK2 loc key)",Torlath,new key
dynn_fae_4827,"common/dynasties name (literal, no CK2 loc key)",Arbas,new key
dynn_fae_4828,"common/dynasties name (literal, no CK2 loc key)",Wavegold,new key
dynn_fae_4829,"common/dynasties name (literal, no CK2 loc key)",Mornhelm,new key
dynn_fae_483,"common/dynasties name (literal, no CK2 loc key)",Navid,new key
dynn_fae_4830,"common/dynasties name (literal, no CK2 loc key)",Parhek,new key
dynn_fae_4831,"common/dynasties name (literal, no CK2 loc key)",Lenter,new key
dynn_fae_4832,"common/dynasties name (literal, no CK2 loc key)",Ghastkill,new key
dynn_fae_4833,"common/dynasties name (literal, no CK2 loc key)",Minsor,new key
dynn_fae_4834,"common/dynasties name (literal, no CK2 loc key)",Sollarite,new key
dynn_fae_4835,"common/dynasties name (literal, no CK2 loc key)",Nash,new key
dynn_fae_4836,"common/dynasties name (literal, no CK2 loc key)",Braethar,new key
dynn_fae_4837,"common/dynasties name (literal, no CK2 loc key)",Villax,new key
dynn_fae_4838,"common/dynasties name (literal, no CK2 loc key)",Delryn,new key
dynn_fae_4839,"common/dynasties name (literal, no CK2 loc key)",Firecam,new key
dynn_fae_484,"common/dynasties name (literal, no CK2 loc key)",Kamel,new key
dynn_fae_4840,"common/dynasties name (literal, no CK2 loc key)",de'Arnise,new key
dynn_fae_4841,"common/dynasties name (literal, no CK2 loc key)",Corthala,new key
dynn_fae_4842,"common/dynasties name (literal, no CK2 loc key)",Torlath,new key
dynn_fae_4843,"common/dynasties name (literal, no CK2 loc key)",Nashivaar,new key
dynn_fae_4844,"common/dynasties name (literal, no CK2 loc key)",Gilmax,new key
dynn_fae_4845,"common/dynasties name (literal, no CK2 loc key)",Undrin,new key
dynn_fae_4846,"common/dynasties name (literal, no CK2 loc key)",Keczull,new key
dynn_fae_4847,"common/dynasties name (literal, no CK2 loc key)",Loman,new key
dynn_fae_4848,"common/dynasties name (literal, no CK2 loc key)",Tenba,new key
dynn_fae_4849,"common/dynasties name (literal, no CK2 loc key)",Mithridas,new key
dynn_fae_485,"common/dynasties name (literal, no CK2 loc key)",Shazir,new key
dynn_fae_4850,"common/dynasties name (literal, no CK2 loc key)",Riven,new key
dynn_fae_4851,"common/dynasties name (literal, no CK2 loc key)",Lorridar,new key
dynn_fae_4852,"common/dynasties name (literal, no CK2 loc key)",Shaesarl,new key
dynn_fae_4853,"common/dynasties name (literal, no CK2 loc key)",Tarnis,new key
dynn_fae_4854,"common/dynasties name (literal, no CK2 loc key)",Arklen,new key
dynn_fae_4855,"common/dynasties name (literal, no CK2 loc key)",of Bral,new key
dynn_fae_4856,"common/dynasties name (literal, no CK2 loc key)",Dissengulp,new key
dynn_fae_4857,"common/dynasties name (literal, no CK2 loc key)",Adamantelpiece,new key
dynn_fae_4858,"common/dynasties name (literal, no CK2 loc key)",Axebarrel,new key
dynn_fae_4859,"common/dynasties name (literal, no CK2 loc key)",Wroot,new key
dynn_fae_486,"common/dynasties name (literal, no CK2 loc key)",Parsiv,new key
dynn_fae_4860,"common/dynasties name (literal, no CK2 loc key)",Blackenrock,new key
dynn_fae_4861,"common/dynasties name (literal, no CK2 loc key)",Bluefingers,new key
dynn_fae_4862,"common/dynasties name (literal, no CK2 loc key)",Coaxrock,new key
dynn_fae_4863,"common/dynasties name (literal, no CK2 loc key)",Crackedquartz,new key
dynn_fae_4864,"common/dynasties name (literal, no CK2 loc key)",Daglefodd,new key
dynn_fae_4865,"common/dynasties name (literal, no CK2 loc key)",Deeprock,new key
dynn_fae_4866,"common/dynasties name (literal, no CK2 loc key)",Diggermattock,new key
dynn_fae_4867,"common/dynasties name (literal, no CK2 loc key)",Dripskillet,new key
dynn_fae_4868,"common/dynasties name (literal, no CK2 loc key)",Flintknapper,new key
dynn_fae_4869,"common/dynasties name (literal, no CK2 loc key)",Foamstrap,new key
dynn_fae_487,"common/dynasties name (literal, no CK2 loc key)",el Arslam,new key
dynn_fae_4870,"common/dynasties name (literal, no CK2 loc key)",Forth,new key
dynn_fae_4871,"common/dynasties name (literal, no CK2 loc key)",Glitterstone,new key
dynn_fae_4872,"common/dynasties name (literal, no CK2 loc key)",Goldwhisker,new key
dynn_fae_4873,"common/dynasties name (literal, no CK2 loc key)",Gravelstock,new key
dynn_fae_4874,"common/dynasties name (literal, no CK2 loc key)",Graveltoe,new key
dynn_fae_4875,"common/dynasties name (literal, no CK2 loc key)",Breachgnome,new key
dynn_fae_4876,"common/dynasties name (literal, no CK2 loc key)",Pathshutter,new key
dynn_fae_4877,"common/dynasties name (literal, no CK2 loc key)",Pestle,new key
dynn_fae_4878,"common/dynasties name (literal, no CK2 loc key)",Pickshine,new key
dynn_fae_4879,"common/dynasties name (literal, no CK2 loc key)",Plickenstint,new key
dynn_fae_488,"common/dynasties name (literal, no CK2 loc key)",Zafi,new key
dynn_fae_4880,"common/dynasties name (literal, no CK2 loc key)",Riffenhammer,new key
dynn_fae_4881,"common/dynasties name (literal, no CK2 loc key)",Rivenstone,new key
dynn_fae_4882,"common/dynasties name (literal, no CK2 loc key)",Scrapedust,new key
dynn_fae_4883,"common/dynasties name (literal, no CK2 loc key)",Shadowsong,new key
dynn_fae_4884,"common/dynasties name (literal, no CK2 loc key)",Shroomlight,new key
dynn_fae_4885,"common/dynasties name (literal, no CK2 loc key)",Stonesinger,new key
dynn_fae_4886,"common/dynasties name (literal, no CK2 loc key)",Tapfinger,new key
dynn_fae_4887,"common/dynasties name (literal, no CK2 loc key)",Gomwenk,new key
dynn_fae_4888,"common/dynasties name (literal, no CK2 loc key)",Patatak,new key
dynn_fae_4889,"common/dynasties name (literal, no CK2 loc key)",Snokkok,new key
dynn_fae_489,"common/dynasties name (literal, no CK2 loc key)",Ravoud,new key
dynn_fae_4890,"common/dynasties name (literal, no CK2 loc key)",Keryjek,new key
dynn_fae_4891,"common/dynasties name (literal, no CK2 loc key)",Shakkak,new key
dynn_fae_4892,"common/dynasties name (literal, no CK2 loc key)",Shistak,new key
dynn_fae_4893,"common/dynasties name (literal, no CK2 loc key)",Makkitt,new key
dynn_fae_4894,"common/dynasties name (literal, no CK2 loc key)",Morrowikik,new key
dynn_fae_4895,"common/dynasties name (literal, no CK2 loc key)",Ertyky,new key
dynn_fae_4896,"common/dynasties name (literal, no CK2 loc key)",Tuutsaas,new key
dynn_fae_4897,"common/dynasties name (literal, no CK2 loc key)",Denvenar,new key
dynn_fae_4898,"common/dynasties name (literal, no CK2 loc key)",Memtyn,new key
dynn_fae_4899,"common/dynasties name (literal, no CK2 loc key)",Rylafyrn,new key
dynn_fae_49,"common/dynasties name (literal, no CK2 loc key)",Krigvind,new key
dynn_fae_490,"common/dynasties name (literal, no CK2 loc key)",el-Sabbak,new key
dynn_fae_4900,"common/dynasties name (literal, no CK2 loc key)",Smoulderburn,new key
dynn_fae_4901,"common/dynasties name (literal, no CK2 loc key)",Tsunglyl,new key
dynn_fae_4902,"common/dynasties name (literal, no CK2 loc key)",of Gracklstugh,new key
dynn_fae_4903,"common/dynasties name (literal, no CK2 loc key)",Noldrun,new key
dynn_fae_4904,"common/dynasties name (literal, no CK2 loc key)",of the Warrens,new key
dynn_fae_4905,"common/dynasties name (literal, no CK2 loc key)",of Diirinka,new key
dynn_fae_4906,"common/dynasties name (literal, no CK2 loc key)",of Dunspeirrin,new key
dynn_fae_4907,"common/dynasties name (literal, no CK2 loc key)",Covarrkar,new key
dynn_fae_4908,"common/dynasties name (literal, no CK2 loc key)",Fungusfoot,new key
dynn_fae_4909,"common/dynasties name (literal, no CK2 loc key)",Glasszhorm,new key
dynn_fae_491,"common/dynasties name (literal, no CK2 loc key)",Taverid,new key
dynn_fae_4910,"common/dynasties name (literal, no CK2 loc key)",Longstepper,new key
dynn_fae_4911,"common/dynasties name (literal, no CK2 loc key)",Kichavo,new key
dynn_fae_4912,"common/dynasties name (literal, no CK2 loc key)",Than,new key
dynn_fae_4913,"common/dynasties name (literal, no CK2 loc key)",Apkallu,new key
dynn_fae_4914,"common/dynasties name (literal, no CK2 loc key)",Naqanyi,new key
dynn_fae_4915,"common/dynasties name (literal, no CK2 loc key)",Draether,new key
dynn_fae_4916,"common/dynasties name (literal, no CK2 loc key)",Salanger,new key
dynn_fae_4917,"common/dynasties name (literal, no CK2 loc key)",Daerivyn,new key
dynn_fae_4918,"common/dynasties name (literal, no CK2 loc key)",of Sreve,new key
dynn_fae_4919,"common/dynasties name (literal, no CK2 loc key)",Dulrathran,new key
dynn_fae_492,"common/dynasties name (literal, no CK2 loc key)",Umar,new key
dynn_fae_4920,"common/dynasties name (literal, no CK2 loc key)",Daycloaks,new key
dynn_fae_4921,"common/dynasties name (literal, no CK2 loc key)",Daerathal,new key
dynn_fae_4922,"common/dynasties name (literal, no CK2 loc key)",Telgara,new key
dynn_fae_4923,"common/dynasties name (literal, no CK2 loc key)",Maerglauthyn,new key
dynn_fae_4924,"common/dynasties name (literal, no CK2 loc key)",Orlaer,new key
dynn_fae_4925,"common/dynasties name (literal, no CK2 loc key)",Anagathiir,new key
dynn_fae_4926,"common/dynasties name (literal, no CK2 loc key)",Faerglamer,new key
dynn_fae_4927,"common/dynasties name (literal, no CK2 loc key)",Nalonkriver,new key
dynn_fae_4928,"common/dynasties name (literal, no CK2 loc key)",Constulgrael,new key
dynn_fae_4929,"common/dynasties name (literal, no CK2 loc key)",Jalensifer,new key
dynn_fae_493,"common/dynasties name (literal, no CK2 loc key)",Grumok,new key
dynn_fae_4930,"common/dynasties name (literal, no CK2 loc key)",Dalabar,new key
dynn_fae_4931,"common/dynasties name (literal, no CK2 loc key)",Dathril,new key
dynn_fae_4932,"common/dynasties name (literal, no CK2 loc key)",Sauntarae,new key
dynn_fae_4933,"common/dynasties name (literal, no CK2 loc key)",Starnardyn,new key
dynn_fae_4934,"common/dynasties name (literal, no CK2 loc key)",Tusselvarr,new key
dynn_fae_4935,"common/dynasties name (literal, no CK2 loc key)",Ildagh,new key
dynn_fae_4936,"common/dynasties name (literal, no CK2 loc key)",Mountrant,new key
dynn_fae_4937,"common/dynasties name (literal, no CK2 loc key)",Fleetmoor,new key
dynn_fae_4938,"common/dynasties name (literal, no CK2 loc key)",Lawkland,new key
dynn_fae_4939,"common/dynasties name (literal, no CK2 loc key)",Grethgar,new key
dynn_fae_494,"common/dynasties name (literal, no CK2 loc key)",C'thag,new key
dynn_fae_4940,"common/dynasties name (literal, no CK2 loc key)",Orlumboran,new key
dynn_fae_4941,"common/dynasties name (literal, no CK2 loc key)",Lauthdryn,new key
dynn_fae_4942,"common/dynasties name (literal, no CK2 loc key)",Dunrohiyr,new key
dynn_fae_4943,"common/dynasties name (literal, no CK2 loc key)",Tarsil,new key
dynn_fae_4944,"common/dynasties name (literal, no CK2 loc key)",Imdrar,new key
dynn_fae_4945,"common/dynasties name (literal, no CK2 loc key)",Yarven,new key
dynn_fae_4946,"common/dynasties name (literal, no CK2 loc key)",Turntower,new key
dynn_fae_4947,"common/dynasties name (literal, no CK2 loc key)",Ghemelt,new key
dynn_fae_4948,"common/dynasties name (literal, no CK2 loc key)",Torstren,new key
dynn_fae_4949,"common/dynasties name (literal, no CK2 loc key)",Athelzedar,new key
dynn_fae_495,"common/dynasties name (literal, no CK2 loc key)",Jamisar,new key
dynn_fae_4950,"common/dynasties name (literal, no CK2 loc key)",Drathchuld,new key
dynn_fae_4951,"common/dynasties name (literal, no CK2 loc key)",Vaerovree,new key
dynn_fae_4952,"common/dynasties name (literal, no CK2 loc key)",Silent Arrow,new key
dynn_fae_4953,"common/dynasties name (literal, no CK2 loc key)",Iron,new key
dynn_fae_4954,"common/dynasties name (literal, no CK2 loc key)",t'Shaddath,new key
dynn_fae_4955,"common/dynasties name (literal, no CK2 loc key)",Chermosk,new key
dynn_fae_4956,"common/dynasties name (literal, no CK2 loc key)",Shaedis,new key
dynn_fae_4957,"common/dynasties name (literal, no CK2 loc key)",Argith,new key
dynn_fae_4958,"common/dynasties name (literal, no CK2 loc key)",Azzagrat,new key
dynn_fae_4959,"common/dynasties name (literal, no CK2 loc key)",Stoutheart,new key
dynn_fae_496,"common/dynasties name (literal, no CK2 loc key)",Kelpthar,new key
dynn_fae_4960,"common/dynasties name (literal, no CK2 loc key)",Putrefaxis,new key
dynn_fae_4961,"common/dynasties name (literal, no CK2 loc key)",Darkfell,new key
dynn_fae_4962,"common/dynasties name (literal, no CK2 loc key)",Mhaelosi,new key
dynn_fae_4963,"common/dynasties name (literal, no CK2 loc key)",Narlbeth,new key
dynn_fae_4964,"common/dynasties name (literal, no CK2 loc key)",Gorymaul,new key
dynn_fae_4965,"common/dynasties name (literal, no CK2 loc key)",Direlord,new key
dynn_fae_4966,"common/dynasties name (literal, no CK2 loc key)",Vizzini,new key
dynn_fae_4967,"common/dynasties name (literal, no CK2 loc key)",Bosco,new key
dynn_fae_4968,"common/dynasties name (literal, no CK2 loc key)",della Torre,new key
dynn_fae_4969,"common/dynasties name (literal, no CK2 loc key)",della Lama,new key
dynn_fae_497,"common/dynasties name (literal, no CK2 loc key)",SeKase,new key
dynn_fae_4970,"common/dynasties name (literal, no CK2 loc key)",del Lago,new key
dynn_fae_4971,"common/dynasties name (literal, no CK2 loc key)",Goadulphyn,new key
dynn_fae_4972,"common/dynasties name (literal, no CK2 loc key)",of Ithmong,new key
dynn_fae_4973,"common/dynasties name (literal, no CK2 loc key)",Storalg,new key
dynn_fae_4974,"common/dynasties name (literal, no CK2 loc key)",Swartsvin,new key
dynn_fae_4975,"common/dynasties name (literal, no CK2 loc key)",Deepwater,new key
dynn_fae_4976,"common/dynasties name (literal, no CK2 loc key)",Anwahri,new key
dynn_fae_4977,"common/dynasties name (literal, no CK2 loc key)",Huntcrown,new key
dynn_fae_4978,"common/dynasties name (literal, no CK2 loc key)",Beraven,new key
dynn_fae_4979,"common/dynasties name (literal, no CK2 loc key)",Jorinyr,new key
dynn_fae_498,"common/dynasties name (literal, no CK2 loc key)",SeBirem,new key
dynn_fae_4980,"common/dynasties name (literal, no CK2 loc key)",Windrun,new key
dynn_fae_4981,"common/dynasties name (literal, no CK2 loc key)",Starwater,new key
dynn_fae_4982,"common/dynasties name (literal, no CK2 loc key)",Skatterhawk,new key
dynn_fae_4983,"common/dynasties name (literal, no CK2 loc key)",Chaslaranlas,new key
dynn_fae_4984,"common/dynasties name (literal, no CK2 loc key)",Fallenstars,new key
dynn_fae_4985,"common/dynasties name (literal, no CK2 loc key)",Greenhand,new key
dynn_fae_4986,"common/dynasties name (literal, no CK2 loc key)",Kazraat,new key
dynn_fae_4987,"common/dynasties name (literal, no CK2 loc key)",Manxome,new key
dynn_fae_4988,"common/dynasties name (literal, no CK2 loc key)",Pthetik,new key
dynn_fae_4989,"common/dynasties name (literal, no CK2 loc key)",Chûmavh,new key
dynn_fae_499,"common/dynasties name (literal, no CK2 loc key)",SeNolende,new key
dynn_fae_4990,"common/dynasties name (literal, no CK2 loc key)",T'sarran,new key
dynn_fae_4991,"common/dynasties name (literal, no CK2 loc key)",Gratezian,new key
dynn_fae_4992,"common/dynasties name (literal, no CK2 loc key)",Carceral,new key
dynn_fae_4993,"common/dynasties name (literal, no CK2 loc key)",Tarterian,new key
dynn_fae_4994,"common/dynasties name (literal, no CK2 loc key)",Othryd,new key
dynn_fae_4995,"common/dynasties name (literal, no CK2 loc key)",Kathryd,new key
dynn_fae_4996,"common/dynasties name (literal, no CK2 loc key)",Minethyd,new key
dynn_fae_4997,"common/dynasties name (literal, no CK2 loc key)",Kolothyd,new key
dynn_fae_4998,"common/dynasties name (literal, no CK2 loc key)",Porphatyd,new key
dynn_fae_4999,"common/dynasties name (literal, no CK2 loc key)",Agathyd,new key
dynn_fae_5,"common/dynasties name (literal, no CK2 loc key)",Deathstalker,new key
dynn_fae_50,"common/dynasties name (literal, no CK2 loc key)",Sturm,new key
dynn_fae_500,"common/dynasties name (literal, no CK2 loc key)",Obarskyr,new key
dynn_fae_5000,"common/dynasties name (literal, no CK2 loc key)",Dignantos,new key
dynn_fae_5001,"common/dynasties name (literal, no CK2 loc key)",Snakeshade,new key
dynn_fae_5002,"common/dynasties name (literal, no CK2 loc key)",Eldarharbor,new key
dynn_fae_5003,"common/dynasties name (literal, no CK2 loc key)",Vasai,new key
dynn_fae_5004,"common/dynasties name (literal, no CK2 loc key)",Brisirest,new key
dynn_fae_5005,"common/dynasties name (literal, no CK2 loc key)",Grimewind,new key
dynn_fae_5006,"common/dynasties name (literal, no CK2 loc key)",Wolfreach,new key
dynn_fae_5007,"common/dynasties name (literal, no CK2 loc key)",Mudshire,new key
dynn_fae_5008,"common/dynasties name (literal, no CK2 loc key)",Skyhigh,new key
dynn_fae_5009,"common/dynasties name (literal, no CK2 loc key)",Taizzah,new key
dynn_fae_501,"common/dynasties name (literal, no CK2 loc key)",Turcassan,new key
dynn_fae_5010,"common/dynasties name (literal, no CK2 loc key)",Malre,new key
dynn_fae_5011,"common/dynasties name (literal, no CK2 loc key)",Moeas,new key
dynn_fae_5012,"common/dynasties name (literal, no CK2 loc key)",Appna,new key
dynn_fae_5013,"common/dynasties name (literal, no CK2 loc key)",Gorrio,new key
dynn_fae_5014,"common/dynasties name (literal, no CK2 loc key)",Laciar,new key
dynn_fae_5015,"common/dynasties name (literal, no CK2 loc key)",Sexca,new key
dynn_fae_5016,"common/dynasties name (literal, no CK2 loc key)",Caieus,new key
dynn_fae_5017,"common/dynasties name (literal, no CK2 loc key)",Asael,new key
dynn_fae_5018,"common/dynasties name (literal, no CK2 loc key)",Abordabe,new key
dynn_fae_5019,"common/dynasties name (literal, no CK2 loc key)",Qu'encesta,new key
dynn_fae_502,"common/dynasties name (literal, no CK2 loc key)",Cormaeril,new key
dynn_fae_5020,"common/dynasties name (literal, no CK2 loc key)",Dag Nost,new key
dynn_fae_5021,"common/dynasties name (literal, no CK2 loc key)",Aingst,new key
dynn_fae_5022,"common/dynasties name (literal, no CK2 loc key)",Var,new key
dynn_fae_5023,"common/dynasties name (literal, no CK2 loc key)",Qu'ima,new key
dynn_fae_5024,"common/dynasties name (literal, no CK2 loc key)",Ragnor,new key
dynn_fae_5025,"common/dynasties name (literal, no CK2 loc key)",Creel,new key
dynn_fae_5026,"common/dynasties name (literal, no CK2 loc key)",Far Quey,new key
dynn_fae_5027,"common/dynasties name (literal, no CK2 loc key)",Blightheart,new key
dynn_fae_5028,"common/dynasties name (literal, no CK2 loc key)",Jannath,new key
dynn_fae_5029,"common/dynasties name (literal, no CK2 loc key)",Haggar,new key
dynn_fae_503,"common/dynasties name (literal, no CK2 loc key)",of Esparin,new key
dynn_fae_5030,"common/dynasties name (literal, no CK2 loc key)",Kark,new key
dynn_fae_5031,"common/dynasties name (literal, no CK2 loc key)",Carwyth,new key
dynn_fae_5032,"common/dynasties name (literal, no CK2 loc key)",Mufdan,new key
dynn_fae_5033,"common/dynasties name (literal, no CK2 loc key)",Thellblade,new key
dynn_fae_5034,"common/dynasties name (literal, no CK2 loc key)",Furcloak,new key
dynn_fae_5035,"common/dynasties name (literal, no CK2 loc key)",Vaegould,new key
dynn_fae_5036,"common/dynasties name (literal, no CK2 loc key)",Varm,new key
dynn_fae_5037,"common/dynasties name (literal, no CK2 loc key)",Balindre,new key
dynn_fae_5038,"common/dynasties name (literal, no CK2 loc key)",Ilinvur,new key
dynn_fae_5039,"common/dynasties name (literal, no CK2 loc key)",Telstang,new key
dynn_fae_504,"common/dynasties name (literal, no CK2 loc key)",Crownsilver,new key
dynn_fae_5040,"common/dynasties name (literal, no CK2 loc key)",Naed,new key
dynn_fae_5041,"common/dynasties name (literal, no CK2 loc key)",Vathar,new key
dynn_fae_5042,"common/dynasties name (literal, no CK2 loc key)",Barze,new key
dynn_fae_5043,"common/dynasties name (literal, no CK2 loc key)",Horreb,new key
dynn_fae_5044,"common/dynasties name (literal, no CK2 loc key)",Vane,new key
dynn_fae_5045,"common/dynasties name (literal, no CK2 loc key)",Maltorus,new key
dynn_fae_5046,"common/dynasties name (literal, no CK2 loc key)",Rogan,new key
dynn_fae_5047,"common/dynasties name (literal, no CK2 loc key)",Vercy,new key
dynn_fae_5048,"common/dynasties name (literal, no CK2 loc key)",Glisterpath,new key
dynn_fae_5049,"common/dynasties name (literal, no CK2 loc key)",Powrie,new key
dynn_fae_505,"common/dynasties name (literal, no CK2 loc key)",Drauthglas,new key
dynn_fae_5050,"common/dynasties name (literal, no CK2 loc key)",Avang,new key
dynn_fae_5051,"common/dynasties name (literal, no CK2 loc key)",t'Amtar,new key
dynn_fae_5052,"common/dynasties name (literal, no CK2 loc key)",t'Lluir,new key
dynn_fae_5053,"common/dynasties name (literal, no CK2 loc key)",t'Rethild,new key
dynn_fae_5054,"common/dynasties name (literal, no CK2 loc key)",t'Kethid,new key
dynn_fae_5055,"common/dynasties name (literal, no CK2 loc key)",Rat-tamer,new key
dynn_fae_5056,"common/dynasties name (literal, no CK2 loc key)",Cloakthief,new key
dynn_fae_5057,"common/dynasties name (literal, no CK2 loc key)",Deathvine,new key
dynn_fae_5058,"common/dynasties name (literal, no CK2 loc key)",Apeslayer,new key
dynn_fae_5059,"common/dynasties name (literal, no CK2 loc key)",Dakonfoe,new key
dynn_fae_506,"common/dynasties name (literal, no CK2 loc key)",Huntsilver,new key
dynn_fae_5060,"common/dynasties name (literal, no CK2 loc key)",Greenshade,new key
dynn_fae_5061,"common/dynasties name (literal, no CK2 loc key)",Amorian,new key
dynn_fae_5062,"common/dynasties name (literal, no CK2 loc key)",Eronian,new key
dynn_fae_5063,"common/dynasties name (literal, no CK2 loc key)",Belieric,new key
dynn_fae_5064,"common/dynasties name (literal, no CK2 loc key)",Thalasian,new key
dynn_fae_5065,"common/dynasties name (literal, no CK2 loc key)",Avalonian,new key
dynn_fae_5066,"common/dynasties name (literal, no CK2 loc key)",Truegrove,new key
dynn_fae_5067,"common/dynasties name (literal, no CK2 loc key)",Succor,new key
dynn_fae_5068,"common/dynasties name (literal, no CK2 loc key)",Woodhaven,new key
dynn_fae_5069,"common/dynasties name (literal, no CK2 loc key)",Tethridar,new key
dynn_fae_507,"common/dynasties name (literal, no CK2 loc key)",Wyrvar,new key
dynn_fae_5070,"common/dynasties name (literal, no CK2 loc key)",Ro Stau,new key
dynn_fae_5071,"common/dynasties name (literal, no CK2 loc key)",Everfair,new key
dynn_fae_5072,"common/dynasties name (literal, no CK2 loc key)",Rosyheart,new key
dynn_fae_5073,"common/dynasties name (literal, no CK2 loc key)",Sathian,new key
dynn_fae_5074,"common/dynasties name (literal, no CK2 loc key)",Shelterwing,new key
dynn_fae_5075,"common/dynasties name (literal, no CK2 loc key)",Elysian,new key
dynn_fae_5076,"common/dynasties name (literal, no CK2 loc key)",Nkosi,new key
dynn_fae_5077,"common/dynasties name (literal, no CK2 loc key)",Nekatashaka,new key
dynn_fae_5078,"common/dynasties name (literal, no CK2 loc key)",Masango,new key
dynn_fae_5079,"common/dynasties name (literal, no CK2 loc key)",Macharia,new key
dynn_fae_508,"common/dynasties name (literal, no CK2 loc key)",Halabarr,new key
dynn_fae_5080,"common/dynasties name (literal, no CK2 loc key)",Dlamini,new key
dynn_fae_5081,"common/dynasties name (literal, no CK2 loc key)",Mai,new key
dynn_fae_5082,"common/dynasties name (literal, no CK2 loc key)",Omvulag,new key
dynn_fae_5083,"common/dynasties name (literal, no CK2 loc key)",Ma,new key
dynn_fae_5084,"common/dynasties name (literal, no CK2 loc key)",Val,new key
dynn_fae_5085,"common/dynasties name (literal, no CK2 loc key)",Darkling,new key
dynn_fae_5086,"common/dynasties name (literal, no CK2 loc key)",Rocksmash,new key
dynn_fae_5087,"common/dynasties name (literal, no CK2 loc key)",Roenall,new key
dynn_fae_5088,"common/dynasties name (literal, no CK2 loc key)",Firkraag,new key
dynn_fae_5089,"common/dynasties name (literal, no CK2 loc key)",Windspear,new key
dynn_fae_509,"common/dynasties name (literal, no CK2 loc key)",Truesilver,new key
dynn_fae_5090,"common/dynasties name (literal, no CK2 loc key)",Skullgnasher,new key
dynn_fae_5091,"common/dynasties name (literal, no CK2 loc key)",Akhmelere,new key
dynn_fae_5092,"common/dynasties name (literal, no CK2 loc key)",Cinderheart,new key
dynn_fae_5093,"common/dynasties name (literal, no CK2 loc key)",Draggore,new key
dynn_fae_5094,"common/dynasties name (literal, no CK2 loc key)",Nasadra,new key
dynn_fae_5095,"common/dynasties name (literal, no CK2 loc key)",Everharn,new key
dynn_fae_5096,"common/dynasties name (literal, no CK2 loc key)",Ridaugaur,new key
dynn_fae_5097,"common/dynasties name (literal, no CK2 loc key)",Hammergrim,new key
dynn_fae_5098,"common/dynasties name (literal, no CK2 loc key)",Xothcorlar,new key
dynn_fae_5099,"common/dynasties name (literal, no CK2 loc key)",Imphraezl,new key
dynn_fae_51,"common/dynasties name (literal, no CK2 loc key)",Iymrith,new key
dynn_fae_510,"common/dynasties name (literal, no CK2 loc key)",Selazair,new key
dynn_fae_5100,"common/dynasties name (literal, no CK2 loc key)",Deerscar,new key
dynn_fae_5101,"common/dynasties name (literal, no CK2 loc key)",Heartardith,new key
dynn_fae_5102,"common/dynasties name (literal, no CK2 loc key)",Boyfesa,new key
dynn_fae_5103,"common/dynasties name (literal, no CK2 loc key)",Thece,new key
dynn_fae_5104,"common/dynasties name (literal, no CK2 loc key)",Abinva,new key
dynn_fae_5105,"common/dynasties name (literal, no CK2 loc key)",Zaraece,new key
dynn_fae_5106,"common/dynasties name (literal, no CK2 loc key)",Gilrava,new key
dynn_fae_5107,"common/dynasties name (literal, no CK2 loc key)",Traske,new key
dynn_fae_5108,"common/dynasties name (literal, no CK2 loc key)",Swannma,new key
dynn_fae_5109,"common/dynasties name (literal, no CK2 loc key)",Brineoka,new key
dynn_fae_511,"common/dynasties name (literal, no CK2 loc key)",Emmarask,new key
dynn_fae_5110,"common/dynasties name (literal, no CK2 loc key)",Whitehand,new key
dynn_fae_5111,"common/dynasties name (literal, no CK2 loc key)",Amatel,new key
dynn_fae_5112,"common/dynasties name (literal, no CK2 loc key)",Iceshield,new key
dynn_fae_5113,"common/dynasties name (literal, no CK2 loc key)",Reitnipr,new key
dynn_fae_5114,"common/dynasties name (literal, no CK2 loc key)",Fireash,new key
dynn_fae_5115,"common/dynasties name (literal, no CK2 loc key)",Gedic,new key
dynn_fae_5116,"common/dynasties name (literal, no CK2 loc key)",Rahhost,new key
dynn_fae_5117,"common/dynasties name (literal, no CK2 loc key)",Achnaice,new key
dynn_fae_5118,"common/dynasties name (literal, no CK2 loc key)",Many-Arrows,new key
dynn_fae_5119,"common/dynasties name (literal, no CK2 loc key)",Dummik,new key
dynn_fae_512,"common/dynasties name (literal, no CK2 loc key)",Marliir,new key
dynn_fae_5120,"common/dynasties name (literal, no CK2 loc key)",Horthor,new key
dynn_fae_5121,"common/dynasties name (literal, no CK2 loc key)",Lammar,new key
dynn_fae_5122,"common/dynasties name (literal, no CK2 loc key)",Sormuzhik,new key
dynn_fae_5123,"common/dynasties name (literal, no CK2 loc key)",Turnskull,new key
dynn_fae_5124,"common/dynasties name (literal, no CK2 loc key)",Ulkrunnar,new key
dynn_fae_5125,"common/dynasties name (literal, no CK2 loc key)",Zorgar,new key
dynn_fae_5126,"common/dynasties name (literal, no CK2 loc key)",Colchar,new key
dynn_fae_5127,"common/dynasties name (literal, no CK2 loc key)",Varrdum,new key
dynn_fae_5128,"common/dynasties name (literal, no CK2 loc key)",Loktar,new key
dynn_fae_5129,"common/dynasties name (literal, no CK2 loc key)",Ukrypt,new key
dynn_fae_513,"common/dynasties name (literal, no CK2 loc key)",Lhal,new key
dynn_fae_5130,"common/dynasties name (literal, no CK2 loc key)",Scourge,new key
dynn_fae_5131,"common/dynasties name (literal, no CK2 loc key)",Hymor,new key
dynn_fae_5132,"common/dynasties name (literal, no CK2 loc key)",Longarm,new key
dynn_fae_5133,"common/dynasties name (literal, no CK2 loc key)",Ironfang,new key
dynn_fae_5134,"common/dynasties name (literal, no CK2 loc key)",Deadhand,new key
dynn_fae_5135,"common/dynasties name (literal, no CK2 loc key)",Gash,new key
dynn_fae_5136,"common/dynasties name (literal, no CK2 loc key)",Riptear,new key
dynn_fae_5137,"common/dynasties name (literal, no CK2 loc key)",Blackspear,new key
dynn_fae_5138,"common/dynasties name (literal, no CK2 loc key)",Red Auroch,new key
dynn_fae_5139,"common/dynasties name (literal, no CK2 loc key)",Gorechosen,new key
dynn_fae_514,"common/dynasties name (literal, no CK2 loc key)",Ammaeth,new key
dynn_fae_5140,"common/dynasties name (literal, no CK2 loc key)",Ogor,new key
dynn_fae_5141,"common/dynasties name (literal, no CK2 loc key)",Il-Khan,new key
dynn_fae_5142,"common/dynasties name (literal, no CK2 loc key)",Warcry,new key
dynn_fae_5143,"common/dynasties name (literal, no CK2 loc key)",Severed Hand,new key
dynn_fae_5144,"common/dynasties name (literal, no CK2 loc key)",Bloody Tusk,new key
dynn_fae_5145,"common/dynasties name (literal, no CK2 loc key)",Thousand Fangs,new key
dynn_fae_5146,"common/dynasties name (literal, no CK2 loc key)",Eyegouger,new key
dynn_fae_5147,"common/dynasties name (literal, no CK2 loc key)",Deephammer,new key
dynn_fae_5148,"common/dynasties name (literal, no CK2 loc key)",Snarrl,new key
dynn_fae_5149,"common/dynasties name (literal, no CK2 loc key)",Foultusk,new key
dynn_fae_515,"common/dynasties name (literal, no CK2 loc key)",Dheolur,new key
dynn_fae_5150,"common/dynasties name (literal, no CK2 loc key)",Bladeburn,new key
dynn_fae_5151,"common/dynasties name (literal, no CK2 loc key)",Dreadspear,new key
dynn_fae_5152,"common/dynasties name (literal, no CK2 loc key)",Leadenbone,new key
dynn_fae_5153,"common/dynasties name (literal, no CK2 loc key)",Wyrmsmith,new key
dynn_fae_5154,"common/dynasties name (literal, no CK2 loc key)",Rylafyrn,new key
dynn_fae_5155,"common/dynasties name (literal, no CK2 loc key)",Clairngorm,new key
dynn_fae_5156,"common/dynasties name (literal, no CK2 loc key)",Loretaker,new key
dynn_fae_5157,"common/dynasties name (literal, no CK2 loc key)",Hause,new key
dynn_fae_5158,"common/dynasties name (literal, no CK2 loc key)",Ilsensinian,new key
dynn_fae_5159,"common/dynasties name (literal, no CK2 loc key)",Mandoul,new key
dynn_fae_516,"common/dynasties name (literal, no CK2 loc key)",Lagarr,new key
dynn_fae_5160,"common/dynasties name (literal, no CK2 loc key)",Glargak,new key
dynn_fae_5161,"common/dynasties name (literal, no CK2 loc key)",Wyrmtooth,new key
dynn_fae_5162,"common/dynasties name (literal, no CK2 loc key)",Dwarfslayer,new key
dynn_fae_5163,"common/dynasties name (literal, no CK2 loc key)",Poquelin,new key
dynn_fae_5164,"common/dynasties name (literal, no CK2 loc key)",Bariel,new key
dynn_fae_5165,"common/dynasties name (literal, no CK2 loc key)",Fairhand,new key
dynn_fae_5166,"common/dynasties name (literal, no CK2 loc key)",Frostbeard,new key
dynn_fae_5167,"common/dynasties name (literal, no CK2 loc key)",Southwood,new key
dynn_fae_5168,"common/dynasties name (literal, no CK2 loc key)",Barrow,new key
dynn_fae_5169,"common/dynasties name (literal, no CK2 loc key)",Frindos,new key
dynn_fae_517,"common/dynasties name (literal, no CK2 loc key)",Dauntinghorn,new key
dynn_fae_5170,"common/dynasties name (literal, no CK2 loc key)",Zwilling,new key
dynn_fae_5171,"common/dynasties name (literal, no CK2 loc key)",Verdigris,new key
dynn_fae_5172,"common/dynasties name (literal, no CK2 loc key)",Strongarm,new key
dynn_fae_5173,"common/dynasties name (literal, no CK2 loc key)",Dragonspine,new key
dynn_fae_5174,"common/dynasties name (literal, no CK2 loc key)",Sumber,new key
dynn_fae_5175,"common/dynasties name (literal, no CK2 loc key)",Silverhorn,new key
dynn_fae_5176,"common/dynasties name (literal, no CK2 loc key)",Blusterhelm,new key
dynn_fae_5177,"common/dynasties name (literal, no CK2 loc key)",Splitshield,new key
dynn_fae_5178,"common/dynasties name (literal, no CK2 loc key)",Stormbanner,new key
dynn_fae_5179,"common/dynasties name (literal, no CK2 loc key)",Goldbeard,new key
dynn_fae_518,"common/dynasties name (literal, no CK2 loc key)",Wyvernspur,new key
dynn_fae_5180,"common/dynasties name (literal, no CK2 loc key)",Gutwrench,new key
dynn_fae_5181,"common/dynasties name (literal, no CK2 loc key)",Grimjaw,new key
dynn_fae_5182,"common/dynasties name (literal, no CK2 loc key)",Kalinoth,new key
dynn_fae_5183,"common/dynasties name (literal, no CK2 loc key)",Shatterkeel,new key
dynn_fae_5184,"common/dynasties name (literal, no CK2 loc key)",Urnrayle,new key
dynn_fae_5185,"common/dynasties name (literal, no CK2 loc key)",yi Calimshan,new key
dynn_fae_5186,"common/dynasties name (literal, no CK2 loc key)",Clowler,new key
dynn_fae_5187,"common/dynasties name (literal, no CK2 loc key)",Tinderstrike,new key
dynn_fae_5188,"common/dynasties name (literal, no CK2 loc key)",Pelendralaar,new key
dynn_fae_5189,"common/dynasties name (literal, no CK2 loc key)",Mordrayn,new key
dynn_fae_519,"common/dynasties name (literal, no CK2 loc key)",Aeiulvana,new key
dynn_fae_5190,"common/dynasties name (literal, no CK2 loc key)",Yargray,new key
dynn_fae_5191,"common/dynasties name (literal, no CK2 loc key)",Nether,new key
dynn_fae_5192,"common/dynasties name (literal, no CK2 loc key)",Askrith,new key
dynn_fae_5193,"common/dynasties name (literal, no CK2 loc key)",Calderan,new key
dynn_fae_5194,"common/dynasties name (literal, no CK2 loc key)",Void,new key
dynn_fae_5195,"common/dynasties name (literal, no CK2 loc key)",Icasaracht,new key
dynn_fae_5196,"common/dynasties name (literal, no CK2 loc key)",Honen,new key
dynn_fae_5197,"common/dynasties name (literal, no CK2 loc key)",Bitterrime,new key
dynn_fae_5198,"common/dynasties name (literal, no CK2 loc key)",Vitvurm,new key
dynn_fae_5199,"common/dynasties name (literal, no CK2 loc key)",Icespire,new key
dynn_fae_52,"common/dynasties name (literal, no CK2 loc key)",Viledel,new key
dynn_fae_520,"common/dynasties name (literal, no CK2 loc key)",Rowanmantle,new key
dynn_fae_5200,"common/dynasties name (literal, no CK2 loc key)",Hisben,new key
dynn_fae_5201,"common/dynasties name (literal, no CK2 loc key)",Blackrock,new key
dynn_fae_5202,"common/dynasties name (literal, no CK2 loc key)",Blimth,new key
dynn_fae_5203,"common/dynasties name (literal, no CK2 loc key)",Greatorm,new key
dynn_fae_5204,"common/dynasties name (literal, no CK2 loc key)",Rivenstone,new key
dynn_fae_5205,"common/dynasties name (literal, no CK2 loc key)",Tavartarr,new key
dynn_fae_5206,"common/dynasties name (literal, no CK2 loc key)",Uvarkk,new key
dynn_fae_5207,"common/dynasties name (literal, no CK2 loc key)",Whitehorn,new key
dynn_fae_5208,"common/dynasties name (literal, no CK2 loc key)",Mirrorshade,new key
dynn_fae_5209,"common/dynasties name (literal, no CK2 loc key)",Isynd,new key
dynn_fae_521,"common/dynasties name (literal, no CK2 loc key)",Delzud,new key
dynn_fae_5210,"common/dynasties name (literal, no CK2 loc key)",Bundifeather,new key
dynn_fae_5211,"common/dynasties name (literal, no CK2 loc key)",Handstone,new key
dynn_fae_5212,"common/dynasties name (literal, no CK2 loc key)",Eastmount,new key
dynn_fae_5213,"common/dynasties name (literal, no CK2 loc key)",Gardnersonson,new key
dynn_fae_5214,"common/dynasties name (literal, no CK2 loc key)",Jansen,new key
dynn_fae_5215,"common/dynasties name (literal, no CK2 loc key)",Goldsheen,new key
dynn_fae_5216,"common/dynasties name (literal, no CK2 loc key)",Trundlepickle,new key
dynn_fae_5217,"common/dynasties name (literal, no CK2 loc key)",Toadstool,new key
dynn_fae_5218,"common/dynasties name (literal, no CK2 loc key)",Haerlskeel,new key
dynn_fae_5219,"common/dynasties name (literal, no CK2 loc key)",Fallowfield,new key
dynn_fae_522,"common/dynasties name (literal, no CK2 loc key)",Larkspar,new key
dynn_fae_5220,"common/dynasties name (literal, no CK2 loc key)",Banderfaul,new key
dynn_fae_5221,"common/dynasties name (literal, no CK2 loc key)",Sacgums,new key
dynn_fae_5222,"common/dynasties name (literal, no CK2 loc key)",Fiddlebender,new key
dynn_fae_5223,"common/dynasties name (literal, no CK2 loc key)",Tumblestrum,new key
dynn_fae_5224,"common/dynasties name (literal, no CK2 loc key)",Hazul,new key
dynn_fae_5225,"common/dynasties name (literal, no CK2 loc key)",Habbadar,new key
dynn_fae_5226,"common/dynasties name (literal, no CK2 loc key)",Lorlurduin,new key
dynn_fae_5227,"common/dynasties name (literal, no CK2 loc key)",Naumarkh,new key
dynn_fae_5228,"common/dynasties name (literal, no CK2 loc key)",Murbekh,new key
dynn_fae_5229,"common/dynasties name (literal, no CK2 loc key)",Kalist,new key
dynn_fae_523,"common/dynasties name (literal, no CK2 loc key)",Winter,new key
dynn_fae_5230,"common/dynasties name (literal, no CK2 loc key)",Kauntlann,new key
dynn_fae_5231,"common/dynasties name (literal, no CK2 loc key)",Mlendil,new key
dynn_fae_5232,"common/dynasties name (literal, no CK2 loc key)",Maerence,new key
dynn_fae_5233,"common/dynasties name (literal, no CK2 loc key)",Ulgast,new key
dynn_fae_5234,"common/dynasties name (literal, no CK2 loc key)",Hyrdrar,new key
dynn_fae_5235,"common/dynasties name (literal, no CK2 loc key)",Xamaroth,new key
dynn_fae_5236,"common/dynasties name (literal, no CK2 loc key)",Phandror,new key
dynn_fae_5237,"common/dynasties name (literal, no CK2 loc key)",Multraer,new key
dynn_fae_5238,"common/dynasties name (literal, no CK2 loc key)",Draevyn,new key
dynn_fae_5239,"common/dynasties name (literal, no CK2 loc key)",Shavrath,new key
dynn_fae_524,"common/dynasties name (literal, no CK2 loc key)",Sweetwater,new key
dynn_fae_5240,"common/dynasties name (literal, no CK2 loc key)",Myrantar,new key
dynn_fae_5241,"common/dynasties name (literal, no CK2 loc key)",Maskadder,new key
dynn_fae_5242,"common/dynasties name (literal, no CK2 loc key)",Sarruth,new key
dynn_fae_5243,"common/dynasties name (literal, no CK2 loc key)",Irburl,new key
dynn_fae_5244,"common/dynasties name (literal, no CK2 loc key)",Premble,new key
dynn_fae_5245,"common/dynasties name (literal, no CK2 loc key)",Murleph,new key
dynn_fae_5246,"common/dynasties name (literal, no CK2 loc key)",Raxia,new key
dynn_fae_5247,"common/dynasties name (literal, no CK2 loc key)",Morlah,new key
dynn_fae_5248,"common/dynasties name (literal, no CK2 loc key)",Tjassim,new key
dynn_fae_5249,"common/dynasties name (literal, no CK2 loc key)",Skuulmur,new key
dynn_fae_525,"common/dynasties name (literal, no CK2 loc key)",Guildstaff,new key
dynn_fae_5250,"common/dynasties name (literal, no CK2 loc key)",Taraghar,new key
dynn_fae_5251,"common/dynasties name (literal, no CK2 loc key)",Congaur,new key
dynn_fae_5252,"common/dynasties name (literal, no CK2 loc key)",Orlserpent,new key
dynn_fae_5253,"common/dynasties name (literal, no CK2 loc key)",Mrahout,new key
dynn_fae_5254,"common/dynasties name (literal, no CK2 loc key)",Thola,new key
dynn_fae_5255,"common/dynasties name (literal, no CK2 loc key)",Havandrar,new key
dynn_fae_5256,"common/dynasties name (literal, no CK2 loc key)",Dieyamron,new key
dynn_fae_5257,"common/dynasties name (literal, no CK2 loc key)",Yamos,new key
dynn_fae_5258,"common/dynasties name (literal, no CK2 loc key)",Ralaunthral,new key
dynn_fae_5259,"common/dynasties name (literal, no CK2 loc key)",Nurmarl,new key
dynn_fae_526,"common/dynasties name (literal, no CK2 loc key)",Taper,new key
dynn_fae_5260,"common/dynasties name (literal, no CK2 loc key)",Nikos,new key
dynn_fae_5261,"common/dynasties name (literal, no CK2 loc key)",Touzoon,new key
dynn_fae_5262,"common/dynasties name (literal, no CK2 loc key)",Meilor,new key
dynn_fae_5263,"common/dynasties name (literal, no CK2 loc key)",Arduskan,new key
dynn_fae_5264,"common/dynasties name (literal, no CK2 loc key)",Gaddanth,new key
dynn_fae_5265,"common/dynasties name (literal, no CK2 loc key)",Askaddam,new key
dynn_fae_5266,"common/dynasties name (literal, no CK2 loc key)",Dulkryn,new key
dynn_fae_5267,"common/dynasties name (literal, no CK2 loc key)",Keluthar,new key
dynn_fae_5268,"common/dynasties name (literal, no CK2 loc key)",Bilton,new key
dynn_fae_5269,"common/dynasties name (literal, no CK2 loc key)",Sur,new key
dynn_fae_527,"common/dynasties name (literal, no CK2 loc key)",River,new key
dynn_fae_5270,"common/dynasties name (literal, no CK2 loc key)",Gurza,new key
dynn_fae_5271,"common/dynasties name (literal, no CK2 loc key)",Ozurlur,new key
dynn_fae_5272,"common/dynasties name (literal, no CK2 loc key)",Presqur,new key
dynn_fae_5273,"common/dynasties name (literal, no CK2 loc key)",Dazzakhar,new key
dynn_fae_5274,"common/dynasties name (literal, no CK2 loc key)",Rezild,new key
dynn_fae_5275,"common/dynasties name (literal, no CK2 loc key)",Belabront,new key
dynn_fae_5276,"common/dynasties name (literal, no CK2 loc key)",Lorkhuul,new key
dynn_fae_5277,"common/dynasties name (literal, no CK2 loc key)",Salumandurlar,new key
dynn_fae_5278,"common/dynasties name (literal, no CK2 loc key)",Huthcloak,new key
dynn_fae_5279,"common/dynasties name (literal, no CK2 loc key)",Vulantern,new key
dynn_fae_528,"common/dynasties name (literal, no CK2 loc key)",Hawks,new key
dynn_fae_5280,"common/dynasties name (literal, no CK2 loc key)",Hondur,new key
dynn_fae_5281,"common/dynasties name (literal, no CK2 loc key)",Thazant,new key
dynn_fae_5282,"common/dynasties name (literal, no CK2 loc key)",Uthscimitar,new key
dynn_fae_5283,"common/dynasties name (literal, no CK2 loc key)",Thrultzar,new key
dynn_fae_5284,"common/dynasties name (literal, no CK2 loc key)",Auglathla,new key
dynn_fae_5285,"common/dynasties name (literal, no CK2 loc key)",Winterbreeze,new key
dynn_fae_5286,"common/dynasties name (literal, no CK2 loc key)",Audark,new key
dynn_fae_5287,"common/dynasties name (literal, no CK2 loc key)",Le'Quella,new key
dynn_fae_5288,"common/dynasties name (literal, no CK2 loc key)",Saerthal,new key
dynn_fae_5289,"common/dynasties name (literal, no CK2 loc key)",Naerlath,new key
dynn_fae_529,"common/dynasties name (literal, no CK2 loc key)",Swordmeet,new key
dynn_fae_5290,"common/dynasties name (literal, no CK2 loc key)",Vendarra,new key
dynn_fae_5291,"common/dynasties name (literal, no CK2 loc key)",Siiryltiir,new key
dynn_fae_5292,"common/dynasties name (literal, no CK2 loc key)",Talithyn,new key
dynn_fae_5293,"common/dynasties name (literal, no CK2 loc key)",Biirathyl,new key
dynn_fae_5294,"common/dynasties name (literal, no CK2 loc key)",Silverdale,new key
dynn_fae_5295,"common/dynasties name (literal, no CK2 loc key)",Erembelore,new key
dynn_fae_5296,"common/dynasties name (literal, no CK2 loc key)",Waelynfiir,new key
dynn_fae_5297,"common/dynasties name (literal, no CK2 loc key)",Vaerinhiir,new key
dynn_fae_5298,"common/dynasties name (literal, no CK2 loc key)",al-Shakhami,new key
dynn_fae_5299,"common/dynasties name (literal, no CK2 loc key)",Ascarle,new key
dynn_fae_53,"common/dynasties name (literal, no CK2 loc key)",Dorrg,new key
dynn_fae_530,"common/dynasties name (literal, no CK2 loc key)",Tolbin,new key
dynn_fae_5300,"common/dynasties name (literal, no CK2 loc key)",Shieldbreaker,new key
dynn_fae_5301,"common/dynasties name (literal, no CK2 loc key)",Nighthand,new key
dynn_fae_5302,"common/dynasties name (literal, no CK2 loc key)",Tornears,new key
dynn_fae_5303,"common/dynasties name (literal, no CK2 loc key)",Earsgone,new key
dynn_fae_5304,"common/dynasties name (literal, no CK2 loc key)",Daggerdark,new key
dynn_fae_5305,"common/dynasties name (literal, no CK2 loc key)",Drylund,new key
dynn_fae_5306,"common/dynasties name (literal, no CK2 loc key)",Hatchet,new key
dynn_fae_5307,"common/dynasties name (literal, no CK2 loc key)",Riverrain,new key
dynn_fae_5308,"common/dynasties name (literal, no CK2 loc key)",Archneie,new key
dynn_fae_5309,"common/dynasties name (literal, no CK2 loc key)",al-Zuwaruki,new key
dynn_fae_531,"common/dynasties name (literal, no CK2 loc key)",Swordsong,new key
dynn_fae_5310,"common/dynasties name (literal, no CK2 loc key)",al-Muhib,new key
dynn_fae_5311,"common/dynasties name (literal, no CK2 loc key)",al-Naqusi,new key
dynn_fae_5312,"common/dynasties name (literal, no CK2 loc key)",al-Kaliji,new key
dynn_fae_5313,"common/dynasties name (literal, no CK2 loc key)",Marouth,new key
dynn_fae_5314,"common/dynasties name (literal, no CK2 loc key)",Taltreth,new key
dynn_fae_5315,"common/dynasties name (literal, no CK2 loc key)",Irontusk,new key
dynn_fae_5316,"common/dynasties name (literal, no CK2 loc key)",al-Muti,new key
dynn_fae_5317,"common/dynasties name (literal, no CK2 loc key)",al-Hudidi,new key
dynn_fae_5318,"common/dynasties name (literal, no CK2 loc key)",al-Fanusi,new key
dynn_fae_5319,"common/dynasties name (literal, no CK2 loc key)",al-Sumuki,new key
dynn_fae_532,"common/dynasties name (literal, no CK2 loc key)",Silversmith,new key
dynn_fae_5320,"common/dynasties name (literal, no CK2 loc key)",Bathyd,new key
dynn_fae_5321,"common/dynasties name (literal, no CK2 loc key)",al-Munammi,new key
dynn_fae_5322,"common/dynasties name (literal, no CK2 loc key)",al-Talabi,new key
dynn_fae_5323,"common/dynasties name (literal, no CK2 loc key)",al-Uruj,new key
dynn_fae_5324,"common/dynasties name (literal, no CK2 loc key)",al-Bahri,new key
dynn_fae_5325,"common/dynasties name (literal, no CK2 loc key)",al-Dinak,new key
dynn_fae_5326,"common/dynasties name (literal, no CK2 loc key)",al-Abibi,new key
dynn_fae_5327,"common/dynasties name (literal, no CK2 loc key)",al-Peri,new key
dynn_fae_5328,"common/dynasties name (literal, no CK2 loc key)",al-Tajari,new key
dynn_fae_5329,"common/dynasties name (literal, no CK2 loc key)",al-Maribari,new key
dynn_fae_533,"common/dynasties name (literal, no CK2 loc key)",Dimswart,new key
dynn_fae_5330,"common/dynasties name (literal, no CK2 loc key)",al-Samaki,new key
dynn_fae_5331,"common/dynasties name (literal, no CK2 loc key)",al-Jumlati,new key
dynn_fae_5332,"common/dynasties name (literal, no CK2 loc key)",ad-Dabu,new key
dynn_fae_5333,"common/dynasties name (literal, no CK2 loc key)",al-Niraan,new key
dynn_fae_5334,"common/dynasties name (literal, no CK2 loc key)",Sandan,new key
dynn_fae_5335,"common/dynasties name (literal, no CK2 loc key)",ar-Rakib,new key
dynn_fae_5336,"common/dynasties name (literal, no CK2 loc key)",al-Sidi,new key
dynn_fae_5337,"common/dynasties name (literal, no CK2 loc key)",al-Qudri,new key
dynn_fae_5338,"common/dynasties name (literal, no CK2 loc key)",al-Utaqi,new key
dynn_fae_5339,"common/dynasties name (literal, no CK2 loc key)",as-Samaliyy,new key
dynn_fae_534,"common/dynasties name (literal, no CK2 loc key)",Redbeard,new key
dynn_fae_5340,"common/dynasties name (literal, no CK2 loc key)",al-Muklis,new key
dynn_fae_5341,"common/dynasties name (literal, no CK2 loc key)",al-Wafiyy,new key
dynn_fae_5342,"common/dynasties name (literal, no CK2 loc key)",al-Ghayth,new key
dynn_fae_5343,"common/dynasties name (literal, no CK2 loc key)",al-Mudafi,new key
dynn_fae_5344,"common/dynasties name (literal, no CK2 loc key)",al-Hamin,new key
dynn_fae_5345,"common/dynasties name (literal, no CK2 loc key)",as-Suja,new key
dynn_fae_5346,"common/dynasties name (literal, no CK2 loc key)",al-Jasur,new key
dynn_fae_5347,"common/dynasties name (literal, no CK2 loc key)",al-Jari,new key
dynn_fae_5348,"common/dynasties name (literal, no CK2 loc key)",al-Muwalin,new key
dynn_fae_5349,"common/dynasties name (literal, no CK2 loc key)",al-Ha'im,new key
dynn_fae_535,"common/dynasties name (literal, no CK2 loc key)",Ildool,new key
dynn_fae_5350,"common/dynasties name (literal, no CK2 loc key)",Dambrai,new key
dynn_fae_5351,"common/dynasties name (literal, no CK2 loc key)",abd-al-Yahruq,new key
dynn_fae_5352,"common/dynasties name (literal, no CK2 loc key)",al-Mursal,new key
dynn_fae_5353,"common/dynasties name (literal, no CK2 loc key)",al-Jaf,new key
dynn_fae_5354,"common/dynasties name (literal, no CK2 loc key)",al Zam'an,new key
dynn_fae_5355,"common/dynasties name (literal, no CK2 loc key)",al-Atsan,new key
dynn_fae_5356,"common/dynasties name (literal, no CK2 loc key)",as-Sahir,new key
dynn_fae_5357,"common/dynasties name (literal, no CK2 loc key)",abd-al-Muhlis,new key
dynn_fae_5358,"common/dynasties name (literal, no CK2 loc key)",an-Nadir,new key
dynn_fae_5359,"common/dynasties name (literal, no CK2 loc key)",abd-al-Nasik,new key
dynn_fae_536,"common/dynasties name (literal, no CK2 loc key)",Bleth,new key
dynn_fae_5360,"common/dynasties name (literal, no CK2 loc key)",abd-al-Raffa,new key
dynn_fae_5361,"common/dynasties name (literal, no CK2 loc key)",al-Ali,new key
dynn_fae_5362,"common/dynasties name (literal, no CK2 loc key)",al-Qawiyy,new key
dynn_fae_5363,"common/dynasties name (literal, no CK2 loc key)",al-Mani,new key
dynn_fae_5364,"common/dynasties name (literal, no CK2 loc key)",al-Faddi,new key
dynn_fae_5365,"common/dynasties name (literal, no CK2 loc key)",al-Zulmi,new key
dynn_fae_5366,"common/dynasties name (literal, no CK2 loc key)",al-Gafir,new key
dynn_fae_5367,"common/dynasties name (literal, no CK2 loc key)",al-Araj,new key
dynn_fae_5368,"common/dynasties name (literal, no CK2 loc key)",Jununi,new key
dynn_fae_5369,"common/dynasties name (literal, no CK2 loc key)",Thuebani,new key
dynn_fae_537,"common/dynasties name (literal, no CK2 loc key)",Torchtower,new key
dynn_fae_5370,"common/dynasties name (literal, no CK2 loc key)",Qutili,new key
dynn_fae_5371,"common/dynasties name (literal, no CK2 loc key)",Naqqi,new key
dynn_fae_5372,"common/dynasties name (literal, no CK2 loc key)",al-Anklis,new key
dynn_fae_5373,"common/dynasties name (literal, no CK2 loc key)",Qusuri,new key
dynn_fae_5374,"common/dynasties name (literal, no CK2 loc key)",Manhusi,new key
dynn_fae_5375,"common/dynasties name (literal, no CK2 loc key)",Saliami,new key
dynn_fae_5376,"common/dynasties name (literal, no CK2 loc key)",Sayfi,new key
dynn_fae_5377,"common/dynasties name (literal, no CK2 loc key)",Harabi,new key
dynn_fae_5378,"common/dynasties name (literal, no CK2 loc key)",Yazhad,new key
dynn_fae_5379,"common/dynasties name (literal, no CK2 loc key)",Gurum,new key
dynn_fae_538,"common/dynasties name (literal, no CK2 loc key)",Eveningstar,new key
dynn_fae_5380,"common/dynasties name (literal, no CK2 loc key)",al-Khajit,new key
dynn_fae_5381,"common/dynasties name (literal, no CK2 loc key)",Kokovoko,new key
dynn_fae_5382,"common/dynasties name (literal, no CK2 loc key)",al-Mahzuz,new key
dynn_fae_5383,"common/dynasties name (literal, no CK2 loc key)",al-Bandari,new key
dynn_fae_5384,"common/dynasties name (literal, no CK2 loc key)",al-Masud,new key
dynn_fae_5385,"common/dynasties name (literal, no CK2 loc key)",al-Hatima,new key
dynn_fae_5386,"common/dynasties name (literal, no CK2 loc key)",Tarangu,new key
dynn_fae_5387,"common/dynasties name (literal, no CK2 loc key)",Haifami,new key
dynn_fae_5388,"common/dynasties name (literal, no CK2 loc key)",Karoah,new key
dynn_fae_5389,"common/dynasties name (literal, no CK2 loc key)",Khantayan,new key
dynn_fae_539,"common/dynasties name (literal, no CK2 loc key)",Wondermaker,new key
dynn_fae_5390,"common/dynasties name (literal, no CK2 loc key)",No-Shui,new key
dynn_fae_5391,"common/dynasties name (literal, no CK2 loc key)",Jaria,new key
dynn_fae_5392,"common/dynasties name (literal, no CK2 loc key)",Mir,new key
dynn_fae_5393,"common/dynasties name (literal, no CK2 loc key)",Lathmarch,new key
dynn_fae_5394,"common/dynasties name (literal, no CK2 loc key)",Akasi,new key
dynn_fae_5395,"common/dynasties name (literal, no CK2 loc key)",Magis,new key
dynn_fae_5396,"common/dynasties name (literal, no CK2 loc key)",Miklaas,new key
dynn_fae_5397,"common/dynasties name (literal, no CK2 loc key)",Mulsparkh,new key
dynn_fae_5398,"common/dynasties name (literal, no CK2 loc key)",Kzelter,new key
dynn_fae_5399,"common/dynasties name (literal, no CK2 loc key)",Sarqi,new key
dynn_fae_54,"common/dynasties name (literal, no CK2 loc key)",Cacelmeros,new key
dynn_fae_540,"common/dynasties name (literal, no CK2 loc key)",Scoril,new key
dynn_fae_5400,"common/dynasties name (literal, no CK2 loc key)",Buaba,new key
dynn_fae_5401,"common/dynasties name (literal, no CK2 loc key)",Vestla,new key
dynn_fae_5402,"common/dynasties name (literal, no CK2 loc key)",Lundng,new key
dynn_fae_5403,"common/dynasties name (literal, no CK2 loc key)",Mofd,new key
dynn_fae_5404,"common/dynasties name (literal, no CK2 loc key)",Binmba,new key
dynn_fae_5405,"common/dynasties name (literal, no CK2 loc key)",Chiobu,new key
dynn_fae_5406,"common/dynasties name (literal, no CK2 loc key)",Hega,new key
dynn_fae_5407,"common/dynasties name (literal, no CK2 loc key)",Chanda,new key
dynn_fae_5408,"common/dynasties name (literal, no CK2 loc key)",Manda,new key
dynn_fae_5409,"common/dynasties name (literal, no CK2 loc key)",Bonekate,new key
dynn_fae_541,"common/dynasties name (literal, no CK2 loc key)",of the Horsemen,new key
dynn_fae_5410,"common/dynasties name (literal, no CK2 loc key)",Chiya,new key
dynn_fae_5411,"common/dynasties name (literal, no CK2 loc key)",Monfront,new key
dynn_fae_5412,"common/dynasties name (literal, no CK2 loc key)",Gurdsa,new key
dynn_fae_5413,"common/dynasties name (literal, no CK2 loc key)",Gweith,new key
dynn_fae_5414,"common/dynasties name (literal, no CK2 loc key)",Chapa,new key
dynn_fae_5415,"common/dynasties name (literal, no CK2 loc key)",Chimba,new key
dynn_fae_5416,"common/dynasties name (literal, no CK2 loc key)",Bonda,new key
dynn_fae_5417,"common/dynasties name (literal, no CK2 loc key)",Mezrohi,new key
dynn_fae_5418,"common/dynasties name (literal, no CK2 loc key)",Ishauhi,new key
dynn_fae_5419,"common/dynasties name (literal, no CK2 loc key)",Agolo,new key
dynn_fae_542,"common/dynasties name (literal, no CK2 loc key)",Nightlight,new key
dynn_fae_5420,"common/dynasties name (literal, no CK2 loc key)",Atazi,new key
dynn_fae_5421,"common/dynasties name (literal, no CK2 loc key)",Balaka,new key
dynn_fae_5422,"common/dynasties name (literal, no CK2 loc key)",Bolélé,new key
dynn_fae_5423,"common/dynasties name (literal, no CK2 loc key)",Dawa,new key
dynn_fae_5424,"common/dynasties name (literal, no CK2 loc key)",Ekulu,new key
dynn_fae_5425,"common/dynasties name (literal, no CK2 loc key)",Hakal,new key
dynn_fae_5426,"common/dynasties name (literal, no CK2 loc key)",Imbogoro,new key
dynn_fae_5427,"common/dynasties name (literal, no CK2 loc key)",Jaharwon,new key
dynn_fae_5428,"common/dynasties name (literal, no CK2 loc key)",M'wenye,new key
dynn_fae_5429,"common/dynasties name (literal, no CK2 loc key)",Natombe,new key
dynn_fae_543,"common/dynasties name (literal, no CK2 loc key)",Summer,new key
dynn_fae_5430,"common/dynasties name (literal, no CK2 loc key)",Ngore,new key
dynn_fae_5431,"common/dynasties name (literal, no CK2 loc key)",Oboko,new key
dynn_fae_5432,"common/dynasties name (literal, no CK2 loc key)",O'tamu,new key
dynn_fae_5433,"common/dynasties name (literal, no CK2 loc key)",Sahandi,new key
dynn_fae_5434,"common/dynasties name (literal, no CK2 loc key)",Talro'a,new key
dynn_fae_5435,"common/dynasties name (literal, no CK2 loc key)",Utugelu,new key
dynn_fae_5436,"common/dynasties name (literal, no CK2 loc key)",Yudan,new key
dynn_fae_5437,"common/dynasties name (literal, no CK2 loc key)",Zuberi,new key
dynn_fae_5438,"common/dynasties name (literal, no CK2 loc key)",Zoaster,new key
dynn_fae_5439,"common/dynasties name (literal, no CK2 loc key)",O'naka,new key
dynn_fae_544,"common/dynasties name (literal, no CK2 loc key)",Undar,new key
dynn_fae_5440,"common/dynasties name (literal, no CK2 loc key)",Omui,new key
dynn_fae_5441,"common/dynasties name (literal, no CK2 loc key)",Olungi,new key
dynn_fae_5442,"common/dynasties name (literal, no CK2 loc key)",of M'bala,new key
dynn_fae_5443,"common/dynasties name (literal, no CK2 loc key)",Darnthael,new key
dynn_fae_5444,"common/dynasties name (literal, no CK2 loc key)",L'Eneta,new key
dynn_fae_5445,"common/dynasties name (literal, no CK2 loc key)",Mar,new key
dynn_fae_5446,"common/dynasties name (literal, no CK2 loc key)",Essembra,new key
dynn_fae_5447,"common/dynasties name (literal, no CK2 loc key)",Cyndusk,new key
dynn_fae_5448,"common/dynasties name (literal, no CK2 loc key)",Shalace,new key
dynn_fae_5449,"common/dynasties name (literal, no CK2 loc key)",Garthammus,new key
dynn_fae_545,"common/dynasties name (literal, no CK2 loc key)",Greenpath,new key
dynn_fae_5450,"common/dynasties name (literal, no CK2 loc key)",Esmurla,new key
dynn_fae_5451,"common/dynasties name (literal, no CK2 loc key)",Hawkgarth,new key
dynn_fae_5452,"common/dynasties name (literal, no CK2 loc key)",Crownshield,new key
dynn_fae_5453,"common/dynasties name (literal, no CK2 loc key)",Endrieth,new key
dynn_fae_5454,"common/dynasties name (literal, no CK2 loc key)",Orlamurla,new key
dynn_fae_5455,"common/dynasties name (literal, no CK2 loc key)",Maerytha,new key
dynn_fae_5456,"common/dynasties name (literal, no CK2 loc key)",Steelheart,new key
dynn_fae_5457,"common/dynasties name (literal, no CK2 loc key)",Brekstel,new key
dynn_fae_5458,"common/dynasties name (literal, no CK2 loc key)",Velsaert,new key
dynn_fae_5459,"common/dynasties name (literal, no CK2 loc key)",Tarandra,new key
dynn_fae_546,"common/dynasties name (literal, no CK2 loc key)",Nurvan,new key
dynn_fae_5460,"common/dynasties name (literal, no CK2 loc key)",Tanthildrar,new key
dynn_fae_5461,"common/dynasties name (literal, no CK2 loc key)",Atandrar,new key
dynn_fae_5462,"common/dynasties name (literal, no CK2 loc key)",Drarron,new key
dynn_fae_5463,"common/dynasties name (literal, no CK2 loc key)",Tirden,new key
dynn_fae_5464,"common/dynasties name (literal, no CK2 loc key)",Vontur,new key
dynn_fae_5465,"common/dynasties name (literal, no CK2 loc key)",Mornwind,new key
dynn_fae_5466,"common/dynasties name (literal, no CK2 loc key)",Akhir,new key
dynn_fae_5467,"common/dynasties name (literal, no CK2 loc key)",Athis,new key
dynn_fae_5468,"common/dynasties name (literal, no CK2 loc key)",Sule,new key
dynn_fae_5469,"common/dynasties name (literal, no CK2 loc key)",Hinjaz,new key
dynn_fae_547,"common/dynasties name (literal, no CK2 loc key)",Vance,new key
dynn_fae_5470,"common/dynasties name (literal, no CK2 loc key)",Khundul,new key
dynn_fae_5471,"common/dynasties name (literal, no CK2 loc key)",Muskawoon,new key
dynn_fae_5472,"common/dynasties name (literal, no CK2 loc key)",Ragheb,new key
dynn_fae_5473,"common/dynasties name (literal, no CK2 loc key)",Dustbowl,new key
dynn_fae_5474,"common/dynasties name (literal, no CK2 loc key)",Bluebane,new key
dynn_fae_5475,"common/dynasties name (literal, no CK2 loc key)",Purpledust,new key
dynn_fae_5476,"common/dynasties name (literal, no CK2 loc key)",Kormul,new key
dynn_fae_5477,"common/dynasties name (literal, no CK2 loc key)",Lightningdoom,new key
dynn_fae_5478,"common/dynasties name (literal, no CK2 loc key)",Ambrur,new key
dynn_fae_5479,"common/dynasties name (literal, no CK2 loc key)",Imus,new key
dynn_fae_548,"common/dynasties name (literal, no CK2 loc key)",Bolvar,new key
dynn_fae_5480,"common/dynasties name (literal, no CK2 loc key)",Haunvaerunar,new key
dynn_fae_5481,"common/dynasties name (literal, no CK2 loc key)",Morarshar,new key
dynn_fae_5482,"common/dynasties name (literal, no CK2 loc key)",Anderton,new key
dynn_fae_5483,"common/dynasties name (literal, no CK2 loc key)",Torbo,new key
dynn_fae_5484,"common/dynasties name (literal, no CK2 loc key)",Kriv,new key
dynn_fae_5485,"common/dynasties name (literal, no CK2 loc key)",Jarnathan,new key
dynn_fae_5486,"common/dynasties name (literal, no CK2 loc key)",Zirazylym,new key
dynn_fae_5487,"common/dynasties name (literal, no CK2 loc key)",Grimwulf,new key
dynn_fae_5488,"common/dynasties name (literal, no CK2 loc key)",Salafin,new key
dynn_fae_5489,"common/dynasties name (literal, no CK2 loc key)",Horgath,new key
dynn_fae_549,"common/dynasties name (literal, no CK2 loc key)",Dawnstar,new key
dynn_fae_5490,"common/dynasties name (literal, no CK2 loc key)",Rakor,new key
dynn_fae_5491,"common/dynasties name (literal, no CK2 loc key)",Caldwell,new key
dynn_fae_5492,"common/dynasties name (literal, no CK2 loc key)",Tariki,new key
dynn_fae_5493,"common/dynasties name (literal, no CK2 loc key)",Sayfiyi,new key
dynn_fae_5494,"common/dynasties name (literal, no CK2 loc key)",Tarikat,new key
dynn_fae_5495,"common/dynasties name (literal, no CK2 loc key)",Mergu,new key
dynn_fae_5496,"common/dynasties name (literal, no CK2 loc key)",Aludi,new key
dynn_fae_5497,"common/dynasties name (literal, no CK2 loc key)",Bamar,new key
dynn_fae_5498,"common/dynasties name (literal, no CK2 loc key)",Restakhaz,new key
dynn_fae_5499,"common/dynasties name (literal, no CK2 loc key)",Mergid,new key
dynn_fae_55,"common/dynasties name (literal, no CK2 loc key)",Daressin,new key
dynn_fae_550,"common/dynasties name (literal, no CK2 loc key)",Morr,new key
dynn_fae_5500,"common/dynasties name (literal, no CK2 loc key)",of Lipo,new key
dynn_fae_5501,"common/dynasties name (literal, no CK2 loc key)",of Pearl Bay,new key
dynn_fae_5502,"common/dynasties name (literal, no CK2 loc key)",of Sun's Eye,new key
dynn_fae_5503,"common/dynasties name (literal, no CK2 loc key)",of Sragadha,new key
dynn_fae_5504,"common/dynasties name (literal, no CK2 loc key)",of Yikaria,new key
dynn_fae_5505,"common/dynasties name (literal, no CK2 loc key)",Yehimali,new key
dynn_fae_5506,"common/dynasties name (literal, no CK2 loc key)",of Red Goat,new key
dynn_fae_5507,"common/dynasties name (literal, no CK2 loc key)",Ingsi,new key
dynn_fae_5508,"common/dynasties name (literal, no CK2 loc key)",Sragadhi,new key
dynn_fae_5509,"common/dynasties name (literal, no CK2 loc key)",Treggi,new key
dynn_fae_551,"common/dynasties name (literal, no CK2 loc key)",Monkshod,new key
dynn_fae_5510,"common/dynasties name (literal, no CK2 loc key)",Tighyshi,new key
dynn_fae_5511,"common/dynasties name (literal, no CK2 loc key)",Unjhuri,new key
dynn_fae_5512,"common/dynasties name (literal, no CK2 loc key)",Raladhi,new key
dynn_fae_5513,"common/dynasties name (literal, no CK2 loc key)",Shimundri,new key
dynn_fae_5514,"common/dynasties name (literal, no CK2 loc key)",Narmuli,new key
dynn_fae_5515,"common/dynasties name (literal, no CK2 loc key)",Nathongi,new key
dynn_fae_5516,"common/dynasties name (literal, no CK2 loc key)",kwa Damu,new key
dynn_fae_5517,"common/dynasties name (literal, no CK2 loc key)",Mnyami,new key
dynn_fae_5518,"common/dynasties name (literal, no CK2 loc key)",Ndoti,new key
dynn_fae_5519,"common/dynasties name (literal, no CK2 loc key)",Nyagumi,new key
dynn_fae_552,"common/dynasties name (literal, no CK2 loc key)",Spellguard,new key
dynn_fae_5520,"common/dynasties name (literal, no CK2 loc key)",al-Madiqi,new key
dynn_fae_5521,"common/dynasties name (literal, no CK2 loc key)",Ikram,new key
dynn_fae_5522,"common/dynasties name (literal, no CK2 loc key)",Raerest,new key
dynn_fae_5523,"common/dynasties name (literal, no CK2 loc key)",al-Hattab,new key
dynn_fae_5524,"common/dynasties name (literal, no CK2 loc key)",al-Ganij,new key
dynn_fae_5525,"common/dynasties name (literal, no CK2 loc key)",al-Mabhum,new key
dynn_fae_5526,"common/dynasties name (literal, no CK2 loc key)",al-Galaba,new key
dynn_fae_5527,"common/dynasties name (literal, no CK2 loc key)",Caldwell,new key
dynn_fae_5528,"common/dynasties name (literal, no CK2 loc key)",Sweetseed,new key
dynn_fae_5529,"common/dynasties name (literal, no CK2 loc key)",Dlusker,new key
dynn_fae_553,"common/dynasties name (literal, no CK2 loc key)",Cimber,new key
dynn_fae_5530,"common/dynasties name (literal, no CK2 loc key)",Vrakk,new key
dynn_fae_5531,"common/dynasties name (literal, no CK2 loc key)",Zaltos,new key
dynn_fae_5532,"common/dynasties name (literal, no CK2 loc key)",Clotskull,new key
dynn_fae_5533,"common/dynasties name (literal, no CK2 loc key)",Elfslayer,new key
dynn_fae_5534,"common/dynasties name (literal, no CK2 loc key)",al-Hawi,new key
dynn_fae_5535,"common/dynasties name (literal, no CK2 loc key)",Bahelokh,new key
dynn_fae_5536,"common/dynasties name (literal, no CK2 loc key)",Culgluthuk,new key
dynn_fae_5537,"common/dynasties name (literal, no CK2 loc key)",Klarthlurr,new key
dynn_fae_5538,"common/dynasties name (literal, no CK2 loc key)",Roggdrinker,new key
dynn_fae_5539,"common/dynasties name (literal, no CK2 loc key)",Ruiryth,new key
dynn_fae_554,"common/dynasties name (literal, no CK2 loc key)",Rayburton,new key
dynn_fae_5540,"common/dynasties name (literal, no CK2 loc key)",Murskur,new key
dynn_fae_5541,"common/dynasties name (literal, no CK2 loc key)",Oel,new key
dynn_fae_5542,"common/dynasties name (literal, no CK2 loc key)",Qeskyl,new key
dynn_fae_5543,"common/dynasties name (literal, no CK2 loc key)",Inthigg,new key
dynn_fae_5544,"common/dynasties name (literal, no CK2 loc key)",Imrue,new key
dynn_fae_5545,"common/dynasties name (literal, no CK2 loc key)",Battlerise,new key
dynn_fae_5546,"common/dynasties name (literal, no CK2 loc key)",Dawngleam,new key
dynn_fae_5547,"common/dynasties name (literal, no CK2 loc key)",Craulnober,new key
dynn_fae_5548,"common/dynasties name (literal, no CK2 loc key)",Ironwood,new key
dynn_fae_5549,"common/dynasties name (literal, no CK2 loc key)",Arkenneld,new key
dynn_fae_555,"common/dynasties name (literal, no CK2 loc key)",Greenwoods,new key
dynn_fae_5550,"common/dynasties name (literal, no CK2 loc key)",Santruvel,new key
dynn_fae_5551,"common/dynasties name (literal, no CK2 loc key)",Immerdusk,new key
dynn_fae_5552,"common/dynasties name (literal, no CK2 loc key)",Storm-Fangs,new key
dynn_fae_5553,"common/dynasties name (literal, no CK2 loc key)",Shessair,new key
dynn_fae_5554,"common/dynasties name (literal, no CK2 loc key)",Maruel,new key
dynn_fae_5555,"common/dynasties name (literal, no CK2 loc key)",Marhee,new key
dynn_fae_5556,"common/dynasties name (literal, no CK2 loc key)",Hammilar,new key
dynn_fae_5557,"common/dynasties name (literal, no CK2 loc key)",Qavarshield,new key
dynn_fae_5558,"common/dynasties name (literal, no CK2 loc key)",Hamrooke,new key
dynn_fae_5559,"common/dynasties name (literal, no CK2 loc key)",Varvire,new key
dynn_fae_556,"common/dynasties name (literal, no CK2 loc key)",Starry Glen,new key
dynn_fae_5560,"common/dynasties name (literal, no CK2 loc key)",Breakwood,new key
dynn_fae_5561,"common/dynasties name (literal, no CK2 loc key)",Ironwinter,new key
dynn_fae_5562,"common/dynasties name (literal, no CK2 loc key)",Summergate,new key
dynn_fae_5563,"common/dynasties name (literal, no CK2 loc key)",Aelcrown,new key
dynn_fae_5564,"common/dynasties name (literal, no CK2 loc key)",Blayfeather,new key
dynn_fae_5565,"common/dynasties name (literal, no CK2 loc key)",Corfalcon,new key
dynn_fae_5566,"common/dynasties name (literal, no CK2 loc key)",Dunwyvern,new key
dynn_fae_5567,"common/dynasties name (literal, no CK2 loc key)",Elhalond,new key
dynn_fae_5568,"common/dynasties name (literal, no CK2 loc key)",Falask,new key
dynn_fae_5569,"common/dynasties name (literal, no CK2 loc key)",Gonthan,new key
dynn_fae_557,"common/dynasties name (literal, no CK2 loc key)",Saltclub,new key
dynn_fae_5570,"common/dynasties name (literal, no CK2 loc key)",Ironhand,new key
dynn_fae_5571,"common/dynasties name (literal, no CK2 loc key)",Juspaer,new key
dynn_fae_5572,"common/dynasties name (literal, no CK2 loc key)",Murnarpar,new key
dynn_fae_5573,"common/dynasties name (literal, no CK2 loc key)",Narglade,new key
dynn_fae_5574,"common/dynasties name (literal, no CK2 loc key)",Sabrast,new key
dynn_fae_5575,"common/dynasties name (literal, no CK2 loc key)",Tanthmuir,new key
dynn_fae_5576,"common/dynasties name (literal, no CK2 loc key)",Urpresper,new key
dynn_fae_5577,"common/dynasties name (literal, no CK2 loc key)",Veldusk,new key
dynn_fae_5578,"common/dynasties name (literal, no CK2 loc key)",Yunthaer,new key
dynn_fae_5579,"common/dynasties name (literal, no CK2 loc key)",Alavondor,new key
dynn_fae_558,"common/dynasties name (literal, no CK2 loc key)",SeLiss,new key
dynn_fae_5580,"common/dynasties name (literal, no CK2 loc key)",Barontor,new key
dynn_fae_5581,"common/dynasties name (literal, no CK2 loc key)",Clarandal,new key
dynn_fae_5582,"common/dynasties name (literal, no CK2 loc key)",Dauncrown,new key
dynn_fae_5583,"common/dynasties name (literal, no CK2 loc key)",Dragonhumbler,new key
dynn_fae_5584,"common/dynasties name (literal, no CK2 loc key)",Galashen,new key
dynn_fae_5585,"common/dynasties name (literal, no CK2 loc key)",Goldcloak,new key
dynn_fae_5586,"common/dynasties name (literal, no CK2 loc key)",Kordrivvar,new key
dynn_fae_5587,"common/dynasties name (literal, no CK2 loc key)",Maerimmon,new key
dynn_fae_5588,"common/dynasties name (literal, no CK2 loc key)",Ondravar,new key
dynn_fae_5589,"common/dynasties name (literal, no CK2 loc key)",Sardar,new key
dynn_fae_559,"common/dynasties name (literal, no CK2 loc key)",Thurgrammos,new key
dynn_fae_5590,"common/dynasties name (literal, no CK2 loc key)",Tarlroyal,new key
dynn_fae_5591,"common/dynasties name (literal, no CK2 loc key)",Tazrilysk,new key
dynn_fae_5592,"common/dynasties name (literal, no CK2 loc key)",Tulcont,new key
dynn_fae_5593,"common/dynasties name (literal, no CK2 loc key)",Vorauth,new key
dynn_fae_5594,"common/dynasties name (literal, no CK2 loc key)",Wyndarr,new key
dynn_fae_5595,"common/dynasties name (literal, no CK2 loc key)",Zunderzorn,new key
dynn_fae_5596,"common/dynasties name (literal, no CK2 loc key)",Huum,new key
dynn_fae_5597,"common/dynasties name (literal, no CK2 loc key)",Sarsar,new key
dynn_fae_5598,"common/dynasties name (literal, no CK2 loc key)",Ukulsid,new key
dynn_fae_5599,"common/dynasties name (literal, no CK2 loc key)",Sibront,new key
dynn_fae_56,"common/dynasties name (literal, no CK2 loc key)",Drakship,new key
dynn_fae_560,"common/dynasties name (literal, no CK2 loc key)",Ilzario,new key
dynn_fae_5600,"common/dynasties name (literal, no CK2 loc key)",Qin,new key
dynn_fae_5601,"common/dynasties name (literal, no CK2 loc key)",Faruni,new key
dynn_fae_5602,"common/dynasties name (literal, no CK2 loc key)",al-'Abyad,new key
dynn_fae_5603,"common/dynasties name (literal, no CK2 loc key)",min Hudid,new key
dynn_fae_5604,"common/dynasties name (literal, no CK2 loc key)",al-Qazam,new key
dynn_fae_5605,"common/dynasties name (literal, no CK2 loc key)",abd-al-Garib,new key
dynn_fae_5607,"common/dynasties name (literal, no CK2 loc key)",min Afyal,new key
dynn_fae_5608,"common/dynasties name (literal, no CK2 loc key)",al-Muhit,new key
dynn_fae_5609,"common/dynasties name (literal, no CK2 loc key)",abd-al-Iffa,new key
dynn_fae_561,"common/dynasties name (literal, no CK2 loc key)",Vuendros,new key
dynn_fae_5610,"common/dynasties name (literal, no CK2 loc key)",al-Saraf,new key
dynn_fae_5611,"common/dynasties name (literal, no CK2 loc key)",al-Jalal,new key
dynn_fae_5612,"common/dynasties name (literal, no CK2 loc key)",al-Ihtiram,new key
dynn_fae_5613,"common/dynasties name (literal, no CK2 loc key)",al-Qalb,new key
dynn_fae_5614,"common/dynasties name (literal, no CK2 loc key)",al-Zag,new key
dynn_fae_5615,"common/dynasties name (literal, no CK2 loc key)",Harheld,new key
dynn_fae_5616,"common/dynasties name (literal, no CK2 loc key)",Darraskh,new key
dynn_fae_5617,"common/dynasties name (literal, no CK2 loc key)",Arforge,new key
dynn_fae_5618,"common/dynasties name (literal, no CK2 loc key)",Hulhammer,new key
dynn_fae_5619,"common/dynasties name (literal, no CK2 loc key)",Tamstone,new key
dynn_fae_562,"common/dynasties name (literal, no CK2 loc key)",Brighttide,new key
dynn_fae_5620,"common/dynasties name (literal, no CK2 loc key)",Khaelhund,new key
dynn_fae_5621,"common/dynasties name (literal, no CK2 loc key)",Ruuk,new key
dynn_fae_5622,"common/dynasties name (literal, no CK2 loc key)",Graskeld,new key
dynn_fae_5623,"common/dynasties name (literal, no CK2 loc key)",Qarshield,new key
dynn_fae_5624,"common/dynasties name (literal, no CK2 loc key)",Murrend,new key
dynn_fae_5625,"common/dynasties name (literal, no CK2 loc key)",Tulsark,new key
dynn_fae_5626,"common/dynasties name (literal, no CK2 loc key)",Utueri,new key
dynn_fae_5627,"common/dynasties name (literal, no CK2 loc key)",Charvek,new key
dynn_fae_5628,"common/dynasties name (literal, no CK2 loc key)",Skurr,new key
dynn_fae_5629,"common/dynasties name (literal, no CK2 loc key)",Ancunín,new key
dynn_fae_563,"common/dynasties name (literal, no CK2 loc key)",Fishguts,new key
dynn_fae_5630,"common/dynasties name (literal, no CK2 loc key)",Szarr,new key
dynn_fae_5631,"common/dynasties name (literal, no CK2 loc key)",Dekarios,new key
dynn_fae_5632,"common/dynasties name (literal, no CK2 loc key)",Cliffgate,new key
dynn_fae_5633,"common/dynasties name (literal, no CK2 loc key)",Celestia,new key
dynn_fae_5634,"common/dynasties name (literal, no CK2 loc key)",Avernal,new key
dynn_fae_5635,"common/dynasties name (literal, no CK2 loc key)",Flymm,new key
dynn_fae_5636,"common/dynasties name (literal, no CK2 loc key)",Gortash,new key
dynn_fae_5637,"common/dynasties name (literal, no CK2 loc key)",Hallowleaf,new key
dynn_fae_5638,"common/dynasties name (literal, no CK2 loc key)",Goroth,new key
dynn_fae_5639,"common/dynasties name (literal, no CK2 loc key)",Draeyl,new key
dynn_fae_564,"common/dynasties name (literal, no CK2 loc key)",Bravewind,new key
dynn_fae_5640,"common/dynasties name (literal, no CK2 loc key)",el Calimpanni,new key
dynn_fae_5641,"common/dynasties name (literal, no CK2 loc key)",Worul,new key
dynn_fae_5642,"common/dynasties name (literal, no CK2 loc key)",Avran,new key
dynn_fae_5643,"common/dynasties name (literal, no CK2 loc key)",yi Jhaapir,new key
dynn_fae_5644,"common/dynasties name (literal, no CK2 loc key)",yi Jemil,new key
dynn_fae_5645,"common/dynasties name (literal, no CK2 loc key)",yi Jhalal,new key
dynn_fae_5646,"common/dynasties name (literal, no CK2 loc key)",yi Shuzah,new key
dynn_fae_5647,"common/dynasties name (literal, no CK2 loc key)",el Eradsari,new key
dynn_fae_5648,"common/dynasties name (literal, no CK2 loc key)",el Vyndahla,new key
dynn_fae_5649,"common/dynasties name (literal, no CK2 loc key)",Blass,new key
dynn_fae_565,"common/dynasties name (literal, no CK2 loc key)",Sath,new key
dynn_fae_5650,"common/dynasties name (literal, no CK2 loc key)",Upperward,new key
dynn_fae_5651,"common/dynasties name (literal, no CK2 loc key)",Perorate,new key
dynn_fae_5652,"common/dynasties name (literal, no CK2 loc key)",as-Samaliyy,new key
dynn_fae_5653,"common/dynasties name (literal, no CK2 loc key)",Cloudwulfe,new key
dynn_fae_5654,"common/dynasties name (literal, no CK2 loc key)",Aedlauribe,new key
dynn_fae_5655,"common/dynasties name (literal, no CK2 loc key)",Fel,new key
dynn_fae_5656,"common/dynasties name (literal, no CK2 loc key)",Shank,new key
dynn_fae_5657,"common/dynasties name (literal, no CK2 loc key)",Julikar,new key
dynn_fae_5658,"common/dynasties name (literal, no CK2 loc key)",Tavverson,new key
dynn_fae_5659,"common/dynasties name (literal, no CK2 loc key)",Emerald,new key
dynn_fae_566,"common/dynasties name (literal, no CK2 loc key)",Stagbanner,new key
dynn_fae_5660,"common/dynasties name (literal, no CK2 loc key)",Thorm,new key
dynn_fae_5661,"common/dynasties name (literal, no CK2 loc key)",Reithwin,new key
dynn_fae_5662,"common/dynasties name (literal, no CK2 loc key)",Silverblood,new key
dynn_fae_5663,"common/dynasties name (literal, no CK2 loc key)",Hausebane,new key
dynn_fae_5664,"common/dynasties name (literal, no CK2 loc key)",Thaloudyn,new key
dynn_fae_5665,"common/dynasties name (literal, no CK2 loc key)",Ragzlin,new key
dynn_fae_5666,"common/dynasties name (literal, no CK2 loc key)",Warboard,new key
dynn_fae_5667,"common/dynasties name (literal, no CK2 loc key)",yi Memnon,new key
dynn_fae_5668,"common/dynasties name (literal, no CK2 loc key)",Straug,new key
dynn_fae_5669,"common/dynasties name (literal, no CK2 loc key)",Sharptooth,new key
dynn_fae_567,"common/dynasties name (literal, no CK2 loc key)",Varen,new key
dynn_fae_5670,"common/dynasties name (literal, no CK2 loc key)",Zeerp,new key
dynn_fae_5671,"common/dynasties name (literal, no CK2 loc key)",Bitterfang,new key
dynn_fae_5672,"common/dynasties name (literal, no CK2 loc key)",Skullcrusher,new key
dynn_fae_5673,"common/dynasties name (literal, no CK2 loc key)",Coldwind,new key
dynn_fae_5674,"common/dynasties name (literal, no CK2 loc key)",Harshmace,new key
dynn_fae_5675,"common/dynasties name (literal, no CK2 loc key)",Ironbars,new key
dynn_fae_5676,"common/dynasties name (literal, no CK2 loc key)",Frosthack,new key
dynn_fae_5677,"common/dynasties name (literal, no CK2 loc key)",Bonebruiser,new key
dynn_fae_5678,"common/dynasties name (literal, no CK2 loc key)",Sterntooth,new key
dynn_fae_5679,"common/dynasties name (literal, no CK2 loc key)",Doublejaw,new key
dynn_fae_568,"common/dynasties name (literal, no CK2 loc key)",Duskrun,new key
dynn_fae_5680,"common/dynasties name (literal, no CK2 loc key)",Fleshtearer,new key
dynn_fae_5681,"common/dynasties name (literal, no CK2 loc key)",Woodwall,new key
dynn_fae_5682,"common/dynasties name (literal, no CK2 loc key)",yi Volothamp,new key
dynn_fae_5683,"common/dynasties name (literal, no CK2 loc key)",Cloakwood,new key
dynn_fae_5684,"common/dynasties name (literal, no CK2 loc key)",Hrafn,new key
dynn_fae_5685,"common/dynasties name (literal, no CK2 loc key)",Lodge,new key
dynn_fae_5686,"common/dynasties name (literal, no CK2 loc key)",Quil,new key
dynn_fae_5687,"common/dynasties name (literal, no CK2 loc key)",Ridge,new key
dynn_fae_5688,"common/dynasties name (literal, no CK2 loc key)",Farseer,new key
dynn_fae_5689,"common/dynasties name (literal, no CK2 loc key)",Cupric,new key
dynn_fae_569,"common/dynasties name (literal, no CK2 loc key)",Bassala,new key
dynn_fae_5690,"common/dynasties name (literal, no CK2 loc key)",Azurik,new key
dynn_fae_5691,"common/dynasties name (literal, no CK2 loc key)",Bonechewer,new key
dynn_fae_5692,"common/dynasties name (literal, no CK2 loc key)",Eomane,new key
dynn_fae_5693,"common/dynasties name (literal, no CK2 loc key)",Gist,new key
dynn_fae_5694,"common/dynasties name (literal, no CK2 loc key)",Guthmere,new key
dynn_fae_5695,"common/dynasties name (literal, no CK2 loc key)",Hlath,new key
dynn_fae_5696,"common/dynasties name (literal, no CK2 loc key)",Hullhollyn,new key
dynn_fae_5697,"common/dynasties name (literal, no CK2 loc key)",Irlentree,new key
dynn_fae_5698,"common/dynasties name (literal, no CK2 loc key)",Jhasso,new key
dynn_fae_5699,"common/dynasties name (literal, no CK2 loc key)",Linnacker,new key
dynn_fae_57,"common/dynasties name (literal, no CK2 loc key)",Sarifal,new key
dynn_fae_570,"common/dynasties name (literal, no CK2 loc key)",Sandal,new key
dynn_fae_5700,"common/dynasties name (literal, no CK2 loc key)",Hoekun,new key
dynn_fae_5701,"common/dynasties name (literal, no CK2 loc key)",Tatli,new key
dynn_fae_5702,"common/dynasties name (literal, no CK2 loc key)",Tanhark,new key
dynn_fae_5703,"common/dynasties name (literal, no CK2 loc key)",Sanrata,new key
dynn_fae_5704,"common/dynasties name (literal, no CK2 loc key)",Shaaur,new key
dynn_fae_5705,"common/dynasties name (literal, no CK2 loc key)",Taiebo,new key
dynn_fae_5706,"common/dynasties name (literal, no CK2 loc key)",Borhirkh,new key
dynn_fae_5707,"common/dynasties name (literal, no CK2 loc key)",Gurvanur,new key
dynn_fae_5708,"common/dynasties name (literal, no CK2 loc key)",Parlu,new key
dynn_fae_5709,"common/dynasties name (literal, no CK2 loc key)",Negud,new key
dynn_fae_571,"common/dynasties name (literal, no CK2 loc key)",Ateak,new key
dynn_fae_5710,"common/dynasties name (literal, no CK2 loc key)",Byaden,new key
dynn_fae_5711,"common/dynasties name (literal, no CK2 loc key)",Tangan,new key
dynn_fae_5712,"common/dynasties name (literal, no CK2 loc key)",Ongairi,new key
dynn_fae_5713,"common/dynasties name (literal, no CK2 loc key)",Shangu,new key
dynn_fae_5714,"common/dynasties name (literal, no CK2 loc key)",Dencha,new key
dynn_fae_5715,"common/dynasties name (literal, no CK2 loc key)",Shakh,new key
dynn_fae_5716,"common/dynasties name (literal, no CK2 loc key)",Gechi,new key
dynn_fae_5717,"common/dynasties name (literal, no CK2 loc key)",Shaia,new key
dynn_fae_5718,"common/dynasties name (literal, no CK2 loc key)",Saljtshen,new key
dynn_fae_5719,"common/dynasties name (literal, no CK2 loc key)",Hitai,new key
dynn_fae_572,"common/dynasties name (literal, no CK2 loc key)",Talro'a,new key
dynn_fae_5720,"common/dynasties name (literal, no CK2 loc key)",Noga,new key
dynn_fae_5721,"common/dynasties name (literal, no CK2 loc key)",Shangar,new key
dynn_fae_5722,"common/dynasties name (literal, no CK2 loc key)",Saattsa,new key
dynn_fae_5723,"common/dynasties name (literal, no CK2 loc key)",Bulran,new key
dynn_fae_5724,"common/dynasties name (literal, no CK2 loc key)",Qaland,new key
dynn_fae_5725,"common/dynasties name (literal, no CK2 loc key)",Shajji,new key
dynn_fae_5726,"common/dynasties name (literal, no CK2 loc key)",Ogadai,new key
dynn_fae_5727,"common/dynasties name (literal, no CK2 loc key)",Boyel,new key
dynn_fae_5728,"common/dynasties name (literal, no CK2 loc key)",Dyorn,new key
dynn_fae_5729,"common/dynasties name (literal, no CK2 loc key)",Dragorovich,new key
dynn_fae_573,"common/dynasties name (literal, no CK2 loc key)",Makuto,new key
dynn_fae_5730,"common/dynasties name (literal, no CK2 loc key)",Kuldrak,new key
dynn_fae_5731,"common/dynasties name (literal, no CK2 loc key)",Uphill,new key
dynn_fae_5732,"common/dynasties name (literal, no CK2 loc key)",Kelso,new key
dynn_fae_5733,"common/dynasties name (literal, no CK2 loc key)",Diergar,new key
dynn_fae_5734,"common/dynasties name (literal, no CK2 loc key)",Miyar,new key
dynn_fae_5735,"common/dynasties name (literal, no CK2 loc key)",Nurthammas,new key
dynn_fae_5736,"common/dynasties name (literal, no CK2 loc key)",Oathoon,new key
dynn_fae_5737,"common/dynasties name (literal, no CK2 loc key)",Oberon,new key
dynn_fae_5738,"common/dynasties name (literal, no CK2 loc key)",Provoss,new key
dynn_fae_5739,"common/dynasties name (literal, no CK2 loc key)",Ravenshade,new key
dynn_fae_574,"common/dynasties name (literal, no CK2 loc key)",Talieri,new key
dynn_fae_5740,"common/dynasties name (literal, no CK2 loc key)",Redlocks,new key
dynn_fae_5741,"common/dynasties name (literal, no CK2 loc key)",Rillyn,new key
dynn_fae_5742,"common/dynasties name (literal, no CK2 loc key)",Tillerturn,new key
dynn_fae_5743,"common/dynasties name (literal, no CK2 loc key)",Vammas,new key
dynn_fae_5744,"common/dynasties name (literal, no CK2 loc key)",Vannath,new key
dynn_fae_5745,"common/dynasties name (literal, no CK2 loc key)",Harbreeze,new key
dynn_fae_5746,"common/dynasties name (literal, no CK2 loc key)",Shore,new key
dynn_fae_5747,"common/dynasties name (literal, no CK2 loc key)",Wintersides,new key
dynn_fae_5748,"common/dynasties name (literal, no CK2 loc key)",Ribbond,new key
dynn_fae_5749,"common/dynasties name (literal, no CK2 loc key)",Havanack,new key
dynn_fae_575,"common/dynasties name (literal, no CK2 loc key)",Umelo,new key
dynn_fae_5750,"common/dynasties name (literal, no CK2 loc key)",Hiller,new key
dynn_fae_5751,"common/dynasties name (literal, no CK2 loc key)",Needle,new key
dynn_fae_5752,"common/dynasties name (literal, no CK2 loc key)",Rael,new key
dynn_fae_5753,"common/dynasties name (literal, no CK2 loc key)",Candulhallow,new key
dynn_fae_5754,"common/dynasties name (literal, no CK2 loc key)",Glitterbeard,new key
dynn_fae_5755,"common/dynasties name (literal, no CK2 loc key)",Shilvin,new key
dynn_fae_5756,"common/dynasties name (literal, no CK2 loc key)",Sonshal,new key
dynn_fae_5757,"common/dynasties name (literal, no CK2 loc key)",Lamouer,new key
dynn_fae_5758,"common/dynasties name (literal, no CK2 loc key)",Allaryr,new key
dynn_fae_5759,"common/dynasties name (literal, no CK2 loc key)",Little,new key
dynn_fae_576,"common/dynasties name (literal, no CK2 loc key)",Nweke,new key
dynn_fae_5760,"common/dynasties name (literal, no CK2 loc key)",Skoond,new key
dynn_fae_5761,"common/dynasties name (literal, no CK2 loc key)",Kopali,new key
dynn_fae_5762,"common/dynasties name (literal, no CK2 loc key)",Hodges,new key
dynn_fae_5763,"common/dynasties name (literal, no CK2 loc key)",Allinamuch,new key
dynn_fae_5764,"common/dynasties name (literal, no CK2 loc key)",Blackhand,new key
dynn_fae_5765,"common/dynasties name (literal, no CK2 loc key)",Grey,new key
dynn_fae_5766,"common/dynasties name (literal, no CK2 loc key)",Exheltarion,new key
dynn_fae_5767,"common/dynasties name (literal, no CK2 loc key)",Goodnight,new key
dynn_fae_5768,"common/dynasties name (literal, no CK2 loc key)",Wen,new key
dynn_fae_5769,"common/dynasties name (literal, no CK2 loc key)",Danthelon,new key
dynn_fae_577,"common/dynasties name (literal, no CK2 loc key)",Kanem,new key
dynn_fae_5770,"common/dynasties name (literal, no CK2 loc key)",Brackrel,new key
dynn_fae_5771,"common/dynasties name (literal, no CK2 loc key)",Garynmor,new key
dynn_fae_5772,"common/dynasties name (literal, no CK2 loc key)",Enrial,new key
dynn_fae_5773,"common/dynasties name (literal, no CK2 loc key)",Khee,new key
dynn_fae_5774,"common/dynasties name (literal, no CK2 loc key)",Cabrenock,new key
dynn_fae_5775,"common/dynasties name (literal, no CK2 loc key)",Deagle,new key
dynn_fae_5776,"common/dynasties name (literal, no CK2 loc key)",Horn,new key
dynn_fae_5777,"common/dynasties name (literal, no CK2 loc key)",Fisk,new key
dynn_fae_5778,"common/dynasties name (literal, no CK2 loc key)",Seed,new key
dynn_fae_5779,"common/dynasties name (literal, no CK2 loc key)",Welkinglory,new key
dynn_fae_578,"common/dynasties name (literal, no CK2 loc key)",Razhirar,new key
dynn_fae_5780,"common/dynasties name (literal, no CK2 loc key)",Stockhold,new key
dynn_fae_5781,"common/dynasties name (literal, no CK2 loc key)",Vaseid,new key
dynn_fae_5782,"common/dynasties name (literal, no CK2 loc key)",Y'llek,new key
dynn_fae_5783,"common/dynasties name (literal, no CK2 loc key)",Rihal,new key
dynn_fae_5784,"common/dynasties name (literal, no CK2 loc key)",Wargaz,new key
dynn_fae_5785,"common/dynasties name (literal, no CK2 loc key)",Icehair,new key
dynn_fae_5786,"common/dynasties name (literal, no CK2 loc key)",Whitburn,new key
dynn_fae_5787,"common/dynasties name (literal, no CK2 loc key)",Keene,new key
dynn_fae_5788,"common/dynasties name (literal, no CK2 loc key)",L'urruk,new key
dynn_fae_5789,"common/dynasties name (literal, no CK2 loc key)",Y'arg,new key
dynn_fae_579,"common/dynasties name (literal, no CK2 loc key)",Biting Ant,new key
dynn_fae_5790,"common/dynasties name (literal, no CK2 loc key)",Saifi,new key
dynn_fae_5791,"common/dynasties name (literal, no CK2 loc key)",Imnescourse,new key
dynn_fae_5792,"common/dynasties name (literal, no CK2 loc key)",Brost,new key
dynn_fae_5793,"common/dynasties name (literal, no CK2 loc key)",Stonetooth,new key
dynn_fae_5794,"common/dynasties name (literal, no CK2 loc key)",Fireclaw,new key
dynn_fae_5795,"common/dynasties name (literal, no CK2 loc key)",Thaxll'ssillyia,new key
dynn_fae_5796,"common/dynasties name (literal, no CK2 loc key)",Vhostym,new key
dynn_fae_5797,"common/dynasties name (literal, no CK2 loc key)",Ch'tzikka,new key
dynn_fae_5798,"common/dynasties name (literal, no CK2 loc key)",N'vhashta,new key
dynn_fae_5799,"common/dynasties name (literal, no CK2 loc key)",Ishgak,new key
dynn_fae_58,"common/dynasties name (literal, no CK2 loc key)",Autumnbreeze,new key
dynn_fae_580,"common/dynasties name (literal, no CK2 loc key)",Massar,new key
dynn_fae_5800,"common/dynasties name (literal, no CK2 loc key)",al-Dhazantari,new key
dynn_fae_5801,"common/dynasties name (literal, no CK2 loc key)",al-Duirtanali,new key
dynn_fae_5802,"common/dynasties name (literal, no CK2 loc key)",al-Estanili,new key
dynn_fae_5803,"common/dynasties name (literal, no CK2 loc key)",ar-Iliphanari,new key
dynn_fae_5804,"common/dynasties name (literal, no CK2 loc key)",aph-Phelzeli,new key
dynn_fae_5805,"common/dynasties name (literal, no CK2 loc key)",as-Semkhruni,new key
dynn_fae_5806,"common/dynasties name (literal, no CK2 loc key)",as-Semlitholi,new key
dynn_fae_5807,"common/dynasties name (literal, no CK2 loc key)",Semlic,new key
dynn_fae_5808,"common/dynasties name (literal, no CK2 loc key)",Avalathr,new key
dynn_fae_5809,"common/dynasties name (literal, no CK2 loc key)",Masalad,new key
dynn_fae_581,"common/dynasties name (literal, no CK2 loc key)",Palden,new key
dynn_fae_5810,"common/dynasties name (literal, no CK2 loc key)",Haricab,new key
dynn_fae_5811,"common/dynasties name (literal, no CK2 loc key)",as-Pheleca,new key
dynn_fae_5812,"common/dynasties name (literal, no CK2 loc key)",Djarnabi,new key
dynn_fae_5813,"common/dynasties name (literal, no CK2 loc key)",Rippek,new key
dynn_fae_5814,"common/dynasties name (literal, no CK2 loc key)",Nhaghal,new key
dynn_fae_5815,"common/dynasties name (literal, no CK2 loc key)",Hargha,new key
dynn_fae_5816,"common/dynasties name (literal, no CK2 loc key)",Vol'ghaka,new key
dynn_fae_5817,"common/dynasties name (literal, no CK2 loc key)",Unzoktik,new key
dynn_fae_5818,"common/dynasties name (literal, no CK2 loc key)",T'lorgok,new key
dynn_fae_5819,"common/dynasties name (literal, no CK2 loc key)",Ghargh'll,new key
dynn_fae_582,"common/dynasties name (literal, no CK2 loc key)",Breakbone,new key
dynn_fae_5820,"common/dynasties name (literal, no CK2 loc key)",Y'zekko,new key
dynn_fae_5821,"common/dynasties name (literal, no CK2 loc key)",Morninggold,new key
dynn_fae_5822,"common/dynasties name (literal, no CK2 loc key)",Ilandrouth,new key
dynn_fae_5823,"common/dynasties name (literal, no CK2 loc key)",Mirabar,new key
dynn_fae_5824,"common/dynasties name (literal, no CK2 loc key)",Skorlsun,new key
dynn_fae_5825,"common/dynasties name (literal, no CK2 loc key)",Ultrumpet,new key
dynn_fae_5826,"common/dynasties name (literal, no CK2 loc key)",Nelarn,new key
dynn_fae_5827,"common/dynasties name (literal, no CK2 loc key)",Meldart,new key
dynn_fae_5828,"common/dynasties name (literal, no CK2 loc key)",Lhethrus,new key
dynn_fae_5829,"common/dynasties name (literal, no CK2 loc key)",Daerakus,new key
dynn_fae_583,"common/dynasties name (literal, no CK2 loc key)",el-Kaber,new key
dynn_fae_5830,"common/dynasties name (literal, no CK2 loc key)",Thunstone,new key
dynn_fae_5831,"common/dynasties name (literal, no CK2 loc key)",Nalaver,new key
dynn_fae_5832,"common/dynasties name (literal, no CK2 loc key)",Deepwinter,new key
dynn_fae_5833,"common/dynasties name (literal, no CK2 loc key)",Spaudelar,new key
dynn_fae_5834,"common/dynasties name (literal, no CK2 loc key)",Gauntan,new key
dynn_fae_5835,"common/dynasties name (literal, no CK2 loc key)",Illance,new key
dynn_fae_5836,"common/dynasties name (literal, no CK2 loc key)",Drouth,new key
dynn_fae_5837,"common/dynasties name (literal, no CK2 loc key)",Tormhaalt,new key
dynn_fae_5838,"common/dynasties name (literal, no CK2 loc key)",Dunod,new key
dynn_fae_5839,"common/dynasties name (literal, no CK2 loc key)",Beldaerhallow,new key
dynn_fae_584,"common/dynasties name (literal, no CK2 loc key)",al-Saryak,new key
dynn_fae_5840,"common/dynasties name (literal, no CK2 loc key)",Maerbraunt,new key
dynn_fae_5841,"common/dynasties name (literal, no CK2 loc key)",Ambergul,new key
dynn_fae_5842,"common/dynasties name (literal, no CK2 loc key)",Tazok,new key
dynn_fae_5843,"common/dynasties name (literal, no CK2 loc key)",Kayu,new key
dynn_fae_5844,"common/dynasties name (literal, no CK2 loc key)",Pasari,new key
dynn_fae_5845,"common/dynasties name (literal, no CK2 loc key)",Tehing,new key
dynn_fae_5846,"common/dynasties name (literal, no CK2 loc key)",Ungarani,new key
dynn_fae_5847,"common/dynasties name (literal, no CK2 loc key)",Kilapi,new key
dynn_fae_5848,"common/dynasties name (literal, no CK2 loc key)",Mahligwi,new key
dynn_fae_5849,"common/dynasties name (literal, no CK2 loc key)",Binatangi,new key
dynn_fae_585,"common/dynasties name (literal, no CK2 loc key)",Highwind,new key
dynn_fae_5850,"common/dynasties name (literal, no CK2 loc key)",Rimba,new key
dynn_fae_5851,"common/dynasties name (literal, no CK2 loc key)",Soto,new key
dynn_fae_5852,"common/dynasties name (literal, no CK2 loc key)",Saljui,new key
dynn_fae_5853,"common/dynasties name (literal, no CK2 loc key)",Keluh,new key
dynn_fae_5854,"common/dynasties name (literal, no CK2 loc key)",Kera,new key
dynn_fae_5855,"common/dynasties name (literal, no CK2 loc key)",Kobar,new key
dynn_fae_5856,"common/dynasties name (literal, no CK2 loc key)",Panjang,new key
dynn_fae_5857,"common/dynasties name (literal, no CK2 loc key)",Jakadiri,new key
dynn_fae_5858,"common/dynasties name (literal, no CK2 loc key)",Detar,new key
dynn_fae_5859,"common/dynasties name (literal, no CK2 loc key)",Chulacca,new key
dynn_fae_586,"common/dynasties name (literal, no CK2 loc key)",Vinecutter,new key
dynn_fae_5860,"common/dynasties name (literal, no CK2 loc key)",Lunru,new key
dynn_fae_5861,"common/dynasties name (literal, no CK2 loc key)",Linvail,new key
dynn_fae_5862,"common/dynasties name (literal, no CK2 loc key)",Chessagol,new key
dynn_fae_5863,"common/dynasties name (literal, no CK2 loc key)",Malagarthaul,new key
dynn_fae_5864,"common/dynasties name (literal, no CK2 loc key)",Ndulu,new key
dynn_fae_5865,"common/dynasties name (literal, no CK2 loc key)",Chergoba,new key
dynn_fae_5866,"common/dynasties name (literal, no CK2 loc key)",Drazlad,new key
dynn_fae_5867,"common/dynasties name (literal, no CK2 loc key)",Tazyara,new key
dynn_fae_5868,"common/dynasties name (literal, no CK2 loc key)",Vargoba,new key
dynn_fae_5869,"common/dynasties name (literal, no CK2 loc key)",Stayankina,new key
dynn_fae_587,"common/dynasties name (literal, no CK2 loc key)",Flamecaller,new key
dynn_fae_5870,"common/dynasties name (literal, no CK2 loc key)",Rasia,new key
dynn_fae_5871,"common/dynasties name (literal, no CK2 loc key)",Kuznetsov,new key
dynn_fae_5872,"common/dynasties name (literal, no CK2 loc key)",Sokolov,new key
dynn_fae_5873,"common/dynasties name (literal, no CK2 loc key)",Morozov,new key
dynn_fae_5874,"common/dynasties name (literal, no CK2 loc key)",Volkov,new key
dynn_fae_5875,"common/dynasties name (literal, no CK2 loc key)",Kozlov,new key
dynn_fae_5876,"common/dynasties name (literal, no CK2 loc key)",Solovyov,new key
dynn_fae_5877,"common/dynasties name (literal, no CK2 loc key)",Zaitsev,new key
dynn_fae_5878,"common/dynasties name (literal, no CK2 loc key)",Golubev,new key
dynn_fae_5879,"common/dynasties name (literal, no CK2 loc key)",Gusev,new key
dynn_fae_588,"common/dynasties name (literal, no CK2 loc key)",Wyrmheart,new key
dynn_fae_5880,"common/dynasties name (literal, no CK2 loc key)",Bakari,new key
dynn_fae_5881,"common/dynasties name (literal, no CK2 loc key)",Terbakari,new key
dynn_fae_5882,"common/dynasties name (literal, no CK2 loc key)",Muskawuni,new key
dynn_fae_5883,"common/dynasties name (literal, no CK2 loc key)",Athis,new key
dynn_fae_5884,"common/dynasties name (literal, no CK2 loc key)",Akhiri,new key
dynn_fae_5885,"common/dynasties name (literal, no CK2 loc key)",Pazari,new key
dynn_fae_5886,"common/dynasties name (literal, no CK2 loc key)",al-Husn,new key
dynn_fae_5887,"common/dynasties name (literal, no CK2 loc key)",al-Din,new key
dynn_fae_5888,"common/dynasties name (literal, no CK2 loc key)",al-Alisk,new key
dynn_fae_5889,"common/dynasties name (literal, no CK2 loc key)",Maniozimus,new key
dynn_fae_589,"common/dynasties name (literal, no CK2 loc key)",Tzindelor,new key
dynn_fae_5890,"common/dynasties name (literal, no CK2 loc key)",al-Nirin,new key
dynn_fae_5891,"common/dynasties name (literal, no CK2 loc key)",al-Mosak,new key
dynn_fae_5892,"common/dynasties name (literal, no CK2 loc key)",Burak,new key
dynn_fae_5893,"common/dynasties name (literal, no CK2 loc key)",al-Hayat,new key
dynn_fae_5894,"common/dynasties name (literal, no CK2 loc key)",el-Kebir,new key
dynn_fae_5895,"common/dynasties name (literal, no CK2 loc key)",Pashtral,new key
dynn_fae_5896,"common/dynasties name (literal, no CK2 loc key)",Nhon,new key
dynn_fae_5897,"common/dynasties name (literal, no CK2 loc key)",Medrusa,new key
dynn_fae_5898,"common/dynasties name (literal, no CK2 loc key)",Dilisnya,new key
dynn_fae_5899,"common/dynasties name (literal, no CK2 loc key)",Katskie,new key
dynn_fae_59,"common/dynasties name (literal, no CK2 loc key)",Wendryll,new key
dynn_fae_590,"common/dynasties name (literal, no CK2 loc key)",Mossamb,new key
dynn_fae_5900,"common/dynasties name (literal, no CK2 loc key)",Petrovna,new key
dynn_fae_5901,"common/dynasties name (literal, no CK2 loc key)",Falov,new key
dynn_fae_5902,"common/dynasties name (literal, no CK2 loc key)",Wagner,new key
dynn_fae_5903,"common/dynasties name (literal, no CK2 loc key)",Kolyan,new key
dynn_fae_5904,"common/dynasties name (literal, no CK2 loc key)",Petrovich,new key
dynn_fae_5905,"common/dynasties name (literal, no CK2 loc key)",Montarri,new key
dynn_fae_5906,"common/dynasties name (literal, no CK2 loc key)",Wachter,new key
dynn_fae_5907,"common/dynasties name (literal, no CK2 loc key)",Moldonesti,new key
dynn_fae_5908,"common/dynasties name (literal, no CK2 loc key)",Kulchevich,new key
dynn_fae_5909,"common/dynasties name (literal, no CK2 loc key)",Vosrovna,new key
dynn_fae_591,"common/dynasties name (literal, no CK2 loc key)",Turay,new key
dynn_fae_5910,"common/dynasties name (literal, no CK2 loc key)",Zeidenburg,new key
dynn_fae_5911,"common/dynasties name (literal, no CK2 loc key)",Dolban,new key
dynn_fae_5912,"common/dynasties name (literal, no CK2 loc key)",Thask,new key
dynn_fae_5913,"common/dynasties name (literal, no CK2 loc key)",Nulomn,new key
dynn_fae_5914,"common/dynasties name (literal, no CK2 loc key)",Keseri,new key
dynn_fae_5915,"common/dynasties name (literal, no CK2 loc key)",Aldhanek,new key
dynn_fae_5916,"common/dynasties name (literal, no CK2 loc key)",Enzo,new key
dynn_fae_5917,"common/dynasties name (literal, no CK2 loc key)",Korun,new key
dynn_fae_5918,"common/dynasties name (literal, no CK2 loc key)",Hartshall,new key
dynn_fae_5919,"common/dynasties name (literal, no CK2 loc key)",Pelmarin,new key
dynn_fae_592,"common/dynasties name (literal, no CK2 loc key)",Daramy,new key
dynn_fae_5920,"common/dynasties name (literal, no CK2 loc key)",Harfourt,new key
dynn_fae_5921,"common/dynasties name (literal, no CK2 loc key)",Voranwell,new key
dynn_fae_5922,"common/dynasties name (literal, no CK2 loc key)",Hydcont,new key
dynn_fae_5923,"common/dynasties name (literal, no CK2 loc key)",Qirger,new key
dynn_fae_5924,"common/dynasties name (literal, no CK2 loc key)",Hardlm,new key
dynn_fae_5925,"common/dynasties name (literal, no CK2 loc key)",Iryklathagra,new key
dynn_fae_5926,"common/dynasties name (literal, no CK2 loc key)",Ethgil,new key
dynn_fae_5927,"common/dynasties name (literal, no CK2 loc key)",Bladesmile,new key
dynn_fae_5928,"common/dynasties name (literal, no CK2 loc key)",Cleeith,new key
dynn_fae_5929,"common/dynasties name (literal, no CK2 loc key)",Olehm,new key
dynn_fae_593,"common/dynasties name (literal, no CK2 loc key)",Bengrina,new key
dynn_fae_5930,"common/dynasties name (literal, no CK2 loc key)",of Sembia,new key
dynn_fae_5931,"common/dynasties name (literal, no CK2 loc key)",Jashire,new key
dynn_fae_5932,"common/dynasties name (literal, no CK2 loc key)",Richcoin,new key
dynn_fae_5933,"common/dynasties name (literal, no CK2 loc key)",Sibonseni,new key
dynn_fae_5934,"common/dynasties name (literal, no CK2 loc key)",Tebrentan,new key
dynn_fae_5935,"common/dynasties name (literal, no CK2 loc key)",Keltronn,new key
dynn_fae_5936,"common/dynasties name (literal, no CK2 loc key)",Crimmor,new key
dynn_fae_5937,"common/dynasties name (literal, no CK2 loc key)",Braen,new key
dynn_fae_5938,"common/dynasties name (literal, no CK2 loc key)",Varneshtirik,new key
dynn_fae_5939,"common/dynasties name (literal, no CK2 loc key)",Skyrider,new key
dynn_fae_594,"common/dynasties name (literal, no CK2 loc key)",Steelfeather,new key
dynn_fae_5940,"common/dynasties name (literal, no CK2 loc key)",Danaliss,new key
dynn_fae_5941,"common/dynasties name (literal, no CK2 loc key)",Koryaz,new key
dynn_fae_5942,"common/dynasties name (literal, no CK2 loc key)",Nanayok,new key
dynn_fae_5943,"common/dynasties name (literal, no CK2 loc key)",Snowshield,new key
dynn_fae_5944,"common/dynasties name (literal, no CK2 loc key)",Silkfoot,new key
dynn_fae_5945,"common/dynasties name (literal, no CK2 loc key)",Rimeblade,new key
dynn_fae_595,"common/dynasties name (literal, no CK2 loc key)",Mossmane,new key
dynn_fae_5956,"common/dynasties name (literal, no CK2 loc key)",Eastwind,new key
dynn_fae_5957,"common/dynasties name (literal, no CK2 loc key)",Longmount,new key
dynn_fae_5958,"common/dynasties name (literal, no CK2 loc key)",Ancientvale,new key
dynn_fae_5959,"common/dynasties name (literal, no CK2 loc key)",Whisperknife,new key
dynn_fae_596,"common/dynasties name (literal, no CK2 loc key)",Eshowe,new key
dynn_fae_5960,"common/dynasties name (literal, no CK2 loc key)",Templewatch,new key
dynn_fae_5961,"common/dynasties name (literal, no CK2 loc key)",Jhanyssek,new key
dynn_fae_5962,"common/dynasties name (literal, no CK2 loc key)",Albrath,new key
dynn_fae_5963,"common/dynasties name (literal, no CK2 loc key)",Alprin,new key
dynn_fae_5964,"common/dynasties name (literal, no CK2 loc key)",Alskayl,new key
dynn_fae_5965,"common/dynasties name (literal, no CK2 loc key)",Ambrilar,new key
dynn_fae_5966,"common/dynasties name (literal, no CK2 loc key)",Ammargath,new key
dynn_fae_5967,"common/dynasties name (literal, no CK2 loc key)",Ampner,new key
dynn_fae_5968,"common/dynasties name (literal, no CK2 loc key)",Amthur,new key
dynn_fae_5969,"common/dynasties name (literal, no CK2 loc key)",Amyselnar,new key
dynn_fae_597,"common/dynasties name (literal, no CK2 loc key)",Namazji,new key
dynn_fae_5970,"common/dynasties name (literal, no CK2 loc key)",Arhesian,new key
dynn_fae_5971,"common/dynasties name (literal, no CK2 loc key)",Attricus,new key
dynn_fae_5972,"common/dynasties name (literal, no CK2 loc key)",Balathorp,new key
dynn_fae_5973,"common/dynasties name (literal, no CK2 loc key)",Barnshyn,new key
dynn_fae_5974,"common/dynasties name (literal, no CK2 loc key)",Beindold,new key
dynn_fae_5975,"common/dynasties name (literal, no CK2 loc key)",Belemmor,new key
dynn_fae_5976,"common/dynasties name (literal, no CK2 loc key)",Tantran,new key
dynn_fae_5977,"common/dynasties name (literal, no CK2 loc key)",Fleetwood,new key
dynn_fae_5978,"common/dynasties name (literal, no CK2 loc key)",LaVerne,new key
dynn_fae_5979,"common/dynasties name (literal, no CK2 loc key)",Silverspeak,new key
dynn_fae_598,"common/dynasties name (literal, no CK2 loc key)",Pathforger,new key
dynn_fae_5980,"common/dynasties name (literal, no CK2 loc key)",Blountrae,new key
dynn_fae_5981,"common/dynasties name (literal, no CK2 loc key)",Bree,new key
dynn_fae_5982,"common/dynasties name (literal, no CK2 loc key)",Brewhammer,new key
dynn_fae_5983,"common/dynasties name (literal, no CK2 loc key)",Brightleaf,new key
dynn_fae_5984,"common/dynasties name (literal, no CK2 loc key)",Brynleaf,new key
dynn_fae_5985,"common/dynasties name (literal, no CK2 loc key)",Byrrd,new key
dynn_fae_5986,"common/dynasties name (literal, no CK2 loc key)",Chantel,new key
dynn_fae_5987,"common/dynasties name (literal, no CK2 loc key)",Chassendora,new key
dynn_fae_5988,"common/dynasties name (literal, no CK2 loc key)",Chessman,new key
dynn_fae_5989,"common/dynasties name (literal, no CK2 loc key)",Chisolm,new key
dynn_fae_599,"common/dynasties name (literal, no CK2 loc key)",Cissi,new key
dynn_fae_5990,"common/dynasties name (literal, no CK2 loc key)",Cinder,new key
dynn_fae_5991,"common/dynasties name (literal, no CK2 loc key)",Dalurieth,new key
dynn_fae_5992,"common/dynasties name (literal, no CK2 loc key)",Danthan,new key
dynn_fae_5993,"common/dynasties name (literal, no CK2 loc key)",Darahanis,new key
dynn_fae_5994,"common/dynasties name (literal, no CK2 loc key)",Delgorth,new key
dynn_fae_5995,"common/dynasties name (literal, no CK2 loc key)",Delkash,new key
dynn_fae_5996,"common/dynasties name (literal, no CK2 loc key)",DeVillars,new key
dynn_fae_5997,"common/dynasties name (literal, no CK2 loc key)",Dharimm,new key
dynn_fae_5998,"common/dynasties name (literal, no CK2 loc key)",Dolester,new key
dynn_fae_5999,"common/dynasties name (literal, no CK2 loc key)",Doumath,new key
dynn_fae_6,"common/dynasties name (literal, no CK2 loc key)",Viridianbase,new key
dynn_fae_60,"common/dynasties name (literal, no CK2 loc key)",Gallus,new key
dynn_fae_600,"common/dynasties name (literal, no CK2 loc key)",Wasiliti,new key
dynn_fae_6000,"common/dynasties name (literal, no CK2 loc key)",Tsenya,new key
dynn_fae_6001,"common/dynasties name (literal, no CK2 loc key)",Pakshi,new key
dynn_fae_6002,"common/dynasties name (literal, no CK2 loc key)",Yeshy,new key
dynn_fae_6003,"common/dynasties name (literal, no CK2 loc key)",Monpa,new key
dynn_fae_6004,"common/dynasties name (literal, no CK2 loc key)",Jigme,new key
dynn_fae_6005,"common/dynasties name (literal, no CK2 loc key)",Bhuti,new key
dynn_fae_6006,"common/dynasties name (literal, no CK2 loc key)",Yangkey,new key
dynn_fae_6007,"common/dynasties name (literal, no CK2 loc key)",Gorkha,new key
dynn_fae_6008,"common/dynasties name (literal, no CK2 loc key)",Aukatsang,new key
dynn_fae_6009,"common/dynasties name (literal, no CK2 loc key)",Mipham,new key
dynn_fae_601,"common/dynasties name (literal, no CK2 loc key)",Ghaskti,new key
dynn_fae_6010,"common/dynasties name (literal, no CK2 loc key)",Jamyang,new key
dynn_fae_6011,"common/dynasties name (literal, no CK2 loc key)",Nyima,new key
dynn_fae_6012,"common/dynasties name (literal, no CK2 loc key)",Drupa,new key
dynn_fae_6013,"common/dynasties name (literal, no CK2 loc key)",Gonpo,new key
dynn_fae_6014,"common/dynasties name (literal, no CK2 loc key)",Tselha,new key
dynn_fae_6015,"common/dynasties name (literal, no CK2 loc key)",Samdup,new key
dynn_fae_6016,"common/dynasties name (literal, no CK2 loc key)",Karpo,new key
dynn_fae_6017,"common/dynasties name (literal, no CK2 loc key)",Seldon,new key
dynn_fae_6018,"common/dynasties name (literal, no CK2 loc key)",Yeshi,new key
dynn_fae_6019,"common/dynasties name (literal, no CK2 loc key)",Tangpa,new key
dynn_fae_602,"common/dynasties name (literal, no CK2 loc key)",Jungleclaw,new key
dynn_fae_6020,"common/dynasties name (literal, no CK2 loc key)",Dhompa,new key
dynn_fae_6021,"common/dynasties name (literal, no CK2 loc key)",Norbu,new key
dynn_fae_6022,"common/dynasties name (literal, no CK2 loc key)",Duga,new key
dynn_fae_6023,"common/dynasties name (literal, no CK2 loc key)",Karma,new key
dynn_fae_6024,"common/dynasties name (literal, no CK2 loc key)",Kalingpong,new key
dynn_fae_6025,"common/dynasties name (literal, no CK2 loc key)",Bongpatsang,new key
dynn_fae_6026,"common/dynasties name (literal, no CK2 loc key)",Padma,new key
dynn_fae_6027,"common/dynasties name (literal, no CK2 loc key)",Nyingpo,new key
dynn_fae_6028,"common/dynasties name (literal, no CK2 loc key)",Chodron,new key
dynn_fae_6029,"common/dynasties name (literal, no CK2 loc key)",Trengwa,new key
dynn_fae_603,"common/dynasties name (literal, no CK2 loc key)",Nightcaller,new key
dynn_fae_6030,"common/dynasties name (literal, no CK2 loc key)",Manriwa,new key
dynn_fae_6031,"common/dynasties name (literal, no CK2 loc key)",Dhargey,new key
dynn_fae_6032,"common/dynasties name (literal, no CK2 loc key)",Lobsang,new key
dynn_fae_6033,"common/dynasties name (literal, no CK2 loc key)",Kechok,new key
dynn_fae_6034,"common/dynasties name (literal, no CK2 loc key)",Dorje,new key
dynn_fae_6035,"common/dynasties name (literal, no CK2 loc key)",Trungpa,new key
dynn_fae_6036,"common/dynasties name (literal, no CK2 loc key)",Yudron,new key
dynn_fae_6037,"common/dynasties name (literal, no CK2 loc key)",Tsogyal,new key
dynn_fae_6038,"common/dynasties name (literal, no CK2 loc key)",Tenzin,new key
dynn_fae_6039,"common/dynasties name (literal, no CK2 loc key)",Palsang,new key
dynn_fae_604,"common/dynasties name (literal, no CK2 loc key)",Rath,new key
dynn_fae_6040,"common/dynasties name (literal, no CK2 loc key)",Lingpa,new key
dynn_fae_6041,"common/dynasties name (literal, no CK2 loc key)",Tashi,new key
dynn_fae_6042,"common/dynasties name (literal, no CK2 loc key)",Sangpo,new key
dynn_fae_6043,"common/dynasties name (literal, no CK2 loc key)",Dhargay,new key
dynn_fae_6044,"common/dynasties name (literal, no CK2 loc key)",Topden,new key
dynn_fae_6045,"common/dynasties name (literal, no CK2 loc key)",Mingyur,new key
dynn_fae_6046,"common/dynasties name (literal, no CK2 loc key)",Ogandi,new key
dynn_fae_6047,"common/dynasties name (literal, no CK2 loc key)",Fesang,new key
dynn_fae_6048,"common/dynasties name (literal, no CK2 loc key)",Sinatsi,new key
dynn_fae_6049,"common/dynasties name (literal, no CK2 loc key)",Miga,new key
dynn_fae_605,"common/dynasties name (literal, no CK2 loc key)",Sharkskin,new key
dynn_fae_6050,"common/dynasties name (literal, no CK2 loc key)",Doring,new key
dynn_fae_6051,"common/dynasties name (literal, no CK2 loc key)",Nua,new key
dynn_fae_6052,"common/dynasties name (literal, no CK2 loc key)",Yaldur,new key
dynn_fae_6053,"common/dynasties name (literal, no CK2 loc key)",Nyang,new key
dynn_fae_6054,"common/dynasties name (literal, no CK2 loc key)",Nub,new key
dynn_fae_6055,"common/dynasties name (literal, no CK2 loc key)",Ban,new key
dynn_fae_6056,"common/dynasties name (literal, no CK2 loc key)",Dro,new key
dynn_fae_6057,"common/dynasties name (literal, no CK2 loc key)",Che,new key
dynn_fae_6058,"common/dynasties name (literal, no CK2 loc key)",Chim,new key
dynn_fae_6059,"common/dynasties name (literal, no CK2 loc key)",Cho,new key
dynn_fae_606,"common/dynasties name (literal, no CK2 loc key)",Igbinoghene,new key
dynn_fae_6060,"common/dynasties name (literal, no CK2 loc key)",Chungpa,new key
dynn_fae_6061,"common/dynasties name (literal, no CK2 loc key)",Dak,new key
dynn_fae_6062,"common/dynasties name (literal, no CK2 loc key)",Tonmi,new key
dynn_fae_6063,"common/dynasties name (literal, no CK2 loc key)",Nyak,new key
dynn_fae_6064,"common/dynasties name (literal, no CK2 loc key)",Nanam,new key
dynn_fae_6065,"common/dynasties name (literal, no CK2 loc key)",Shupu,new key
dynn_fae_6066,"common/dynasties name (literal, no CK2 loc key)",Go,new key
dynn_fae_6067,"common/dynasties name (literal, no CK2 loc key)",Lasum,new key
dynn_fae_6068,"common/dynasties name (literal, no CK2 loc key)",Lhalung,new key
dynn_fae_6069,"common/dynasties name (literal, no CK2 loc key)",Ma,new key
dynn_fae_607,"common/dynasties name (literal, no CK2 loc key)",Flintfoot,new key
dynn_fae_6070,"common/dynasties name (literal, no CK2 loc key)",Ja,new key
dynn_fae_6071,"common/dynasties name (literal, no CK2 loc key)",Drumsinger,new key
dynn_fae_6072,"common/dynasties name (literal, no CK2 loc key)",Dundreth,new key
dynn_fae_6073,"common/dynasties name (literal, no CK2 loc key)",Ebonhand,new key
dynn_fae_6074,"common/dynasties name (literal, no CK2 loc key)",Eisner,new key
dynn_fae_6075,"common/dynasties name (literal, no CK2 loc key)",Ej-lahona,new key
dynn_fae_6076,"common/dynasties name (literal, no CK2 loc key)",Elvenstar,new key
dynn_fae_6077,"common/dynasties name (literal, no CK2 loc key)",Erikksonn,new key
dynn_fae_6078,"common/dynasties name (literal, no CK2 loc key)",Everstone,new key
dynn_fae_6079,"common/dynasties name (literal, no CK2 loc key)",Finch,new key
dynn_fae_608,"common/dynasties name (literal, no CK2 loc key)",Turtlerock,new key
dynn_fae_6080,"common/dynasties name (literal, no CK2 loc key)",Gerathu,new key
dynn_fae_6081,"common/dynasties name (literal, no CK2 loc key)",Giltch,new key
dynn_fae_6082,"common/dynasties name (literal, no CK2 loc key)",Greengate,new key
dynn_fae_6083,"common/dynasties name (literal, no CK2 loc key)",Greymantle,new key
dynn_fae_6084,"common/dynasties name (literal, no CK2 loc key)",Grim,new key
dynn_fae_6085,"common/dynasties name (literal, no CK2 loc key)",Hagaris,new key
dynn_fae_6086,"common/dynasties name (literal, no CK2 loc key)",Halbar,new key
dynn_fae_6087,"common/dynasties name (literal, no CK2 loc key)",Hallos,new key
dynn_fae_6088,"common/dynasties name (literal, no CK2 loc key)",Hannith,new key
dynn_fae_6089,"common/dynasties name (literal, no CK2 loc key)",Harlguss,new key
dynn_fae_609,"common/dynasties name (literal, no CK2 loc key)",Snoutfang,new key
dynn_fae_6090,"common/dynasties name (literal, no CK2 loc key)",Harssad,new key
dynn_fae_6091,"common/dynasties name (literal, no CK2 loc key)",Hesmyr,new key
dynn_fae_6092,"common/dynasties name (literal, no CK2 loc key)",Holbrar,new key
dynn_fae_6093,"common/dynasties name (literal, no CK2 loc key)",Holiday,new key
dynn_fae_6094,"common/dynasties name (literal, no CK2 loc key)",Hopkins,new key
dynn_fae_6095,"common/dynasties name (literal, no CK2 loc key)",Hroun,new key
dynn_fae_6096,"common/dynasties name (literal, no CK2 loc key)",Hulvesper,new key
dynn_fae_6097,"common/dynasties name (literal, no CK2 loc key)",Hyldohbrand,new key
dynn_fae_6098,"common/dynasties name (literal, no CK2 loc key)",Indomurr,new key
dynn_fae_6099,"common/dynasties name (literal, no CK2 loc key)",Rauschpautton,new key
dynn_fae_61,"common/dynasties name (literal, no CK2 loc key)",Fife,new key
dynn_fae_610,"common/dynasties name (literal, no CK2 loc key)",Alibrebi,new key
dynn_fae_6100,"common/dynasties name (literal, no CK2 loc key)",Horus-Re,new key
dynn_fae_6101,"common/dynasties name (literal, no CK2 loc key)",Thoth,new key
dynn_fae_6102,"common/dynasties name (literal, no CK2 loc key)",Osiris,new key
dynn_fae_6103,"common/dynasties name (literal, no CK2 loc key)",Anhur,new key
dynn_fae_6104,"common/dynasties name (literal, no CK2 loc key)",of Skuld,new key
dynn_fae_6105,"common/dynasties name (literal, no CK2 loc key)",of Gheldaneth,new key
dynn_fae_6106,"common/dynasties name (literal, no CK2 loc key)",of Neldorild,new key
dynn_fae_6107,"common/dynasties name (literal, no CK2 loc key)",of Mishtan,new key
dynn_fae_6108,"common/dynasties name (literal, no CK2 loc key)",of Sampranasz,new key
dynn_fae_6109,"common/dynasties name (literal, no CK2 loc key)",Ankhalab,new key
dynn_fae_611,"common/dynasties name (literal, no CK2 loc key)",Ater,new key
dynn_fae_6110,"common/dynasties name (literal, no CK2 loc key)",Anskuld,new key
dynn_fae_6111,"common/dynasties name (literal, no CK2 loc key)",Fezim,new key
dynn_fae_6112,"common/dynasties name (literal, no CK2 loc key)",Hahpet,new key
dynn_fae_6113,"common/dynasties name (literal, no CK2 loc key)",Nathandem,new key
dynn_fae_6114,"common/dynasties name (literal, no CK2 loc key)",Sepret,new key
dynn_fae_6115,"common/dynasties name (literal, no CK2 loc key)",Uuthrakt,new key
dynn_fae_6116,"common/dynasties name (literal, no CK2 loc key)",of Rauthgor,new key
dynn_fae_6117,"common/dynasties name (literal, no CK2 loc key)",Mulan,new key
dynn_fae_6118,"common/dynasties name (literal, no CK2 loc key)",Klintar,new key
dynn_fae_6119,"common/dynasties name (literal, no CK2 loc key)",Kordamant,new key
dynn_fae_612,"common/dynasties name (literal, no CK2 loc key)",Se'Sehen,new key
dynn_fae_6120,"common/dynasties name (literal, no CK2 loc key)",Thydyrakt,new key
dynn_fae_6121,"common/dynasties name (literal, no CK2 loc key)",Druumrakth,new key
dynn_fae_6122,"common/dynasties name (literal, no CK2 loc key)",Oisida,new key
dynn_fae_6123,"common/dynasties name (literal, no CK2 loc key)",Kilvada,new key
dynn_fae_6124,"common/dynasties name (literal, no CK2 loc key)",Anathab,new key
dynn_fae_6125,"common/dynasties name (literal, no CK2 loc key)",Isais,new key
dynn_fae_6126,"common/dynasties name (literal, no CK2 loc key)",Raggavars,new key
dynn_fae_6127,"common/dynasties name (literal, no CK2 loc key)",Myrthard,new key
dynn_fae_6128,"common/dynasties name (literal, no CK2 loc key)",Ghaast,new key
dynn_fae_6129,"common/dynasties name (literal, no CK2 loc key)",Phannaskul,new key
dynn_fae_613,"common/dynasties name (literal, no CK2 loc key)",Sauringar,new key
dynn_fae_6130,"common/dynasties name (literal, no CK2 loc key)",Bey al-Kursi,new key
dynn_fae_6131,"common/dynasties name (literal, no CK2 loc key)",Korlaunt,new key
dynn_fae_6132,"common/dynasties name (literal, no CK2 loc key)",Lashir,new key
dynn_fae_6133,"common/dynasties name (literal, no CK2 loc key)",Lassar,new key
dynn_fae_6134,"common/dynasties name (literal, no CK2 loc key)",Latheen,new key
dynn_fae_6135,"common/dynasties name (literal, no CK2 loc key)",Leyland,new key
dynn_fae_6136,"common/dynasties name (literal, no CK2 loc key)",Longbottle,new key
dynn_fae_6137,"common/dynasties name (literal, no CK2 loc key)",Lunemast,new key
dynn_fae_6138,"common/dynasties name (literal, no CK2 loc key)",Lurian,new key
dynn_fae_6139,"common/dynasties name (literal, no CK2 loc key)",Maer,new key
dynn_fae_614,"common/dynasties name (literal, no CK2 loc key)",Set,new key
dynn_fae_6140,"common/dynasties name (literal, no CK2 loc key)",Mahulkyn,new key
dynn_fae_6141,"common/dynasties name (literal, no CK2 loc key)",Malacont,new key
dynn_fae_6142,"common/dynasties name (literal, no CK2 loc key)",Mathlyn,new key
dynn_fae_6143,"common/dynasties name (literal, no CK2 loc key)",Mellicot,new key
dynn_fae_6144,"common/dynasties name (literal, no CK2 loc key)",Miller,new key
dynn_fae_6145,"common/dynasties name (literal, no CK2 loc key)",Mindalar,new key
dynn_fae_6146,"common/dynasties name (literal, no CK2 loc key)",Misintle,new key
dynn_fae_6147,"common/dynasties name (literal, no CK2 loc key)",Mittlemer,new key
dynn_fae_6148,"common/dynasties name (literal, no CK2 loc key)",Montgar,new key
dynn_fae_6149,"common/dynasties name (literal, no CK2 loc key)",Moonfist,new key
dynn_fae_615,"common/dynasties name (literal, no CK2 loc key)",Ganvel,new key
dynn_fae_6150,"common/dynasties name (literal, no CK2 loc key)",Moonspring,new key
dynn_fae_6151,"common/dynasties name (literal, no CK2 loc key)",Morann,new key
dynn_fae_6152,"common/dynasties name (literal, no CK2 loc key)",Morigan,new key
dynn_fae_6153,"common/dynasties name (literal, no CK2 loc key)",Muirbar,new key
dynn_fae_6154,"common/dynasties name (literal, no CK2 loc key)",Nairb,new key
dynn_fae_6155,"common/dynasties name (literal, no CK2 loc key)",Narithan,new key
dynn_fae_6156,"common/dynasties name (literal, no CK2 loc key)",Northmane,new key
dynn_fae_6157,"common/dynasties name (literal, no CK2 loc key)",Norwood,new key
dynn_fae_6158,"common/dynasties name (literal, no CK2 loc key)",Oloryn,new key
dynn_fae_6159,"common/dynasties name (literal, no CK2 loc key)",Oloskar,new key
dynn_fae_616,"common/dynasties name (literal, no CK2 loc key)",Sarim,new key
dynn_fae_6160,"common/dynasties name (literal, no CK2 loc key)",Oomreen,new key
dynn_fae_6161,"common/dynasties name (literal, no CK2 loc key)",Orlsyr,new key
dynn_fae_6162,"common/dynasties name (literal, no CK2 loc key)",Orntalar,new key
dynn_fae_6163,"common/dynasties name (literal, no CK2 loc key)",Orspriir,new key
dynn_fae_6164,"common/dynasties name (literal, no CK2 loc key)",Piniago,new key
dynn_fae_6165,"common/dynasties name (literal, no CK2 loc key)",Raphiel,new key
dynn_fae_6166,"common/dynasties name (literal, no CK2 loc key)",Ravajar,new key
dynn_fae_6167,"common/dynasties name (literal, no CK2 loc key)",Ravenwild,new key
dynn_fae_6168,"common/dynasties name (literal, no CK2 loc key)",Rendril,new key
dynn_fae_6169,"common/dynasties name (literal, no CK2 loc key)",Risimmer,new key
dynn_fae_617,"common/dynasties name (literal, no CK2 loc key)",t'Lak,new key
dynn_fae_6170,"common/dynasties name (literal, no CK2 loc key)",Roland,new key
dynn_fae_6171,"common/dynasties name (literal, no CK2 loc key)",Macintyre,new key
dynn_fae_6172,"common/dynasties name (literal, no CK2 loc key)",Scantshar,new key
dynn_fae_6173,"common/dynasties name (literal, no CK2 loc key)",Thornclaw,new key
dynn_fae_6174,"common/dynasties name (literal, no CK2 loc key)",Serpentshield,new key
dynn_fae_6175,"common/dynasties name (literal, no CK2 loc key)",Sevenecho,new key
dynn_fae_6176,"common/dynasties name (literal, no CK2 loc key)",Shavvyrstar,new key
dynn_fae_6177,"common/dynasties name (literal, no CK2 loc key)",Skydark,new key
dynn_fae_6178,"common/dynasties name (literal, no CK2 loc key)",Sorrel,new key
dynn_fae_6179,"common/dynasties name (literal, no CK2 loc key)",Stareye,new key
dynn_fae_618,"common/dynasties name (literal, no CK2 loc key)",Tronba,new key
dynn_fae_6180,"common/dynasties name (literal, no CK2 loc key)",Starlight,new key
dynn_fae_6181,"common/dynasties name (literal, no CK2 loc key)",Starre,new key
dynn_fae_6182,"common/dynasties name (literal, no CK2 loc key)",Steen,new key
dynn_fae_6183,"common/dynasties name (literal, no CK2 loc key)",Stonegiant,new key
dynn_fae_6184,"common/dynasties name (literal, no CK2 loc key)",Stoneshoulder,new key
dynn_fae_6185,"common/dynasties name (literal, no CK2 loc key)",Stormwind,new key
dynn_fae_6186,"common/dynasties name (literal, no CK2 loc key)",Sureblade,new key
dynn_fae_6187,"common/dynasties name (literal, no CK2 loc key)",Syrylstone,new key
dynn_fae_6188,"common/dynasties name (literal, no CK2 loc key)",Taber,new key
dynn_fae_6189,"common/dynasties name (literal, no CK2 loc key)",Tessran,new key
dynn_fae_619,"common/dynasties name (literal, no CK2 loc key)",Razzik,new key
dynn_fae_6190,"common/dynasties name (literal, no CK2 loc key)",Thairharrow,new key
dynn_fae_6191,"common/dynasties name (literal, no CK2 loc key)",Thalangrim,new key
dynn_fae_6192,"common/dynasties name (literal, no CK2 loc key)",Talshond,new key
dynn_fae_6193,"common/dynasties name (literal, no CK2 loc key)",Thavil,new key
dynn_fae_6194,"common/dynasties name (literal, no CK2 loc key)",Thindol,new key
dynn_fae_6195,"common/dynasties name (literal, no CK2 loc key)",Thorin,new key
dynn_fae_6196,"common/dynasties name (literal, no CK2 loc key)",Thourin,new key
dynn_fae_6197,"common/dynasties name (literal, no CK2 loc key)",Threefinger,new key
dynn_fae_6198,"common/dynasties name (literal, no CK2 loc key)",Thunwyllun,new key
dynn_fae_6199,"common/dynasties name (literal, no CK2 loc key)",Tlestlin,new key
dynn_fae_62,"common/dynasties name (literal, no CK2 loc key)",Godwynn,new key
dynn_fae_620,"common/dynasties name (literal, no CK2 loc key)",Zamur,new key
dynn_fae_6200,"common/dynasties name (literal, no CK2 loc key)",Safehands,new key
dynn_fae_6201,"common/dynasties name (literal, no CK2 loc key)",Chansyrl,new key
dynn_fae_6202,"common/dynasties name (literal, no CK2 loc key)",Jhavander,new key
dynn_fae_6203,"common/dynasties name (literal, no CK2 loc key)",Tarnlar,new key
dynn_fae_6204,"common/dynasties name (literal, no CK2 loc key)",Mhandyvver,new key
dynn_fae_6205,"common/dynasties name (literal, no CK2 loc key)",Indagol,new key
dynn_fae_6206,"common/dynasties name (literal, no CK2 loc key)",Blackbutter,new key
dynn_fae_6207,"common/dynasties name (literal, no CK2 loc key)",Hartwick,new key
dynn_fae_6208,"common/dynasties name (literal, no CK2 loc key)",Steelsar,new key
dynn_fae_6209,"common/dynasties name (literal, no CK2 loc key)",Elk,new key
dynn_fae_621,"common/dynasties name (literal, no CK2 loc key)",Samir,new key
dynn_fae_6210,"common/dynasties name (literal, no CK2 loc key)",Beorne,new key
dynn_fae_6211,"common/dynasties name (literal, no CK2 loc key)",Alghiz,new key
dynn_fae_6212,"common/dynasties name (literal, no CK2 loc key)",of Luskan,new key
dynn_fae_6213,"common/dynasties name (literal, no CK2 loc key)",Alaurun,new key
dynn_fae_6214,"common/dynasties name (literal, no CK2 loc key)",Raurym,new key
dynn_fae_6215,"common/dynasties name (literal, no CK2 loc key)",of Bryn Shander,new key
dynn_fae_6216,"common/dynasties name (literal, no CK2 loc key)",Harpell,new key
dynn_fae_6217,"common/dynasties name (literal, no CK2 loc key)",Zelnathra,new key
dynn_fae_6218,"common/dynasties name (literal, no CK2 loc key)",Khoroshen,new key
dynn_fae_6219,"common/dynasties name (literal, no CK2 loc key)",Khaumfros,new key
dynn_fae_622,"common/dynasties name (literal, no CK2 loc key)",Algrem,new key
dynn_fae_6220,"common/dynasties name (literal, no CK2 loc key)",Kheldorna,new key
dynn_fae_6221,"common/dynasties name (literal, no CK2 loc key)",Blackhammer,new key
dynn_fae_6222,"common/dynasties name (literal, no CK2 loc key)",Shadowtop,new key
dynn_fae_6223,"common/dynasties name (literal, no CK2 loc key)",Lindenbaum,new key
dynn_fae_6224,"common/dynasties name (literal, no CK2 loc key)",Doubleoak,new key
dynn_fae_6225,"common/dynasties name (literal, no CK2 loc key)",Royaloak,new key
dynn_fae_6226,"common/dynasties name (literal, no CK2 loc key)",Ashengrove,new key
dynn_fae_6227,"common/dynasties name (literal, no CK2 loc key)",Flammedent,new key
dynn_fae_6228,"common/dynasties name (literal, no CK2 loc key)",Alpra,new key
dynn_fae_6229,"common/dynasties name (literal, no CK2 loc key)",Talboskh,new key
dynn_fae_623,"common/dynasties name (literal, no CK2 loc key)",Sulvim,new key
dynn_fae_6230,"common/dynasties name (literal, no CK2 loc key)",Wolf,new key
dynn_fae_6231,"common/dynasties name (literal, no CK2 loc key)",Bear,new key
dynn_fae_6232,"common/dynasties name (literal, no CK2 loc key)",Tiger,new key
dynn_fae_6233,"common/dynasties name (literal, no CK2 loc key)",Darkgloom,new key
dynn_fae_6234,"common/dynasties name (literal, no CK2 loc key)",Kessell,new key
dynn_fae_6235,"common/dynasties name (literal, no CK2 loc key)",Thaurog,new key
dynn_fae_6236,"common/dynasties name (literal, no CK2 loc key)",of Nesmé,new key
dynn_fae_6237,"common/dynasties name (literal, no CK2 loc key)",Shrak,new key
dynn_fae_6238,"common/dynasties name (literal, no CK2 loc key)",Scab,new key
dynn_fae_6239,"common/dynasties name (literal, no CK2 loc key)",Skyshear,new key
dynn_fae_624,"common/dynasties name (literal, no CK2 loc key)",Sa'Ilsha,new key
dynn_fae_6240,"common/dynasties name (literal, no CK2 loc key)",Kalvar,new key
dynn_fae_6241,"common/dynasties name (literal, no CK2 loc key)",Senlar,new key
dynn_fae_6242,"common/dynasties name (literal, no CK2 loc key)",Jyarl,new key
dynn_fae_6243,"common/dynasties name (literal, no CK2 loc key)",Greenstroke,new key
dynn_fae_6244,"common/dynasties name (literal, no CK2 loc key)",of Sparrows,new key
dynn_fae_6245,"common/dynasties name (literal, no CK2 loc key)",Greenbrow,new key
dynn_fae_6246,"common/dynasties name (literal, no CK2 loc key)",of Ascalhorn,new key
dynn_fae_6247,"common/dynasties name (literal, no CK2 loc key)",Gandof,new key
dynn_fae_6248,"common/dynasties name (literal, no CK2 loc key)",Tallgrass,new key
dynn_fae_6249,"common/dynasties name (literal, no CK2 loc key)",Henkol,new key
dynn_fae_625,"common/dynasties name (literal, no CK2 loc key)",Troblo,new key
dynn_fae_6250,"common/dynasties name (literal, no CK2 loc key)",Snowshod,new key
dynn_fae_6251,"common/dynasties name (literal, no CK2 loc key)",Alaerth,new key
dynn_fae_6252,"common/dynasties name (literal, no CK2 loc key)",of the Claws,new key
dynn_fae_6253,"common/dynasties name (literal, no CK2 loc key)",Zelhund,new key
dynn_fae_6254,"common/dynasties name (literal, no CK2 loc key)",Oyim,new key
dynn_fae_6255,"common/dynasties name (literal, no CK2 loc key)",of Skyreach,new key
dynn_fae_6256,"common/dynasties name (literal, no CK2 loc key)",Minairr,new key
dynn_fae_6257,"common/dynasties name (literal, no CK2 loc key)",Whitespear,new key
dynn_fae_6258,"common/dynasties name (literal, no CK2 loc key)",Ulzimmer,new key
dynn_fae_6259,"common/dynasties name (literal, no CK2 loc key)",dul Umast,new key
dynn_fae_626,"common/dynasties name (literal, no CK2 loc key)",Lavos,new key
dynn_fae_6260,"common/dynasties name (literal, no CK2 loc key)",Umbarton,new key
dynn_fae_6261,"common/dynasties name (literal, no CK2 loc key)",Umesker,new key
dynn_fae_6262,"common/dynasties name (literal, no CK2 loc key)",Velthrann,new key
dynn_fae_6263,"common/dynasties name (literal, no CK2 loc key)",von Damm,new key
dynn_fae_6264,"common/dynasties name (literal, no CK2 loc key)",Weatherspoon,new key
dynn_fae_6265,"common/dynasties name (literal, no CK2 loc key)",Fatalis,new key
dynn_fae_6266,"common/dynasties name (literal, no CK2 loc key)",Jakar,new key
dynn_fae_6267,"common/dynasties name (literal, no CK2 loc key)",Pardasta,new key
dynn_fae_6268,"common/dynasties name (literal, no CK2 loc key)",Sherkasta,new key
dynn_fae_6269,"common/dynasties name (literal, no CK2 loc key)",Simbasta,new key
dynn_fae_627,"common/dynasties name (literal, no CK2 loc key)",Aybaz,new key
dynn_fae_6270,"common/dynasties name (literal, no CK2 loc key)",Carcasta,new key
dynn_fae_6271,"common/dynasties name (literal, no CK2 loc key)",Jakarundi,new key
dynn_fae_6272,"common/dynasties name (literal, no CK2 loc key)",Lyncis,new key
dynn_fae_6273,"common/dynasties name (literal, no CK2 loc key)",Ocelasta,new key
dynn_fae_6274,"common/dynasties name (literal, no CK2 loc key)",Servasta,new key
dynn_fae_6275,"common/dynasties name (literal, no CK2 loc key)",Merle,new key
dynn_fae_6276,"common/dynasties name (literal, no CK2 loc key)",Yorlin,new key
dynn_fae_6277,"common/dynasties name (literal, no CK2 loc key)",Phasie,new key
dynn_fae_6278,"common/dynasties name (literal, no CK2 loc key)",Peasie,new key
dynn_fae_6279,"common/dynasties name (literal, no CK2 loc key)",Gled,new key
dynn_fae_628,"common/dynasties name (literal, no CK2 loc key)",Grav,new key
dynn_fae_6280,"common/dynasties name (literal, no CK2 loc key)",Laverock,new key
dynn_fae_6281,"common/dynasties name (literal, no CK2 loc key)",Throstle,new key
dynn_fae_6282,"common/dynasties name (literal, no CK2 loc key)",Claik,new key
dynn_fae_6283,"common/dynasties name (literal, no CK2 loc key)",Bitterie,new key
dynn_fae_6284,"common/dynasties name (literal, no CK2 loc key)",Daaker,new key
dynn_fae_6285,"common/dynasties name (literal, no CK2 loc key)",Kraka,new key
dynn_fae_6286,"common/dynasties name (literal, no CK2 loc key)",Incendius,new key
dynn_fae_6287,"common/dynasties name (literal, no CK2 loc key)",Xalast,new key
dynn_fae_6288,"common/dynasties name (literal, no CK2 loc key)",Garblueth,new key
dynn_fae_6289,"common/dynasties name (literal, no CK2 loc key)",el Farrahd,new key
dynn_fae_629,"common/dynasties name (literal, no CK2 loc key)",Direfin,new key
dynn_fae_6290,"common/dynasties name (literal, no CK2 loc key)",Trawl,new key
dynn_fae_6291,"common/dynasties name (literal, no CK2 loc key)",Glade,new key
dynn_fae_6292,"common/dynasties name (literal, no CK2 loc key)",Briel,new key
dynn_fae_6293,"common/dynasties name (literal, no CK2 loc key)",Jago,new key
dynn_fae_6294,"common/dynasties name (literal, no CK2 loc key)",Dragutin,new key
dynn_fae_6295,"common/dynasties name (literal, no CK2 loc key)",Randymonk,new key
dynn_fae_6296,"common/dynasties name (literal, no CK2 loc key)",Argle,new key
dynn_fae_6297,"common/dynasties name (literal, no CK2 loc key)",Thorpe,new key
dynn_fae_6298,"common/dynasties name (literal, no CK2 loc key)",Fairfoot,new key
dynn_fae_6299,"common/dynasties name (literal, no CK2 loc key)",Sudacar,new key
dynn_fae_63,"common/dynasties name (literal, no CK2 loc key)",Clemson,new key
dynn_fae_630,"common/dynasties name (literal, no CK2 loc key)",Delphan,new key
dynn_fae_6300,"common/dynasties name (literal, no CK2 loc key)",Ianakos,new key
dynn_fae_6301,"common/dynasties name (literal, no CK2 loc key)",Argent,new key
dynn_fae_6302,"common/dynasties name (literal, no CK2 loc key)",Moonlake,new key
dynn_fae_6303,"common/dynasties name (literal, no CK2 loc key)",Carran,new key
dynn_fae_6304,"common/dynasties name (literal, no CK2 loc key)",Nightstar,new key
dynn_fae_6305,"common/dynasties name (literal, no CK2 loc key)",bel Akash,new key
dynn_fae_6306,"common/dynasties name (literal, no CK2 loc key)",Karador,new key
dynn_fae_6307,"common/dynasties name (literal, no CK2 loc key)",Carashay,new key
dynn_fae_6308,"common/dynasties name (literal, no CK2 loc key)",Myaratha,new key
dynn_fae_6309,"common/dynasties name (literal, no CK2 loc key)",Eiliann,new key
dynn_fae_631,"common/dynasties name (literal, no CK2 loc key)",Gemkin,new key
dynn_fae_6310,"common/dynasties name (literal, no CK2 loc key)",Baranowyn,new key
dynn_fae_6311,"common/dynasties name (literal, no CK2 loc key)",Bryghaedd,new key
dynn_fae_6312,"common/dynasties name (literal, no CK2 loc key)",Paudrygh,new key
dynn_fae_6313,"common/dynasties name (literal, no CK2 loc key)",Kaunsityn,new key
dynn_fae_6314,"common/dynasties name (literal, no CK2 loc key)",Aurylligh,new key
dynn_fae_6315,"common/dynasties name (literal, no CK2 loc key)",Maerfee,new key
dynn_fae_6316,"common/dynasties name (literal, no CK2 loc key)",Aunyil,new key
dynn_fae_6317,"common/dynasties name (literal, no CK2 loc key)",Maulowan,new key
dynn_fae_6318,"common/dynasties name (literal, no CK2 loc key)",Makinti,new key
dynn_fae_6319,"common/dynasties name (literal, no CK2 loc key)",Makilicuti,new key
dynn_fae_632,"common/dynasties name (literal, no CK2 loc key)",Fleshrend,new key
dynn_fae_6320,"common/dynasties name (literal, no CK2 loc key)",Kaulyn,new key
dynn_fae_6321,"common/dynasties name (literal, no CK2 loc key)",Gnarhelm,new key
dynn_fae_6322,"common/dynasties name (literal, no CK2 loc key)",Snowblood,new key
dynn_fae_6323,"common/dynasties name (literal, no CK2 loc key)",Cairnstorm,new key
dynn_fae_6324,"common/dynasties name (literal, no CK2 loc key)",Shimmercrag,new key
dynn_fae_6325,"common/dynasties name (literal, no CK2 loc key)",Tsurlagol,new key
dynn_fae_6326,"common/dynasties name (literal, no CK2 loc key)",Dunblade,new key
dynn_fae_6327,"common/dynasties name (literal, no CK2 loc key)",Yitriq,new key
dynn_fae_6328,"common/dynasties name (literal, no CK2 loc key)",Giantspire,new key
dynn_fae_6329,"common/dynasties name (literal, no CK2 loc key)",Vastar,new key
dynn_fae_633,"common/dynasties name (literal, no CK2 loc key)",Stoneaxe,new key
dynn_fae_6330,"common/dynasties name (literal, no CK2 loc key)",Orfang,new key
dynn_fae_6331,"common/dynasties name (literal, no CK2 loc key)",Elor,new key
dynn_fae_6332,"common/dynasties name (literal, no CK2 loc key)",Beltyne,new key
dynn_fae_6333,"common/dynasties name (literal, no CK2 loc key)",Cauldyl,new key
dynn_fae_6334,"common/dynasties name (literal, no CK2 loc key)",Darowdryn,new key
dynn_fae_6335,"common/dynasties name (literal, no CK2 loc key)",Elphaendim,new key
dynn_fae_6336,"common/dynasties name (literal, no CK2 loc key)",Halort,new key
dynn_fae_6337,"common/dynasties name (literal, no CK2 loc key)",Mestel,new key
dynn_fae_6338,"common/dynasties name (literal, no CK2 loc key)",Pelgorn,new key
dynn_fae_6339,"common/dynasties name (literal, no CK2 loc key)",Withrim,new key
dynn_fae_634,"common/dynasties name (literal, no CK2 loc key)",Greenheart,new key
dynn_fae_6340,"common/dynasties name (literal, no CK2 loc key)",Bracemalar,new key
dynn_fae_6341,"common/dynasties name (literal, no CK2 loc key)",Amdraeth,new key
dynn_fae_6342,"common/dynasties name (literal, no CK2 loc key)",Creftweather,new key
dynn_fae_6343,"common/dynasties name (literal, no CK2 loc key)",Lastalan,new key
dynn_fae_6344,"common/dynasties name (literal, no CK2 loc key)",Winthrax,new key
dynn_fae_6345,"common/dynasties name (literal, no CK2 loc key)",Pennyfeather,new key
dynn_fae_6346,"common/dynasties name (literal, no CK2 loc key)",Bladebreaker,new key
dynn_fae_6347,"common/dynasties name (literal, no CK2 loc key)",Stonecastle,new key
dynn_fae_6348,"common/dynasties name (literal, no CK2 loc key)",Faerondaryl,new key
dynn_fae_6349,"common/dynasties name (literal, no CK2 loc key)",Grimmerfang,new key
dynn_fae_635,"common/dynasties name (literal, no CK2 loc key)",Wetholm,new key
dynn_fae_6350,"common/dynasties name (literal, no CK2 loc key)",Mistwalker,new key
dynn_fae_6351,"common/dynasties name (literal, no CK2 loc key)",Veldribold,new key
dynn_fae_6352,"common/dynasties name (literal, no CK2 loc key)",of Eltabbar,new key
dynn_fae_6353,"common/dynasties name (literal, no CK2 loc key)",Hamessaron,new key
dynn_fae_6354,"common/dynasties name (literal, no CK2 loc key)",Maskyr,new key
dynn_fae_6355,"common/dynasties name (literal, no CK2 loc key)",Kurth,new key
dynn_fae_6356,"common/dynasties name (literal, no CK2 loc key)",Halarglautha,new key
dynn_fae_6357,"common/dynasties name (literal, no CK2 loc key)",Wald,new key
dynn_fae_6358,"common/dynasties name (literal, no CK2 loc key)",Lench,new key
dynn_fae_6359,"common/dynasties name (literal, no CK2 loc key)",Hawkguard,new key
dynn_fae_636,"common/dynasties name (literal, no CK2 loc key)",Goresurf,new key
dynn_fae_6360,"common/dynasties name (literal, no CK2 loc key)",Spirac,new key
dynn_fae_6361,"common/dynasties name (literal, no CK2 loc key)",Demonlands,new key
dynn_fae_6362,"common/dynasties name (literal, no CK2 loc key)",Inferno,new key
dynn_fae_6363,"common/dynasties name (literal, no CK2 loc key)",Gosran,new key
dynn_fae_6364,"common/dynasties name (literal, no CK2 loc key)",Targus,new key
dynn_fae_6365,"common/dynasties name (literal, no CK2 loc key)",Bloodfield,new key
dynn_fae_6366,"common/dynasties name (literal, no CK2 loc key)",Redbanner,new key
dynn_fae_6367,"common/dynasties name (literal, no CK2 loc key)",Axethirst,new key
dynn_fae_6368,"common/dynasties name (literal, no CK2 loc key)",Hardhide,new key
dynn_fae_6369,"common/dynasties name (literal, no CK2 loc key)",Greyfoot,new key
dynn_fae_637,"common/dynasties name (literal, no CK2 loc key)",Kesselas,new key
dynn_fae_6370,"common/dynasties name (literal, no CK2 loc key)",Bitterspring,new key
dynn_fae_6371,"common/dynasties name (literal, no CK2 loc key)",Poisonwood,new key
dynn_fae_6372,"common/dynasties name (literal, no CK2 loc key)",Garshin,new key
dynn_fae_6373,"common/dynasties name (literal, no CK2 loc key)",Stoneshaft,new key
dynn_fae_6374,"common/dynasties name (literal, no CK2 loc key)",Harshnagg,new key
dynn_fae_6375,"common/dynasties name (literal, no CK2 loc key)",Zu,new key
dynn_fae_6376,"common/dynasties name (literal, no CK2 loc key)",Beldaerth,new key
dynn_fae_6377,"common/dynasties name (literal, no CK2 loc key)",Meldane,new key
dynn_fae_6378,"common/dynasties name (literal, no CK2 loc key)",Argoster,new key
dynn_fae_6379,"common/dynasties name (literal, no CK2 loc key)",Chinilvur,new key
dynn_fae_638,"common/dynasties name (literal, no CK2 loc key)",Ishonormis,new key
dynn_fae_6380,"common/dynasties name (literal, no CK2 loc key)",Ashandoom,new key
dynn_fae_6381,"common/dynasties name (literal, no CK2 loc key)",Doomrider,new key
dynn_fae_6382,"common/dynasties name (literal, no CK2 loc key)",Whitehoof,new key
dynn_fae_6383,"common/dynasties name (literal, no CK2 loc key)",Jarak,new key
dynn_fae_6384,"common/dynasties name (literal, no CK2 loc key)",Nanthon,new key
dynn_fae_6385,"common/dynasties name (literal, no CK2 loc key)",Thentur,new key
dynn_fae_6386,"common/dynasties name (literal, no CK2 loc key)",Muckmarsh,new key
dynn_fae_6387,"common/dynasties name (literal, no CK2 loc key)",Yellowstar,new key
dynn_fae_6388,"common/dynasties name (literal, no CK2 loc key)",Swiftarrow,new key
dynn_fae_6389,"common/dynasties name (literal, no CK2 loc key)",Khothararirilim,new key
dynn_fae_639,"common/dynasties name (literal, no CK2 loc key)",Augaurath,new key
dynn_fae_6390,"common/dynasties name (literal, no CK2 loc key)",Ahn,new key
dynn_fae_6391,"common/dynasties name (literal, no CK2 loc key)",Farr,new key
dynn_fae_6392,"common/dynasties name (literal, no CK2 loc key)",Velbevaret,new key
dynn_fae_6393,"common/dynasties name (literal, no CK2 loc key)",Totentanz,new key
dynn_fae_6394,"common/dynasties name (literal, no CK2 loc key)",Fugace,new key
dynn_fae_6395,"common/dynasties name (literal, no CK2 loc key)",Fambre,new key
dynn_fae_6396,"common/dynasties name (literal, no CK2 loc key)",Quirt,new key
dynn_fae_6397,"common/dynasties name (literal, no CK2 loc key)",Rozziss,new key
dynn_fae_6398,"common/dynasties name (literal, no CK2 loc key)",Shamrass,new key
dynn_fae_6399,"common/dynasties name (literal, no CK2 loc key)",Saryndalaghlothtor,new key
dynn_fae_64,"common/dynasties name (literal, no CK2 loc key)",Fomorach,new key
dynn_fae_640,"common/dynasties name (literal, no CK2 loc key)",Icefist,new key
dynn_fae_6400,"common/dynasties name (literal, no CK2 loc key)",Harir,new key
dynn_fae_6401,"common/dynasties name (literal, no CK2 loc key)",Sukut,new key
dynn_fae_6402,"common/dynasties name (literal, no CK2 loc key)",Tsimen,new key
dynn_fae_6403,"common/dynasties name (literal, no CK2 loc key)",Dima,new key
dynn_fae_6404,"common/dynasties name (literal, no CK2 loc key)",Famisso,new key
dynn_fae_6405,"common/dynasties name (literal, no CK2 loc key)",Ravilis,new key
dynn_fae_6406,"common/dynasties name (literal, no CK2 loc key)",Enariil,new key
dynn_fae_6407,"common/dynasties name (literal, no CK2 loc key)",Alaekyn,new key
dynn_fae_6408,"common/dynasties name (literal, no CK2 loc key)",Hatchetson,new key
dynn_fae_6409,"common/dynasties name (literal, no CK2 loc key)",Stoutshield,new key
dynn_fae_641,"common/dynasties name (literal, no CK2 loc key)",Crystalwind,new key
dynn_fae_6410,"common/dynasties name (literal, no CK2 loc key)",Harauntan,new key
dynn_fae_6411,"common/dynasties name (literal, no CK2 loc key)",Pristal,new key
dynn_fae_6412,"common/dynasties name (literal, no CK2 loc key)",Hawkrest,new key
dynn_fae_6413,"common/dynasties name (literal, no CK2 loc key)",Zelagros,new key
dynn_fae_6414,"common/dynasties name (literal, no CK2 loc key)",Miertos,new key
dynn_fae_6415,"common/dynasties name (literal, no CK2 loc key)",Jigrek,new key
dynn_fae_6416,"common/dynasties name (literal, no CK2 loc key)",Kashir,new key
dynn_fae_6417,"common/dynasties name (literal, no CK2 loc key)",Raitil,new key
dynn_fae_6418,"common/dynasties name (literal, no CK2 loc key)",Aswar,new key
dynn_fae_6419,"common/dynasties name (literal, no CK2 loc key)",Parnar,new key
dynn_fae_642,"common/dynasties name (literal, no CK2 loc key)",Karath,new key
dynn_fae_6420,"common/dynasties name (literal, no CK2 loc key)",Galleos,new key
dynn_fae_6421,"common/dynasties name (literal, no CK2 loc key)",Kalestros,new key
dynn_fae_6422,"common/dynasties name (literal, no CK2 loc key)",Maneros,new key
dynn_fae_6423,"common/dynasties name (literal, no CK2 loc key)",Vaklu,new key
dynn_fae_6424,"common/dynasties name (literal, no CK2 loc key)",Khalef,new key
dynn_fae_6425,"common/dynasties name (literal, no CK2 loc key)",Meklab,new key
dynn_fae_6426,"common/dynasties name (literal, no CK2 loc key)",Zeren,new key
dynn_fae_6427,"common/dynasties name (literal, no CK2 loc key)",Tsamad,new key
dynn_fae_6428,"common/dynasties name (literal, no CK2 loc key)",Harmtan,new key
dynn_fae_6429,"common/dynasties name (literal, no CK2 loc key)",Kudus,new key
dynn_fae_643,"common/dynasties name (literal, no CK2 loc key)",Gristlebrew,new key
dynn_fae_6430,"common/dynasties name (literal, no CK2 loc key)",banu Amraan,new key
dynn_fae_6431,"common/dynasties name (literal, no CK2 loc key)",Garad,new key
dynn_fae_6432,"common/dynasties name (literal, no CK2 loc key)",Sirko,new key
dynn_fae_6433,"common/dynasties name (literal, no CK2 loc key)",Zimun,new key
dynn_fae_6434,"common/dynasties name (literal, no CK2 loc key)",Ramaan,new key
dynn_fae_6435,"common/dynasties name (literal, no CK2 loc key)",Haluman,new key
dynn_fae_6436,"common/dynasties name (literal, no CK2 loc key)",Astolfo,new key
dynn_fae_6437,"common/dynasties name (literal, no CK2 loc key)",Dree,new key
dynn_fae_6438,"common/dynasties name (literal, no CK2 loc key)",Dree,new key
dynn_fae_6439,"common/dynasties name (literal, no CK2 loc key)",Mo-Pelar,new key
dynn_fae_644,"common/dynasties name (literal, no CK2 loc key)",Olean,new key
dynn_fae_6440,"common/dynasties name (literal, no CK2 loc key)",Maniozimus,new key
dynn_fae_6441,"common/dynasties name (literal, no CK2 loc key)",Azif,new key
dynn_fae_6442,"common/dynasties name (literal, no CK2 loc key)",al-Husn,new key
dynn_fae_6443,"common/dynasties name (literal, no CK2 loc key)",al-Din,new key
dynn_fae_6444,"common/dynasties name (literal, no CK2 loc key)",al-Nirin,new key
dynn_fae_6445,"common/dynasties name (literal, no CK2 loc key)",Glimmerwood,new key
dynn_fae_6446,"common/dynasties name (literal, no CK2 loc key)",Giantskull,new key
dynn_fae_6447,"common/dynasties name (literal, no CK2 loc key)",Malatath,new key
dynn_fae_6448,"common/dynasties name (literal, no CK2 loc key)",Martek,new key
dynn_fae_6449,"common/dynasties name (literal, no CK2 loc key)",Aeraldoth,new key
dynn_fae_645,"common/dynasties name (literal, no CK2 loc key)",Kalil,new key
dynn_fae_6450,"common/dynasties name (literal, no CK2 loc key)",Arslan,new key
dynn_fae_6451,"common/dynasties name (literal, no CK2 loc key)",Anuhi,new key
dynn_fae_6452,"common/dynasties name (literal, no CK2 loc key)",Dreamweaver,new key
dynn_fae_6453,"common/dynasties name (literal, no CK2 loc key)",Spiderhunter,new key
dynn_fae_6454,"common/dynasties name (literal, no CK2 loc key)",Treecreeper,new key
dynn_fae_6455,"common/dynasties name (literal, no CK2 loc key)",Leafshadow,new key
dynn_fae_6456,"common/dynasties name (literal, no CK2 loc key)",Silentbreeze,new key
dynn_fae_6457,"common/dynasties name (literal, no CK2 loc key)",Oakenbranch,new key
dynn_fae_6458,"common/dynasties name (literal, no CK2 loc key)",Ashenstave,new key
dynn_fae_6459,"common/dynasties name (literal, no CK2 loc key)",Duskwhisper,new key
dynn_fae_646,"common/dynasties name (literal, no CK2 loc key)",Malygris,new key
dynn_fae_6460,"common/dynasties name (literal, no CK2 loc key)",Boarbristle,new key
dynn_fae_6461,"common/dynasties name (literal, no CK2 loc key)",Gloamingglow,new key
dynn_fae_6462,"common/dynasties name (literal, no CK2 loc key)",Cuckoopint,new key
dynn_fae_6463,"common/dynasties name (literal, no CK2 loc key)",Owlsbreath,new key
dynn_fae_6464,"common/dynasties name (literal, no CK2 loc key)",van Talstiv,new key
dynn_fae_6465,"common/dynasties name (literal, no CK2 loc key)",Delthuntle,new key
dynn_fae_6466,"common/dynasties name (literal, no CK2 loc key)",Dest,new key
dynn_fae_6467,"common/dynasties name (literal, no CK2 loc key)",Pax,new key
dynn_fae_6468,"common/dynasties name (literal, no CK2 loc key)",Bhonni,new key
dynn_fae_6469,"common/dynasties name (literal, no CK2 loc key)",Galadorna,new key
dynn_fae_647,"common/dynasties name (literal, no CK2 loc key)",Valshendar,new key
dynn_fae_6470,"common/dynasties name (literal, no CK2 loc key)",Ternoval,new key
dynn_fae_6471,"common/dynasties name (literal, no CK2 loc key)",Ladycastle,new key
dynn_fae_6472,"common/dynasties name (literal, no CK2 loc key)",Laoth,new key
dynn_fae_6473,"common/dynasties name (literal, no CK2 loc key)",Arlavaunta,new key
dynn_fae_6474,"common/dynasties name (literal, no CK2 loc key)",Vordryn,new key
dynn_fae_6475,"common/dynasties name (literal, no CK2 loc key)",Phyllin,new key
dynn_fae_6476,"common/dynasties name (literal, no CK2 loc key)",Greencoin,new key
dynn_fae_6477,"common/dynasties name (literal, no CK2 loc key)",Auroosh,new key
dynn_fae_6478,"common/dynasties name (literal, no CK2 loc key)",Saros,new key
dynn_fae_6479,"common/dynasties name (literal, no CK2 loc key)",Ro'otu,new key
dynn_fae_648,"common/dynasties name (literal, no CK2 loc key)",Drybone,new key
dynn_fae_6480,"common/dynasties name (literal, no CK2 loc key)",Morrun,new key
dynn_fae_6481,"common/dynasties name (literal, no CK2 loc key)",S'ribanu,new key
dynn_fae_6482,"common/dynasties name (literal, no CK2 loc key)",Shao,new key
dynn_fae_6483,"common/dynasties name (literal, no CK2 loc key)",Clovenshield,new key
dynn_fae_6484,"common/dynasties name (literal, no CK2 loc key)",Hap,new key
dynn_fae_6485,"common/dynasties name (literal, no CK2 loc key)",Praka,new key
dynn_fae_6486,"common/dynasties name (literal, no CK2 loc key)",Tahlard,new key
dynn_fae_6487,"common/dynasties name (literal, no CK2 loc key)",Huldgrym,new key
dynn_fae_6488,"common/dynasties name (literal, no CK2 loc key)",Darkpit,new key
dynn_fae_6489,"common/dynasties name (literal, no CK2 loc key)",Greyslime,new key
dynn_fae_649,"common/dynasties name (literal, no CK2 loc key)",Cracked Tail,new key
dynn_fae_6490,"common/dynasties name (literal, no CK2 loc key)",Breakneck,new key
dynn_fae_6491,"common/dynasties name (literal, no CK2 loc key)",Soulspitter,new key
dynn_fae_6492,"common/dynasties name (literal, no CK2 loc key)",Muckskull,new key
dynn_fae_6493,"common/dynasties name (literal, no CK2 loc key)",Guttugger,new key
dynn_fae_6494,"common/dynasties name (literal, no CK2 loc key)",Bluebolt,new key
dynn_fae_6495,"common/dynasties name (literal, no CK2 loc key)",Whiteworm,new key
dynn_fae_6496,"common/dynasties name (literal, no CK2 loc key)",Grinch,new key
dynn_fae_6497,"common/dynasties name (literal, no CK2 loc key)",Sundbarian,new key
dynn_fae_6498,"common/dynasties name (literal, no CK2 loc key)",Allain,new key
dynn_fae_6499,"common/dynasties name (literal, no CK2 loc key)",Thar,new key
dynn_fae_65,"common/dynasties name (literal, no CK2 loc key)",Derallinor,new key
dynn_fae_650,"common/dynasties name (literal, no CK2 loc key)",Craglorn,new key
dynn_fae_6500,"common/dynasties name (literal, no CK2 loc key)",Herengar,new key
dynn_fae_6501,"common/dynasties name (literal, no CK2 loc key)",Deepcrest,new key
dynn_fae_6502,"common/dynasties name (literal, no CK2 loc key)",Tarixon,new key
dynn_fae_6503,"common/dynasties name (literal, no CK2 loc key)",Marivaldi,new key
dynn_fae_6504,"common/dynasties name (literal, no CK2 loc key)",Dhoarn,new key
dynn_fae_6505,"common/dynasties name (literal, no CK2 loc key)",Zannastar,new key
dynn_fae_6506,"common/dynasties name (literal, no CK2 loc key)",Tanfredi,new key
dynn_fae_6507,"common/dynasties name (literal, no CK2 loc key)",Tempest,new key
dynn_fae_6508,"common/dynasties name (literal, no CK2 loc key)",Lheshayl,new key
dynn_fae_6509,"common/dynasties name (literal, no CK2 loc key)",Ormath,new key
dynn_fae_651,"common/dynasties name (literal, no CK2 loc key)",Dustwalker,new key
dynn_fae_6510,"common/dynasties name (literal, no CK2 loc key)",Crinios,new key
dynn_fae_6511,"common/dynasties name (literal, no CK2 loc key)",Woren,new key
dynn_fae_6512,"common/dynasties name (literal, no CK2 loc key)",Folkwain,new key
dynn_fae_6513,"common/dynasties name (literal, no CK2 loc key)",Taramont,new key
dynn_fae_6514,"common/dynasties name (literal, no CK2 loc key)",Tomrase,new key
dynn_fae_6515,"common/dynasties name (literal, no CK2 loc key)",Thuragar,new key
dynn_fae_6516,"common/dynasties name (literal, no CK2 loc key)",Ferrentio,new key
dynn_fae_6517,"common/dynasties name (literal, no CK2 loc key)",Jostins,new key
dynn_fae_6518,"common/dynasties name (literal, no CK2 loc key)",Wianar,new key
dynn_fae_6519,"common/dynasties name (literal, no CK2 loc key)",Shennelm,new key
dynn_fae_652,"common/dynasties name (literal, no CK2 loc key)",Carten,new key
dynn_fae_6520,"common/dynasties name (literal, no CK2 loc key)",Yinoran,new key
dynn_fae_6521,"common/dynasties name (literal, no CK2 loc key)",Entwine,new key
dynn_fae_6522,"common/dynasties name (literal, no CK2 loc key)",Redwon,new key
dynn_fae_6523,"common/dynasties name (literal, no CK2 loc key)",Amblecrown,new key
dynn_fae_6524,"common/dynasties name (literal, no CK2 loc key)",Buckman,new key
dynn_fae_6525,"common/dynasties name (literal, no CK2 loc key)",Dundragon,new key
dynn_fae_6526,"common/dynasties name (literal, no CK2 loc key)",Evenwood,new key
dynn_fae_6527,"common/dynasties name (literal, no CK2 loc key)",Greycastle,new key
dynn_fae_6528,"common/dynasties name (literal, no CK2 loc key)",Tallstag,new key
dynn_fae_6529,"common/dynasties name (literal, no CK2 loc key)",Agosto,new key
dynn_fae_653,"common/dynasties name (literal, no CK2 loc key)",Galdan,new key
dynn_fae_6530,"common/dynasties name (literal, no CK2 loc key)",Astorio,new key
dynn_fae_6531,"common/dynasties name (literal, no CK2 loc key)",Calabra,new key
dynn_fae_6532,"common/dynasties name (literal, no CK2 loc key)",Domine,new key
dynn_fae_6533,"common/dynasties name (literal, no CK2 loc key)",Falone,new key
dynn_fae_6534,"common/dynasties name (literal, no CK2 loc key)",Pisacar,new key
dynn_fae_6535,"common/dynasties name (literal, no CK2 loc key)",Ramondo,new key
dynn_fae_6536,"common/dynasties name (literal, no CK2 loc key)",Uluuthin,new key
dynn_fae_6537,"common/dynasties name (literal, no CK2 loc key)",of Arrabar,new key
dynn_fae_6538,"common/dynasties name (literal, no CK2 loc key)",Octi,new key
dynn_fae_6539,"common/dynasties name (literal, no CK2 loc key)",Illistine,new key
dynn_fae_654,"common/dynasties name (literal, no CK2 loc key)",Olmerta,new key
dynn_fae_6540,"common/dynasties name (literal, no CK2 loc key)",Mornlight,new key
dynn_fae_6541,"common/dynasties name (literal, no CK2 loc key)",Andlath,new key
dynn_fae_6542,"common/dynasties name (literal, no CK2 loc key)",Malavra,new key
dynn_fae_6543,"common/dynasties name (literal, no CK2 loc key)",Castol,new key
dynn_fae_6544,"common/dynasties name (literal, no CK2 loc key)",Wildshade,new key
dynn_fae_6545,"common/dynasties name (literal, no CK2 loc key)",Trivago,new key
dynn_fae_6546,"common/dynasties name (literal, no CK2 loc key)",Candelaria,new key
dynn_fae_6547,"common/dynasties name (literal, no CK2 loc key)",Erasmo,new key
dynn_fae_6548,"common/dynasties name (literal, no CK2 loc key)",Turmish,new key
dynn_fae_6549,"common/dynasties name (literal, no CK2 loc key)",Dempster,new key
dynn_fae_655,"common/dynasties name (literal, no CK2 loc key)",Coilfang,new key
dynn_fae_6550,"common/dynasties name (literal, no CK2 loc key)",Fiando,new key
dynn_fae_6551,"common/dynasties name (literal, no CK2 loc key)",Mischwin,new key
dynn_fae_6552,"common/dynasties name (literal, no CK2 loc key)",Ramos,new key
dynn_fae_6553,"common/dynasties name (literal, no CK2 loc key)",Githsberry,new key
dynn_fae_6554,"common/dynasties name (literal, no CK2 loc key)",Matale,new key
dynn_fae_6555,"common/dynasties name (literal, no CK2 loc key)",Martim,new key
dynn_fae_6556,"common/dynasties name (literal, no CK2 loc key)",Sendreth,new key
dynn_fae_6557,"common/dynasties name (literal, no CK2 loc key)",Anaglathos,new key
dynn_fae_6558,"common/dynasties name (literal, no CK2 loc key)",Freas,new key
dynn_fae_6559,"common/dynasties name (literal, no CK2 loc key)",Marenas,new key
dynn_fae_656,"common/dynasties name (literal, no CK2 loc key)",Farghar,new key
dynn_fae_6560,"common/dynasties name (literal, no CK2 loc key)",Calo,new key
dynn_fae_6561,"common/dynasties name (literal, no CK2 loc key)",Estalio,new key
dynn_fae_6562,"common/dynasties name (literal, no CK2 loc key)",Candlekairn,new key
dynn_fae_6563,"common/dynasties name (literal, no CK2 loc key)",Dankcrest,new key
dynn_fae_6564,"common/dynasties name (literal, no CK2 loc key)",Grenaro,new key
dynn_fae_6565,"common/dynasties name (literal, no CK2 loc key)",Castela,new key
dynn_fae_6566,"common/dynasties name (literal, no CK2 loc key)",Evennar,new key
dynn_fae_6567,"common/dynasties name (literal, no CK2 loc key)",Brito,new key
dynn_fae_6568,"common/dynasties name (literal, no CK2 loc key)",Calavra,new key
dynn_fae_6569,"common/dynasties name (literal, no CK2 loc key)",Cloakmoon,new key
dynn_fae_657,"common/dynasties name (literal, no CK2 loc key)",Saelhul,new key
dynn_fae_6570,"common/dynasties name (literal, no CK2 loc key)",Uilmithar,new key
dynn_fae_6571,"common/dynasties name (literal, no CK2 loc key)",Stonepick,new key
dynn_fae_6572,"common/dynasties name (literal, no CK2 loc key)",Poisonbark,new key
dynn_fae_6573,"common/dynasties name (literal, no CK2 loc key)",Plainscar,new key
dynn_fae_6574,"common/dynasties name (literal, no CK2 loc key)",Imthar,new key
dynn_fae_6575,"common/dynasties name (literal, no CK2 loc key)",Callaza,new key
dynn_fae_6576,"common/dynasties name (literal, no CK2 loc key)",Tingler,new key
dynn_fae_6577,"common/dynasties name (literal, no CK2 loc key)",Camero,new key
dynn_fae_6578,"common/dynasties name (literal, no CK2 loc key)",Lazari,new key
dynn_fae_6579,"common/dynasties name (literal, no CK2 loc key)",Nicol,new key
dynn_fae_658,"common/dynasties name (literal, no CK2 loc key)",Forktail,new key
dynn_fae_6580,"common/dynasties name (literal, no CK2 loc key)",of Chauntea,new key
dynn_fae_6581,"common/dynasties name (literal, no CK2 loc key)",Bornson,new key
dynn_fae_6582,"common/dynasties name (literal, no CK2 loc key)",Wintergaze,new key
dynn_fae_6583,"common/dynasties name (literal, no CK2 loc key)",Stonebreaker,new key
dynn_fae_6584,"common/dynasties name (literal, no CK2 loc key)",Talindras,new key
dynn_fae_6585,"common/dynasties name (literal, no CK2 loc key)",Wasatho,new key
dynn_fae_6586,"common/dynasties name (literal, no CK2 loc key)",Gestin,new key
dynn_fae_6587,"common/dynasties name (literal, no CK2 loc key)",Dramen,new key
dynn_fae_6588,"common/dynasties name (literal, no CK2 loc key)",Minlow,new key
dynn_fae_6589,"common/dynasties name (literal, no CK2 loc key)",Nakor,new key
dynn_fae_659,"common/dynasties name (literal, no CK2 loc key)",Sandfang,new key
dynn_fae_6590,"common/dynasties name (literal, no CK2 loc key)",Hasatoi,new key
dynn_fae_6591,"common/dynasties name (literal, no CK2 loc key)",Exaltos,new key
dynn_fae_6592,"common/dynasties name (literal, no CK2 loc key)",Darkcoal,new key
dynn_fae_6593,"common/dynasties name (literal, no CK2 loc key)",Nexenos,new key
dynn_fae_6594,"common/dynasties name (literal, no CK2 loc key)",Phalangos,new key
dynn_fae_6595,"common/dynasties name (literal, no CK2 loc key)",Mekan,new key
dynn_fae_6596,"common/dynasties name (literal, no CK2 loc key)",Ponus,new key
dynn_fae_6597,"common/dynasties name (literal, no CK2 loc key)",Carillon,new key
dynn_fae_6598,"common/dynasties name (literal, no CK2 loc key)",Bikou,new key
dynn_fae_6599,"common/dynasties name (literal, no CK2 loc key)",Carrentis,new key
dynn_fae_66,"common/dynasties name (literal, no CK2 loc key)",Feinn,new key
dynn_fae_660,"common/dynasties name (literal, no CK2 loc key)",Ilshadaar,new key
dynn_fae_6600,"common/dynasties name (literal, no CK2 loc key)",Essem,new key
dynn_fae_6601,"common/dynasties name (literal, no CK2 loc key)",Ferentier,new key
dynn_fae_6602,"common/dynasties name (literal, no CK2 loc key)",Karnasso,new key
dynn_fae_6603,"common/dynasties name (literal, no CK2 loc key)",Miklos,new key
dynn_fae_6604,"common/dynasties name (literal, no CK2 loc key)",Ghoststep,new key
dynn_fae_6605,"common/dynasties name (literal, no CK2 loc key)",Satyrfriend,new key
dynn_fae_6606,"common/dynasties name (literal, no CK2 loc key)",Subarik,new key
dynn_fae_6607,"common/dynasties name (literal, no CK2 loc key)",Golden Hooves,new key
dynn_fae_6608,"common/dynasties name (literal, no CK2 loc key)",Gnawer,new key
dynn_fae_6609,"common/dynasties name (literal, no CK2 loc key)",Murd,new key
dynn_fae_661,"common/dynasties name (literal, no CK2 loc key)",T'amar,new key
dynn_fae_6610,"common/dynasties name (literal, no CK2 loc key)",Wael,new key
dynn_fae_6611,"common/dynasties name (literal, no CK2 loc key)",Caradrian,new key
dynn_fae_6612,"common/dynasties name (literal, no CK2 loc key)",Lioneye,new key
dynn_fae_6613,"common/dynasties name (literal, no CK2 loc key)",Mareta,new key
dynn_fae_6614,"common/dynasties name (literal, no CK2 loc key)",Calder,new key
dynn_fae_6615,"common/dynasties name (literal, no CK2 loc key)",Drex,new key
dynn_fae_6616,"common/dynasties name (literal, no CK2 loc key)",Gardren,new key
dynn_fae_6617,"common/dynasties name (literal, no CK2 loc key)",Eyesbright,new key
dynn_fae_6618,"common/dynasties name (literal, no CK2 loc key)",Alderheart,new key
dynn_fae_6619,"common/dynasties name (literal, no CK2 loc key)",Falmarya,new key
dynn_fae_662,"common/dynasties name (literal, no CK2 loc key)",Mistcloak,new key
dynn_fae_6620,"common/dynasties name (literal, no CK2 loc key)",Hiddenway,new key
dynn_fae_6621,"common/dynasties name (literal, no CK2 loc key)",Wistman,new key
dynn_fae_6622,"common/dynasties name (literal, no CK2 loc key)",Wychwood,new key
dynn_fae_6623,"common/dynasties name (literal, no CK2 loc key)",Wenlock,new key
dynn_fae_6624,"common/dynasties name (literal, no CK2 loc key)",Pollard,new key
dynn_fae_6625,"common/dynasties name (literal, no CK2 loc key)",Stridwood,new key
dynn_fae_6626,"common/dynasties name (literal, no CK2 loc key)",Seathmor,new key
dynn_fae_6627,"common/dynasties name (literal, no CK2 loc key)",Felbrigg,new key
dynn_fae_6628,"common/dynasties name (literal, no CK2 loc key)",Finnamore,new key
dynn_fae_6629,"common/dynasties name (literal, no CK2 loc key)",Fourashes,new key
dynn_fae_663,"common/dynasties name (literal, no CK2 loc key)",Zorid,new key
dynn_fae_6630,"common/dynasties name (literal, no CK2 loc key)",Bradley,new key
dynn_fae_6631,"common/dynasties name (literal, no CK2 loc key)",Greycurse,new key
dynn_fae_6632,"common/dynasties name (literal, no CK2 loc key)",Chillblade,new key
dynn_fae_6633,"common/dynasties name (literal, no CK2 loc key)",Craegmar,new key
dynn_fae_6634,"common/dynasties name (literal, no CK2 loc key)",Merliss,new key
dynn_fae_6635,"common/dynasties name (literal, no CK2 loc key)",Vokototh,new key
dynn_fae_6636,"common/dynasties name (literal, no CK2 loc key)",Ulfdan,new key
dynn_fae_6637,"common/dynasties name (literal, no CK2 loc key)",Icepeak,new key
dynn_fae_6638,"common/dynasties name (literal, no CK2 loc key)",Snowcat,new key
dynn_fae_6639,"common/dynasties name (literal, no CK2 loc key)",Doning,new key
dynn_fae_664,"common/dynasties name (literal, no CK2 loc key)",Draver,new key
dynn_fae_6640,"common/dynasties name (literal, no CK2 loc key)",Dinev,new key
dynn_fae_6641,"common/dynasties name (literal, no CK2 loc key)",Hardskull,new key
dynn_fae_6642,"common/dynasties name (literal, no CK2 loc key)",Fellbeck,new key
dynn_fae_6643,"common/dynasties name (literal, no CK2 loc key)",Hafod,new key
dynn_fae_6644,"common/dynasties name (literal, no CK2 loc key)",Mornhause,new key
dynn_fae_6645,"common/dynasties name (literal, no CK2 loc key)",Vinterskog,new key
dynn_fae_6646,"common/dynasties name (literal, no CK2 loc key)",Jotunsey,new key
dynn_fae_6647,"common/dynasties name (literal, no CK2 loc key)",Bredscar,new key
dynn_fae_6648,"common/dynasties name (literal, no CK2 loc key)",Hval,new key
dynn_fae_6649,"common/dynasties name (literal, no CK2 loc key)",Sten,new key
dynn_fae_665,"common/dynasties name (literal, no CK2 loc key)",Darktooth,new key
dynn_fae_6650,"common/dynasties name (literal, no CK2 loc key)",Heldbjorn,new key
dynn_fae_6651,"common/dynasties name (literal, no CK2 loc key)",Rimefair,new key
dynn_fae_6652,"common/dynasties name (literal, no CK2 loc key)",Caledorien,new key
dynn_fae_6653,"common/dynasties name (literal, no CK2 loc key)",Al'maren,new key
dynn_fae_6654,"common/dynasties name (literal, no CK2 loc key)",Haventree,new key
dynn_fae_6655,"common/dynasties name (literal, no CK2 loc key)",Kerris,new key
dynn_fae_6656,"common/dynasties name (literal, no CK2 loc key)",Margalit,new key
dynn_fae_6657,"common/dynasties name (literal, no CK2 loc key)",Tamaraith,new key
dynn_fae_6658,"common/dynasties name (literal, no CK2 loc key)",Tzarr,new key
dynn_fae_6659,"common/dynasties name (literal, no CK2 loc key)",Deryan,new key
dynn_fae_666,"common/dynasties name (literal, no CK2 loc key)",Belsalam,new key
dynn_fae_6660,"common/dynasties name (literal, no CK2 loc key)",Declaxvi,new key
dynn_fae_6661,"common/dynasties name (literal, no CK2 loc key)",Kroli,new key
dynn_fae_6662,"common/dynasties name (literal, no CK2 loc key)",Torrone,new key
dynn_fae_6663,"common/dynasties name (literal, no CK2 loc key)",Nomori,new key
dynn_fae_6664,"common/dynasties name (literal, no CK2 loc key)",Thelemia,new key
dynn_fae_6665,"common/dynasties name (literal, no CK2 loc key)",Blaestone,new key
dynn_fae_6666,"common/dynasties name (literal, no CK2 loc key)",Caeleth,new key
dynn_fae_6667,"common/dynasties name (literal, no CK2 loc key)",Dwontor,new key
dynn_fae_6668,"common/dynasties name (literal, no CK2 loc key)",Eleglym,new key
dynn_fae_6669,"common/dynasties name (literal, no CK2 loc key)",Fornyl,new key
dynn_fae_667,"common/dynasties name (literal, no CK2 loc key)",Saldelan,new key
dynn_fae_6670,"common/dynasties name (literal, no CK2 loc key)",Handar,new key
dynn_fae_6671,"common/dynasties name (literal, no CK2 loc key)",Klavnor,new key
dynn_fae_6672,"common/dynasties name (literal, no CK2 loc key)",Muryndar,new key
dynn_fae_6673,"common/dynasties name (literal, no CK2 loc key)",Ninestone,new key
dynn_fae_6674,"common/dynasties name (literal, no CK2 loc key)",Paunthorl,new key
dynn_fae_6675,"common/dynasties name (literal, no CK2 loc key)",Redjynd,new key
dynn_fae_6676,"common/dynasties name (literal, no CK2 loc key)",Sabeirynd,new key
dynn_fae_6677,"common/dynasties name (literal, no CK2 loc key)",Torroask,new key
dynn_fae_6678,"common/dynasties name (literal, no CK2 loc key)",Velvaunter,new key
dynn_fae_6679,"common/dynasties name (literal, no CK2 loc key)",Strassenburger,new key
dynn_fae_668,"common/dynasties name (literal, no CK2 loc key)",Dhedluk,new key
dynn_fae_6680,"common/dynasties name (literal, no CK2 loc key)",Grunturm,new key
dynn_fae_6681,"common/dynasties name (literal, no CK2 loc key)",von Hendriks,new key
dynn_fae_6682,"common/dynasties name (literal, no CK2 loc key)",von Gultzer,new key
dynn_fae_6683,"common/dynasties name (literal, no CK2 loc key)",Jaschke,new key
dynn_fae_6684,"common/dynasties name (literal, no CK2 loc key)",von Klagendorf,new key
dynn_fae_6685,"common/dynasties name (literal, no CK2 loc key)",von Schlossburg,new key
dynn_fae_6686,"common/dynasties name (literal, no CK2 loc key)",von Klarwald,new key
dynn_fae_6687,"common/dynasties name (literal, no CK2 loc key)",Stamhoffer,new key
dynn_fae_6688,"common/dynasties name (literal, no CK2 loc key)",Tannengrub,new key
dynn_fae_6689,"common/dynasties name (literal, no CK2 loc key)",Löwenstern,new key
dynn_fae_669,"common/dynasties name (literal, no CK2 loc key)",Goldfeather,new key
dynn_fae_6690,"common/dynasties name (literal, no CK2 loc key)",Hockstein,new key
dynn_fae_6691,"common/dynasties name (literal, no CK2 loc key)",Grauenberg,new key
dynn_fae_6692,"common/dynasties name (literal, no CK2 loc key)",Totenfuss,new key
dynn_fae_6693,"common/dynasties name (literal, no CK2 loc key)",Morgenhammer,new key
dynn_fae_6694,"common/dynasties name (literal, no CK2 loc key)",Scharnheim,new key
dynn_fae_6695,"common/dynasties name (literal, no CK2 loc key)",Erstenlicht,new key
dynn_fae_6696,"common/dynasties name (literal, no CK2 loc key)",Einaugen,new key
dynn_fae_6697,"common/dynasties name (literal, no CK2 loc key)",Eindecker,new key
dynn_fae_6698,"common/dynasties name (literal, no CK2 loc key)",Hauerfang,new key
dynn_fae_6699,"common/dynasties name (literal, no CK2 loc key)",Blutfelden,new key
dynn_fae_67,"common/dynasties name (literal, no CK2 loc key)",Dreamstealer,new key
dynn_fae_670,"common/dynasties name (literal, no CK2 loc key)",Copperhorn,new key
dynn_fae_6700,"common/dynasties name (literal, no CK2 loc key)",Extaminos,new key
dynn_fae_6701,"common/dynasties name (literal, no CK2 loc key)",D'Hotek,new key
dynn_fae_6702,"common/dynasties name (literal, no CK2 loc key)",Di'Nastassa,new key
dynn_fae_6703,"common/dynasties name (literal, no CK2 loc key)",Mhairdaul,new key
dynn_fae_6704,"common/dynasties name (literal, no CK2 loc key)",Nhynssoth,new key
dynn_fae_6705,"common/dynasties name (literal, no CK2 loc key)",Nsaran,new key
dynn_fae_6706,"common/dynasties name (literal, no CK2 loc key)",Serrat,new key
dynn_fae_6707,"common/dynasties name (literal, no CK2 loc key)",Ssarmn,new key
dynn_fae_6708,"common/dynasties name (literal, no CK2 loc key)",of Hlondeth,new key
dynn_fae_6709,"common/dynasties name (literal, no CK2 loc key)",Stss,new key
dynn_fae_671,"common/dynasties name (literal, no CK2 loc key)",Grandfield,new key
dynn_fae_6710,"common/dynasties name (literal, no CK2 loc key)",Se'Sehen,new key
dynn_fae_6711,"common/dynasties name (literal, no CK2 loc key)",Terpenzi,new key
dynn_fae_6712,"common/dynasties name (literal, no CK2 loc key)",Il'nik'tu,new key
dynn_fae_6713,"common/dynasties name (literal, no CK2 loc key)",Oreme,new key
dynn_fae_6714,"common/dynasties name (literal, no CK2 loc key)",Sresshin,new key
dynn_fae_6715,"common/dynasties name (literal, no CK2 loc key)",Nsaran,new key
dynn_fae_6716,"common/dynasties name (literal, no CK2 loc key)",Esemelas,new key
dynn_fae_6717,"common/dynasties name (literal, no CK2 loc key)",Jennestas,new key
dynn_fae_6718,"common/dynasties name (literal, no CK2 loc key)",Hss'tafi,new key
dynn_fae_6719,"common/dynasties name (literal, no CK2 loc key)",Ssatssar,new key
dynn_fae_672,"common/dynasties name (literal, no CK2 loc key)",Seasilver,new key
dynn_fae_6720,"common/dynasties name (literal, no CK2 loc key)",Nthalthass,new key
dynn_fae_6721,"common/dynasties name (literal, no CK2 loc key)",Hastalhorn,new key
dynn_fae_6722,"common/dynasties name (literal, no CK2 loc key)",Zalhar,new key
dynn_fae_6723,"common/dynasties name (literal, no CK2 loc key)",Sseradess,new key
dynn_fae_6724,"common/dynasties name (literal, no CK2 loc key)",Hazim'tar,new key
dynn_fae_6725,"common/dynasties name (literal, no CK2 loc key)",His'dar,new key
dynn_fae_6726,"common/dynasties name (literal, no CK2 loc key)",Kens,new key
dynn_fae_6727,"common/dynasties name (literal, no CK2 loc key)",Mossclaw,new key
dynn_fae_6728,"common/dynasties name (literal, no CK2 loc key)",Verrtho,new key
dynn_fae_6729,"common/dynasties name (literal, no CK2 loc key)",Hss'arthi,new key
dynn_fae_673,"common/dynasties name (literal, no CK2 loc key)",Greenford,new key
dynn_fae_6730,"common/dynasties name (literal, no CK2 loc key)",of Emerald Scales,new key
dynn_fae_6731,"common/dynasties name (literal, no CK2 loc key)",Hundkopf,new key
dynn_fae_6732,"common/dynasties name (literal, no CK2 loc key)",Pfefferlind,new key
dynn_fae_6733,"common/dynasties name (literal, no CK2 loc key)",Riesenstein,new key
dynn_fae_6734,"common/dynasties name (literal, no CK2 loc key)",Himmelbrand,new key
dynn_fae_6735,"common/dynasties name (literal, no CK2 loc key)",Gottfried,new key
dynn_fae_6736,"common/dynasties name (literal, no CK2 loc key)",Feuergeist,new key
dynn_fae_6737,"common/dynasties name (literal, no CK2 loc key)",Hohenhaus,new key
dynn_fae_6738,"common/dynasties name (literal, no CK2 loc key)",Meinhard,new key
dynn_fae_6739,"common/dynasties name (literal, no CK2 loc key)",Adalard,new key
dynn_fae_674,"common/dynasties name (literal, no CK2 loc key)",Glaulan,new key
dynn_fae_6740,"common/dynasties name (literal, no CK2 loc key)",Hirameki,new key
dynn_fae_6741,"common/dynasties name (literal, no CK2 loc key)",Kitahara,new key
dynn_fae_6742,"common/dynasties name (literal, no CK2 loc key)",Katamura,new key
dynn_fae_6743,"common/dynasties name (literal, no CK2 loc key)",Katayama,new key
dynn_fae_6744,"common/dynasties name (literal, no CK2 loc key)",Nekozuka,new key
dynn_fae_6745,"common/dynasties name (literal, no CK2 loc key)",Shishinai,new key
dynn_fae_6746,"common/dynasties name (literal, no CK2 loc key)",Toramaru,new key
dynn_fae_6747,"common/dynasties name (literal, no CK2 loc key)",Nekomotu,new key
dynn_fae_6748,"common/dynasties name (literal, no CK2 loc key)",Nekomiya,new key
dynn_fae_6749,"common/dynasties name (literal, no CK2 loc key)",Nishitora,new key
dynn_fae_675,"common/dynasties name (literal, no CK2 loc key)",Sarid,new key
dynn_fae_6750,"common/dynasties name (literal, no CK2 loc key)",Torano,new key
dynn_fae_6751,"common/dynasties name (literal, no CK2 loc key)",Z'gark,new key
dynn_fae_6752,"common/dynasties name (literal, no CK2 loc key)",Bl'zorgo,new key
dynn_fae_6753,"common/dynasties name (literal, no CK2 loc key)",Hftokk,new key
dynn_fae_6754,"common/dynasties name (literal, no CK2 loc key)",Molz'pang,new key
dynn_fae_6755,"common/dynasties name (literal, no CK2 loc key)",Vl'targ,new key
dynn_fae_6756,"common/dynasties name (literal, no CK2 loc key)",Nyik'ograt,new key
dynn_fae_6757,"common/dynasties name (literal, no CK2 loc key)",Th'koranch,new key
dynn_fae_6758,"common/dynasties name (literal, no CK2 loc key)",Ml'ugfriq,new key
dynn_fae_6759,"common/dynasties name (literal, no CK2 loc key)",'Gzargo,new key
dynn_fae_676,"common/dynasties name (literal, no CK2 loc key)",Zaldon,new key
dynn_fae_6760,"common/dynasties name (literal, no CK2 loc key)",Ulg'shugrut,new key
dynn_fae_6761,"common/dynasties name (literal, no CK2 loc key)",Ssath,new key
dynn_fae_6762,"common/dynasties name (literal, no CK2 loc key)",Shurruths,new key
dynn_fae_6763,"common/dynasties name (literal, no CK2 loc key)",Thissith,new key
dynn_fae_6764,"common/dynasties name (literal, no CK2 loc key)",Urrush,new key
dynn_fae_6765,"common/dynasties name (literal, no CK2 loc key)",Arrissh,new key
dynn_fae_6766,"common/dynasties name (literal, no CK2 loc key)",Uththiss,new key
dynn_fae_6767,"common/dynasties name (literal, no CK2 loc key)",Athsiss,new key
dynn_fae_6768,"common/dynasties name (literal, no CK2 loc key)",Rriths,new key
dynn_fae_6769,"common/dynasties name (literal, no CK2 loc key)",Rrushith,new key
dynn_fae_677,"common/dynasties name (literal, no CK2 loc key)",Iluti,new key
dynn_fae_6770,"common/dynasties name (literal, no CK2 loc key)",Thuthurr,new key
dynn_fae_6771,"common/dynasties name (literal, no CK2 loc key)",Curtle,new key
dynn_fae_6772,"common/dynasties name (literal, no CK2 loc key)",Desai,new key
dynn_fae_6773,"common/dynasties name (literal, no CK2 loc key)",Parrafin,new key
dynn_fae_6774,"common/dynasties name (literal, no CK2 loc key)",Topolino,new key
dynn_fae_6775,"common/dynasties name (literal, no CK2 loc key)",Kveld,new key
dynn_fae_6776,"common/dynasties name (literal, no CK2 loc key)",Morienus,new key
dynn_fae_6777,"common/dynasties name (literal, no CK2 loc key)",Curtie,new key
dynn_fae_6778,"common/dynasties name (literal, no CK2 loc key)",Ren,new key
dynn_fae_6779,"common/dynasties name (literal, no CK2 loc key)",Kopr,new key
dynn_fae_678,"common/dynasties name (literal, no CK2 loc key)",Nartuk,new key
dynn_fae_6780,"common/dynasties name (literal, no CK2 loc key)",Tundash,new key
dynn_fae_6781,"common/dynasties name (literal, no CK2 loc key)",Battlehammer,new key
dynn_fae_6782,"common/dynasties name (literal, no CK2 loc key)",Do'Urden,new key
dynn_fae_6783,"common/dynasties name (literal, no CK2 loc key)",Kveldalg,new key
dynn_fae_6784,"common/dynasties name (literal, no CK2 loc key)",Roundshield,new key
dynn_fae_6785,"common/dynasties name (literal, no CK2 loc key)",Llast,new key
dynn_fae_6786,"common/dynasties name (literal, no CK2 loc key)",of Neverwinter,new key
dynn_fae_6787,"common/dynasties name (literal, no CK2 loc key)",Harg,new key
dynn_fae_6788,"common/dynasties name (literal, no CK2 loc key)",Adreum,new key
dynn_fae_6789,"common/dynasties name (literal, no CK2 loc key)",Jadehammer,new key
dynn_fae_679,"common/dynasties name (literal, no CK2 loc key)",Igumilt,new key
dynn_fae_6790,"common/dynasties name (literal, no CK2 loc key)",Chessar,new key
dynn_fae_6791,"common/dynasties name (literal, no CK2 loc key)",Flinthand,new key
dynn_fae_6792,"common/dynasties name (literal, no CK2 loc key)",Onespear,new key
dynn_fae_6793,"common/dynasties name (literal, no CK2 loc key)",Ultashund,new key
dynn_fae_6794,"common/dynasties name (literal, no CK2 loc key)",Stormeye,new key
dynn_fae_6795,"common/dynasties name (literal, no CK2 loc key)",Seaspray,new key
dynn_fae_6796,"common/dynasties name (literal, no CK2 loc key)",Oyim,new key
dynn_fae_6797,"common/dynasties name (literal, no CK2 loc key)",Illuski,new key
dynn_fae_6798,"common/dynasties name (literal, no CK2 loc key)",Ostturm,new key
dynn_fae_6799,"common/dynasties name (literal, no CK2 loc key)",Nye,new key
dynn_fae_68,"common/dynasties name (literal, no CK2 loc key)",Invel,new key
dynn_fae_680,"common/dynasties name (literal, no CK2 loc key)",Ragestone,new key
dynn_fae_6800,"common/dynasties name (literal, no CK2 loc key)",Kendrick,new key
dynn_fae_6801,"common/dynasties name (literal, no CK2 loc key)",Randol,new key
dynn_fae_6802,"common/dynasties name (literal, no CK2 loc key)",Zelbross,new key
dynn_fae_6803,"common/dynasties name (literal, no CK2 loc key)",Hugh,new key
dynn_fae_6804,"common/dynasties name (literal, no CK2 loc key)",Riker,new key
dynn_fae_6805,"common/dynasties name (literal, no CK2 loc key)",Koart,new key
dynn_fae_6806,"common/dynasties name (literal, no CK2 loc key)",Cymrych,new key
dynn_fae_6807,"common/dynasties name (literal, no CK2 loc key)",Carrathal,new key
dynn_fae_6808,"common/dynasties name (literal, no CK2 loc key)",Cambridge,new key
dynn_fae_6809,"common/dynasties name (literal, no CK2 loc key)",Reynald,new key
dynn_fae_681,"common/dynasties name (literal, no CK2 loc key)",Ceicoski,new key
dynn_fae_6810,"common/dynasties name (literal, no CK2 loc key)",Moonsinger,new key
dynn_fae_6811,"common/dynasties name (literal, no CK2 loc key)",of Moonshae,new key
dynn_fae_6812,"common/dynasties name (literal, no CK2 loc key)",Selkirk,new key
dynn_fae_6813,"common/dynasties name (literal, no CK2 loc key)",Kimball,new key
dynn_fae_6814,"common/dynasties name (literal, no CK2 loc key)",Kincaid,new key
dynn_fae_6815,"common/dynasties name (literal, no CK2 loc key)",Snow,new key
dynn_fae_6816,"common/dynasties name (literal, no CK2 loc key)",o' the Isle,new key
dynn_fae_6817,"common/dynasties name (literal, no CK2 loc key)",Kimball,new key
dynn_fae_6818,"common/dynasties name (literal, no CK2 loc key)",Pike,new key
dynn_fae_6819,"common/dynasties name (literal, no CK2 loc key)",Ford,new key
dynn_fae_682,"common/dynasties name (literal, no CK2 loc key)",Beastkin,new key
dynn_fae_6820,"common/dynasties name (literal, no CK2 loc key)",Moor,new key
dynn_fae_6821,"common/dynasties name (literal, no CK2 loc key)",Ebenfar,new key
dynn_fae_6822,"common/dynasties name (literal, no CK2 loc key)",Chionthar,new key
dynn_fae_6823,"common/dynasties name (literal, no CK2 loc key)",Lingscar,new key
dynn_fae_6824,"common/dynasties name (literal, no CK2 loc key)",Penhow,new key
dynn_fae_6825,"common/dynasties name (literal, no CK2 loc key)",Gatt,new key
dynn_fae_6826,"common/dynasties name (literal, no CK2 loc key)",Hyrst,new key
dynn_fae_6827,"common/dynasties name (literal, no CK2 loc key)",Doff,new key
dynn_fae_6828,"common/dynasties name (literal, no CK2 loc key)",Bethad,new key
dynn_fae_6829,"common/dynasties name (literal, no CK2 loc key)",Edgemoor,new key
dynn_fae_683,"common/dynasties name (literal, no CK2 loc key)",Runesteel,new key
dynn_fae_6830,"common/dynasties name (literal, no CK2 loc key)",Talybont,new key
dynn_fae_6831,"common/dynasties name (literal, no CK2 loc key)",Karuck,new key
dynn_fae_6832,"common/dynasties name (literal, no CK2 loc key)",Vorlysk,new key
dynn_fae_6833,"common/dynasties name (literal, no CK2 loc key)",Durck,new key
dynn_fae_6834,"common/dynasties name (literal, no CK2 loc key)",Orgris,new key
dynn_fae_6835,"common/dynasties name (literal, no CK2 loc key)",Denzara,new key
dynn_fae_6836,"common/dynasties name (literal, no CK2 loc key)",Aghmylg,new key
dynn_fae_6837,"common/dynasties name (literal, no CK2 loc key)",Zurot,new key
dynn_fae_6838,"common/dynasties name (literal, no CK2 loc key)",Spreng,new key
dynn_fae_6839,"common/dynasties name (literal, no CK2 loc key)",Yormam,new key
dynn_fae_684,"common/dynasties name (literal, no CK2 loc key)",Elfhelm,new key
dynn_fae_6840,"common/dynasties name (literal, no CK2 loc key)",Chulgrot,new key
dynn_fae_6841,"common/dynasties name (literal, no CK2 loc key)",Starhammer,new key
dynn_fae_6842,"common/dynasties name (literal, no CK2 loc key)",Spacerock,new key
dynn_fae_6843,"common/dynasties name (literal, no CK2 loc key)",Flowhand,new key
dynn_fae_6844,"common/dynasties name (literal, no CK2 loc key)",Steelheel,new key
dynn_fae_6845,"common/dynasties name (literal, no CK2 loc key)",Startan,new key
dynn_fae_6846,"common/dynasties name (literal, no CK2 loc key)",Elfbane,new key
dynn_fae_6847,"common/dynasties name (literal, no CK2 loc key)",Voidblade,new key
dynn_fae_6848,"common/dynasties name (literal, no CK2 loc key)",Broadnight,new key
dynn_fae_6849,"common/dynasties name (literal, no CK2 loc key)",Rubblebelt,new key
dynn_fae_685,"common/dynasties name (literal, no CK2 loc key)",Auck,new key
dynn_fae_6850,"common/dynasties name (literal, no CK2 loc key)",Topside,new key
dynn_fae_6851,"common/dynasties name (literal, no CK2 loc key)",Hollowmount,new key
dynn_fae_6852,"common/dynasties name (literal, no CK2 loc key)",Graypeak,new key
dynn_fae_6853,"common/dynasties name (literal, no CK2 loc key)",Hornskull,new key
dynn_fae_6854,"common/dynasties name (literal, no CK2 loc key)",Jetmane,new key
dynn_fae_6855,"common/dynasties name (literal, no CK2 loc key)",Lonemoor,new key
dynn_fae_6856,"common/dynasties name (literal, no CK2 loc key)",Palebone,new key
dynn_fae_6857,"common/dynasties name (literal, no CK2 loc key)",Clayblood,new key
dynn_fae_6858,"common/dynasties name (literal, no CK2 loc key)",Hardnose,new key
dynn_fae_6859,"common/dynasties name (literal, no CK2 loc key)",Longhorn,new key
dynn_fae_686,"common/dynasties name (literal, no CK2 loc key)",Ganderlay,new key
dynn_fae_6860,"common/dynasties name (literal, no CK2 loc key)",Redmine,new key
dynn_fae_6861,"common/dynasties name (literal, no CK2 loc key)",Oloth,new key
dynn_fae_6862,"common/dynasties name (literal, no CK2 loc key)",Ultrinnan,new key
dynn_fae_6863,"common/dynasties name (literal, no CK2 loc key)",Veldrin,new key
dynn_fae_6864,"common/dynasties name (literal, no CK2 loc key)",Xund,new key
dynn_fae_6865,"common/dynasties name (literal, no CK2 loc key)",Araj,new key
dynn_fae_6866,"common/dynasties name (literal, no CK2 loc key)",Dobluth,new key
dynn_fae_6867,"common/dynasties name (literal, no CK2 loc key)",Elgg-hor,new key
dynn_fae_6868,"common/dynasties name (literal, no CK2 loc key)",Kyorlin,new key
dynn_fae_6869,"common/dynasties name (literal, no CK2 loc key)",Maglust,new key
dynn_fae_687,"common/dynasties name (literal, no CK2 loc key)",Garland,new key
dynn_fae_6870,"common/dynasties name (literal, no CK2 loc key)",Noamuth,new key
dynn_fae_6871,"common/dynasties name (literal, no CK2 loc key)",Deepstar,new key
dynn_fae_6872,"common/dynasties name (literal, no CK2 loc key)",Mothflit,new key
dynn_fae_6873,"common/dynasties name (literal, no CK2 loc key)",Farsun,new key
dynn_fae_6874,"common/dynasties name (literal, no CK2 loc key)",Eterne,new key
dynn_fae_6875,"common/dynasties name (literal, no CK2 loc key)",Stator,new key
dynn_fae_6876,"common/dynasties name (literal, no CK2 loc key)",Krystene,new key
dynn_fae_6877,"common/dynasties name (literal, no CK2 loc key)",Okhema,new key
dynn_fae_6878,"common/dynasties name (literal, no CK2 loc key)",Augoeides,new key
dynn_fae_6879,"common/dynasties name (literal, no CK2 loc key)",Aetheric,new key
dynn_fae_688,"common/dynasties name (literal, no CK2 loc key)",Kyass,new key
dynn_fae_6880,"common/dynasties name (literal, no CK2 loc key)",Flammarion,new key
dynn_fae_6881,"common/dynasties name (literal, no CK2 loc key)",Pasocada,new key
dynn_fae_6882,"common/dynasties name (literal, no CK2 loc key)",Alakar,new key
dynn_fae_6883,"common/dynasties name (literal, no CK2 loc key)",Dunobo,new key
dynn_fae_6884,"common/dynasties name (literal, no CK2 loc key)",Danozi,new key
dynn_fae_6885,"common/dynasties name (literal, no CK2 loc key)",Nozoma,new key
dynn_fae_6886,"common/dynasties name (literal, no CK2 loc key)",Mitzlato,new key
dynn_fae_6887,"common/dynasties name (literal, no CK2 loc key)",Opallinoc,new key
dynn_fae_6888,"common/dynasties name (literal, no CK2 loc key)",Elbhaz,new key
dynn_fae_6889,"common/dynasties name (literal, no CK2 loc key)",Kinopa,new key
dynn_fae_689,"common/dynasties name (literal, no CK2 loc key)",Tring,new key
dynn_fae_6890,"common/dynasties name (literal, no CK2 loc key)",Lomaraj,new key
dynn_fae_6891,"common/dynasties name (literal, no CK2 loc key)",Ruar,new key
dynn_fae_6892,"common/dynasties name (literal, no CK2 loc key)",Darkeye,new key
dynn_fae_6893,"common/dynasties name (literal, no CK2 loc key)",Deirr,new key
dynn_fae_6894,"common/dynasties name (literal, no CK2 loc key)",Aerilpe,new key
dynn_fae_6895,"common/dynasties name (literal, no CK2 loc key)",Duskmourn,new key
dynn_fae_6896,"common/dynasties name (literal, no CK2 loc key)",Stardancer,new key
dynn_fae_6897,"common/dynasties name (literal, no CK2 loc key)",Vendreth,new key
dynn_fae_6898,"common/dynasties name (literal, no CK2 loc key)",Vindrith,new key
dynn_fae_6899,"common/dynasties name (literal, no CK2 loc key)",Chabala,new key
dynn_fae_69,"common/dynasties name (literal, no CK2 loc key)",Revaran,new key
dynn_fae_690,"common/dynasties name (literal, no CK2 loc key)",Olvand,new key
dynn_fae_6900,"common/dynasties name (literal, no CK2 loc key)",Teargloam,new key
dynn_fae_6901,"common/dynasties name (literal, no CK2 loc key)",Nordlander,new key
dynn_fae_6902,"common/dynasties name (literal, no CK2 loc key)",Halfgarling,new key
dynn_fae_6903,"common/dynasties name (literal, no CK2 loc key)",Blackstone,new key
dynn_fae_6904,"common/dynasties name (literal, no CK2 loc key)",Embuirhan,new key
dynn_fae_6905,"common/dynasties name (literal, no CK2 loc key)",Yngol,new key
dynn_fae_6906,"common/dynasties name (literal, no CK2 loc key)",Lithyl,new key
dynn_fae_6907,"common/dynasties name (literal, no CK2 loc key)",Redaxe,new key
dynn_fae_6908,"common/dynasties name (literal, no CK2 loc key)",Sten,new key
dynn_fae_6909,"common/dynasties name (literal, no CK2 loc key)",Northstorm,new key
dynn_fae_691,"common/dynasties name (literal, no CK2 loc key)",Shadowmaw,new key
dynn_fae_6910,"common/dynasties name (literal, no CK2 loc key)",Ironfist,new key
dynn_fae_6911,"common/dynasties name (literal, no CK2 loc key)",Beorunna,new key
dynn_fae_6912,"common/dynasties name (literal, no CK2 loc key)",Stendrak,new key
dynn_fae_6913,"common/dynasties name (literal, no CK2 loc key)",Ilsingling,new key
dynn_fae_6914,"common/dynasties name (literal, no CK2 loc key)",Rukhval,new key
dynn_fae_6915,"common/dynasties name (literal, no CK2 loc key)",Rimebeard,new key
dynn_fae_6916,"common/dynasties name (literal, no CK2 loc key)",Jormun,new key
dynn_fae_6917,"common/dynasties name (literal, no CK2 loc key)",Hardrada,new key
dynn_fae_6918,"common/dynasties name (literal, no CK2 loc key)",Cruelsea,new key
dynn_fae_692,"common/dynasties name (literal, no CK2 loc key)",Fallon,new key
dynn_fae_6920,"common/dynasties name (literal, no CK2 loc key)",Dragonbow,new key
dynn_fae_6921,"common/dynasties name (literal, no CK2 loc key)",Voldrun,new key
dynn_fae_6922,"common/dynasties name (literal, no CK2 loc key)",Tholstein,new key
dynn_fae_6923,"common/dynasties name (literal, no CK2 loc key)",Hammerstaad,new key
dynn_fae_6924,"common/dynasties name (literal, no CK2 loc key)",Seahelm,new key
dynn_fae_6925,"common/dynasties name (literal, no CK2 loc key)",Sigisson,new key
dynn_fae_6926,"common/dynasties name (literal, no CK2 loc key)",Helmudson,new key
dynn_fae_6927,"common/dynasties name (literal, no CK2 loc key)",Stormcloak,new key
dynn_fae_6928,"common/dynasties name (literal, no CK2 loc key)",Olafsson,new key
dynn_fae_6929,"common/dynasties name (literal, no CK2 loc key)",Gund,new key
dynn_fae_693,"common/dynasties name (literal, no CK2 loc key)",Sharptooth,new key
dynn_fae_6930,"common/dynasties name (literal, no CK2 loc key)",Ironhand,new key
dynn_fae_6931,"common/dynasties name (literal, no CK2 loc key)",Midheim,new key
dynn_fae_6932,"common/dynasties name (literal, no CK2 loc key)",Amzarr,new key
dynn_fae_6933,"common/dynasties name (literal, no CK2 loc key)",Nighthill,new key
dynn_fae_6934,"common/dynasties name (literal, no CK2 loc key)",Egon,new key
dynn_fae_6935,"common/dynasties name (literal, no CK2 loc key)",Greenharrow,new key
dynn_fae_6936,"common/dynasties name (literal, no CK2 loc key)",Gant,new key
dynn_fae_6937,"common/dynasties name (literal, no CK2 loc key)",Aragodar,new key
dynn_fae_6938,"common/dynasties name (literal, no CK2 loc key)",Shund,new key
dynn_fae_6939,"common/dynasties name (literal, no CK2 loc key)",Lantomir,new key
dynn_fae_694,"common/dynasties name (literal, no CK2 loc key)",Tartragul,new key
dynn_fae_6940,"common/dynasties name (literal, no CK2 loc key)",Forennal,new key
dynn_fae_6941,"common/dynasties name (literal, no CK2 loc key)",Iltharagh,new key
dynn_fae_6942,"common/dynasties name (literal, no CK2 loc key)",el Farid,new key
dynn_fae_6943,"common/dynasties name (literal, no CK2 loc key)",Thornhand,new key
dynn_fae_6944,"common/dynasties name (literal, no CK2 loc key)",Draketalons,new key
dynn_fae_6945,"common/dynasties name (literal, no CK2 loc key)",Ruindrake,new key
dynn_fae_6946,"common/dynasties name (literal, no CK2 loc key)",Rendscale,new key
dynn_fae_6947,"common/dynasties name (literal, no CK2 loc key)",Drennort,new key
dynn_fae_6948,"common/dynasties name (literal, no CK2 loc key)",Darms,new key
dynn_fae_6949,"common/dynasties name (literal, no CK2 loc key)",Gates,new key
dynn_fae_695,"common/dynasties name (literal, no CK2 loc key)",Solgar,new key
dynn_fae_6950,"common/dynasties name (literal, no CK2 loc key)",Ring-nose,new key
dynn_fae_6951,"common/dynasties name (literal, no CK2 loc key)",Brak,new key
dynn_fae_6952,"common/dynasties name (literal, no CK2 loc key)",Brisk,new key
dynn_fae_6953,"common/dynasties name (literal, no CK2 loc key)",of Palischuk,new key
dynn_fae_6954,"common/dynasties name (literal, no CK2 loc key)",Ostral,new key
dynn_fae_6955,"common/dynasties name (literal, no CK2 loc key)",Nordskal,new key
dynn_fae_6956,"common/dynasties name (literal, no CK2 loc key)",Ree,new key
dynn_fae_6957,"common/dynasties name (literal, no CK2 loc key)",Yiptik,new key
dynn_fae_6958,"common/dynasties name (literal, no CK2 loc key)",Heavenfire,new key
dynn_fae_6959,"common/dynasties name (literal, no CK2 loc key)",Iceruby,new key
dynn_fae_696,"common/dynasties name (literal, no CK2 loc key)",Olira,new key
dynn_fae_6960,"common/dynasties name (literal, no CK2 loc key)",Springhill,new key
dynn_fae_6961,"common/dynasties name (literal, no CK2 loc key)",Drakehorn,new key
dynn_fae_6962,"common/dynasties name (literal, no CK2 loc key)",Nesker,new key
dynn_fae_6963,"common/dynasties name (literal, no CK2 loc key)",Jaerathindryl,new key
dynn_fae_6964,"common/dynasties name (literal, no CK2 loc key)",Ahanba,new key
dynn_fae_6965,"common/dynasties name (literal, no CK2 loc key)",Aišin,new key
dynn_fae_6966,"common/dynasties name (literal, no CK2 loc key)",Aotun,new key
dynn_fae_6967,"common/dynasties name (literal, no CK2 loc key)",Atai,new key
dynn_fae_6968,"common/dynasties name (literal, no CK2 loc key)",Bujowe,new key
dynn_fae_6969,"common/dynasties name (literal, no CK2 loc key)",Juhung,new key
dynn_fae_697,"common/dynasties name (literal, no CK2 loc key)",Carrum,new key
dynn_fae_6970,"common/dynasties name (literal, no CK2 loc key)",Fuhiyan,new key
dynn_fae_6971,"common/dynasties name (literal, no CK2 loc key)",Giyagu,new key
dynn_fae_6972,"common/dynasties name (literal, no CK2 loc key)",Giyaoru,new key
dynn_fae_6973,"common/dynasties name (literal, no CK2 loc key)",Guwai Uruan,new key
dynn_fae_6974,"common/dynasties name (literal, no CK2 loc key)",Hersurgiya,new key
dynn_fae_6975,"common/dynasties name (literal, no CK2 loc key)",Heširiya,new key
dynn_fae_6976,"common/dynasties name (literal, no CK2 loc key)",Menin,new key
dynn_fae_6977,"common/dynasties name (literal, no CK2 loc key)",Meniyan,new key
dynn_fae_6978,"common/dynasties name (literal, no CK2 loc key)",Nahu,new key
dynn_fae_6979,"common/dynasties name (literal, no CK2 loc key)",Sahala,new key
dynn_fae_698,"common/dynasties name (literal, no CK2 loc key)",Blue Dawn,new key
dynn_fae_6980,"common/dynasties name (literal, no CK2 loc key)",Šaron,new key
dynn_fae_6981,"common/dynasties name (literal, no CK2 loc key)",Šijan,new key
dynn_fae_6982,"common/dynasties name (literal, no CK2 loc key)",Tukdan,new key
dynn_fae_6983,"common/dynasties name (literal, no CK2 loc key)",Uguesun,new key
dynn_fae_6984,"common/dynasties name (literal, no CK2 loc key)",Uliyan,new key
dynn_fae_6985,"common/dynasties name (literal, no CK2 loc key)",Undihen,new key
dynn_fae_6986,"common/dynasties name (literal, no CK2 loc key)",Usaye,new key
dynn_fae_6987,"common/dynasties name (literal, no CK2 loc key)",Wanggiyan,new key
dynn_fae_6988,"common/dynasties name (literal, no CK2 loc key)",Wangsurewei,new key
dynn_fae_6989,"common/dynasties name (literal, no CK2 loc key)",Tornskull,new key
dynn_fae_699,"common/dynasties name (literal, no CK2 loc key)",Orndeir,new key
dynn_fae_6990,"common/dynasties name (literal, no CK2 loc key)",Red Fang,new key
dynn_fae_6991,"common/dynasties name (literal, no CK2 loc key)",Heart Taker,new key
dynn_fae_6992,"common/dynasties name (literal, no CK2 loc key)",Eldeluc,new key
dynn_fae_6993,"common/dynasties name (literal, no CK2 loc key)",Icebear,new key
dynn_fae_6994,"common/dynasties name (literal, no CK2 loc key)",Harlath,new key
dynn_fae_6995,"common/dynasties name (literal, no CK2 loc key)",Farnamn,new key
dynn_fae_6996,"common/dynasties name (literal, no CK2 loc key)",Zendreth,new key
dynn_fae_6997,"common/dynasties name (literal, no CK2 loc key)",Arellaxerrontoal,new key
dynn_fae_6998,"common/dynasties name (literal, no CK2 loc key)",Copperwraught,new key
dynn_fae_6999,"common/dynasties name (literal, no CK2 loc key)",of Imaskar,new key
dynn_fae_7,"common/dynasties name (literal, no CK2 loc key)",Astralbright,new key
dynn_fae_70,"common/dynasties name (literal, no CK2 loc key)",Glarauk,new key
dynn_fae_700,"common/dynasties name (literal, no CK2 loc key)",Molven,new key
dynn_fae_7000,"common/dynasties name (literal, no CK2 loc key)",Arvena,new key
dynn_fae_7001,"common/dynasties name (literal, no CK2 loc key)",Selkirk,new key
dynn_fae_7002,"common/dynasties name (literal, no CK2 loc key)",Uskevren,new key
dynn_fae_7003,"common/dynasties name (literal, no CK2 loc key)",Yarmmaster,new key
dynn_fae_7004,"common/dynasties name (literal, no CK2 loc key)",Saer,new key
dynn_fae_7005,"common/dynasties name (literal, no CK2 loc key)",Daerlun,new key
dynn_fae_7006,"common/dynasties name (literal, no CK2 loc key)",Sevenstar,new key
dynn_fae_7007,"common/dynasties name (literal, no CK2 loc key)",Flostren,new key
dynn_fae_7008,"common/dynasties name (literal, no CK2 loc key)",Meljai,new key
dynn_fae_7009,"common/dynasties name (literal, no CK2 loc key)",Rahr,new key
dynn_fae_701,"common/dynasties name (literal, no CK2 loc key)",Fin,new key
dynn_fae_7010,"common/dynasties name (literal, no CK2 loc key)",Harrow,new key
dynn_fae_7011,"common/dynasties name (literal, no CK2 loc key)",Urnsarr,new key
dynn_fae_7012,"common/dynasties name (literal, no CK2 loc key)",Thaelwood,new key
dynn_fae_7013,"common/dynasties name (literal, no CK2 loc key)",Darth,new key
dynn_fae_7014,"common/dynasties name (literal, no CK2 loc key)",Kethtor,new key
dynn_fae_7015,"common/dynasties name (literal, no CK2 loc key)",Oraun,new key
dynn_fae_7016,"common/dynasties name (literal, no CK2 loc key)",Kalprak,new key
dynn_fae_7017,"common/dynasties name (literal, no CK2 loc key)",Laeron,new key
dynn_fae_7018,"common/dynasties name (literal, no CK2 loc key)",Zeno,new key
dynn_fae_7019,"common/dynasties name (literal, no CK2 loc key)",Pronbel,new key
dynn_fae_702,"common/dynasties name (literal, no CK2 loc key)",Unov,new key
dynn_fae_7020,"common/dynasties name (literal, no CK2 loc key)",Arkov,new key
dynn_fae_7021,"common/dynasties name (literal, no CK2 loc key)",Lodros,new key
dynn_fae_7022,"common/dynasties name (literal, no CK2 loc key)",Raktros,new key
dynn_fae_7023,"common/dynasties name (literal, no CK2 loc key)",Scarag,new key
dynn_fae_7024,"common/dynasties name (literal, no CK2 loc key)",Vintor,new key
dynn_fae_7025,"common/dynasties name (literal, no CK2 loc key)",Sareno,new key
dynn_fae_7026,"common/dynasties name (literal, no CK2 loc key)",Namae,new key
dynn_fae_7027,"common/dynasties name (literal, no CK2 loc key)",Ynas,new key
dynn_fae_7028,"common/dynasties name (literal, no CK2 loc key)",Maretro,new key
dynn_fae_7029,"common/dynasties name (literal, no CK2 loc key)",Sendelan,new key
dynn_fae_703,"common/dynasties name (literal, no CK2 loc key)",Theran,new key
dynn_fae_7030,"common/dynasties name (literal, no CK2 loc key)",Indoros,new key
dynn_fae_7031,"common/dynasties name (literal, no CK2 loc key)",Ilnar,new key
dynn_fae_7032,"common/dynasties name (literal, no CK2 loc key)",Eandan,new key
dynn_fae_7033,"common/dynasties name (literal, no CK2 loc key)",Gibbak,new key
dynn_fae_7034,"common/dynasties name (literal, no CK2 loc key)",Torsch,new key
dynn_fae_7035,"common/dynasties name (literal, no CK2 loc key)",Hathantle,new key
dynn_fae_7036,"common/dynasties name (literal, no CK2 loc key)",Colddeath,new key
dynn_fae_7037,"common/dynasties name (literal, no CK2 loc key)",Blizzard,new key
dynn_fae_7038,"common/dynasties name (literal, no CK2 loc key)",Boldblood,new key
dynn_fae_7039,"common/dynasties name (literal, no CK2 loc key)",Calantar,new key
dynn_fae_704,"common/dynasties name (literal, no CK2 loc key)",Rate,new key
dynn_fae_7040,"common/dynasties name (literal, no CK2 loc key)",Silversword,new key
dynn_fae_7041,"common/dynasties name (literal, no CK2 loc key)",Dracohorn,new key
dynn_fae_7042,"common/dynasties name (literal, no CK2 loc key)",Styllofyr,new key
dynn_fae_7043,"common/dynasties name (literal, no CK2 loc key)",Kronol,new key
dynn_fae_7044,"common/dynasties name (literal, no CK2 loc key)",Shagtooth,new key
dynn_fae_7045,"common/dynasties name (literal, no CK2 loc key)",Burnt Finger,new key
dynn_fae_7046,"common/dynasties name (literal, no CK2 loc key)",Grayhair,new key
dynn_fae_7047,"common/dynasties name (literal, no CK2 loc key)",Unngus,new key
dynn_fae_7048,"common/dynasties name (literal, no CK2 loc key)",Rat-eater,new key
dynn_fae_7049,"common/dynasties name (literal, no CK2 loc key)",Bent Knife,new key
dynn_fae_705,"common/dynasties name (literal, no CK2 loc key)",Vhammos,new key
dynn_fae_7050,"common/dynasties name (literal, no CK2 loc key)",Snakekiller,new key
dynn_fae_7051,"common/dynasties name (literal, no CK2 loc key)",Thorog,new key
dynn_fae_7052,"common/dynasties name (literal, no CK2 loc key)",Trun'zoyl'zl,new key
dynn_fae_7053,"common/dynasties name (literal, no CK2 loc key)",Vrasl,new key
dynn_fae_7054,"common/dynasties name (literal, no CK2 loc key)",Drezz'Lynur,new key
dynn_fae_7055,"common/dynasties name (literal, no CK2 loc key)",Sshurlynder,new key
dynn_fae_7056,"common/dynasties name (literal, no CK2 loc key)",Nanitarn,new key
dynn_fae_7057,"common/dynasties name (literal, no CK2 loc key)",Fyvrek'Zek,new key
dynn_fae_7058,"common/dynasties name (literal, no CK2 loc key)",Phaundal,new key
dynn_fae_7059,"common/dynasties name (literal, no CK2 loc key)",Brundag,new key
dynn_fae_706,"common/dynasties name (literal, no CK2 loc key)",Hammerwand,new key
dynn_fae_7060,"common/dynasties name (literal, no CK2 loc key)",Jenn'Yxir,new key
dynn_fae_7061,"common/dynasties name (literal, no CK2 loc key)",Mezrylornyl,new key
dynn_fae_7062,"common/dynasties name (literal, no CK2 loc key)",Tellen'hez,new key
dynn_fae_7063,"common/dynasties name (literal, no CK2 loc key)",Blaark,new key
dynn_fae_7064,"common/dynasties name (literal, no CK2 loc key)",Zogro,new key
dynn_fae_7065,"common/dynasties name (literal, no CK2 loc key)",Urmblup,new key
dynn_fae_7066,"common/dynasties name (literal, no CK2 loc key)",Moghru,new key
dynn_fae_7067,"common/dynasties name (literal, no CK2 loc key)",Zaarp,new key
dynn_fae_7068,"common/dynasties name (literal, no CK2 loc key)",Glourg,new key
dynn_fae_7069,"common/dynasties name (literal, no CK2 loc key)",Ironhar,new key
dynn_fae_707,"common/dynasties name (literal, no CK2 loc key)",Viran,new key
dynn_fae_7070,"common/dynasties name (literal, no CK2 loc key)",Ardbarhar,new key
dynn_fae_7071,"common/dynasties name (literal, no CK2 loc key)",Boartusk,new key
dynn_fae_7072,"common/dynasties name (literal, no CK2 loc key)",Camorthragar,new key
dynn_fae_7073,"common/dynasties name (literal, no CK2 loc key)",Petathal,new key
dynn_fae_7074,"common/dynasties name (literal, no CK2 loc key)",Ninth Lords,new key
dynn_fae_7075,"common/dynasties name (literal, no CK2 loc key)",Suile Nimhe,new key
dynn_fae_7076,"common/dynasties name (literal, no CK2 loc key)",Szind,new key
dynn_fae_7077,"common/dynasties name (literal, no CK2 loc key)",Dun'Robar,new key
dynn_fae_7078,"common/dynasties name (literal, no CK2 loc key)",Avithoul,new key
dynn_fae_7079,"common/dynasties name (literal, no CK2 loc key)",Sparskrael,new key
dynn_fae_708,"common/dynasties name (literal, no CK2 loc key)",Dhialael,new key
dynn_fae_7080,"common/dynasties name (literal, no CK2 loc key)",Cay'Vorym,new key
dynn_fae_7081,"common/dynasties name (literal, no CK2 loc key)",Jegg'Dralnoc,new key
dynn_fae_7082,"common/dynasties name (literal, no CK2 loc key)",Aeraudar,new key
dynn_fae_7083,"common/dynasties name (literal, no CK2 loc key)",Icelord,new key
dynn_fae_7084,"common/dynasties name (literal, no CK2 loc key)",Babahydari,new key
dynn_fae_7085,"common/dynasties name (literal, no CK2 loc key)",of Neverwinter,new key
dynn_fae_7086,"common/dynasties name (literal, no CK2 loc key)",Wrinklestone,new key
dynn_fae_7087,"common/dynasties name (literal, no CK2 loc key)",Greypeak,new key
dynn_fae_7088,"common/dynasties name (literal, no CK2 loc key)",Malsander,new key
dynn_fae_7089,"common/dynasties name (literal, no CK2 loc key)",Edificant,new key
dynn_fae_709,"common/dynasties name (literal, no CK2 loc key)",Kamos,new key
dynn_fae_7090,"common/dynasties name (literal, no CK2 loc key)",z'Xian,new key
dynn_fae_7091,"common/dynasties name (literal, no CK2 loc key)",Black Axe,new key
dynn_fae_7092,"common/dynasties name (literal, no CK2 loc key)",Snowsbattle,new key
dynn_fae_7093,"common/dynasties name (literal, no CK2 loc key)",Tarynstone,new key
dynn_fae_7094,"common/dynasties name (literal, no CK2 loc key)",Tandarmorr,new key
dynn_fae_7095,"common/dynasties name (literal, no CK2 loc key)",Frostcleaver,new key
dynn_fae_7096,"common/dynasties name (literal, no CK2 loc key)",della Bachetta,new key
dynn_fae_7097,"common/dynasties name (literal, no CK2 loc key)",Stumpbottom,new key
dynn_fae_7098,"common/dynasties name (literal, no CK2 loc key)",Stormcloud,new key
dynn_fae_7099,"common/dynasties name (literal, no CK2 loc key)",Helmung,new key
dynn_fae_71,"common/dynasties name (literal, no CK2 loc key)",Myrrim,new key
dynn_fae_710,"common/dynasties name (literal, no CK2 loc key)",Bleth,new key
dynn_fae_7100,"common/dynasties name (literal, no CK2 loc key)",Moonbow,new key
dynn_fae_7101,"common/dynasties name (literal, no CK2 loc key)",Greentower,new key
dynn_fae_7102,"common/dynasties name (literal, no CK2 loc key)",Nightrock,new key
dynn_fae_7103,"common/dynasties name (literal, no CK2 loc key)",Zeen,new key
dynn_fae_7104,"common/dynasties name (literal, no CK2 loc key)",Blackbeak,new key
dynn_fae_7105,"common/dynasties name (literal, no CK2 loc key)",Bogle,new key
dynn_fae_7106,"common/dynasties name (literal, no CK2 loc key)",Oldfeather,new key
dynn_fae_7107,"common/dynasties name (literal, no CK2 loc key)",Swiftflight,new key
dynn_fae_7108,"common/dynasties name (literal, no CK2 loc key)",Selgryn,new key
dynn_fae_7109,"common/dynasties name (literal, no CK2 loc key)",Sharpbeak,new key
dynn_fae_711,"common/dynasties name (literal, no CK2 loc key)",Jin Jian,new key
dynn_fae_7110,"common/dynasties name (literal, no CK2 loc key)",Talonhand,new key
dynn_fae_7111,"common/dynasties name (literal, no CK2 loc key)",Blackwing,new key
dynn_fae_7112,"common/dynasties name (literal, no CK2 loc key)",Yellowclaw,new key
dynn_fae_7113,"common/dynasties name (literal, no CK2 loc key)",Bloodbeak,new key
dynn_fae_7114,"common/dynasties name (literal, no CK2 loc key)",Swiftclaw,new key
dynn_fae_7115,"common/dynasties name (literal, no CK2 loc key)",al-Jhothuni,new key
dynn_fae_7116,"common/dynasties name (literal, no CK2 loc key)",al-Talji,new key
dynn_fae_7117,"common/dynasties name (literal, no CK2 loc key)",al-Jalidi,new key
dynn_fae_7118,"common/dynasties name (literal, no CK2 loc key)",al-Damaqi,new key
dynn_fae_7119,"common/dynasties name (literal, no CK2 loc key)",al-Mujammad,new key
dynn_fae_712,"common/dynasties name (literal, no CK2 loc key)",Resk,new key
dynn_fae_7120,"common/dynasties name (literal, no CK2 loc key)",al-Barid,new key
dynn_fae_7121,"common/dynasties name (literal, no CK2 loc key)",al-'Asifati,new key
dynn_fae_7122,"common/dynasties name (literal, no CK2 loc key)",as-Sita'i,new key
dynn_fae_7123,"common/dynasties name (literal, no CK2 loc key)",al-'I'sari,new key
dynn_fae_7124,"common/dynasties name (literal, no CK2 loc key)",ash-Shamali,new key
dynn_fae_7125,"common/dynasties name (literal, no CK2 loc key)",al-'Utnuni,new key
dynn_fae_7126,"common/dynasties name (literal, no CK2 loc key)",az-Zill,new key
dynn_fae_7127,"common/dynasties name (literal, no CK2 loc key)",al-'Atamati,new key
dynn_fae_7128,"common/dynasties name (literal, no CK2 loc key)",az-Zalami,new key
dynn_fae_7129,"common/dynasties name (literal, no CK2 loc key)",az-Zulmati,new key
dynn_fae_713,"common/dynasties name (literal, no CK2 loc key)",Mendi,new key
dynn_fae_7130,"common/dynasties name (literal, no CK2 loc key)",ar-Ramadi,new key
dynn_fae_7131,"common/dynasties name (literal, no CK2 loc key)",ad-Dakin,new key
dynn_fae_7132,"common/dynasties name (literal, no CK2 loc key)",al-Laylati,new key
dynn_fae_7133,"common/dynasties name (literal, no CK2 loc key)",al-'Ashiyyi,new key
dynn_fae_7134,"common/dynasties name (literal, no CK2 loc key)",al-Gurubi,new key
dynn_fae_7135,"common/dynasties name (literal, no CK2 loc key)",al-Kafiyyati,new key
dynn_fae_7136,"common/dynasties name (literal, no CK2 loc key)",Ashridge,new key
dynn_fae_7137,"common/dynasties name (literal, no CK2 loc key)",Flintrow,new key
dynn_fae_7138,"common/dynasties name (literal, no CK2 loc key)",Slatemoor,new key
dynn_fae_7139,"common/dynasties name (literal, no CK2 loc key)",Shalecrest,new key
dynn_fae_714,"common/dynasties name (literal, no CK2 loc key)",Neng,new key
dynn_fae_7140,"common/dynasties name (literal, no CK2 loc key)",Calcar,new key
dynn_fae_7141,"common/dynasties name (literal, no CK2 loc key)",Ganister,new key
dynn_fae_7142,"common/dynasties name (literal, no CK2 loc key)",Blueschist,new key
dynn_fae_7143,"common/dynasties name (literal, no CK2 loc key)",Basanites,new key
dynn_fae_7144,"common/dynasties name (literal, no CK2 loc key)",Hornfels,new key
dynn_fae_7145,"common/dynasties name (literal, no CK2 loc key)",Bedchert,new key
dynn_fae_7146,"common/dynasties name (literal, no CK2 loc key)",Boulderchoke,new key
dynn_fae_7147,"common/dynasties name (literal, no CK2 loc key)",Trogloraptor,new key
dynn_fae_7148,"common/dynasties name (literal, no CK2 loc key)",Cthonophile,new key
dynn_fae_7149,"common/dynasties name (literal, no CK2 loc key)",Cavernicola,new key
dynn_fae_715,"common/dynasties name (literal, no CK2 loc key)",Scarwater,new key
dynn_fae_7150,"common/dynasties name (literal, no CK2 loc key)",Speleorex,new key
dynn_fae_7151,"common/dynasties name (literal, no CK2 loc key)",Hypogeal,new key
dynn_fae_7152,"common/dynasties name (literal, no CK2 loc key)",Porphureos,new key
dynn_fae_7153,"common/dynasties name (literal, no CK2 loc key)",Fjolublar,new key
dynn_fae_7154,"common/dynasties name (literal, no CK2 loc key)",Melanophlox,new key
dynn_fae_7155,"common/dynasties name (literal, no CK2 loc key)",Tepex,new key
dynn_fae_7156,"common/dynasties name (literal, no CK2 loc key)",Phipthera,new key
dynn_fae_7157,"common/dynasties name (literal, no CK2 loc key)",Jaculus,new key
dynn_fae_7158,"common/dynasties name (literal, no CK2 loc key)",Fandrefiala,new key
dynn_fae_7159,"common/dynasties name (literal, no CK2 loc key)",Nadradreki,new key
dynn_fae_716,"common/dynasties name (literal, no CK2 loc key)",Tendal,new key
dynn_fae_7160,"common/dynasties name (literal, no CK2 loc key)",Vouivre,new key
dynn_fae_7161,"common/dynasties name (literal, no CK2 loc key)",Biscione,new key
dynn_fae_7162,"common/dynasties name (literal, no CK2 loc key)",Ushumgal,new key
dynn_fae_7163,"common/dynasties name (literal, no CK2 loc key)",Tanin,new key
dynn_fae_7164,"common/dynasties name (literal, no CK2 loc key)",Azhdaja,new key
dynn_fae_7165,"common/dynasties name (literal, no CK2 loc key)",'Ngwhi,new key
dynn_fae_7166,"common/dynasties name (literal, no CK2 loc key)",Silverfir,new key
dynn_fae_7167,"common/dynasties name (literal, no CK2 loc key)",Aquifole,new key
dynn_fae_7168,"common/dynasties name (literal, no CK2 loc key)",Wychelm,new key
dynn_fae_7169,"common/dynasties name (literal, no CK2 loc key)",Boxelder,new key
dynn_fae_717,"common/dynasties name (literal, no CK2 loc key)",Gavoe,new key
dynn_fae_7170,"common/dynasties name (literal, no CK2 loc key)",Balsamfir,new key
dynn_fae_7171,"common/dynasties name (literal, no CK2 loc key)",Dogwood,new key
dynn_fae_7172,"common/dynasties name (literal, no CK2 loc key)",Basswood,new key
dynn_fae_7173,"common/dynasties name (literal, no CK2 loc key)",Hemlock,new key
dynn_fae_7174,"common/dynasties name (literal, no CK2 loc key)",Mooseelm,new key
dynn_fae_7175,"common/dynasties name (literal, no CK2 loc key)",Hophornbeam,new key
dynn_fae_7176,"common/dynasties name (literal, no CK2 loc key)",Jequirity,new key
dynn_fae_7177,"common/dynasties name (literal, no CK2 loc key)",Poisonarrow,new key
dynn_fae_7178,"common/dynasties name (literal, no CK2 loc key)",Aconite,new key
dynn_fae_7179,"common/dynasties name (literal, no CK2 loc key)",Baneberry,new key
dynn_fae_718,"common/dynasties name (literal, no CK2 loc key)",Solaire,new key
dynn_fae_7180,"common/dynasties name (literal, no CK2 loc key)",Hellebore,new key
dynn_fae_7181,"common/dynasties name (literal, no CK2 loc key)",Buckeye,new key
dynn_fae_7182,"common/dynasties name (literal, no CK2 loc key)",Snakeroot,new key
dynn_fae_7183,"common/dynasties name (literal, no CK2 loc key)",Wakerobin,new key
dynn_fae_7184,"common/dynasties name (literal, no CK2 loc key)",Dwale,new key
dynn_fae_7185,"common/dynasties name (literal, no CK2 loc key)",Oleander,new key
dynn_fae_7186,"common/dynasties name (literal, no CK2 loc key)",Shoofly,new key
dynn_fae_7187,"common/dynasties name (literal, no CK2 loc key)",Quickthorn,new key
dynn_fae_7188,"common/dynasties name (literal, no CK2 loc key)",Dogrose,new key
dynn_fae_7189,"common/dynasties name (literal, no CK2 loc key)",Fieldbriar,new key
dynn_fae_719,"common/dynasties name (literal, no CK2 loc key)",Brighthelm,new key
dynn_fae_7190,"common/dynasties name (literal, no CK2 loc key)",Bristleberry,new key
dynn_fae_7191,"common/dynasties name (literal, no CK2 loc key)",Bramble,new key
dynn_fae_7192,"common/dynasties name (literal, no CK2 loc key)",Smilax,new key
dynn_fae_7193,"common/dynasties name (literal, no CK2 loc key)",Barbvine,new key
dynn_fae_7194,"common/dynasties name (literal, no CK2 loc key)",Carrionflower,new key
dynn_fae_7195,"common/dynasties name (literal, no CK2 loc key)",Gallberry,new key
dynn_fae_7196,"common/dynasties name (literal, no CK2 loc key)",Alaphaer,new key
dynn_fae_7197,"common/dynasties name (literal, no CK2 loc key)",Thavverdasz,new key
dynn_fae_7198,"common/dynasties name (literal, no CK2 loc key)",Vairshekellabex,new key
dynn_fae_7199,"common/dynasties name (literal, no CK2 loc key)",Umbergoth,new key
dynn_fae_72,"common/dynasties name (literal, no CK2 loc key)",Nhyme,new key
dynn_fae_720,"common/dynasties name (literal, no CK2 loc key)",Aureo,new key
dynn_fae_7200,"common/dynasties name (literal, no CK2 loc key)",Tenpaw,new key
dynn_fae_7201,"common/dynasties name (literal, no CK2 loc key)",Dusthoof,new key
dynn_fae_7202,"common/dynasties name (literal, no CK2 loc key)",Plainstrider,new key
dynn_fae_7203,"common/dynasties name (literal, no CK2 loc key)",Longfang,new key
dynn_fae_7204,"common/dynasties name (literal, no CK2 loc key)",Lyonarth,new key
dynn_fae_7205,"common/dynasties name (literal, no CK2 loc key)",Canterwild,new key
dynn_fae_7206,"common/dynasties name (literal, no CK2 loc key)",Goldmane,new key
dynn_fae_7207,"common/dynasties name (literal, no CK2 loc key)",Kulann,new key
dynn_fae_7208,"common/dynasties name (literal, no CK2 loc key)",Fangshield,new key
dynn_fae_7209,"common/dynasties name (literal, no CK2 loc key)",Leominor,new key
dynn_fae_721,"common/dynasties name (literal, no CK2 loc key)",Salazar,new key
dynn_fae_7210,"common/dynasties name (literal, no CK2 loc key)",Atrox,new key
dynn_fae_7211,"common/dynasties name (literal, no CK2 loc key)",Blackmane,new key
dynn_fae_7212,"common/dynasties name (literal, no CK2 loc key)",Lympago,new key
dynn_fae_7213,"common/dynasties name (literal, no CK2 loc key)",Forkedqueue,new key
dynn_fae_7214,"common/dynasties name (literal, no CK2 loc key)",Leoncel,new key
dynn_fae_7215,"common/dynasties name (literal, no CK2 loc key)",Aryuc,new key
dynn_fae_7216,"common/dynasties name (literal, no CK2 loc key)",Umbermarsh,new key
dynn_fae_7217,"common/dynasties name (literal, no CK2 loc key)",Spiderhaunt,new key
dynn_fae_7218,"common/dynasties name (literal, no CK2 loc key)",Z'gorga,new key
dynn_fae_7219,"common/dynasties name (literal, no CK2 loc key)",Bluebear,new key
dynn_fae_722,"common/dynasties name (literal, no CK2 loc key)",Tanner,new key
dynn_fae_7220,"common/dynasties name (literal, no CK2 loc key)",Thunderstone,new key
dynn_fae_7221,"common/dynasties name (literal, no CK2 loc key)",Hammerclaw,new key
dynn_fae_7222,"common/dynasties name (literal, no CK2 loc key)",Bearheart,new key
dynn_fae_7223,"common/dynasties name (literal, no CK2 loc key)",Ruinlove,new key
dynn_fae_7224,"common/dynasties name (literal, no CK2 loc key)",Bluehide,new key
dynn_fae_7225,"common/dynasties name (literal, no CK2 loc key)",Trispeirama,new key
dynn_fae_7226,"common/dynasties name (literal, no CK2 loc key)",Pentacheires,new key
dynn_fae_7227,"common/dynasties name (literal, no CK2 loc key)",Bluefangs,new key
dynn_fae_7228,"common/dynasties name (literal, no CK2 loc key)",Eshele,new key
dynn_fae_7229,"common/dynasties name (literal, no CK2 loc key)",Blackpaw,new key
dynn_fae_723,"common/dynasties name (literal, no CK2 loc key)",Firemane,new key
dynn_fae_7230,"common/dynasties name (literal, no CK2 loc key)",Elaar,new key
dynn_fae_7231,"common/dynasties name (literal, no CK2 loc key)",Alder,new key
dynn_fae_7232,"common/dynasties name (literal, no CK2 loc key)",Blueleaf,new key
dynn_fae_7233,"common/dynasties name (literal, no CK2 loc key)",Redoak,new key
dynn_fae_7234,"common/dynasties name (literal, no CK2 loc key)",Duskwood,new key
dynn_fae_7235,"common/dynasties name (literal, no CK2 loc key)",Phandar,new key
dynn_fae_7236,"common/dynasties name (literal, no CK2 loc key)",Oldpine,new key
dynn_fae_7237,"common/dynasties name (literal, no CK2 loc key)",Aspen,new key
dynn_fae_7238,"common/dynasties name (literal, no CK2 loc key)",Liveoak,new key
dynn_fae_7239,"common/dynasties name (literal, no CK2 loc key)",Holmoak,new key
dynn_fae_724,"common/dynasties name (literal, no CK2 loc key)",Pridemane,new key
dynn_fae_7240,"common/dynasties name (literal, no CK2 loc key)",Copperbeech,new key
dynn_fae_7241,"common/dynasties name (literal, no CK2 loc key)",Niccolic,new key
dynn_fae_7242,"common/dynasties name (literal, no CK2 loc key)",Zarnicic,new key
dynn_fae_7243,"common/dynasties name (literal, no CK2 loc key)",Molybdic,new key
dynn_fae_7244,"common/dynasties name (literal, no CK2 loc key)",Rhodonic,new key
dynn_fae_7245,"common/dynasties name (literal, no CK2 loc key)",Stannic,new key
dynn_fae_7246,"common/dynasties name (literal, no CK2 loc key)",Antimonic,new key
dynn_fae_7247,"common/dynasties name (literal, no CK2 loc key)",Barotic,new key
dynn_fae_7248,"common/dynasties name (literal, no CK2 loc key)",Lanthanic,new key
dynn_fae_7249,"common/dynasties name (literal, no CK2 loc key)",Didymic,new key
dynn_fae_725,"common/dynasties name (literal, no CK2 loc key)",Reachclaw,new key
dynn_fae_7250,"common/dynasties name (literal, no CK2 loc key)",Dysprosic,new key
dynn_fae_7251,"common/dynasties name (literal, no CK2 loc key)",Iridic,new key
dynn_fae_7252,"common/dynasties name (literal, no CK2 loc key)",Platinic,new key
dynn_fae_7253,"common/dynasties name (literal, no CK2 loc key)",Hydragyric,new key
dynn_fae_7254,"common/dynasties name (literal, no CK2 loc key)",Thallic,new key
dynn_fae_7255,"common/dynasties name (literal, no CK2 loc key)",Plumbic,new key
dynn_fae_7256,"common/dynasties name (literal, no CK2 loc key)",Actinic,new key
dynn_fae_7257,"common/dynasties name (literal, no CK2 loc key)",Ekaboric,new key
dynn_fae_7258,"common/dynasties name (literal, no CK2 loc key)",Natric,new key
dynn_fae_7259,"common/dynasties name (literal, no CK2 loc key)",Kalic,new key
dynn_fae_726,"common/dynasties name (literal, no CK2 loc key)",Farentoi,new key
dynn_fae_7260,"common/dynasties name (literal, no CK2 loc key)",Wolframic,new key
dynn_fae_7261,"common/dynasties name (literal, no CK2 loc key)",Luniac,new key
dynn_fae_7262,"common/dynasties name (literal, no CK2 loc key)",Mercurial,new key
dynn_fae_7263,"common/dynasties name (literal, no CK2 loc key)",Venyac,new key
dynn_fae_7264,"common/dynasties name (literal, no CK2 loc key)",Solanic,new key
dynn_fae_7265,"common/dynasties name (literal, no CK2 loc key)",Mertiontian,new key
dynn_fae_7266,"common/dynasties name (literal, no CK2 loc key)",Jovaran,new key
dynn_fae_7267,"common/dynasties name (literal, no CK2 loc key)",Chroniast,new key
dynn_fae_7268,"common/dynasties name (literal, no CK2 loc key)",Dothiontian,new key
dynn_fae_7269,"common/dynasties name (literal, no CK2 loc key)",Shurrocker,new key
dynn_fae_727,"common/dynasties name (literal, no CK2 loc key)",Fairleaf,new key
dynn_fae_7270,"common/dynasties name (literal, no CK2 loc key)",Amorial,new key
dynn_fae_7271,"common/dynasties name (literal, no CK2 loc key)",Eronic,new key
dynn_fae_7272,"common/dynasties name (literal, no CK2 loc key)",Belierinti,new key
dynn_fae_7273,"common/dynasties name (literal, no CK2 loc key)",Thalasiac,new key
dynn_fae_7274,"common/dynasties name (literal, no CK2 loc key)",Krigalan,new key
dynn_fae_7275,"common/dynasties name (literal, no CK2 loc key)",Bruxic,new key
dynn_fae_7276,"common/dynasties name (literal, no CK2 loc key)",Karasuthran,new key
dynn_fae_7277,"common/dynasties name (literal, no CK2 loc key)",Olympic,new key
dynn_fae_7278,"common/dynasties name (literal, no CK2 loc key)",Ossaïc,new key
dynn_fae_7279,"common/dynasties name (literal, no CK2 loc key)",Peliontian,new key
dynn_fae_728,"common/dynasties name (literal, no CK2 loc key)",Tunid,new key
dynn_fae_7280,"common/dynasties name (literal, no CK2 loc key)",Asgardian,new key
dynn_fae_7281,"common/dynasties name (literal, no CK2 loc key)",Ertho,new key
dynn_fae_7282,"common/dynasties name (literal, no CK2 loc key)",Jord,new key
dynn_fae_7283,"common/dynasties name (literal, no CK2 loc key)",Erkir,new key
dynn_fae_7284,"common/dynasties name (literal, no CK2 loc key)",Era,new key
dynn_fae_7285,"common/dynasties name (literal, no CK2 loc key)",Ierde,new key
dynn_fae_7286,"common/dynasties name (literal, no CK2 loc key)",Gazar,new key
dynn_fae_7287,"common/dynasties name (literal, no CK2 loc key)",Turba,new key
dynn_fae_7288,"common/dynasties name (literal, no CK2 loc key)",Torpaq,new key
dynn_fae_7289,"common/dynasties name (literal, no CK2 loc key)",Zemja,new key
dynn_fae_729,"common/dynasties name (literal, no CK2 loc key)",Ridley,new key
dynn_fae_7290,"common/dynasties name (literal, no CK2 loc key)",Latta,new key
dynn_fae_7291,"common/dynasties name (literal, no CK2 loc key)",Sol,new key
dynn_fae_7292,"common/dynasties name (literal, no CK2 loc key)",Phuv,new key
dynn_fae_7293,"common/dynasties name (literal, no CK2 loc key)",Grunt,new key
dynn_fae_7294,"common/dynasties name (literal, no CK2 loc key)",Pamant,new key
dynn_fae_7295,"common/dynasties name (literal, no CK2 loc key)",Cre,new key
dynn_fae_7296,"common/dynasties name (literal, no CK2 loc key)",Xak,new key
dynn_fae_7297,"common/dynasties name (literal, no CK2 loc key)",Hamrija,new key
dynn_fae_7298,"common/dynasties name (literal, no CK2 loc key)",Pochva,new key
dynn_fae_7299,"common/dynasties name (literal, no CK2 loc key)",Dirva,new key
dynn_fae_73,"common/dynasties name (literal, no CK2 loc key)",McGall,new key
dynn_fae_730,"common/dynasties name (literal, no CK2 loc key)",Eaglestar,new key
dynn_fae_7300,"common/dynasties name (literal, no CK2 loc key)",Maggotsweeper,new key
dynn_fae_7301,"common/dynasties name (literal, no CK2 loc key)",Talonguard,new key
dynn_fae_7302,"common/dynasties name (literal, no CK2 loc key)",Camora,new key
dynn_fae_7303,"common/dynasties name (literal, no CK2 loc key)",Aitokwo,new key
dynn_fae_7304,"common/dynasties name (literal, no CK2 loc key)",Amaissora,new key
dynn_fae_7305,"common/dynasties name (literal, no CK2 loc key)",Maknar,new key
dynn_fae_7306,"common/dynasties name (literal, no CK2 loc key)",Kikka,new key
dynn_fae_7307,"common/dynasties name (literal, no CK2 loc key)",Qattkime,new key
dynn_fae_7308,"common/dynasties name (literal, no CK2 loc key)",Pukum,new key
dynn_fae_7309,"common/dynasties name (literal, no CK2 loc key)",Choka,new key
dynn_fae_731,"common/dynasties name (literal, no CK2 loc key)",Raldan,new key
dynn_fae_7310,"common/dynasties name (literal, no CK2 loc key)",Kiaklik,new key
dynn_fae_7311,"common/dynasties name (literal, no CK2 loc key)",Ookse,new key
dynn_fae_7312,"common/dynasties name (literal, no CK2 loc key)",Oowhey,new key
dynn_fae_7313,"common/dynasties name (literal, no CK2 loc key)",Tharmuil,new key
dynn_fae_7314,"common/dynasties name (literal, no CK2 loc key)",Uoumdolphin,new key
dynn_fae_7315,"common/dynasties name (literal, no CK2 loc key)",Ironfang,new key
dynn_fae_7316,"common/dynasties name (literal, no CK2 loc key)",Blackbuckler,new key
dynn_fae_7317,"common/dynasties name (literal, no CK2 loc key)",Telsnaer,new key
dynn_fae_7318,"common/dynasties name (literal, no CK2 loc key)",Tallwand,new key
dynn_fae_7319,"common/dynasties name (literal, no CK2 loc key)",Nanther,new key
dynn_fae_732,"common/dynasties name (literal, no CK2 loc key)",Solman,new key
dynn_fae_7320,"common/dynasties name (literal, no CK2 loc key)",Bruil,new key
dynn_fae_7321,"common/dynasties name (literal, no CK2 loc key)",Leiyraghon,new key
dynn_fae_7322,"common/dynasties name (literal, no CK2 loc key)",Calaudra,new key
dynn_fae_7323,"common/dynasties name (literal, no CK2 loc key)",Bersk,new key
dynn_fae_7324,"common/dynasties name (literal, no CK2 loc key)",Chernin,new key
dynn_fae_7325,"common/dynasties name (literal, no CK2 loc key)",Dotsk,new key
dynn_fae_7326,"common/dynasties name (literal, no CK2 loc key)",Kulenov,new key
dynn_fae_7327,"common/dynasties name (literal, no CK2 loc key)",Marsk,new key
dynn_fae_7328,"common/dynasties name (literal, no CK2 loc key)",Nemetsk,new key
dynn_fae_7329,"common/dynasties name (literal, no CK2 loc key)",Shemov,new key
dynn_fae_733,"common/dynasties name (literal, no CK2 loc key)",Gloomgaze,new key
dynn_fae_7330,"common/dynasties name (literal, no CK2 loc key)",Starag,new key
dynn_fae_7331,"common/dynasties name (literal, no CK2 loc key)",Bloodfeathers,new key
dynn_fae_7332,"common/dynasties name (literal, no CK2 loc key)",Dragonsbane,new key
dynn_fae_7333,"common/dynasties name (literal, no CK2 loc key)",Tranth,new key
dynn_fae_7334,"common/dynasties name (literal, no CK2 loc key)",Forest-Friend,new key
dynn_fae_7335,"common/dynasties name (literal, no CK2 loc key)",Rimebeard,new key
dynn_fae_7336,"common/dynasties name (literal, no CK2 loc key)",Bloodhearth,new key
dynn_fae_7337,"common/dynasties name (literal, no CK2 loc key)",Jesk,new key
dynn_fae_7338,"common/dynasties name (literal, no CK2 loc key)",Nilar,new key
dynn_fae_7339,"common/dynasties name (literal, no CK2 loc key)",Ytar,new key
dynn_fae_734,"common/dynasties name (literal, no CK2 loc key)",el-Nadir,new key
dynn_fae_7340,"common/dynasties name (literal, no CK2 loc key)",Foulmantle,new key
dynn_fae_7341,"common/dynasties name (literal, no CK2 loc key)",Doolittle,new key
dynn_fae_7342,"common/dynasties name (literal, no CK2 loc key)",Parnell,new key
dynn_fae_7343,"common/dynasties name (literal, no CK2 loc key)",Kierney,new key
dynn_fae_7344,"common/dynasties name (literal, no CK2 loc key)",Gravnar,new key
dynn_fae_7345,"common/dynasties name (literal, no CK2 loc key)",Horgath,new key
dynn_fae_7346,"common/dynasties name (literal, no CK2 loc key)",Devlin,new key
dynn_fae_7347,"common/dynasties name (literal, no CK2 loc key)",Brandebury,new key
dynn_fae_7348,"common/dynasties name (literal, no CK2 loc key)",Vense,new key
dynn_fae_7349,"common/dynasties name (literal, no CK2 loc key)",Banacath,new key
dynn_fae_735,"common/dynasties name (literal, no CK2 loc key)",Klauth,new key
dynn_fae_7350,"common/dynasties name (literal, no CK2 loc key)",Praka,new key
dynn_fae_7351,"common/dynasties name (literal, no CK2 loc key)",BelMaris,new key
dynn_fae_7352,"common/dynasties name (literal, no CK2 loc key)",Harkar,new key
dynn_fae_7353,"common/dynasties name (literal, no CK2 loc key)",Qarsum,new key
dynn_fae_7354,"common/dynasties name (literal, no CK2 loc key)",Mooreater,new key
dynn_fae_7355,"common/dynasties name (literal, no CK2 loc key)",One-Tusk,new key
dynn_fae_7356,"common/dynasties name (literal, no CK2 loc key)",Black Spear,new key
dynn_fae_7357,"common/dynasties name (literal, no CK2 loc key)",Burning Dagger,new key
dynn_fae_7358,"common/dynasties name (literal, no CK2 loc key)",Red Claw,new key
dynn_fae_7359,"common/dynasties name (literal, no CK2 loc key)",Vinnol,new key
dynn_fae_736,"common/dynasties name (literal, no CK2 loc key)",Thaeloon,new key
dynn_fae_7360,"common/dynasties name (literal, no CK2 loc key)",Umak,new key
dynn_fae_7361,"common/dynasties name (literal, no CK2 loc key)",Blugrak,new key
dynn_fae_7362,"common/dynasties name (literal, no CK2 loc key)",Talespinner,new key
dynn_fae_7363,"common/dynasties name (literal, no CK2 loc key)",Eagle Moor,new key
dynn_fae_7364,"common/dynasties name (literal, no CK2 loc key)",Rem,new key
dynn_fae_7365,"common/dynasties name (literal, no CK2 loc key)",Ahtitlak,new key
dynn_fae_7366,"common/dynasties name (literal, no CK2 loc key)",Akka,new key
dynn_fae_7367,"common/dynasties name (literal, no CK2 loc key)",Eghagu,new key
dynn_fae_7368,"common/dynasties name (literal, no CK2 loc key)",Emequ,new key
dynn_fae_7369,"common/dynasties name (literal, no CK2 loc key)",Fudok,new key
dynn_fae_737,"common/dynasties name (literal, no CK2 loc key)",Zogark,new key
dynn_fae_7370,"common/dynasties name (literal, no CK2 loc key)",Gotokok,new key
dynn_fae_7371,"common/dynasties name (literal, no CK2 loc key)",Gronne,new key
dynn_fae_7372,"common/dynasties name (literal, no CK2 loc key)",Hupiik,new key
dynn_fae_7373,"common/dynasties name (literal, no CK2 loc key)",Hykopgruk,new key
dynn_fae_7374,"common/dynasties name (literal, no CK2 loc key)",Igotak,new key
dynn_fae_7375,"common/dynasties name (literal, no CK2 loc key)",Imajuvisik,new key
dynn_fae_7376,"common/dynasties name (literal, no CK2 loc key)",Isenghack,new key
dynn_fae_7377,"common/dynasties name (literal, no CK2 loc key)",Jajam,new key
dynn_fae_7378,"common/dynasties name (literal, no CK2 loc key)",Jukum,new key
dynn_fae_7379,"common/dynasties name (literal, no CK2 loc key)",Koyoss,new key
dynn_fae_738,"common/dynasties name (literal, no CK2 loc key)",Bluefang,new key
dynn_fae_7380,"common/dynasties name (literal, no CK2 loc key)",Kresttet,new key
dynn_fae_7381,"common/dynasties name (literal, no CK2 loc key)",Lilinuk,new key
dynn_fae_7382,"common/dynasties name (literal, no CK2 loc key)",Lugalpgotak,new key
dynn_fae_7383,"common/dynasties name (literal, no CK2 loc key)",Lugotak,new key
dynn_fae_7384,"common/dynasties name (literal, no CK2 loc key)",Nakalpgotak,new key
dynn_fae_7385,"common/dynasties name (literal, no CK2 loc key)",Nukqup,new key
dynn_fae_7386,"common/dynasties name (literal, no CK2 loc key)",Nyu,new key
dynn_fae_7387,"common/dynasties name (literal, no CK2 loc key)",Opoboquo,new key
dynn_fae_7388,"common/dynasties name (literal, no CK2 loc key)",Puttak,new key
dynn_fae_7389,"common/dynasties name (literal, no CK2 loc key)",Risuak,new key
dynn_fae_739,"common/dynasties name (literal, no CK2 loc key)",Fiendblood,new key
dynn_fae_7390,"common/dynasties name (literal, no CK2 loc key)",Saichik,new key
dynn_fae_7391,"common/dynasties name (literal, no CK2 loc key)",Siksuv,new key
dynn_fae_7392,"common/dynasties name (literal, no CK2 loc key)",Taak,new key
dynn_fae_7393,"common/dynasties name (literal, no CK2 loc key)",Tukk,new key
dynn_fae_7394,"common/dynasties name (literal, no CK2 loc key)",Ukurewok,new key
dynn_fae_7395,"common/dynasties name (literal, no CK2 loc key)",Ullu,new key
dynn_fae_7396,"common/dynasties name (literal, no CK2 loc key)",Umaylu,new key
dynn_fae_7397,"common/dynasties name (literal, no CK2 loc key)",Uppuk,new key
dynn_fae_7398,"common/dynasties name (literal, no CK2 loc key)",Utaak,new key
dynn_fae_7399,"common/dynasties name (literal, no CK2 loc key)",Utui,new key
dynn_fae_74,"common/dynasties name (literal, no CK2 loc key)",Llewellyn,new key
dynn_fae_740,"common/dynasties name (literal, no CK2 loc key)",Goldmane,new key
dynn_fae_7400,"common/dynasties name (literal, no CK2 loc key)",Vekkak,new key
dynn_fae_7401,"common/dynasties name (literal, no CK2 loc key)",Rostigror,new key
dynn_fae_7402,"common/dynasties name (literal, no CK2 loc key)",Rastakh,new key
dynn_fae_7403,"common/dynasties name (literal, no CK2 loc key)",Cezni,new key
dynn_fae_7404,"common/dynasties name (literal, no CK2 loc key)",Skyfall,new key
dynn_fae_7405,"common/dynasties name (literal, no CK2 loc key)",Belark,new key
dynn_fae_7406,"common/dynasties name (literal, no CK2 loc key)",Cordwell,new key
dynn_fae_7407,"common/dynasties name (literal, no CK2 loc key)",Vespar,new key
dynn_fae_7408,"common/dynasties name (literal, no CK2 loc key)",Trester,new key
dynn_fae_7409,"common/dynasties name (literal, no CK2 loc key)",Veskar,new key
dynn_fae_741,"common/dynasties name (literal, no CK2 loc key)",Foul,new key
dynn_fae_7410,"common/dynasties name (literal, no CK2 loc key)",Vidian,new key
dynn_fae_7411,"common/dynasties name (literal, no CK2 loc key)",Elial,new key
dynn_fae_7412,"common/dynasties name (literal, no CK2 loc key)",Aklesaur,new key
dynn_fae_7413,"common/dynasties name (literal, no CK2 loc key)",Vitha,new key
dynn_fae_7414,"common/dynasties name (literal, no CK2 loc key)",Yeano,new key
dynn_fae_7415,"common/dynasties name (literal, no CK2 loc key)",Orim,new key
dynn_fae_7416,"common/dynasties name (literal, no CK2 loc key)",Javlok,new key
dynn_fae_7417,"common/dynasties name (literal, no CK2 loc key)",Athkathla,new key
dynn_fae_7418,"common/dynasties name (literal, no CK2 loc key)",Anka,new key
dynn_fae_7419,"common/dynasties name (literal, no CK2 loc key)",Cor Marak,new key
dynn_fae_742,"common/dynasties name (literal, no CK2 loc key)",Wissthss,new key
dynn_fae_7420,"common/dynasties name (literal, no CK2 loc key)",Hiaw Harr,new key
dynn_fae_7421,"common/dynasties name (literal, no CK2 loc key)",Laumee Harr,new key
dynn_fae_7422,"common/dynasties name (literal, no CK2 loc key)",Moq Qo Harr,new key
dynn_fae_7423,"common/dynasties name (literal, no CK2 loc key)",Taw Harr,new key
dynn_fae_7424,"common/dynasties name (literal, no CK2 loc key)",Woraw Tarak,new key
dynn_fae_7425,"common/dynasties name (literal, no CK2 loc key)",Plemivul,new key
dynn_fae_7426,"common/dynasties name (literal, no CK2 loc key)",Oscen,new key
dynn_fae_7427,"common/dynasties name (literal, no CK2 loc key)",Timalia,new key
dynn_fae_7428,"common/dynasties name (literal, no CK2 loc key)",Progne,new key
dynn_fae_7429,"common/dynasties name (literal, no CK2 loc key)",Hirundo,new key
dynn_fae_743,"common/dynasties name (literal, no CK2 loc key)",Scarback,new key
dynn_fae_7430,"common/dynasties name (literal, no CK2 loc key)",Delichon,new key
dynn_fae_7431,"common/dynasties name (literal, no CK2 loc key)",Buphagid,new key
dynn_fae_7432,"common/dynasties name (literal, no CK2 loc key)",Proteles,new key
dynn_fae_7433,"common/dynasties name (literal, no CK2 loc key)",Crocuta,new key
dynn_fae_7434,"common/dynasties name (literal, no CK2 loc key)",Adcrocuta,new key
dynn_fae_7435,"common/dynasties name (literal, no CK2 loc key)",Leecyaena,new key
dynn_fae_7436,"common/dynasties name (literal, no CK2 loc key)",Tungurictis,new key
dynn_fae_7437,"common/dynasties name (literal, no CK2 loc key)",Thalassictis,new key
dynn_fae_7438,"common/dynasties name (literal, no CK2 loc key)",Blacksnout,new key
dynn_fae_7439,"common/dynasties name (literal, no CK2 loc key)",Sheksa,new key
dynn_fae_744,"common/dynasties name (literal, no CK2 loc key)",Nidim,new key
dynn_fae_7440,"common/dynasties name (literal, no CK2 loc key)",Sahanta,new key
dynn_fae_7441,"common/dynasties name (literal, no CK2 loc key)",Dappel,new key
dynn_fae_7442,"common/dynasties name (literal, no CK2 loc key)",Lege Harr,new key
dynn_fae_7443,"common/dynasties name (literal, no CK2 loc key)",Narrdun,new key
dynn_fae_7444,"common/dynasties name (literal, no CK2 loc key)",Natharis,new key
dynn_fae_7445,"common/dynasties name (literal, no CK2 loc key)",Tuktuk,new key
dynn_fae_7446,"common/dynasties name (literal, no CK2 loc key)",Grakta,new key
dynn_fae_7447,"common/dynasties name (literal, no CK2 loc key)",Plainhunter,new key
dynn_fae_7448,"common/dynasties name (literal, no CK2 loc key)",Wyrmstalker,new key
dynn_fae_7449,"common/dynasties name (literal, no CK2 loc key)",of Shandaular,new key
dynn_fae_745,"common/dynasties name (literal, no CK2 loc key)",Rasil,new key
dynn_fae_7450,"common/dynasties name (literal, no CK2 loc key)",Uzuin,new key
dynn_fae_7451,"common/dynasties name (literal, no CK2 loc key)",Nezramite,new key
dynn_fae_7452,"common/dynasties name (literal, no CK2 loc key)",Oscen,new key
dynn_fae_7453,"common/dynasties name (literal, no CK2 loc key)",Menuda,new key
dynn_fae_7454,"common/dynasties name (literal, no CK2 loc key)",Scric,new key
dynn_fae_7455,"common/dynasties name (literal, no CK2 loc key)",Vireo,new key
dynn_fae_7456,"common/dynasties name (literal, no CK2 loc key)",Coturnix,new key
dynn_fae_7457,"common/dynasties name (literal, no CK2 loc key)",Bulbul,new key
dynn_fae_7458,"common/dynasties name (literal, no CK2 loc key)",Nok,new key
dynn_fae_7459,"common/dynasties name (literal, no CK2 loc key)",Kikhle,new key
dynn_fae_746,"common/dynasties name (literal, no CK2 loc key)",Warptusk,new key
dynn_fae_7460,"common/dynasties name (literal, no CK2 loc key)",Icterid,new key
dynn_fae_7461,"common/dynasties name (literal, no CK2 loc key)",Rossum,new key
dynn_fae_7462,"common/dynasties name (literal, no CK2 loc key)",Olivaw,new key
dynn_fae_7463,"common/dynasties name (literal, no CK2 loc key)",Petipa,new key
dynn_fae_7464,"common/dynasties name (literal, no CK2 loc key)",Capek,new key
dynn_fae_7465,"common/dynasties name (literal, no CK2 loc key)",Mordenheim,new key
dynn_fae_7466,"common/dynasties name (literal, no CK2 loc key)",Brazenhead,new key
dynn_fae_7467,"common/dynasties name (literal, no CK2 loc key)",Bacon,new key
dynn_fae_7468,"common/dynasties name (literal, no CK2 loc key)",Loew,new key
dynn_fae_7469,"common/dynasties name (literal, no CK2 loc key)",Golmi,new key
dynn_fae_747,"common/dynasties name (literal, no CK2 loc key)",Breeyak,new key
dynn_fae_7470,"common/dynasties name (literal, no CK2 loc key)",Emet,new key
dynn_fae_7471,"common/dynasties name (literal, no CK2 loc key)",Tzurah,new key
dynn_fae_7472,"common/dynasties name (literal, no CK2 loc key)",Gholam,new key
dynn_fae_7473,"common/dynasties name (literal, no CK2 loc key)",Dee,new key
dynn_fae_7474,"common/dynasties name (literal, no CK2 loc key)",Reade,new key
dynn_fae_7475,"common/dynasties name (literal, no CK2 loc key)",Masson,new key
dynn_fae_7476,"common/dynasties name (literal, no CK2 loc key)",Harbou,new key
dynn_fae_7477,"common/dynasties name (literal, no CK2 loc key)",O'Loy,new key
dynn_fae_7478,"common/dynasties name (literal, no CK2 loc key)",Link,new key
dynn_fae_7479,"common/dynasties name (literal, no CK2 loc key)",Jenkins,new key
dynn_fae_748,"common/dynasties name (literal, no CK2 loc key)",Nightmaw,new key
dynn_fae_7480,"common/dynasties name (literal, no CK2 loc key)",Reventlov,new key
dynn_fae_7481,"common/dynasties name (literal, no CK2 loc key)",Gabka,new key
dynn_fae_7482,"common/dynasties name (literal, no CK2 loc key)",Score,new key
dynn_fae_7483,"common/dynasties name (literal, no CK2 loc key)",Brackenridge,new key
dynn_fae_7484,"common/dynasties name (literal, no CK2 loc key)",Tenma,new key
dynn_fae_7485,"common/dynasties name (literal, no CK2 loc key)",Gort,new key
dynn_fae_7486,"common/dynasties name (literal, no CK2 loc key)",Ironman,new key
dynn_fae_7487,"common/dynasties name (literal, no CK2 loc key)",Batty,new key
dynn_fae_7488,"common/dynasties name (literal, no CK2 loc key)",Nexus,new key
dynn_fae_7489,"common/dynasties name (literal, no CK2 loc key)",Daniel,new key
dynn_fae_749,"common/dynasties name (literal, no CK2 loc key)",Rockstride,new key
dynn_fae_7490,"common/dynasties name (literal, no CK2 loc key)",Stepford,new key
dynn_fae_7491,"common/dynasties name (literal, no CK2 loc key)",Manders,new key
dynn_fae_7492,"common/dynasties name (literal, no CK2 loc key)",Solo,new key
dynn_fae_7493,"common/dynasties name (literal, no CK2 loc key)",Kresnov,new key
dynn_fae_7494,"common/dynasties name (literal, no CK2 loc key)",Mayweather,new key
dynn_fae_7495,"common/dynasties name (literal, no CK2 loc key)",Eberhart,new key
dynn_fae_7496,"common/dynasties name (literal, no CK2 loc key)",Lomax,new key
dynn_fae_7497,"common/dynasties name (literal, no CK2 loc key)",Goddard,new key
dynn_fae_7498,"common/dynasties name (literal, no CK2 loc key)",Vakhi,new key
dynn_fae_7499,"common/dynasties name (literal, no CK2 loc key)",Morton,new key
dynn_fae_75,"common/dynasties name (literal, no CK2 loc key)",Rookoath,new key
dynn_fae_750,"common/dynasties name (literal, no CK2 loc key)",Farfleet,new key
dynn_fae_7500,"common/dynasties name (literal, no CK2 loc key)",Braman,new key
dynn_fae_7501,"common/dynasties name (literal, no CK2 loc key)",Mano,new key
dynn_fae_7502,"common/dynasties name (literal, no CK2 loc key)",Habeahan,new key
dynn_fae_7503,"common/dynasties name (literal, no CK2 loc key)",Buntaran,new key
dynn_fae_7504,"common/dynasties name (literal, no CK2 loc key)",Sidabungke,new key
dynn_fae_7505,"common/dynasties name (literal, no CK2 loc key)",Latoel,new key
dynn_fae_7506,"common/dynasties name (literal, no CK2 loc key)",Sapa,new key
dynn_fae_7507,"common/dynasties name (literal, no CK2 loc key)",Pekan,new key
dynn_fae_7508,"common/dynasties name (literal, no CK2 loc key)",Vonco,new key
dynn_fae_7509,"common/dynasties name (literal, no CK2 loc key)",Sinabalok,new key
dynn_fae_751,"common/dynasties name (literal, no CK2 loc key)",Jathss,new key
dynn_fae_7510,"common/dynasties name (literal, no CK2 loc key)",Lilipally,new key
dynn_fae_7511,"common/dynasties name (literal, no CK2 loc key)",Sumadi,new key
dynn_fae_7512,"common/dynasties name (literal, no CK2 loc key)",Sihotang,new key
dynn_fae_7513,"common/dynasties name (literal, no CK2 loc key)",Hartanoe,new key
dynn_fae_7514,"common/dynasties name (literal, no CK2 loc key)",Haryati,new key
dynn_fae_7515,"common/dynasties name (literal, no CK2 loc key)",Tedja,new key
dynn_fae_7516,"common/dynasties name (literal, no CK2 loc key)",Limijanto,new key
dynn_fae_7517,"common/dynasties name (literal, no CK2 loc key)",Pranoto,new key
dynn_fae_7518,"common/dynasties name (literal, no CK2 loc key)",Tan,new key
dynn_fae_7519,"common/dynasties name (literal, no CK2 loc key)",Bahorok,new key
dynn_fae_752,"common/dynasties name (literal, no CK2 loc key)",Bonebroth,new key
dynn_fae_7520,"common/dynasties name (literal, no CK2 loc key)",Matulessy,new key
dynn_fae_7521,"common/dynasties name (literal, no CK2 loc key)",Chandra,new key
dynn_fae_7522,"common/dynasties name (literal, no CK2 loc key)",Kipli,new key
dynn_fae_7523,"common/dynasties name (literal, no CK2 loc key)",Yahaya,new key
dynn_fae_7524,"common/dynasties name (literal, no CK2 loc key)",Saadong,new key
dynn_fae_7525,"common/dynasties name (literal, no CK2 loc key)",Sudirman,new key
dynn_fae_7526,"common/dynasties name (literal, no CK2 loc key)",Widjaja,new key
dynn_fae_7527,"common/dynasties name (literal, no CK2 loc key)",Jaya,new key
dynn_fae_7528,"common/dynasties name (literal, no CK2 loc key)",Rumahorbo,new key
dynn_fae_7529,"common/dynasties name (literal, no CK2 loc key)",Cahaya,new key
dynn_fae_753,"common/dynasties name (literal, no CK2 loc key)",Blackore,new key
dynn_fae_7530,"common/dynasties name (literal, no CK2 loc key)",Embong,new key
dynn_fae_7531,"common/dynasties name (literal, no CK2 loc key)",Siti,new key
dynn_fae_7532,"common/dynasties name (literal, no CK2 loc key)",Berasa,new key
dynn_fae_7533,"common/dynasties name (literal, no CK2 loc key)",Masayu,new key
dynn_fae_7534,"common/dynasties name (literal, no CK2 loc key)",Hanjaya,new key
dynn_fae_7535,"common/dynasties name (literal, no CK2 loc key)",Mail,new key
dynn_fae_7536,"common/dynasties name (literal, no CK2 loc key)",Muda,new key
dynn_fae_7537,"common/dynasties name (literal, no CK2 loc key)",Tjhia,new key
dynn_fae_7538,"common/dynasties name (literal, no CK2 loc key)",Hartanto,new key
dynn_fae_7539,"common/dynasties name (literal, no CK2 loc key)",Sidari,new key
dynn_fae_754,"common/dynasties name (literal, no CK2 loc key)",Dashir,new key
dynn_fae_7540,"common/dynasties name (literal, no CK2 loc key)",Sulung,new key
dynn_fae_7541,"common/dynasties name (literal, no CK2 loc key)",Khatijah,new key
dynn_fae_7542,"common/dynasties name (literal, no CK2 loc key)",Turutan,new key
dynn_fae_7543,"common/dynasties name (literal, no CK2 loc key)",Kartawijaya,new key
dynn_fae_7544,"common/dynasties name (literal, no CK2 loc key)",Sibuaton,new key
dynn_fae_7545,"common/dynasties name (literal, no CK2 loc key)",Hermanto,new key
dynn_fae_7546,"common/dynasties name (literal, no CK2 loc key)",Sugriwa,new key
dynn_fae_7547,"common/dynasties name (literal, no CK2 loc key)",Tamba,new key
dynn_fae_7548,"common/dynasties name (literal, no CK2 loc key)",Puteh,new key
dynn_fae_7549,"common/dynasties name (literal, no CK2 loc key)",Soekotjo,new key
dynn_fae_755,"common/dynasties name (literal, no CK2 loc key)",al-Giln,new key
dynn_fae_7550,"common/dynasties name (literal, no CK2 loc key)",Tamang,new key
dynn_fae_7551,"common/dynasties name (literal, no CK2 loc key)",Sherchan,new key
dynn_fae_7552,"common/dynasties name (literal, no CK2 loc key)",Sharma,new key
dynn_fae_7553,"common/dynasties name (literal, no CK2 loc key)",Thami,new key
dynn_fae_7554,"common/dynasties name (literal, no CK2 loc key)",Pandit,new key
dynn_fae_7555,"common/dynasties name (literal, no CK2 loc key)",Dahal,new key
dynn_fae_7556,"common/dynasties name (literal, no CK2 loc key)",Budhathoki,new key
dynn_fae_7557,"common/dynasties name (literal, no CK2 loc key)",Baniya,new key
dynn_fae_7558,"common/dynasties name (literal, no CK2 loc key)",Munankarmi,new key
dynn_fae_7559,"common/dynasties name (literal, no CK2 loc key)",Panthi,new key
dynn_fae_756,"common/dynasties name (literal, no CK2 loc key)",Shantyn,new key
dynn_fae_7560,"common/dynasties name (literal, no CK2 loc key)",Raval,new key
dynn_fae_7561,"common/dynasties name (literal, no CK2 loc key)",Khatiwada,new key
dynn_fae_7562,"common/dynasties name (literal, no CK2 loc key)",Dhimal,new key
dynn_fae_7563,"common/dynasties name (literal, no CK2 loc key)",Thakur,new key
dynn_fae_7564,"common/dynasties name (literal, no CK2 loc key)",Mathema,new key
dynn_fae_7565,"common/dynasties name (literal, no CK2 loc key)",Mandal,new key
dynn_fae_7566,"common/dynasties name (literal, no CK2 loc key)",Dhungel,new key
dynn_fae_7567,"common/dynasties name (literal, no CK2 loc key)",Maske,new key
dynn_fae_7568,"common/dynasties name (literal, no CK2 loc key)",Rana,new key
dynn_fae_7569,"common/dynasties name (literal, no CK2 loc key)",Nagargoje,new key
dynn_fae_757,"common/dynasties name (literal, no CK2 loc key)",of Jundarwood,new key
dynn_fae_7570,"common/dynasties name (literal, no CK2 loc key)",Sijapati,new key
dynn_fae_7571,"common/dynasties name (literal, no CK2 loc key)",Thapaliya,new key
dynn_fae_7572,"common/dynasties name (literal, no CK2 loc key)",Mukhia,new key
dynn_fae_7573,"common/dynasties name (literal, no CK2 loc key)",Luitel,new key
dynn_fae_7574,"common/dynasties name (literal, no CK2 loc key)",Phuyal,new key
dynn_fae_7575,"common/dynasties name (literal, no CK2 loc key)",Ranjitkar,new key
dynn_fae_7576,"common/dynasties name (literal, no CK2 loc key)",Jhapali,new key
dynn_fae_7577,"common/dynasties name (literal, no CK2 loc key)",Bastakoti,new key
dynn_fae_7578,"common/dynasties name (literal, no CK2 loc key)",Pathak,new key
dynn_fae_7579,"common/dynasties name (literal, no CK2 loc key)",Himanshu,new key
dynn_fae_758,"common/dynasties name (literal, no CK2 loc key)",Dalmor,new key
dynn_fae_7580,"common/dynasties name (literal, no CK2 loc key)",Nayaju,new key
dynn_fae_7581,"common/dynasties name (literal, no CK2 loc key)",Pande,new key
dynn_fae_7582,"common/dynasties name (literal, no CK2 loc key)",Vaishnav,new key
dynn_fae_7583,"common/dynasties name (literal, no CK2 loc key)",Deuja,new key
dynn_fae_7584,"common/dynasties name (literal, no CK2 loc key)",Mahat,new key
dynn_fae_7585,"common/dynasties name (literal, no CK2 loc key)",Gubhaju,new key
dynn_fae_7586,"common/dynasties name (literal, no CK2 loc key)",Timalsina,new key
dynn_fae_7587,"common/dynasties name (literal, no CK2 loc key)",Basnet,new key
dynn_fae_7588,"common/dynasties name (literal, no CK2 loc key)",Bandyopadhyay,new key
dynn_fae_7589,"common/dynasties name (literal, no CK2 loc key)",Sinjali,new key
dynn_fae_759,"common/dynasties name (literal, no CK2 loc key)",Urmhreld,new key
dynn_fae_7590,"common/dynasties name (literal, no CK2 loc key)",Agasti,new key
dynn_fae_7591,"common/dynasties name (literal, no CK2 loc key)",Goudel,new key
dynn_fae_7592,"common/dynasties name (literal, no CK2 loc key)",Dhamala,new key
dynn_fae_7593,"common/dynasties name (literal, no CK2 loc key)",Akpahlurik,new key
dynn_fae_7594,"common/dynasties name (literal, no CK2 loc key)",Ebyuluich,new key
dynn_fae_7595,"common/dynasties name (literal, no CK2 loc key)",Nightsword,new key
dynn_fae_7596,"common/dynasties name (literal, no CK2 loc key)",Spiritwalk,new key
dynn_fae_7597,"common/dynasties name (literal, no CK2 loc key)",Kastelmar,new key
dynn_fae_7598,"common/dynasties name (literal, no CK2 loc key)",Disarnnyl,new key
dynn_fae_7599,"common/dynasties name (literal, no CK2 loc key)",Backland,new key
dynn_fae_76,"common/dynasties name (literal, no CK2 loc key)",Rockbash,new key
dynn_fae_760,"common/dynasties name (literal, no CK2 loc key)",Condato,new key
dynn_fae_7600,"common/dynasties name (literal, no CK2 loc key)",Tatakan,new key
dynn_fae_7601,"common/dynasties name (literal, no CK2 loc key)",Aydar,new key
dynn_fae_7602,"common/dynasties name (literal, no CK2 loc key)",Byrkhaan,new key
dynn_fae_7603,"common/dynasties name (literal, no CK2 loc key)",Arkan,new key
dynn_fae_7604,"common/dynasties name (literal, no CK2 loc key)",Kutayan,new key
dynn_fae_7605,"common/dynasties name (literal, no CK2 loc key)",Tulaas,new key
dynn_fae_7606,"common/dynasties name (literal, no CK2 loc key)",Tyogyuryuk,new key
dynn_fae_7607,"common/dynasties name (literal, no CK2 loc key)",Balbakh,new key
dynn_fae_7608,"common/dynasties name (literal, no CK2 loc key)",Kyulyulyakh,new key
dynn_fae_7609,"common/dynasties name (literal, no CK2 loc key)",Naargyl,new key
dynn_fae_761,"common/dynasties name (literal, no CK2 loc key)",al-Treides,new key
dynn_fae_7610,"common/dynasties name (literal, no CK2 loc key)",Yrgel,new key
dynn_fae_7611,"common/dynasties name (literal, no CK2 loc key)",Kyptyk,new key
dynn_fae_7612,"common/dynasties name (literal, no CK2 loc key)",Nyurgustaan,new key
dynn_fae_7613,"common/dynasties name (literal, no CK2 loc key)",Atastyr,new key
dynn_fae_7614,"common/dynasties name (literal, no CK2 loc key)",Gorokh,new key
dynn_fae_7615,"common/dynasties name (literal, no CK2 loc key)",Orduk,new key
dynn_fae_7616,"common/dynasties name (literal, no CK2 loc key)",Bootyr,new key
dynn_fae_7617,"common/dynasties name (literal, no CK2 loc key)",Kustuktaan,new key
dynn_fae_7618,"common/dynasties name (literal, no CK2 loc key)",Djulus,new key
dynn_fae_7619,"common/dynasties name (literal, no CK2 loc key)",Soras,new key
dynn_fae_762,"common/dynasties name (literal, no CK2 loc key)",Kallam,new key
dynn_fae_7620,"common/dynasties name (literal, no CK2 loc key)",Uyuskhaan,new key
dynn_fae_7621,"common/dynasties name (literal, no CK2 loc key)",Botuya,new key
dynn_fae_7622,"common/dynasties name (literal, no CK2 loc key)",Modun,new key
dynn_fae_7623,"common/dynasties name (literal, no CK2 loc key)",Saaryn,new key
dynn_fae_7624,"common/dynasties name (literal, no CK2 loc key)",Chuochan,new key
dynn_fae_7625,"common/dynasties name (literal, no CK2 loc key)",Barchalyr,new key
dynn_fae_7626,"common/dynasties name (literal, no CK2 loc key)",Myndaya,new key
dynn_fae_7627,"common/dynasties name (literal, no CK2 loc key)",Tyolkyut,new key
dynn_fae_7628,"common/dynasties name (literal, no CK2 loc key)",Berbyakay,new key
dynn_fae_7629,"common/dynasties name (literal, no CK2 loc key)",Dorbuya,new key
dynn_fae_763,"common/dynasties name (literal, no CK2 loc key)",Salam,new key
dynn_fae_7630,"common/dynasties name (literal, no CK2 loc key)",Bagdasaa,new key
dynn_fae_7631,"common/dynasties name (literal, no CK2 loc key)",Kyltas,new key
dynn_fae_7632,"common/dynasties name (literal, no CK2 loc key)",Balyksyt,new key
dynn_fae_7633,"common/dynasties name (literal, no CK2 loc key)",Djaakyp,new key
dynn_fae_7634,"common/dynasties name (literal, no CK2 loc key)",Djuluskhaan,new key
dynn_fae_7635,"common/dynasties name (literal, no CK2 loc key)",Elleyevna,new key
dynn_fae_7636,"common/dynasties name (literal, no CK2 loc key)",Tuluykhan,new key
dynn_fae_7637,"common/dynasties name (literal, no CK2 loc key)",Aydyn,new key
dynn_fae_7638,"common/dynasties name (literal, no CK2 loc key)",Syrbannyr,new key
dynn_fae_7639,"common/dynasties name (literal, no CK2 loc key)",Ular,new key
dynn_fae_764,"common/dynasties name (literal, no CK2 loc key)",Rotalus,new key
dynn_fae_7640,"common/dynasties name (literal, no CK2 loc key)",Sulustaan,new key
dynn_fae_7641,"common/dynasties name (literal, no CK2 loc key)",Muran,new key
dynn_fae_7642,"common/dynasties name (literal, no CK2 loc key)",Tuskun,new key
dynn_fae_7643,"common/dynasties name (literal, no CK2 loc key)",Erchim,new key
dynn_fae_7644,"common/dynasties name (literal, no CK2 loc key)",Balyktyr,new key
dynn_fae_7645,"common/dynasties name (literal, no CK2 loc key)",Kobyakh,new key
dynn_fae_7646,"common/dynasties name (literal, no CK2 loc key)",Baatyr,new key
dynn_fae_7647,"common/dynasties name (literal, no CK2 loc key)",Ayar,new key
dynn_fae_7648,"common/dynasties name (literal, no CK2 loc key)",Burnash,new key
dynn_fae_7649,"common/dynasties name (literal, no CK2 loc key)",Duolan,new key
dynn_fae_765,"common/dynasties name (literal, no CK2 loc key)",Alman,new key
dynn_fae_7650,"common/dynasties name (literal, no CK2 loc key)",Oyuun,new key
dynn_fae_7651,"common/dynasties name (literal, no CK2 loc key)",Baydam,new key
dynn_fae_7652,"common/dynasties name (literal, no CK2 loc key)",Sulus,new key
dynn_fae_7653,"common/dynasties name (literal, no CK2 loc key)",Monchurin,new key
dynn_fae_7654,"common/dynasties name (literal, no CK2 loc key)",Myekyurd,new key
dynn_fae_7655,"common/dynasties name (literal, no CK2 loc key)",Bekichel,new key
dynn_fae_7656,"common/dynasties name (literal, no CK2 loc key)",Nyukurdan,new key
dynn_fae_7657,"common/dynasties name (literal, no CK2 loc key)",Ulakhan,new key
dynn_fae_7658,"common/dynasties name (literal, no CK2 loc key)",Ayastaan,new key
dynn_fae_7659,"common/dynasties name (literal, no CK2 loc key)",Itirik,new key
dynn_fae_766,"common/dynasties name (literal, no CK2 loc key)",Farideh,new key
dynn_fae_7660,"common/dynasties name (literal, no CK2 loc key)",Duyuk,new key
dynn_fae_7661,"common/dynasties name (literal, no CK2 loc key)",Aytal,new key
dynn_fae_7662,"common/dynasties name (literal, no CK2 loc key)",Boyoskor,new key
dynn_fae_7663,"common/dynasties name (literal, no CK2 loc key)",Duruhaal,new key
dynn_fae_7664,"common/dynasties name (literal, no CK2 loc key)",Chagyl,new key
dynn_fae_7665,"common/dynasties name (literal, no CK2 loc key)",Charastay,new key
dynn_fae_7666,"common/dynasties name (literal, no CK2 loc key)",Tyogyullyakh,new key
dynn_fae_7667,"common/dynasties name (literal, no CK2 loc key)",Tortoy,new key
dynn_fae_7668,"common/dynasties name (literal, no CK2 loc key)",Sojobo,new key
dynn_fae_7669,"common/dynasties name (literal, no CK2 loc key)",Tarobo,new key
dynn_fae_767,"common/dynasties name (literal, no CK2 loc key)",Arkakur,new key
dynn_fae_7670,"common/dynasties name (literal, no CK2 loc key)",Jirobo,new key
dynn_fae_7671,"common/dynasties name (literal, no CK2 loc key)",Sanjakubo,new key
dynn_fae_7672,"common/dynasties name (literal, no CK2 loc key)",Ryuhobo,new key
dynn_fae_7673,"common/dynasties name (literal, no CK2 loc key)",Buzenbo,new key
dynn_fae_7674,"common/dynasties name (literal, no CK2 loc key)",Hokibo,new key
dynn_fae_7675,"common/dynasties name (literal, no CK2 loc key)",Myogibo,new key
dynn_fae_7676,"common/dynasties name (literal, no CK2 loc key)",Sankibo,new key
dynn_fae_7677,"common/dynasties name (literal, no CK2 loc key)",Zenkibo,new key
dynn_fae_7678,"common/dynasties name (literal, no CK2 loc key)",Kotenbo,new key
dynn_fae_7679,"common/dynasties name (literal, no CK2 loc key)",Tsubaka-hoin,new key
dynn_fae_768,"common/dynasties name (literal, no CK2 loc key)",Nossal,new key
dynn_fae_7680,"common/dynasties name (literal, no CK2 loc key)",Daranibo,new key
dynn_fae_7681,"common/dynasties name (literal, no CK2 loc key)",Naigubu,new key
dynn_fae_7682,"common/dynasties name (literal, no CK2 loc key)",Sagamibo,new key
dynn_fae_7683,"common/dynasties name (literal, no CK2 loc key)",Saburo,new key
dynn_fae_7684,"common/dynasties name (literal, no CK2 loc key)",Ajari,new key
dynn_fae_7685,"common/dynasties name (literal, no CK2 loc key)",Dragonsoul,new key
dynn_fae_7686,"common/dynasties name (literal, no CK2 loc key)",Yi,new key
dynn_fae_7687,"common/dynasties name (literal, no CK2 loc key)",Mertonius,new key
dynn_fae_7688,"common/dynasties name (literal, no CK2 loc key)",Fjuur,new key
dynn_fae_7689,"common/dynasties name (literal, no CK2 loc key)",Pahhur,new key
dynn_fae_769,"common/dynasties name (literal, no CK2 loc key)",Stalksight,new key
dynn_fae_7690,"common/dynasties name (literal, no CK2 loc key)",Amca,new key
dynn_fae_7691,"common/dynasties name (literal, no CK2 loc key)",Isatu,new key
dynn_fae_7692,"common/dynasties name (literal, no CK2 loc key)",Nura,new key
dynn_fae_7693,"common/dynasties name (literal, no CK2 loc key)",Krak,new key
dynn_fae_7694,"common/dynasties name (literal, no CK2 loc key)",Ogni,new key
dynn_fae_7695,"common/dynasties name (literal, no CK2 loc key)",Onol,new key
dynn_fae_7696,"common/dynasties name (literal, no CK2 loc key)",Ild,new key
dynn_fae_7697,"common/dynasties name (literal, no CK2 loc key)",Panno,new key
dynn_fae_7698,"common/dynasties name (literal, no CK2 loc key)",Azar,new key
dynn_fae_7699,"common/dynasties name (literal, no CK2 loc key)",Fiug,new key
dynn_fae_77,"common/dynasties name (literal, no CK2 loc key)",Drakefang,new key
dynn_fae_770,"common/dynasties name (literal, no CK2 loc key)",Darrom,new key
dynn_fae_7700,"common/dynasties name (literal, no CK2 loc key)",Teine,new key
dynn_fae_7701,"common/dynasties name (literal, no CK2 loc key)",Tam,new key
dynn_fae_7702,"common/dynasties name (literal, no CK2 loc key)",Flass,new key
dynn_fae_7703,"common/dynasties name (literal, no CK2 loc key)",Mediocros,new key
dynn_fae_7704,"common/dynasties name (literal, no CK2 loc key)",Rhym,new key
dynn_fae_7705,"common/dynasties name (literal, no CK2 loc key)",Altarr,new key
dynn_fae_7706,"common/dynasties name (literal, no CK2 loc key)",de Winter,new key
dynn_fae_7707,"common/dynasties name (literal, no CK2 loc key)",Thayari,new key
dynn_fae_7708,"common/dynasties name (literal, no CK2 loc key)",Bezanturi,new key
dynn_fae_7709,"common/dynasties name (literal, no CK2 loc key)",Thrul,new key
dynn_fae_771,"common/dynasties name (literal, no CK2 loc key)",Veneri,new key
dynn_fae_7710,"common/dynasties name (literal, no CK2 loc key)",Agneh,new key
dynn_fae_7711,"common/dynasties name (literal, no CK2 loc key)",Tenslayer,new key
dynn_fae_7712,"common/dynasties name (literal, no CK2 loc key)",Nymar,new key
dynn_fae_7713,"common/dynasties name (literal, no CK2 loc key)",Canos,new key
dynn_fae_7714,"common/dynasties name (literal, no CK2 loc key)",Daramos,new key
dynn_fae_7715,"common/dynasties name (literal, no CK2 loc key)",Kren,new key
dynn_fae_7716,"common/dynasties name (literal, no CK2 loc key)",Odesseiron,new key
dynn_fae_7717,"common/dynasties name (literal, no CK2 loc key)",Peakhand,new key
dynn_fae_7718,"common/dynasties name (literal, no CK2 loc key)",Dehkahks,new key
dynn_fae_7719,"common/dynasties name (literal, no CK2 loc key)",of Tyraturos,new key
dynn_fae_772,"common/dynasties name (literal, no CK2 loc key)",Banc,new key
dynn_fae_7720,"common/dynasties name (literal, no CK2 loc key)",Theokillos,new key
dynn_fae_7721,"common/dynasties name (literal, no CK2 loc key)",of Thay,new key
dynn_fae_7722,"common/dynasties name (literal, no CK2 loc key)",Tarhair,new key
dynn_fae_7723,"common/dynasties name (literal, no CK2 loc key)",Sharken,new key
dynn_fae_7724,"common/dynasties name (literal, no CK2 loc key)",Metran,new key
dynn_fae_7725,"common/dynasties name (literal, no CK2 loc key)",Focar,new key
dynn_fae_7726,"common/dynasties name (literal, no CK2 loc key)",Autorian,new key
dynn_fae_7727,"common/dynasties name (literal, no CK2 loc key)",Buvaar,new key
dynn_fae_7728,"common/dynasties name (literal, no CK2 loc key)",Teeos,new key
dynn_fae_7729,"common/dynasties name (literal, no CK2 loc key)",Tulhoond,new key
dynn_fae_773,"common/dynasties name (literal, no CK2 loc key)",Tallstar,new key
dynn_fae_7730,"common/dynasties name (literal, no CK2 loc key)",Laeluth,new key
dynn_fae_7731,"common/dynasties name (literal, no CK2 loc key)",Sharshyndree,new key
dynn_fae_7732,"common/dynasties name (literal, no CK2 loc key)",Mahl,new key
dynn_fae_7733,"common/dynasties name (literal, no CK2 loc key)",Mroound,new key
dynn_fae_7734,"common/dynasties name (literal, no CK2 loc key)",Naraelond,new key
dynn_fae_7735,"common/dynasties name (literal, no CK2 loc key)",Lammaraster,new key
dynn_fae_7736,"common/dynasties name (literal, no CK2 loc key)",Skroun,new key
dynn_fae_7737,"common/dynasties name (literal, no CK2 loc key)",Tehlgalagar,new key
dynn_fae_7738,"common/dynasties name (literal, no CK2 loc key)",Korroth,new key
dynn_fae_7739,"common/dynasties name (literal, no CK2 loc key)",Yarrr,new key
dynn_fae_774,"common/dynasties name (literal, no CK2 loc key)",Olsanan,new key
dynn_fae_7740,"common/dynasties name (literal, no CK2 loc key)",Kul,new key
dynn_fae_7741,"common/dynasties name (literal, no CK2 loc key)",Bezanti,new key
dynn_fae_7742,"common/dynasties name (literal, no CK2 loc key)",Boneclaw,new key
dynn_fae_7743,"common/dynasties name (literal, no CK2 loc key)",Arulath,new key
dynn_fae_7744,"common/dynasties name (literal, no CK2 loc key)",Fandar,new key
dynn_fae_7745,"common/dynasties name (literal, no CK2 loc key)",Hahpret,new key
dynn_fae_7746,"common/dynasties name (literal, no CK2 loc key)",SeLanmere,new key
dynn_fae_7747,"common/dynasties name (literal, no CK2 loc key)",Metron,new key
dynn_fae_7748,"common/dynasties name (literal, no CK2 loc key)",Ac'aa,new key
dynn_fae_7749,"common/dynasties name (literal, no CK2 loc key)",Jalid,new key
dynn_fae_775,"common/dynasties name (literal, no CK2 loc key)",Nadi,new key
dynn_fae_7750,"common/dynasties name (literal, no CK2 loc key)",Akull,new key
dynn_fae_7751,"common/dynasties name (literal, no CK2 loc key)",Giazz,new key
dynn_fae_7752,"common/dynasties name (literal, no CK2 loc key)",C'er,new key
dynn_fae_7753,"common/dynasties name (literal, no CK2 loc key)",Bouz,new key
dynn_fae_7754,"common/dynasties name (literal, no CK2 loc key)",Skorn,new key
dynn_fae_7755,"common/dynasties name (literal, no CK2 loc key)",Gllache,new key
dynn_fae_7756,"common/dynasties name (literal, no CK2 loc key)",Eigh,new key
dynn_fae_7757,"common/dynasties name (literal, no CK2 loc key)",Hau,new key
dynn_fae_7758,"common/dynasties name (literal, no CK2 loc key)",Yax,new key
dynn_fae_7759,"common/dynasties name (literal, no CK2 loc key)",Ledas,new key
dynn_fae_776,"common/dynasties name (literal, no CK2 loc key)",o' Bones,new key
dynn_fae_7760,"common/dynasties name (literal, no CK2 loc key)",Mik',new key
dynn_fae_7761,"common/dynasties name (literal, no CK2 loc key)",Stroamphex,new key
dynn_fae_7762,"common/dynasties name (literal, no CK2 loc key)",Tanamiden,new key
dynn_fae_7763,"common/dynasties name (literal, no CK2 loc key)",Furazidioid,new key
dynn_fae_7764,"common/dynasties name (literal, no CK2 loc key)",Enberkradon,new key
dynn_fae_7765,"common/dynasties name (literal, no CK2 loc key)",Zytigelo,new key
dynn_fae_7766,"common/dynasties name (literal, no CK2 loc key)",Hypept,new key
dynn_fae_7767,"common/dynasties name (literal, no CK2 loc key)",Xarenium,new key
dynn_fae_7768,"common/dynasties name (literal, no CK2 loc key)",Boroquelxr,new key
dynn_fae_7769,"common/dynasties name (literal, no CK2 loc key)",Radoneek,new key
dynn_fae_777,"common/dynasties name (literal, no CK2 loc key)",Agwennor,new key
dynn_fae_7770,"common/dynasties name (literal, no CK2 loc key)",Namicarbef,new key
dynn_fae_7771,"common/dynasties name (literal, no CK2 loc key)",Mothonos,new key
dynn_fae_7772,"common/dynasties name (literal, no CK2 loc key)",Grammou,new key
dynn_fae_7773,"common/dynasties name (literal, no CK2 loc key)",Hyastra,new key
dynn_fae_7774,"common/dynasties name (literal, no CK2 loc key)",Clasagrong,new key
dynn_fae_7775,"common/dynasties name (literal, no CK2 loc key)",Alyaigo,new key
dynn_fae_7776,"common/dynasties name (literal, no CK2 loc key)",Skorpidius,new key
dynn_fae_7777,"common/dynasties name (literal, no CK2 loc key)",Agatzedes,new key
dynn_fae_7778,"common/dynasties name (literal, no CK2 loc key)",Xaphacterit,new key
dynn_fae_7779,"common/dynasties name (literal, no CK2 loc key)",Dhenex,new key
dynn_fae_778,"common/dynasties name (literal, no CK2 loc key)",Arachneie,new key
dynn_fae_7780,"common/dynasties name (literal, no CK2 loc key)",Mandhafera,new key
dynn_fae_7781,"common/dynasties name (literal, no CK2 loc key)",Badseed,new key
dynn_fae_7782,"common/dynasties name (literal, no CK2 loc key)",Unheilig,new key
dynn_fae_7783,"common/dynasties name (literal, no CK2 loc key)",Mooncalf,new key
dynn_fae_7784,"common/dynasties name (literal, no CK2 loc key)",Bitterwood,new key
dynn_fae_7785,"common/dynasties name (literal, no CK2 loc key)",Mandrake,new key
dynn_fae_7786,"common/dynasties name (literal, no CK2 loc key)",Nihtscada,new key
dynn_fae_7787,"common/dynasties name (literal, no CK2 loc key)",Dwale,new key
dynn_fae_7788,"common/dynasties name (literal, no CK2 loc key)",Henbane,new key
dynn_fae_7789,"common/dynasties name (literal, no CK2 loc key)",Oakgall,new key
dynn_fae_779,"common/dynasties name (literal, no CK2 loc key)",Tadem,new key
dynn_fae_7790,"common/dynasties name (literal, no CK2 loc key)",Heartrot,new key
dynn_fae_7791,"common/dynasties name (literal, no CK2 loc key)",Dawnwind,new key
dynn_fae_7792,"common/dynasties name (literal, no CK2 loc key)",Insyzor,new key
dynn_fae_7793,"common/dynasties name (literal, no CK2 loc key)",Tagarda,new key
dynn_fae_7794,"common/dynasties name (literal, no CK2 loc key)",Softwing,new key
dynn_fae_7795,"common/dynasties name (literal, no CK2 loc key)",Deathclaw,new key
dynn_fae_7796,"common/dynasties name (literal, no CK2 loc key)",Hardfist,new key
dynn_fae_7797,"common/dynasties name (literal, no CK2 loc key)",of Eveningstar,new key
dynn_fae_7798,"common/dynasties name (literal, no CK2 loc key)",Venominhandar,new key
dynn_fae_7799,"common/dynasties name (literal, no CK2 loc key)",Toxifer,new key
dynn_fae_78,"common/dynasties name (literal, no CK2 loc key)",Rusthelm,new key
dynn_fae_780,"common/dynasties name (literal, no CK2 loc key)",Wildheart,new key
dynn_fae_7800,"common/dynasties name (literal, no CK2 loc key)",Gapingmaw,new key
dynn_fae_7801,"common/dynasties name (literal, no CK2 loc key)",Pristoleph,new key
dynn_fae_7802,"common/dynasties name (literal, no CK2 loc key)",Ujath,new key
dynn_fae_7803,"common/dynasties name (literal, no CK2 loc key)",Orean,new key
dynn_fae_7804,"common/dynasties name (literal, no CK2 loc key)",Impai,new key
dynn_fae_7805,"common/dynasties name (literal, no CK2 loc key)",Tarnalar,new key
dynn_fae_7806,"common/dynasties name (literal, no CK2 loc key)",Cheldin,new key
dynn_fae_7807,"common/dynasties name (literal, no CK2 loc key)",Ychad,new key
dynn_fae_7808,"common/dynasties name (literal, no CK2 loc key)",Rashiid,new key
dynn_fae_7809,"common/dynasties name (literal, no CK2 loc key)",Tuvak,new key
dynn_fae_781,"common/dynasties name (literal, no CK2 loc key)",Abn'dak,new key
dynn_fae_7810,"common/dynasties name (literal, no CK2 loc key)",al-Iannu,new key
dynn_fae_7811,"common/dynasties name (literal, no CK2 loc key)",Hornhelm,new key
dynn_fae_7812,"common/dynasties name (literal, no CK2 loc key)",al-Ummah,new key
dynn_fae_7813,"common/dynasties name (literal, no CK2 loc key)",Virag,new key
dynn_fae_7814,"common/dynasties name (literal, no CK2 loc key)",Arsam,new key
dynn_fae_7815,"common/dynasties name (literal, no CK2 loc key)",Tralvus,new key
dynn_fae_7816,"common/dynasties name (literal, no CK2 loc key)",Eldron,new key
dynn_fae_7817,"common/dynasties name (literal, no CK2 loc key)",Leonpur,new key
dynn_fae_7818,"common/dynasties name (literal, no CK2 loc key)",Adaunt,new key
dynn_fae_7819,"common/dynasties name (literal, no CK2 loc key)",Onsypir,new key
dynn_fae_782,"common/dynasties name (literal, no CK2 loc key)",Daelvi,new key
dynn_fae_7820,"common/dynasties name (literal, no CK2 loc key)",Crownshimmer,new key
dynn_fae_7821,"common/dynasties name (literal, no CK2 loc key)",Tlarst,new key
dynn_fae_7822,"common/dynasties name (literal, no CK2 loc key)",Rauntlet,new key
dynn_fae_7823,"common/dynasties name (literal, no CK2 loc key)",Cheval,new key
dynn_fae_7824,"common/dynasties name (literal, no CK2 loc key)",Thulmaer,new key
dynn_fae_7825,"common/dynasties name (literal, no CK2 loc key)",Dharif,new key
dynn_fae_7826,"common/dynasties name (literal, no CK2 loc key)",Ibrahim,new key
dynn_fae_7827,"common/dynasties name (literal, no CK2 loc key)",Nasser,new key
dynn_fae_7828,"common/dynasties name (literal, no CK2 loc key)",Marel,new key
dynn_fae_7829,"common/dynasties name (literal, no CK2 loc key)",Feri,new key
dynn_fae_783,"common/dynasties name (literal, no CK2 loc key)",Roanwe,new key
dynn_fae_7830,"common/dynasties name (literal, no CK2 loc key)",Fatim,new key
dynn_fae_7831,"common/dynasties name (literal, no CK2 loc key)",Ulkar,new key
dynn_fae_7832,"common/dynasties name (literal, no CK2 loc key)",Hammado,new key
dynn_fae_7833,"common/dynasties name (literal, no CK2 loc key)",Karezhim,new key
dynn_fae_7834,"common/dynasties name (literal, no CK2 loc key)",Emrystarl,new key
dynn_fae_7835,"common/dynasties name (literal, no CK2 loc key)",Nadir,new key
dynn_fae_7836,"common/dynasties name (literal, no CK2 loc key)",Orglast,new key
dynn_fae_7837,"common/dynasties name (literal, no CK2 loc key)",Varmit,new key
dynn_fae_7838,"common/dynasties name (literal, no CK2 loc key)",Affal,new key
dynn_fae_7839,"common/dynasties name (literal, no CK2 loc key)",Marek,new key
dynn_fae_784,"common/dynasties name (literal, no CK2 loc key)",Brushbow,new key
dynn_fae_7840,"common/dynasties name (literal, no CK2 loc key)",of Sselempurrt,new key
dynn_fae_7841,"common/dynasties name (literal, no CK2 loc key)",Orecrag,new key
dynn_fae_7842,"common/dynasties name (literal, no CK2 loc key)",Ussan,new key
dynn_fae_7843,"common/dynasties name (literal, no CK2 loc key)",Calidan,new key
dynn_fae_7844,"common/dynasties name (literal, no CK2 loc key)",Mukshar,new key
dynn_fae_7845,"common/dynasties name (literal, no CK2 loc key)",Ilharlmiir,new key
dynn_fae_7846,"common/dynasties name (literal, no CK2 loc key)",Khalger,new key
dynn_fae_7847,"common/dynasties name (literal, no CK2 loc key)",Arkarkur,new key
dynn_fae_7848,"common/dynasties name (literal, no CK2 loc key)",of Schamedar,new key
dynn_fae_7849,"common/dynasties name (literal, no CK2 loc key)",Barleyback,new key
dynn_fae_785,"common/dynasties name (literal, no CK2 loc key)",Aurelin,new key
dynn_fae_7850,"common/dynasties name (literal, no CK2 loc key)",al-Muktar,new key
dynn_fae_7851,"common/dynasties name (literal, no CK2 loc key)",Arcanauh,new key
dynn_fae_7852,"common/dynasties name (literal, no CK2 loc key)",Llumen,new key
dynn_fae_7853,"common/dynasties name (literal, no CK2 loc key)",Slendyn,new key
dynn_fae_7854,"common/dynasties name (literal, no CK2 loc key)",Rildar,new key
dynn_fae_7855,"common/dynasties name (literal, no CK2 loc key)",Klelder,new key
dynn_fae_7856,"common/dynasties name (literal, no CK2 loc key)",Keppal,new key
dynn_fae_7857,"common/dynasties name (literal, no CK2 loc key)",Suldammar,new key
dynn_fae_7858,"common/dynasties name (literal, no CK2 loc key)",Haik,new key
dynn_fae_7859,"common/dynasties name (literal, no CK2 loc key)",Haldar,new key
dynn_fae_786,"common/dynasties name (literal, no CK2 loc key)",Naban,new key
dynn_fae_7860,"common/dynasties name (literal, no CK2 loc key)",Kazim,new key
dynn_fae_7861,"common/dynasties name (literal, no CK2 loc key)",Amcorth,new key
dynn_fae_7862,"common/dynasties name (literal, no CK2 loc key)",Meldrist,new key
dynn_fae_7863,"common/dynasties name (literal, no CK2 loc key)",Carreni,new key
dynn_fae_7864,"common/dynasties name (literal, no CK2 loc key)",Pelima,new key
dynn_fae_7865,"common/dynasties name (literal, no CK2 loc key)",Bitterheart,new key
dynn_fae_7866,"common/dynasties name (literal, no CK2 loc key)",Velen,new key
dynn_fae_7867,"common/dynasties name (literal, no CK2 loc key)",Surmarsh,new key
dynn_fae_7868,"common/dynasties name (literal, no CK2 loc key)",Rymüt,new key
dynn_fae_7869,"common/dynasties name (literal, no CK2 loc key)",Innarlith,new key
dynn_fae_787,"common/dynasties name (literal, no CK2 loc key)",Calelim,new key
dynn_fae_7870,"common/dynasties name (literal, no CK2 loc key)",Bronneth,new key
dynn_fae_7871,"common/dynasties name (literal, no CK2 loc key)",Osorkon,new key
dynn_fae_7872,"common/dynasties name (literal, no CK2 loc key)",Inthelph,new key
dynn_fae_7873,"common/dynasties name (literal, no CK2 loc key)",Gahalen,new key
dynn_fae_7874,"common/dynasties name (literal, no CK2 loc key)",Salatis,new key
dynn_fae_7875,"common/dynasties name (literal, no CK2 loc key)",Korvan,new key
dynn_fae_7876,"common/dynasties name (literal, no CK2 loc key)",Devorast,new key
dynn_fae_7877,"common/dynasties name (literal, no CK2 loc key)",Ran,new key
dynn_fae_7878,"common/dynasties name (literal, no CK2 loc key)",Chuth,new key
dynn_fae_7879,"common/dynasties name (literal, no CK2 loc key)",Hsuang,new key
dynn_fae_788,"common/dynasties name (literal, no CK2 loc key)",Ossarin,new key
dynn_fae_7880,"common/dynasties name (literal, no CK2 loc key)",Ting,new key
dynn_fae_7881,"common/dynasties name (literal, no CK2 loc key)",Kwan,new key
dynn_fae_7882,"common/dynasties name (literal, no CK2 loc key)",Xorvintroth,new key
dynn_fae_7883,"common/dynasties name (literal, no CK2 loc key)",Eschaz,new key
dynn_fae_7884,"common/dynasties name (literal, no CK2 loc key)",Aphrunn,new key
dynn_fae_7885,"common/dynasties name (literal, no CK2 loc key)",Rex,new key
dynn_fae_7886,"common/dynasties name (literal, no CK2 loc key)",Maldrithor,new key
dynn_fae_7887,"common/dynasties name (literal, no CK2 loc key)",Arctigis,new key
dynn_fae_7888,"common/dynasties name (literal, no CK2 loc key)",Urshula,new key
dynn_fae_7889,"common/dynasties name (literal, no CK2 loc key)",Protanther,new key
dynn_fae_789,"common/dynasties name (literal, no CK2 loc key)",Sinalim,new key
dynn_fae_7890,"common/dynasties name (literal, no CK2 loc key)",Lareth,new key
dynn_fae_7891,"common/dynasties name (literal, no CK2 loc key)",Tamarand,new key
dynn_fae_7892,"common/dynasties name (literal, no CK2 loc key)",of Alkar,new key
dynn_fae_7893,"common/dynasties name (literal, no CK2 loc key)",Kallo,new key
dynn_fae_7894,"common/dynasties name (literal, no CK2 loc key)",Kinbrace,new key
dynn_fae_7895,"common/dynasties name (literal, no CK2 loc key)",Yatnasteen,new key
dynn_fae_7896,"common/dynasties name (literal, no CK2 loc key)",Bergrisi,new key
dynn_fae_7897,"common/dynasties name (literal, no CK2 loc key)",Hrimthurs,new key
dynn_fae_7898,"common/dynasties name (literal, no CK2 loc key)",Icebond,new key
dynn_fae_7899,"common/dynasties name (literal, no CK2 loc key)",Blackfire,new key
dynn_fae_79,"common/dynasties name (literal, no CK2 loc key)",Bloodsea,new key
dynn_fae_790,"common/dynasties name (literal, no CK2 loc key)",of the Wastes,new key
dynn_fae_7900,"common/dynasties name (literal, no CK2 loc key)",Larendrammagar,new key
dynn_fae_7901,"common/dynasties name (literal, no CK2 loc key)",Shoon,new key
dynn_fae_7902,"common/dynasties name (literal, no CK2 loc key)",Calkontor,new key
dynn_fae_7903,"common/dynasties name (literal, no CK2 loc key)",Chembryl,new key
dynn_fae_7904,"common/dynasties name (literal, no CK2 loc key)",Ogon,new key
dynn_fae_7905,"common/dynasties name (literal, no CK2 loc key)",Ithym,new key
dynn_fae_7906,"common/dynasties name (literal, no CK2 loc key)",Darkhope,new key
dynn_fae_7907,"common/dynasties name (literal, no CK2 loc key)",Seashade,new key
dynn_fae_7908,"common/dynasties name (literal, no CK2 loc key)",Mtair Dhafir,new key
dynn_fae_7909,"common/dynasties name (literal, no CK2 loc key)",Alaii,new key
dynn_fae_791,"common/dynasties name (literal, no CK2 loc key)",Shiftrock,new key
dynn_fae_7910,"common/dynasties name (literal, no CK2 loc key)",Qahtan,new key
dynn_fae_7911,"common/dynasties name (literal, no CK2 loc key)",Kellordrai,new key
dynn_fae_7912,"common/dynasties name (literal, no CK2 loc key)",Clelarra,new key
dynn_fae_7913,"common/dynasties name (literal, no CK2 loc key)",Raz'hadi,new key
dynn_fae_7914,"common/dynasties name (literal, no CK2 loc key)",Bai Kabor,new key
dynn_fae_7915,"common/dynasties name (literal, no CK2 loc key)",Snowblood,new key
dynn_fae_7916,"common/dynasties name (literal, no CK2 loc key)",of Voonlar,new key
dynn_fae_7917,"common/dynasties name (literal, no CK2 loc key)",Thimm,new key
dynn_fae_7918,"common/dynasties name (literal, no CK2 loc key)",Hlontan,new key
dynn_fae_7919,"common/dynasties name (literal, no CK2 loc key)",Anauran,new key
dynn_fae_792,"common/dynasties name (literal, no CK2 loc key)",Sandgut,new key
dynn_fae_7920,"common/dynasties name (literal, no CK2 loc key)",Darkgray,new key
dynn_fae_7921,"common/dynasties name (literal, no CK2 loc key)",Cadorna,new key
dynn_fae_7922,"common/dynasties name (literal, no CK2 loc key)",Desanea,new key
dynn_fae_7923,"common/dynasties name (literal, no CK2 loc key)",Redfletching,new key
dynn_fae_7924,"common/dynasties name (literal, no CK2 loc key)",Daoran,new key
dynn_fae_7925,"common/dynasties name (literal, no CK2 loc key)",Mirrormane,new key
dynn_fae_7926,"common/dynasties name (literal, no CK2 loc key)",Gearas,new key
dynn_fae_7928,"common/dynasties name (literal, no CK2 loc key)",Wingstarl,new key
dynn_fae_7929,"common/dynasties name (literal, no CK2 loc key)",Drowsbane,new key
dynn_fae_793,"common/dynasties name (literal, no CK2 loc key)",Ek'kon,new key
dynn_fae_7930,"common/dynasties name (literal, no CK2 loc key)",Zennir,new key
dynn_fae_7931,"common/dynasties name (literal, no CK2 loc key)",Hulmaster,new key
dynn_fae_7932,"common/dynasties name (literal, no CK2 loc key)",Mizzrym,new key
dynn_fae_7933,"common/dynasties name (literal, no CK2 loc key)",Swifthands,new key
dynn_fae_7934,"common/dynasties name (literal, no CK2 loc key)",Khodolis,new key
dynn_fae_7935,"common/dynasties name (literal, no CK2 loc key)",Birneir,new key
dynn_fae_7936,"common/dynasties name (literal, no CK2 loc key)",Mamarrathen,new key
dynn_fae_7937,"common/dynasties name (literal, no CK2 loc key)",Casplardann,new key
dynn_fae_7938,"common/dynasties name (literal, no CK2 loc key)",Blackturret,new key
dynn_fae_7939,"common/dynasties name (literal, no CK2 loc key)",Tuldoum,new key
dynn_fae_794,"common/dynasties name (literal, no CK2 loc key)",Sadig,new key
dynn_fae_7940,"common/dynasties name (literal, no CK2 loc key)",Shadowewater,new key
dynn_fae_7941,"common/dynasties name (literal, no CK2 loc key)",Aumratha,new key
dynn_fae_7942,"common/dynasties name (literal, no CK2 loc key)",Kreel,new key
dynn_fae_7943,"common/dynasties name (literal, no CK2 loc key)",Nurian,new key
dynn_fae_7944,"common/dynasties name (literal, no CK2 loc key)",Preen,new key
dynn_fae_7945,"common/dynasties name (literal, no CK2 loc key)",Jensun,new key
dynn_fae_7946,"common/dynasties name (literal, no CK2 loc key)",Valjevo,new key
dynn_fae_7947,"common/dynasties name (literal, no CK2 loc key)",Kriz,new key
dynn_fae_7948,"common/dynasties name (literal, no CK2 loc key)",Wroast,new key
dynn_fae_7949,"common/dynasties name (literal, no CK2 loc key)",Greencloak,new key
dynn_fae_795,"common/dynasties name (literal, no CK2 loc key)",Klauh,new key
dynn_fae_7950,"common/dynasties name (literal, no CK2 loc key)",Baneservant,new key
dynn_fae_7951,"common/dynasties name (literal, no CK2 loc key)",Guljaan,new key
dynn_fae_7952,"common/dynasties name (literal, no CK2 loc key)",Milinal,new key
dynn_fae_7953,"common/dynasties name (literal, no CK2 loc key)",Grendel,new key
dynn_fae_7954,"common/dynasties name (literal, no CK2 loc key)",Golthammer,new key
dynn_fae_7955,"common/dynasties name (literal, no CK2 loc key)",Ultor,new key
dynn_fae_7956,"common/dynasties name (literal, no CK2 loc key)",Nordan,new key
dynn_fae_7957,"common/dynasties name (literal, no CK2 loc key)",Bremvo,new key
dynn_fae_7958,"common/dynasties name (literal, no CK2 loc key)",Mendara,new key
dynn_fae_7959,"common/dynasties name (literal, no CK2 loc key)",Beskan,new key
dynn_fae_796,"common/dynasties name (literal, no CK2 loc key)",Raentai,new key
dynn_fae_7960,"common/dynasties name (literal, no CK2 loc key)",Ryster,new key
dynn_fae_7961,"common/dynasties name (literal, no CK2 loc key)",Crindal,new key
dynn_fae_7962,"common/dynasties name (literal, no CK2 loc key)",Faendar,new key
dynn_fae_7963,"common/dynasties name (literal, no CK2 loc key)",Vaergol,new key
dynn_fae_7964,"common/dynasties name (literal, no CK2 loc key)",Duskcloak,new key
dynn_fae_7965,"common/dynasties name (literal, no CK2 loc key)",Noemfor,new key
dynn_fae_7966,"common/dynasties name (literal, no CK2 loc key)",Nemsor,new key
dynn_fae_7967,"common/dynasties name (literal, no CK2 loc key)",Freebane,new key
dynn_fae_7968,"common/dynasties name (literal, no CK2 loc key)",Al-Rashid,new key
dynn_fae_7969,"common/dynasties name (literal, no CK2 loc key)",Dalestalker,new key
dynn_fae_797,"common/dynasties name (literal, no CK2 loc key)",Warpscale,new key
dynn_fae_7970,"common/dynasties name (literal, no CK2 loc key)",Battlegrowl,new key
dynn_fae_7971,"common/dynasties name (literal, no CK2 loc key)",Ralauthoarindulglaw,new key
dynn_fae_7972,"common/dynasties name (literal, no CK2 loc key)",ar-Rabi,new key
dynn_fae_7973,"common/dynasties name (literal, no CK2 loc key)",Chanar,new key
dynn_fae_7974,"common/dynasties name (literal, no CK2 loc key)",Leiopelma,new key
dynn_fae_7975,"common/dynasties name (literal, no CK2 loc key)",Ascaphid,new key
dynn_fae_7976,"common/dynasties name (literal, no CK2 loc key)",Bombinator,new key
dynn_fae_7977,"common/dynasties name (literal, no CK2 loc key)",Alytid,new key
dynn_fae_7978,"common/dynasties name (literal, no CK2 loc key)",Discogloss,new key
dynn_fae_7979,"common/dynasties name (literal, no CK2 loc key)",Pipid,new key
dynn_fae_798,"common/dynasties name (literal, no CK2 loc key)",Nolan,new key
dynn_fae_7980,"common/dynasties name (literal, no CK2 loc key)",Rhinophryne,new key
dynn_fae_7981,"common/dynasties name (literal, no CK2 loc key)",Anomocoel,new key
dynn_fae_7982,"common/dynasties name (literal, no CK2 loc key)",Pelodytid,new key
dynn_fae_7983,"common/dynasties name (literal, no CK2 loc key)",Pelobatid,new key
dynn_fae_7984,"common/dynasties name (literal, no CK2 loc key)",Megophryid,new key
dynn_fae_7985,"common/dynasties name (literal, no CK2 loc key)",Heleophrynid,new key
dynn_fae_7986,"common/dynasties name (literal, no CK2 loc key)",Terrarana,new key
dynn_fae_7987,"common/dynasties name (literal, no CK2 loc key)",Craugastorid,new key
dynn_fae_7988,"common/dynasties name (literal, no CK2 loc key)",Hemiphract,new key
dynn_fae_7989,"common/dynasties name (literal, no CK2 loc key)",Hylid,new key
dynn_fae_799,"common/dynasties name (literal, no CK2 loc key)",Sontoin,new key
dynn_fae_7990,"common/dynasties name (literal, no CK2 loc key)",Bufonid,new key
dynn_fae_7991,"common/dynasties name (literal, no CK2 loc key)",Amorobatid,new key
dynn_fae_7992,"common/dynasties name (literal, no CK2 loc key)",Dendrobatid,new key
dynn_fae_7993,"common/dynasties name (literal, no CK2 loc key)",Centrolenid,new key
dynn_fae_7994,"common/dynasties name (literal, no CK2 loc key)",Alsodid,new key
dynn_fae_7995,"common/dynasties name (literal, no CK2 loc key)",Hylodid,new key
dynn_fae_7996,"common/dynasties name (literal, no CK2 loc key)",Ranoid,new key
dynn_fae_7997,"common/dynasties name (literal, no CK2 loc key)",Micrixalid,new key
dynn_fae_7998,"common/dynasties name (literal, no CK2 loc key)",Mantellid,new key
dynn_fae_7999,"common/dynasties name (literal, no CK2 loc key)",Conraua,new key
dynn_fae_8,"common/dynasties name (literal, no CK2 loc key)",Lightninguard,new key
dynn_fae_80,"common/dynasties name (literal, no CK2 loc key)",Bleakcoast,new key
dynn_fae_800,"common/dynasties name (literal, no CK2 loc key)",Zooc,new key
dynn_fae_8000,"common/dynasties name (literal, no CK2 loc key)",Amolops,new key
dynn_fae_8001,"common/dynasties name (literal, no CK2 loc key)",Mindosel,new key
dynn_fae_8002,"common/dynasties name (literal, no CK2 loc key)",Demaz,new key
dynn_fae_8003,"common/dynasties name (literal, no CK2 loc key)",Olósynne,new key
dynn_fae_8004,"common/dynasties name (literal, no CK2 loc key)",Aengrilor,new key
dynn_fae_8005,"common/dynasties name (literal, no CK2 loc key)",Dulsaer,new key
dynn_fae_8006,"common/dynasties name (literal, no CK2 loc key)",Gelebraes,new key
dynn_fae_8007,"common/dynasties name (literal, no CK2 loc key)",Jacerryl,new key
dynn_fae_8008,"common/dynasties name (literal, no CK2 loc key)",Telstaerr,new key
dynn_fae_8009,"common/dynasties name (literal, no CK2 loc key)",Uthelienn,new key
dynn_fae_801,"common/dynasties name (literal, no CK2 loc key)",Gilzoun,new key
dynn_fae_8010,"common/dynasties name (literal, no CK2 loc key)",Forester,new key
dynn_fae_8011,"common/dynasties name (literal, no CK2 loc key)",Silver,new key
dynn_fae_8012,"common/dynasties name (literal, no CK2 loc key)",of Milvarune,new key
dynn_fae_8013,"common/dynasties name (literal, no CK2 loc key)",Demelin,new key
dynn_fae_8014,"common/dynasties name (literal, no CK2 loc key)",Parsuns,new key
dynn_fae_8015,"common/dynasties name (literal, no CK2 loc key)",Karlesad,new key
dynn_fae_8016,"common/dynasties name (literal, no CK2 loc key)",Beskel,new key
dynn_fae_8017,"common/dynasties name (literal, no CK2 loc key)",Darkeye,new key
dynn_fae_8018,"common/dynasties name (literal, no CK2 loc key)",Albin,new key
dynn_fae_8019,"common/dynasties name (literal, no CK2 loc key)",Ordo,new key
dynn_fae_802,"common/dynasties name (literal, no CK2 loc key)",Erakk,new key
dynn_fae_8020,"common/dynasties name (literal, no CK2 loc key)",Greatshield,new key
dynn_fae_8021,"common/dynasties name (literal, no CK2 loc key)",Madrell,new key
dynn_fae_8022,"common/dynasties name (literal, no CK2 loc key)",Oakheart,new key
dynn_fae_8023,"common/dynasties name (literal, no CK2 loc key)",Sylerin,new key
dynn_fae_8024,"common/dynasties name (literal, no CK2 loc key)",Ninton,new key
dynn_fae_8025,"common/dynasties name (literal, no CK2 loc key)",Rington,new key
dynn_fae_8026,"common/dynasties name (literal, no CK2 loc key)",Hamastyl,new key
dynn_fae_8027,"common/dynasties name (literal, no CK2 loc key)",Seawind,new key
dynn_fae_8028,"common/dynasties name (literal, no CK2 loc key)",Halvasyn,new key
dynn_fae_8029,"common/dynasties name (literal, no CK2 loc key)",Benstyl,new key
dynn_fae_803,"common/dynasties name (literal, no CK2 loc key)",Urlain,new key
dynn_fae_8030,"common/dynasties name (literal, no CK2 loc key)",Regenschein,new key
dynn_fae_8031,"common/dynasties name (literal, no CK2 loc key)",Bushyansta,new key
dynn_fae_8032,"common/dynasties name (literal, no CK2 loc key)",of Laothkund,new key
dynn_fae_8033,"common/dynasties name (literal, no CK2 loc key)",Darkspark,new key
dynn_fae_8034,"common/dynasties name (literal, no CK2 loc key)",Huth,new key
dynn_fae_8035,"common/dynasties name (literal, no CK2 loc key)",Draeklar,new key
dynn_fae_8036,"common/dynasties name (literal, no CK2 loc key)",Dree,new key
dynn_fae_8037,"common/dynasties name (literal, no CK2 loc key)",Montryth,new key
dynn_fae_8038,"common/dynasties name (literal, no CK2 loc key)",Urmhreld,new key
dynn_fae_8039,"common/dynasties name (literal, no CK2 loc key)",Blacksaddle,new key
dynn_fae_804,"common/dynasties name (literal, no CK2 loc key)",Mafd,new key
dynn_fae_8040,"common/dynasties name (literal, no CK2 loc key)",Tantar,new key
dynn_fae_8041,"common/dynasties name (literal, no CK2 loc key)",Blackalblade,new key
dynn_fae_8042,"common/dynasties name (literal, no CK2 loc key)",Rundaleer,new key
dynn_fae_8043,"common/dynasties name (literal, no CK2 loc key)",Naraxalan,new key
dynn_fae_8044,"common/dynasties name (literal, no CK2 loc key)",Orlisk,new key
dynn_fae_8045,"common/dynasties name (literal, no CK2 loc key)",Bryntyn,new key
dynn_fae_8046,"common/dynasties name (literal, no CK2 loc key)",Ravalaster,new key
dynn_fae_8047,"common/dynasties name (literal, no CK2 loc key)",Blackhawk,new key
dynn_fae_8048,"common/dynasties name (literal, no CK2 loc key)",Hilathan,new key
dynn_fae_8049,"common/dynasties name (literal, no CK2 loc key)",Ornth,new key
dynn_fae_805,"common/dynasties name (literal, no CK2 loc key)",Tazin,new key
dynn_fae_8050,"common/dynasties name (literal, no CK2 loc key)",Hathlock,new key
dynn_fae_8051,"common/dynasties name (literal, no CK2 loc key)",Ploorst,new key
dynn_fae_8052,"common/dynasties name (literal, no CK2 loc key)",Illowhand,new key
dynn_fae_8053,"common/dynasties name (literal, no CK2 loc key)",Tathchat,new key
dynn_fae_8054,"common/dynasties name (literal, no CK2 loc key)",Fendelmer,new key
dynn_fae_8055,"common/dynasties name (literal, no CK2 loc key)",Tarntree,new key
dynn_fae_8056,"common/dynasties name (literal, no CK2 loc key)",Hambreth,new key
dynn_fae_8057,"common/dynasties name (literal, no CK2 loc key)",Haernhand,new key
dynn_fae_8058,"common/dynasties name (literal, no CK2 loc key)",Tarthsemmer,new key
dynn_fae_8059,"common/dynasties name (literal, no CK2 loc key)",Harreth,new key
dynn_fae_806,"common/dynasties name (literal, no CK2 loc key)",Gizoog,new key
dynn_fae_8060,"common/dynasties name (literal, no CK2 loc key)",Varlwyvern,new key
dynn_fae_8061,"common/dynasties name (literal, no CK2 loc key)",Pinchbeck,new key
dynn_fae_8062,"common/dynasties name (literal, no CK2 loc key)",Fustin,new key
dynn_fae_8063,"common/dynasties name (literal, no CK2 loc key)",Dunselbow,new key
dynn_fae_8064,"common/dynasties name (literal, no CK2 loc key)",Blackmeir,new key
dynn_fae_8065,"common/dynasties name (literal, no CK2 loc key)",Sharyn,new key
dynn_fae_8066,"common/dynasties name (literal, no CK2 loc key)",Slendyn,new key
dynn_fae_8067,"common/dynasties name (literal, no CK2 loc key)",Rildar,new key
dynn_fae_8068,"common/dynasties name (literal, no CK2 loc key)",Tornreth,new key
dynn_fae_8069,"common/dynasties name (literal, no CK2 loc key)",Hurthurimm,new key
dynn_fae_807,"common/dynasties name (literal, no CK2 loc key)",t'Dag,new key
dynn_fae_8070,"common/dynasties name (literal, no CK2 loc key)",Hallowhand,new key
dynn_fae_8071,"common/dynasties name (literal, no CK2 loc key)",Hethkantan,new key
dynn_fae_8072,"common/dynasties name (literal, no CK2 loc key)",Clargannuth,new key
dynn_fae_8073,"common/dynasties name (literal, no CK2 loc key)",Garrandar,new key
dynn_fae_8074,"common/dynasties name (literal, no CK2 loc key)",Imrilsar,new key
dynn_fae_8075,"common/dynasties name (literal, no CK2 loc key)",Keldorn,new key
dynn_fae_8076,"common/dynasties name (literal, no CK2 loc key)",Morlith,new key
dynn_fae_8077,"common/dynasties name (literal, no CK2 loc key)",Vestel,new key
dynn_fae_8078,"common/dynasties name (literal, no CK2 loc key)",Wahrandur,new key
dynn_fae_8079,"common/dynasties name (literal, no CK2 loc key)",Gulmaern,new key
dynn_fae_808,"common/dynasties name (literal, no CK2 loc key)",Bolio,new key
dynn_fae_8080,"common/dynasties name (literal, no CK2 loc key)",of Darkturret,new key
dynn_fae_8081,"common/dynasties name (literal, no CK2 loc key)",of Gontal,new key
dynn_fae_8082,"common/dynasties name (literal, no CK2 loc key)",of Haelond,new key
dynn_fae_8083,"common/dynasties name (literal, no CK2 loc key)",of Rimlost,new key
dynn_fae_8084,"common/dynasties name (literal, no CK2 loc key)",of Szant,new key
dynn_fae_8085,"common/dynasties name (literal, no CK2 loc key)",of Velandilmur,new key
dynn_fae_8086,"common/dynasties name (literal, no CK2 loc key)",Gostur,new key
dynn_fae_8087,"common/dynasties name (literal, no CK2 loc key)",Tyngron,new key
dynn_fae_8088,"common/dynasties name (literal, no CK2 loc key)",Lorastur,new key
dynn_fae_8089,"common/dynasties name (literal, no CK2 loc key)",Rantyne,new key
dynn_fae_809,"common/dynasties name (literal, no CK2 loc key)",Tesanos,new key
dynn_fae_8090,"common/dynasties name (literal, no CK2 loc key)",of Dusklan,new key
dynn_fae_8091,"common/dynasties name (literal, no CK2 loc key)",of Lylorn,new key
dynn_fae_8092,"common/dynasties name (literal, no CK2 loc key)",of Marrauk,new key
dynn_fae_8093,"common/dynasties name (literal, no CK2 loc key)",of Mreyelundar,new key
dynn_fae_8094,"common/dynasties name (literal, no CK2 loc key)",of Tarsith,new key
dynn_fae_8095,"common/dynasties name (literal, no CK2 loc key)",Esmur,new key
dynn_fae_8096,"common/dynasties name (literal, no CK2 loc key)",of Dusk,new key
dynn_fae_8097,"common/dynasties name (literal, no CK2 loc key)",Oraundil,new key
dynn_fae_8098,"common/dynasties name (literal, no CK2 loc key)",Dragonsea,new key
dynn_fae_8099,"common/dynasties name (literal, no CK2 loc key)",Fangbay,new key
dynn_fae_81,"common/dynasties name (literal, no CK2 loc key)",Stormrider,new key
dynn_fae_810,"common/dynasties name (literal, no CK2 loc key)",Kinoi,new key
dynn_fae_8100,"common/dynasties name (literal, no CK2 loc key)",Vaig,new key
dynn_fae_8101,"common/dynasties name (literal, no CK2 loc key)",Sheirtalari,new key
dynn_fae_8102,"common/dynasties name (literal, no CK2 loc key)",Alanasker,new key
dynn_fae_8103,"common/dynasties name (literal, no CK2 loc key)",Redbeard,new key
dynn_fae_8104,"common/dynasties name (literal, no CK2 loc key)",yi Tashluta,new key
dynn_fae_8105,"common/dynasties name (literal, no CK2 loc key)",Damarthe,new key
dynn_fae_8106,"common/dynasties name (literal, no CK2 loc key)",Ghomposo,new key
dynn_fae_8107,"common/dynasties name (literal, no CK2 loc key)",Ishivin,new key
dynn_fae_8108,"common/dynasties name (literal, no CK2 loc key)",Jalamba,new key
dynn_fae_8109,"common/dynasties name (literal, no CK2 loc key)",Konge,new key
dynn_fae_811,"common/dynasties name (literal, no CK2 loc key)",Scalebeak,new key
dynn_fae_8110,"common/dynasties name (literal, no CK2 loc key)",Maingwe,new key
dynn_fae_8111,"common/dynasties name (literal, no CK2 loc key)",Wasatho,new key
dynn_fae_8112,"common/dynasties name (literal, no CK2 loc key)",Halamtha,new key
dynn_fae_8113,"common/dynasties name (literal, no CK2 loc key)",Iokhokho,new key
dynn_fae_8114,"common/dynasties name (literal, no CK2 loc key)",Sathanhe,new key
dynn_fae_8115,"common/dynasties name (literal, no CK2 loc key)",Walalin,new key
dynn_fae_8116,"common/dynasties name (literal, no CK2 loc key)",Jarande,new key
dynn_fae_8117,"common/dynasties name (literal, no CK2 loc key)",Wayiwe,new key
dynn_fae_8118,"common/dynasties name (literal, no CK2 loc key)",Tharsuir,new key
dynn_fae_8119,"common/dynasties name (literal, no CK2 loc key)",al Ilmater,new key
dynn_fae_812,"common/dynasties name (literal, no CK2 loc key)",Relane,new key
dynn_fae_8120,"common/dynasties name (literal, no CK2 loc key)",o' the Axe,new key
dynn_fae_8121,"common/dynasties name (literal, no CK2 loc key)",Mremman,new key
dynn_fae_8122,"common/dynasties name (literal, no CK2 loc key)",Amziz,new key
dynn_fae_8123,"common/dynasties name (literal, no CK2 loc key)",Dorn,new key
dynn_fae_8124,"common/dynasties name (literal, no CK2 loc key)",Dosse,new key
dynn_fae_8125,"common/dynasties name (literal, no CK2 loc key)",Eldrake,new key
dynn_fae_8126,"common/dynasties name (literal, no CK2 loc key)",Erstros,new key
dynn_fae_8127,"common/dynasties name (literal, no CK2 loc key)",Glarrak,new key
dynn_fae_8128,"common/dynasties name (literal, no CK2 loc key)",Haerocloak,new key
dynn_fae_8129,"common/dynasties name (literal, no CK2 loc key)",Lansena,new key
dynn_fae_813,"common/dynasties name (literal, no CK2 loc key)",Timaline,new key
dynn_fae_8130,"common/dynasties name (literal, no CK2 loc key)",Lekkas,new key
dynn_fae_8131,"common/dynasties name (literal, no CK2 loc key)",Malynd,new key
dynn_fae_8132,"common/dynasties name (literal, no CK2 loc key)",Mecatoris,new key
dynn_fae_8133,"common/dynasties name (literal, no CK2 loc key)",Mhorauk,new key
dynn_fae_8134,"common/dynasties name (literal, no CK2 loc key)",Minuku,new key
dynn_fae_8135,"common/dynasties name (literal, no CK2 loc key)",Ondertos,new key
dynn_fae_8136,"common/dynasties name (literal, no CK2 loc key)",Petrou,new key
dynn_fae_8137,"common/dynasties name (literal, no CK2 loc key)",Rionthas,new key
dynn_fae_8138,"common/dynasties name (literal, no CK2 loc key)",Talask,new key
dynn_fae_8139,"common/dynasties name (literal, no CK2 loc key)",Vasco,new key
dynn_fae_814,"common/dynasties name (literal, no CK2 loc key)",Deepmaw,new key
dynn_fae_8140,"common/dynasties name (literal, no CK2 loc key)",Vel'Anova,new key
dynn_fae_8141,"common/dynasties name (literal, no CK2 loc key)",Venenellin,new key
dynn_fae_8142,"common/dynasties name (literal, no CK2 loc key)",Yeskrel,new key
dynn_fae_8143,"common/dynasties name (literal, no CK2 loc key)",Roaryl,new key
dynn_fae_8144,"common/dynasties name (literal, no CK2 loc key)",Wilddragon,new key
dynn_fae_8145,"common/dynasties name (literal, no CK2 loc key)",Harandal,new key
dynn_fae_8146,"common/dynasties name (literal, no CK2 loc key)",Haundle,new key
dynn_fae_8147,"common/dynasties name (literal, no CK2 loc key)",Kurrat,new key
dynn_fae_8148,"common/dynasties name (literal, no CK2 loc key)",Lornen,new key
dynn_fae_8149,"common/dynasties name (literal, no CK2 loc key)",Sardron,new key
dynn_fae_815,"common/dynasties name (literal, no CK2 loc key)",Bumaen,new key
dynn_fae_8150,"common/dynasties name (literal, no CK2 loc key)",Shorntooth,new key
dynn_fae_8151,"common/dynasties name (literal, no CK2 loc key)",Harimdor,new key
dynn_fae_8152,"common/dynasties name (literal, no CK2 loc key)",Marlserpent,new key
dynn_fae_8153,"common/dynasties name (literal, no CK2 loc key)",of Aldreth,new key
dynn_fae_8154,"common/dynasties name (literal, no CK2 loc key)",of Fanedown,new key
dynn_fae_8155,"common/dynasties name (literal, no CK2 loc key)",of Rorst,new key
dynn_fae_8156,"common/dynasties name (literal, no CK2 loc key)",Sthyr,new key
dynn_fae_8157,"common/dynasties name (literal, no CK2 loc key)",Thethess,new key
dynn_fae_8158,"common/dynasties name (literal, no CK2 loc key)",Zehethys,new key
dynn_fae_8159,"common/dynasties name (literal, no CK2 loc key)",Thezeth,new key
dynn_fae_816,"common/dynasties name (literal, no CK2 loc key)",Tunja,new key
dynn_fae_8160,"common/dynasties name (literal, no CK2 loc key)",Xythexs,new key
dynn_fae_8161,"common/dynasties name (literal, no CK2 loc key)",Athexess,new key
dynn_fae_8162,"common/dynasties name (literal, no CK2 loc key)",Asth,new key
dynn_fae_8163,"common/dynasties name (literal, no CK2 loc key)",Azhethe,new key
dynn_fae_8164,"common/dynasties name (literal, no CK2 loc key)",Thassessess,new key
dynn_fae_8165,"common/dynasties name (literal, no CK2 loc key)",Kathexi,new key
dynn_fae_8166,"common/dynasties name (literal, no CK2 loc key)",Thanul,new key
dynn_fae_8167,"common/dynasties name (literal, no CK2 loc key)",Ulzezh,new key
dynn_fae_8168,"common/dynasties name (literal, no CK2 loc key)",Sthulan,new key
dynn_fae_8169,"common/dynasties name (literal, no CK2 loc key)",Ushth,new key
dynn_fae_817,"common/dynasties name (literal, no CK2 loc key)",Merbreaker,new key
dynn_fae_8170,"common/dynasties name (literal, no CK2 loc key)",Zhekheth,new key
dynn_fae_8171,"common/dynasties name (literal, no CK2 loc key)",Gryurgedh,new key
dynn_fae_8172,"common/dynasties name (literal, no CK2 loc key)",Macnainana,new key
dynn_fae_8173,"common/dynasties name (literal, no CK2 loc key)",Labuzno,new key
dynn_fae_8174,"common/dynasties name (literal, no CK2 loc key)",Roirsk,new key
dynn_fae_8175,"common/dynasties name (literal, no CK2 loc key)",Afeablagais,new key
dynn_fae_8176,"common/dynasties name (literal, no CK2 loc key)",Viabaroung,new key
dynn_fae_8177,"common/dynasties name (literal, no CK2 loc key)",Koldandwich,new key
dynn_fae_8178,"common/dynasties name (literal, no CK2 loc key)",Prann,new key
dynn_fae_8179,"common/dynasties name (literal, no CK2 loc key)",Ukhinki,new key
dynn_fae_818,"common/dynasties name (literal, no CK2 loc key)",Gleamwave,new key
dynn_fae_8180,"common/dynasties name (literal, no CK2 loc key)",Cakhourasar,new key
dynn_fae_8181,"common/dynasties name (literal, no CK2 loc key)",Danwechyov,new key
dynn_fae_8182,"common/dynasties name (literal, no CK2 loc key)",Nacsaloya,new key
dynn_fae_8183,"common/dynasties name (literal, no CK2 loc key)",Frince,new key
dynn_fae_8184,"common/dynasties name (literal, no CK2 loc key)",Lovolgh,new key
dynn_fae_8185,"common/dynasties name (literal, no CK2 loc key)",Marisepdain,new key
dynn_fae_8186,"common/dynasties name (literal, no CK2 loc key)",Uxrayamates,new key
dynn_fae_8187,"common/dynasties name (literal, no CK2 loc key)",Chitsukumph,new key
dynn_fae_8188,"common/dynasties name (literal, no CK2 loc key)",Gotsubiell,new key
dynn_fae_8189,"common/dynasties name (literal, no CK2 loc key)",Miumineon,new key
dynn_fae_819,"common/dynasties name (literal, no CK2 loc key)",Southstorm,new key
dynn_fae_8190,"common/dynasties name (literal, no CK2 loc key)",Blebatsubar,new key
dynn_fae_8191,"common/dynasties name (literal, no CK2 loc key)",Cacloroge,new key
dynn_fae_8192,"common/dynasties name (literal, no CK2 loc key)",Sagatichi,new key
dynn_fae_8193,"common/dynasties name (literal, no CK2 loc key)",Dumitterp,new key
dynn_fae_8194,"common/dynasties name (literal, no CK2 loc key)",Chitatsuzz,new key
dynn_fae_8195,"common/dynasties name (literal, no CK2 loc key)",Akkawfel,new key
dynn_fae_8196,"common/dynasties name (literal, no CK2 loc key)",Kogawril,new key
dynn_fae_8197,"common/dynasties name (literal, no CK2 loc key)",Falibatunt,new key
dynn_fae_8198,"common/dynasties name (literal, no CK2 loc key)",Volilly,new key
dynn_fae_8199,"common/dynasties name (literal, no CK2 loc key)",Pombror,new key
dynn_fae_82,"common/dynasties name (literal, no CK2 loc key)",Doomclaw,new key
dynn_fae_820,"common/dynasties name (literal, no CK2 loc key)",Ugnog,new key
dynn_fae_8200,"common/dynasties name (literal, no CK2 loc key)",Mihasawamag,new key
dynn_fae_8201,"common/dynasties name (literal, no CK2 loc key)",Rethildi,new key
dynn_fae_8202,"common/dynasties name (literal, no CK2 loc key)",Kethidi,new key
dynn_fae_8203,"common/dynasties name (literal, no CK2 loc key)",Kalrani,new key
dynn_fae_8204,"common/dynasties name (literal, no CK2 loc key)",Chelimbri,new key
dynn_fae_8205,"common/dynasties name (literal, no CK2 loc key)",Chultengari,new key
dynn_fae_8206,"common/dynasties name (literal, no CK2 loc key)",Ravager,new key
dynn_fae_8207,"common/dynasties name (literal, no CK2 loc key)",Black Worm,new key
dynn_fae_8208,"common/dynasties name (literal, no CK2 loc key)",Blue Feather,new key
dynn_fae_8209,"common/dynasties name (literal, no CK2 loc key)",Crashing Thunder,new key
dynn_fae_821,"common/dynasties name (literal, no CK2 loc key)",Sirius,new key
dynn_fae_8210,"common/dynasties name (literal, no CK2 loc key)",Lizard's Tooth,new key
dynn_fae_8211,"common/dynasties name (literal, no CK2 loc key)",Sharphorn,new key
dynn_fae_8212,"common/dynasties name (literal, no CK2 loc key)",White Bone,new key
dynn_fae_8213,"common/dynasties name (literal, no CK2 loc key)",Cold Sun,new key
dynn_fae_8214,"common/dynasties name (literal, no CK2 loc key)",Bonecrest,new key
dynn_fae_8215,"common/dynasties name (literal, no CK2 loc key)",Razorwing,new key
dynn_fae_8216,"common/dynasties name (literal, no CK2 loc key)",Champion,new key
dynn_fae_8217,"common/dynasties name (literal, no CK2 loc key)",Luckpriest,new key
dynn_fae_8218,"common/dynasties name (literal, no CK2 loc key)",Earthclaw,new key
dynn_fae_8219,"common/dynasties name (literal, no CK2 loc key)",Wakefuleye,new key
dynn_fae_822,"common/dynasties name (literal, no CK2 loc key)",Shorereaver,new key
dynn_fae_8220,"common/dynasties name (literal, no CK2 loc key)",Greyspine,new key
dynn_fae_8221,"common/dynasties name (literal, no CK2 loc key)",Spinescale,new key
dynn_fae_8222,"common/dynasties name (literal, no CK2 loc key)",Highspine,new key
dynn_fae_8223,"common/dynasties name (literal, no CK2 loc key)",Dometop,new key
dynn_fae_8224,"common/dynasties name (literal, no CK2 loc key)",Airbone,new key
dynn_fae_8225,"common/dynasties name (literal, no CK2 loc key)",Whitecrest,new key
dynn_fae_8226,"common/dynasties name (literal, no CK2 loc key)",Wandershield,new key
dynn_fae_8227,"common/dynasties name (literal, no CK2 loc key)",Furrowtooth,new key
dynn_fae_8228,"common/dynasties name (literal, no CK2 loc key)",Highsnout,new key
dynn_fae_8229,"common/dynasties name (literal, no CK2 loc key)",Almondtooth,new key
dynn_fae_823,"common/dynasties name (literal, no CK2 loc key)",Bluerobe,new key
dynn_fae_8230,"common/dynasties name (literal, no CK2 loc key)",Eaglenose,new key
dynn_fae_8231,"common/dynasties name (literal, no CK2 loc key)",Twintooth,new key
dynn_fae_8232,"common/dynasties name (literal, no CK2 loc key)",Windfinger,new key
dynn_fae_8233,"common/dynasties name (literal, no CK2 loc key)",Frogjaw,new key
dynn_fae_8234,"common/dynasties name (literal, no CK2 loc key)",Northwing,new key
dynn_fae_8235,"common/dynasties name (literal, no CK2 loc key)",Skylord,new key
dynn_fae_8236,"common/dynasties name (literal, no CK2 loc key)",Caulkhead,new key
dynn_fae_8237,"common/dynasties name (literal, no CK2 loc key)",Hollowbranch,new key
dynn_fae_8238,"common/dynasties name (literal, no CK2 loc key)",Spearjaw,new key
dynn_fae_8239,"common/dynasties name (literal, no CK2 loc key)",Combjaw,new key
dynn_fae_824,"common/dynasties name (literal, no CK2 loc key)",Ossanya,new key
dynn_fae_8240,"common/dynasties name (literal, no CK2 loc key)",Treesnout,new key
dynn_fae_8241,"common/dynasties name (literal, no CK2 loc key)",Kitefinger,new key
dynn_fae_8242,"common/dynasties name (literal, no CK2 loc key)",Lancebiter,new key
dynn_fae_8243,"common/dynasties name (literal, no CK2 loc key)",Birdmouth,new key
dynn_fae_8244,"common/dynasties name (literal, no CK2 loc key)",Archhead,new key
dynn_fae_8245,"common/dynasties name (literal, no CK2 loc key)",Southwind,new key
dynn_fae_8246,"common/dynasties name (literal, no CK2 loc key)",Smallhorn,new key
dynn_fae_8247,"common/dynasties name (literal, no CK2 loc key)",Bigleg,new key
dynn_fae_8248,"common/dynasties name (literal, no CK2 loc key)",Heavyclaw,new key
dynn_fae_8249,"common/dynasties name (literal, no CK2 loc key)",Hearttooth,new key
dynn_fae_825,"common/dynasties name (literal, no CK2 loc key)",Teron,new key
dynn_fae_8250,"common/dynasties name (literal, no CK2 loc key)",Cedarbuckler,new key
dynn_fae_8251,"common/dynasties name (literal, no CK2 loc key)",Garlokantha,new key
dynn_fae_8252,"common/dynasties name (literal, no CK2 loc key)",Thorord,new key
dynn_fae_8253,"common/dynasties name (literal, no CK2 loc key)",Roldilar,new key
dynn_fae_8254,"common/dynasties name (literal, no CK2 loc key)",Runedar,new key
dynn_fae_8255,"common/dynasties name (literal, no CK2 loc key)",Karon,new key
dynn_fae_8256,"common/dynasties name (literal, no CK2 loc key)",Glitterblade,new key
dynn_fae_8257,"common/dynasties name (literal, no CK2 loc key)",Oldaxe,new key
dynn_fae_8258,"common/dynasties name (literal, no CK2 loc key)",Steelhelm,new key
dynn_fae_8259,"common/dynasties name (literal, no CK2 loc key)",Forgefellow,new key
dynn_fae_826,"common/dynasties name (literal, no CK2 loc key)",Wetdusk,new key
dynn_fae_8260,"common/dynasties name (literal, no CK2 loc key)",Stoutguard,new key
dynn_fae_8261,"common/dynasties name (literal, no CK2 loc key)",Hardhand,new key
dynn_fae_8262,"common/dynasties name (literal, no CK2 loc key)",Anvilheart,new key
dynn_fae_8263,"common/dynasties name (literal, no CK2 loc key)",Elderfist,new key
dynn_fae_8264,"common/dynasties name (literal, no CK2 loc key)",Deepvein,new key
dynn_fae_8265,"common/dynasties name (literal, no CK2 loc key)",Stonecutter,new key
dynn_fae_8266,"common/dynasties name (literal, no CK2 loc key)",Chistlesmith,new key
dynn_fae_8267,"common/dynasties name (literal, no CK2 loc key)",Spearsinger,new key
dynn_fae_8268,"common/dynasties name (literal, no CK2 loc key)",Purefist,new key
dynn_fae_8269,"common/dynasties name (literal, no CK2 loc key)",Harhand,new key
dynn_fae_827,"common/dynasties name (literal, no CK2 loc key)",Vengefang,new key
dynn_fae_8270,"common/dynasties name (literal, no CK2 loc key)",Morkyn,new key
dynn_fae_8271,"common/dynasties name (literal, no CK2 loc key)",Stonehearth,new key
dynn_fae_8272,"common/dynasties name (literal, no CK2 loc key)",Tanghammer,new key
dynn_fae_8273,"common/dynasties name (literal, no CK2 loc key)",Varnon,new key
dynn_fae_8274,"common/dynasties name (literal, no CK2 loc key)",Granitepick,new key
dynn_fae_8275,"common/dynasties name (literal, no CK2 loc key)",Foebane,new key
dynn_fae_8276,"common/dynasties name (literal, no CK2 loc key)",Zerno,new key
dynn_fae_8277,"common/dynasties name (literal, no CK2 loc key)",Dulvarn,new key
dynn_fae_8278,"common/dynasties name (literal, no CK2 loc key)",Halhagor,new key
dynn_fae_8279,"common/dynasties name (literal, no CK2 loc key)",Drendon,new key
dynn_fae_828,"common/dynasties name (literal, no CK2 loc key)",Farun,new key
dynn_fae_8280,"common/dynasties name (literal, no CK2 loc key)",Grayhammer,new key
dynn_fae_8281,"common/dynasties name (literal, no CK2 loc key)",Marble,new key
dynn_fae_8282,"common/dynasties name (literal, no CK2 loc key)",Gold,new key
dynn_fae_8283,"common/dynasties name (literal, no CK2 loc key)",Ruby,new key
dynn_fae_8284,"common/dynasties name (literal, no CK2 loc key)",Platinum,new key
dynn_fae_8285,"common/dynasties name (literal, no CK2 loc key)",Sapphire,new key
dynn_fae_8286,"common/dynasties name (literal, no CK2 loc key)",Silver,new key
dynn_fae_8287,"common/dynasties name (literal, no CK2 loc key)",Diamond,new key
dynn_fae_8288,"common/dynasties name (literal, no CK2 loc key)",Adamant,new key
dynn_fae_8289,"common/dynasties name (literal, no CK2 loc key)",Emerald,new key
dynn_fae_829,"common/dynasties name (literal, no CK2 loc key)",Dreadhorn,new key
dynn_fae_8290,"common/dynasties name (literal, no CK2 loc key)",Amethyst,new key
dynn_fae_8291,"common/dynasties name (literal, no CK2 loc key)",Darimmon,new key
dynn_fae_8292,"common/dynasties name (literal, no CK2 loc key)",Irdree,new key
dynn_fae_8293,"common/dynasties name (literal, no CK2 loc key)",of Hardcastle,new key
dynn_fae_8294,"common/dynasties name (literal, no CK2 loc key)",Hond,new key
dynn_fae_8295,"common/dynasties name (literal, no CK2 loc key)",Manothys,new key
dynn_fae_8296,"common/dynasties name (literal, no CK2 loc key)",Rezgult,new key
dynn_fae_8297,"common/dynasties name (literal, no CK2 loc key)",Horaerays,new key
dynn_fae_8298,"common/dynasties name (literal, no CK2 loc key)",Caliphor,new key
dynn_fae_8299,"common/dynasties name (literal, no CK2 loc key)",Cordephel,new key
dynn_fae_83,"common/dynasties name (literal, no CK2 loc key)",Norl,new key
dynn_fae_830,"common/dynasties name (literal, no CK2 loc key)",Corvus,new key
dynn_fae_8300,"common/dynasties name (literal, no CK2 loc key)",Tartesso,new key
dynn_fae_8301,"common/dynasties name (literal, no CK2 loc key)",Aporos,new key
dynn_fae_8302,"common/dynasties name (literal, no CK2 loc key)",Corynian,new key
dynn_fae_8303,"common/dynasties name (literal, no CK2 loc key)",Heldeion,new key
dynn_fae_8304,"common/dynasties name (literal, no CK2 loc key)",Aerioth,new key
dynn_fae_8305,"common/dynasties name (literal, no CK2 loc key)",Nathos,new key
dynn_fae_8306,"common/dynasties name (literal, no CK2 loc key)",Sphaerideion,new key
dynn_fae_8307,"common/dynasties name (literal, no CK2 loc key)",Zora,new key
dynn_fae_8308,"common/dynasties name (literal, no CK2 loc key)",Aripur,new key
dynn_fae_8309,"common/dynasties name (literal, no CK2 loc key)",Cimbaren,new key
dynn_fae_831,"common/dynasties name (literal, no CK2 loc key)",Rockpick,new key
dynn_fae_8310,"common/dynasties name (literal, no CK2 loc key)",Hipparati,new key
dynn_fae_8311,"common/dynasties name (literal, no CK2 loc key)",Akanie,new key
dynn_fae_8312,"common/dynasties name (literal, no CK2 loc key)",Elega,new key
dynn_fae_8313,"common/dynasties name (literal, no CK2 loc key)",Noruka,new key
dynn_fae_8314,"common/dynasties name (literal, no CK2 loc key)",Karanok,new key
dynn_fae_8315,"common/dynasties name (literal, no CK2 loc key)",Thomor,new key
dynn_fae_8316,"common/dynasties name (literal, no CK2 loc key)",Jedea,new key
dynn_fae_8317,"common/dynasties name (literal, no CK2 loc key)",Innersea,new key
dynn_fae_8318,"common/dynasties name (literal, no CK2 loc key)",Rodanaros,new key
dynn_fae_8319,"common/dynasties name (literal, no CK2 loc key)",Thamoros,new key
dynn_fae_832,"common/dynasties name (literal, no CK2 loc key)",Demonscale,new key
dynn_fae_8320,"common/dynasties name (literal, no CK2 loc key)",Raedel,new key
dynn_fae_8321,"common/dynasties name (literal, no CK2 loc key)",Morieth,new key
dynn_fae_8322,"common/dynasties name (literal, no CK2 loc key)",Caillaen,new key
dynn_fae_8323,"common/dynasties name (literal, no CK2 loc key)",Thaumas,new key
dynn_fae_8324,"common/dynasties name (literal, no CK2 loc key)",Manx,new key
dynn_fae_8325,"common/dynasties name (literal, no CK2 loc key)",Tchallem,new key
dynn_fae_8326,"common/dynasties name (literal, no CK2 loc key)",Tulmon,new key
dynn_fae_8327,"common/dynasties name (literal, no CK2 loc key)",Stormmantle,new key
dynn_fae_8328,"common/dynasties name (literal, no CK2 loc key)",Longtoes,new key
dynn_fae_8329,"common/dynasties name (literal, no CK2 loc key)",Gleaner,new key
dynn_fae_833,"common/dynasties name (literal, no CK2 loc key)",Narzigros,new key
dynn_fae_8330,"common/dynasties name (literal, no CK2 loc key)",Feltcoat,new key
dynn_fae_8331,"common/dynasties name (literal, no CK2 loc key)",Hedges,new key
dynn_fae_8332,"common/dynasties name (literal, no CK2 loc key)",Lane,new key
dynn_fae_8333,"common/dynasties name (literal, no CK2 loc key)",Oak,new key
dynn_fae_8334,"common/dynasties name (literal, no CK2 loc key)",Yamyam,new key
dynn_fae_8335,"common/dynasties name (literal, no CK2 loc key)",Banks,new key
dynn_fae_8336,"common/dynasties name (literal, no CK2 loc key)",Farthing,new key
dynn_fae_8337,"common/dynasties name (literal, no CK2 loc key)",Tyler,new key
dynn_fae_8338,"common/dynasties name (literal, no CK2 loc key)",Harbottle,new key
dynn_fae_8339,"common/dynasties name (literal, no CK2 loc key)",Bamfurlong,new key
dynn_fae_834,"common/dynasties name (literal, no CK2 loc key)",Magerend,new key
dynn_fae_8340,"common/dynasties name (literal, no CK2 loc key)",Arevar,new key
dynn_fae_8341,"common/dynasties name (literal, no CK2 loc key)",Vindal,new key
dynn_fae_8342,"common/dynasties name (literal, no CK2 loc key)",Sombor,new key
dynn_fae_8343,"common/dynasties name (literal, no CK2 loc key)",Nimsur,new key
dynn_fae_8344,"common/dynasties name (literal, no CK2 loc key)",Nimith,new key
dynn_fae_8345,"common/dynasties name (literal, no CK2 loc key)",Ormen,new key
dynn_fae_8346,"common/dynasties name (literal, no CK2 loc key)",Bromtor,new key
dynn_fae_8347,"common/dynasties name (literal, no CK2 loc key)",Tethmor,new key
dynn_fae_8348,"common/dynasties name (literal, no CK2 loc key)",Esdul,new key
dynn_fae_8349,"common/dynasties name (literal, no CK2 loc key)",Suth,new key
dynn_fae_835,"common/dynasties name (literal, no CK2 loc key)",Flintclaw,new key
dynn_fae_8350,"common/dynasties name (literal, no CK2 loc key)",Anabil,new key
dynn_fae_8351,"common/dynasties name (literal, no CK2 loc key)",Karabin,new key
dynn_fae_8352,"common/dynasties name (literal, no CK2 loc key)",Bloodletter,new key
dynn_fae_8353,"common/dynasties name (literal, no CK2 loc key)",Chus,new key
dynn_fae_8354,"common/dynasties name (literal, no CK2 loc key)",Hawalad,new key
dynn_fae_8355,"common/dynasties name (literal, no CK2 loc key)",Mesenea,new key
dynn_fae_8356,"common/dynasties name (literal, no CK2 loc key)",Gudhil,new key
dynn_fae_8357,"common/dynasties name (literal, no CK2 loc key)",Ulenthal,new key
dynn_fae_8358,"common/dynasties name (literal, no CK2 loc key)",Golgumath,new key
dynn_fae_8359,"common/dynasties name (literal, no CK2 loc key)",Mysitria,new key
dynn_fae_836,"common/dynasties name (literal, no CK2 loc key)",Deepstride,new key
dynn_fae_8360,"common/dynasties name (literal, no CK2 loc key)",Haddan,new key
dynn_fae_8361,"common/dynasties name (literal, no CK2 loc key)",Eshar,new key
dynn_fae_8362,"common/dynasties name (literal, no CK2 loc key)",Uthaal,new key
dynn_fae_8363,"common/dynasties name (literal, no CK2 loc key)",of Mordulkin,new key
dynn_fae_8364,"common/dynasties name (literal, no CK2 loc key)",of the Thumb,new key
dynn_fae_8365,"common/dynasties name (literal, no CK2 loc key)",Ulgar,new key
dynn_fae_8366,"common/dynasties name (literal, no CK2 loc key)",Donossor,new key
dynn_fae_8367,"common/dynasties name (literal, no CK2 loc key)",Harlator,new key
dynn_fae_8368,"common/dynasties name (literal, no CK2 loc key)",Dag,new key
dynn_fae_8369,"common/dynasties name (literal, no CK2 loc key)",Skullsmasher,new key
dynn_fae_837,"common/dynasties name (literal, no CK2 loc key)",Firenius,new key
dynn_fae_8370,"common/dynasties name (literal, no CK2 loc key)",Ambrutter,new key
dynn_fae_8371,"common/dynasties name (literal, no CK2 loc key)",Belrowhin,new key
dynn_fae_8372,"common/dynasties name (literal, no CK2 loc key)",Daerove,new key
dynn_fae_8373,"common/dynasties name (literal, no CK2 loc key)",Mazron,new key
dynn_fae_8374,"common/dynasties name (literal, no CK2 loc key)",Slaunadda,new key
dynn_fae_8375,"common/dynasties name (literal, no CK2 loc key)",Velmairn,new key
dynn_fae_8376,"common/dynasties name (literal, no CK2 loc key)",Parradyne,new key
dynn_fae_8377,"common/dynasties name (literal, no CK2 loc key)",Alamrauthur,new key
dynn_fae_8378,"common/dynasties name (literal, no CK2 loc key)",Kullovoknour,new key
dynn_fae_8379,"common/dynasties name (literal, no CK2 loc key)",Acatuaçu,new key
dynn_fae_838,"common/dynasties name (literal, no CK2 loc key)",Duni,new key
dynn_fae_8380,"common/dynasties name (literal, no CK2 loc key)",Araripe,new key
dynn_fae_8381,"common/dynasties name (literal, no CK2 loc key)",Araruna,new key
dynn_fae_8382,"common/dynasties name (literal, no CK2 loc key)",Butantã,new key
dynn_fae_8383,"common/dynasties name (literal, no CK2 loc key)",Caiapó,new key
dynn_fae_8384,"common/dynasties name (literal, no CK2 loc key)",Cairu,new key
dynn_fae_8385,"common/dynasties name (literal, no CK2 loc key)",Cambaúva,new key
dynn_fae_8386,"common/dynasties name (literal, no CK2 loc key)",Capanema,new key
dynn_fae_8387,"common/dynasties name (literal, no CK2 loc key)",Carijó,new key
dynn_fae_8388,"common/dynasties name (literal, no CK2 loc key)",Cotegipe,new key
dynn_fae_8389,"common/dynasties name (literal, no CK2 loc key)",Emboaba,new key
dynn_fae_839,"common/dynasties name (literal, no CK2 loc key)",Frinarith,new key
dynn_fae_8390,"common/dynasties name (literal, no CK2 loc key)",Guabiraba,new key
dynn_fae_8391,"common/dynasties name (literal, no CK2 loc key)",Guará,new key
dynn_fae_8392,"common/dynasties name (literal, no CK2 loc key)",Guarabira,new key
dynn_fae_8393,"common/dynasties name (literal, no CK2 loc key)",Imbassaí,new key
dynn_fae_8394,"common/dynasties name (literal, no CK2 loc key)",Jatobá,new key
dynn_fae_8395,"common/dynasties name (literal, no CK2 loc key)",Oticica,new key
dynn_fae_8396,"common/dynasties name (literal, no CK2 loc key)",Pari,new key
dynn_fae_8397,"common/dynasties name (literal, no CK2 loc key)",Pitanga,new key
dynn_fae_8398,"common/dynasties name (literal, no CK2 loc key)",Tibiriçá,new key
dynn_fae_8399,"common/dynasties name (literal, no CK2 loc key)",Xakriabá,new key
dynn_fae_84,"common/dynasties name (literal, no CK2 loc key)",Grondar,new key
dynn_fae_840,"common/dynasties name (literal, no CK2 loc key)",Deadiron,new key
dynn_fae_8400,"common/dynasties name (literal, no CK2 loc key)",Sucupira,new key
dynn_fae_8401,"common/dynasties name (literal, no CK2 loc key)",Calaumystar,new key
dynn_fae_8402,"common/dynasties name (literal, no CK2 loc key)",Lharaendo,new key
dynn_fae_8403,"common/dynasties name (literal, no CK2 loc key)",Mristar,new key
dynn_fae_8404,"common/dynasties name (literal, no CK2 loc key)",Talaudrym,new key
dynn_fae_8405,"common/dynasties name (literal, no CK2 loc key)",Wyndael,new key
dynn_fae_8406,"common/dynasties name (literal, no CK2 loc key)",Duethkatha,new key
dynn_fae_8407,"common/dynasties name (literal, no CK2 loc key)",Yanderick,new key
dynn_fae_8408,"common/dynasties name (literal, no CK2 loc key)",Bazzard,new key
dynn_fae_8409,"common/dynasties name (literal, no CK2 loc key)",Ulpharn,new key
dynn_fae_841,"common/dynasties name (literal, no CK2 loc key)",Ilcoil,new key
dynn_fae_8410,"common/dynasties name (literal, no CK2 loc key)",Willowfields,new key
dynn_fae_8411,"common/dynasties name (literal, no CK2 loc key)",Black,new key
dynn_fae_8412,"common/dynasties name (literal, no CK2 loc key)",Zela,new key
dynn_fae_8413,"common/dynasties name (literal, no CK2 loc key)",Gaszel,new key
dynn_fae_8414,"common/dynasties name (literal, no CK2 loc key)",Nyn-Flaner,new key
dynn_fae_8415,"common/dynasties name (literal, no CK2 loc key)",Flaskar,new key
dynn_fae_8416,"common/dynasties name (literal, no CK2 loc key)",Dashwood,new key
dynn_fae_8417,"common/dynasties name (literal, no CK2 loc key)",Oathbrand,new key
dynn_fae_8418,"common/dynasties name (literal, no CK2 loc key)",Halisk,new key
dynn_fae_8419,"common/dynasties name (literal, no CK2 loc key)",Maetrine,new key
dynn_fae_842,"common/dynasties name (literal, no CK2 loc key)",Ilimar,new key
dynn_fae_8420,"common/dynasties name (literal, no CK2 loc key)",Rhazin,new key
dynn_fae_8421,"common/dynasties name (literal, no CK2 loc key)",Belpho,new key
dynn_fae_8422,"common/dynasties name (literal, no CK2 loc key)",Nynndar,new key
dynn_fae_8423,"common/dynasties name (literal, no CK2 loc key)",Stoneturret,new key
dynn_fae_8424,"common/dynasties name (literal, no CK2 loc key)",Redmountain,new key
dynn_fae_8425,"common/dynasties name (literal, no CK2 loc key)",Pharit,new key
dynn_fae_8426,"common/dynasties name (literal, no CK2 loc key)",Moonsky,new key
dynn_fae_8427,"common/dynasties name (literal, no CK2 loc key)",Shorrem,new key
dynn_fae_8428,"common/dynasties name (literal, no CK2 loc key)",Ravenhall,new key
dynn_fae_8429,"common/dynasties name (literal, no CK2 loc key)",Greenriver,new key
dynn_fae_843,"common/dynasties name (literal, no CK2 loc key)",Xath,new key
dynn_fae_8430,"common/dynasties name (literal, no CK2 loc key)",Tox,new key
dynn_fae_8431,"common/dynasties name (literal, no CK2 loc key)",Estarn,new key
dynn_fae_8432,"common/dynasties name (literal, no CK2 loc key)",Fymbar,new key
dynn_fae_8433,"common/dynasties name (literal, no CK2 loc key)",Stormharrow,new key
dynn_fae_8434,"common/dynasties name (literal, no CK2 loc key)",Murdstone,new key
dynn_fae_8435,"common/dynasties name (literal, no CK2 loc key)",Hawkpeak,new key
dynn_fae_8436,"common/dynasties name (literal, no CK2 loc key)",Dragonspire,new key
dynn_fae_8437,"common/dynasties name (literal, no CK2 loc key)",Hellshield,new key
dynn_fae_8438,"common/dynasties name (literal, no CK2 loc key)",Snowflake,new key
dynn_fae_8439,"common/dynasties name (literal, no CK2 loc key)",Szorndar,new key
dynn_fae_844,"common/dynasties name (literal, no CK2 loc key)",Rotclaw,new key
dynn_fae_8440,"common/dynasties name (literal, no CK2 loc key)",Ravenbridge,new key
dynn_fae_8441,"common/dynasties name (literal, no CK2 loc key)",Silverspire,new key
dynn_fae_8442,"common/dynasties name (literal, no CK2 loc key)",Neldur,new key
dynn_fae_8443,"common/dynasties name (literal, no CK2 loc key)",Sondstarr,new key
dynn_fae_8444,"common/dynasties name (literal, no CK2 loc key)",Meadowland,new key
dynn_fae_8445,"common/dynasties name (literal, no CK2 loc key)",Inor,new key
dynn_fae_8446,"common/dynasties name (literal, no CK2 loc key)",Deadstone,new key
dynn_fae_8447,"common/dynasties name (literal, no CK2 loc key)",Maalik,new key
dynn_fae_8448,"common/dynasties name (literal, no CK2 loc key)",Aember,new key
dynn_fae_8449,"common/dynasties name (literal, no CK2 loc key)",Graywater,new key
dynn_fae_845,"common/dynasties name (literal, no CK2 loc key)",Passwatch,new key
dynn_fae_8450,"common/dynasties name (literal, no CK2 loc key)",Szela,new key
dynn_fae_8451,"common/dynasties name (literal, no CK2 loc key)",Lightwood,new key
dynn_fae_8452,"common/dynasties name (literal, no CK2 loc key)",Starwood,new key
dynn_fae_8453,"common/dynasties name (literal, no CK2 loc key)",Onyx,new key
dynn_fae_8454,"common/dynasties name (literal, no CK2 loc key)",Gukrol,new key
dynn_fae_8455,"common/dynasties name (literal, no CK2 loc key)",Nymeth,new key
dynn_fae_8456,"common/dynasties name (literal, no CK2 loc key)",Maathurm,new key
dynn_fae_8457,"common/dynasties name (literal, no CK2 loc key)",Stormbane,new key
dynn_fae_8458,"common/dynasties name (literal, no CK2 loc key)",Xander,new key
dynn_fae_8459,"common/dynasties name (literal, no CK2 loc key)",Murik,new key
dynn_fae_846,"common/dynasties name (literal, no CK2 loc key)",Whalegorger,new key
dynn_fae_8460,"common/dynasties name (literal, no CK2 loc key)",Shadowmend,new key
dynn_fae_8461,"common/dynasties name (literal, no CK2 loc key)",Stronghall,new key
dynn_fae_8462,"common/dynasties name (literal, no CK2 loc key)",Firehide,new key
dynn_fae_8463,"common/dynasties name (literal, no CK2 loc key)",Icebrew,new key
dynn_fae_8464,"common/dynasties name (literal, no CK2 loc key)",Shadowridge,new key
dynn_fae_8465,"common/dynasties name (literal, no CK2 loc key)",Reks,new key
dynn_fae_8466,"common/dynasties name (literal, no CK2 loc key)",Magnus,new key
dynn_fae_8467,"common/dynasties name (literal, no CK2 loc key)",Greenhaven,new key
dynn_fae_8468,"common/dynasties name (literal, no CK2 loc key)",Arkhor,new key
dynn_fae_8469,"common/dynasties name (literal, no CK2 loc key)",Hawk,new key
dynn_fae_847,"common/dynasties name (literal, no CK2 loc key)",DeHandir,new key
dynn_fae_8470,"common/dynasties name (literal, no CK2 loc key)",Moonwhisper,new key
dynn_fae_8471,"common/dynasties name (literal, no CK2 loc key)",Bevan,new key
dynn_fae_8472,"common/dynasties name (literal, no CK2 loc key)",Boaz,new key
dynn_fae_8473,"common/dynasties name (literal, no CK2 loc key)",Mevudrusk,new key
dynn_fae_8474,"common/dynasties name (literal, no CK2 loc key)",Xalovir,new key
dynn_fae_8475,"common/dynasties name (literal, no CK2 loc key)",Uldalar,new key
dynn_fae_8476,"common/dynasties name (literal, no CK2 loc key)",Fyrona,new key
dynn_fae_8477,"common/dynasties name (literal, no CK2 loc key)",Mistyway,new key
dynn_fae_8478,"common/dynasties name (literal, no CK2 loc key)",Steele,new key
dynn_fae_8479,"common/dynasties name (literal, no CK2 loc key)",Nyndara,new key
dynn_fae_848,"common/dynasties name (literal, no CK2 loc key)",Nathyr,new key
dynn_fae_8480,"common/dynasties name (literal, no CK2 loc key)",Dragontooth,new key
dynn_fae_8481,"common/dynasties name (literal, no CK2 loc key)",Clan-Shield,new key
dynn_fae_8482,"common/dynasties name (literal, no CK2 loc key)",Thunderbloom,new key
dynn_fae_8483,"common/dynasties name (literal, no CK2 loc key)",Arlcliff,new key
dynn_fae_8484,"common/dynasties name (literal, no CK2 loc key)",Stonefang,new key
dynn_fae_8485,"common/dynasties name (literal, no CK2 loc key)",Ooler,new key
dynn_fae_8486,"common/dynasties name (literal, no CK2 loc key)",Harox,new key
dynn_fae_8487,"common/dynasties name (literal, no CK2 loc key)",Mournaxe,new key
dynn_fae_8488,"common/dynasties name (literal, no CK2 loc key)",Velpharen,new key
dynn_fae_8489,"common/dynasties name (literal, no CK2 loc key)",Squod,new key
dynn_fae_849,"common/dynasties name (literal, no CK2 loc key)",Samelan,new key
dynn_fae_8490,"common/dynasties name (literal, no CK2 loc key)",Agarune,new key
dynn_fae_8491,"common/dynasties name (literal, no CK2 loc key)",Silvertree,new key
dynn_fae_8492,"common/dynasties name (literal, no CK2 loc key)",Willowglade,new key
dynn_fae_8493,"common/dynasties name (literal, no CK2 loc key)",Yarmdal,new key
dynn_fae_8494,"common/dynasties name (literal, no CK2 loc key)",Winterway,new key
dynn_fae_8495,"common/dynasties name (literal, no CK2 loc key)",Clovara,new key
dynn_fae_8496,"common/dynasties name (literal, no CK2 loc key)",Dreamleaf,new key
dynn_fae_8497,"common/dynasties name (literal, no CK2 loc key)",Stormshield,new key
dynn_fae_8498,"common/dynasties name (literal, no CK2 loc key)",Tepathar,new key
dynn_fae_8499,"common/dynasties name (literal, no CK2 loc key)",Dritha,new key
dynn_fae_85,"common/dynasties name (literal, no CK2 loc key)",Histhek,new key
dynn_fae_850,"common/dynasties name (literal, no CK2 loc key)",Gadajo,new key
dynn_fae_8500,"common/dynasties name (literal, no CK2 loc key)",Iron-Witch,new key
dynn_fae_8501,"common/dynasties name (literal, no CK2 loc key)",Beszrizma,new key
dynn_fae_8502,"common/dynasties name (literal, no CK2 loc key)",Datharathi,new key
dynn_fae_8503,"common/dynasties name (literal, no CK2 loc key)",Melpurvatta,new key
dynn_fae_8504,"common/dynasties name (literal, no CK2 loc key)",Nalambar,new key
dynn_fae_8505,"common/dynasties name (literal, no CK2 loc key)",Saqarastar,new key
dynn_fae_8506,"common/dynasties name (literal, no CK2 loc key)",Tiliputakas,new key
dynn_fae_8507,"common/dynasties name (literal, no CK2 loc key)",Forkha,new key
dynn_fae_8508,"common/dynasties name (literal, no CK2 loc key)",Bronzeclaw,new key
dynn_fae_8509,"common/dynasties name (literal, no CK2 loc key)",Xend,new key
dynn_fae_851,"common/dynasties name (literal, no CK2 loc key)",Waveblade,new key
dynn_fae_8510,"common/dynasties name (literal, no CK2 loc key)",Battleheart,new key
dynn_fae_8511,"common/dynasties name (literal, no CK2 loc key)",Southmond,new key
dynn_fae_8512,"common/dynasties name (literal, no CK2 loc key)",Novea,new key
dynn_fae_8513,"common/dynasties name (literal, no CK2 loc key)",Flamorn,new key
dynn_fae_8514,"common/dynasties name (literal, no CK2 loc key)",Szoured,new key
dynn_fae_8515,"common/dynasties name (literal, no CK2 loc key)",Grove,new key
dynn_fae_8516,"common/dynasties name (literal, no CK2 loc key)",Yanda,new key
dynn_fae_8517,"common/dynasties name (literal, no CK2 loc key)",Coldfang,new key
dynn_fae_8518,"common/dynasties name (literal, no CK2 loc key)",Emric,new key
dynn_fae_8519,"common/dynasties name (literal, no CK2 loc key)",Pineriver,new key
dynn_fae_852,"common/dynasties name (literal, no CK2 loc key)",Ravenos,new key
dynn_fae_8520,"common/dynasties name (literal, no CK2 loc key)",Karnot,new key
dynn_fae_8521,"common/dynasties name (literal, no CK2 loc key)",Stardust,new key
dynn_fae_8522,"common/dynasties name (literal, no CK2 loc key)",Jeld,new key
dynn_fae_8523,"common/dynasties name (literal, no CK2 loc key)",Elwyn,new key
dynn_fae_8524,"common/dynasties name (literal, no CK2 loc key)",Wolf,new key
dynn_fae_8525,"common/dynasties name (literal, no CK2 loc key)",Empyrean,new key
dynn_fae_8526,"common/dynasties name (literal, no CK2 loc key)",Wyrmstrike,new key
dynn_fae_8527,"common/dynasties name (literal, no CK2 loc key)",Tarassorm,new key
dynn_fae_8528,"common/dynasties name (literal, no CK2 loc key)",Tarkhan,new key
dynn_fae_8529,"common/dynasties name (literal, no CK2 loc key)",Covenfire,new key
dynn_fae_853,"common/dynasties name (literal, no CK2 loc key)",Maneater,new key
dynn_fae_8530,"common/dynasties name (literal, no CK2 loc key)",Axedan,new key
dynn_fae_8531,"common/dynasties name (literal, no CK2 loc key)",Muspier,new key
dynn_fae_8532,"common/dynasties name (literal, no CK2 loc key)",Heavyhelm,new key
dynn_fae_8533,"common/dynasties name (literal, no CK2 loc key)",Szerm,new key
dynn_fae_8534,"common/dynasties name (literal, no CK2 loc key)",Undersprings,new key
dynn_fae_8535,"common/dynasties name (literal, no CK2 loc key)",Arryn,new key
dynn_fae_8536,"common/dynasties name (literal, no CK2 loc key)",Sharit,new key
dynn_fae_8537,"common/dynasties name (literal, no CK2 loc key)",Shadowforge,new key
dynn_fae_8538,"common/dynasties name (literal, no CK2 loc key)",Cloven,new key
dynn_fae_8539,"common/dynasties name (literal, no CK2 loc key)",Uland,new key
dynn_fae_854,"common/dynasties name (literal, no CK2 loc key)",Gaten,new key
dynn_fae_8540,"common/dynasties name (literal, no CK2 loc key)",Aerant,new key
dynn_fae_8541,"common/dynasties name (literal, no CK2 loc key)",Yagdathe,new key
dynn_fae_8542,"common/dynasties name (literal, no CK2 loc key)",Urix,new key
dynn_fae_8543,"common/dynasties name (literal, no CK2 loc key)",Redbranch,new key
dynn_fae_8544,"common/dynasties name (literal, no CK2 loc key)",Firewinds,new key
dynn_fae_8545,"common/dynasties name (literal, no CK2 loc key)",Silentstep,new key
dynn_fae_8546,"common/dynasties name (literal, no CK2 loc key)",Phyndalar,new key
dynn_fae_8547,"common/dynasties name (literal, no CK2 loc key)",Woodheart,new key
dynn_fae_8548,"common/dynasties name (literal, no CK2 loc key)",Armathain,new key
dynn_fae_8549,"common/dynasties name (literal, no CK2 loc key)",Argent,new key
dynn_fae_855,"common/dynasties name (literal, no CK2 loc key)",Tunon,new key
dynn_fae_8550,"common/dynasties name (literal, no CK2 loc key)",Hawdon,new key
dynn_fae_8551,"common/dynasties name (literal, no CK2 loc key)",Draen,new key
dynn_fae_8552,"common/dynasties name (literal, no CK2 loc key)",Ethos,new key
dynn_fae_8553,"common/dynasties name (literal, no CK2 loc key)",Xathare,new key
dynn_fae_8554,"common/dynasties name (literal, no CK2 loc key)",Ondast,new key
dynn_fae_8555,"common/dynasties name (literal, no CK2 loc key)",Xathanael,new key
dynn_fae_8556,"common/dynasties name (literal, no CK2 loc key)",Blackbarrow,new key
dynn_fae_8557,"common/dynasties name (literal, no CK2 loc key)",Nightdancer,new key
dynn_fae_8558,"common/dynasties name (literal, no CK2 loc key)",Withers,new key
dynn_fae_8559,"common/dynasties name (literal, no CK2 loc key)",Nymarra,new key
dynn_fae_856,"common/dynasties name (literal, no CK2 loc key)",Foulmane,new key
dynn_fae_8560,"common/dynasties name (literal, no CK2 loc key)",Northview,new key
dynn_fae_8561,"common/dynasties name (literal, no CK2 loc key)",Krook,new key
dynn_fae_8562,"common/dynasties name (literal, no CK2 loc key)",Zeldar,new key
dynn_fae_8563,"common/dynasties name (literal, no CK2 loc key)",Shadowgazer,new key
dynn_fae_8564,"common/dynasties name (literal, no CK2 loc key)",Highrider,new key
dynn_fae_8565,"common/dynasties name (literal, no CK2 loc key)",Brack,new key
dynn_fae_8566,"common/dynasties name (literal, no CK2 loc key)",Moongate,new key
dynn_fae_8567,"common/dynasties name (literal, no CK2 loc key)",Gladsheimer,new key
dynn_fae_8568,"common/dynasties name (literal, no CK2 loc key)",Skeinheimer,new key
dynn_fae_8569,"common/dynasties name (literal, no CK2 loc key)",Steadfast,new key
dynn_fae_857,"common/dynasties name (literal, no CK2 loc key)",Spiderblood,new key
dynn_fae_8570,"common/dynasties name (literal, no CK2 loc key)",Bifrost,new key
dynn_fae_8571,"common/dynasties name (literal, no CK2 loc key)",Mahogany,new key
dynn_fae_8572,"common/dynasties name (literal, no CK2 loc key)",Merratet,new key
dynn_fae_8573,"common/dynasties name (literal, no CK2 loc key)",Vanaheimer,new key
dynn_fae_8574,"common/dynasties name (literal, no CK2 loc key)",Freyrhall,new key
dynn_fae_8575,"common/dynasties name (literal, no CK2 loc key)",Bresiris,new key
dynn_fae_8576,"common/dynasties name (literal, no CK2 loc key)",Eowr,new key
dynn_fae_8577,"common/dynasties name (literal, no CK2 loc key)",Sussrumnir,new key
dynn_fae_8578,"common/dynasties name (literal, no CK2 loc key)",Rummm,new key
dynn_fae_8579,"common/dynasties name (literal, no CK2 loc key)",Mirrormask,new key
dynn_fae_858,"common/dynasties name (literal, no CK2 loc key)",Fieldwander,new key
dynn_fae_8580,"common/dynasties name (literal, no CK2 loc key)",Uroboros,new key
dynn_fae_8581,"common/dynasties name (literal, no CK2 loc key)",Jazirianic,new key
dynn_fae_8582,"common/dynasties name (literal, no CK2 loc key)",Iridescent,new key
dynn_fae_8583,"common/dynasties name (literal, no CK2 loc key)",Opalescent,new key
dynn_fae_8584,"common/dynasties name (literal, no CK2 loc key)",Fireplume,new key
dynn_fae_8585,"common/dynasties name (literal, no CK2 loc key)",Undulant,new key
dynn_fae_8586,"common/dynasties name (literal, no CK2 loc key)",Resplendent,new key
dynn_fae_8587,"common/dynasties name (literal, no CK2 loc key)",Beneficent,new key
dynn_fae_8588,"common/dynasties name (literal, no CK2 loc key)",Serpentine,new key
dynn_fae_8589,"common/dynasties name (literal, no CK2 loc key)",Ophidine,new key
dynn_fae_859,"common/dynasties name (literal, no CK2 loc key)",Mangetooth,new key
dynn_fae_8590,"common/dynasties name (literal, no CK2 loc key)",Heliopolitan,new key
dynn_fae_8591,"common/dynasties name (literal, no CK2 loc key)",Thekele-Re,new key
dynn_fae_8592,"common/dynasties name (literal, no CK2 loc key)",Memphiria,new key
dynn_fae_8593,"common/dynasties name (literal, no CK2 loc key)",Gizekhtet,new key
dynn_fae_8594,"common/dynasties name (literal, no CK2 loc key)",Amun-thys,new key
dynn_fae_8595,"common/dynasties name (literal, no CK2 loc key)",Amunian,new key
dynn_fae_8596,"common/dynasties name (literal, no CK2 loc key)",Netaph,new key
dynn_fae_8597,"common/dynasties name (literal, no CK2 loc key)",Thebestys,new key
dynn_fae_8598,"common/dynasties name (literal, no CK2 loc key)",Succor,new key
dynn_fae_8599,"common/dynasties name (literal, no CK2 loc key)",Quietude,new key
dynn_fae_86,"common/dynasties name (literal, no CK2 loc key)",Kilgrave,new key
dynn_fae_860,"common/dynasties name (literal, no CK2 loc key)",Sanfaj,new key
dynn_fae_8600,"common/dynasties name (literal, no CK2 loc key)",Isirian,new key
dynn_fae_8601,"common/dynasties name (literal, no CK2 loc key)",Avhoste,new key
dynn_fae_8602,"common/dynasties name (literal, no CK2 loc key)",Darants,new key
dynn_fae_8603,"common/dynasties name (literal, no CK2 loc key)",Gedreghost,new key
dynn_fae_8604,"common/dynasties name (literal, no CK2 loc key)",Maurmeril,new key
dynn_fae_8605,"common/dynasties name (literal, no CK2 loc key)",Stamaraster,new key
dynn_fae_8606,"common/dynasties name (literal, no CK2 loc key)",Zorastryl,new key
dynn_fae_8607,"common/dynasties name (literal, no CK2 loc key)",of Nimbral,new key
dynn_fae_8608,"common/dynasties name (literal, no CK2 loc key)",Hinna,new key
dynn_fae_8609,"common/dynasties name (literal, no CK2 loc key)",Foragol,new key
dynn_fae_861,"common/dynasties name (literal, no CK2 loc key)",Dagul,new key
dynn_fae_8610,"common/dynasties name (literal, no CK2 loc key)",Aeran,new key
dynn_fae_8611,"common/dynasties name (literal, no CK2 loc key)",Leith,new key
dynn_fae_8612,"common/dynasties name (literal, no CK2 loc key)",Vannadros,new key
dynn_fae_8613,"common/dynasties name (literal, no CK2 loc key)",Kirkson,new key
dynn_fae_8614,"common/dynasties name (literal, no CK2 loc key)",Omanrys,new key
dynn_fae_8615,"common/dynasties name (literal, no CK2 loc key)",Pulgro,new key
dynn_fae_8616,"common/dynasties name (literal, no CK2 loc key)",Terum,new key
dynn_fae_8617,"common/dynasties name (literal, no CK2 loc key)",of Yaulazna,new key
dynn_fae_8618,"common/dynasties name (literal, no CK2 loc key)",Nimderval,new key
dynn_fae_8619,"common/dynasties name (literal, no CK2 loc key)",Tenn,new key
dynn_fae_862,"common/dynasties name (literal, no CK2 loc key)",Firemaw,new key
dynn_fae_8620,"common/dynasties name (literal, no CK2 loc key)",Firehair,new key
dynn_fae_8621,"common/dynasties name (literal, no CK2 loc key)",Sontoin,new key
dynn_fae_8622,"common/dynasties name (literal, no CK2 loc key)",Gyrrite,new key
dynn_fae_8623,"common/dynasties name (literal, no CK2 loc key)",Jynite,new key
dynn_fae_8624,"common/dynasties name (literal, no CK2 loc key)",Odoacer,new key
dynn_fae_8625,"common/dynasties name (literal, no CK2 loc key)",Rua,new key
dynn_fae_8626,"common/dynasties name (literal, no CK2 loc key)",Wendal,new key
dynn_fae_8627,"common/dynasties name (literal, no CK2 loc key)",Orso,new key
dynn_fae_8628,"common/dynasties name (literal, no CK2 loc key)",Caelsou,new key
dynn_fae_8629,"common/dynasties name (literal, no CK2 loc key)",Fallan,new key
dynn_fae_863,"common/dynasties name (literal, no CK2 loc key)",Wildstripe,new key
dynn_fae_8630,"common/dynasties name (literal, no CK2 loc key)",Kata,new key
dynn_fae_8631,"common/dynasties name (literal, no CK2 loc key)",Oldagol,new key
dynn_fae_8632,"common/dynasties name (literal, no CK2 loc key)",Gladestar,new key
dynn_fae_8633,"common/dynasties name (literal, no CK2 loc key)",Bavdal,new key
dynn_fae_8634,"common/dynasties name (literal, no CK2 loc key)",Omen,new key
dynn_fae_8635,"common/dynasties name (literal, no CK2 loc key)",Dauniir,new key
dynn_fae_8636,"common/dynasties name (literal, no CK2 loc key)",Crownstar,new key
dynn_fae_8637,"common/dynasties name (literal, no CK2 loc key)",Shadowlyn,new key
dynn_fae_8638,"common/dynasties name (literal, no CK2 loc key)",Delarna,new key
dynn_fae_8639,"common/dynasties name (literal, no CK2 loc key)",Bowgentle,new key
dynn_fae_864,"common/dynasties name (literal, no CK2 loc key)",Shasen,new key
dynn_fae_8640,"common/dynasties name (literal, no CK2 loc key)",Whitewave,new key
dynn_fae_8641,"common/dynasties name (literal, no CK2 loc key)",Delcastle,new key
dynn_fae_8642,"common/dynasties name (literal, no CK2 loc key)",Moonsilver,new key
dynn_fae_8643,"common/dynasties name (literal, no CK2 loc key)",Naerinth,new key
dynn_fae_8644,"common/dynasties name (literal, no CK2 loc key)",Inthré,new key
dynn_fae_8645,"common/dynasties name (literal, no CK2 loc key)",Ledora,new key
dynn_fae_8646,"common/dynasties name (literal, no CK2 loc key)",Gehrin,new key
dynn_fae_8647,"common/dynasties name (literal, no CK2 loc key)",Eattel,new key
dynn_fae_8648,"common/dynasties name (literal, no CK2 loc key)",Silverbrow,new key
dynn_fae_8649,"common/dynasties name (literal, no CK2 loc key)",Broadbelt,new key
dynn_fae_865,"common/dynasties name (literal, no CK2 loc key)",Ironwall,new key
dynn_fae_8650,"common/dynasties name (literal, no CK2 loc key)",Applecrown,new key
dynn_fae_8651,"common/dynasties name (literal, no CK2 loc key)",Ildraen,new key
dynn_fae_8652,"common/dynasties name (literal, no CK2 loc key)",Wyvern,new key
dynn_fae_8653,"common/dynasties name (literal, no CK2 loc key)",Elvenhold,new key
dynn_fae_8654,"common/dynasties name (literal, no CK2 loc key)",Hardenstone,new key
dynn_fae_8655,"common/dynasties name (literal, no CK2 loc key)",Bahor,new key
dynn_fae_8656,"common/dynasties name (literal, no CK2 loc key)",yi Agis,new key
dynn_fae_8657,"common/dynasties name (literal, no CK2 loc key)",yi Teshyllal,new key
dynn_fae_8658,"common/dynasties name (literal, no CK2 loc key)",yi Dashadjen,new key
dynn_fae_8659,"common/dynasties name (literal, no CK2 loc key)",yi Calimban,new key
dynn_fae_866,"common/dynasties name (literal, no CK2 loc key)",Dunrock,new key
dynn_fae_8660,"common/dynasties name (literal, no CK2 loc key)",yi Calimstone,new key
dynn_fae_8661,"common/dynasties name (literal, no CK2 loc key)",yi Teshburl,new key
dynn_fae_8662,"common/dynasties name (literal, no CK2 loc key)",yi Teshyll,new key
dynn_fae_8663,"common/dynasties name (literal, no CK2 loc key)",el Kaktos,new key
dynn_fae_8664,"common/dynasties name (literal, no CK2 loc key)",yi Keltar,new key
dynn_fae_8665,"common/dynasties name (literal, no CK2 loc key)",yi Qian,new key
dynn_fae_8666,"common/dynasties name (literal, no CK2 loc key)",Hai Draco,new key
dynn_fae_8667,"common/dynasties name (literal, no CK2 loc key)",Hornshield,new key
dynn_fae_8668,"common/dynasties name (literal, no CK2 loc key)",Arndrake,new key
dynn_fae_8669,"common/dynasties name (literal, no CK2 loc key)",Starbrow,new key
dynn_fae_867,"common/dynasties name (literal, no CK2 loc key)",Greatclaw,new key
dynn_fae_8670,"common/dynasties name (literal, no CK2 loc key)",Skullcrag,new key
dynn_fae_8671,"common/dynasties name (literal, no CK2 loc key)",t'Oglok,new key
dynn_fae_8672,"common/dynasties name (literal, no CK2 loc key)",Westphal,new key
dynn_fae_8673,"common/dynasties name (literal, no CK2 loc key)",Fiskar,new key
dynn_fae_8674,"common/dynasties name (literal, no CK2 loc key)",Furyheart,new key
dynn_fae_8675,"common/dynasties name (literal, no CK2 loc key)",Babir,new key
dynn_fae_8676,"common/dynasties name (literal, no CK2 loc key)",Southwell,new key
dynn_fae_8677,"common/dynasties name (literal, no CK2 loc key)",Rudiland,new key
dynn_fae_8678,"common/dynasties name (literal, no CK2 loc key)",Battledale,new key
dynn_fae_8679,"common/dynasties name (literal, no CK2 loc key)",el Zengel,new key
dynn_fae_868,"common/dynasties name (literal, no CK2 loc key)",Oculon,new key
dynn_fae_8680,"common/dynasties name (literal, no CK2 loc key)",Kaya,new key
dynn_fae_8681,"common/dynasties name (literal, no CK2 loc key)",Nachtur,new key
dynn_fae_8682,"common/dynasties name (literal, no CK2 loc key)",of Waterdeep,new key
dynn_fae_8683,"common/dynasties name (literal, no CK2 loc key)",Alougarr,new key
dynn_fae_8684,"common/dynasties name (literal, no CK2 loc key)",Smith,new key
dynn_fae_8685,"common/dynasties name (literal, no CK2 loc key)",Johnson,new key
dynn_fae_8686,"common/dynasties name (literal, no CK2 loc key)",Williams,new key
dynn_fae_8687,"common/dynasties name (literal, no CK2 loc key)",Brown,new key
dynn_fae_8688,"common/dynasties name (literal, no CK2 loc key)",Jones,new key
dynn_fae_8689,"common/dynasties name (literal, no CK2 loc key)",Garcia,new key
dynn_fae_869,"common/dynasties name (literal, no CK2 loc key)",Kivde,new key
dynn_fae_8690,"common/dynasties name (literal, no CK2 loc key)",Miller,new key
dynn_fae_8691,"common/dynasties name (literal, no CK2 loc key)",Davis,new key
dynn_fae_8692,"common/dynasties name (literal, no CK2 loc key)",Rodriguez,new key
dynn_fae_8693,"common/dynasties name (literal, no CK2 loc key)",Martinez,new key
dynn_fae_8694,"common/dynasties name (literal, no CK2 loc key)",Hernandez,new key
dynn_fae_8695,"common/dynasties name (literal, no CK2 loc key)",Lopez,new key
dynn_fae_8696,"common/dynasties name (literal, no CK2 loc key)",Gonzalez,new key
dynn_fae_8697,"common/dynasties name (literal, no CK2 loc key)",Wilson,new key
dynn_fae_8698,"common/dynasties name (literal, no CK2 loc key)",Anderson,new key
dynn_fae_8699,"common/dynasties name (literal, no CK2 loc key)",Thomas,new key
dynn_fae_87,"common/dynasties name (literal, no CK2 loc key)",Veldann,new key
dynn_fae_870,"common/dynasties name (literal, no CK2 loc key)",Dryhide,new key
dynn_fae_8700,"common/dynasties name (literal, no CK2 loc key)",Taylor,new key
dynn_fae_8701,"common/dynasties name (literal, no CK2 loc key)",Angalstrand,new key
dynn_fae_8702,"common/dynasties name (literal, no CK2 loc key)",Decirc,new key
dynn_fae_8703,"common/dynasties name (literal, no CK2 loc key)",Lamstrand,new key
dynn_fae_8704,"common/dynasties name (literal, no CK2 loc key)",SeKore,new key
dynn_fae_8705,"common/dynasties name (literal, no CK2 loc key)",SeLangstra,new key
dynn_fae_8706,"common/dynasties name (literal, no CK2 loc key)",SeMilderic,new key
dynn_fae_8707,"common/dynasties name (literal, no CK2 loc key)",Vatare,new key
dynn_fae_8708,"common/dynasties name (literal, no CK2 loc key)",SePhrecius,new key
dynn_fae_8709,"common/dynasties name (literal, no CK2 loc key)",Chit,new key
dynn_fae_871,"common/dynasties name (literal, no CK2 loc key)",Darkmaze,new key
dynn_fae_8710,"common/dynasties name (literal, no CK2 loc key)",SeMalo,new key
dynn_fae_8711,"common/dynasties name (literal, no CK2 loc key)",Korra,new key
dynn_fae_8712,"common/dynasties name (literal, no CK2 loc key)",Greust,new key
dynn_fae_8713,"common/dynasties name (literal, no CK2 loc key)",Viera,new key
dynn_fae_8714,"common/dynasties name (literal, no CK2 loc key)",SeKathe,new key
dynn_fae_8715,"common/dynasties name (literal, no CK2 loc key)",Burta,new key
dynn_fae_8716,"common/dynasties name (literal, no CK2 loc key)",SeYlva,new key
dynn_fae_8717,"common/dynasties name (literal, no CK2 loc key)",Uchoo,new key
dynn_fae_8718,"common/dynasties name (literal, no CK2 loc key)",SeVarr,new key
dynn_fae_8719,"common/dynasties name (literal, no CK2 loc key)",SeNola,new key
dynn_fae_872,"common/dynasties name (literal, no CK2 loc key)",Duststalker,new key
dynn_fae_8720,"common/dynasties name (literal, no CK2 loc key)",SeGando,new key
dynn_fae_8721,"common/dynasties name (literal, no CK2 loc key)",SeBarr,new key
dynn_fae_8722,"common/dynasties name (literal, no CK2 loc key)",Bouldertoss,new key
dynn_fae_8723,"common/dynasties name (literal, no CK2 loc key)",Dragonbreaker,new key
dynn_fae_8724,"common/dynasties name (literal, no CK2 loc key)",Frostspear,new key
dynn_fae_8725,"common/dynasties name (literal, no CK2 loc key)",Hammerhands,new key
dynn_fae_8726,"common/dynasties name (literal, no CK2 loc key)",Thunderhands,new key
dynn_fae_8727,"common/dynasties name (literal, no CK2 loc key)",Cliff-Breaker,new key
dynn_fae_8728,"common/dynasties name (literal, no CK2 loc key)",Bonebreaker,new key
dynn_fae_8729,"common/dynasties name (literal, no CK2 loc key)",Huntmaster,new key
dynn_fae_873,"common/dynasties name (literal, no CK2 loc key)",Gravag,new key
dynn_fae_8730,"common/dynasties name (literal, no CK2 loc key)",Pearlcrown,new key
dynn_fae_8731,"common/dynasties name (literal, no CK2 loc key)",Cloudgazer,new key
dynn_fae_8732,"common/dynasties name (literal, no CK2 loc key)",Firestep,new key
dynn_fae_8733,"common/dynasties name (literal, no CK2 loc key)",Cave-Terror,new key
dynn_fae_8734,"common/dynasties name (literal, no CK2 loc key)",Wartide,new key
dynn_fae_8735,"common/dynasties name (literal, no CK2 loc key)",Nimblehands,new key
dynn_fae_8736,"common/dynasties name (literal, no CK2 loc key)",Boulderhands,new key
dynn_fae_8737,"common/dynasties name (literal, no CK2 loc key)",Dragonflayer,new key
dynn_fae_8738,"common/dynasties name (literal, no CK2 loc key)",Blackiron,new key
dynn_fae_8739,"common/dynasties name (literal, no CK2 loc key)",Coralcrown,new key
dynn_fae_874,"common/dynasties name (literal, no CK2 loc key)",Magraxalthos,new key
dynn_fae_8740,"common/dynasties name (literal, no CK2 loc key)",Thundersteps,new key
dynn_fae_8741,"common/dynasties name (literal, no CK2 loc key)",Sand-Spitter,new key
dynn_fae_8742,"common/dynasties name (literal, no CK2 loc key)",Greenranger,new key
dynn_fae_8743,"common/dynasties name (literal, no CK2 loc key)",Beachbody,new key
dynn_fae_8744,"common/dynasties name (literal, no CK2 loc key)",Mistwalker,new key
dynn_fae_8745,"common/dynasties name (literal, no CK2 loc key)",Shadowhands,new key
dynn_fae_8746,"common/dynasties name (literal, no CK2 loc key)",Sail-Breaker,new key
dynn_fae_8747,"common/dynasties name (literal, no CK2 loc key)",Steelblade,new key
dynn_fae_8748,"common/dynasties name (literal, no CK2 loc key)",Stone-Shaper,new key
dynn_fae_8749,"common/dynasties name (literal, no CK2 loc key)",Greatfeast,new key
dynn_fae_875,"common/dynasties name (literal, no CK2 loc key)",Shedscale,new key
dynn_fae_8750,"common/dynasties name (literal, no CK2 loc key)",Hornbreaker,new key
dynn_fae_8751,"common/dynasties name (literal, no CK2 loc key)",Shatterhelm,new key
dynn_fae_8752,"common/dynasties name (literal, no CK2 loc key)",Stormblade,new key
dynn_fae_8753,"common/dynasties name (literal, no CK2 loc key)",Highmount,new key
dynn_fae_8754,"common/dynasties name (literal, no CK2 loc key)",Widegaze,new key
dynn_fae_8755,"common/dynasties name (literal, no CK2 loc key)",Greendeep,new key
dynn_fae_8756,"common/dynasties name (literal, no CK2 loc key)",Great Blue,new key
dynn_fae_8757,"common/dynasties name (literal, no CK2 loc key)",Silentstep,new key
dynn_fae_8758,"common/dynasties name (literal, no CK2 loc key)",of the Caverns,new key
dynn_fae_8759,"common/dynasties name (literal, no CK2 loc key)",of the Feast,new key
dynn_fae_876,"common/dynasties name (literal, no CK2 loc key)",Barkfang,new key
dynn_fae_8760,"common/dynasties name (literal, no CK2 loc key)",of the Ice,new key
dynn_fae_8761,"common/dynasties name (literal, no CK2 loc key)",of the Forge,new key
dynn_fae_8762,"common/dynasties name (literal, no CK2 loc key)",of the Deeps,new key
dynn_fae_8763,"common/dynasties name (literal, no CK2 loc key)",of the Cliffs,new key
dynn_fae_8764,"common/dynasties name (literal, no CK2 loc key)",of the Oasis,new key
dynn_fae_8765,"common/dynasties name (literal, no CK2 loc key)",of the Wilds,new key
dynn_fae_8766,"common/dynasties name (literal, no CK2 loc key)",of the Waves,new key
dynn_fae_8767,"common/dynasties name (literal, no CK2 loc key)",of the Mists,new key
dynn_fae_8768,"common/dynasties name (literal, no CK2 loc key)",of the Firepeaks,new key
dynn_fae_8769,"common/dynasties name (literal, no CK2 loc key)",of the Isles,new key
dynn_fae_877,"common/dynasties name (literal, no CK2 loc key)",Grimgaze,new key
dynn_fae_8770,"common/dynasties name (literal, no CK2 loc key)",of the Sandstorm,new key
dynn_fae_8771,"common/dynasties name (literal, no CK2 loc key)",of Echoing Halls,new key
dynn_fae_8772,"common/dynasties name (literal, no CK2 loc key)",of the Thundering Steps,new key
dynn_fae_8773,"common/dynasties name (literal, no CK2 loc key)",of the Mammoth Lords,new key
dynn_fae_8774,"common/dynasties name (literal, no CK2 loc key)",of the Final Order,new key
dynn_fae_8775,"common/dynasties name (literal, no CK2 loc key)",of the Shimmering Court,new key
dynn_fae_8776,"common/dynasties name (literal, no CK2 loc key)",of the Broken Peak,new key
dynn_fae_8777,"common/dynasties name (literal, no CK2 loc key)",of the Lost Realm,new key
dynn_fae_8778,"common/dynasties name (literal, no CK2 loc key)",of the Winding Trail,new key
dynn_fae_8779,"common/dynasties name (literal, no CK2 loc key)",of the Sunlit Waters,new key
dynn_fae_878,"common/dynasties name (literal, no CK2 loc key)",Drowbreaker,new key
dynn_fae_8780,"common/dynasties name (literal, no CK2 loc key)",of the Heights,new key
dynn_fae_8781,"common/dynasties name (literal, no CK2 loc key)",of the Shuddering Plain,new key
dynn_fae_8782,"common/dynasties name (literal, no CK2 loc key)",of the Wreck,new key
dynn_fae_8783,"common/dynasties name (literal, no CK2 loc key)",of the March,new key
dynn_fae_8784,"common/dynasties name (literal, no CK2 loc key)",Ghondalaath,new key
dynn_fae_8785,"common/dynasties name (literal, no CK2 loc key)",Yestral,new key
dynn_fae_8786,"common/dynasties name (literal, no CK2 loc key)",Tharshild,new key
dynn_fae_8787,"common/dynasties name (literal, no CK2 loc key)",Ringreemeralxoth,new key
dynn_fae_8788,"common/dynasties name (literal, no CK2 loc key)",Ekki,new key
dynn_fae_8789,"common/dynasties name (literal, no CK2 loc key)",Hulrundrar,new key
dynn_fae_879,"common/dynasties name (literal, no CK2 loc key)",Xithalkith,new key
dynn_fae_8790,"common/dynasties name (literal, no CK2 loc key)",Eacoathildarandus,new key
dynn_fae_8791,"common/dynasties name (literal, no CK2 loc key)",Grubnik,new key
dynn_fae_8792,"common/dynasties name (literal, no CK2 loc key)",Zhon,new key
dynn_fae_8793,"common/dynasties name (literal, no CK2 loc key)",Sra,new key
dynn_fae_8794,"common/dynasties name (literal, no CK2 loc key)",Zarma,new key
dynn_fae_8795,"common/dynasties name (literal, no CK2 loc key)",Darromar,new key
dynn_fae_8796,"common/dynasties name (literal, no CK2 loc key)",Mithbarakaz,new key
dynn_fae_8797,"common/dynasties name (literal, no CK2 loc key)",Maendrar,new key
dynn_fae_8798,"common/dynasties name (literal, no CK2 loc key)",Sunderaxe,new key
dynn_fae_8799,"common/dynasties name (literal, no CK2 loc key)",Shimmerhand,new key
dynn_fae_88,"common/dynasties name (literal, no CK2 loc key)",Olithir,new key
dynn_fae_880,"common/dynasties name (literal, no CK2 loc key)",Stripemane,new key
dynn_fae_8800,"common/dynasties name (literal, no CK2 loc key)",Forgesilver,new key
dynn_fae_8801,"common/dynasties name (literal, no CK2 loc key)",Chergoba,new key
dynn_fae_8802,"common/dynasties name (literal, no CK2 loc key)",Dyernina,new key
dynn_fae_8803,"common/dynasties name (literal, no CK2 loc key)",Iltazyara,new key
dynn_fae_8804,"common/dynasties name (literal, no CK2 loc key)",Murnyethara,new key
dynn_fae_8805,"common/dynasties name (literal, no CK2 loc key)",Stayanoga,new key
dynn_fae_8806,"common/dynasties name (literal, no CK2 loc key)",Ulmokina,new key
dynn_fae_8807,"common/dynasties name (literal, no CK2 loc key)",Hussilthar,new key
dynn_fae_8808,"common/dynasties name (literal, no CK2 loc key)",Athkarr,new key
dynn_fae_8809,"common/dynasties name (literal, no CK2 loc key)",Mimdusko,new key
dynn_fae_881,"common/dynasties name (literal, no CK2 loc key)",Sleenauroo,new key
dynn_fae_8810,"common/dynasties name (literal, no CK2 loc key)",Jonyezara,new key
dynn_fae_8811,"common/dynasties name (literal, no CK2 loc key)",Haan,new key
dynn_fae_8812,"common/dynasties name (literal, no CK2 loc key)",Tuplerovki,new key
dynn_fae_8813,"common/dynasties name (literal, no CK2 loc key)",Monyetho,new key
dynn_fae_8814,"common/dynasties name (literal, no CK2 loc key)",Dyervolk,new key
dynn_fae_8815,"common/dynasties name (literal, no CK2 loc key)",Night-Tree,new key
dynn_fae_8816,"common/dynasties name (literal, no CK2 loc key)",Wolfmaster,new key
dynn_fae_8817,"common/dynasties name (literal, no CK2 loc key)",Kovlor,new key
dynn_fae_8818,"common/dynasties name (literal, no CK2 loc key)",Keldurr,new key
dynn_fae_8819,"common/dynasties name (literal, no CK2 loc key)",White-Feather,new key
dynn_fae_882,"common/dynasties name (literal, no CK2 loc key)",Rathyr,new key
dynn_fae_8820,"common/dynasties name (literal, no CK2 loc key)",Artyodor,new key
dynn_fae_8821,"common/dynasties name (literal, no CK2 loc key)",Breshk,new key
dynn_fae_8822,"common/dynasties name (literal, no CK2 loc key)",Spirit-Trail,new key
dynn_fae_8823,"common/dynasties name (literal, no CK2 loc key)",of the Seven Rivers,new key
dynn_fae_8824,"common/dynasties name (literal, no CK2 loc key)",Icevein,new key
dynn_fae_8825,"common/dynasties name (literal, no CK2 loc key)",of Dreams,new key
dynn_fae_8826,"common/dynasties name (literal, no CK2 loc key)",Flamebeard,new key
dynn_fae_8827,"common/dynasties name (literal, no CK2 loc key)",Rythyn,new key
dynn_fae_8828,"common/dynasties name (literal, no CK2 loc key)",Deathhammer,new key
dynn_fae_8829,"common/dynasties name (literal, no CK2 loc key)",Bloodaxe,new key
dynn_fae_883,"common/dynasties name (literal, no CK2 loc key)",Landinan,new key
dynn_fae_8830,"common/dynasties name (literal, no CK2 loc key)",Thundermace,new key
dynn_fae_8831,"common/dynasties name (literal, no CK2 loc key)",Truetemper,new key
dynn_fae_8832,"common/dynasties name (literal, no CK2 loc key)",Tuerny,new key
dynn_fae_8833,"common/dynasties name (literal, no CK2 loc key)",Llashloch,new key
dynn_fae_8834,"common/dynasties name (literal, no CK2 loc key)",yr Iamar,new key
dynn_fae_8835,"common/dynasties name (literal, no CK2 loc key)",Bal,new key
dynn_fae_8836,"common/dynasties name (literal, no CK2 loc key)",Yvarrg,new key
dynn_fae_8837,"common/dynasties name (literal, no CK2 loc key)",Oldgate,new key
dynn_fae_8838,"common/dynasties name (literal, no CK2 loc key)",Dhostar,new key
dynn_fae_8839,"common/dynasties name (literal, no CK2 loc key)",Ssemm,new key
dynn_fae_884,"common/dynasties name (literal, no CK2 loc key)",Nagram,new key
dynn_fae_8840,"common/dynasties name (literal, no CK2 loc key)",Nrant,new key
dynn_fae_8841,"common/dynasties name (literal, no CK2 loc key)",Zurth,new key
dynn_fae_8842,"common/dynasties name (literal, no CK2 loc key)",Srossar,new key
dynn_fae_8843,"common/dynasties name (literal, no CK2 loc key)",Bloodlake,new key
dynn_fae_8844,"common/dynasties name (literal, no CK2 loc key)",Hartsten,new key
dynn_fae_8845,"common/dynasties name (literal, no CK2 loc key)",Onopordum,new key
dynn_fae_8846,"common/dynasties name (literal, no CK2 loc key)",Homebringer,new key
dynn_fae_8847,"common/dynasties name (literal, no CK2 loc key)",Sparkledrim,new key
dynn_fae_8848,"common/dynasties name (literal, no CK2 loc key)",Hardspar,new key
dynn_fae_8849,"common/dynasties name (literal, no CK2 loc key)",Barazzedar,new key
dynn_fae_885,"common/dynasties name (literal, no CK2 loc key)",Wubliizoop,new key
dynn_fae_8850,"common/dynasties name (literal, no CK2 loc key)",Squall,new key
dynn_fae_8851,"common/dynasties name (literal, no CK2 loc key)",Hooloodloog,new key
dynn_fae_8852,"common/dynasties name (literal, no CK2 loc key)",Telressen,new key
dynn_fae_8853,"common/dynasties name (literal, no CK2 loc key)",Spellgard,new key
dynn_fae_8854,"common/dynasties name (literal, no CK2 loc key)",Icefang,new key
dynn_fae_8855,"common/dynasties name (literal, no CK2 loc key)",Stermhaft,new key
dynn_fae_8856,"common/dynasties name (literal, no CK2 loc key)",Sorgsen,new key
dynn_fae_8857,"common/dynasties name (literal, no CK2 loc key)",Ardamar,new key
dynn_fae_8858,"common/dynasties name (literal, no CK2 loc key)",Marrowslake,new key
dynn_fae_8859,"common/dynasties name (literal, no CK2 loc key)",Hidebehind,new key
dynn_fae_886,"common/dynasties name (literal, no CK2 loc key)",Gritfang,new key
dynn_fae_8860,"common/dynasties name (literal, no CK2 loc key)",von Mensch,new key
dynn_fae_8861,"common/dynasties name (literal, no CK2 loc key)",Wavecho,new key
dynn_fae_8862,"common/dynasties name (literal, no CK2 loc key)",Gromann,new key
dynn_fae_8863,"common/dynasties name (literal, no CK2 loc key)",Winterforge,new key
dynn_fae_8864,"common/dynasties name (literal, no CK2 loc key)",Icehammer,new key
dynn_fae_8865,"common/dynasties name (literal, no CK2 loc key)",Winterkill,new key
dynn_fae_8866,"common/dynasties name (literal, no CK2 loc key)",Frosthold,new key
dynn_fae_8867,"common/dynasties name (literal, no CK2 loc key)",Nivis,new key
dynn_fae_8868,"common/dynasties name (literal, no CK2 loc key)",Harrowslough,new key
dynn_fae_8869,"common/dynasties name (literal, no CK2 loc key)",Stone,new key
dynn_fae_887,"common/dynasties name (literal, no CK2 loc key)",Knotbeard,new key
dynn_fae_8870,"common/dynasties name (literal, no CK2 loc key)",el Galsah,new key
dynn_fae_8871,"common/dynasties name (literal, no CK2 loc key)",el Limiz,new key
dynn_fae_8872,"common/dynasties name (literal, no CK2 loc key)",Kirmiz,new key
dynn_fae_8873,"common/dynasties name (literal, no CK2 loc key)",Pharlyn,new key
dynn_fae_8874,"common/dynasties name (literal, no CK2 loc key)",Brit,new key
dynn_fae_8875,"common/dynasties name (literal, no CK2 loc key)",DaRoni,new key
dynn_fae_8876,"common/dynasties name (literal, no CK2 loc key)",Fitzmoran,new key
dynn_fae_8877,"common/dynasties name (literal, no CK2 loc key)",Twiddle,new key
dynn_fae_8878,"common/dynasties name (literal, no CK2 loc key)",Toth,new key
dynn_fae_8879,"common/dynasties name (literal, no CK2 loc key)",Stephammer,new key
dynn_fae_888,"common/dynasties name (literal, no CK2 loc key)",Windspeaker,new key
dynn_fae_8880,"common/dynasties name (literal, no CK2 loc key)",Barbarak,new key
dynn_fae_8881,"common/dynasties name (literal, no CK2 loc key)",Rhandle,new key
dynn_fae_8882,"common/dynasties name (literal, no CK2 loc key)",Nieldot,new key
dynn_fae_8883,"common/dynasties name (literal, no CK2 loc key)",Dualdon,new key
dynn_fae_8884,"common/dynasties name (literal, no CK2 loc key)",Dinnesmore,new key
dynn_fae_8885,"common/dynasties name (literal, no CK2 loc key)",al-Nisr,new key
dynn_fae_8886,"common/dynasties name (literal, no CK2 loc key)",Amnwater,new key
dynn_fae_8887,"common/dynasties name (literal, no CK2 loc key)",Crimman,new key
dynn_fae_8888,"common/dynasties name (literal, no CK2 loc key)",Eshpurtan,new key
dynn_fae_8889,"common/dynasties name (literal, no CK2 loc key)",Imnescan,new key
dynn_fae_889,"common/dynasties name (literal, no CK2 loc key)",Belbus,new key
dynn_fae_8890,"common/dynasties name (literal, no CK2 loc key)",Mhairuun,new key
dynn_fae_8891,"common/dynasties name (literal, no CK2 loc key)",Byndraeth,new key
dynn_fae_8892,"common/dynasties name (literal, no CK2 loc key)",Myrt,new key
dynn_fae_8893,"common/dynasties name (literal, no CK2 loc key)",Isothe,new key
dynn_fae_8894,"common/dynasties name (literal, no CK2 loc key)",Duumin,new key
dynn_fae_8895,"common/dynasties name (literal, no CK2 loc key)",Shalescar,new key
dynn_fae_8896,"common/dynasties name (literal, no CK2 loc key)",Wellbreaker,new key
dynn_fae_8897,"common/dynasties name (literal, no CK2 loc key)",Grimskalle,new key
dynn_fae_8898,"common/dynasties name (literal, no CK2 loc key)",Oldspite,new key
dynn_fae_8899,"common/dynasties name (literal, no CK2 loc key)",Icewind,new key
dynn_fae_89,"common/dynasties name (literal, no CK2 loc key)",Blackhelm,new key
dynn_fae_890,"common/dynasties name (literal, no CK2 loc key)",Nafghin,new key
dynn_fae_8900,"common/dynasties name (literal, no CK2 loc key)",Hagsbane,new key
dynn_fae_8901,"common/dynasties name (literal, no CK2 loc key)",Se,new key
dynn_fae_8902,"common/dynasties name (literal, no CK2 loc key)",Rmu,new key
dynn_fae_8903,"common/dynasties name (literal, no CK2 loc key)",Stong,new key
dynn_fae_8904,"common/dynasties name (literal, no CK2 loc key)",Ldong,new key
dynn_fae_8905,"common/dynasties name (literal, no CK2 loc key)",Dbra,new key
dynn_fae_8906,"common/dynasties name (literal, no CK2 loc key)",Vgru,new key
dynn_fae_8907,"common/dynasties name (literal, no CK2 loc key)",Lga,new key
dynn_fae_8908,"common/dynasties name (literal, no CK2 loc key)",Dbas,new key
dynn_fae_8909,"common/dynasties name (literal, no CK2 loc key)",Brdav,new key
dynn_fae_891,"common/dynasties name (literal, no CK2 loc key)",Harefth,new key
dynn_fae_8910,"common/dynasties name (literal, no CK2 loc key)",Ga,new key
dynn_fae_8911,"common/dynasties name (literal, no CK2 loc key)",Trontev,new key
dynn_fae_8912,"common/dynasties name (literal, no CK2 loc key)",Ambull,new key
dynn_fae_8913,"common/dynasties name (literal, no CK2 loc key)",Tarbet,new key
dynn_fae_8914,"common/dynasties name (literal, no CK2 loc key)",Marlin,new key
dynn_fae_8915,"common/dynasties name (literal, no CK2 loc key)",Neveran,new key
dynn_fae_8916,"common/dynasties name (literal, no CK2 loc key)",Easthaven,new key
dynn_fae_8917,"common/dynasties name (literal, no CK2 loc key)",Brent,new key
dynn_fae_8918,"common/dynasties name (literal, no CK2 loc key)",Thring,new key
dynn_fae_8919,"common/dynasties name (literal, no CK2 loc key)",Borgensen,new key
dynn_fae_892,"common/dynasties name (literal, no CK2 loc key)",Tesslo,new key
dynn_fae_8920,"common/dynasties name (literal, no CK2 loc key)",Lowell,new key
dynn_fae_8921,"common/dynasties name (literal, no CK2 loc key)",Zexingeth,new key
dynn_fae_8922,"common/dynasties name (literal, no CK2 loc key)",Siever,new key
dynn_fae_8923,"common/dynasties name (literal, no CK2 loc key)",Levistan,new key
dynn_fae_8924,"common/dynasties name (literal, no CK2 loc key)",Frost,new key
dynn_fae_8925,"common/dynasties name (literal, no CK2 loc key)",Umari,new key
dynn_fae_8926,"common/dynasties name (literal, no CK2 loc key)",al-Hututi,new key
dynn_fae_8927,"common/dynasties name (literal, no CK2 loc key)",al-Yatiri,new key
dynn_fae_8928,"common/dynasties name (literal, no CK2 loc key)",Muhifi,new key
dynn_fae_8929,"common/dynasties name (literal, no CK2 loc key)",Jibali,new key
dynn_fae_893,"common/dynasties name (literal, no CK2 loc key)",Kashgath,new key
dynn_fae_8930,"common/dynasties name (literal, no CK2 loc key)",al-'Atwari,new key
dynn_fae_8931,"common/dynasties name (literal, no CK2 loc key)",al-Zirri,new key
dynn_fae_8932,"common/dynasties name (literal, no CK2 loc key)",al-Jabaliyy,new key
dynn_fae_8933,"common/dynasties name (literal, no CK2 loc key)",al-Wudyani,new key
dynn_fae_8934,"common/dynasties name (literal, no CK2 loc key)",an-Nahari,new key
dynn_fae_8935,"common/dynasties name (literal, no CK2 loc key)",ad-Daffati,new key
dynn_fae_8936,"common/dynasties name (literal, no CK2 loc key)",al-Munhadarati,new key
dynn_fae_8937,"common/dynasties name (literal, no CK2 loc key)",al-Qimami,new key
dynn_fae_8938,"common/dynasties name (literal, no CK2 loc key)",al-Jurfi,new key
dynn_fae_8939,"common/dynasties name (literal, no CK2 loc key)",ar-Ra'isi,new key
dynn_fae_894,"common/dynasties name (literal, no CK2 loc key)",Wisskaj,new key
dynn_fae_8940,"common/dynasties name (literal, no CK2 loc key)",al-'Aqiqi,new key
dynn_fae_8941,"common/dynasties name (literal, no CK2 loc key)",Dubrace,new key
dynn_fae_8942,"common/dynasties name (literal, no CK2 loc key)",Untapoor,new key
dynn_fae_8943,"common/dynasties name (literal, no CK2 loc key)",Grynstead,new key
dynn_fae_8944,"common/dynasties name (literal, no CK2 loc key)",Rielsbarrow,new key
dynn_fae_8945,"common/dynasties name (literal, no CK2 loc key)",Walson,new key
dynn_fae_8946,"common/dynasties name (literal, no CK2 loc key)",Rumblebelly,new key
dynn_fae_8947,"common/dynasties name (literal, no CK2 loc key)",Muldoon,new key
dynn_fae_8948,"common/dynasties name (literal, no CK2 loc key)",Lohrg,new key
dynn_fae_8949,"common/dynasties name (literal, no CK2 loc key)",Filhinn,new key
dynn_fae_895,"common/dynasties name (literal, no CK2 loc key)",Wariv,new key
dynn_fae_8950,"common/dynasties name (literal, no CK2 loc key)",Hammerstone,new key
dynn_fae_8951,"common/dynasties name (literal, no CK2 loc key)",Masthew,new key
dynn_fae_8952,"common/dynasties name (literal, no CK2 loc key)",Mazlu,new key
dynn_fae_8953,"common/dynasties name (literal, no CK2 loc key)",Vuhlghu,new key
dynn_fae_8954,"common/dynasties name (literal, no CK2 loc key)",Silverfinger,new key
dynn_fae_8955,"common/dynasties name (literal, no CK2 loc key)",Gorfalc,new key
dynn_fae_8956,"common/dynasties name (literal, no CK2 loc key)",el Sufontis,new key
dynn_fae_8957,"common/dynasties name (literal, no CK2 loc key)",el Teshyll,new key
dynn_fae_8958,"common/dynasties name (literal, no CK2 loc key)",Miziltep,new key
dynn_fae_8959,"common/dynasties name (literal, no CK2 loc key)",Phaulkon,new key
dynn_fae_896,"common/dynasties name (literal, no CK2 loc key)",Xavarathimius,new key
dynn_fae_8960,"common/dynasties name (literal, no CK2 loc key)",Grasswave,new key
dynn_fae_8961,"common/dynasties name (literal, no CK2 loc key)",Greyvale,new key
dynn_fae_8962,"common/dynasties name (literal, no CK2 loc key)",Orlbar,new key
dynn_fae_8963,"common/dynasties name (literal, no CK2 loc key)",Ivarzin,new key
dynn_fae_8964,"common/dynasties name (literal, no CK2 loc key)",Darkpool,new key
dynn_fae_8965,"common/dynasties name (literal, no CK2 loc key)",Urkrath,new key
dynn_fae_8966,"common/dynasties name (literal, no CK2 loc key)",Isjarl,new key
dynn_fae_8967,"common/dynasties name (literal, no CK2 loc key)",Akannathi,new key
dynn_fae_8968,"common/dynasties name (literal, no CK2 loc key)",Anakalathai,new key
dynn_fae_8969,"common/dynasties name (literal, no CK2 loc key)",Elanithino,new key
dynn_fae_897,"common/dynasties name (literal, no CK2 loc key)",Glut,new key
dynn_fae_8970,"common/dynasties name (literal, no CK2 loc key)",Gathakanathi,new key
dynn_fae_8971,"common/dynasties name (literal, no CK2 loc key)",Kalagiano,new key
dynn_fae_8972,"common/dynasties name (literal, no CK2 loc key)",Katho-Olavi,new key
dynn_fae_8973,"common/dynasties name (literal, no CK2 loc key)",Kolae-Gileana,new key
dynn_fae_8974,"common/dynasties name (literal, no CK2 loc key)",Ogolakanu,new key
dynn_fae_8975,"common/dynasties name (literal, no CK2 loc key)",Thuliaga,new key
dynn_fae_8976,"common/dynasties name (literal, no CK2 loc key)",Thunukalathi,new key
dynn_fae_8977,"common/dynasties name (literal, no CK2 loc key)",Thuunlakalaga,new key
dynn_fae_8978,"common/dynasties name (literal, no CK2 loc key)",Icecrag,new key
dynn_fae_8979,"common/dynasties name (literal, no CK2 loc key)",Thurlow,new key
dynn_fae_898,"common/dynasties name (literal, no CK2 loc key)",Rathxal,new key
dynn_fae_8980,"common/dynasties name (literal, no CK2 loc key)",Hoar-Fang,new key
dynn_fae_8981,"common/dynasties name (literal, no CK2 loc key)",Ravenhair,new key
dynn_fae_8982,"common/dynasties name (literal, no CK2 loc key)",Dawnhorn,new key
dynn_fae_8983,"common/dynasties name (literal, no CK2 loc key)",Horgontivar,new key
dynn_fae_8984,"common/dynasties name (literal, no CK2 loc key)",Greenfeather,new key
dynn_fae_8985,"common/dynasties name (literal, no CK2 loc key)",Bright,new key
dynn_fae_8986,"common/dynasties name (literal, no CK2 loc key)",Firstlight,new key
dynn_fae_8987,"common/dynasties name (literal, no CK2 loc key)",Echec,new key
dynn_fae_8988,"common/dynasties name (literal, no CK2 loc key)",Valsprendar,new key
dynn_fae_8989,"common/dynasties name (literal, no CK2 loc key)",Paroland,new key
dynn_fae_899,"common/dynasties name (literal, no CK2 loc key)",Treesong,new key
dynn_fae_8990,"common/dynasties name (literal, no CK2 loc key)",Granitefang,new key
dynn_fae_8991,"common/dynasties name (literal, no CK2 loc key)",Gildenbow,new key
dynn_fae_8992,"common/dynasties name (literal, no CK2 loc key)",Sutton,new key
dynn_fae_8993,"common/dynasties name (literal, no CK2 loc key)",Chilgrip,new key
dynn_fae_8994,"common/dynasties name (literal, no CK2 loc key)",Whitelock,new key
dynn_fae_8995,"common/dynasties name (literal, no CK2 loc key)",Velarsburg,new key
dynn_fae_8996,"common/dynasties name (literal, no CK2 loc key)",Oakenstave,new key
dynn_fae_8997,"common/dynasties name (literal, no CK2 loc key)",Oakenstaff,new key
dynn_fae_8998,"common/dynasties name (literal, no CK2 loc key)",Hulnhurn,new key
dynn_fae_8999,"common/dynasties name (literal, no CK2 loc key)",Teshwave,new key
dynn_fae_9,"common/dynasties name (literal, no CK2 loc key)",Sourgrass,new key
dynn_fae_90,"common/dynasties name (literal, no CK2 loc key)",Feymane,new key
dynn_fae_900,"common/dynasties name (literal, no CK2 loc key)",Citrusbloom,new key
dynn_fae_9000,"common/dynasties name (literal, no CK2 loc key)",Teshpost,new key
dynn_fae_9001,"common/dynasties name (literal, no CK2 loc key)",Wang,new key
dynn_fae_9002,"common/dynasties name (literal, no CK2 loc key)",Li,new key
dynn_fae_9003,"common/dynasties name (literal, no CK2 loc key)",Zhang,new key
dynn_fae_9004,"common/dynasties name (literal, no CK2 loc key)",Liu,new key
dynn_fae_9005,"common/dynasties name (literal, no CK2 loc key)",Chen,new key
dynn_fae_9006,"common/dynasties name (literal, no CK2 loc key)",Yang,new key
dynn_fae_9007,"common/dynasties name (literal, no CK2 loc key)",Huang,new key
dynn_fae_9008,"common/dynasties name (literal, no CK2 loc key)",Zhao,new key
dynn_fae_9009,"common/dynasties name (literal, no CK2 loc key)",Wu,new key
dynn_fae_901,"common/dynasties name (literal, no CK2 loc key)",Tidespear,new key
dynn_fae_9010,"common/dynasties name (literal, no CK2 loc key)",Zhou,new key
dynn_fae_9011,"common/dynasties name (literal, no CK2 loc key)",Xu,new key
dynn_fae_9012,"common/dynasties name (literal, no CK2 loc key)",Sun,new key
dynn_fae_9013,"common/dynasties name (literal, no CK2 loc key)",Ma,new key
dynn_fae_9014,"common/dynasties name (literal, no CK2 loc key)",Zhu,new key
dynn_fae_9015,"common/dynasties name (literal, no CK2 loc key)",Hu,new key
dynn_fae_9016,"common/dynasties name (literal, no CK2 loc key)",Guo,new key
dynn_fae_9017,"common/dynasties name (literal, no CK2 loc key)",He,new key
dynn_fae_9018,"common/dynasties name (literal, no CK2 loc key)",Gao,new key
dynn_fae_9019,"common/dynasties name (literal, no CK2 loc key)",Lin,new key
dynn_fae_902,"common/dynasties name (literal, no CK2 loc key)",Onefang,new key
dynn_fae_9020,"common/dynasties name (literal, no CK2 loc key)",Luo,new key
dynn_fae_9021,"common/dynasties name (literal, no CK2 loc key)",Zheng,new key
dynn_fae_9022,"common/dynasties name (literal, no CK2 loc key)",Liang,new key
dynn_fae_9023,"common/dynasties name (literal, no CK2 loc key)",Xie,new key
dynn_fae_9024,"common/dynasties name (literal, no CK2 loc key)",Song,new key
dynn_fae_9025,"common/dynasties name (literal, no CK2 loc key)",Tang,new key
dynn_fae_9026,"common/dynasties name (literal, no CK2 loc key)",Jaw-long,new key
dynn_fae_9027,"common/dynasties name (literal, no CK2 loc key)",Cao,new key
dynn_fae_9028,"common/dynasties name (literal, no CK2 loc key)",Yuan,new key
dynn_fae_9029,"common/dynasties name (literal, no CK2 loc key)",Bao,new key
dynn_fae_903,"common/dynasties name (literal, no CK2 loc key)",Greatclub,new key
dynn_fae_9030,"common/dynasties name (literal, no CK2 loc key)",Feng,new key
dynn_fae_9031,"common/dynasties name (literal, no CK2 loc key)",Wan-yen,new key
dynn_fae_9032,"common/dynasties name (literal, no CK2 loc key)",Deng,new key
dynn_fae_9033,"common/dynasties name (literal, no CK2 loc key)",Chan,new key
dynn_fae_9034,"common/dynasties name (literal, no CK2 loc key)",Pan,new key
dynn_fae_9035,"common/dynasties name (literal, no CK2 loc key)",Cai,new key
dynn_fae_9036,"common/dynasties name (literal, no CK2 loc key)",Du,new key
dynn_fae_9037,"common/dynasties name (literal, no CK2 loc key)",Batu,new key
dynn_fae_9038,"common/dynasties name (literal, no CK2 loc key)",Shin,new key
dynn_fae_9039,"common/dynasties name (literal, no CK2 loc key)",Ju-Hai,new key
dynn_fae_904,"common/dynasties name (literal, no CK2 loc key)",Blueface,new key
dynn_fae_9040,"common/dynasties name (literal, no CK2 loc key)",Tan,new key
dynn_fae_9041,"common/dynasties name (literal, no CK2 loc key)",Ho,new key
dynn_fae_9042,"common/dynasties name (literal, no CK2 loc key)",Wai,new key
dynn_fae_9043,"common/dynasties name (literal, no CK2 loc key)",Yang,new key
dynn_fae_9044,"common/dynasties name (literal, no CK2 loc key)",Maki,new key
dynn_fae_9045,"common/dynasties name (literal, no CK2 loc key)",Jo,new key
dynn_fae_9046,"common/dynasties name (literal, no CK2 loc key)",Ko,new key
dynn_fae_9047,"common/dynasties name (literal, no CK2 loc key)",Tien,new key
dynn_fae_9048,"common/dynasties name (literal, no CK2 loc key)",Yao,new key
dynn_fae_9049,"common/dynasties name (literal, no CK2 loc key)",Lu,new key
dynn_fae_905,"common/dynasties name (literal, no CK2 loc key)",Scalebreaker,new key
dynn_fae_9050,"common/dynasties name (literal, no CK2 loc key)",Jia,new key
dynn_fae_9051,"common/dynasties name (literal, no CK2 loc key)",Xia,new key
dynn_fae_9052,"common/dynasties name (literal, no CK2 loc key)",D'Ahn,new key
dynn_fae_9053,"common/dynasties name (literal, no CK2 loc key)",Kin,new key
dynn_fae_9055,"common/dynasties name (literal, no CK2 loc key)",Rgya,new key
dynn_fae_9056,"common/dynasties name (literal, no CK2 loc key)",Bzang,new key
dynn_fae_9057,"common/dynasties name (literal, no CK2 loc key)",Xi'er,new key
dynn_fae_9058,"common/dynasties name (literal, no CK2 loc key)",Skal,new key
dynn_fae_9059,"common/dynasties name (literal, no CK2 loc key)",Hou Ling,new key
dynn_fae_906,"common/dynasties name (literal, no CK2 loc key)",Tallpipe,new key
dynn_fae_9060,"common/dynasties name (literal, no CK2 loc key)",Jian,new key
dynn_fae_9061,"common/dynasties name (literal, no CK2 loc key)",Do,new key
dynn_fae_9062,"common/dynasties name (literal, no CK2 loc key)",K'o,new key
dynn_fae_9063,"common/dynasties name (literal, no CK2 loc key)",Chang,new key
dynn_fae_9064,"common/dynasties name (literal, no CK2 loc key)",Chao,new key
dynn_fae_9065,"common/dynasties name (literal, no CK2 loc key)",Chou,new key
dynn_fae_9066,"common/dynasties name (literal, no CK2 loc key)",Hsu,new key
dynn_fae_9067,"common/dynasties name (literal, no CK2 loc key)",Chu,new key
dynn_fae_9068,"common/dynasties name (literal, no CK2 loc key)",Kuo,new key
dynn_fae_9069,"common/dynasties name (literal, no CK2 loc key)",Ho,new key
dynn_fae_907,"common/dynasties name (literal, no CK2 loc key)",Reefclub,new key
dynn_fae_9070,"common/dynasties name (literal, no CK2 loc key)",Kao,new key
dynn_fae_9071,"common/dynasties name (literal, no CK2 loc key)",Lo,new key
dynn_fae_9072,"common/dynasties name (literal, no CK2 loc key)",Cheng,new key
dynn_fae_9073,"common/dynasties name (literal, no CK2 loc key)",Hsieh,new key
dynn_fae_9074,"common/dynasties name (literal, no CK2 loc key)",Sung,new key
dynn_fae_9075,"common/dynasties name (literal, no CK2 loc key)",T'ang,new key
dynn_fae_9076,"common/dynasties name (literal, no CK2 loc key)",Teng,new key
dynn_fae_9077,"common/dynasties name (literal, no CK2 loc key)",Han,new key
dynn_fae_9078,"common/dynasties name (literal, no CK2 loc key)",Ts'ao,new key
dynn_fae_9079,"common/dynasties name (literal, no CK2 loc key)",Peng,new key
dynn_fae_908,"common/dynasties name (literal, no CK2 loc key)",Nessatus,new key
dynn_fae_9080,"common/dynasties name (literal, no CK2 loc key)",P'eng,new key
dynn_fae_9081,"common/dynasties name (literal, no CK2 loc key)",Zeng,new key
dynn_fae_9082,"common/dynasties name (literal, no CK2 loc key)",Tseng,new key
dynn_fae_9083,"common/dynasties name (literal, no CK2 loc key)",Xiao,new key
dynn_fae_9084,"common/dynasties name (literal, no CK2 loc key)",Hsiao,new key
dynn_fae_9085,"common/dynasties name (literal, no CK2 loc key)",Tian,new key
dynn_fae_9086,"common/dynasties name (literal, no CK2 loc key)",T'ien,new key
dynn_fae_9087,"common/dynasties name (literal, no CK2 loc key)",Dong,new key
dynn_fae_9088,"common/dynasties name (literal, no CK2 loc key)",Tung,new key
dynn_fae_9089,"common/dynasties name (literal, no CK2 loc key)",Pan,new key
dynn_fae_909,"common/dynasties name (literal, no CK2 loc key)",Floshin,new key
dynn_fae_9090,"common/dynasties name (literal, no CK2 loc key)",P'an,new key
dynn_fae_9091,"common/dynasties name (literal, no CK2 loc key)",Ts'ai,new key
dynn_fae_9092,"common/dynasties name (literal, no CK2 loc key)",Jiang,new key
dynn_fae_9093,"common/dynasties name (literal, no CK2 loc key)",Chiang,new key
dynn_fae_9094,"common/dynasties name (literal, no CK2 loc key)",Yu,new key
dynn_fae_9095,"common/dynasties name (literal, no CK2 loc key)",Tu,new key
dynn_fae_9096,"common/dynasties name (literal, no CK2 loc key)",Ye,new key
dynn_fae_9097,"common/dynasties name (literal, no CK2 loc key)",Yeh,new key
dynn_fae_9098,"common/dynasties name (literal, no CK2 loc key)",Ch'eng,new key
dynn_fae_9099,"common/dynasties name (literal, no CK2 loc key)",Wei,new key
dynn_fae_91,"common/dynasties name (literal, no CK2 loc key)",Wavecrest,new key
dynn_fae_910,"common/dynasties name (literal, no CK2 loc key)",Siluvanedenn,new key
dynn_fae_9100,"common/dynasties name (literal, no CK2 loc key)",Su,new key
dynn_fae_9101,"common/dynasties name (literal, no CK2 loc key)",Abd al-Jasir,new key
dynn_fae_9102,"common/dynasties name (literal, no CK2 loc key)",al-Hatik,new key
dynn_fae_9103,"common/dynasties name (literal, no CK2 loc key)",al-Hawai,new key
dynn_fae_9104,"common/dynasties name (literal, no CK2 loc key)",Harama,new key
dynn_fae_9105,"common/dynasties name (literal, no CK2 loc key)",Reza,new key
dynn_fae_9106,"common/dynasties name (literal, no CK2 loc key)",al-Azzazi,new key
dynn_fae_9107,"common/dynasties name (literal, no CK2 loc key)",al-Afyid,new key
dynn_fae_9108,"common/dynasties name (literal, no CK2 loc key)",Sumika,new key
dynn_fae_9109,"common/dynasties name (literal, no CK2 loc key)",al-Nasri,new key
dynn_fae_911,"common/dynasties name (literal, no CK2 loc key)",of Arcorar,new key
dynn_fae_9110,"common/dynasties name (literal, no CK2 loc key)",al-Nimar,new key
dynn_fae_9111,"common/dynasties name (literal, no CK2 loc key)",al-Rashad,new key
dynn_fae_9112,"common/dynasties name (literal, no CK2 loc key)",al-Zahab,new key
dynn_fae_9113,"common/dynasties name (literal, no CK2 loc key)",al-Raqi,new key
dynn_fae_9114,"common/dynasties name (literal, no CK2 loc key)",al-Neti,new key
dynn_fae_9115,"common/dynasties name (literal, no CK2 loc key)",al-Samik,new key
dynn_fae_9116,"common/dynasties name (literal, no CK2 loc key)",Firdawsi,new key
dynn_fae_9117,"common/dynasties name (literal, no CK2 loc key)",al-Nakar,new key
dynn_fae_9118,"common/dynasties name (literal, no CK2 loc key)",Sandir,new key
dynn_fae_9119,"common/dynasties name (literal, no CK2 loc key)",Pelima,new key
dynn_fae_912,"common/dynasties name (literal, no CK2 loc key)",Ilviiri,new key
dynn_fae_9120,"common/dynasties name (literal, no CK2 loc key)",Calin,new key
dynn_fae_9121,"common/dynasties name (literal, no CK2 loc key)",al-Risik,new key
dynn_fae_9122,"common/dynasties name (literal, no CK2 loc key)",al-Kosiri,new key
dynn_fae_9123,"common/dynasties name (literal, no CK2 loc key)",Calfi,new key
dynn_fae_9124,"common/dynasties name (literal, no CK2 loc key)",al-Mikam,new key
dynn_fae_9125,"common/dynasties name (literal, no CK2 loc key)",Abd al-Bas,new key
dynn_fae_9126,"common/dynasties name (literal, no CK2 loc key)",al-Wasil,new key
dynn_fae_9127,"common/dynasties name (literal, no CK2 loc key)",al-Din,new key
dynn_fae_9128,"common/dynasties name (literal, no CK2 loc key)",Aksama,new key
dynn_fae_9129,"common/dynasties name (literal, no CK2 loc key)",al-Fennec,new key
dynn_fae_913,"common/dynasties name (literal, no CK2 loc key)",Reithel,new key
dynn_fae_9130,"common/dynasties name (literal, no CK2 loc key)",Farlak,new key
dynn_fae_9131,"common/dynasties name (literal, no CK2 loc key)",Laski,new key
dynn_fae_9132,"common/dynasties name (literal, no CK2 loc key)",al-Jawzi,new key
dynn_fae_9133,"common/dynasties name (literal, no CK2 loc key)",al-Kasif,new key
dynn_fae_9134,"common/dynasties name (literal, no CK2 loc key)",al-Farid,new key
dynn_fae_9135,"common/dynasties name (literal, no CK2 loc key)",Abd al-Hazim,new key
dynn_fae_9136,"common/dynasties name (literal, no CK2 loc key)",al-Misal,new key
dynn_fae_9137,"common/dynasties name (literal, no CK2 loc key)",Odani,new key
dynn_fae_9138,"common/dynasties name (literal, no CK2 loc key)",al-Kriman,new key
dynn_fae_9139,"common/dynasties name (literal, no CK2 loc key)",na-Fia,new key
dynn_fae_914,"common/dynasties name (literal, no CK2 loc key)",Ulvaerren,new key
dynn_fae_9140,"common/dynasties name (literal, no CK2 loc key)",al-Muftahir,new key
dynn_fae_9141,"common/dynasties name (literal, no CK2 loc key)",Kitar,new key
dynn_fae_9142,"common/dynasties name (literal, no CK2 loc key)",al-Farif,new key
dynn_fae_9143,"common/dynasties name (literal, no CK2 loc key)",al-Aksar,new key
dynn_fae_9144,"common/dynasties name (literal, no CK2 loc key)",al-Anni,new key
dynn_fae_9145,"common/dynasties name (literal, no CK2 loc key)",al-Lanim,new key
dynn_fae_9146,"common/dynasties name (literal, no CK2 loc key)",Mirami,new key
dynn_fae_9147,"common/dynasties name (literal, no CK2 loc key)",el-Mamadin,new key
dynn_fae_9148,"common/dynasties name (literal, no CK2 loc key)",al-Bana,new key
dynn_fae_9149,"common/dynasties name (literal, no CK2 loc key)",al-Samsi,new key
dynn_fae_915,"common/dynasties name (literal, no CK2 loc key)",Ursequarra,new key
dynn_fae_9150,"common/dynasties name (literal, no CK2 loc key)",Najar,new key
dynn_fae_9151,"common/dynasties name (literal, no CK2 loc key)",Darni,new key
dynn_fae_9152,"common/dynasties name (literal, no CK2 loc key)",al-Jamila,new key
dynn_fae_9153,"common/dynasties name (literal, no CK2 loc key)",al-Klemin,new key
dynn_fae_9154,"common/dynasties name (literal, no CK2 loc key)",al-Sanje,new key
dynn_fae_9155,"common/dynasties name (literal, no CK2 loc key)",al-Haddar,new key
dynn_fae_9156,"common/dynasties name (literal, no CK2 loc key)",Matruj,new key
dynn_fae_9157,"common/dynasties name (literal, no CK2 loc key)",al-Saleem,new key
dynn_fae_9158,"common/dynasties name (literal, no CK2 loc key)",el-Ahsan,new key
dynn_fae_9159,"common/dynasties name (literal, no CK2 loc key)",el-Rizk,new key
dynn_fae_916,"common/dynasties name (literal, no CK2 loc key)",Almyrrtel,new key
dynn_fae_9160,"common/dynasties name (literal, no CK2 loc key)",el-Ben,new key
dynn_fae_9161,"common/dynasties name (literal, no CK2 loc key)",el-Hasan,new key
dynn_fae_9162,"common/dynasties name (literal, no CK2 loc key)",al-Hai,new key
dynn_fae_9163,"common/dynasties name (literal, no CK2 loc key)",Khalid,new key
dynn_fae_9164,"common/dynasties name (literal, no CK2 loc key)",al-Danafi,new key
dynn_fae_9165,"common/dynasties name (literal, no CK2 loc key)",al-Kahn,new key
dynn_fae_9166,"common/dynasties name (literal, no CK2 loc key)",al-Gani,new key
dynn_fae_9167,"common/dynasties name (literal, no CK2 loc key)",al-Klemari,new key
dynn_fae_9168,"common/dynasties name (literal, no CK2 loc key)",al-Kesir,new key
dynn_fae_9169,"common/dynasties name (literal, no CK2 loc key)",al-Huzuzi,new key
dynn_fae_917,"common/dynasties name (literal, no CK2 loc key)",Yesve,new key
dynn_fae_9170,"common/dynasties name (literal, no CK2 loc key)",al-Kamar,new key
dynn_fae_9171,"common/dynasties name (literal, no CK2 loc key)",Naj-kri,new key
dynn_fae_9172,"common/dynasties name (literal, no CK2 loc key)",al-Mutrattab,new key
dynn_fae_9173,"common/dynasties name (literal, no CK2 loc key)",al-Aranib,new key
dynn_fae_9174,"common/dynasties name (literal, no CK2 loc key)",al-Fatat,new key
dynn_fae_9175,"common/dynasties name (literal, no CK2 loc key)",al-Zidq,new key
dynn_fae_9176,"common/dynasties name (literal, no CK2 loc key)",Haji,new key
dynn_fae_9177,"common/dynasties name (literal, no CK2 loc key)",al-Sahil,new key
dynn_fae_9178,"common/dynasties name (literal, no CK2 loc key)",al-Nokar,new key
dynn_fae_9179,"common/dynasties name (literal, no CK2 loc key)",al-Iffa,new key
dynn_fae_918,"common/dynasties name (literal, no CK2 loc key)",Scavenger,new key
dynn_fae_9180,"common/dynasties name (literal, no CK2 loc key)",Jardi,new key
dynn_fae_9181,"common/dynasties name (literal, no CK2 loc key)",Samina,new key
dynn_fae_9182,"common/dynasties name (literal, no CK2 loc key)",al-Dhi'b,new key
dynn_fae_9183,"common/dynasties name (literal, no CK2 loc key)",Jalin,new key
dynn_fae_9184,"common/dynasties name (literal, no CK2 loc key)",Hayal,new key
dynn_fae_9185,"common/dynasties name (literal, no CK2 loc key)",al-Jawwaf,new key
dynn_fae_9186,"common/dynasties name (literal, no CK2 loc key)",Festir,new key
dynn_fae_9187,"common/dynasties name (literal, no CK2 loc key)",Jomini,new key
dynn_fae_9188,"common/dynasties name (literal, no CK2 loc key)",al-Kanafi,new key
dynn_fae_9189,"common/dynasties name (literal, no CK2 loc key)",al-Niran,new key
dynn_fae_919,"common/dynasties name (literal, no CK2 loc key)",Skullbiter,new key
dynn_fae_9190,"common/dynasties name (literal, no CK2 loc key)",al-Datma,new key
dynn_fae_9191,"common/dynasties name (literal, no CK2 loc key)",Kossi,new key
dynn_fae_9192,"common/dynasties name (literal, no CK2 loc key)",al-Danaf,new key
dynn_fae_9193,"common/dynasties name (literal, no CK2 loc key)",al-Kasir,new key
dynn_fae_9194,"common/dynasties name (literal, no CK2 loc key)",Alim,new key
dynn_fae_9195,"common/dynasties name (literal, no CK2 loc key)",al-Lazan,new key
dynn_fae_9196,"common/dynasties name (literal, no CK2 loc key)",al-Afriz,new key
dynn_fae_9197,"common/dynasties name (literal, no CK2 loc key)",Abd al-Dawwar,new key
dynn_fae_9198,"common/dynasties name (literal, no CK2 loc key)",Minial,new key
dynn_fae_9199,"common/dynasties name (literal, no CK2 loc key)",al-Gammam,new key
dynn_fae_92,"common/dynasties name (literal, no CK2 loc key)",Vulganaar,new key
dynn_fae_920,"common/dynasties name (literal, no CK2 loc key)",Bloodhand,new key
dynn_fae_9200,"common/dynasties name (literal, no CK2 loc key)",al-Assad,new key
dynn_fae_9201,"common/dynasties name (literal, no CK2 loc key)",al-Kushya,new key
dynn_fae_9202,"common/dynasties name (literal, no CK2 loc key)",al-Zahir,new key
dynn_fae_9203,"common/dynasties name (literal, no CK2 loc key)",al-Malfi,new key
dynn_fae_9204,"common/dynasties name (literal, no CK2 loc key)",al-Wadi,new key
dynn_fae_9205,"common/dynasties name (literal, no CK2 loc key)",al-Zalim,new key
dynn_fae_9206,"common/dynasties name (literal, no CK2 loc key)",al-Azim,new key
dynn_fae_9207,"common/dynasties name (literal, no CK2 loc key)",al-Gatil,new key
dynn_fae_9208,"common/dynasties name (literal, no CK2 loc key)",al-Hiyali,new key
dynn_fae_9209,"common/dynasties name (literal, no CK2 loc key)",al-Wahli,new key
dynn_fae_921,"common/dynasties name (literal, no CK2 loc key)",Shieldbiter,new key
dynn_fae_9210,"common/dynasties name (literal, no CK2 loc key)",al-Raqqas,new key
dynn_fae_9211,"common/dynasties name (literal, no CK2 loc key)",al-Yuhami,new key
dynn_fae_9212,"common/dynasties name (literal, no CK2 loc key)",al-Farhan,new key
dynn_fae_9213,"common/dynasties name (literal, no CK2 loc key)",al-Munsif,new key
dynn_fae_9214,"common/dynasties name (literal, no CK2 loc key)",al-Sahnan,new key
dynn_fae_9215,"common/dynasties name (literal, no CK2 loc key)",al-Mahabbi,new key
dynn_fae_9216,"common/dynasties name (literal, no CK2 loc key)",al-Sadid,new key
dynn_fae_9217,"common/dynasties name (literal, no CK2 loc key)",al-Fujegati,new key
dynn_fae_9218,"common/dynasties name (literal, no CK2 loc key)",al-Banu,new key
dynn_fae_9219,"common/dynasties name (literal, no CK2 loc key)",al-Jasir,new key
dynn_fae_922,"common/dynasties name (literal, no CK2 loc key)",Rufus,new key
dynn_fae_9220,"common/dynasties name (literal, no CK2 loc key)",al-Hilmi,new key
dynn_fae_9221,"common/dynasties name (literal, no CK2 loc key)",al-Wasat,new key
dynn_fae_9222,"common/dynasties name (literal, no CK2 loc key)",al-Makruh,new key
dynn_fae_9223,"common/dynasties name (literal, no CK2 loc key)",al-Mazdaghani,new key
dynn_fae_9224,"common/dynasties name (literal, no CK2 loc key)",al-Samawat,new key
dynn_fae_9225,"common/dynasties name (literal, no CK2 loc key)",al-Raq,new key
dynn_fae_9226,"common/dynasties name (literal, no CK2 loc key)",Tulam,new key
dynn_fae_9227,"common/dynasties name (literal, no CK2 loc key)",al-Sitar,new key
dynn_fae_9228,"common/dynasties name (literal, no CK2 loc key)",al-Yasan,new key
dynn_fae_9229,"common/dynasties name (literal, no CK2 loc key)",al-Zor,new key
dynn_fae_923,"common/dynasties name (literal, no CK2 loc key)",Ater,new key
dynn_fae_9230,"common/dynasties name (literal, no CK2 loc key)",al-Faddi,new key
dynn_fae_9231,"common/dynasties name (literal, no CK2 loc key)",al-Bashshar,new key
dynn_fae_9232,"common/dynasties name (literal, no CK2 loc key)",Zangi,new key
dynn_fae_9233,"common/dynasties name (literal, no CK2 loc key)",Ala'i,new key
dynn_fae_9234,"common/dynasties name (literal, no CK2 loc key)",Abd al-Amin,new key
dynn_fae_9235,"common/dynasties name (literal, no CK2 loc key)",al-Auni,new key
dynn_fae_9236,"common/dynasties name (literal, no CK2 loc key)",Qin,new key
dynn_fae_9237,"common/dynasties name (literal, no CK2 loc key)",al-Sunim,new key
dynn_fae_9238,"common/dynasties name (literal, no CK2 loc key)",al-Raffa,new key
dynn_fae_9239,"common/dynasties name (literal, no CK2 loc key)",Sadira,new key
dynn_fae_924,"common/dynasties name (literal, no CK2 loc key)",Mordant,new key
dynn_fae_9240,"common/dynasties name (literal, no CK2 loc key)",al-Hajar,new key
dynn_fae_9241,"common/dynasties name (literal, no CK2 loc key)",Abd al-Wajib,new key
dynn_fae_9242,"common/dynasties name (literal, no CK2 loc key)",al-Yamini,new key
dynn_fae_9243,"common/dynasties name (literal, no CK2 loc key)",al-Samal,new key
dynn_fae_9244,"common/dynasties name (literal, no CK2 loc key)",al-Sedni,new key
dynn_fae_9245,"common/dynasties name (literal, no CK2 loc key)",al-Nasik,new key
dynn_fae_9246,"common/dynasties name (literal, no CK2 loc key)",Aziz,new key
dynn_fae_9247,"common/dynasties name (literal, no CK2 loc key)",Baybars,new key
dynn_fae_9248,"common/dynasties name (literal, no CK2 loc key)",al-Rima,new key
dynn_fae_9249,"common/dynasties name (literal, no CK2 loc key)",Sayad,new key
dynn_fae_925,"common/dynasties name (literal, no CK2 loc key)",Cutter,new key
dynn_fae_9250,"common/dynasties name (literal, no CK2 loc key)",Abd al-Talib'ilm,new key
dynn_fae_9251,"common/dynasties name (literal, no CK2 loc key)",Mikali,new key
dynn_fae_9252,"common/dynasties name (literal, no CK2 loc key)",Sayif,new key
dynn_fae_9253,"common/dynasties name (literal, no CK2 loc key)",al-Raqqas,new key
dynn_fae_9254,"common/dynasties name (literal, no CK2 loc key)",al-Muhlis,new key
dynn_fae_9255,"common/dynasties name (literal, no CK2 loc key)",al-Simbaya,new key
dynn_fae_9256,"common/dynasties name (literal, no CK2 loc key)",al-Zin,new key
dynn_fae_9257,"common/dynasties name (literal, no CK2 loc key)",al-Musafir,new key
dynn_fae_9258,"common/dynasties name (literal, no CK2 loc key)",al-Qadibi,new key
dynn_fae_9259,"common/dynasties name (literal, no CK2 loc key)",Bulad,new key
dynn_fae_926,"common/dynasties name (literal, no CK2 loc key)",Hateborn,new key
dynn_fae_9260,"common/dynasties name (literal, no CK2 loc key)",al-Waran,new key
dynn_fae_9261,"common/dynasties name (literal, no CK2 loc key)",al-Nasr,new key
dynn_fae_9262,"common/dynasties name (literal, no CK2 loc key)",al-Parid,new key
dynn_fae_9263,"common/dynasties name (literal, no CK2 loc key)",al-Malak,new key
dynn_fae_9264,"common/dynasties name (literal, no CK2 loc key)",el-Obeid,new key
dynn_fae_9265,"common/dynasties name (literal, no CK2 loc key)",el-Huq,new key
dynn_fae_9266,"common/dynasties name (literal, no CK2 loc key)",al-Rashed,new key
dynn_fae_9267,"common/dynasties name (literal, no CK2 loc key)",el-Sawaya,new key
dynn_fae_9268,"common/dynasties name (literal, no CK2 loc key)",al-Husain,new key
dynn_fae_9269,"common/dynasties name (literal, no CK2 loc key)",al-Azer,new key
dynn_fae_927,"common/dynasties name (literal, no CK2 loc key)",Hellgate,new key
dynn_fae_9270,"common/dynasties name (literal, no CK2 loc key)",al-Kamali,new key
dynn_fae_9271,"common/dynasties name (literal, no CK2 loc key)",el-Shahin,new key
dynn_fae_9272,"common/dynasties name (literal, no CK2 loc key)",al-Pasha,new key
dynn_fae_9273,"common/dynasties name (literal, no CK2 loc key)",al-Hitani,new key
dynn_fae_9274,"common/dynasties name (literal, no CK2 loc key)",abd-al-Sultan,new key
dynn_fae_9275,"common/dynasties name (literal, no CK2 loc key)",al-Sarahini,new key
dynn_fae_9276,"common/dynasties name (literal, no CK2 loc key)",al-Qudra,new key
dynn_fae_9277,"common/dynasties name (literal, no CK2 loc key)",Haasnat,new key
dynn_fae_9278,"common/dynasties name (literal, no CK2 loc key)",al-Zakhari,new key
dynn_fae_9279,"common/dynasties name (literal, no CK2 loc key)",Shallain,new key
dynn_fae_928,"common/dynasties name (literal, no CK2 loc key)",Scoured,new key
dynn_fae_9280,"common/dynasties name (literal, no CK2 loc key)",Kaldur,new key
dynn_fae_9281,"common/dynasties name (literal, no CK2 loc key)",al-Kalaas,new key
dynn_fae_9282,"common/dynasties name (literal, no CK2 loc key)",al-Kadarosti,new key
dynn_fae_9283,"common/dynasties name (literal, no CK2 loc key)",al-Gaib,new key
dynn_fae_9284,"common/dynasties name (literal, no CK2 loc key)",al-Azzran,new key
dynn_fae_9285,"common/dynasties name (literal, no CK2 loc key)",al-Awasif,new key
dynn_fae_9286,"common/dynasties name (literal, no CK2 loc key)",Langin,new key
dynn_fae_9287,"common/dynasties name (literal, no CK2 loc key)",al-Said,new key
dynn_fae_9288,"common/dynasties name (literal, no CK2 loc key)",Akim,new key
dynn_fae_9289,"common/dynasties name (literal, no CK2 loc key)",al-Yahruq,new key
dynn_fae_929,"common/dynasties name (literal, no CK2 loc key)",Chasmid,new key
dynn_fae_9290,"common/dynasties name (literal, no CK2 loc key)",al-Mutajalli,new key
dynn_fae_9291,"common/dynasties name (literal, no CK2 loc key)",al-Mawli,new key
dynn_fae_9292,"common/dynasties name (literal, no CK2 loc key)",al-Jinn,new key
dynn_fae_9293,"common/dynasties name (literal, no CK2 loc key)",al-Barq,new key
dynn_fae_9294,"common/dynasties name (literal, no CK2 loc key)",al-Hadd,new key
dynn_fae_9295,"common/dynasties name (literal, no CK2 loc key)",Kalin,new key
dynn_fae_9296,"common/dynasties name (literal, no CK2 loc key)",al-Meisal,new key
dynn_fae_9297,"common/dynasties name (literal, no CK2 loc key)",al-Kadari,new key
dynn_fae_9298,"common/dynasties name (literal, no CK2 loc key)",al-Shaat,new key
dynn_fae_9299,"common/dynasties name (literal, no CK2 loc key)",al-Sifr,new key
dynn_fae_93,"common/dynasties name (literal, no CK2 loc key)",Galewind,new key
dynn_fae_930,"common/dynasties name (literal, no CK2 loc key)",Bar-lguran,new key
dynn_fae_9300,"common/dynasties name (literal, no CK2 loc key)",al-Rumi,new key
dynn_fae_9301,"common/dynasties name (literal, no CK2 loc key)",al-Garib,new key
dynn_fae_9302,"common/dynasties name (literal, no CK2 loc key)",Seljun,new key
dynn_fae_9303,"common/dynasties name (literal, no CK2 loc key)",al-Aqnadi,new key
dynn_fae_9304,"common/dynasties name (literal, no CK2 loc key)",al-Gurab,new key
dynn_fae_9305,"common/dynasties name (literal, no CK2 loc key)",al-Jari,new key
dynn_fae_9306,"common/dynasties name (literal, no CK2 loc key)",Qan,new key
dynn_fae_9307,"common/dynasties name (literal, no CK2 loc key)",al-Jabal,new key
dynn_fae_9308,"common/dynasties name (literal, no CK2 loc key)",al-Hiyali,new key
dynn_fae_9309,"common/dynasties name (literal, no CK2 loc key)",al-Giss,new key
dynn_fae_931,"common/dynasties name (literal, no CK2 loc key)",Gadacrid,new key
dynn_fae_9310,"common/dynasties name (literal, no CK2 loc key)",al-Irrahman,new key
dynn_fae_9311,"common/dynasties name (literal, no CK2 loc key)",Sira,new key
dynn_fae_9312,"common/dynasties name (literal, no CK2 loc key)",al-Nassar,new key
dynn_fae_9313,"common/dynasties name (literal, no CK2 loc key)",al-Jasmini,new key
dynn_fae_9314,"common/dynasties name (literal, no CK2 loc key)",Minora,new key
dynn_fae_9315,"common/dynasties name (literal, no CK2 loc key)",al-Nasr,new key
dynn_fae_9316,"common/dynasties name (literal, no CK2 loc key)",al-Bazan,new key
dynn_fae_9317,"common/dynasties name (literal, no CK2 loc key)",al-Yindannim,new key
dynn_fae_9318,"common/dynasties name (literal, no CK2 loc key)",Sakir,new key
dynn_fae_9319,"common/dynasties name (literal, no CK2 loc key)",al-Muqi,new key
dynn_fae_932,"common/dynasties name (literal, no CK2 loc key)",Goristran,new key
dynn_fae_9320,"common/dynasties name (literal, no CK2 loc key)",al-Arus,new key
dynn_fae_9321,"common/dynasties name (literal, no CK2 loc key)",al-Asra,new key
dynn_fae_9322,"common/dynasties name (literal, no CK2 loc key)",al-Amzija,new key
dynn_fae_9323,"common/dynasties name (literal, no CK2 loc key)",al-Qasi,new key
dynn_fae_9324,"common/dynasties name (literal, no CK2 loc key)",al-Abu,new key
dynn_fae_9325,"common/dynasties name (literal, no CK2 loc key)",el-Doud,new key
dynn_fae_9326,"common/dynasties name (literal, no CK2 loc key)",al-Abraham,new key
dynn_fae_9327,"common/dynasties name (literal, no CK2 loc key)",al-Jalil,new key
dynn_fae_9328,"common/dynasties name (literal, no CK2 loc key)",el-Matin,new key
dynn_fae_9329,"common/dynasties name (literal, no CK2 loc key)",el-Masri,new key
dynn_fae_933,"common/dynasties name (literal, no CK2 loc key)",Kastighuran,new key
dynn_fae_9330,"common/dynasties name (literal, no CK2 loc key)",al-Semaan,new key
dynn_fae_9331,"common/dynasties name (literal, no CK2 loc key)",el-Baccus,new key
dynn_fae_9332,"common/dynasties name (literal, no CK2 loc key)",el-Azam,new key
dynn_fae_9333,"common/dynasties name (literal, no CK2 loc key)",al-Abdalla,new key
dynn_fae_9334,"common/dynasties name (literal, no CK2 loc key)",el-Mona,new key
dynn_fae_9335,"common/dynasties name (literal, no CK2 loc key)",al-Gaber,new key
dynn_fae_9336,"common/dynasties name (literal, no CK2 loc key)",al-Diab,new key
dynn_fae_9338,"common/dynasties name (literal, no CK2 loc key)",Daysender,new key
dynn_fae_9339,"common/dynasties name (literal, no CK2 loc key)",al-Oyuni,new key
dynn_fae_934,"common/dynasties name (literal, no CK2 loc key)",Lilituri,new key
dynn_fae_9340,"common/dynasties name (literal, no CK2 loc key)",al-Makti,new key
dynn_fae_9341,"common/dynasties name (literal, no CK2 loc key)",al-Dir,new key
dynn_fae_9342,"common/dynasties name (literal, no CK2 loc key)",Cid,new key
dynn_fae_9343,"common/dynasties name (literal, no CK2 loc key)",al-Burj,new key
dynn_fae_9344,"common/dynasties name (literal, no CK2 loc key)",Malek,new key
dynn_fae_9345,"common/dynasties name (literal, no CK2 loc key)",bin Saud,new key
dynn_fae_9346,"common/dynasties name (literal, no CK2 loc key)",al-Haytan,new key
dynn_fae_9347,"common/dynasties name (literal, no CK2 loc key)",ibn Ahad,new key
dynn_fae_9348,"common/dynasties name (literal, no CK2 loc key)",Ishmal,new key
dynn_fae_9349,"common/dynasties name (literal, no CK2 loc key)",al-Zar,new key
dynn_fae_935,"common/dynasties name (literal, no CK2 loc key)",Mavawhani,new key
dynn_fae_9350,"common/dynasties name (literal, no CK2 loc key)",Kibh,new key
dynn_fae_9351,"common/dynasties name (literal, no CK2 loc key)",Ulan,new key
dynn_fae_9352,"common/dynasties name (literal, no CK2 loc key)",Tera,new key
dynn_fae_9353,"common/dynasties name (literal, no CK2 loc key)",Raath,new key
dynn_fae_9354,"common/dynasties name (literal, no CK2 loc key)",Janath,new key
dynn_fae_9355,"common/dynasties name (literal, no CK2 loc key)",bin Hotek,new key
dynn_fae_9356,"common/dynasties name (literal, no CK2 loc key)",al-Gandar,new key
dynn_fae_9357,"common/dynasties name (literal, no CK2 loc key)",al-Rafi,new key
dynn_fae_9358,"common/dynasties name (literal, no CK2 loc key)",bin Jero,new key
dynn_fae_9359,"common/dynasties name (literal, no CK2 loc key)",al-Hadi,new key
dynn_fae_936,"common/dynasties name (literal, no CK2 loc key)",Nabassid,new key
dynn_fae_9360,"common/dynasties name (literal, no CK2 loc key)",al-Sahim,new key
dynn_fae_9361,"common/dynasties name (literal, no CK2 loc key)",bin Zayd,new key
dynn_fae_9362,"common/dynasties name (literal, no CK2 loc key)",bin Mezd,new key
dynn_fae_9363,"common/dynasties name (literal, no CK2 loc key)",al-Umar,new key
dynn_fae_9364,"common/dynasties name (literal, no CK2 loc key)",khel Muhif,new key
dynn_fae_9365,"common/dynasties name (literal, no CK2 loc key)",khel Ytar,new key
dynn_fae_9366,"common/dynasties name (literal, no CK2 loc key)",Abd al-Morpho,new key
dynn_fae_9367,"common/dynasties name (literal, no CK2 loc key)",al-Rark,new key
dynn_fae_9368,"common/dynasties name (literal, no CK2 loc key)",al-Garn,new key
dynn_fae_9369,"common/dynasties name (literal, no CK2 loc key)",al-Ajami,new key
dynn_fae_937,"common/dynasties name (literal, no CK2 loc key)",Rutter,new key
dynn_fae_9370,"common/dynasties name (literal, no CK2 loc key)",khel Tavro,new key
dynn_fae_9371,"common/dynasties name (literal, no CK2 loc key)",al-Hayif,new key
dynn_fae_9372,"common/dynasties name (literal, no CK2 loc key)",Abd al-Kazra,new key
dynn_fae_9373,"common/dynasties name (literal, no CK2 loc key)",al-Taliati,new key
dynn_fae_9374,"common/dynasties name (literal, no CK2 loc key)",al-Veh,new key
dynn_fae_9375,"common/dynasties name (literal, no CK2 loc key)",bin Sahad,new key
dynn_fae_9376,"common/dynasties name (literal, no CK2 loc key)",Abd al-Wajid,new key
dynn_fae_9377,"common/dynasties name (literal, no CK2 loc key)",Abd al-Himaya,new key
dynn_fae_9378,"common/dynasties name (literal, no CK2 loc key)",al-Asad,new key
dynn_fae_9379,"common/dynasties name (literal, no CK2 loc key)",al-Jamal,new key
dynn_fae_938,"common/dynasties name (literal, no CK2 loc key)",Uridezid,new key
dynn_fae_9380,"common/dynasties name (literal, no CK2 loc key)",al-Bakr,new key
dynn_fae_9381,"common/dynasties name (literal, no CK2 loc key)",al-Dubb,new key
dynn_fae_9382,"common/dynasties name (literal, no CK2 loc key)",al-Sihr,new key
dynn_fae_9383,"common/dynasties name (literal, no CK2 loc key)",ibn Sabur,new key
dynn_fae_9384,"common/dynasties name (literal, no CK2 loc key)",al-Tayif,new key
dynn_fae_9385,"common/dynasties name (literal, no CK2 loc key)",al-Thawr,new key
dynn_fae_9386,"common/dynasties name (literal, no CK2 loc key)",al-Ta'ami,new key
dynn_fae_9387,"common/dynasties name (literal, no CK2 loc key)",al-Uqab,new key
dynn_fae_9388,"common/dynasties name (literal, no CK2 loc key)",al-Jinn,new key
dynn_fae_9389,"common/dynasties name (literal, no CK2 loc key)",al-Shazzi,new key
dynn_fae_939,"common/dynasties name (literal, no CK2 loc key)",Amanir,new key
dynn_fae_9390,"common/dynasties name (literal, no CK2 loc key)",al-Waughiwan,new key
dynn_fae_9391,"common/dynasties name (literal, no CK2 loc key)",al-Zab,new key
dynn_fae_9392,"common/dynasties name (literal, no CK2 loc key)",al-Fajirik,new key
dynn_fae_9393,"common/dynasties name (literal, no CK2 loc key)",al-Ashurim,new key
dynn_fae_9394,"common/dynasties name (literal, no CK2 loc key)",al-Qirs,new key
dynn_fae_9395,"common/dynasties name (literal, no CK2 loc key)",al-Wahsi,new key
dynn_fae_9396,"common/dynasties name (literal, no CK2 loc key)",bin Hanif,new key
dynn_fae_9397,"common/dynasties name (literal, no CK2 loc key)",al-Tahami,new key
dynn_fae_9398,"common/dynasties name (literal, no CK2 loc key)",al-Aibi,new key
dynn_fae_9399,"common/dynasties name (literal, no CK2 loc key)",al-Tair,new key
dynn_fae_94,"common/dynasties name (literal, no CK2 loc key)",Hailcrown,new key
dynn_fae_940,"common/dynasties name (literal, no CK2 loc key)",Stratus,new key
dynn_fae_9401,"common/dynasties name (literal, no CK2 loc key)",t'Araugul,new key
dynn_fae_9402,"common/dynasties name (literal, no CK2 loc key)",Merrowdrinker,new key
dynn_fae_9403,"common/dynasties name (literal, no CK2 loc key)",t'Neidlig,new key
dynn_fae_9404,"common/dynasties name (literal, no CK2 loc key)",t'Fenlis,new key
dynn_fae_9405,"common/dynasties name (literal, no CK2 loc key)",t'Melial,new key
dynn_fae_9406,"common/dynasties name (literal, no CK2 loc key)",t'Teerac,new key
dynn_fae_9407,"common/dynasties name (literal, no CK2 loc key)",Skarkill,new key
dynn_fae_9408,"common/dynasties name (literal, no CK2 loc key)",t'Batiri,new key
dynn_fae_9409,"common/dynasties name (literal, no CK2 loc key)",t'Kuro,new key
dynn_fae_941,"common/dynasties name (literal, no CK2 loc key)",Cumulus,new key
dynn_fae_9410,"common/dynasties name (literal, no CK2 loc key)",Dinohide,new key
dynn_fae_9411,"common/dynasties name (literal, no CK2 loc key)",Yellyark,new key
dynn_fae_9412,"common/dynasties name (literal, no CK2 loc key)",Redeye,new key
dynn_fae_9413,"common/dynasties name (literal, no CK2 loc key)",Rakinishu,new key
dynn_fae_9414,"common/dynasties name (literal, no CK2 loc key)",Nedoro,new key
dynn_fae_9415,"common/dynasties name (literal, no CK2 loc key)",Dekanter,new key
dynn_fae_9416,"common/dynasties name (literal, no CK2 loc key)",Ribspreader,new key
dynn_fae_9417,"common/dynasties name (literal, no CK2 loc key)",Grubdoubler,new key
dynn_fae_9418,"common/dynasties name (literal, no CK2 loc key)",Grimspear,new key
dynn_fae_9419,"common/dynasties name (literal, no CK2 loc key)",Nikrilak,new key
dynn_fae_942,"common/dynasties name (literal, no CK2 loc key)",Cirrus,new key
dynn_fae_9420,"common/dynasties name (literal, no CK2 loc key)",Ancient Ax,new key
dynn_fae_9421,"common/dynasties name (literal, no CK2 loc key)",Dimetrodon,new key
dynn_fae_9422,"common/dynasties name (literal, no CK2 loc key)",Gouged Orb,new key
dynn_fae_9423,"common/dynasties name (literal, no CK2 loc key)",t'Oogra,new key
dynn_fae_9424,"common/dynasties name (literal, no CK2 loc key)",t'Vorn,new key
dynn_fae_9425,"common/dynasties name (literal, no CK2 loc key)",Bluenose,new key
dynn_fae_9426,"common/dynasties name (literal, no CK2 loc key)",Hagga,new key
dynn_fae_9427,"common/dynasties name (literal, no CK2 loc key)",Obake,new key
dynn_fae_9428,"common/dynasties name (literal, no CK2 loc key)",Hitotsume-kozo,new key
dynn_fae_9429,"common/dynasties name (literal, no CK2 loc key)",Onyudo,new key
dynn_fae_943,"common/dynasties name (literal, no CK2 loc key)",Noctilucens,new key
dynn_fae_9430,"common/dynasties name (literal, no CK2 loc key)",Mujina,new key
dynn_fae_9431,"common/dynasties name (literal, no CK2 loc key)",Dokkaebi,new key
dynn_fae_9432,"common/dynasties name (literal, no CK2 loc key)",Gae,new key
dynn_fae_9433,"common/dynasties name (literal, no CK2 loc key)",Oenun,new key
dynn_fae_9434,"common/dynasties name (literal, no CK2 loc key)",Oedari,new key
dynn_fae_9435,"common/dynasties name (literal, no CK2 loc key)",Yaoguai,new key
dynn_fae_9436,"common/dynasties name (literal, no CK2 loc key)",Yaomo,new key
dynn_fae_9437,"common/dynasties name (literal, no CK2 loc key)",al-Nasr,new key
dynn_fae_9438,"common/dynasties name (literal, no CK2 loc key)",Freedale,new key
dynn_fae_9439,"common/dynasties name (literal, no CK2 loc key)",Goldenstar,new key
dynn_fae_944,"common/dynasties name (literal, no CK2 loc key)",Nacreous,new key
dynn_fae_9440,"common/dynasties name (literal, no CK2 loc key)",Widehunter,new key
dynn_fae_9441,"common/dynasties name (literal, no CK2 loc key)",Longtusk,new key
dynn_fae_9442,"common/dynasties name (literal, no CK2 loc key)",Sandbeard,new key
dynn_fae_9443,"common/dynasties name (literal, no CK2 loc key)",Oldwood,new key
dynn_fae_9444,"common/dynasties name (literal, no CK2 loc key)",Blacksilver,new key
dynn_fae_9445,"common/dynasties name (literal, no CK2 loc key)",Vinleaf,new key
dynn_fae_9446,"common/dynasties name (literal, no CK2 loc key)",Eastdale,new key
dynn_fae_9447,"common/dynasties name (literal, no CK2 loc key)",Spookwood,new key
dynn_fae_9448,"common/dynasties name (literal, no CK2 loc key)",Oussmtor,new key
dynn_fae_9449,"common/dynasties name (literal, no CK2 loc key)",Bloodsap,new key
dynn_fae_945,"common/dynasties name (literal, no CK2 loc key)",Castellanus,new key
dynn_fae_9450,"common/dynasties name (literal, no CK2 loc key)",Kluaccethash,new key
dynn_fae_9451,"common/dynasties name (literal, no CK2 loc key)",Gultaal,new key
dynn_fae_9452,"common/dynasties name (literal, no CK2 loc key)",Ceambeastuc,new key
dynn_fae_9453,"common/dynasties name (literal, no CK2 loc key)",Aastith,new key
dynn_fae_9454,"common/dynasties name (literal, no CK2 loc key)",Fochis,new key
dynn_fae_9455,"common/dynasties name (literal, no CK2 loc key)",Fimruxial,new key
dynn_fae_9456,"common/dynasties name (literal, no CK2 loc key)",Ambeandrith,new key
dynn_fae_9457,"common/dynasties name (literal, no CK2 loc key)",Klinkeacaash,new key
dynn_fae_9458,"common/dynasties name (literal, no CK2 loc key)",Drerthekindish,new key
dynn_fae_9459,"common/dynasties name (literal, no CK2 loc key)",Gichered,new key
dynn_fae_946,"common/dynasties name (literal, no CK2 loc key)",Incus,new key
dynn_fae_9460,"common/dynasties name (literal, no CK2 loc key)",Veccunkul,new key
dynn_fae_9461,"common/dynasties name (literal, no CK2 loc key)",Exeruandel,new key
dynn_fae_9462,"common/dynasties name (literal, no CK2 loc key)",Prirjukmil,new key
dynn_fae_9463,"common/dynasties name (literal, no CK2 loc key)",Shipic,new key
dynn_fae_9464,"common/dynasties name (literal, no CK2 loc key)",Lexuushkmoder,new key
dynn_fae_9465,"common/dynasties name (literal, no CK2 loc key)",Prerdostirrias,new key
dynn_fae_9466,"common/dynasties name (literal, no CK2 loc key)",Luampish,new key
dynn_fae_9467,"common/dynasties name (literal, no CK2 loc key)",Konxuaxendoth,new key
dynn_fae_9468,"common/dynasties name (literal, no CK2 loc key)",Shamphuk,new key
dynn_fae_9469,"common/dynasties name (literal, no CK2 loc key)",Thimmikeargid,new key
dynn_fae_947,"common/dynasties name (literal, no CK2 loc key)",Nebulosus,new key
dynn_fae_9470,"common/dynasties name (literal, no CK2 loc key)",Laamphecnak,new key
dynn_fae_9471,"common/dynasties name (literal, no CK2 loc key)",Tuncondrir,new key
dynn_fae_9472,"common/dynasties name (literal, no CK2 loc key)",Fexarellic,new key
dynn_fae_9473,"common/dynasties name (literal, no CK2 loc key)",Myeldruushtad,new key
dynn_fae_9474,"common/dynasties name (literal, no CK2 loc key)",Facinshtorgek,new key
dynn_fae_9475,"common/dynasties name (literal, no CK2 loc key)",Kelthethish,new key
dynn_fae_9476,"common/dynasties name (literal, no CK2 loc key)",Yiltec,new key
dynn_fae_9477,"common/dynasties name (literal, no CK2 loc key)",Exadolish,new key
dynn_fae_9478,"common/dynasties name (literal, no CK2 loc key)",Girrhic,new key
dynn_fae_9479,"common/dynasties name (literal, no CK2 loc key)",Fuurekmardec,new key
dynn_fae_948,"common/dynasties name (literal, no CK2 loc key)",Deepswell,new key
dynn_fae_9480,"common/dynasties name (literal, no CK2 loc key)",Cliancath,new key
dynn_fae_9481,"common/dynasties name (literal, no CK2 loc key)",Prarthin,new key
dynn_fae_9482,"common/dynasties name (literal, no CK2 loc key)",Luril,new key
dynn_fae_9483,"common/dynasties name (literal, no CK2 loc key)",Moxath,new key
dynn_fae_9484,"common/dynasties name (literal, no CK2 loc key)",Vornuan,new key
dynn_fae_9485,"common/dynasties name (literal, no CK2 loc key)",Klomtek,new key
dynn_fae_9486,"common/dynasties name (literal, no CK2 loc key)",Luthtuus,new key
dynn_fae_9487,"common/dynasties name (literal, no CK2 loc key)",Klankuk,new key
dynn_fae_9488,"common/dynasties name (literal, no CK2 loc key)",Clalreth,new key
dynn_fae_9489,"common/dynasties name (literal, no CK2 loc key)",Cualdodujosh,new key
dynn_fae_949,"common/dynasties name (literal, no CK2 loc key)",Saltkin,new key
dynn_fae_9490,"common/dynasties name (literal, no CK2 loc key)",Meampod,new key
dynn_fae_9491,"common/dynasties name (literal, no CK2 loc key)",Clemrak,new key
dynn_fae_9492,"common/dynasties name (literal, no CK2 loc key)",Earinshtish,new key
dynn_fae_9493,"common/dynasties name (literal, no CK2 loc key)",Lilreshtenaac,new key
dynn_fae_9494,"common/dynasties name (literal, no CK2 loc key)",Prinkicmer,new key
dynn_fae_9495,"common/dynasties name (literal, no CK2 loc key)",Nilxucmeanuur,new key
dynn_fae_9496,"common/dynasties name (literal, no CK2 loc key)",Drornejac,new key
dynn_fae_9497,"common/dynasties name (literal, no CK2 loc key)",Shurthenthok,new key
dynn_fae_9498,"common/dynasties name (literal, no CK2 loc key)",Calduunthin,new key
dynn_fae_9499,"common/dynasties name (literal, no CK2 loc key)",Tildaaruush,new key
dynn_fae_95,"common/dynasties name (literal, no CK2 loc key)",Deepdwell,new key
dynn_fae_950,"common/dynasties name (literal, no CK2 loc key)",Whitefin,new key
dynn_fae_9500,"common/dynasties name (literal, no CK2 loc key)",Prirducnordal,new key
dynn_fae_9501,"common/dynasties name (literal, no CK2 loc key)",Vipiankean,new key
dynn_fae_9502,"common/dynasties name (literal, no CK2 loc key)",Cralxujor,new key
dynn_fae_9503,"common/dynasties name (literal, no CK2 loc key)",Irnianarguth,new key
dynn_fae_9504,"common/dynasties name (literal, no CK2 loc key)",Yultenthus,new key
dynn_fae_9505,"common/dynasties name (literal, no CK2 loc key)",Feancos,new key
dynn_fae_9506,"common/dynasties name (literal, no CK2 loc key)",Prephacnuuk,new key
dynn_fae_9507,"common/dynasties name (literal, no CK2 loc key)",Empaash,new key
dynn_fae_9508,"common/dynasties name (literal, no CK2 loc key)",Themtirenduush,new key
dynn_fae_9509,"common/dynasties name (literal, no CK2 loc key)",Elkostandal,new key
dynn_fae_951,"common/dynasties name (literal, no CK2 loc key)",Nacmoran,new key
dynn_fae_9510,"common/dynasties name (literal, no CK2 loc key)",Lildrish,new key
dynn_fae_9511,"common/dynasties name (literal, no CK2 loc key)",Fodderbug,new key
dynn_fae_9512,"common/dynasties name (literal, no CK2 loc key)",Sessren,new key
dynn_fae_9513,"common/dynasties name (literal, no CK2 loc key)",Thrax,new key
dynn_fae_9514,"common/dynasties name (literal, no CK2 loc key)",Gaprot,new key
dynn_fae_9515,"common/dynasties name (literal, no CK2 loc key)",Ugblar,new key
dynn_fae_9516,"common/dynasties name (literal, no CK2 loc key)",Archwood,new key
dynn_fae_9517,"common/dynasties name (literal, no CK2 loc key)",Wulfchen,new key
dynn_fae_9518,"common/dynasties name (literal, no CK2 loc key)",Keleidsa,new key
dynn_fae_9519,"common/dynasties name (literal, no CK2 loc key)",Kriarrhas,new key
dynn_fae_952,"common/dynasties name (literal, no CK2 loc key)",Saljur,new key
dynn_fae_9520,"common/dynasties name (literal, no CK2 loc key)",Myaarrhash,new key
dynn_fae_9521,"common/dynasties name (literal, no CK2 loc key)",Iltetheas,new key
dynn_fae_9522,"common/dynasties name (literal, no CK2 loc key)",Virunel,new key
dynn_fae_9523,"common/dynasties name (literal, no CK2 loc key)",Cruuccush,new key
dynn_fae_9524,"common/dynasties name (literal, no CK2 loc key)",Kuaresic,new key
dynn_fae_9525,"common/dynasties name (literal, no CK2 loc key)",Thaambenthas,new key
dynn_fae_9526,"common/dynasties name (literal, no CK2 loc key)",Iltik,new key
dynn_fae_9527,"common/dynasties name (literal, no CK2 loc key)",Lemmir,new key
dynn_fae_9528,"common/dynasties name (literal, no CK2 loc key)",Nilthuuth,new key
dynn_fae_9529,"common/dynasties name (literal, no CK2 loc key)",Merthosh,new key
dynn_fae_953,"common/dynasties name (literal, no CK2 loc key)",Tirumalana,new key
dynn_fae_9530,"common/dynasties name (literal, no CK2 loc key)",Veracan,new key
dynn_fae_9531,"common/dynasties name (literal, no CK2 loc key)",Yimpiathok,new key
dynn_fae_9532,"common/dynasties name (literal, no CK2 loc key)",Clarrhethalec,new key
dynn_fae_9533,"common/dynasties name (literal, no CK2 loc key)",Ambadanec,new key
dynn_fae_9534,"common/dynasties name (literal, no CK2 loc key)",Malkuandush,new key
dynn_fae_9535,"common/dynasties name (literal, no CK2 loc key)",Dalxid,new key
dynn_fae_9536,"common/dynasties name (literal, no CK2 loc key)",Pruaxin,new key
dynn_fae_9537,"common/dynasties name (literal, no CK2 loc key)",Druumpikindesh,new key
dynn_fae_9538,"common/dynasties name (literal, no CK2 loc key)",Ilmaar,new key
dynn_fae_9539,"common/dynasties name (literal, no CK2 loc key)",Myaldrasujuc,new key
dynn_fae_954,"common/dynasties name (literal, no CK2 loc key)",Iron Eye,new key
dynn_fae_9540,"common/dynasties name (literal, no CK2 loc key)",Thurthikminded,new key
dynn_fae_9541,"common/dynasties name (literal, no CK2 loc key)",Falthish,new key
dynn_fae_9542,"common/dynasties name (literal, no CK2 loc key)",Gimrocnelaar,new key
dynn_fae_9543,"common/dynasties name (literal, no CK2 loc key)",Celmeth,new key
dynn_fae_9544,"common/dynasties name (literal, no CK2 loc key)",Fomrenshtir,new key
dynn_fae_9545,"common/dynasties name (literal, no CK2 loc key)",Dralrol,new key
dynn_fae_9546,"common/dynasties name (literal, no CK2 loc key)",Shuamphenkirgan,new key
dynn_fae_9547,"common/dynasties name (literal, no CK2 loc key)",Dreltur,new key
dynn_fae_9548,"common/dynasties name (literal, no CK2 loc key)",Noldid,new key
dynn_fae_9549,"common/dynasties name (literal, no CK2 loc key)",Cluulxitimer,new key
dynn_fae_955,"common/dynasties name (literal, no CK2 loc key)",Watersplitter,new key
dynn_fae_9550,"common/dynasties name (literal, no CK2 loc key)",Shelthik,new key
dynn_fae_9551,"common/dynasties name (literal, no CK2 loc key)",Cimmokmaraas,new key
dynn_fae_9552,"common/dynasties name (literal, no CK2 loc key)",Umrocnuurdak,new key
dynn_fae_9553,"common/dynasties name (literal, no CK2 loc key)",Kacekmir,new key
dynn_fae_9554,"common/dynasties name (literal, no CK2 loc key)",Narus,new key
dynn_fae_9555,"common/dynasties name (literal, no CK2 loc key)",Vixes,new key
dynn_fae_9556,"common/dynasties name (literal, no CK2 loc key)",Myeccakmas,new key
dynn_fae_9557,"common/dynasties name (literal, no CK2 loc key)",Toxiash,new key
dynn_fae_9558,"common/dynasties name (literal, no CK2 loc key)",Guldar,new key
dynn_fae_9559,"common/dynasties name (literal, no CK2 loc key)",Hangingtree,new key
dynn_fae_956,"common/dynasties name (literal, no CK2 loc key)",Sadivar,new key
dynn_fae_9560,"common/dynasties name (literal, no CK2 loc key)",Secretdell,new key
dynn_fae_9561,"common/dynasties name (literal, no CK2 loc key)",Coppercroft,new key
dynn_fae_9562,"common/dynasties name (literal, no CK2 loc key)",Silverspear,new key
dynn_fae_9563,"common/dynasties name (literal, no CK2 loc key)",Hedistrin,new key
dynn_fae_9564,"common/dynasties name (literal, no CK2 loc key)",Desertkeep,new key
dynn_fae_9565,"common/dynasties name (literal, no CK2 loc key)",Maplefoot,new key
dynn_fae_9566,"common/dynasties name (literal, no CK2 loc key)",Kolimnis,new key
dynn_fae_9567,"common/dynasties name (literal, no CK2 loc key)",Elventree,new key
dynn_fae_9568,"common/dynasties name (literal, no CK2 loc key)",Wolftooth,new key
dynn_fae_9569,"common/dynasties name (literal, no CK2 loc key)",Asturien,new key
dynn_fae_957,"common/dynasties name (literal, no CK2 loc key)",Stanethurs,new key
dynn_fae_9570,"common/dynasties name (literal, no CK2 loc key)",Silvertree,new key
dynn_fae_9571,"common/dynasties name (literal, no CK2 loc key)",Snowmantle,new key
dynn_fae_9572,"common/dynasties name (literal, no CK2 loc key)",Gooseford,new key
dynn_fae_9573,"common/dynasties name (literal, no CK2 loc key)",Hawkhelm,new key
dynn_fae_9574,"common/dynasties name (literal, no CK2 loc key)",Hardjaw,new key
dynn_fae_9575,"common/dynasties name (literal, no CK2 loc key)",Geddstone,new key
dynn_fae_9576,"common/dynasties name (literal, no CK2 loc key)",Benadi,new key
dynn_fae_9577,"common/dynasties name (literal, no CK2 loc key)",Plaguehand,new key
dynn_fae_9578,"common/dynasties name (literal, no CK2 loc key)",Santolic,new key
dynn_fae_9579,"common/dynasties name (literal, no CK2 loc key)",B'donder,new key
dynn_fae_958,"common/dynasties name (literal, no CK2 loc key)",Slater,new key
dynn_fae_9580,"common/dynasties name (literal, no CK2 loc key)",Hardheart,new key
dynn_fae_9581,"common/dynasties name (literal, no CK2 loc key)",Strifewar,new key
dynn_fae_9582,"common/dynasties name (literal, no CK2 loc key)",Kissethkashaan,new key
dynn_fae_9583,"common/dynasties name (literal, no CK2 loc key)",Khrangyrdis,new key
dynn_fae_9584,"common/dynasties name (literal, no CK2 loc key)",Sharboneth,new key
dynn_fae_9585,"common/dynasties name (literal, no CK2 loc key)",el Gnurlbrach,new key
dynn_fae_9586,"common/dynasties name (literal, no CK2 loc key)",el Gahrat,new key
dynn_fae_9587,"common/dynasties name (literal, no CK2 loc key)",N'door,new key
dynn_fae_9588,"common/dynasties name (literal, no CK2 loc key)",Zanessu,new key
dynn_fae_9589,"common/dynasties name (literal, no CK2 loc key)",el Jebel,new key
dynn_fae_959,"common/dynasties name (literal, no CK2 loc key)",Flint,new key
dynn_fae_9590,"common/dynasties name (literal, no CK2 loc key)",el Falas,new key
dynn_fae_9591,"common/dynasties name (literal, no CK2 loc key)",el Maros,new key
dynn_fae_9592,"common/dynasties name (literal, no CK2 loc key)",el Yazir,new key
dynn_fae_9593,"common/dynasties name (literal, no CK2 loc key)",Rhimnasarl,new key
dynn_fae_9594,"common/dynasties name (literal, no CK2 loc key)",el Ihak,new key
dynn_fae_9595,"common/dynasties name (literal, no CK2 loc key)",Bir,new key
dynn_fae_9596,"common/dynasties name (literal, no CK2 loc key)",Ironhand,new key
dynn_fae_9597,"common/dynasties name (literal, no CK2 loc key)",Tarasker,new key
dynn_fae_9598,"common/dynasties name (literal, no CK2 loc key)",Marbarrow,new key
dynn_fae_9599,"common/dynasties name (literal, no CK2 loc key)",Tuthmarillar,new key
dynn_fae_96,"common/dynasties name (literal, no CK2 loc key)",Hartwick,new key
dynn_fae_960,"common/dynasties name (literal, no CK2 loc key)",Shaley,new key
dynn_fae_9600,"common/dynasties name (literal, no CK2 loc key)",Ka,new key
dynn_fae_9601,"common/dynasties name (literal, no CK2 loc key)",Sseratz,new key
dynn_fae_9602,"common/dynasties name (literal, no CK2 loc key)",Mishra,new key
dynn_fae_9603,"common/dynasties name (literal, no CK2 loc key)",Das,new key
dynn_fae_9604,"common/dynasties name (literal, no CK2 loc key)",Anand,new key
dynn_fae_9605,"common/dynasties name (literal, no CK2 loc key)",Joshi,new key
dynn_fae_9606,"common/dynasties name (literal, no CK2 loc key)",Ahuja,new key
dynn_fae_9607,"common/dynasties name (literal, no CK2 loc key)",Dabral,new key
dynn_fae_9608,"common/dynasties name (literal, no CK2 loc key)",Chakladar,new key
dynn_fae_9609,"common/dynasties name (literal, no CK2 loc key)",Issar,new key
dynn_fae_961,"common/dynasties name (literal, no CK2 loc key)",Gabbro,new key
dynn_fae_9610,"common/dynasties name (literal, no CK2 loc key)",Uniyal,new key
dynn_fae_9611,"common/dynasties name (literal, no CK2 loc key)",Mahto,new key
dynn_fae_9612,"common/dynasties name (literal, no CK2 loc key)",Jayashankar,new key
dynn_fae_9613,"common/dynasties name (literal, no CK2 loc key)",Desai,new key
dynn_fae_9614,"common/dynasties name (literal, no CK2 loc key)",Bahaguna,new key
dynn_fae_9615,"common/dynasties name (literal, no CK2 loc key)",Luthra,new key
dynn_fae_9616,"common/dynasties name (literal, no CK2 loc key)",Iyer,new key
dynn_fae_9617,"common/dynasties name (literal, no CK2 loc key)",Malik,new key
dynn_fae_9618,"common/dynasties name (literal, no CK2 loc key)",Piramal,new key
dynn_fae_9619,"common/dynasties name (literal, no CK2 loc key)",Adarsh,new key
dynn_fae_962,"common/dynasties name (literal, no CK2 loc key)",Basalt,new key
dynn_fae_9620,"common/dynasties name (literal, no CK2 loc key)",Agnihotri,new key
dynn_fae_9621,"common/dynasties name (literal, no CK2 loc key)",Agrawai,new key
dynn_fae_9622,"common/dynasties name (literal, no CK2 loc key)",Alla,new key
dynn_fae_9623,"common/dynasties name (literal, no CK2 loc key)",Banerjee,new key
dynn_fae_9624,"common/dynasties name (literal, no CK2 loc key)",Barthwal,new key
dynn_fae_9625,"common/dynasties name (literal, no CK2 loc key)",Baruwal,new key
dynn_fae_9626,"common/dynasties name (literal, no CK2 loc key)",Bhardwaj,new key
dynn_fae_9627,"common/dynasties name (literal, no CK2 loc key)",Biswas,new key
dynn_fae_9628,"common/dynasties name (literal, no CK2 loc key)",Desikan,new key
dynn_fae_9629,"common/dynasties name (literal, no CK2 loc key)",Devarash,new key
dynn_fae_963,"common/dynasties name (literal, no CK2 loc key)",Tuff,new key
dynn_fae_9630,"common/dynasties name (literal, no CK2 loc key)",Doshi,new key
dynn_fae_9631,"common/dynasties name (literal, no CK2 loc key)",Gairola,new key
dynn_fae_9632,"common/dynasties name (literal, no CK2 loc key)",Ganguly,new key
dynn_fae_9633,"common/dynasties name (literal, no CK2 loc key)",Ghatak,new key
dynn_fae_9634,"common/dynasties name (literal, no CK2 loc key)",Hatwal,new key
dynn_fae_9635,"common/dynasties name (literal, no CK2 loc key)",Iyengar,new key
dynn_fae_9636,"common/dynasties name (literal, no CK2 loc key)",Jaitly,new key
dynn_fae_9637,"common/dynasties name (literal, no CK2 loc key)",Karan,new key
dynn_fae_9638,"common/dynasties name (literal, no CK2 loc key)",Kayastha,new key
dynn_fae_9639,"common/dynasties name (literal, no CK2 loc key)",Kawle,new key
dynn_fae_964,"common/dynasties name (literal, no CK2 loc key)",Chert,new key
dynn_fae_9640,"common/dynasties name (literal, no CK2 loc key)",Khurana,new key
dynn_fae_9641,"common/dynasties name (literal, no CK2 loc key)",Lakhanpal,new key
dynn_fae_9642,"common/dynasties name (literal, no CK2 loc key)",Maji,new key
dynn_fae_9643,"common/dynasties name (literal, no CK2 loc key)",Mal,new key
dynn_fae_9644,"common/dynasties name (literal, no CK2 loc key)",Malakar,new key
dynn_fae_9645,"common/dynasties name (literal, no CK2 loc key)",Menariya,new key
dynn_fae_9646,"common/dynasties name (literal, no CK2 loc key)",Mohanty,new key
dynn_fae_9647,"common/dynasties name (literal, no CK2 loc key)",Murkherjee,new key
dynn_fae_9648,"common/dynasties name (literal, no CK2 loc key)",Naudiyal,new key
dynn_fae_9649,"common/dynasties name (literal, no CK2 loc key)",Prabhune,new key
dynn_fae_965,"common/dynasties name (literal, no CK2 loc key)",Gneiss,new key
dynn_fae_9650,"common/dynasties name (literal, no CK2 loc key)",Purandare,new key
dynn_fae_9651,"common/dynasties name (literal, no CK2 loc key)",Rath,new key
dynn_fae_9652,"common/dynasties name (literal, no CK2 loc key)",Sadangi,new key
dynn_fae_9653,"common/dynasties name (literal, no CK2 loc key)",Sahni,new key
dynn_fae_9654,"common/dynasties name (literal, no CK2 loc key)",Sastry,new key
dynn_fae_9655,"common/dynasties name (literal, no CK2 loc key)",Satapathy,new key
dynn_fae_9656,"common/dynasties name (literal, no CK2 loc key)",Semwal,new key
dynn_fae_9657,"common/dynasties name (literal, no CK2 loc key)",Sengupta,new key
dynn_fae_9658,"common/dynasties name (literal, no CK2 loc key)",Sharma,new key
dynn_fae_9659,"common/dynasties name (literal, no CK2 loc key)",Upreti,new key
dynn_fae_966,"common/dynasties name (literal, no CK2 loc key)",Schist,new key
dynn_fae_9660,"common/dynasties name (literal, no CK2 loc key)",Yadav,new key
dynn_fae_9661,"common/dynasties name (literal, no CK2 loc key)",Sagar,new key
dynn_fae_9662,"common/dynasties name (literal, no CK2 loc key)",Punaji,new key
dynn_fae_9663,"common/dynasties name (literal, no CK2 loc key)",Quag,new key
dynn_fae_9664,"common/dynasties name (literal, no CK2 loc key)",Darbal,new key
dynn_fae_9665,"common/dynasties name (literal, no CK2 loc key)",Morcane,new key
dynn_fae_9666,"common/dynasties name (literal, no CK2 loc key)",Ned'razak,new key
dynn_fae_9667,"common/dynasties name (literal, no CK2 loc key)",Deepcinder,new key
dynn_fae_9668,"common/dynasties name (literal, no CK2 loc key)",Flammis,new key
dynn_fae_9669,"common/dynasties name (literal, no CK2 loc key)",Firesea,new key
dynn_fae_967,"common/dynasties name (literal, no CK2 loc key)",Hornfels,new key
dynn_fae_9670,"common/dynasties name (literal, no CK2 loc key)",Redsail,new key
dynn_fae_9671,"common/dynasties name (literal, no CK2 loc key)",Felin,new key
dynn_fae_9672,"common/dynasties name (literal, no CK2 loc key)",Naroun,new key
dynn_fae_9673,"common/dynasties name (literal, no CK2 loc key)",Angkarasce,new key
dynn_fae_9674,"common/dynasties name (literal, no CK2 loc key)",Kalaktron,new key
dynn_fae_9675,"common/dynasties name (literal, no CK2 loc key)",Deirin,new key
dynn_fae_9676,"common/dynasties name (literal, no CK2 loc key)",Oakfeller,new key
dynn_fae_9677,"common/dynasties name (literal, no CK2 loc key)",Durind,new key
dynn_fae_9678,"common/dynasties name (literal, no CK2 loc key)",Silverheart,new key
dynn_fae_9679,"common/dynasties name (literal, no CK2 loc key)",Felinaun,new key
dynn_fae_968,"common/dynasties name (literal, no CK2 loc key)",Skarn,new key
dynn_fae_9680,"common/dynasties name (literal, no CK2 loc key)",Natek,new key
dynn_fae_9681,"common/dynasties name (literal, no CK2 loc key)",Oldspear,new key
dynn_fae_9682,"common/dynasties name (literal, no CK2 loc key)",Sabi,new key
dynn_fae_9683,"common/dynasties name (literal, no CK2 loc key)",Lazul,new key
dynn_fae_9684,"common/dynasties name (literal, no CK2 loc key)",Retz,new key
dynn_fae_9685,"common/dynasties name (literal, no CK2 loc key)",el Ahimar,new key
dynn_fae_9686,"common/dynasties name (literal, no CK2 loc key)",Soulez,new key
dynn_fae_9687,"common/dynasties name (literal, no CK2 loc key)",Ethen,new key
dynn_fae_9688,"common/dynasties name (literal, no CK2 loc key)",Sundersing,new key
dynn_fae_9689,"common/dynasties name (literal, no CK2 loc key)",Shivven,new key
dynn_fae_969,"common/dynasties name (literal, no CK2 loc key)",Porphyry,new key
dynn_fae_9690,"common/dynasties name (literal, no CK2 loc key)",Moltenbeard,new key
dynn_fae_9691,"common/dynasties name (literal, no CK2 loc key)",Otpit,new key
dynn_fae_9692,"common/dynasties name (literal, no CK2 loc key)",Faenor,new key
dynn_fae_9693,"common/dynasties name (literal, no CK2 loc key)",Argreeves,new key
dynn_fae_9694,"common/dynasties name (literal, no CK2 loc key)",Aldhanek,new key
dynn_fae_9695,"common/dynasties name (literal, no CK2 loc key)",yr Manshaka,new key
dynn_fae_9696,"common/dynasties name (literal, no CK2 loc key)",Argith,new key
dynn_fae_9697,"common/dynasties name (literal, no CK2 loc key)",Nightbinder,new key
dynn_fae_9698,"common/dynasties name (literal, no CK2 loc key)",Ironhoof,new key
dynn_fae_9699,"common/dynasties name (literal, no CK2 loc key)",Reachwood,new key
dynn_fae_97,"common/dynasties name (literal, no CK2 loc key)",Thunderpeak,new key
dynn_fae_970,"common/dynasties name (literal, no CK2 loc key)",Sturmthurs,new key
dynn_fae_9700,"common/dynasties name (literal, no CK2 loc key)",Bitterberry,new key
dynn_fae_9701,"common/dynasties name (literal, no CK2 loc key)",Boarspear,new key
dynn_fae_9702,"common/dynasties name (literal, no CK2 loc key)",Ganfathan,new key
dynn_fae_9703,"common/dynasties name (literal, no CK2 loc key)",Thanatar,new key
dynn_fae_9704,"common/dynasties name (literal, no CK2 loc key)",Alagost,new key
dynn_fae_9705,"common/dynasties name (literal, no CK2 loc key)",Shadowcloak,new key
dynn_fae_9706,"common/dynasties name (literal, no CK2 loc key)",Mintharl,new key
dynn_fae_9707,"common/dynasties name (literal, no CK2 loc key)",Ormsarr,new key
dynn_fae_9708,"common/dynasties name (literal, no CK2 loc key)",Stormkin,new key
dynn_fae_9709,"common/dynasties name (literal, no CK2 loc key)",Vyperwood,new key
dynn_fae_971,"common/dynasties name (literal, no CK2 loc key)",Lashingwind,new key
dynn_fae_9710,"common/dynasties name (literal, no CK2 loc key)",Onsil,new key
dynn_fae_9711,"common/dynasties name (literal, no CK2 loc key)",Aldimer,new key
dynn_fae_9712,"common/dynasties name (literal, no CK2 loc key)",Mathlin,new key
dynn_fae_9713,"common/dynasties name (literal, no CK2 loc key)",Uruthkurt,new key
dynn_fae_9714,"common/dynasties name (literal, no CK2 loc key)",Baraedin,new key
dynn_fae_9715,"common/dynasties name (literal, no CK2 loc key)",Mithertul,new key
dynn_fae_9716,"common/dynasties name (literal, no CK2 loc key)",Naskurl,new key
dynn_fae_9717,"common/dynasties name (literal, no CK2 loc key)",Channath,new key
dynn_fae_9718,"common/dynasties name (literal, no CK2 loc key)",Elovear,new key
dynn_fae_9719,"common/dynasties name (literal, no CK2 loc key)",Laranadda,new key
dynn_fae_972,"common/dynasties name (literal, no CK2 loc key)",Tempest,new key
dynn_fae_9720,"common/dynasties name (literal, no CK2 loc key)",Tithlin,new key
dynn_fae_9721,"common/dynasties name (literal, no CK2 loc key)",Vandover,new key
dynn_fae_9722,"common/dynasties name (literal, no CK2 loc key)",Ormitar,new key
dynn_fae_9723,"common/dynasties name (literal, no CK2 loc key)",Bhandraddon,new key
dynn_fae_9724,"common/dynasties name (literal, no CK2 loc key)",Uzin,new key
dynn_fae_9725,"common/dynasties name (literal, no CK2 loc key)",Nanatar,new key
dynn_fae_9726,"common/dynasties name (literal, no CK2 loc key)",Ulblesk,new key
dynn_fae_9727,"common/dynasties name (literal, no CK2 loc key)",Wendilar,new key
dynn_fae_9728,"common/dynasties name (literal, no CK2 loc key)",Dragynstarr,new key
dynn_fae_9729,"common/dynasties name (literal, no CK2 loc key)",O'Kane,new key
dynn_fae_973,"common/dynasties name (literal, no CK2 loc key)",Sturmaz,new key
dynn_fae_9730,"common/dynasties name (literal, no CK2 loc key)",Varro,new key
dynn_fae_9731,"common/dynasties name (literal, no CK2 loc key)",Dalastarra,new key
dynn_fae_9732,"common/dynasties name (literal, no CK2 loc key)",Melandor,new key
dynn_fae_9733,"common/dynasties name (literal, no CK2 loc key)",Blacktree,new key
dynn_fae_9734,"common/dynasties name (literal, no CK2 loc key)",Moorland,new key
dynn_fae_9735,"common/dynasties name (literal, no CK2 loc key)",Thultyrl,new key
dynn_fae_9736,"common/dynasties name (literal, no CK2 loc key)",Misintle,new key
dynn_fae_9737,"common/dynasties name (literal, no CK2 loc key)",Billon,new key
dynn_fae_9738,"common/dynasties name (literal, no CK2 loc key)",Kuvarh,new key
dynn_fae_9739,"common/dynasties name (literal, no CK2 loc key)",Opan,new key
dynn_fae_974,"common/dynasties name (literal, no CK2 loc key)",Halny,new key
dynn_fae_9740,"common/dynasties name (literal, no CK2 loc key)",Reaffan,new key
dynn_fae_9741,"common/dynasties name (literal, no CK2 loc key)",Fumarandi,new key
dynn_fae_9742,"common/dynasties name (literal, no CK2 loc key)",Mazithingallix,new key
dynn_fae_9743,"common/dynasties name (literal, no CK2 loc key)",el Ankebut,new key
dynn_fae_9744,"common/dynasties name (literal, no CK2 loc key)",Lamouer,new key
dynn_fae_9745,"common/dynasties name (literal, no CK2 loc key)",Iraaris,new key
dynn_fae_9746,"common/dynasties name (literal, no CK2 loc key)",Naldarai,new key
dynn_fae_9747,"common/dynasties name (literal, no CK2 loc key)",Iradartis,new key
dynn_fae_9748,"common/dynasties name (literal, no CK2 loc key)",Cruvan,new key
dynn_fae_9749,"common/dynasties name (literal, no CK2 loc key)",Iragrephor,new key
dynn_fae_975,"common/dynasties name (literal, no CK2 loc key)",Odn,new key
dynn_fae_9750,"common/dynasties name (literal, no CK2 loc key)",Marworn,new key
dynn_fae_9751,"common/dynasties name (literal, no CK2 loc key)",Otiraster,new key
dynn_fae_9752,"common/dynasties name (literal, no CK2 loc key)",Beryth,new key
dynn_fae_9753,"common/dynasties name (literal, no CK2 loc key)",Horprath,new key
dynn_fae_9754,"common/dynasties name (literal, no CK2 loc key)",Quothas,new key
dynn_fae_9755,"common/dynasties name (literal, no CK2 loc key)",Qiglyn,new key
dynn_fae_9756,"common/dynasties name (literal, no CK2 loc key)",Eilcaryn,new key
dynn_fae_9757,"common/dynasties name (literal, no CK2 loc key)",Nailyn,new key
dynn_fae_9758,"common/dynasties name (literal, no CK2 loc key)",Lesbynn,new key
dynn_fae_9759,"common/dynasties name (literal, no CK2 loc key)",Faecaryn,new key
dynn_fae_976,"common/dynasties name (literal, no CK2 loc key)",Unweder,new key
dynn_fae_9760,"common/dynasties name (literal, no CK2 loc key)",Pihanna,new key
dynn_fae_9761,"common/dynasties name (literal, no CK2 loc key)",Triyana,new key
dynn_fae_9762,"common/dynasties name (literal, no CK2 loc key)",Yllayana,new key
dynn_fae_9763,"common/dynasties name (literal, no CK2 loc key)",Safaera,new key
dynn_fae_9764,"common/dynasties name (literal, no CK2 loc key)",Rollynna,new key
dynn_fae_9765,"common/dynasties name (literal, no CK2 loc key)",Kruvan,new key
dynn_fae_9766,"common/dynasties name (literal, no CK2 loc key)",Elrocard,new key
dynn_fae_9767,"common/dynasties name (literal, no CK2 loc key)",Arazion,new key
dynn_fae_9768,"common/dynasties name (literal, no CK2 loc key)",Arangeon,new key
dynn_fae_9769,"common/dynasties name (literal, no CK2 loc key)",Vicgrephor,new key
dynn_fae_977,"common/dynasties name (literal, no CK2 loc key)",Elding,new key
dynn_fae_9770,"common/dynasties name (literal, no CK2 loc key)",Narksirak,new key
dynn_fae_9771,"common/dynasties name (literal, no CK2 loc key)",Eregrephor,new key
dynn_fae_9772,"common/dynasties name (literal, no CK2 loc key)",Tavtorin,new key
dynn_fae_9773,"common/dynasties name (literal, no CK2 loc key)",Horuvir,new key
dynn_fae_9774,"common/dynasties name (literal, no CK2 loc key)",Trinerta,new key
dynn_fae_9775,"common/dynasties name (literal, no CK2 loc key)",Licrion,new key
dynn_fae_9776,"common/dynasties name (literal, no CK2 loc key)",Elrokul,new key
dynn_fae_9777,"common/dynasties name (literal, no CK2 loc key)",Vethdarai,new key
dynn_fae_9778,"common/dynasties name (literal, no CK2 loc key)",Otirvan,new key
dynn_fae_9779,"common/dynasties name (literal, no CK2 loc key)",Nalbaver,new key
dynn_fae_978,"common/dynasties name (literal, no CK2 loc key)",Blixt,new key
dynn_fae_9780,"common/dynasties name (literal, no CK2 loc key)",Nalfros,new key
dynn_fae_9781,"common/dynasties name (literal, no CK2 loc key)",Kuodon,new key
dynn_fae_9782,"common/dynasties name (literal, no CK2 loc key)",Branykos,new key
dynn_fae_9783,"common/dynasties name (literal, no CK2 loc key)",Trinxis,new key
dynn_fae_9784,"common/dynasties name (literal, no CK2 loc key)",Hakul,new key
dynn_fae_9785,"common/dynasties name (literal, no CK2 loc key)",Xannis,new key
dynn_fae_9786,"common/dynasties name (literal, no CK2 loc key)",Narkliss,new key
dynn_fae_9787,"common/dynasties name (literal, no CK2 loc key)",Kuovis,new key
dynn_fae_9788,"common/dynasties name (literal, no CK2 loc key)",Yanliss,new key
dynn_fae_9789,"common/dynasties name (literal, no CK2 loc key)",Galinfis,new key
dynn_fae_979,"common/dynasties name (literal, no CK2 loc key)",Lynglimt,new key
dynn_fae_9790,"common/dynasties name (literal, no CK2 loc key)",Minliss,new key
dynn_fae_9791,"common/dynasties name (literal, no CK2 loc key)",Lanfros,new key
dynn_fae_9792,"common/dynasties name (literal, no CK2 loc key)",Haikul,new key
dynn_fae_9793,"common/dynasties name (literal, no CK2 loc key)",Dayerion,new key
dynn_fae_9794,"common/dynasties name (literal, no CK2 loc key)",Quaoros,new key
dynn_fae_9795,"common/dynasties name (literal, no CK2 loc key)",Jahorgan,new key
dynn_fae_9796,"common/dynasties name (literal, no CK2 loc key)",Chathlass,new key
dynn_fae_9797,"common/dynasties name (literal, no CK2 loc key)",Windlock,new key
dynn_fae_9798,"common/dynasties name (literal, no CK2 loc key)",Ankramir,new key
dynn_fae_9799,"common/dynasties name (literal, no CK2 loc key)",Dyraal,new key
dynn_fae_98,"common/dynasties name (literal, no CK2 loc key)",Burdun,new key
dynn_fae_980,"common/dynasties name (literal, no CK2 loc key)",Ushitora,new key
dynn_fae_9800,"common/dynasties name (literal, no CK2 loc key)",Aranyis,new key
dynn_fae_9801,"common/dynasties name (literal, no CK2 loc key)",Ux Bahamuti,new key
dynn_fae_9802,"common/dynasties name (literal, no CK2 loc key)",Belnak,new key
dynn_fae_9803,"common/dynasties name (literal, no CK2 loc key)",Churirajachi,new key
dynn_fae_9804,"common/dynasties name (literal, no CK2 loc key)",Clethtinthtiallor,new key
dynn_fae_9805,"common/dynasties name (literal, no CK2 loc key)",Daardendrien,new key
dynn_fae_9806,"common/dynasties name (literal, no CK2 loc key)",Fenkenkabradon,new key
dynn_fae_9807,"common/dynasties name (literal, no CK2 loc key)",Gethmara,new key
dynn_fae_9808,"common/dynasties name (literal, no CK2 loc key)",Ibeig,new key
dynn_fae_9809,"common/dynasties name (literal, no CK2 loc key)",Jalt,new key
dynn_fae_981,"common/dynasties name (literal, no CK2 loc key)",Hashihime,new key
dynn_fae_9810,"common/dynasties name (literal, no CK2 loc key)",Kanjentellequor,new key
dynn_fae_9811,"common/dynasties name (literal, no CK2 loc key)",Kepeshkmolik,new key
dynn_fae_9812,"common/dynasties name (literal, no CK2 loc key)",Linxakasendalor,new key
dynn_fae_9813,"common/dynasties name (literal, no CK2 loc key)",Ophinshtalajiir,new key
dynn_fae_9814,"common/dynasties name (literal, no CK2 loc key)",Prexijandilin,new key
dynn_fae_9815,"common/dynasties name (literal, no CK2 loc key)",Shestandeliath,new key
dynn_fae_9816,"common/dynasties name (literal, no CK2 loc key)",Tlassian,new key
dynn_fae_9817,"common/dynasties name (literal, no CK2 loc key)",Travek,new key
dynn_fae_9818,"common/dynasties name (literal, no CK2 loc key)",Treg,new key
dynn_fae_9819,"common/dynasties name (literal, no CK2 loc key)",Verthisathurgiesh,new key
dynn_fae_982,"common/dynasties name (literal, no CK2 loc key)",Ibaraki-doji,new key
dynn_fae_9820,"common/dynasties name (literal, no CK2 loc key)",Vkriss,new key
dynn_fae_9821,"common/dynasties name (literal, no CK2 loc key)",Yrjixtilex,new key
dynn_fae_9822,"common/dynasties name (literal, no CK2 loc key)",Ardenthyn,new key
dynn_fae_9823,"common/dynasties name (literal, no CK2 loc key)",Babar,new key
dynn_fae_9824,"common/dynasties name (literal, no CK2 loc key)",Drethyl,new key
dynn_fae_9825,"common/dynasties name (literal, no CK2 loc key)",Flesz,new key
dynn_fae_9826,"common/dynasties name (literal, no CK2 loc key)",Garenth,new key
dynn_fae_9827,"common/dynasties name (literal, no CK2 loc key)",Hekesh,new key
dynn_fae_9828,"common/dynasties name (literal, no CK2 loc key)",Lassan,new key
dynn_fae_9829,"common/dynasties name (literal, no CK2 loc key)",Tethel,new key
dynn_fae_983,"common/dynasties name (literal, no CK2 loc key)",Shuten-doji,new key
dynn_fae_9830,"common/dynasties name (literal, no CK2 loc key)",Urlingscar,new key
dynn_fae_9831,"common/dynasties name (literal, no CK2 loc key)",Belarrak,new key
dynn_fae_9832,"common/dynasties name (literal, no CK2 loc key)",Garandorn,new key
dynn_fae_9833,"common/dynasties name (literal, no CK2 loc key)",Parwiccan,new key
dynn_fae_9834,"common/dynasties name (literal, no CK2 loc key)",Essembran,new key
dynn_fae_9835,"common/dynasties name (literal, no CK2 loc key)",Mavin,new key
dynn_fae_9836,"common/dynasties name (literal, no CK2 loc key)",Essem,new key
dynn_fae_9837,"common/dynasties name (literal, no CK2 loc key)",Brost,new key
dynn_fae_9838,"common/dynasties name (literal, no CK2 loc key)",Octi,new key
dynn_fae_9839,"common/dynasties name (literal, no CK2 loc key)",Halgin,new key
dynn_fae_984,"common/dynasties name (literal, no CK2 loc key)",Kidomaru,new key
dynn_fae_9840,"common/dynasties name (literal, no CK2 loc key)",Otaaryl,new key
dynn_fae_9841,"common/dynasties name (literal, no CK2 loc key)",Olothon,new key
dynn_fae_9842,"common/dynasties name (literal, no CK2 loc key)",Xymorian,new key
dynn_fae_9843,"common/dynasties name (literal, no CK2 loc key)",Ux Marduki,new key
dynn_fae_9844,"common/dynasties name (literal, no CK2 loc key)",Sevenfold,new key
dynn_fae_9845,"common/dynasties name (literal, no CK2 loc key)",Ptarian,new key
dynn_fae_9846,"common/dynasties name (literal, no CK2 loc key)",Valanaster,new key
dynn_fae_9847,"common/dynasties name (literal, no CK2 loc key)",Orlarr,new key
dynn_fae_9848,"common/dynasties name (literal, no CK2 loc key)",Melauth,new key
dynn_fae_9849,"common/dynasties name (literal, no CK2 loc key)",Argularr,new key
dynn_fae_985,"common/dynasties name (literal, no CK2 loc key)",Onigashima,new key
dynn_fae_9850,"common/dynasties name (literal, no CK2 loc key)",Raurokh,new key
dynn_fae_9851,"common/dynasties name (literal, no CK2 loc key)",Eskornam,new key
dynn_fae_9852,"common/dynasties name (literal, no CK2 loc key)",Gauwerv,new key
dynn_fae_9853,"common/dynasties name (literal, no CK2 loc key)",Esham,new key
dynn_fae_9854,"common/dynasties name (literal, no CK2 loc key)",Versvesh,new key
dynn_fae_9855,"common/dynasties name (literal, no CK2 loc key)",Emych,new key
dynn_fae_9856,"common/dynasties name (literal, no CK2 loc key)",Vayemnir,new key
dynn_fae_9857,"common/dynasties name (literal, no CK2 loc key)",Ux Reshvemi,new key
dynn_fae_9858,"common/dynasties name (literal, no CK2 loc key)",Ux Iskdara,new key
dynn_fae_9859,"common/dynasties name (literal, no CK2 loc key)",Ux Khorsaya,new key
dynn_fae_986,"common/dynasties name (literal, no CK2 loc key)",Namahage,new key
dynn_fae_9860,"common/dynasties name (literal, no CK2 loc key)",Ux Thuchir,new key
dynn_fae_9861,"common/dynasties name (literal, no CK2 loc key)",Morvaeril,new key
dynn_fae_9862,"common/dynasties name (literal, no CK2 loc key)",Selsherryn,new key
dynn_fae_9863,"common/dynasties name (literal, no CK2 loc key)",Hundel,new key
dynn_fae_9864,"common/dynasties name (literal, no CK2 loc key)",Kalidhem,new key
dynn_fae_9865,"common/dynasties name (literal, no CK2 loc key)",Orauntar,new key
dynn_fae_9866,"common/dynasties name (literal, no CK2 loc key)",Scheiron,new key
dynn_fae_9867,"common/dynasties name (literal, no CK2 loc key)",Neathal,new key
dynn_fae_9868,"common/dynasties name (literal, no CK2 loc key)",Pow,new key
dynn_fae_9869,"common/dynasties name (literal, no CK2 loc key)",Kislinkos,new key
dynn_fae_987,"common/dynasties name (literal, no CK2 loc key)",Onihitokuchi,new key
dynn_fae_9870,"common/dynasties name (literal, no CK2 loc key)",Naelor,new key
dynn_fae_9871,"common/dynasties name (literal, no CK2 loc key)",Flamehair,new key
dynn_fae_9872,"common/dynasties name (literal, no CK2 loc key)",Turvuld,new key
dynn_fae_9873,"common/dynasties name (literal, no CK2 loc key)",Ironshield,new key
dynn_fae_9874,"common/dynasties name (literal, no CK2 loc key)",Padangan,new key
dynn_fae_9875,"common/dynasties name (literal, no CK2 loc key)",Varangha,new key
dynn_fae_9876,"common/dynasties name (literal, no CK2 loc key)",Fraaszhelm,new key
dynn_fae_9877,"common/dynasties name (literal, no CK2 loc key)",Taran,new key
dynn_fae_9878,"common/dynasties name (literal, no CK2 loc key)",Rex,new key
dynn_fae_9879,"common/dynasties name (literal, no CK2 loc key)",Bonefang,new key
dynn_fae_988,"common/dynasties name (literal, no CK2 loc key)",Gyuki,new key
dynn_fae_9880,"common/dynasties name (literal, no CK2 loc key)",Legionsword,new key
dynn_fae_9881,"common/dynasties name (literal, no CK2 loc key)",Sulphurous,new key
dynn_fae_9882,"common/dynasties name (literal, no CK2 loc key)",O'Roarke,new key
dynn_fae_9883,"common/dynasties name (literal, no CK2 loc key)",Dheubpurcwenpyl,new key
dynn_fae_9884,"common/dynasties name (literal, no CK2 loc key)",Khaven-Ghell,new key
dynn_fae_9885,"common/dynasties name (literal, no CK2 loc key)",Kyorlam,new key
dynn_fae_9886,"common/dynasties name (literal, no CK2 loc key)",Vrellupt,new key
dynn_fae_989,"common/dynasties name (literal, no CK2 loc key)",Yamauba,new key
dynn_fae_99,"common/dynasties name (literal, no CK2 loc key)",oin Meadowhome,new key
dynn_fae_990,"common/dynasties name (literal, no CK2 loc key)",Chakravarthy,new key
dynn_fae_9901,"common/dynasties name (literal, no CK2 loc key)",Crossbone,new key
dynn_fae_9902,"common/dynasties name (literal, no CK2 loc key)",Waveblade,new key
dynn_fae_9903,"common/dynasties name (literal, no CK2 loc key)",Direfin,new key
dynn_fae_9904,"common/dynasties name (literal, no CK2 loc key)",Fard,new key
dynn_fae_9905,"common/dynasties name (literal, no CK2 loc key)",Bax,new key
dynn_fae_9906,"common/dynasties name (literal, no CK2 loc key)",Twinscar,new key
dynn_fae_9907,"common/dynasties name (literal, no CK2 loc key)",Teach,new key
dynn_fae_9908,"common/dynasties name (literal, no CK2 loc key)",Calico,new key
dynn_fae_9909,"common/dynasties name (literal, no CK2 loc key)",Dagger,new key
dynn_fae_991,"common/dynasties name (literal, no CK2 loc key)",Biraj,new key
dynn_fae_9910,"common/dynasties name (literal, no CK2 loc key)",Gaun,new key
dynn_fae_9911,"common/dynasties name (literal, no CK2 loc key)",Fathom,new key
dynn_fae_9912,"common/dynasties name (literal, no CK2 loc key)",Mastjoy,new key
dynn_fae_9913,"common/dynasties name (literal, no CK2 loc key)",Uchoo,new key
dynn_fae_9914,"common/dynasties name (literal, no CK2 loc key)",Viktus,new key
dynn_fae_9915,"common/dynasties name (literal, no CK2 loc key)",Ulman,new key
dynn_fae_9916,"common/dynasties name (literal, no CK2 loc key)",Rackam,new key
dynn_fae_9917,"common/dynasties name (literal, no CK2 loc key)",Sandpipe,new key
dynn_fae_9918,"common/dynasties name (literal, no CK2 loc key)",Talvan,new key
dynn_fae_9919,"common/dynasties name (literal, no CK2 loc key)",Coorta,new key
dynn_fae_992,"common/dynasties name (literal, no CK2 loc key)",Sawtooth,new key
dynn_fae_9920,"common/dynasties name (literal, no CK2 loc key)",Forsev,new key
dynn_fae_9921,"common/dynasties name (literal, no CK2 loc key)",Olv,new key
dynn_fae_9922,"common/dynasties name (literal, no CK2 loc key)",Lee,new key
dynn_fae_9923,"common/dynasties name (literal, no CK2 loc key)",Saltsail,new key
dynn_fae_9924,"common/dynasties name (literal, no CK2 loc key)",Haskill,new key
dynn_fae_9925,"common/dynasties name (literal, no CK2 loc key)",Freeboot,new key
dynn_fae_9926,"common/dynasties name (literal, no CK2 loc key)",Wrecker,new key
dynn_fae_9927,"common/dynasties name (literal, no CK2 loc key)",Anchorman,new key
dynn_fae_9928,"common/dynasties name (literal, no CK2 loc key)",Shiphunter,new key
dynn_fae_9929,"common/dynasties name (literal, no CK2 loc key)",Jank,new key
dynn_fae_993,"common/dynasties name (literal, no CK2 loc key)",Datharathi,new key
dynn_fae_9930,"common/dynasties name (literal, no CK2 loc key)",Swashbuck,new key
dynn_fae_9931,"common/dynasties name (literal, no CK2 loc key)",Xaviul,new key
dynn_fae_9932,"common/dynasties name (literal, no CK2 loc key)",Rusk,new key
dynn_fae_9933,"common/dynasties name (literal, no CK2 loc key)",Thell,new key
dynn_fae_9934,"common/dynasties name (literal, no CK2 loc key)",Yen,new key
dynn_fae_9935,"common/dynasties name (literal, no CK2 loc key)",Calv,new key
dynn_fae_9936,"common/dynasties name (literal, no CK2 loc key)",Silverblade,new key
dynn_fae_9937,"common/dynasties name (literal, no CK2 loc key)",Toshant,new key
dynn_fae_9938,"common/dynasties name (literal, no CK2 loc key)",of the Kissing Maiden,new key
dynn_fae_9939,"common/dynasties name (literal, no CK2 loc key)",Wham,new key
dynn_fae_994,"common/dynasties name (literal, no CK2 loc key)",Surender,new key
dynn_fae_9940,"common/dynasties name (literal, no CK2 loc key)",Altumbelian,new key
dynn_fae_9941,"common/dynasties name (literal, no CK2 loc key)",Jolrog,new key
dynn_fae_9942,"common/dynasties name (literal, no CK2 loc key)",Shilling,new key
dynn_fae_9943,"common/dynasties name (literal, no CK2 loc key)",Seastar,new key
dynn_fae_9944,"common/dynasties name (literal, no CK2 loc key)",Bloodsail,new key
dynn_fae_9945,"common/dynasties name (literal, no CK2 loc key)",Cutter,new key
dynn_fae_995,"common/dynasties name (literal, no CK2 loc key)",Cathak,new key
dynn_fae_9950,"common/dynasties name (literal, no CK2 loc key)",Ding,new key
dynn_fae_9951,"common/dynasties name (literal, no CK2 loc key)",Ting,new key
dynn_fae_9952,"common/dynasties name (literal, no CK2 loc key)",Ren,new key
dynn_fae_9953,"common/dynasties name (literal, no CK2 loc key)",Jen,new key
dynn_fae_9954,"common/dynasties name (literal, no CK2 loc key)",Shen,new key
dynn_fae_9955,"common/dynasties name (literal, no CK2 loc key)",Zhong,new key
dynn_fae_9956,"common/dynasties name (literal, no CK2 loc key)",Chung,new key
dynn_fae_9957,"common/dynasties name (literal, no CK2 loc key)",Cui,new key
dynn_fae_9958,"common/dynasties name (literal, no CK2 loc key)",T'an,new key
dynn_fae_9959,"common/dynasties name (literal, no CK2 loc key)",Fan,new key
dynn_fae_996,"common/dynasties name (literal, no CK2 loc key)",Mollo,new key
dynn_fae_9960,"common/dynasties name (literal, no CK2 loc key)",Liao,new key
dynn_fae_9961,"common/dynasties name (literal, no CK2 loc key)",Shi,new key
dynn_fae_9962,"common/dynasties name (literal, no CK2 loc key)",Shih,new key
dynn_fae_9963,"common/dynasties name (literal, no CK2 loc key)",Jin,new key
dynn_fae_9964,"common/dynasties name (literal, no CK2 loc key)",Chia,new key
dynn_fae_9965,"common/dynasties name (literal, no CK2 loc key)",Hsia,new key
dynn_fae_9966,"common/dynasties name (literal, no CK2 loc key)",Fu,new key
dynn_fae_9967,"common/dynasties name (literal, no CK2 loc key)",Fang,new key
dynn_fae_9968,"common/dynasties name (literal, no CK2 loc key)",Zou,new key
dynn_fae_9969,"common/dynasties name (literal, no CK2 loc key)",Tsou,new key
dynn_fae_997,"common/dynasties name (literal, no CK2 loc key)",Syed,new key
dynn_fae_9970,"common/dynasties name (literal, no CK2 loc key)",Xiong,new key
dynn_fae_9971,"common/dynasties name (literal, no CK2 loc key)",Hsiung,new key
dynn_fae_9972,"common/dynasties name (literal, no CK2 loc key)",Bai,new key
dynn_fae_9973,"common/dynasties name (literal, no CK2 loc key)",Pai,new key
dynn_fae_9974,"common/dynasties name (literal, no CK2 loc key)",Meng,new key
dynn_fae_9975,"common/dynasties name (literal, no CK2 loc key)",Ch'in,new key
dynn_fae_9976,"common/dynasties name (literal, no CK2 loc key)",Qiu,new key
dynn_fae_9977,"common/dynasties name (literal, no CK2 loc key)",Ch'iu,new key
dynn_fae_9978,"common/dynasties name (literal, no CK2 loc key)",Yin,new key
dynn_fae_9979,"common/dynasties name (literal, no CK2 loc key)",Xue,new key
dynn_fae_998,"common/dynasties name (literal, no CK2 loc key)",Savittar,new key
dynn_fae_9980,"common/dynasties name (literal, no CK2 loc key)",Hsueh,new key
dynn_fae_9981,"common/dynasties name (literal, no CK2 loc key)",Yan,new key
dynn_fae_9982,"common/dynasties name (literal, no CK2 loc key)",Duan,new key
dynn_fae_9983,"common/dynasties name (literal, no CK2 loc key)",Tuan,new key
dynn_fae_9984,"common/dynasties name (literal, no CK2 loc key)",Lei,new key
dynn_fae_9985,"common/dynasties name (literal, no CK2 loc key)",Long,new key
dynn_fae_9986,"common/dynasties name (literal, no CK2 loc key)",Tao,new key
dynn_fae_9987,"common/dynasties name (literal, no CK2 loc key)",T'ao,new key
dynn_fae_9988,"common/dynasties name (literal, no CK2 loc key)",Ho,new key
dynn_fae_9989,"common/dynasties name (literal, no CK2 loc key)",Mao,new key
dynn_fae_999,"common/dynasties name (literal, no CK2 loc key)",Cinderhelm,new key
dynn_fae_9990,"common/dynasties name (literal, no CK2 loc key)",Hao,new key
dynn_fae_9991,"common/dynasties name (literal, no CK2 loc key)",Gu,new key
dynn_fae_9992,"common/dynasties name (literal, no CK2 loc key)",Ku,new key
dynn_fae_9993,"common/dynasties name (literal, no CK2 loc key)",Gong,new key
dynn_fae_9994,"common/dynasties name (literal, no CK2 loc key)",Kung,new key
dynn_fae_9995,"common/dynasties name (literal, no CK2 loc key)",Shao,new key
dynn_fae_9996,"common/dynasties name (literal, no CK2 loc key)",Wan,new key
dynn_fae_9997,"common/dynasties name (literal, no CK2 loc key)",Qian,new key
dynn_fae_9998,"common/dynasties name (literal, no CK2 loc key)",Ch'ien,new key
dynn_fae_9999,"common/dynasties name (literal, no CK2 loc key)",Dai,new key
