county,ck2_province,baronies,county_px,county_radius_px,distinct_slots,distinct_slots_inside_county,spread_all_slots_px,spread_inside_px,spread_inside_over_radius
c_abarun,1780,1,25627,90.3,7,4,7995.6,44.8,0.496
c_abreon,423,2,4026,35.8,5,2,62.6,23.3,0.652
c_achelar,1741,2,11765,61.2,7,4,3784.8,37.5,0.613
c_adamas_tooth,765,2,4729,38.8,6,4,63.4,48.0,1.238
c_adbarrim,2449,2,1207,19.6,3,3,23.3,23.3,1.187
c_addak,621,1,14528,68.0,6,6,61.8,61.8,0.909
c_adder_swamp,671,1,4734,38.8,5,3,65.1,37.0,0.953
c_adder_woods,598,1,12069,62.0,3,3,24.2,24.2,0.39
c_adderspring,1722,1,10730,58.4,7,4,4894.7,32.6,0.557
c_adhal,1398,2,5671,42.5,7,5,4896.1,42.5,1.001
c_adrila,1456,1,14281,67.4,4,4,36.0,36.0,0.534
c_aerilpar_forest,762,1,3232,32.1,6,5,62.6,41.4,1.291
c_ahlarkhem,171,3,3415,33.0,7,5,55.5,27.5,0.833
c_ahma,418,1,8028,50.6,5,4,61.8,61.8,1.223
c_ahruukar,2520,3,1878,24.4,3,3,23.3,23.3,0.954
c_ahtitlak,1267,2,16467,72.4,5,5,86.2,86.2,1.19
c_aib,1555,2,4672,38.6,4,3,56.4,56.4,1.463
c_aina,678,2,8433,51.8,7,5,66.3,54.6,1.054
c_airspur,578,3,8418,51.8,5,4,63.6,61.8,1.195
c_ajayib,1605,3,4160,36.4,5,4,47.9,34.0,0.935
c_ajmer_forest,775,1,10198,57.0,5,5,62.6,62.6,1.099
c_akaam,414,2,4746,38.9,5,3,62.6,37.0,0.952
c_akanax,630,2,4234,36.7,7,5,84.2,46.1,1.255
c_akararbasa,1758,1,21288,82.3,7,4,5628.7,59.2,0.72
c_akashay,933,1,16358,72.2,5,5,62.6,62.6,0.868
c_akshu,1372,3,25758,90.5,6,6,62.6,62.6,0.692
c_al_abib,1587,1,4870,39.4,4,4,25.2,25.2,0.641
c_al_anwahr,953,1,9444,54.8,4,3,48.3,23.8,0.434
c_al_asirr,1525,3,7568,49.1,5,4,57.6,28.8,0.588
c_al_azra,942,2,3969,35.5,5,3,62.6,37.9,1.068
c_al_faddi,1400,1,22266,84.2,7,6,5050.9,59.0,0.701
c_al_faraq_islands,1483,1,2181,26.3,5,2,64.0,30.3,1.149
c_al_hanieh,1504,1,15359,69.9,4,3,61.8,30.1,0.43
c_al_harir,943,1,7720,49.6,5,4,74.0,62.6,1.263
c_al_harmah,1484,2,5403,41.5,3,2,41.4,22.5,0.542
c_al_haul,952,1,8919,53.3,5,4,61.8,48.3,0.906
c_al_kidr,959,1,14544,68.0,5,5,62.6,62.6,0.92
c_al_kurtum,1521,1,7948,50.3,4,3,59.3,42.1,0.836
c_al_mahabanah,1603,1,4286,36.9,5,3,62.4,36.2,0.981
c_al_malih,1463,2,6859,46.7,5,5,31.3,31.3,0.669
c_al_munamma,1478,2,6236,44.6,3,3,34.1,34.1,0.764
c_al_nuziyyah,1556,2,3772,34.7,5,3,48.5,22.6,0.653
c_al_qahera,1075,3,39148,111.6,5,5,62.6,62.6,0.561
c_al_sarif,1466,1,6936,47.0,5,5,52.4,52.4,1.115
c_al_tarik_islands,1607,1,1720,23.4,5,2,57.3,12.2,0.52
c_al_wahl,1452,2,6727,46.3,5,5,33.2,33.2,0.718
c_al_zabdiyat,2166,1,2204,26.5,3,2,23.3,22.8,0.862
c_alaghon,238,4,2341,27.3,5,3,62.6,27.3,1.001
c_alamaqu,1332,1,15746,70.8,6,5,80.0,80.0,1.131
c_alamirs_end,161,3,6623,45.9,6,4,61.1,50.0,1.09
c_alamontyr,498,3,3903,35.2,6,2,55.1,8.2,0.234
c_alaoreum,239,1,3873,35.1,5,3,62.6,25.7,0.732
c_alashan,977,4,4137,36.3,6,6,52.6,52.6,1.45
c_aldani_basin,456,1,8328,51.5,7,7,51.9,51.9,1.008
c_aldoman,2396,1,37605,109.4,5,5,66.4,66.4,0.607
c_aldreth,1639,1,1215,19.7,4,3,50.0,22.0,1.116
c_alisiwhann,140,3,2852,30.1,7,6,88.0,48.8,1.621
c_almawt,1622,1,7763,49.7,3,2,32.6,22.5,0.452
c_almorel,913,2,5265,40.9,5,4,67.3,65.2,1.593
c_almraiven,151,2,6902,46.9,6,4,79.4,36.2,0.773
c_alonmarch,129,3,9386,54.7,5,5,62.6,62.6,1.146
c_alorev,2133,1,4182,36.5,4,4,40.8,40.8,1.119
c_alphar_and_kelthan,1137,1,970,17.6,6,1,62.4,0.0,0.0
c_aluar,643,2,8192,51.1,6,4,86.6,40.8,0.799
c_aluivyn,1206,3,6041,43.9,7,4,4849.5,48.8,1.113
c_aman,1552,1,9328,54.5,4,4,47.4,47.4,0.87
c_amarrev,1683,1,6746,46.3,4,4,49.5,49.5,1.068
c_amassa,827,1,22073,83.8,5,5,62.6,62.6,0.747
c_amazandar,1104,3,3518,33.5,4,4,27.0,27.0,0.807
c_amekufa,2368,3,22552,84.7,3,2,75.0,22.5,0.265
c_amkethran,235,3,5743,42.8,5,4,63.3,59.5,1.393
c_ammathluir,737,2,6436,45.3,6,6,63.0,63.0,1.391
c_ammathtar,736,3,29608,97.1,5,5,62.6,62.6,0.645
c_amnwater,80,4,5114,40.3,4,4,30.6,30.6,0.758
c_amphail,2,3,2981,30.8,4,4,24.1,24.1,0.782
c_amral,2394,1,4821,39.2,6,6,52.2,52.2,1.331
c_amruthar,1048,2,10855,58.8,6,6,77.8,77.8,1.323
c_amry,303,2,3489,33.3,6,2,52.9,10.0,0.3
c_amstelar,2530,2,8630,52.4,3,3,43.8,43.8,0.836
c_amtar_eave,1739,1,12672,63.5,7,4,4619.3,54.7,0.861
c_anarath,1260,1,20867,81.5,4,4,55.3,55.3,0.679
c_anauril,1100,1,3515,33.4,3,3,23.3,23.3,0.695
c_ancients_hollow,2311,1,3739,34.5,7,4,192.8,78.2,2.268
c_angast,674,3,16710,72.9,5,5,62.6,62.6,0.859
c_angol,665,2,16385,72.2,5,5,63.6,63.6,0.88
c_anhaurz,1038,2,4010,35.7,6,5,52.6,42.8,1.198
c_ankatatra,1499,1,18317,76.4,4,4,27.1,27.1,0.355
c_ankhapur,173,4,12637,63.4,5,4,67.1,62.6,0.987
c_ankhur,2496,3,5376,41.4,3,3,23.3,23.3,0.564
c_ankhwood,604,1,7568,49.1,6,4,72.0,42.2,0.86
c_anklis_and_qusur,1611,1,1151,19.1,5,2,70.1,2.0,0.104
c_anktarina,1190,1,34311,104.5,7,7,69.8,69.8,0.668
c_ansi,877,1,49755,125.8,7,7,111.9,111.9,0.889
c_ar_rasumah,1559,1,6725,46.3,3,2,31.6,22.5,0.486
c_araash,2153,1,4630,38.4,5,4,53.6,35.5,0.924
c_arabalar,417,2,4082,36.0,5,3,62.5,62.5,1.733
c_arabel,253,4,3752,34.6,7,6,58.2,36.7,1.061
c_aradiman,2149,1,4032,35.8,6,5,55.7,41.2,1.15
c_arael_hills,2159,1,4237,36.7,4,4,39.1,39.1,1.063
c_araksa,1120,1,266,9.2,4,2,41.1,3.6,0.392
c_araneh,1602,2,5410,41.5,5,4,97.6,47.4,1.143
c_arangyn,1656,2,2410,27.7,4,3,65.5,26.7,0.963
c_arashand,2158,1,4350,37.2,5,4,56.9,53.2,1.431
c_araugul,373,1,4958,39.7,3,3,35.0,35.0,0.881
c_arcata,361,2,11057,59.3,6,6,51.7,51.7,0.871
c_arch_wood,2575,1,1634,22.8,3,3,22.8,22.8,1.002
c_archenbridge,273,3,2133,26.1,5,4,77.9,53.2,2.04
c_archtassel,2574,2,1323,20.5,4,4,24.8,24.8,1.206
c_ardeep_forest,233,3,2642,29.0,7,6,51.9,41.4,1.428
c_ardeepsward,22,2,2627,28.9,7,3,47.1,26.9,0.931
c_ardhi_kavu,2366,2,6707,46.2,4,3,43.0,27.0,0.585
c_aretax_bay,2138,1,4235,36.7,6,5,37.5,37.5,1.021
c_argaervale,1671,1,4954,39.7,5,5,50.7,50.7,1.277
c_argenmoor,1713,1,11954,61.7,7,4,4448.3,39.4,0.639
c_argul,1654,1,2841,30.1,6,6,33.7,33.7,1.122
c_arjol,1751,1,23230,86.0,7,4,5042.1,67.1,0.781
c_armridge,1160,1,34465,104.7,5,5,63.3,63.3,0.604
c_arn_forest,53,1,3628,34.0,7,5,61.5,31.0,0.912
c_arnrock,2308,1,328,10.2,7,4,30.1,20.0,1.957
c_arrabar,210,4,3052,31.2,3,2,49.6,10.2,0.327
c_arran,607,3,6233,44.5,6,6,62.6,62.6,1.407
c_arthyn,1193,2,4641,38.4,6,4,61.1,39.0,1.015
c_arylon,91,1,4157,36.4,4,4,37.6,37.6,1.033
c_asbravn,95,1,6840,46.7,7,3,86.6,49.8,1.068
c_ascalhorn,105,4,4995,39.9,7,7,56.9,56.9,1.427
c_ascore,2461,1,2621,28.9,4,4,41.4,41.4,1.435
c_ashabenford,279,3,1786,23.8,7,5,119.1,44.9,1.884
c_ashanvast,1010,1,5448,41.6,6,6,59.0,59.0,1.418
c_ashenwood,1016,1,5324,41.2,5,5,62.6,62.6,1.521
c_asher_plain,562,1,19694,79.2,5,5,62.6,62.6,0.791
c_ashfields,2460,2,5948,43.5,3,3,23.3,23.3,0.535
c_aspervi,921,1,20938,81.6,5,5,74.0,74.0,0.906
c_assam,195,2,9791,55.8,5,4,62.6,61.8,1.108
c_assundath,655,2,12862,64.0,6,5,67.7,52.9,0.827
c_atai,1376,1,24730,88.7,5,5,62.6,62.6,0.706
c_atars_looking_glass,1067,1,7486,48.8,7,5,71.3,40.3,0.825
c_athab_cape,704,2,5818,43.0,5,4,71.3,62.6,1.455
c_athkatla,74,3,2077,25.7,7,4,51.7,14.6,0.566
c_atoratgins,906,1,26801,92.4,6,6,62.6,62.6,0.678
c_aurils_end,1788,1,30199,98.0,7,4,6251.6,67.5,0.689
c_aurora,1259,1,14337,67.6,7,6,122.1,104.2,1.543
c_aval,1762,1,15657,70.6,7,4,7363.0,67.7,0.959
c_avax,617,2,8364,51.6,7,6,71.1,62.4,1.209
c_avyn,840,1,23203,85.9,5,5,67.5,67.5,0.785
c_axard,1179,1,406,11.4,6,3,53.6,8.0,0.704
c_azhul_pass,1231,1,5197,40.7,7,5,3733.7,68.0,1.671
c_aznawood,1738,1,22678,85.0,7,4,4391.3,51.2,0.602
c_aztul,436,2,3838,35.0,5,2,52.9,25.3,0.724
c_azun,481,3,16835,73.2,5,5,62.6,62.6,0.856
c_azuni,653,2,9016,53.6,6,5,68.7,61.4,1.146
c_bab_al_gaba,1522,2,7292,48.2,5,4,58.1,34.7,0.721
c_babado,2118,3,8265,51.3,4,2,49.2,7.2,0.141
c_baelrah,291,2,4222,36.7,6,4,81.2,41.6,1.135
c_bahat,1783,1,15550,70.4,7,4,7286.2,38.0,0.54
c_bakhuk,869,1,44845,119.5,5,5,82.2,82.2,0.688
c_balaj,487,1,22549,84.7,5,5,70.3,70.3,0.83
c_baldurs_gate,13,4,4273,36.9,7,4,46.1,31.4,0.851
c_bamas,506,1,10381,57.5,7,7,56.4,56.4,0.982
c_banai,1279,1,30841,99.1,5,5,62.6,62.6,0.632
c_banda,887,1,46721,121.9,7,7,115.3,115.3,0.945
c_banlm,904,2,37178,108.8,5,5,72.9,72.9,0.67
c_banu,721,3,4698,38.7,6,5,52.9,45.0,1.165
c_bara,893,1,36782,108.2,7,6,907.2,69.5,0.642
c_barbarians_road,782,1,18656,77.1,5,5,63.3,63.3,0.821
c_bardshyr,121,3,6804,46.5,5,4,62.6,37.0,0.795
c_bariya,880,1,27570,93.7,5,5,67.4,67.4,0.719
c_barrowfield,2607,2,1463,21.6,6,6,34.4,34.4,1.596
c_barze,354,1,8587,52.3,3,3,24.2,24.2,0.462
c_bathme,636,2,6208,44.5,5,5,62.6,62.6,1.409
c_batiriland,1421,1,5871,43.2,7,7,35.4,35.4,0.818
c_battle_of_bones,1238,1,4500,37.8,7,5,4576.8,43.3,1.144
c_bauthwaf,2494,1,948,17.4,5,4,35.9,24.7,1.422
c_beacon_cairn,914,1,7469,48.8,7,6,77.6,61.9,1.269
c_beacon_rocks,298,1,582,13.6,6,2,73.4,11.7,0.857
c_beast_country,2606,1,3225,32.0,5,5,47.4,47.4,1.48
c_beast_lands,763,1,7341,48.3,5,4,62.6,62.6,1.296
c_beast_marches,2420,2,3200,31.9,5,5,34.4,34.4,1.079
c_beastburn,738,1,16112,71.6,5,5,62.6,62.6,0.874
c_beasts_coast,1197,1,2360,27.4,7,4,57.4,40.4,1.473
c_beland,480,1,22746,85.1,5,4,62.6,62.4,0.733
c_beldenshyn,1704,1,4806,39.1,7,6,4432.2,51.0,1.304
c_belhancol,2116,3,10838,58.7,3,3,50.1,50.1,0.853
c_beliard,100,2,9626,55.4,7,6,52.9,51.4,0.929
c_belintholme,1112,1,2060,25.6,5,4,41.4,30.4,1.186
c_bellakh,1653,1,4163,36.4,4,3,60.9,36.4,1.0
c_belprins_hold,1644,1,4604,38.3,4,4,46.0,46.0,1.201
c_beluir,747,4,7556,49.0,6,5,65.5,53.0,1.081
c_bender_adewah,1621,1,921,17.1,5,3,37.1,18.4,1.077
c_bender_berdh,1620,1,9301,54.4,4,3,80.5,32.8,0.603
c_beowood,1184,1,12918,64.1,7,5,146.5,52.4,0.817
c_berdusk,66,3,3101,31.4,7,4,66.7,33.2,1.058
c_beregost,62,3,11068,59.4,6,4,113.6,65.8,1.109
c_bezantur,1032,5,5072,40.2,7,6,64.1,64.1,1.595
c_bezentil,994,1,6926,47.0,7,6,57.4,48.6,1.035
c_bhaerlith,1068,1,11900,61.5,7,5,157.3,37.4,0.607
c_bhaluin,778,1,493,12.5,5,1,61.8,0.0,0.0
c_bhaulaea,1261,1,12837,63.9,7,5,79.9,59.0,0.924
c_bidnop_so,1291,3,28507,95.3,5,5,62.6,62.6,0.657
c_bildoobaris,992,2,3233,32.1,5,4,62.6,62.6,1.952
c_binatang,1359,1,20327,80.4,6,6,77.1,77.1,0.958
c_bisatare,1487,2,4905,39.5,5,4,50.2,50.2,1.271
c_bisoturi,865,1,19256,78.3,7,6,107.2,86.8,1.109
c_bitter_well,891,1,34665,105.0,5,5,74.8,74.8,0.713
c_bjeoerns_pass,1185,1,9763,55.7,7,6,109.6,63.1,1.133
c_black_ash_plain,667,1,13913,66.5,5,3,131.1,35.8,0.539
c_blackfeather_bridge,276,1,1753,23.6,7,6,56.9,33.8,1.432
c_blackford,42,2,3410,32.9,6,5,52.9,30.9,0.938
c_blackhold,2387,2,3666,34.2,5,5,62.6,62.6,1.834
c_blackvale,431,1,5349,41.3,5,4,62.6,57.4,1.392
c_bladed_coast,948,1,7578,49.1,7,5,63.3,51.2,1.043
c_bloodhawk_hold,2626,1,5720,42.7,7,4,5594.4,63.7,1.493
c_bloodlake,1745,1,13363,65.2,7,4,5204.2,40.5,0.621
c_bloodstone,362,2,1849,24.3,6,5,65.2,41.1,1.695
c_blumantle_pass,786,1,15942,71.2,7,6,68.6,68.6,0.963
c_boareskyr_bridge,1583,1,6731,46.3,7,4,4599.0,43.4,0.938
c_boorva,845,1,14953,69.0,7,5,90.0,57.6,0.834
c_borich,850,1,32896,102.3,7,7,81.2,81.2,0.793
c_bottomless_bog,384,3,8526,52.1,3,3,39.2,39.2,0.753
c_bowshot,1163,3,6565,45.7,6,6,62.6,62.6,1.37
c_braleuz,833,1,19788,79.4,5,5,62.6,62.6,0.789
c_brandiar,364,2,8210,51.1,6,5,51.9,41.4,0.81
c_bregenduth,1651,1,7422,48.6,4,3,60.1,53.9,1.109
c_bregonshire,312,1,988,17.7,6,2,63.1,10.2,0.575
c_brightaxe_hall,2652,1,639,14.3,3,0,23.8,0.0,0.0
c_brightfields,484,1,17396,74.4,5,5,62.6,62.6,0.842
c_brittlebone_coast,2155,1,2894,30.4,5,3,49.2,23.8,0.783
c_broadfields,204,1,10736,58.5,7,5,117.9,74.9,1.282
c_broaspu,1074,1,16104,71.6,5,5,62.6,62.6,0.875
c_broken_swords,522,1,12774,63.8,5,5,62.6,62.6,0.982
c_broken_wall_pass,980,2,7859,50.0,5,5,62.6,62.6,1.252
c_broken_well,2619,1,1569,22.3,6,5,6568.7,41.3,1.85
c_bronze_falcon,964,2,19380,78.5,5,5,62.6,62.6,0.797
c_bronzehelms,1342,2,2616,28.9,6,4,52.9,19.1,0.662
c_brost,84,2,6852,46.7,4,4,39.2,39.2,0.839
c_brynwood,1582,1,3634,34.0,7,4,5334.4,24.2,0.711
c_budais_cleft,1211,2,10943,59.0,7,6,6281.0,71.7,1.215
c_bukhouk,1779,1,28073,94.5,7,4,7169.4,91.6,0.969
c_bukitega,1520,1,24426,88.2,3,3,37.0,37.0,0.42
c_bulaantaro,884,1,19919,79.6,5,4,82.0,63.3,0.794
c_bulangalant,857,1,22025,83.7,5,5,78.6,78.6,0.939
c_buldamar,567,2,8040,50.6,5,1,68.4,0.0,0.0
c_bulobo,459,1,6858,46.7,7,4,129.3,38.1,0.815
c_bunsha,1384,1,23929,87.3,7,6,127.0,101.1,1.159
c_bunshin,873,1,38127,110.2,7,7,108.9,108.9,0.989
c_burich,861,1,12325,62.6,5,4,107.2,62.6,1.0
c_burj,1479,3,6656,46.0,3,3,37.3,37.3,0.811
c_burning_shore,1350,1,13176,64.8,5,3,63.3,36.7,0.567
c_bynua,846,1,19347,78.5,7,5,97.5,57.0,0.726
c_caer_moray,2621,1,887,16.8,7,6,36.1,22.0,1.311
c_calaunt,264,3,2783,29.8,6,3,89.4,63.2,2.125
c_calim_desert,146,2,3214,32.0,7,5,72.1,50.9,1.592
c_calim_river,2590,1,1745,23.6,4,2,25.7,22.5,0.954
c_calimban,2598,1,3145,31.6,3,3,24.2,24.2,0.764
c_calimmon,125,3,8209,51.1,6,4,104.2,65.5,1.281
c_calimport,142,6,3550,33.6,6,4,41.8,34.2,1.018
c_calimstone,2600,1,3996,35.7,5,5,36.2,36.2,1.016
c_callidyrr,308,2,1673,23.1,5,2,52.9,10.8,0.469
c_calling_horns,31,2,8660,52.5,6,6,52.9,52.9,1.007
c_cambro,322,2,1705,23.3,6,3,53.9,22.4,0.96
c_candlekeep,71,2,3356,32.7,7,4,50.0,50.0,1.53
c_caraguir,1740,1,8164,51.0,7,4,4324.2,36.1,0.709
c_carmathan,363,2,6839,46.7,6,5,52.9,41.4,0.887
c_carrelath,170,2,4212,36.6,3,3,24.2,24.2,0.66
c_carwyth,990,2,6146,44.2,6,4,57.6,26.0,0.587
c_cathyr,732,4,13314,65.1,6,5,105.6,82.0,1.26
c_cedarvale,570,1,8885,53.2,5,4,67.5,63.8,1.2
c_cennuroth,2455,2,4275,36.9,4,4,24.2,24.2,0.655
c_centaur_run,1152,3,9167,54.0,6,5,52.9,37.0,0.685
c_chaikou_hills,1393,1,28345,95.0,7,5,7945.3,93.6,0.986
c_chain_of_broken_dreams,1675,1,3305,32.4,4,2,57.4,34.5,1.063
c_chama,890,1,55121,132.5,7,6,1443.9,86.5,0.653
c_chan,907,1,27566,93.7,7,6,267.9,81.4,0.869
c_chan_liu_shui,868,1,30607,98.7,5,5,67.5,67.5,0.684
c_chandlerscross,2611,2,1855,24.3,3,3,25.3,25.3,1.042
c_changdao,2485,1,12631,63.4,3,3,24.2,24.2,0.381
c_channath_rise,1727,2,3784,34.7,7,4,4183.1,44.2,1.273
c_channathgate,493,3,13833,66.4,7,7,90.0,90.0,1.357
c_channathwood,494,1,7696,49.5,7,5,116.2,116.2,2.349
c_chao_yang,1343,3,38494,110.7,5,5,72.1,72.1,0.652
c_ched_nasad,2503,1,1050,18.3,3,2,24.2,14.1,0.774
c_chegoyui,870,1,17416,74.5,7,6,750.4,72.2,0.97
c_chelimber,111,1,12982,64.3,6,6,53.9,53.9,0.839
c_chiem,1083,1,25898,90.8,5,5,77.7,77.7,0.855
c_chilled_plain,2472,1,13231,64.9,5,4,6714.3,37.2,0.573
c_chionthar,1411,2,5642,42.4,7,5,4341.5,62.9,1.485
c_cholta,910,1,42811,116.7,7,5,137.4,88.6,0.759
c_chowok,1288,1,21826,83.4,6,6,83.5,83.5,1.002
c_chulacca,2490,1,19055,77.9,3,2,40.3,22.0,0.282
c_chulq,1388,1,17614,74.9,6,6,83.0,83.0,1.109
c_cimarine_isles,232,1,607,13.9,6,2,62.6,16.1,1.16
c_cimbar,579,3,3818,34.9,5,3,62.6,36.7,1.052
c_cinnabar,359,4,6430,45.2,7,6,57.3,53.0,1.172
c_citadel_adbar,36,2,3807,34.8,5,5,23.3,23.3,0.671
c_citadel_of_the_raven,349,2,4936,39.6,7,6,64.2,42.2,1.065
c_citadel_rashemar,841,1,14522,68.0,5,5,63.3,63.3,0.93
c_clearflow_vale,2498,1,13025,64.4,3,3,23.3,23.3,0.361
c_cloak_bay,2528,1,2183,26.4,4,3,45.4,34.0,1.288
c_cloakwood,61,1,5035,40.0,4,2,62.0,23.3,0.583
c_cloven_hills,1697,2,6167,44.3,7,4,4171.0,46.6,1.051
c_clovis_fields,128,2,4372,37.3,6,5,53.6,53.6,1.437
c_coast_way,236,2,12514,63.1,5,5,62.6,62.6,0.992
c_codsbay,324,1,1561,22.3,5,2,62.6,22.8,1.024
c_coilvines,503,1,12711,63.6,5,5,62.6,62.6,0.985
c_cold_field,2602,1,3371,32.8,5,4,77.3,57.0,1.74
c_cold_vale,2462,1,3819,34.9,3,3,23.3,23.3,0.667
c_coldcrag,2639,1,613,14.0,7,5,6483.3,31.4,2.247
c_coldlight_cliffs,1680,1,3271,32.3,5,4,43.7,43.7,1.353
c_coldwood,35,1,11283,59.9,6,6,52.9,52.9,0.882
c_colletro,2430,2,2060,25.6,3,3,23.3,23.3,0.908
c_conaluil,802,3,14454,67.8,6,5,84.9,67.6,0.997
c_conaluil_range,1222,1,12096,62.1,7,6,3976.8,52.9,0.852
c_cony_gap,471,4,2857,30.2,7,6,60.7,43.9,1.457
c_conyberry,2623,1,2896,30.4,7,6,6263.1,44.2,1.456
c_corellons_grove,1119,3,5781,42.9,4,3,65.8,29.2,0.68
c_corm_orp,94,1,5291,41.0,6,5,60.7,37.1,0.903
c_cormanda,2393,1,3094,31.4,5,5,47.4,47.4,1.511
c_cortrynn,200,2,7691,49.5,3,3,24.2,24.2,0.488
c_corwell,321,2,1435,21.4,6,1,52.6,0.0,0.0
c_couatl_wilds,451,1,8171,51.0,7,5,90.2,34.2,0.671
c_couatls_landing,2580,1,4043,35.9,5,3,43.0,41.0,1.144
c_council_hills,482,2,11295,60.0,5,5,62.6,62.6,1.044
c_crab_reach,1405,1,747,15.4,7,2,4131.9,12.7,0.825
c_cragmaw,2624,1,2565,28.6,7,6,6231.3,45.9,1.606
c_crimmor,77,3,1968,25.0,3,3,24.2,24.2,0.966
c_culmaster,1001,2,3083,31.3,5,2,64.6,40.4,1.288
c_curstallyon,296,3,5818,43.0,5,3,62.6,62.6,1.455
c_dabab,1610,1,3490,33.3,5,4,48.5,37.8,1.134
c_daerlun,259,4,4597,38.3,7,5,79.6,50.8,1.327
c_daerr,1667,2,4148,36.3,6,5,71.4,49.3,1.358
c_dagger_falls,2612,2,3609,33.9,7,7,49.2,49.2,1.453
c_daggerdale,274,3,2545,28.5,7,5,86.3,47.7,1.675
c_daggerford,3,3,2532,28.4,7,3,77.0,31.9,1.124
c_dahab_island,1538,1,714,15.1,4,2,26.9,4.0,0.265
c_dakan,1473,2,3647,34.1,5,4,39.7,33.7,0.99
c_dalath,660,3,4858,39.3,3,3,22.8,22.8,0.581
c_daltonsvale,383,2,2591,28.7,3,2,47.0,23.3,0.812
c_dalvind,787,1,13399,65.3,7,5,106.5,63.1,0.967
c_damu,2370,1,12616,63.4,3,1,27.1,0.0,0.0
c_dancing_dolphins,1171,1,420,11.6,7,2,52.9,6.7,0.58
c_daong_forest,1694,1,25649,90.4,7,5,7588.2,82.9,0.917
c_dapplegate,495,3,4146,36.3,6,4,58.9,34.7,0.956
c_darabjind,708,3,3944,35.4,5,2,62.6,22.5,0.634
c_darakh,902,2,44195,118.6,5,5,62.1,62.1,0.524
c_dareth,2515,1,5569,42.1,3,3,23.3,23.3,0.552
c_dark_arrow,1216,1,2199,26.5,7,4,5186.1,28.3,1.069
c_darkhold,1224,3,2106,25.9,7,5,4409.2,37.9,1.462
c_darkturret,2142,1,3213,32.0,4,4,38.3,38.3,1.197
c_darkwoods,339,1,4673,38.6,5,4,62.6,42.0,1.089
c_darmesh,798,2,5119,40.4,6,4,55.2,42.5,1.053
c_darmshall,357,4,2907,30.4,7,4,96.0,20.8,0.684
c_darrawn,1678,3,7361,48.4,5,4,61.3,32.2,0.666
c_darromar,154,4,2165,26.3,7,6,43.2,43.2,1.645
c_dashadjen,2597,2,3599,33.8,4,2,70.5,22.0,0.649
c_daunting,590,1,1151,19.1,5,3,62.6,23.3,1.219
c_dawihi_island,1495,1,5507,41.9,4,3,40.2,26.1,0.623
c_dawn_pass,1151,2,4783,39.0,7,6,73.0,62.2,1.595
c_dawngleam,254,2,2439,27.9,7,4,51.9,27.7,0.993
c_daynk,896,1,22629,84.9,5,5,66.8,66.8,0.787
c_dead_orc_pass,2550,1,2269,26.9,3,2,23.3,14.1,0.526
c_deadstars,523,1,18849,77.5,7,6,71.3,56.4,0.728
c_deep_imaskar,2558,3,3793,34.7,6,6,51.0,51.0,1.469
c_dekanter,1449,2,1593,22.5,4,4,20.6,20.6,0.914
c_dekar,803,2,18950,77.7,5,4,67.3,62.6,0.806
c_delbyl,2456,2,7604,49.2,3,3,23.8,23.8,0.483
c_delliun,2346,3,33034,102.5,3,3,24.2,24.2,0.236
c_delphin,413,1,6539,45.6,5,3,62.6,37.0,0.811
c_delrune,1790,1,11385,60.2,7,4,5766.3,47.4,0.787
c_delselar,435,3,3250,32.2,6,4,52.9,35.2,1.095
c_deltar,432,2,6661,46.0,6,4,65.7,33.0,0.717
c_delthuntle,1054,2,3595,33.8,5,4,62.6,62.6,1.851
c_delzimmer,490,3,14694,68.4,7,7,52.9,52.9,0.773
c_denderdale,1424,1,5223,40.8,7,5,5922.7,58.9,1.443
c_denzar,700,2,4485,37.8,7,5,131.0,47.5,1.257
c_deraala,1785,1,24033,87.5,7,4,6423.2,57.3,0.655
c_deraiairgak,878,1,51473,128.0,7,7,130.3,130.3,1.018
c_derlusk,504,3,6265,44.7,5,5,57.6,57.6,1.289
c_dernall,2688,2,1539,22.1,7,5,5414.0,34.7,1.566
c_des,754,3,3660,34.1,5,3,63.3,36.7,1.075
c_despond,1750,1,21468,82.7,7,4,4974.7,55.5,0.672
c_detar_land,2489,1,15624,70.5,3,3,73.5,73.5,1.042
c_dharvil,1159,1,26009,91.0,5,5,65.1,65.1,0.715
c_dhaztanar,707,5,5556,42.1,5,4,62.6,62.6,1.489
c_dihliz,1488,3,3502,33.4,5,4,54.2,39.8,1.193
c_dilpur,391,2,1681,23.1,7,3,58.7,19.8,0.856
c_dimee_moor,2395,1,2384,27.5,4,2,54.2,20.2,0.735
c_dirs,2169,1,2539,28.4,4,3,40.3,16.3,0.573
c_djerad_harngha,2139,2,3654,34.1,5,3,63.7,45.7,1.34
c_dlusk,1025,2,3461,33.2,6,4,74.0,39.6,1.194
c_dmir,1045,3,5982,43.6,7,5,107.0,90.5,2.073
c_doegenflow,807,2,11693,61.0,6,6,76.7,76.7,1.257
c_doegwood,808,2,21444,82.6,5,4,73.0,73.0,0.884
c_dolblunde,2241,1,559,13.3,5,4,19.1,16.3,1.22
c_dolsel_gap,437,1,9396,54.7,6,6,64.6,64.6,1.182
c_dragonbones,1676,1,5454,41.7,4,4,58.2,58.2,1.397
c_dragongrounds,2638,1,14942,69.0,7,4,6318.9,87.0,1.261
c_dragonisle,1136,1,784,15.8,6,2,63.5,5.7,0.358
c_dragonspear,6,1,10524,57.9,7,5,127.5,95.4,1.649
c_dralpur,781,3,14702,68.4,5,5,70.4,70.4,1.029
c_draya,1296,2,21866,83.4,6,6,96.5,96.5,1.157
c_drelagara,1111,1,9272,54.3,4,3,64.5,59.4,1.094
c_drik_hargunen,2505,1,1233,19.8,3,2,24.2,14.1,0.714
c_druarwood,33,1,4055,35.9,6,5,52.9,41.4,1.152
c_drubiev,1773,1,6060,43.9,7,4,6266.9,42.2,0.96
c_dubegat,1454,1,8428,51.8,4,3,31.6,28.2,0.544
c_duirtanal,722,3,10945,59.0,5,5,62.6,62.6,1.061
c_dun_hills,501,1,9348,54.5,7,7,65.5,65.5,1.201
c_dun_orthass,2537,1,2414,27.7,3,3,24.2,24.2,0.872
c_dun_tharos,2539,1,8388,51.7,3,3,24.2,24.2,0.468
c_dunod,155,2,2964,30.7,6,4,52.9,40.0,1.302
c_dunspeirrin,2506,1,1092,18.6,3,3,23.3,23.3,1.248
c_dunwood,989,1,8973,53.4,3,3,23.3,23.3,0.435
c_durgach,772,2,3656,34.1,5,3,62.6,37.0,1.085
c_durlags_tower,65,1,5601,42.2,3,3,23.8,23.8,0.563
c_dusklan,2154,2,1410,21.2,5,3,47.0,26.0,1.227
c_dust_road,557,1,17601,74.9,7,7,73.4,73.4,0.98
c_dustwall,770,1,11397,60.2,7,4,129.0,37.5,0.622
c_dustwaves,713,2,10968,59.1,5,4,89.9,62.6,1.06
c_dwarven_valley,2616,2,1261,20.0,6,5,6559.3,36.9,1.841
c_dynnegall,316,1,752,15.5,7,3,61.3,20.6,1.332
c_dzoulins_cradle,1176,1,24166,87.7,5,5,76.5,76.5,0.872
c_eagle_hills,1117,2,3401,32.9,5,4,51.1,43.0,1.307
c_eartheart,489,3,4428,37.5,5,4,62.6,62.6,1.668
c_earthfast,1569,2,1499,21.8,7,6,5451.6,40.0,1.831
c_earthwood,1181,1,3267,32.2,7,3,53.5,40.4,1.252
c_east_keep,2474,3,2181,26.3,5,4,6339.5,24.5,0.93
c_east_lluirwood,741,1,13477,65.5,6,5,114.8,62.6,0.956
c_east_methwood,2454,1,9073,53.7,3,3,22.8,22.8,0.425
c_east_rendai,2332,3,36263,107.4,3,3,22.8,22.8,0.213
c_east_soravia,368,1,19655,79.1,5,5,62.6,62.6,0.792
c_east_tejarn,87,2,5032,40.0,3,3,23.3,23.3,0.583
c_eastgulth,572,1,8127,50.9,6,5,52.6,43.2,0.849
c_easting,1429,1,5591,42.2,7,4,4485.9,29.5,0.7
c_eastwood,300,3,5689,42.6,6,4,61.1,33.5,0.788
c_eayan_aljunun,1615,1,2532,28.4,4,3,27.7,25.6,0.902
c_ebenfar,68,2,9196,54.1,3,3,22.8,22.8,0.422
c_edenvale,811,3,9775,55.8,7,7,67.9,67.9,1.217
c_edouura,652,3,8489,52.0,5,5,63.3,63.3,1.217
c_eghagu,1246,1,8296,51.4,5,4,62.6,41.4,0.806
c_ejen_horo,701,1,22738,85.1,5,5,75.0,75.0,0.881
c_ekwong,1328,1,46196,121.3,5,5,71.1,71.1,0.586
c_elbencort,1716,2,5429,41.6,7,4,4187.4,35.5,0.853
c_elbulder,608,3,10447,57.7,6,6,63.3,63.3,1.097
c_elchulmarch,646,2,13481,65.5,7,7,80.9,80.9,1.235
c_eldaths_water,1707,1,5309,41.1,7,4,4695.3,35.6,0.866
c_eldergroves,1720,1,19150,78.1,7,4,4623.4,45.5,0.583
c_eldrinfar,806,4,7441,48.7,6,5,62.6,62.6,1.287
c_elemetar,122,2,4041,35.9,7,5,82.6,30.6,0.853
c_elghal,616,2,8413,51.7,5,5,62.6,62.6,1.21
c_elion,1118,2,4623,38.4,4,3,72.7,29.6,0.772
c_elmwood,2468,2,1914,24.7,4,4,41.4,41.4,1.677
c_elne,1490,1,7862,50.0,5,4,68.4,47.7,0.953
c_eltabbar,1034,4,3286,32.3,5,3,65.2,28.0,0.866
c_elturel,15,4,3449,33.1,4,4,31.4,31.4,0.947
c_elven_court,335,2,5211,40.7,6,6,52.6,52.6,1.292
c_elven_port,1692,2,7961,50.3,7,5,5195.5,52.0,1.032
c_elventree,269,2,1966,25.0,4,3,43.4,36.1,1.444
c_elversult,185,4,5619,42.3,6,5,72.2,55.4,1.311
c_elveswatch,735,1,14578,68.1,5,4,64.5,61.4,0.901
c_emmech,1028,2,2385,27.6,6,4,52.6,42.5,1.544
c_end_of_light,1089,2,27645,93.8,7,6,123.1,110.4,1.176
c_endar_aglandtor,1708,2,8848,53.1,7,4,4853.3,41.8,0.787
c_endless_blizzard,52,2,10220,57.0,3,3,23.8,23.8,0.417
c_enlightened_ring,957,2,7397,48.5,6,6,60.4,60.4,1.246
c_envarl,751,2,7523,48.9,6,5,63.0,57.0,1.165
c_erebos,626,3,2254,26.8,6,3,70.4,22.2,0.829
c_erech_forest,925,1,6006,43.7,5,4,62.6,47.4,1.084
c_errusk,550,1,19394,78.6,7,7,74.1,74.1,0.943
c_erum,1759,2,10320,57.3,7,4,5595.4,33.4,0.583
c_eryndlyn,2443,2,1357,20.8,3,2,23.3,14.1,0.68
c_esbresh,789,3,9763,55.7,5,4,83.4,63.3,1.135
c_escalant,1040,3,2355,27.4,6,3,51.9,21.3,0.777
c_eshpurta,78,4,4016,35.8,4,4,24.3,24.3,0.681
c_eskat,559,1,24543,88.4,5,5,79.1,79.1,0.895
c_esmeltaran,76,2,5448,41.6,6,6,57.3,57.3,1.375
c_essembra,272,3,2956,30.7,7,6,61.1,49.2,1.603
c_estan,728,2,17732,75.1,5,5,64.8,64.8,0.862
c_ethvale,1013,2,11878,61.5,5,5,62.6,62.6,1.018
c_eveningstar,251,4,2867,30.2,7,6,65.0,46.6,1.543
c_evereska,112,5,4730,38.8,6,6,52.9,52.9,1.363
c_everlund,29,3,3838,35.0,7,6,52.6,44.2,1.265
c_evermelt,51,1,8085,50.7,7,6,68.0,38.3,0.754
c_everwide,549,1,19094,78.0,6,6,89.1,89.1,1.143
c_eyegad,2444,1,1390,21.0,3,3,23.3,23.3,1.109
c_faeressar,2591,1,2190,26.4,5,5,67.0,67.0,2.538
c_fahhas,1474,3,3749,34.5,5,3,66.0,30.8,0.892
c_fairheight,1567,2,841,16.4,7,3,36.1,15.2,0.931
c_fallen_giant_rift,1060,1,18353,76.4,6,6,85.8,85.8,1.123
c_fallen_lands,108,3,13650,65.9,5,4,72.8,41.2,0.625
c_fallow_steppe,1320,1,25000,89.2,5,5,88.0,88.0,0.986
c_falls_of_erech,926,1,7665,49.4,5,5,68.2,68.2,1.382
c_fanedown,1637,2,4166,36.4,4,4,50.8,50.8,1.395
c_fangmoor,1673,1,4319,37.1,4,4,50.4,50.4,1.361
c_fanus,1482,2,5717,42.7,4,3,46.1,36.5,0.856
c_far_forest,107,1,8083,50.7,7,5,70.2,41.4,0.816
c_far_nemoree,1124,1,358,10.7,6,3,52.6,10.8,1.009
c_far_ulhai,1414,1,48918,124.8,7,6,8708.4,96.1,0.77
c_farhaven,2383,2,2201,26.5,4,4,31.3,31.3,1.181
c_farsea_marsh,375,1,4077,36.0,7,6,59.8,59.8,1.659
c_farshore,302,3,3839,35.0,7,5,55.2,35.1,1.004
c_fasriul,739,3,8660,52.5,7,4,141.3,39.5,0.752
c_fatuta_chuba,975,1,17293,74.2,5,5,77.9,77.9,1.05
c_feifeng,1374,2,10603,58.1,6,6,61.0,61.0,1.051
c_felbarr,106,2,5915,43.4,6,5,52.6,47.4,1.093
c_fell_pass,39,2,2171,26.3,4,4,30.0,30.0,1.142
c_fendarls_gate,1700,1,6185,44.4,7,4,4420.8,37.7,0.85
c_fergana,729,2,16396,72.2,6,6,62.6,62.6,0.867
c_fertile_moon,1392,1,30751,98.9,7,6,7796.8,53.6,0.542
c_fida,1547,1,6382,45.1,3,2,35.4,23.3,0.517
c_fields_of_ganath,1173,2,6003,43.7,6,5,52.9,40.4,0.923
c_fields_of_kesk,689,2,12670,63.5,3,3,23.3,23.3,0.366
c_fields_of_nun,2543,1,6683,46.1,3,3,43.4,43.4,0.941
c_fields_of_pryollus,2417,2,4826,39.2,4,3,42.6,42.6,1.088
c_fields_of_rime,1090,1,27531,93.6,5,5,74.6,74.6,0.797
c_fields_of_salt,1395,1,39980,112.8,7,6,7904.0,71.1,0.63
c_fiends_wing,958,2,14962,69.0,7,7,103.6,103.6,1.501
c_finger_pass,2551,1,1157,19.2,3,2,14.1,12.6,0.659
c_fire_river,379,2,3389,32.8,7,4,92.1,29.2,0.888
c_firealm,1232,2,10618,58.1,7,5,6531.5,57.5,0.988
c_firedrake,116,4,6882,46.8,7,5,73.2,73.2,1.565
c_fireforges,2523,2,1502,21.9,3,3,23.3,23.3,1.064
c_firepeaks,851,3,7839,50.0,7,6,183.2,53.9,1.079
c_fireshear,23,2,6689,46.1,6,4,51.1,43.6,0.944
c_firesteap_hills,543,1,12056,61.9,5,5,82.0,82.0,1.324
c_firesteap_woods,1721,1,7145,47.7,7,4,4520.3,46.6,0.977
c_firetrees,664,3,3907,35.3,3,3,23.8,23.8,0.674
c_firewine,85,2,8994,53.5,7,6,66.9,55.6,1.039
c_flamsterd,214,1,1315,20.5,5,2,52.6,12.2,0.595
c_flatshield,538,1,25804,90.6,5,5,75.0,75.0,0.827
c_flint_rock,2509,1,3896,35.2,3,3,23.8,23.8,0.675
c_flowery_well,898,1,31020,99.4,5,5,73.0,73.0,0.735
c_flyndagol,785,2,13437,65.4,6,5,89.2,52.9,0.809
c_forest_of_wyrms,102,1,9853,56.0,5,5,63.3,63.3,1.129
c_forests_edge,2486,1,23340,86.2,3,3,23.3,23.3,0.271
c_forgefires,2392,1,2403,27.7,3,3,25.3,25.3,0.915
c_forgotten_forest,110,1,4423,37.5,6,4,52.9,26.1,0.695
c_forharn,353,3,2091,25.8,4,4,30.5,30.5,1.181
c_forlorn_hills,468,3,5636,42.4,7,7,66.7,66.7,1.575
c_fornaluit_plain,554,1,21451,82.6,5,5,62.6,62.6,0.758
c_forol,552,1,19393,78.6,7,7,72.0,72.0,0.916
c_free_heights,1760,1,17825,75.3,7,4,6352.1,38.3,0.508
c_freedale,2603,1,2811,29.9,6,6,31.6,31.6,1.056
c_frostfenn,217,1,3231,32.1,6,3,63.6,24.0,0.748
c_frozen_flindyke,355,1,7141,47.7,4,4,29.0,29.0,0.608
c_frozen_forest,387,1,27247,93.1,5,5,63.3,63.3,0.679
c_fuirgar,724,3,12342,62.7,5,5,62.6,62.6,0.999
c_fujegat,1470,2,4957,39.7,3,3,49.0,49.0,1.235
c_fukiow,1381,2,24037,87.5,6,6,87.5,87.5,1.0
c_fussellshade,672,2,17251,74.1,5,5,62.6,62.6,0.845
c_fustat,824,2,11300,60.0,5,5,61.8,61.8,1.031
c_fyraven,117,4,7060,47.4,5,3,45.0,37.0,0.781
c_gaethluntar,389,1,13957,66.7,5,5,69.2,69.2,1.039
c_galena_snake,1578,2,5750,42.8,7,4,5844.9,58.9,1.377
c_galenarr,343,1,1748,23.6,7,4,51.9,18.0,0.764
c_gallads_garden,1177,1,12539,63.2,7,7,55.8,55.8,0.883
c_galuka,835,1,20573,80.9,7,4,152.0,59.8,0.739
c_gamruhan,1558,1,6527,45.6,3,3,24.2,24.2,0.53
c_gana,1598,3,6391,45.1,5,4,46.7,44.0,0.976
c_ganathwood,685,2,10243,57.1,3,3,23.3,23.3,0.407
c_gate_of_heaven,956,2,1969,25.0,6,4,56.6,39.6,1.583
c_gauros,1039,2,7271,48.1,7,6,78.2,47.0,0.978
c_geman,912,1,41692,115.2,5,4,115.6,61.8,0.537
c_generals_stand,1313,1,8411,51.7,5,4,62.6,41.4,0.8
c_genies_garden,1273,1,29377,96.7,6,6,62.6,62.6,0.648
c_genval,540,1,18054,75.8,7,7,63.1,63.1,0.833
c_ghaastwood,726,1,24659,88.6,5,5,81.6,81.6,0.921
c_ghajar,939,1,9025,53.6,5,4,91.6,62.6,1.168
c_ghalagar,637,1,11840,61.4,5,4,123.0,62.6,1.02
c_gheldaneth,679,4,4411,37.5,6,4,65.3,48.2,1.285
c_ghost_leopard,961,2,28268,94.9,5,5,62.6,62.6,0.66
c_giant_gap,2538,1,1861,24.3,3,3,16.5,16.5,0.678
c_giants_run,201,1,12080,62.0,6,5,61.8,45.9,0.74
c_gildenglade,240,4,6098,44.1,3,3,23.3,23.3,0.528
c_gimise,1515,1,11818,61.3,4,4,41.2,41.2,0.671
c_giniracha,1507,1,4849,39.3,4,3,51.5,23.3,0.594
c_giteyosha,2389,3,8286,51.4,5,3,1439.9,21.6,0.421
c_glacier_of_the_white_worm,2350,1,2695,29.3,3,3,23.3,23.3,0.794
c_glakis,1095,1,21338,82.4,6,6,69.4,69.4,0.842
c_glarn,1657,2,5370,41.3,4,4,29.0,29.0,0.701
c_glaurachyndaar,2473,4,2103,25.9,6,5,6546.8,37.9,1.463
c_glaurflow,2136,1,2683,29.2,3,3,42.2,42.2,1.442
c_glister,1584,1,3284,32.3,3,3,22.8,22.8,0.707
c_glitterdelve,592,1,1207,19.6,5,3,61.8,23.8,1.213
c_gnarhelm,313,2,1989,25.2,7,2,5548.1,19.2,0.763
c_gnollhomes,622,1,16455,72.4,6,6,70.2,70.2,0.97
c_goblin_marches,374,1,8151,50.9,3,3,23.3,23.3,0.458
c_golden_crossing,1719,1,9483,54.9,7,4,4568.9,38.3,0.697
c_golden_falcon,1458,1,9458,54.9,3,3,22.8,22.8,0.416
c_golden_fields,758,2,9288,54.4,7,5,117.2,90.2,1.66
c_golden_road,609,1,8810,53.0,7,6,71.4,65.5,1.236
c_golden_shore,2457,2,8477,51.9,4,3,70.2,45.5,0.877
c_goldenfields,2427,2,1315,20.5,3,3,14.1,14.1,0.691
c_gomwenk,1250,1,7575,49.1,5,5,63.3,63.3,1.288
c_gondistho,1674,1,5276,41.0,6,3,71.0,46.2,1.128
c_gontal,2141,3,2549,28.5,5,4,50.3,29.6,1.04
c_gontal_pass,2148,1,2439,27.9,6,5,63.0,43.7,1.57
c_gracklstugh,2502,1,901,16.9,4,4,21.9,21.9,1.295
c_granuin_forest,742,1,18557,76.9,6,5,97.2,73.7,0.959
c_graskynar,2524,3,1701,23.3,3,3,19.7,19.7,0.847
c_graulthanc,1689,1,6406,45.2,3,3,23.3,23.3,0.515
c_graxan_forest,2157,1,7231,48.0,6,6,65.7,65.7,1.37
c_great_sands,1101,1,14995,69.1,6,6,76.9,76.9,1.113
c_great_traders_way,743,1,18937,77.6,5,5,86.6,86.6,1.116
c_green_fields,1701,1,10834,58.7,3,3,22.8,22.8,0.389
c_green_shadows,2533,2,8536,52.1,4,4,35.8,35.8,0.688
c_greenest,73,2,7269,48.1,6,5,62.2,57.4,1.194
c_greenshores,118,3,4305,37.0,7,3,53.2,20.9,0.564
c_greentree,1155,3,4446,37.6,4,4,27.9,27.9,0.74
c_grendel,809,2,20902,81.6,6,5,96.0,83.0,1.018
c_grey_wood,1202,1,5994,43.7,7,5,5171.8,52.9,1.211
c_greycloak_hills,113,2,5427,41.6,6,6,52.6,52.6,1.266
c_grimroost,1677,2,3159,31.7,4,3,64.1,49.3,1.553
c_grondsgrunn,218,1,1049,18.3,7,3,55.9,45.2,2.475
c_grunwald,1200,1,4276,36.9,7,4,168.7,40.3,1.093
c_guallidurth,2651,1,735,15.3,3,0,23.8,0.0,0.0
c_guihar,2479,1,24195,87.8,3,3,24.2,24.2,0.275
c_guilmarl,796,2,11059,59.3,6,6,97.9,97.9,1.651
c_gukh,860,1,14786,68.6,7,6,81.9,53.2,0.775
c_gullrocks,213,1,556,13.3,6,1,62.6,0.0,0.0
c_gundar_forest,752,1,4426,37.5,6,4,60.5,35.9,0.957
c_gundarlun,226,1,1377,20.9,5,1,62.6,0.0,0.0
c_gurvandene,883,1,28815,95.8,5,4,128.5,62.6,0.654
c_guth,438,2,4942,39.7,6,4,52.9,47.0,1.186
c_haatar_baen,1575,3,6872,46.8,7,4,5657.3,52.4,1.12
c_haelwood,1204,3,5202,40.7,4,3,58.9,22.0,0.54
c_hafaya,950,4,7750,49.7,5,3,62.6,37.9,0.764
c_hahami,1591,1,4874,39.4,3,2,47.9,22.5,0.571
c_hai_jungle,1321,1,49182,125.1,6,6,108.1,108.1,0.864
c_hakim,1590,1,5620,42.3,5,4,52.3,29.2,0.691
c_halagard,640,2,5534,42.0,6,5,72.4,56.0,1.334
c_halangorn,1447,3,3026,31.0,7,6,4785.1,43.7,1.407
c_halar_hills,642,2,10804,58.6,7,6,77.8,66.0,1.126
c_halarahh,635,4,6053,43.9,6,4,68.8,44.3,1.009
c_halaze,639,2,4022,35.8,6,4,52.9,40.4,1.128
c_halruaan_heights,1213,1,12148,62.2,7,5,3932.1,87.5,1.407
c_halu,1377,1,27175,93.0,5,5,62.6,62.6,0.673
c_halwa,1464,3,5992,43.7,5,5,42.1,42.1,0.963
c_hame,1765,1,26374,91.6,7,4,7387.3,62.3,0.68
c_hamid,1560,1,16946,73.4,4,4,29.5,29.5,0.402
c_hamlar_hills,1571,2,2978,30.8,5,3,55.4,23.3,0.758
c_hammer_hall,98,1,5553,42.0,7,4,114.6,41.2,0.981
c_hand_of_the_sky,1457,1,20282,80.3,3,3,23.3,23.3,0.289
c_hanya_maut,1287,1,37487,109.2,7,7,138.2,138.2,1.265
c_hap,2608,2,2423,27.8,4,4,33.6,33.6,1.21
c_haqar,727,1,18814,77.4,5,5,74.1,74.1,0.957
c_harb,720,3,7259,48.1,6,3,63.7,28.8,0.6
c_hardang,314,1,3768,34.6,5,3,77.4,57.0,1.646
c_hardcastle,485,3,16333,72.1,5,5,61.8,61.8,0.858
c_harglast,1625,2,2239,26.7,4,3,40.4,27.1,1.014
c_hargleth_forest,1655,1,5028,40.0,6,6,47.4,47.4,1.186
c_harheldur,2519,3,2056,25.6,3,3,23.3,23.3,0.909
c_harlending,591,3,2225,26.6,5,3,62.6,23.3,0.874
c_harngel,1744,1,16020,71.4,7,4,5312.2,56.4,0.789
c_harrowdale,277,2,1737,23.5,7,5,73.7,40.5,1.723
c_hartsvale,48,1,7425,48.6,5,5,65.0,65.0,1.337
c_hasira,2367,3,9149,54.0,3,2,74.3,53.0,0.982
c_hatgiainli,885,1,22963,85.5,7,7,114.2,114.2,1.336
c_havraquoar,2637,1,15563,70.4,7,6,6426.5,81.9,1.163
c_hawa,940,4,6522,45.6,5,4,79.9,62.6,1.374
c_hawksroost,348,1,4364,37.3,7,6,70.3,52.0,1.395
c_haxkhun,1271,1,12317,62.6,6,6,51.9,51.9,0.829
c_hayyir,1460,4,6968,47.1,4,3,55.8,32.6,0.692
c_hazamarch,132,2,6258,44.6,6,5,55.2,36.4,0.816
c_hazuth,733,3,7703,49.5,6,4,83.2,71.8,1.451
c_heartblood,56,2,7299,48.2,6,5,76.6,60.1,1.247
c_heartwood,2419,2,3570,33.7,6,6,40.6,40.6,1.205
c_heldar,771,5,9828,55.9,5,3,62.6,62.6,1.12
c_helenas_wood,986,1,11930,61.6,5,4,62.6,41.4,0.672
c_heliogabalus,370,2,1914,24.7,6,4,53.5,35.1,1.42
c_helm_rift,1064,1,13440,65.4,5,5,62.6,62.6,0.957
c_helms_hold,2426,3,3358,32.7,5,3,33.1,27.7,0.846
c_hengfena,1767,1,20276,80.3,7,4,7777.6,51.4,0.64
c_heptios,2433,2,7424,48.6,3,2,73.1,23.3,0.48
c_herath,795,2,9369,54.6,7,5,93.2,29.7,0.544
c_herders_crook,1375,2,25279,89.7,6,6,62.6,62.6,0.698
c_hernes_wood,1167,1,19325,78.4,7,6,88.5,88.5,1.129
c_heroes_height,2323,1,10626,58.2,3,3,40.3,40.3,0.692
c_hethar,797,3,9540,55.1,6,4,71.2,62.6,1.136
c_hidden_hopes,1214,1,362,10.7,7,2,2057.3,13.2,1.225
c_hidden_vale,2577,1,882,16.8,6,6,41.1,41.1,2.453
c_high_gap,1407,2,2854,30.1,7,5,5163.5,24.7,0.819
c_high_horn,2516,2,2883,30.3,4,4,21.8,21.8,0.721
c_high_moors,2413,1,2767,29.7,4,4,25.3,25.3,0.853
c_high_valley,698,1,5844,43.1,7,7,72.2,72.2,1.674
c_highcastle,278,2,1817,24.0,7,6,64.8,44.6,1.856
c_highcountry,365,1,3749,34.5,7,6,64.1,32.2,0.932
c_highmoon,275,2,2161,26.2,7,5,71.2,55.1,2.1
c_highplume_station,2617,1,2315,27.1,6,5,6651.0,37.6,1.385
c_highstars,814,2,14271,67.4,5,5,76.2,76.2,1.131
c_hills_edge,93,2,4225,36.7,7,6,52.9,39.1,1.065
c_hills_of_scent,1096,1,5620,42.3,7,4,89.6,35.4,0.836
c_hills_of_the_dead_kings,793,2,14147,67.1,5,5,62.6,62.6,0.933
c_hillsfar,268,3,3457,33.2,3,3,33.1,33.1,0.997
c_hilm,1471,4,7890,50.1,3,2,63.5,22.8,0.455
c_hisari,448,2,8046,50.6,6,6,52.9,52.9,1.045
c_hitan_island,1476,1,1244,19.9,4,2,34.0,13.9,0.698
c_hiyal,1453,4,3970,35.5,5,5,44.8,44.8,1.26
c_hlammach,1585,3,1889,24.5,7,4,5452.3,27.5,1.122
c_hlath,577,3,2797,29.8,7,3,83.0,24.4,0.816
c_hlaungadath,1091,1,12822,63.9,7,6,88.3,88.3,1.382
c_hlintar,381,1,4739,38.8,6,5,52.9,37.5,0.965
c_hlondeth,205,4,3454,33.2,7,4,52.9,39.6,1.193
c_hluthvar,2435,1,3942,35.4,3,3,24.2,24.2,0.682
c_hoarbridge,924,1,16203,71.8,5,5,62.6,62.6,0.872
c_holdensword,241,2,3484,33.3,5,2,63.9,22.5,0.675
c_hollow_mountain,2471,3,1965,25.0,3,3,16.2,16.2,0.646
c_horaholm,919,1,11602,60.8,5,5,62.6,62.6,1.031
c_horizons,545,1,24381,88.1,7,7,65.5,65.5,0.744
c_horn_of_afyal,1526,2,6436,45.3,4,3,37.0,37.0,0.817
c_horseshoe_oasis,888,1,57967,135.8,5,5,82.7,82.7,0.609
c_hosttower_of_the_arcane,2571,2,1829,24.1,6,4,37.5,30.7,1.271
c_howling_gap,709,1,19438,78.7,6,6,79.5,79.5,1.011
c_hrakhamar,2128,2,2145,26.1,5,3,3595.1,26.1,0.998
c_huai,1769,1,23757,87.0,7,4,7748.7,59.0,0.679
c_hudariyah,1506,1,5406,41.5,5,4,47.5,47.5,1.146
c_huddagh,327,3,5637,42.4,3,3,23.3,23.3,0.551
c_hudid,1481,4,4718,38.8,4,3,35.5,23.3,0.602
c_hulan,1314,1,22976,85.5,5,5,74.2,74.2,0.868
c_hulburg,344,2,2229,26.6,6,4,58.6,33.1,1.241
c_hullack_forest,329,2,5565,42.1,7,7,52.6,52.6,1.25
c_hulm,1541,1,10607,58.1,4,4,59.5,59.5,1.025
c_hundelstone,44,2,1541,22.1,6,4,52.9,27.7,1.252
c_hundred_spears,556,1,16012,71.4,5,5,62.6,62.6,0.877
c_huplik,1253,1,21892,83.5,5,5,69.0,69.0,0.826
c_huzuz,1467,4,3694,34.3,5,3,31.1,22.4,0.652
c_hykopgrok,1245,1,15925,71.2,5,5,70.5,70.5,0.99
c_ibelgrak,1266,1,19217,78.2,6,4,62.6,52.9,0.676
c_ibreb,1609,1,10093,56.7,4,3,50.2,34.5,0.609
c_icelace,1579,1,11532,60.6,7,5,6298.9,79.0,1.304
c_iceroot_forest,855,1,24918,89.1,6,6,62.6,62.6,0.703
c_icespire_peak,2622,1,2177,26.3,7,6,6231.1,37.6,1.428
c_icetail,930,1,4488,37.8,5,4,62.6,50.9,1.348
c_icewind_coast,2561,1,6449,45.3,5,5,42.4,42.4,0.937
c_igenghack,1252,1,22035,83.7,5,5,65.8,65.8,0.786
c_iirgar,526,1,18479,76.7,5,5,83.2,83.2,1.085
c_ikemmu,2559,2,1077,18.5,7,5,5536.8,30.1,1.625
c_ilighon,1207,1,616,14.0,7,2,4853.3,4.0,0.286
c_ilimar,1209,1,16102,71.6,7,6,3870.4,52.9,0.739
c_ilinvur,351,3,7712,49.5,4,4,38.1,38.1,0.769
c_iliphanar,712,2,6606,45.9,5,3,68.5,61.8,1.349
c_ilipur,1430,2,2233,26.7,7,5,4611.3,44.8,1.68
c_iljak,1236,1,954,17.4,3,2,11.7,1.0,0.057
c_illuks,597,1,8811,53.0,5,5,63.3,63.3,1.194
c_illuskwood,2438,1,4194,36.5,3,3,27.1,27.1,0.741
c_ilmwatch,401,3,4939,39.7,6,4,58.0,43.4,1.095
c_iltkazar,2594,2,1391,21.0,5,0,51.4,0.0,0.0
c_imajuvisik,1247,1,18570,76.9,5,5,63.3,63.3,0.823
c_imdolphyn,1628,2,1215,19.7,5,4,49.1,29.0,1.475
c_immerflow,466,2,2898,30.4,6,5,58.5,31.6,1.04
c_immilmar,1017,2,4726,38.8,5,3,62.6,51.6,1.331
c_imnescar,79,3,5610,42.3,7,7,56.6,56.6,1.341
c_impresk,162,4,5747,42.8,7,6,68.9,68.9,1.612
c_imroley,1079,1,19764,79.3,5,5,61.8,61.8,0.78
c_ingdals_arm,1055,2,2009,25.3,5,2,62.6,22.0,0.868
c_ingmur,1422,1,11392,60.2,7,5,6019.3,61.4,1.019
c_inkelvale,955,2,11831,61.4,6,5,78.4,62.0,1.01
c_inkrath,666,2,10047,56.6,3,3,24.2,24.2,0.427
c_innarlith,499,3,10791,58.6,5,3,62.6,62.6,1.069
c_inner_ama,2400,1,48783,124.6,5,5,66.6,66.6,0.535
c_intibah,1604,2,6754,46.4,5,5,33.7,33.7,0.728
c_inupras,1073,1,28101,94.6,5,5,62.6,62.6,0.662
c_ioma,176,2,2633,29.0,6,4,53.9,53.9,1.862
c_irestone,618,1,16881,73.3,7,7,98.2,98.2,1.339
c_iriaebor,92,4,5574,42.1,7,4,72.6,47.4,1.126
c_iris_spring,853,1,36006,107.1,6,6,52.6,52.6,0.492
c_iritasker,2423,1,1419,21.3,4,2,23.3,7.8,0.367
c_iron_keep,2659,1,620,14.0,3,0,23.8,0.0,0.0
c_ironfang_deep,1340,4,3772,34.7,6,5,52.9,41.4,1.195
c_ironfang_keep,2470,3,3050,31.2,3,3,39.6,39.6,1.272
c_ironmaster,43,2,3791,34.7,6,4,49.5,28.0,0.807
c_ironspur,2565,3,4566,38.1,7,7,26.2,26.2,0.687
c_irphong,177,1,804,16.0,6,1,62.5,0.0,0.0
c_isfasan,691,3,7845,50.0,5,5,71.2,71.2,1.425
c_ishamar_isles,1627,1,3057,31.2,5,4,30.5,27.7,0.887
c_ishau,444,1,3692,34.3,6,3,57.7,23.6,0.688
c_iskashyoll,139,2,8449,51.9,5,4,62.6,62.6,1.208
c_isle_of_prespur,1134,1,755,15.5,6,2,59.5,3.0,0.194
c_isle_of_quelthiir,745,1,1293,20.3,7,3,52.9,6.3,0.312
c_ithal_pass,141,2,5676,42.5,5,4,62.6,62.6,1.473
c_ithan,1616,1,3053,31.2,6,5,4280.9,49.7,1.596
c_ithmong,421,2,7430,48.6,5,3,62.6,37.0,0.761
c_ithmonn,123,2,9874,56.1,5,5,68.2,68.2,1.216
c_itiraf,1477,4,5400,41.5,4,3,35.2,24.4,0.587
c_ixinos,581,1,154,7.0,7,2,52.6,2.0,0.286
c_iyrandrar,2436,1,5408,41.5,3,3,23.8,23.8,0.573
c_jaasa,518,3,7514,48.9,5,4,66.3,62.6,1.281
c_jab,1071,1,21516,82.8,7,6,95.5,95.5,1.154
c_jabal_sarahin,2124,1,10420,57.6,4,4,28.2,28.2,0.49
c_jade_gate,1337,2,11892,61.5,5,5,62.6,62.6,1.018
c_jade_hills,634,3,5127,40.4,5,5,63.0,63.0,1.56
c_jahaka_bay,461,2,4699,38.7,7,4,104.5,43.0,1.113
c_jajam,1258,1,9476,54.9,5,4,75.7,73.5,1.338
c_jakadiri,2488,1,22042,83.8,3,3,23.8,23.8,0.284
c_jalanthar,473,2,3316,32.5,3,3,23.8,23.8,0.732
c_jamal,1561,1,7547,49.0,4,4,25.9,25.9,0.529
c_jaria,1385,1,35611,106.5,6,6,62.6,62.6,0.588
c_jarir,852,1,28403,95.1,7,7,63.0,63.0,0.662
c_jasan_pass,960,1,17860,75.4,6,5,62.6,41.4,0.55
c_jazayir_al_alfar,2168,1,1664,23.0,4,2,80.5,16.6,0.723
c_jelnesh,828,1,16437,72.3,5,5,62.6,62.6,0.866
c_jelvak,565,1,18028,75.8,5,5,69.8,69.8,0.921
c_jelvym,932,1,15060,69.2,5,5,91.0,91.0,1.314
c_jeradin,483,1,23703,86.9,5,5,62.6,62.6,0.721
c_jeranjah,1511,1,13478,65.5,4,3,76.1,32.9,0.502
c_jezarh_jadew,1618,1,971,17.6,4,1,54.6,0.0,0.0
c_jezarh_mah_alewd,2162,1,1020,18.0,5,4,21.6,21.6,1.201
c_jezarh_mar,1534,1,7435,48.6,4,3,39.8,36.8,0.756
c_jezarh_restakhaz,2164,1,1636,22.8,5,4,20.6,12.0,0.526
c_jezarh_shemshar,1619,1,9151,54.0,3,2,61.3,23.3,0.432
c_jhalhoran,681,2,9567,55.2,5,4,63.3,63.3,1.146
c_jhalolokati,1168,1,32463,101.7,5,5,141.7,141.7,1.394
c_jibal_al_taif,1459,1,10408,57.6,3,3,23.3,23.3,0.404
c_jinutt,1530,3,5462,41.7,5,4,44.2,44.2,1.06
c_jorhat_shan,825,1,18138,76.0,5,5,62.6,62.6,0.824
c_joums,408,2,6532,45.6,5,5,62.6,62.6,1.373
c_joya,1280,1,19266,78.3,7,6,79.3,60.2,0.769
c_jugicha,1334,1,11960,61.7,5,5,62.6,62.6,1.015
c_julkoun,470,2,2553,28.5,7,5,72.6,38.0,1.333
c_jumlat,1594,3,8220,51.2,5,4,53.3,53.3,1.042
c_jundarwood,1196,1,6484,45.4,6,4,67.7,43.3,0.953
c_jungled_approach,2578,1,9597,55.3,7,6,93.5,93.5,1.691
c_kaarekh,505,1,9674,55.5,7,7,51.9,51.9,0.936
c_kabus_highlands,1283,1,7801,49.8,6,5,55.2,55.2,1.107
c_kabut,1281,1,8873,53.1,6,5,96.5,78.4,1.475
c_kadarasto,1494,4,2487,28.1,5,4,54.8,32.1,1.14
c_kaget_valley,1289,1,7139,47.7,6,5,62.6,36.4,0.763
c_kai_shan,1364,4,19530,78.8,5,5,61.8,61.8,0.784
c_kajiaruti,1505,1,7189,47.8,4,4,46.8,46.8,0.977
c_kalathtyr,75,4,3660,34.1,7,4,39.8,24.2,0.709
c_kalish,917,1,11495,60.5,5,5,62.6,62.6,1.035
c_kalmins_grove,1164,3,5578,42.1,5,4,61.8,61.8,1.468
c_kalterland,2465,1,11983,61.8,3,3,24.2,24.2,0.391
c_kaluth,1666,1,2584,28.7,5,4,38.3,38.3,1.335
c_kanaglym,2445,3,2348,27.3,3,3,47.4,47.4,1.733
c_kangste,1378,2,46177,121.2,6,6,62.6,62.6,0.517
c_kaoll,663,2,3426,33.0,4,4,54.1,54.1,1.64
c_kapuli,1502,1,10406,57.6,3,2,43.0,22.8,0.397
c_karlyns_vale,192,1,2163,26.2,4,4,23.0,23.0,0.877
c_karmsteppe,1711,1,12193,62.3,7,4,4379.6,39.2,0.629
c_karoah,2403,1,29817,97.4,5,5,80.5,80.5,0.827
c_karondar,1581,1,6262,44.6,7,4,5449.7,47.0,1.053
c_karzuwa,1554,1,3130,31.6,5,4,73.2,59.8,1.894
c_kasal,1527,2,6077,44.0,4,3,52.3,36.7,0.834
c_kaslaib,2170,1,6345,44.9,5,5,59.3,59.3,1.32
c_kasper,784,2,10109,56.7,5,5,62.6,62.6,1.104
c_kassa_bay,516,1,12201,62.3,6,5,68.5,52.6,0.845
c_katakoro_pass,1225,1,10075,56.6,7,4,6360.4,36.1,0.638
c_katakoro_tundra,968,1,20766,81.3,7,4,197.1,66.8,0.821
c_kayari,2402,1,33008,102.5,5,5,49.0,49.0,0.478
c_keczulla,81,2,8222,51.2,6,6,61.1,61.1,1.195
c_kelazzan,790,2,4167,36.4,5,3,62.6,62.6,1.72
c_kelereng_valley,1276,1,13335,65.2,6,6,76.3,76.3,1.171
c_kellesar,788,1,8620,52.4,5,4,62.6,62.6,1.196
c_keltar,147,3,3037,31.1,6,4,64.1,40.3,1.297
c_keluh,1355,1,17077,73.7,6,6,84.6,84.6,1.147
c_keluthar,1172,3,7324,48.3,7,4,171.1,66.3,1.373
c_kelvins_cairn,45,1,2457,28.0,7,5,58.0,31.4,1.123
c_kemati_valley,1301,2,12969,64.3,6,5,61.8,61.8,0.963
c_kera,1362,2,13211,64.8,6,6,65.2,65.2,1.005
c_kesh,1142,2,10267,57.2,3,3,24.2,24.2,0.423
c_ket_bel,1757,1,16863,73.3,7,4,5940.1,43.1,0.588
c_ketcheel,1284,1,8009,50.5,6,5,100.0,100.0,1.981
c_kethid,801,1,19690,79.2,7,6,87.9,66.7,0.843
c_khaa,837,1,32980,102.5,5,5,71.4,71.4,0.697
c_khaelud,2522,2,1246,19.9,4,3,26.0,13.5,0.676
c_khedrun_valley,41,2,3488,33.3,7,5,64.5,39.2,1.177
c_khelas,817,2,7681,49.4,7,4,52.6,51.7,1.046
c_kheldrivver,1705,1,6754,46.4,7,4,4541.7,43.0,0.928
c_khivak,2399,1,35650,106.5,5,5,75.0,75.0,0.704
c_khol,863,1,18903,77.6,7,5,128.8,93.0,1.199
c_kholaa,832,1,21813,83.3,5,4,104.8,62.6,0.752
c_kholassa,872,1,31164,99.6,6,6,77.1,77.1,0.774
c_kholtar,491,3,4956,39.7,7,4,79.9,54.8,1.38
c_khopet_dag,842,1,29343,96.6,5,5,62.6,62.6,0.648
c_khuld,1078,2,25342,89.8,5,5,90.0,90.0,1.003
c_kiasia,2119,3,17583,74.8,4,4,52.4,52.4,0.7
c_kilastann,694,2,5401,41.5,5,4,62.6,55.8,1.346
c_kindle,537,1,16073,71.5,5,5,62.6,62.6,0.876
c_kings_forest,301,2,3976,35.6,6,5,65.9,46.6,1.31
c_kings_reach,380,2,8877,53.2,6,6,51.9,51.9,0.977
c_kingsbay,319,2,2141,26.1,5,2,60.1,12.0,0.461
c_kingshore,734,2,11596,60.8,5,4,96.2,62.6,1.031
c_kinyo,517,1,12784,63.8,7,6,83.4,49.6,0.778
c_kitbezi,1501,1,11388,60.2,3,3,24.2,24.2,0.401
c_kituzeelal,1778,1,25146,89.5,7,4,7053.1,53.6,0.599
c_klionna,748,4,5515,41.9,7,5,77.3,66.9,1.596
c_klondor,676,2,6811,46.6,5,4,62.6,37.9,0.815
c_kobar,1356,1,10023,56.5,5,5,105.2,105.2,1.862
c_kochar_steppe,2593,3,5700,42.6,3,3,24.2,24.2,0.567
c_kochung,1366,2,28477,95.2,6,6,73.5,73.5,0.772
c_kolapur,756,3,8328,51.5,6,4,75.4,31.4,0.61
c_kolium,927,1,9569,55.2,5,5,62.6,62.6,1.135
c_kollyat,564,1,19900,79.6,5,5,62.6,62.6,0.787
c_konig_hills,1186,2,14639,68.3,6,6,62.6,62.6,0.917
c_konigheim,816,4,17244,74.1,6,5,69.0,62.6,0.845
c_korar_hills,2143,2,3309,32.5,5,4,73.8,41.6,1.282
c_korinn,216,1,1229,19.8,6,5,62.2,62.2,3.147
c_kork,317,1,760,15.6,7,0,52.6,0.0,0.0
c_kormul,532,3,14806,68.7,6,6,77.5,77.5,1.129
c_kothask,1632,1,7628,49.3,4,3,67.3,47.2,0.957
c_kouangi,848,1,11159,59.6,6,6,51.7,51.7,0.867
c_kourmira,905,4,21783,83.3,7,6,106.2,84.9,1.02
c_krak_al_mazhar,2123,1,11909,61.6,4,4,34.5,34.5,0.56
c_krak_al_niraan,1347,2,19430,78.6,6,6,62.6,62.6,0.796
c_krak_al_sajjaan,1493,3,6348,45.0,5,4,100.0,43.0,0.958
c_krak_al_shidda,1597,1,3051,31.2,5,4,34.9,34.9,1.121
c_krak_al_uruj,1498,2,7873,50.1,4,4,37.0,37.0,0.739
c_kresttet,1255,1,14345,67.6,5,5,82.9,82.9,1.227
c_kront,997,1,6487,45.4,3,3,23.3,23.3,0.512
c_kryptgarden_forest,20,1,7204,47.9,7,6,55.4,52.4,1.094
c_ku_akh,1755,2,5477,41.8,7,4,5487.4,33.3,0.797
c_kuan_road,2213,3,18143,76.0,3,3,22.8,22.8,0.301
c_kuang_chu_road,1344,2,35357,106.1,5,5,62.6,62.6,0.59
c_kumandang,1278,1,7122,47.6,6,5,57.4,57.4,1.206
c_kuning,1322,1,24295,87.9,6,5,94.2,71.3,0.811
c_kuo_meilan,1695,1,27976,94.4,7,5,8625.0,63.1,0.668
c_kupoteza,2369,1,10488,57.8,3,2,47.0,23.3,0.404
c_kuraakim,1699,1,8806,52.9,7,4,4041.1,47.6,0.9
c_kurrsh,605,1,8053,50.6,7,6,53.2,53.2,1.05
c_kurth,382,2,3893,35.2,4,4,18.9,18.9,0.536
c_kushk,985,3,4254,36.8,7,4,99.8,62.5,1.699
c_kwachow,1317,1,6131,44.2,5,3,62.6,41.4,0.937
c_kzelter,166,2,9192,54.1,5,4,64.0,62.6,1.158
c_laas,410,1,3794,34.8,6,2,62.6,10.6,0.306
c_lac_dinneshere,46,2,1780,23.8,7,5,68.6,40.3,1.691
c_lachom,207,1,4280,36.9,5,4,62.6,43.4,1.176
c_lagiluri,823,2,3152,31.7,7,5,106.8,51.0,1.609
c_lahib_island,1351,1,790,15.9,5,2,62.6,24.8,1.561
c_laila,500,2,4590,38.2,6,4,52.9,28.8,0.755
c_laiwei,1379,2,17489,74.6,7,5,191.6,53.8,0.721
c_lajang,1277,1,12895,64.1,6,5,84.9,65.2,1.018
c_lake_weng,2531,2,3257,32.2,4,4,24.2,24.2,0.751
c_lammasus_plain,2204,1,18719,77.2,7,4,253.2,96.0,1.244
c_lamrar,1663,2,2307,27.1,6,6,47.4,47.4,1.748
c_land_of_ash_and_smoke,457,1,9078,53.8,7,6,76.2,76.2,1.418
c_landithust,1690,1,5664,42.5,4,4,39.8,39.8,0.938
c_langdarma,1300,4,10971,59.1,7,7,52.9,52.9,0.895
c_laothkund,1030,2,2569,28.6,4,3,22.0,22.0,0.768
c_lapaalis,514,1,8094,50.8,7,7,52.9,52.9,1.042
c_lapalgard,427,2,12717,63.6,5,5,61.8,61.8,0.972
c_lapalgulph,467,1,7702,49.5,7,7,52.9,52.9,1.068
c_laphe,519,2,10987,59.1,7,5,106.2,94.4,1.596
c_larut,1292,1,16714,72.9,5,5,62.6,62.6,0.859
c_lashghar,971,1,23681,86.8,7,7,98.3,98.3,1.132
c_lashloc,2605,1,7896,50.1,6,6,71.9,71.9,1.434
c_lastarr,761,1,7896,50.1,7,6,5284.5,54.3,1.084
c_laviguer,405,1,1836,24.2,6,3,71.6,19.0,0.786
c_leaping_grasses,1724,1,20041,79.9,7,4,4659.9,65.7,0.823
c_legionsway,561,1,20625,81.0,7,7,79.8,79.8,0.985
c_leilon,12,2,4350,37.2,6,4,43.9,28.8,0.775
c_lenchvale,393,2,5237,40.8,6,6,52.9,52.9,1.295
c_leneta,2165,1,885,16.8,4,2,32.2,4.0,0.238
c_leopard_shan,826,1,21665,83.0,5,5,72.2,72.2,0.869
c_leth,288,2,5618,42.3,6,4,63.3,63.3,1.497
c_leuthilspar,1107,5,3133,31.6,4,3,32.1,32.1,1.015
c_lhair,641,2,11055,59.3,5,4,62.6,62.6,1.056
c_lheshayl,163,2,11509,60.5,5,5,62.6,62.6,1.035
c_lhespenbog,533,1,11007,59.2,5,4,61.8,37.0,0.625
c_lhesper,531,1,8815,53.0,6,6,52.6,52.6,0.994
c_li_raz,1331,1,11018,59.2,6,6,58.8,58.8,0.993
c_liham,1338,4,10271,57.2,7,5,73.9,49.7,0.868
c_lilinuk,1242,1,12932,64.2,5,4,63.3,41.4,0.645
c_lilit_pass,575,2,2777,29.7,7,3,80.6,26.9,0.906
c_limjung,1512,1,11757,61.2,4,4,35.2,35.2,0.576
c_lipo,819,2,12645,63.4,6,5,66.0,62.6,0.987
c_liswood,340,1,4670,38.6,5,3,79.4,36.7,0.952
c_lizard_marsh,1410,2,2515,28.3,7,3,4642.2,28.3,1.0
c_lizards_tongue_pass,1536,1,4301,37.0,3,3,23.8,23.8,0.642
c_llorkh,104,2,7011,47.2,5,4,62.6,62.6,1.326
c_lluirwood,744,1,15004,69.1,6,6,86.7,86.7,1.255
c_llurth_dreier,2562,3,2014,25.3,7,6,79.1,65.2,2.575
c_lo_tu,810,3,37715,109.6,7,6,913.6,95.5,0.872
c_loagrann,1408,2,4601,38.3,7,5,5047.6,34.8,0.91
c_lomatra,612,2,2765,29.7,3,3,23.3,23.3,0.784
c_lonefang,1178,1,15301,69.8,6,6,61.8,61.8,0.886
c_lonely_moor,109,1,7975,50.4,6,6,52.9,52.9,1.05
c_lonely_rock,2641,1,492,12.5,7,5,6188.9,20.0,1.598
c_long_arm,202,2,8371,51.6,6,5,69.6,65.0,1.259
c_long_marsh,1633,1,3999,35.7,4,2,56.9,39.8,1.116
c_longsaddle,19,2,3936,35.4,4,4,34.7,34.7,0.979
c_lopango,2380,1,9168,54.0,4,4,41.9,41.9,0.775
c_lost_land,1682,1,6997,47.2,4,4,46.8,46.8,0.991
c_lost_peaks,55,3,4088,36.1,5,3,62.6,37.9,1.052
c_lost_vale,2422,1,2269,26.9,4,4,34.0,34.0,1.263
c_lothen,1162,2,4738,38.8,7,5,77.0,36.1,0.928
c_loudwater,54,3,3251,32.2,6,5,66.7,60.6,1.884
c_loulan,1345,3,35459,106.2,3,3,24.2,24.2,0.227
c_lower_glaur,2130,1,7246,48.0,4,4,52.4,52.4,1.091
c_lower_kayu,1354,1,14631,68.2,6,6,102.9,102.9,1.508
c_lower_kuning,1282,1,14349,67.6,7,6,73.1,70.5,1.043
c_lower_red_goat,2174,2,13030,64.4,5,4,6611.5,35.4,0.549
c_lower_terrace,1191,2,17458,74.5,6,6,76.7,76.7,1.029
c_lower_wing,1223,2,7548,49.0,7,5,6238.2,63.3,1.292
c_lowfork,536,1,9674,55.5,7,6,90.3,72.5,1.307
c_luenath,730,3,8473,51.9,7,5,112.6,56.8,1.093
c_lugabi,2120,3,9465,54.9,4,3,30.3,23.3,0.425
c_lugotak,1265,1,27623,93.8,5,5,69.9,69.9,0.745
c_luirbrech,920,1,11147,59.6,6,5,53.0,45.7,0.767
c_luirund,746,2,4372,37.3,7,4,59.4,27.5,0.736
c_lundeth,1103,1,4648,38.5,6,5,66.9,29.4,0.765
c_lundeth_bay,434,2,3968,35.5,6,3,66.5,28.4,0.8
c_lunru,2491,1,24546,88.4,3,3,24.2,24.2,0.273
c_lurkwood,21,2,13938,66.6,5,5,75.6,75.6,1.135
c_lushpool,424,3,7005,47.2,5,3,62.6,37.9,0.804
c_luskan,17,3,1872,24.4,7,4,43.7,20.6,0.845
c_luthcheq,623,3,6318,44.8,7,5,75.4,43.0,0.96
c_lylkara_valley,2388,1,4471,37.7,6,6,72.6,72.6,1.923
c_lylorn,2150,2,4236,36.7,6,5,45.3,37.7,1.028
c_lyndar,2135,1,6203,44.4,5,5,55.0,55.0,1.238
c_lyntara,472,2,4051,35.9,7,5,61.4,42.4,1.182
c_lyrabar,400,3,3586,33.8,7,4,67.2,32.6,0.964
c_maarlith,731,2,7160,47.7,7,6,72.1,54.5,1.141
c_mabasha,1221,1,33631,103.5,7,5,7880.0,58.8,0.569
c_mache_gap,1299,1,24468,88.3,7,7,105.4,105.4,1.195
c_maelar,688,2,12196,62.3,3,3,23.3,23.3,0.374
c_maelevarar,1642,2,6191,44.4,4,4,52.3,52.3,1.179
c_maer_dualdon,2614,2,1457,21.5,6,5,6519.9,26.8,1.246
c_maerch,627,2,8251,51.2,6,5,70.8,33.5,0.654
c_maerchlin,1230,2,8244,51.2,7,5,4874.5,38.6,0.753
c_maerchwoods,628,1,3312,32.5,7,6,68.7,60.5,1.865
c_maerduuth,629,3,7041,47.3,3,3,24.2,24.2,0.51
c_maerimydra,2450,1,1043,18.2,5,4,136.2,19.4,1.066
c_maeruhal,644,2,10129,56.8,6,6,62.6,62.6,1.103
c_maerwatch,2432,2,10228,57.1,3,3,24.2,24.2,0.424
c_maerzalar,647,2,14512,68.0,6,5,54.3,54.3,0.799
c_maeynda,1669,1,2902,30.4,5,4,47.0,47.0,1.547
c_mafrad,1497,3,12251,62.4,5,5,61.7,61.7,0.988
c_magis_tor,2596,1,3811,34.8,6,6,53.5,53.5,1.537
c_magrib,1557,3,4683,38.6,4,3,34.2,25.1,0.65
c_mahabba,1480,4,6619,45.9,4,3,33.2,22.8,0.497
c_maharas_vale,2501,1,7813,49.9,3,3,23.3,23.3,0.466
c_mahazaka,1500,1,11294,60.0,4,4,27.3,27.3,0.455
c_mahligwi,1358,1,8288,51.4,7,5,57.7,42.0,0.818
c_makaxar,429,3,4156,36.4,5,4,62.6,62.6,1.722
c_malaarar,1687,1,4391,37.4,4,4,38.6,38.6,1.032
c_maldali,1781,1,51759,128.4,7,4,8346.3,56.3,0.439
c_malualti,1553,1,3858,35.0,5,4,160.7,41.0,1.171
c_manass,979,3,4723,38.8,5,3,62.6,23.3,0.6
c_mangale,1728,1,15934,71.2,7,4,4299.9,39.7,0.557
c_mangangan,830,1,29366,96.7,5,5,72.3,72.3,0.748
c_manhus_and_saliam,1612,1,2904,30.4,5,3,45.2,26.9,0.884
c_manshaka,145,4,5351,41.3,5,3,41.4,37.9,0.919
c_marangor,1665,3,2802,29.9,5,5,46.1,46.1,1.544
c_marching_camels_road,1548,1,7773,49.7,4,4,51.2,51.2,1.028
c_maribar_island,1593,1,1197,19.5,4,2,44.9,8.9,0.458
c_marrauk,2151,1,4335,37.1,5,4,38.6,36.7,0.987
c_marsember,252,4,1921,24.7,7,4,53.0,28.3,1.145
c_marsh_of_tun,211,2,5658,42.4,6,5,56.3,49.0,1.156
c_maskana,1080,1,12032,61.9,5,5,62.6,62.6,1.012
c_maskath,1631,1,3092,31.4,4,4,31.3,31.3,0.998
c_masud_jazayir,2167,1,1027,18.1,5,2,45.0,5.7,0.313
c_mata,862,1,32403,101.6,7,7,97.8,97.8,0.963
c_matolo,465,1,4741,38.8,7,6,57.4,56.8,1.462
c_maviddi_forest,1201,1,52346,129.1,6,6,94.4,94.4,0.731
c_mazat,2500,1,7749,49.7,3,3,24.2,24.2,0.487
c_mbala,453,1,10567,58.0,7,7,72.5,72.5,1.251
c_medang_perang,1286,1,25102,89.4,6,6,69.8,69.8,0.781
c_medina_akota,1546,3,5663,42.5,4,3,49.6,23.3,0.549
c_medina_al_afyal,1528,3,6800,46.5,4,3,66.8,43.0,0.924
c_medinat_muskawoon,1072,1,20607,81.0,5,5,80.2,80.2,0.991
c_meinan,1771,1,13610,65.8,7,4,8003.2,31.4,0.477
c_meiritin,86,2,4351,37.2,3,3,24.2,24.2,0.649
c_mekebat,2117,3,11060,59.3,5,4,66.7,47.0,0.792
c_mella,2127,1,9399,54.7,4,4,55.7,55.7,1.018
c_melvaunt,342,2,1926,24.8,6,3,52.9,25.5,1.03
c_memnon,144,3,2413,27.7,7,5,42.0,28.0,1.011
c_menzoberranzan,2493,1,555,13.3,5,1,55.1,0.0,0.0
c_mere_of_dead_men,9,2,2236,26.7,6,3,48.5,21.1,0.791
c_mergu,1529,1,987,17.7,4,3,26.3,12.2,0.686
c_mergu_saah,2163,1,1170,19.3,5,1,49.0,0.0,0.0
c_merkungard,366,1,10493,57.8,6,5,53.8,42.2,0.73
c_messemprar,668,4,4709,38.7,7,4,70.2,41.6,1.074
c_methwood,662,1,8441,51.8,3,3,23.3,23.3,0.45
c_mettledale,995,1,5829,43.1,5,5,62.6,62.6,1.454
c_mevarand,1540,1,5838,43.1,6,5,106.3,80.3,1.862
c_mezro,441,6,3396,32.9,7,6,56.6,54.7,1.665
c_mhaelos,1226,2,4952,39.7,3,3,24.2,24.2,0.609
c_mhair_pass,2499,1,4537,38.0,3,3,23.8,23.8,0.625
c_mhairhetel,513,3,14626,68.2,5,4,68.1,62.6,0.918
c_mhairling,469,1,6494,45.5,6,3,52.9,28.3,0.623
c_mhiilamnir,1437,3,7686,49.5,7,6,5150.2,74.7,1.511
c_middenlands,1580,2,6760,46.4,7,4,5590.8,33.0,0.711
c_middle_longwood,1742,1,9427,54.8,7,4,4926.5,50.4,0.921
c_middle_rendai,1139,1,25941,90.9,7,5,2526.4,48.3,0.531
c_middlewoods,1156,1,9267,54.3,5,5,62.6,62.6,1.153
c_midnight_waters,2126,1,24578,88.5,4,4,33.1,33.1,0.374
c_midvale,168,1,6169,44.3,5,4,61.8,61.8,1.396
c_midways,1144,1,10489,57.8,7,4,161.0,38.6,0.668
c_midwinter_pass,777,1,6320,44.9,6,5,52.6,44.7,0.996
c_miir,283,1,2563,28.6,7,7,52.9,52.9,1.852
c_milvarune,1029,2,4477,37.8,6,3,61.3,25.0,0.662
c_mimph,1199,3,3458,33.2,5,4,62.6,62.6,1.888
c_mina,1399,3,7302,48.2,7,4,4790.0,53.8,1.115
c_minlow,2484,3,12016,61.8,3,3,23.3,23.3,0.377
c_minta_vale,1131,1,9967,56.3,5,5,62.6,62.6,1.112
c_mintar,167,2,5545,42.0,5,3,63.3,63.3,1.506
c_mintarn,223,1,1101,18.7,6,2,52.6,10.2,0.545
c_mirabar,40,4,4647,38.5,7,6,75.8,74.2,1.93
c_mirande,1664,2,5004,39.9,4,4,34.5,34.5,0.865
c_mirror_lake,360,1,7868,50.0,4,4,50.4,50.4,1.008
c_misbahd,1532,3,5573,42.1,5,4,44.6,30.5,0.724
c_mishan,1367,2,24909,89.0,3,3,23.3,23.3,0.261
c_mishtan,675,3,8368,51.6,6,5,55.8,36.7,0.711
c_misted_court,1718,1,7595,49.2,7,4,4389.5,57.8,1.175
c_mistfells,1670,1,4563,38.1,5,4,57.6,33.1,0.867
c_mistshaws,1646,1,2575,28.6,5,5,50.9,50.9,1.779
c_misty_forest,385,2,6256,44.6,7,6,75.7,53.5,1.198
c_misty_plains,1130,1,6941,47.0,6,5,62.9,56.9,1.21
c_misty_vale,524,1,14692,68.4,6,6,61.8,61.8,0.904
c_mithel,654,2,9916,56.2,5,4,63.6,62.6,1.115
c_mithral_hall,32,4,1887,24.5,3,2,23.3,14.1,0.577
c_mnyama,2371,1,20962,81.7,3,2,34.4,23.3,0.286
c_mokalonni_islands,2384,2,19151,78.1,7,6,88.2,88.2,1.13
c_molken,1737,1,14209,67.3,7,4,4297.3,59.3,0.882
c_monksblade,478,2,2988,30.8,7,6,58.1,30.4,0.986
c_monteshi,126,4,8692,52.6,7,7,56.9,56.9,1.082
c_moonglade,158,3,8344,51.5,6,5,61.8,43.0,0.835
c_moonrise,2527,2,6248,44.6,4,4,36.4,36.4,0.816
c_moonvales,511,1,7941,50.3,5,3,63.3,37.0,0.736
c_moonwood,34,1,7825,49.9,6,4,52.6,43.9,0.88
c_moraan,2390,3,11722,61.1,5,3,744.7,23.3,0.381
c_moradask,1348,2,5614,42.3,6,3,82.9,19.1,0.452
c_mordulkin,624,2,1829,24.1,6,3,53.3,24.1,0.998
c_morninggold,133,3,10747,58.5,5,5,64.0,64.0,1.095
c_morrowikik,1268,2,15381,70.0,5,5,62.6,62.6,0.895
c_mortens_gap,695,1,10572,58.0,6,6,55.2,55.2,0.952
c_mortik_swamp,1240,1,2299,27.1,6,3,53.9,25.5,0.942
c_morvar,774,3,4403,37.4,5,3,65.4,37.0,0.988
c_mosstrunks,334,2,3912,35.3,5,4,61.8,42.0,1.191
c_moszabbar,1042,2,6868,46.8,3,3,24.2,24.2,0.517
c_mother_of_mists,292,1,374,10.9,5,2,52.6,10.2,0.935
c_motra,1417,2,19526,78.8,7,6,7581.9,69.4,0.88
c_mount_illefarn,2195,2,1118,18.9,3,3,13.5,13.5,0.713
c_mount_sar,2548,1,544,13.2,3,1,24.2,0.0,0.0
c_mount_sarengard,2440,2,2737,29.5,4,4,23.3,23.3,0.79
c_mount_sundabar,2514,1,8393,51.7,3,3,23.3,23.3,0.45
c_mountain_of_iron,2408,1,18606,77.0,3,3,23.3,23.3,0.303
c_mourktar,631,3,3132,31.6,6,3,72.0,20.5,0.65
c_mraar_forest,1636,1,6335,44.9,4,4,40.3,40.3,0.898
c_mratanga,1658,1,4934,39.6,4,4,37.5,37.5,0.946
c_mreyelundar,2147,2,3539,33.6,4,4,40.0,40.0,1.193
c_msalin,1600,1,3370,32.8,5,4,33.0,28.8,0.879
c_mt_hotenow,306,2,2397,27.6,4,3,24.2,20.0,0.724
c_muara,1285,1,10399,57.5,6,5,80.5,62.6,1.089
c_mulharahold,687,2,11478,60.4,3,3,24.2,24.2,0.4
c_mulhessen,304,2,2682,29.2,7,5,56.9,22.5,0.769
c_mulmaster,270,3,3173,31.8,3,2,48.3,13.5,0.423
c_mulptan,1018,2,5525,41.9,5,5,63.3,63.3,1.508
c_mulsantir,1015,2,3006,30.9,6,5,58.7,58.7,1.897
c_mulsanyaar,1022,1,8431,51.8,7,6,81.7,56.3,1.087
c_muluk,945,3,11424,60.3,6,5,62.6,62.6,1.039
c_munli,882,1,27487,93.5,6,6,62.6,62.6,0.67
c_murann,82,2,4183,36.5,6,4,56.4,39.4,1.079
c_murbant,1037,2,6766,46.4,5,3,62.6,62.6,1.349
c_muren_tso,970,1,15657,70.6,5,4,62.6,62.6,0.887
c_murghyr,697,3,5893,43.3,5,5,61.8,61.8,1.428
c_murpeth,198,2,8354,51.6,7,5,77.0,45.2,0.877
c_murr,1601,1,9076,53.7,4,4,23.3,23.3,0.433
c_murthil,1008,1,7603,49.2,5,5,62.6,62.6,1.273
c_mussum,2542,2,3105,31.4,3,3,21.2,21.2,0.675
c_myrloch_vale,320,4,3688,34.3,5,2,62.6,14.1,0.413
c_myrmyr,755,2,4250,36.8,6,4,65.4,37.1,1.007
c_myth_drannor,338,5,2787,29.8,7,6,55.2,39.8,1.338
c_myth_dyraalis,2595,2,4283,36.9,5,5,46.1,46.1,1.248
c_myth_telvondial,1576,1,2444,27.9,3,2,24.2,22.5,0.806
c_mytharan_woods,138,2,10217,57.0,5,5,62.6,62.6,1.098
c_naga_plain,1239,1,5947,43.5,6,5,52.9,52.2,1.199
c_nagaflow,1129,1,5445,41.6,5,5,62.6,62.6,1.504
c_nagai_terrace,1318,1,11154,59.6,5,5,63.3,63.3,1.062
c_nagarana,1753,1,9534,55.1,7,4,5178.9,30.5,0.553
c_nagarr,600,1,3381,32.8,6,3,52.6,18.4,0.562
c_nagoo,876,1,43834,118.1,7,6,468.8,65.7,0.557
c_nahr_al_fil,1524,2,8514,52.1,5,4,47.2,32.4,0.623
c_naiganga,839,1,32850,102.3,5,4,140.1,62.6,0.612
c_najara,101,1,12436,62.9,6,5,65.9,56.3,0.895
c_namtan,1294,1,18170,76.1,5,5,62.6,62.6,0.823
c_nangalore,463,1,2792,29.8,7,4,328.9,46.1,1.545
c_nanhu,901,1,34621,105.0,5,5,62.6,62.6,0.597
c_nanxun,1311,2,40285,113.2,5,5,90.2,90.2,0.797
c_naon,1770,1,22282,84.2,7,4,8070.0,55.4,0.658
c_naqayna,1543,1,15189,69.5,4,3,82.9,24.4,0.35
c_naqq_and_qutil,1613,1,1232,19.8,5,3,88.8,88.8,4.483
c_nar_ormpur,929,1,3545,33.6,5,4,63.3,42.0,1.251
c_narari,1390,1,13792,66.3,7,4,108.5,82.4,1.243
c_narderwood,993,1,9846,56.0,5,5,62.6,62.6,1.119
c_narodara,1519,1,13517,65.6,3,2,49.2,23.3,0.356
c_narubel,416,2,5033,40.0,6,4,68.3,28.3,0.707
c_narvarr,1659,2,4704,38.7,6,6,31.0,31.0,0.802
c_nashkel,64,2,4163,36.4,7,6,67.1,45.0,1.236
c_nath_pass,1210,1,8226,51.2,7,6,3826.6,59.4,1.161
c_nathenje,1517,1,12867,64.0,4,3,55.2,22.0,0.343
c_nathlekh,194,2,4365,37.3,6,5,52.9,29.1,0.78
c_nathoud,916,1,14323,67.5,5,5,62.6,62.6,0.927
c_naupau,1157,3,24336,88.0,6,5,87.9,62.8,0.714
c_naurogloth,1150,3,5198,40.7,7,4,79.1,60.0,1.476
c_nawal,1514,1,9123,53.9,4,4,37.1,37.1,0.688
c_naysabur,710,2,12423,62.9,5,5,62.6,62.6,0.996
c_ndoto,2372,1,11584,60.7,5,4,65.8,65.8,1.083
c_neachal,976,2,20480,80.7,5,5,66.1,66.1,0.819
c_nearwoods,595,1,9980,56.4,5,5,70.7,70.7,1.254
c_neldorild,657,3,4755,38.9,7,3,80.6,33.4,0.858
c_nember,1702,1,9322,54.5,7,4,4279.3,53.8,0.987
c_nemessor,1574,1,1108,18.8,7,3,3686.4,19.2,1.023
c_nemoree_isles,1218,1,322,10.1,7,2,5801.0,6.3,0.625
c_nenvar,918,1,9374,54.6,5,5,62.6,62.6,1.146
c_nerth,1180,1,829,16.2,5,2,62.8,8.2,0.508
c_neryudzhan,834,1,42063,115.7,5,5,90.0,90.0,0.777
c_nesme,582,2,3098,31.4,5,5,28.1,28.1,0.894
c_nethentir,1012,2,4257,36.8,7,4,54.1,34.2,0.929
c_nether_mountains,2442,2,3937,35.4,3,3,24.2,24.2,0.683
c_netheril_river,1061,1,15713,70.7,7,4,116.8,39.7,0.561
c_nethjet,1011,3,3369,32.7,7,5,54.1,28.2,0.86
c_nethra,2495,2,3069,31.3,4,3,33.0,27.7,0.885
c_neverwinter,8,4,2415,27.7,7,5,39.6,23.3,0.842
c_neverwinter_wood,11,3,3096,31.4,7,7,52.3,52.3,1.667
c_new_sarshel,998,1,1830,24.1,5,1,61.8,0.0,0.0
c_nezras,725,1,10783,58.6,5,4,63.3,36.7,0.626
c_ni_ko,859,1,22512,84.7,7,7,80.7,80.7,0.953
c_night_trees,47,1,3695,34.3,6,5,55.2,48.4,1.412
c_nimlith,1109,3,5273,41.0,5,3,55.9,23.8,0.58
c_nimpeth,208,4,6431,45.2,6,4,85.9,46.6,1.03
c_nimsur,1203,3,6269,44.7,7,4,1317.6,51.0,1.143
c_nisalin,1756,2,6434,45.3,7,3,5581.2,29.6,0.654
c_nix,1189,1,12546,63.2,7,7,68.0,68.0,1.076
c_njast,928,1,8845,53.1,5,5,65.8,65.8,1.24
c_nleeth_and_amah,1573,2,3479,33.3,7,3,4693.4,24.4,0.734
c_nogoonraat,886,1,27903,94.2,6,6,61.8,61.8,0.656
c_nolin,2418,2,3337,32.6,4,3,46.1,46.1,1.413
c_nonthal,242,4,3540,33.6,3,3,24.2,24.2,0.72
c_noondai,911,1,18221,76.2,5,3,63.3,36.7,0.482
c_norheim,215,1,1640,22.8,7,5,52.9,37.0,1.62
c_nornglast,1649,1,3205,31.9,5,5,51.5,51.5,1.612
c_north_fornaluit,1736,1,13085,64.5,7,4,4132.6,60.4,0.936
c_north_peak,2477,3,2087,25.8,6,5,6458.0,44.6,1.73
c_north_reaching_wood,1235,1,3731,34.5,7,5,4357.0,46.5,1.35
c_north_rystall,347,1,8904,53.2,7,6,176.5,57.9,1.087
c_north_winterwood,602,1,8239,51.2,5,4,62.6,53.2,1.038
c_northdark_woods,1147,1,3764,34.6,6,5,52.6,42.0,1.214
c_northwind,1401,1,1016,18.0,7,1,4340.0,0.0,0.0
c_nouarada,1537,1,7495,48.8,4,3,47.8,34.0,0.695
c_nsi,464,2,4195,36.5,7,3,82.6,23.0,0.63
c_nun,574,2,2419,27.7,3,2,54.4,22.5,0.81
c_nunwood,576,1,5302,41.1,6,5,61.1,51.9,1.262
c_nuthretos,1050,3,6087,44.0,7,6,61.4,60.7,1.38
c_nyangumi,2373,1,8302,51.4,3,1,48.1,0.0,0.0
c_nyanzaru,452,3,7932,50.2,5,4,62.6,62.6,1.246
c_nykkar,2592,3,1837,24.2,6,6,30.3,30.3,1.252
c_nymphwood,1715,1,8469,51.9,7,4,4008.9,49.0,0.945
c_nyth,999,2,2711,29.4,5,4,62.6,62.6,2.132
c_obarval,1712,1,11494,60.5,7,4,4477.7,45.2,0.748
c_oceans_sigh,1661,1,4175,36.5,5,3,56.2,43.3,1.188
c_ochoq,1698,1,23593,86.7,7,3,6773.0,33.1,0.382
c_ochre_hills,1303,1,34689,105.1,5,5,70.3,70.3,0.669
c_odesh,1169,1,35831,106.8,7,3,195.9,58.7,0.549
c_oghrann,2447,1,1759,23.7,3,3,37.5,37.5,1.586
c_ohmai,1326,2,39890,112.7,5,5,62.6,62.6,0.556
c_okk,2564,2,4632,38.4,7,6,6949.0,58.6,1.526
c_olafstaad,2629,2,2152,26.2,7,4,5475.1,33.6,1.284
c_olattan,2397,1,27413,93.4,5,5,57.3,57.3,0.613
c_old_drivendelve,1341,2,3397,32.9,6,5,51.7,42.0,1.278
c_old_road,548,1,10836,58.7,7,6,88.8,73.1,1.244
c_old_well,90,1,10500,57.8,7,5,106.3,79.4,1.373
c_olomaa,1097,1,10626,58.2,6,6,62.6,62.6,1.077
c_olstone,813,2,7450,48.7,7,6,117.4,54.6,1.12
c_olum,596,1,11245,59.8,7,6,97.1,73.8,1.233
c_olung,454,1,6309,44.8,6,6,55.2,55.2,1.232
c_olyniak,1270,1,9164,54.0,5,5,65.2,65.2,1.207
c_ommvale,821,2,18536,76.8,5,5,84.6,84.6,1.101
c_omu,1566,4,7189,47.8,7,6,2455.9,62.4,1.304
c_ondathel,356,3,2225,26.6,5,4,42.4,34.7,1.303
c_ondene,1335,1,20978,81.7,5,5,70.8,70.8,0.867
c_ong_woods,2475,3,8244,51.2,6,5,6294.7,49.6,0.968
c_oostar,507,1,9672,55.5,5,5,62.6,62.6,1.129
c_open_marches,1448,3,3892,35.2,7,4,56.4,22.6,0.643
c_oraundil,2156,1,1977,25.1,6,3,61.9,27.9,1.11
c_orbedal,1696,1,1313,20.4,3,3,24.2,24.2,1.182
c_orbrekh_hills,1714,1,9226,54.2,7,4,4639.1,38.5,0.71
c_orbrekhland,569,1,10676,58.3,7,7,52.6,52.6,0.903
c_ordulin,260,3,5604,42.2,5,4,62.6,58.0,1.373
c_oreme,1093,1,11583,60.7,7,6,65.8,36.1,0.595
c_orgymist,1629,1,3159,31.7,4,4,45.4,45.4,1.432
c_orithar,1026,3,5156,40.5,5,3,62.6,62.6,1.546
c_orlil,1233,1,514,12.8,7,3,2674.3,17.5,1.365
c_orlumbor,1149,1,330,10.2,6,2,41.2,6.3,0.617
c_ormath,197,2,17183,74.0,6,6,65.5,65.5,0.886
c_ormen,295,4,4061,36.0,7,4,99.1,40.3,1.121
c_ormpe,769,3,5262,40.9,5,3,63.3,63.3,1.546
c_ormpetarr,606,4,4215,36.6,7,5,83.7,43.7,1.192
c_ormpur,426,2,7585,49.1,5,3,62.6,62.6,1.275
c_orogoth,1706,1,8707,52.6,7,4,4799.6,38.3,0.728
c_orolunga,460,1,9429,54.8,7,5,67.9,40.8,0.745
c_oroth,2517,1,2333,27.3,3,3,23.8,23.8,0.872
c_orphar,512,1,7000,47.2,6,4,63.4,33.0,0.699
c_orpher,767,2,6719,46.2,5,3,78.5,63.3,1.368
c_orvyltar,779,5,6233,44.5,5,4,63.3,63.3,1.42
c_oryndoll,2504,3,1631,22.8,3,3,24.2,24.2,1.061
c_oslin,615,2,7677,49.4,5,5,62.6,62.6,1.267
c_ospkur,1432,1,2553,28.5,7,2,4452.4,12.6,0.444
c_ostel,371,3,4942,39.7,6,4,56.9,43.7,1.103
c_otennath,740,2,6600,45.8,5,4,67.0,62.6,1.366
c_othars_hand,1205,3,4010,35.7,5,4,42.2,42.2,1.181
c_outer_reghed,2567,1,9917,56.2,4,4,34.7,34.7,0.617
c_outlaw_waste,553,1,17043,73.7,7,7,97.9,97.9,1.329
c_oyargh,1774,1,11051,59.3,7,4,6078.5,43.7,0.737
c_palevash,2406,1,13429,65.4,4,4,49.7,49.7,0.76
c_palischuk,2555,3,3665,34.2,3,3,27.8,27.8,0.814
c_panforza,1777,1,22356,84.4,7,4,6375.8,62.6,0.743
c_panjang_river,2487,1,23499,86.5,3,2,120.7,22.5,0.26
c_panjuis,1333,1,46109,121.1,7,6,153.2,70.7,0.583
c_pasar,1353,2,9934,56.2,6,6,68.6,68.6,1.22
c_patatak,1248,1,6942,47.0,5,4,62.6,42.0,0.894
c_pazar,1076,2,13367,65.2,5,4,66.9,66.9,1.026
c_pearl_banks,1596,1,1114,18.8,5,2,43.7,4.5,0.237
c_pehrrifaal,1717,1,7863,50.0,7,4,4062.1,47.7,0.953
c_pelandar,1672,1,4968,39.8,4,4,61.7,61.7,1.551
c_pelauvir,2466,1,4901,39.5,7,6,55.4,55.4,1.402
c_peldvale,1183,1,5476,41.8,3,3,24.2,24.2,0.579
c_pelleors_prairie,114,1,13092,64.6,6,5,71.2,55.5,0.86
c_penuh_susak,1357,1,7309,48.2,7,7,51.9,51.9,1.076
c_peqqir,874,1,17992,75.7,7,6,728.2,102.6,1.356
c_perilous,2554,4,4807,39.1,3,3,17.1,17.1,0.438
c_perpustakaan,1323,1,10675,58.3,7,6,72.4,54.3,0.932
c_peskar,1084,1,11792,61.3,5,5,62.6,62.6,1.022
c_phannaskul,690,4,4685,38.6,5,3,111.8,62.6,1.622
c_phantom_pass,1188,1,15723,70.7,6,5,62.6,50.2,0.71
c_pharren,1568,1,5881,43.3,7,6,4904.1,50.8,1.174
c_phelajarama,2414,2,2932,30.5,4,4,24.3,24.3,0.796
c_phelzol,719,3,5854,43.2,6,4,51.7,34.0,0.787
c_phent,1002,2,5825,43.1,5,4,62.6,57.4,1.333
c_phlan,341,3,5229,40.8,6,4,64.2,29.2,0.716
c_phoenix,1128,2,9310,54.4,5,5,66.7,66.7,1.226
c_phsant,1003,2,4574,38.2,5,4,62.6,41.4,1.085
c_phutan,1293,1,29663,97.2,5,5,61.8,61.8,0.636
c_pigeon_rock,892,1,29304,96.6,7,6,789.0,53.3,0.552
c_pikemans_folly,209,2,10069,56.6,6,5,105.1,105.1,1.856
c_plain_of_heroes,711,2,10225,57.1,5,4,68.9,62.6,1.098
c_plain_of_the_talon,1087,1,21656,83.0,7,7,78.2,78.2,0.942
c_plainsmarch,153,3,4089,36.1,6,5,62.6,36.7,1.017
c_po_yul_dzayul,1418,1,12360,62.7,7,6,7229.4,82.2,1.311
c_polten,369,3,4816,39.2,7,5,82.0,40.7,1.04
c_poltensmark,1577,1,5607,42.2,7,4,5705.0,46.5,1.101
c_port_ghast,693,3,3443,33.1,5,3,73.4,36.7,1.108
c_port_llast,10,2,2111,25.9,7,4,37.3,19.9,0.769
c_prastuil,794,3,9221,54.2,6,4,116.0,64.1,1.184
c_priapurl,186,2,7865,50.0,5,5,62.6,62.6,1.252
c_prints_floe,1175,1,5343,41.2,6,4,70.5,37.3,0.905
c_procampur,265,2,4385,37.4,6,4,81.0,30.0,0.803
c_proskur,184,2,7302,48.2,5,4,62.6,37.0,0.767
c_protain,776,2,3570,33.7,5,4,70.7,37.0,1.098
c_pterafolk_eyries,1420,1,5922,43.4,7,5,2535.8,53.0,1.221
c_punakha_dzong,967,1,18149,76.0,5,4,62.6,62.6,0.824
c_purple_rocks,228,1,487,12.5,5,1,74.4,0.0,0.0
c_purskul,237,2,3759,34.6,7,6,59.4,55.6,1.607
c_pyarados,1041,4,6715,46.2,3,3,23.3,23.3,0.503
c_pyratar,753,4,3635,34.0,5,3,61.8,36.7,1.079
c_qadib,951,1,8857,53.1,5,4,62.6,62.6,1.179
c_qadim_hills,1709,1,6219,44.5,7,4,4326.2,39.4,0.886
c_qanadad,1516,1,13164,64.7,4,4,31.6,31.6,0.489
c_qantun,864,1,29754,97.3,7,6,66.5,66.5,0.683
c_qaragar,1662,2,3641,34.0,5,5,41.1,41.1,1.209
c_qarintg,831,1,34044,104.1,5,4,76.0,62.6,0.602
c_qarlondrar,2518,3,5263,40.9,3,3,24.2,24.2,0.59
c_qinyi,1766,1,18748,77.3,7,4,7439.7,38.1,0.493
c_qorkh,897,1,16385,72.2,6,6,76.5,76.5,1.059
c_qosodera,1485,1,4926,39.6,5,4,47.2,47.2,1.191
c_qota,508,1,13641,65.9,6,6,64.9,64.9,0.985
c_quaraband,899,1,42427,116.2,6,6,61.8,61.8,0.532
c_quaraqand,1272,1,18838,77.4,5,5,85.1,85.1,1.099
c_quarat,586,3,6132,44.2,5,4,63.3,63.3,1.432
c_quarter_of_emptiness,1105,1,14407,67.7,6,6,69.8,69.8,1.03
c_quaver,1094,1,18067,75.8,7,7,76.1,76.1,1.004
c_quchang,2480,1,36431,107.7,3,3,24.2,24.2,0.224
c_qudalla,1491,2,5273,41.0,5,4,57.9,36.4,0.888
c_qudao,1315,1,29375,96.7,5,5,61.8,61.8,0.64
c_qudra,1396,4,3080,31.3,7,4,4851.3,23.9,0.762
c_quistrade,931,1,5417,41.5,5,4,61.4,28.8,0.695
c_quli,909,1,57925,135.8,7,6,221.1,65.1,0.479
c_quorat,1746,1,13927,66.6,7,4,5366.0,53.9,0.809
c_quretta,1754,1,5443,41.6,4,3,59.2,40.3,0.968
c_qurth_forest,546,1,5622,42.3,6,5,53.9,33.2,0.786
c_qutel,923,1,13894,66.5,5,5,86.4,86.4,1.299
c_ragado,2175,1,3619,33.9,5,3,5992.9,27.7,0.815
c_rago,1451,1,2805,29.9,4,2,26.4,26.0,0.87
c_rainbow_falls,982,3,8743,52.8,7,6,51.3,47.4,0.899
c_ralasuu_isle,638,1,618,14.0,6,2,52.6,2.0,0.143
c_ramekho,1630,1,1079,18.5,5,3,68.7,30.7,1.655
c_rashaflow,1021,1,5615,42.3,6,5,55.6,39.6,0.937
c_raskuldin,2521,3,3055,31.2,3,3,23.3,23.3,0.746
c_rassalantar,1406,3,1458,21.5,4,4,20.6,20.6,0.957
c_rassatan,397,2,4038,35.9,6,3,55.8,27.5,0.766
c_rastaal,750,1,7230,48.0,7,5,112.8,67.6,1.409
c_rathmar,1051,1,8512,52.1,7,6,62.6,46.1,0.885
c_rauder,1088,1,16595,72.7,5,5,73.0,73.0,1.004
c_raurokh,1645,1,2408,27.7,3,2,23.3,13.5,0.486
c_rauthgor,684,3,4674,38.6,3,3,23.3,23.3,0.603
c_rauthil,686,2,5367,41.3,3,3,24.2,24.2,0.585
c_ravens_bluff,263,4,2752,29.6,7,4,52.9,31.3,1.056
c_raziz,1551,1,15358,69.9,4,4,29.2,29.2,0.417
c_reaching_wood,103,1,8425,51.8,6,6,64.8,64.8,1.251
c_red_cliffs,5,1,1735,23.5,5,1,34.7,0.0,0.0
c_red_goat,963,3,12583,63.3,7,5,94.0,73.0,1.154
c_red_larch,18,3,5852,43.2,5,5,32.7,32.7,0.758
c_red_shores,661,3,3142,31.6,7,5,52.9,52.9,1.672
c_reddansyr,188,1,4417,37.5,7,5,98.9,51.2,1.364
c_redspring,331,3,3481,33.3,7,4,60.8,34.0,1.022
c_redstar,558,1,17246,74.1,6,5,82.9,64.6,0.871
c_redwater_dale,189,1,2927,30.5,7,3,64.6,26.9,0.882
c_redwaters,2615,3,1478,21.7,6,5,6492.1,35.9,1.655
c_regdasaid,1606,1,9710,55.6,4,3,47.0,23.3,0.42
c_relkaths_foot,2437,3,4852,39.3,3,3,24.2,24.2,0.615
c_remorhaz_ride,386,1,18212,76.1,5,5,62.6,62.6,0.823
c_reth,1442,2,3437,33.1,7,3,5043.4,38.9,1.176
c_rethild_shore,1734,1,12608,63.4,7,3,3906.1,41.4,0.654
c_rethmar,527,2,9074,53.7,6,6,62.6,62.6,1.165
c_riatavin,1234,4,9576,55.2,3,3,24.2,24.2,0.438
c_riders_to_the_sky,2459,1,4309,37.0,4,3,55.2,55.2,1.489
c_riftwood,488,2,9976,56.4,5,5,62.6,62.6,1.111
c_riimlost,2132,2,1919,24.7,5,5,23.0,23.0,0.931
c_rimba,1361,1,17837,75.4,6,6,62.6,62.6,0.831
c_rimlost,1679,1,3351,32.7,4,3,46.7,34.1,1.045
c_rimmator,588,3,2897,30.4,6,5,56.9,28.3,0.932
c_risha,2375,1,1665,23.0,5,3,5703.0,54.8,2.381
c_riven_frost,1264,1,26970,92.7,6,6,65.0,65.0,0.702
c_river_of_metals,1229,2,2990,30.9,7,3,5265.8,21.9,0.711
c_rivermoot,28,2,3353,32.7,6,3,52.6,34.9,1.069
c_riverride,534,1,11724,61.1,7,7,74.1,74.1,1.213
c_rivers_run,613,3,6231,44.5,5,3,63.5,37.0,0.831
c_rivershire,127,2,5483,41.8,7,5,59.2,29.5,0.707
c_road_less_traveled,984,2,4518,37.9,7,6,71.1,62.2,1.639
c_road_of_dust,1228,2,15684,70.7,3,3,24.2,24.2,0.342
c_roaringshore,72,2,6827,46.6,7,3,97.1,29.7,0.638
c_rodanar,614,2,7036,47.3,3,3,23.3,23.3,0.493
c_rogosto,1496,3,9067,53.7,4,3,37.9,35.1,0.653
c_rokthorl,1684,2,3140,31.6,6,4,52.2,25.7,0.813
c_rondeval,1648,1,2631,28.9,5,4,51.0,26.7,0.922
c_roof_of_the_world,2635,1,7829,49.9,7,6,6499.3,124.2,2.487
c_roraari,1681,1,3402,32.9,3,2,34.5,23.3,0.709
c_rorst,1641,1,5919,43.4,4,4,46.8,46.8,1.077
c_ruathym,224,2,4988,39.8,6,4,76.1,68.6,1.721
c_rubbans_tears,1533,1,2322,27.2,5,4,63.5,31.6,1.163
c_rucien_xan,584,2,4977,39.8,7,5,82.4,41.7,1.048
c_ruith,1113,3,6205,44.4,6,5,68.2,68.2,1.534
c_rume,702,3,6403,45.1,3,3,23.3,23.3,0.515
c_ruriks_end,1433,1,10665,58.3,7,6,119.4,84.3,1.447
c_rystall_wood,350,1,9145,54.0,7,6,91.4,68.0,1.26
c_sabrasha,1544,1,7735,49.6,4,3,47.0,29.0,0.584
c_sadamzar,670,2,3508,33.4,6,5,51.9,48.4,1.448
c_sadazeh,1545,1,15502,70.2,4,4,37.1,37.1,0.527
c_saekolath,2552,3,3825,34.9,3,3,23.8,23.8,0.681
c_saelmur,172,2,12253,62.5,5,4,63.3,63.3,1.013
c_saerb,2421,2,3950,35.5,3,3,22.8,22.8,0.644
c_saerloon,258,4,5350,41.3,7,3,52.6,41.4,1.004
c_safaq,1595,2,4525,38.0,5,4,48.8,37.5,0.988
c_saichik,1244,1,25235,89.6,5,5,87.0,87.0,0.971
c_saigai,1371,3,15734,70.8,5,5,74.9,74.9,1.059
c_saikhoi,981,4,5363,41.3,7,6,56.3,37.0,0.896
c_sakh,879,1,44548,119.1,5,5,90.2,90.2,0.758
c_sakina,947,1,9889,56.1,5,4,68.9,50.7,0.904
c_salira,900,2,36206,107.4,7,7,106.2,106.2,0.989
c_salju,1402,1,8194,51.1,7,5,7461.9,87.0,1.704
c_salpir,294,3,5790,42.9,5,3,72.7,37.0,0.862
c_samagard,433,2,4854,39.3,6,5,58.7,38.1,0.969
c_samargol,392,4,6579,45.8,5,3,62.6,62.6,1.369
c_sambar,287,4,4020,35.8,6,3,52.9,26.3,0.735
c_sambral,1626,2,3322,32.5,6,4,51.5,41.4,1.274
c_sammaresh,422,3,4579,38.2,5,3,62.6,37.9,0.994
c_samphos,1510,1,10429,57.6,4,3,57.3,29.1,0.505
c_sampranasz,1440,2,4417,37.5,7,3,5404.4,29.1,0.775
c_samra,1237,3,2820,30.0,7,4,4582.0,31.1,1.037
c_sandsrun,773,2,6868,46.8,5,4,73.8,62.6,1.339
c_sant,843,1,19999,79.8,5,5,67.1,67.1,0.841
c_sapphire_shores,445,2,6583,45.8,5,4,72.8,69.9,1.527
c_saraath,502,1,11294,60.0,5,5,73.8,73.8,1.23
c_saraq,1468,3,2760,29.6,4,3,38.3,26.9,0.908
c_sarenestar,152,1,9465,54.9,6,6,72.1,72.1,1.314
c_sariban,1509,1,9683,55.5,4,4,44.1,44.1,0.795
c_sarrukoth,2544,2,4498,37.8,3,3,24.2,24.2,0.639
c_sarshel,403,3,6794,46.5,5,3,91.7,37.0,0.796
c_sartha_coast,2161,1,4527,38.0,5,3,57.4,37.6,0.99
c_sathadech,1617,1,6064,43.9,3,3,24.2,24.2,0.55
c_satous,1786,1,12095,62.0,7,4,6461.9,71.0,1.145
c_satyr_road,594,1,6473,45.4,7,7,54.8,54.8,1.208
c_sawsh,1643,1,5940,43.5,4,3,74.8,55.6,1.278
c_sayf,2374,1,953,17.4,5,2,5200.5,60.1,3.453
c_scardale,280,3,1971,25.0,7,5,71.7,41.9,1.672
c_scarlet_jungle,972,1,34250,104.4,6,6,98.8,98.8,0.947
c_schamedar,149,3,6940,47.0,4,2,45.7,23.3,0.496
c_scornubel,16,2,6654,46.0,5,5,62.6,62.6,1.361
c_scrabbleground,521,1,20598,81.0,5,5,62.6,62.6,0.773
c_sea_of_salt,2425,1,9993,56.4,3,3,23.3,23.3,0.412
c_sebben,528,1,14118,67.0,5,5,64.5,64.5,0.963
c_secomber,7,2,4609,38.3,4,4,23.3,23.3,0.607
c_sefriszar,1046,3,7494,48.8,6,5,68.6,29.5,0.605
c_segaran_swamp,1166,1,20071,79.9,7,6,110.5,110.5,1.382
c_seikung,1373,4,16300,72.0,5,5,62.6,62.6,0.869
c_sekola_atas,1324,1,14419,67.7,6,6,68.6,68.6,1.013
c_sekras,2458,3,4771,39.0,4,4,24.2,24.2,0.62
c_selgaunt,256,5,3202,31.9,7,5,60.1,55.8,1.748
c_selskar_vale,2511,1,3327,32.5,3,2,23.8,14.1,0.435
c_sembabule,2122,2,26826,92.4,4,3,65.2,55.9,0.605
c_semberholme,333,3,2560,28.5,6,5,52.9,41.4,1.45
c_semkhrun,1174,2,9124,53.9,7,6,59.6,53.3,0.989
c_semphar_water,714,2,7048,47.4,5,3,62.6,37.0,0.781
c_sempharin,717,3,6483,45.4,7,6,52.9,40.5,0.892
c_sendalam,2172,2,6003,43.7,5,4,6132.4,27.3,0.624
c_senia_plateau,2331,1,7070,47.4,3,3,24.2,24.2,0.509
c_sentinel_island,2385,1,7058,47.4,7,4,125.7,52.9,1.117
c_sentinel_spire,854,3,6757,46.4,7,5,110.2,58.6,1.264
c_serpent_hills,97,1,13212,64.8,7,7,62.6,62.6,0.966
c_serpent_valley,812,2,15223,69.6,5,5,62.6,62.6,0.9
c_serpents_tail,1215,1,7316,48.3,7,5,4624.0,40.4,0.836
c_serzeman_bamar,1535,1,955,17.4,5,3,39.5,8.9,0.513
c_seshano,1787,1,8334,51.5,7,3,7005.5,43.7,0.849
c_sesserash,515,1,9246,54.3,5,5,64.1,64.1,1.181
c_sessrenglade,281,2,3463,33.2,7,6,75.8,54.1,1.629
c_settlestone,1413,3,1587,22.5,3,2,23.3,14.1,0.629
c_seventon,2476,1,13709,66.1,6,5,6716.6,47.2,0.714
c_severed_hand,2566,2,850,16.4,6,6,21.5,21.5,1.31
c_sezilinta,766,3,4267,36.9,5,3,62.6,52.9,1.435
c_shaareach_forest,535,1,9479,54.9,6,5,61.8,42.0,0.765
c_shaargald,1725,1,10538,57.9,7,4,4422.1,53.0,0.916
c_shaarmid,530,3,20101,80.0,5,5,73.4,73.4,0.918
c_shaddath,377,1,4754,38.9,7,6,52.9,37.1,0.953
c_shadowdale,282,3,2206,26.5,7,5,70.2,48.3,1.823
c_shadowed_grave,1729,1,13083,64.5,7,4,3771.1,78.8,1.221
c_shadowglade,2604,1,3611,33.9,5,5,53.3,53.3,1.572
c_shadows_end,587,3,3810,34.8,7,5,114.9,51.7,1.486
c_shaelyn,1143,3,4370,37.3,4,4,45.5,45.5,1.219
c_shakham,1455,2,9545,55.1,4,3,58.5,49.2,0.892
c_shakkak,1269,1,3838,35.0,6,5,52.9,41.4,1.184
c_shalanar,164,3,8499,52.0,6,6,52.6,52.6,1.012
c_shamandra,1416,1,904,17.0,7,1,5192.5,0.0,0.0
c_shamph,573,3,5213,40.7,3,3,23.3,23.3,0.571
c_shan_sao,1330,1,33104,102.7,5,5,63.0,63.0,0.614
c_shandaular,2540,1,4127,36.2,3,2,23.3,14.1,0.39
c_shangtao,2483,2,9256,54.3,3,3,23.3,23.3,0.429
c_shannath,1254,1,24474,88.3,5,4,80.5,80.5,0.912
c_shanshu,1305,2,64333,143.1,5,5,70.4,70.4,0.492
c_shantal,1195,1,3972,35.6,6,6,51.9,51.9,1.46
c_sharandar,2428,2,4325,37.1,3,3,23.3,23.3,0.627
c_sharawood,486,1,13243,64.9,5,5,61.8,61.8,0.953
c_sharira,1623,1,3419,33.0,5,3,41.8,24.4,0.74
c_shattered_tower,1098,1,19123,78.0,6,6,64.0,64.0,0.82
c_shatterwave,455,1,4970,39.8,6,4,67.1,31.6,0.794
c_shay_hills,838,1,29254,96.5,6,6,62.6,62.6,0.649
c_shederran_grove,2625,1,2443,27.9,7,6,6273.7,38.5,1.38
c_sheirtalar,425,4,6168,44.3,5,3,62.6,37.0,0.835
c_shentsa,1329,1,19019,77.8,5,5,63.3,63.3,0.813
c_shey_chorten,973,1,17732,75.1,5,5,70.8,70.8,0.943
c_shih_tuh,1274,2,12487,63.0,7,4,128.0,64.5,1.023
c_shihfang,1310,2,27533,93.6,7,7,57.3,57.3,0.612
c_shilku_bay,449,2,3415,33.0,7,4,101.0,45.5,1.379
c_shilmista,89,1,8002,50.5,7,6,74.7,43.0,0.853
c_shining_gap,555,1,12110,62.1,6,6,62.6,62.6,1.009
c_shining_white,2510,1,5567,42.1,4,4,29.3,29.3,0.695
c_ship_isle,800,1,672,14.6,6,2,52.5,1.0,0.068
c_ship_of_the_gods,658,1,657,14.5,6,3,52.9,23.3,1.608
c_shipgrave_isles,1086,1,1789,23.9,7,2,103.3,39.5,1.654
c_shirc,856,1,16851,73.2,7,7,54.5,54.5,0.743
c_shivering_coast,2634,1,10886,58.9,7,4,6501.4,141.3,2.401
c_shoal_of_thirst,1099,5,3770,34.6,7,3,66.1,53.8,1.552
c_shoonach,1412,4,2643,29.0,7,6,3668.8,45.5,1.57
c_shota,875,1,16190,71.8,7,7,72.2,72.2,1.006
c_shou_kuan,1383,3,22837,85.3,5,5,62.6,62.6,0.735
c_shrouded_lands,326,1,2724,29.4,5,2,52.9,17.5,0.593
c_shussel,669,3,5539,42.0,6,4,64.2,37.2,0.886
c_sidewinder_wood,987,1,13000,64.3,5,5,62.6,62.6,0.974
c_sidi_island,1489,1,1273,20.1,4,3,25.5,16.1,0.801
c_sierrak,2137,1,4670,38.6,4,4,35.8,35.8,0.93
c_sigram,1508,1,7501,48.9,4,4,45.3,45.3,0.927
c_siiluth,1108,4,3542,33.6,5,3,42.0,42.0,1.252
c_sikak,1592,3,6241,44.6,4,3,35.9,28.0,0.629
c_siksuv,1257,1,13282,65.0,5,5,77.6,77.6,1.194
c_silapathar,1389,1,23865,87.2,7,6,116.0,98.7,1.132
c_silver_hills,1116,3,5691,42.6,5,5,65.8,65.8,1.545
c_silvermoon_pass,30,3,2851,30.1,6,4,52.9,20.9,0.693
c_silverwood,1409,1,3035,31.1,7,5,5264.3,47.0,1.512
c_silverymoon,25,4,2640,29.0,7,4,52.9,27.6,0.952
c_simbaya,946,2,10183,56.9,6,5,76.0,64.3,1.129
c_sinking_palace,2401,1,31055,99.4,4,4,100.9,100.9,1.015
c_sinna,2171,1,9884,56.1,4,4,41.1,41.1,0.733
c_sixstreams,378,1,2770,29.7,7,6,52.9,43.7,1.473
c_skadaurak,2627,1,689,14.8,7,3,5741.0,18.1,1.223
c_skarou,978,2,8295,51.4,5,4,62.6,41.4,0.806
c_skeska,541,1,13758,66.2,7,6,63.3,62.4,0.942
c_skouth,1752,1,13920,66.6,7,4,4844.7,42.2,0.634
c_skuld,680,5,4699,38.7,7,5,83.7,66.0,1.707
c_skuldusk,799,1,11389,60.2,7,5,123.5,59.3,0.985
c_skurrukh,2526,3,1936,24.8,4,3,31.1,31.1,1.251
c_sky_fields,1309,3,24558,88.4,7,6,126.8,95.5,1.08
c_skytower_shelter,2618,1,1040,18.2,6,5,6527.7,35.4,1.943
c_skyvale,1419,1,10618,58.1,7,5,7029.5,79.1,1.36
c_skywall,544,3,13153,64.7,7,6,87.4,77.8,1.203
c_smokeholes,1263,1,24972,89.2,6,6,62.6,62.6,0.702
c_smokespire,2589,1,2431,27.8,6,6,51.9,51.9,1.864
c_smoking_mountains,2452,2,7108,47.6,4,4,27.3,27.3,0.574
c_snakewood,583,1,6077,44.0,7,6,81.3,81.3,1.849
c_snapping_turtle_bay,462,1,5197,40.7,6,4,68.8,39.6,0.973
c_snokkok,1249,1,5712,42.6,5,4,62.6,41.4,0.971
c_snout_of_omgar,396,1,2780,29.7,6,3,63.6,30.6,1.029
c_sokkar,1349,1,15413,70.0,6,5,62.5,44.0,0.629
c_soleineflow,394,2,3653,34.1,5,3,64.9,37.0,1.085
c_solon,1077,3,20704,81.2,5,5,62.6,62.6,0.771
c_sombor,297,3,6019,43.8,5,4,62.6,62.6,1.431
c_somraggah,706,3,6419,45.2,5,4,61.8,61.8,1.368
c_songfarla,847,3,3846,35.0,3,3,24.2,24.2,0.691
c_songhal,407,2,3569,33.7,5,2,83.8,23.3,0.692
c_soolabax,625,3,4799,39.1,5,3,82.7,62.6,1.602
c_soorenar,580,3,3883,35.2,6,5,68.7,60.5,1.722
c_soranda,1784,1,21096,81.9,7,4,6533.4,52.3,0.639
c_sorghum_fields,1304,2,38016,110.0,5,5,61.8,61.8,0.562
c_sorib,2173,1,3661,34.1,5,3,6125.8,26.2,0.767
c_sorl,398,2,5697,42.6,5,4,69.3,57.7,1.355
c_sossvaal,1161,2,46974,122.3,5,5,62.6,62.6,0.512
c_soto,1360,1,11972,61.7,6,6,63.5,63.5,1.029
c_soubar,63,2,7309,48.2,7,5,100.5,60.9,1.262
c_soussal,409,2,7227,48.0,5,4,75.6,64.4,1.343
c_south_fornaluit,1735,1,21782,83.3,7,4,4108.5,46.7,0.56
c_south_winterwood,603,1,13573,65.7,5,5,62.6,62.6,0.953
c_southern_shandaular,2541,1,4435,37.6,3,3,24.2,24.2,0.643
c_southspar,2160,1,7690,49.5,5,5,61.5,61.5,1.243
c_southwatch,2579,1,4420,37.5,6,5,56.6,56.6,1.509
c_southwood,60,1,9729,55.6,5,5,62.6,62.6,1.125
c_spandeliyon,1056,1,2480,28.1,5,2,62.6,22.8,0.812
c_spearhead_point,2642,1,2896,30.4,7,4,6096.4,97.1,3.197
c_spearsmouth_dale,996,2,2978,30.8,5,4,62.6,41.4,1.345
c_spellgard,1092,1,13641,65.9,7,6,115.2,88.8,1.348
c_spellshire,135,2,9488,55.0,6,6,62.6,62.6,1.14
c_spider_swamp,1198,1,3448,33.1,6,4,44.4,39.6,1.196
c_spiderhaunt_woods,372,2,5360,41.3,6,5,52.6,33.1,0.8
c_spiteful_isles,1652,1,645,14.3,5,4,25.0,20.2,1.413
c_splendarrmornn,2441,2,1765,23.7,5,5,31.0,31.0,1.309
c_sragadha,818,1,5506,41.9,7,6,60.6,60.6,1.448
c_sschindylryn,2557,1,912,17.0,3,1,24.2,0.0,0.0
c_ssensval,520,1,19127,78.0,5,5,62.6,62.6,0.803
c_sshamath,2448,2,1369,20.9,4,4,19.1,19.1,0.915
c_ssintar,1443,1,3582,33.8,7,4,5231.7,32.5,0.963
c_ssrenshen,1154,1,3837,34.9,6,5,52.9,42.7,1.222
c_stagford,310,2,984,17.7,7,4,5428.3,17.0,0.959
c_star_mounts,2547,1,1902,24.6,3,3,24.2,24.2,0.982
c_starfields,196,1,7661,49.4,7,7,76.4,76.4,1.547
c_starmantle,191,3,6430,45.2,7,5,64.8,49.0,1.084
c_starmetal_hills,1439,2,4962,39.7,7,5,5066.2,63.5,1.598
c_starspire,1691,1,5687,42.5,4,3,82.5,30.1,0.707
c_starspur,119,4,2221,26.6,7,4,81.6,37.8,1.422
c_stillmoors,358,1,5682,42.5,7,6,52.6,52.6,1.238
c_stingfields,551,1,20439,80.7,7,6,117.7,101.0,1.252
c_stirgewick,311,2,2649,29.0,6,3,71.2,19.4,0.669
c_storm_horns,286,2,3136,31.6,3,2,24.2,13.5,0.426
c_stormhelm,1647,1,1053,18.3,3,1,48.5,0.0,0.0
c_stormslough,1650,1,3945,35.4,6,6,39.9,39.9,1.127
c_stormy_high,1220,1,25077,89.3,7,6,6429.8,82.9,0.928
c_sulaziir,645,2,4420,37.5,7,4,68.7,55.7,1.484
c_suldanessellar,137,5,7489,48.8,6,5,68.0,45.7,0.936
c_suldolphor,159,1,4487,37.8,5,2,66.7,23.3,0.617
c_sultim,683,3,9213,54.2,6,4,93.5,68.3,1.261
c_sumber_hills,2508,3,1565,22.3,5,3,44.8,8.5,0.38
c_sumbrar,1110,1,1076,18.5,5,3,40.7,14.2,0.768
c_sumbria,611,3,2275,26.9,5,3,62.6,23.3,0.867
c_sumuk_island,1475,1,1092,18.6,4,2,37.7,14.4,0.774
c_sundabar,38,4,8992,53.5,4,4,34.8,34.8,0.651
c_sundasz,593,1,1247,19.9,5,2,62.6,14.1,0.71
c_sunder,315,1,1999,25.2,7,3,63.3,40.8,1.618
c_sundice,1158,1,33299,103.0,5,5,62.6,62.6,0.608
c_sundrah,289,2,5795,42.9,6,4,81.6,64.2,1.495
c_sunglade,1241,1,5313,41.1,5,3,77.5,45.2,1.099
c_sunrise_hills,1634,1,5066,40.2,5,4,79.9,33.0,0.822
c_suns_eye,820,2,28887,95.9,6,6,62.6,62.6,0.653
c_sunset,221,1,322,10.1,5,1,62.6,0.0,0.0
c_sunset_foothills,2412,1,3500,33.4,3,3,36.8,36.8,1.102
c_sunset_rocks,1140,1,466,12.2,7,2,57.4,8.9,0.734
c_suntar,791,3,3732,34.5,5,3,61.8,37.0,1.074
c_suormpar,783,3,7201,47.9,5,3,62.6,36.7,0.766
c_surag,1425,3,4170,36.4,7,5,5845.4,45.3,1.243
c_surbar,780,3,9572,55.2,5,4,62.6,62.6,1.135
c_surbrin_hills,26,1,6916,46.9,3,3,30.1,30.1,0.641
c_surbroar,677,3,8222,51.2,5,5,61.8,61.8,1.209
c_surcross,1004,1,11697,61.0,5,5,62.6,62.6,1.026
c_surkazar,130,3,11939,61.6,5,5,61.8,61.8,1.003
c_surkh,199,2,5944,43.5,6,4,64.0,64.0,1.472
c_surmarsh,1009,1,4603,38.3,7,6,57.4,57.4,1.499
c_surraer,2131,1,2019,25.4,6,5,76.2,43.7,1.725
c_surthay,1023,3,2988,30.8,7,6,94.6,79.1,2.565
c_suzail,249,4,2218,26.6,7,4,61.6,28.8,1.086
c_suzhai,1346,1,29010,96.1,5,5,62.6,62.6,0.652
c_svardborg,2513,1,1082,18.6,3,2,24.2,13.5,0.725
c_syevyer_forest,866,1,13280,65.0,7,5,1254.0,74.0,1.138
c_synnoria,318,1,810,16.1,7,2,52.6,3.0,0.187
c_szant,2140,2,3154,31.7,5,4,49.2,23.3,0.734
c_szith_morcane,2628,1,1116,18.8,6,4,6303.3,42.7,2.267
c_szul,1044,2,3701,34.3,6,4,63.5,34.8,1.015
c_taam,1599,1,7736,49.6,5,5,30.1,30.1,0.606
c_tadabbur,1513,3,7576,49.1,4,4,41.8,41.8,0.851
c_taertal_gates,1733,2,3324,32.5,7,3,3222.0,32.6,1.004
c_taham,1352,2,22007,83.7,6,6,63.6,63.6,0.76
c_taikho_gaze,1316,1,23063,85.7,5,5,62.6,62.6,0.731
c_taishan,1370,2,21180,82.1,5,5,62.6,62.6,0.763
c_tajar,1563,2,4257,36.8,4,3,30.5,23.3,0.634
c_takeyef,1562,1,6290,44.7,4,3,64.2,26.2,0.587
c_takrit,716,3,8921,53.3,5,4,62.6,55.3,1.038
c_takt_muren,988,1,26295,91.5,5,5,62.6,62.6,0.685
c_talab,1472,3,10357,57.4,3,3,24.2,24.2,0.421
c_talacoast,443,3,4636,38.4,7,5,79.8,54.3,1.414
c_talagbar,2556,2,2678,29.2,4,4,18.4,18.4,0.632
c_talaran_highlands,1688,1,2939,30.6,3,3,25.3,25.3,0.827
c_talarvale,525,1,7238,48.0,5,5,62.6,62.6,1.305
c_talathgard,649,3,11253,59.8,5,5,62.6,62.6,1.046
c_talduth_vale,1194,2,10563,58.0,6,6,51.7,51.7,0.891
c_talffolk,309,3,2723,29.4,5,3,53.2,28.0,0.952
c_taliat,1397,4,6211,44.5,7,3,4893.1,32.6,0.732
c_tall_trees,67,4,7021,47.3,7,6,85.7,77.1,1.63
c_taltempla,1115,3,6055,43.9,4,3,68.0,47.3,1.077
c_talukhi,836,1,16710,72.9,6,6,67.5,67.5,0.925
c_tammar,1005,2,8074,50.7,5,5,62.6,62.6,1.235
c_tane,849,1,26144,91.2,5,5,62.6,62.6,0.687
c_tangkap,1693,1,31986,100.9,7,5,7174.6,97.7,0.969
c_tangled_trees,336,2,6617,45.9,6,6,53.9,53.9,1.175
c_tanistan,165,3,8638,52.4,7,5,82.2,47.4,0.904
c_tantay,2398,1,32717,102.0,5,5,44.3,44.3,0.434
c_tantras,262,4,2032,25.4,7,4,69.1,31.6,1.242
c_taotie,1382,2,28604,95.4,5,5,62.6,62.6,0.656
c_tapenga,1312,3,28044,94.5,5,5,62.6,62.6,0.663
c_taranmire,1686,1,4646,38.5,5,5,39.7,39.7,1.031
c_tariatooroi,881,1,17241,74.1,6,5,75.0,65.0,0.877
c_tarikat_island,1608,1,7210,47.9,4,3,32.8,18.9,0.394
c_tarmalune,1638,4,3518,33.5,4,2,58.0,20.1,0.601
c_tarnhall,589,3,1947,24.9,5,3,62.6,23.3,0.937
c_tarsith,2146,2,4662,38.5,4,3,44.6,44.6,1.159
c_taruin,399,2,6899,46.9,5,4,72.0,54.8,1.169
c_tashan_gap,420,1,6362,45.0,5,5,68.6,68.6,1.525
c_tashluta,411,2,3857,35.0,5,2,62.6,22.5,0.641
c_taskaunt,1052,2,5561,42.1,4,3,44.4,31.1,0.738
c_tatanulgts,889,1,32207,101.3,5,5,73.8,73.8,0.729
c_taurax,388,1,31570,100.2,5,5,62.6,62.6,0.625
c_tauros,1063,1,22904,85.4,6,6,70.8,70.8,0.83
c_tayabuk,1518,1,17496,74.6,4,4,45.0,45.0,0.604
c_tayaraan,1503,3,11569,60.7,3,3,54.2,54.2,0.893
c_tching,439,3,6403,45.1,6,6,52.9,52.9,1.171
c_tegals_mark,284,3,2521,28.3,7,6,61.9,40.3,1.421
c_tehing,1387,1,12023,61.9,7,7,72.7,72.7,1.175
c_teladem,1542,1,6677,46.1,5,4,40.8,30.1,0.653
c_telah,1539,1,11158,59.6,4,4,36.2,36.2,0.608
c_telflamm,1000,4,5868,43.2,5,3,62.4,36.7,0.849
c_telox,2145,1,3616,33.9,5,5,34.0,34.0,1.003
c_telpir,248,2,3282,32.3,6,4,67.3,27.5,0.85
c_tembasi,419,1,6257,44.6,7,5,419.6,52.9,1.185
c_tempat_larang,1275,1,14595,68.2,7,7,109.2,109.2,1.602
c_tensteps,563,1,16273,72.0,5,4,83.0,53.0,0.737
c_tera_dur,1685,1,4944,39.7,5,4,66.7,46.8,1.181
c_terbakar,1069,1,25541,90.2,5,5,63.3,63.3,0.702
c_teri,894,1,39312,111.9,6,6,72.1,72.1,0.645
c_teshburl,143,4,6077,44.0,5,3,37.0,37.0,0.841
c_teshwave,285,2,3133,31.6,7,6,42.4,38.3,1.214
c_teshyll,2599,1,2737,29.5,5,5,41.0,41.0,1.389
c_tethyamar,2415,3,2584,28.7,5,5,24.4,24.4,0.851
c_tezarbal,1723,1,17813,75.3,7,4,4269.1,47.0,0.624
c_teziir,187,3,5427,41.6,6,4,60.4,33.7,0.812
c_tezir,1007,1,8690,52.6,6,5,51.9,42.2,0.802
c_thandyl,696,2,5818,43.0,5,4,62.6,62.6,1.455
c_thar,345,1,3893,35.2,3,3,23.3,23.3,0.663
c_thargill,2588,1,804,16.0,6,6,31.1,31.1,1.942
c_tharkar,792,4,12190,62.3,5,3,61.8,61.8,0.993
c_tharsult,247,4,4063,36.0,6,4,67.1,35.0,0.973
c_thasselen,1036,3,5178,40.6,5,3,68.9,36.7,0.904
c_thasunta,1020,2,4662,38.5,5,4,62.6,37.0,0.96
c_thaymount,1426,3,2761,29.6,7,4,5787.3,28.8,0.971
c_thazar,2497,2,4898,39.5,4,4,66.6,66.6,1.688
c_thazar_pass,2570,1,2049,25.5,6,5,6916.1,41.7,1.634
c_thazarim,1047,2,4232,36.7,6,4,75.8,47.3,1.288
c_the_alaor,1033,1,673,14.6,6,2,52.6,12.2,0.831
c_the_allascar,246,3,4640,38.4,3,3,23.3,23.3,0.605
c_the_alley,1106,1,15265,69.7,7,7,95.3,95.3,1.368
c_the_anchorage,2636,1,10737,58.5,7,5,6431.8,85.6,1.464
c_the_bird,934,1,1658,23.0,6,3,60.5,36.4,1.583
c_the_bleak_plain,69,2,14855,68.8,4,4,50.5,50.5,0.735
c_the_burn,2416,1,9114,53.9,4,4,37.6,37.6,0.699
c_the_calves,1523,1,2758,29.6,5,4,30.5,30.5,1.029
c_the_camels_hump,938,1,5691,42.6,6,4,70.0,56.8,1.334
c_the_chador,937,1,4230,36.7,6,4,60.2,46.1,1.256
c_the_chultengar,446,1,7339,48.3,7,5,62.2,59.5,1.232
c_the_crags,169,1,5249,40.9,7,6,60.4,60.4,1.478
c_the_dancer,935,2,3902,35.2,5,3,67.8,62.6,1.777
c_the_dawn_warrior,293,1,540,13.1,5,1,62.6,0.0,0.0
c_the_dells,1710,1,7242,48.0,7,4,4346.6,38.6,0.804
c_the_dune,936,1,1100,18.7,5,1,61.8,0.0,0.0
c_the_duskwood,542,1,9849,56.0,6,5,61.2,61.1,1.091
c_the_evermoors,27,1,9218,54.2,4,3,48.3,48.3,0.891
c_the_eyes,941,2,1922,24.7,6,3,62.6,37.9,1.534
c_the_fang,2129,1,4442,37.6,6,4,4141.3,36.7,0.975
c_the_faraway,243,2,6450,45.3,3,3,23.3,23.3,0.513
c_the_farmeadows,1114,2,3539,33.6,5,4,47.2,47.2,1.405
c_the_fell_wood,234,1,5609,42.3,7,5,58.2,58.1,1.374
c_the_flats,2411,1,5867,43.2,4,4,33.0,33.0,0.764
c_the_flint,181,1,2129,26.0,5,1,72.9,0.0,0.0
c_the_fork,479,1,5016,40.0,6,5,52.9,28.8,0.722
c_the_fortress,1339,1,5713,42.6,7,5,55.9,41.3,0.969
c_the_great_oak,50,1,1523,22.0,3,3,23.3,23.3,1.056
c_the_great_spire,2307,1,952,17.4,5,3,43.7,20.8,1.195
c_the_icefields,2620,1,8198,51.1,6,5,6678.8,50.3,0.985
c_the_icepeak,225,1,1582,22.4,6,3,53.5,21.6,0.964
c_the_imnescourse,2434,2,2946,30.6,4,3,63.6,63.6,2.076
c_the_jaws,1138,1,812,16.1,6,1,73.3,0.0,0.0
c_the_nath,648,1,16986,73.5,6,6,52.9,52.9,0.719
c_the_neth_stand,1192,1,3390,32.8,6,4,51.9,29.0,0.883
c_the_old_trees,1403,2,10007,56.4,7,6,4932.6,54.2,0.96
c_the_pearls,1126,1,444,11.9,5,1,62.6,0.0,0.0
c_the_perloush,245,1,3390,32.8,3,3,24.2,24.2,0.736
c_the_red_giant,1122,1,220,8.4,5,2,52.9,7.2,0.862
c_the_ride,330,3,5950,43.5,6,6,51.7,51.7,1.187
c_the_ridge,2534,2,4092,36.1,3,3,43.0,43.0,1.191
c_the_rift,2568,1,1287,20.2,7,6,6538.7,28.4,1.404
c_the_rockshaws,99,1,6971,47.1,3,3,23.3,23.3,0.494
c_the_rookery,179,1,1043,18.2,6,2,62.6,14.3,0.786
c_the_saiyaddar,1102,1,6096,44.1,7,7,51.9,51.9,1.179
c_the_samarlogh,442,2,8186,51.0,5,5,62.6,62.6,1.227
c_the_scarland,560,1,20254,80.3,5,5,62.6,62.6,0.78
c_the_shaarwood,529,1,9911,56.2,5,5,62.6,62.6,1.115
c_the_shield,157,2,6726,46.3,5,5,62.6,62.6,1.353
c_the_singing_rocks,183,1,271,9.3,6,2,87.1,8.1,0.868
c_the_sisters,57,4,3294,32.4,7,5,57.7,57.7,1.782
c_the_stonelands,376,1,6237,44.6,6,4,65.5,34.2,0.768
c_the_stormtails,1085,1,983,17.7,6,3,52.9,21.2,1.199
c_the_surague,1059,2,8645,52.5,6,4,80.7,41.1,0.784
c_the_swordpoint,1062,1,22738,85.1,5,5,73.5,73.5,0.864
c_the_teardrops,922,1,5798,43.0,6,4,67.7,67.7,1.575
c_the_teeth,1127,1,168,7.3,6,1,62.6,0.0,0.0
c_the_throat,1066,1,7870,50.1,7,6,52.9,42.2,0.843
c_the_tradeway,1404,1,10295,57.2,7,6,4607.1,66.5,1.161
c_the_trollclaws,14,1,9603,55.3,7,6,87.4,55.0,0.995
c_the_tusks,182,1,217,8.3,6,3,38.3,34.0,4.093
c_the_vensal,510,3,12049,61.9,5,5,62.6,62.6,1.011
c_the_wayrock,1146,1,268,9.2,6,2,62.4,2.8,0.306
c_the_wetwoods,206,1,11688,61.0,5,5,63.3,63.3,1.037
c_the_whalebones,230,1,438,11.8,7,4,52.9,19.7,1.668
c_the_whales_flukes,299,1,646,14.3,7,3,52.9,8.2,0.575
c_the_white_rocks,1125,1,243,8.8,6,2,52.5,2.8,0.322
c_the_wizards_reach,944,2,3153,31.7,5,2,62.6,28.8,0.91
c_the_wormbones,1726,1,11244,59.8,7,4,3929.9,49.0,0.82
c_the_wyrmbones,1428,1,7483,48.8,7,5,3901.7,63.0,1.292
c_themasulter,475,1,3992,35.6,6,5,58.6,58.6,1.644
c_thentia,346,3,2701,29.3,6,3,52.9,24.8,0.847
c_theymarsh,476,1,2283,27.0,6,3,51.7,18.9,0.7
c_thilzoun,650,4,11399,60.2,5,5,62.6,62.6,1.04
c_thindar,430,3,6082,44.0,6,6,68.5,68.5,1.556
c_thingulphar,440,2,3947,35.4,6,3,72.3,21.9,0.619
c_tholvarr,49,1,3334,32.6,6,4,58.2,58.1,1.782
c_thommar,1145,2,10663,58.3,7,5,61.5,52.0,0.893
c_thonns_fist,1121,1,984,17.7,7,3,58.9,25.7,1.453
c_thordentor,178,1,1258,20.0,6,1,71.1,0.0,0.0
c_thornhold,2553,1,2446,27.9,4,2,31.1,12.0,0.432
c_thornwash_vale,568,1,7055,47.4,5,4,62.6,37.9,0.799
c_thornwood,175,1,12150,62.2,5,5,83.9,83.9,1.35
c_three_horns,402,2,2753,29.6,5,3,62.6,22.0,0.742
c_three_rivers,2573,1,2601,28.8,3,3,24.2,24.2,0.84
c_three_swords,492,1,19637,79.1,5,5,75.0,75.0,0.948
c_thueban,1614,1,2266,26.9,4,3,27.1,23.9,0.888
c_thulbane,632,1,4476,37.7,4,4,44.6,44.6,1.182
c_thundars_ride,2536,2,7755,49.7,3,3,23.3,23.3,0.468
c_thunder_gap,1391,2,3366,32.7,7,4,4940.9,41.4,1.266
c_thunder_hills,1380,1,34847,105.3,6,6,71.8,71.8,0.682
c_thunderholme,2463,1,1181,19.4,3,2,24.2,14.1,0.729
c_thunderstone,332,3,3543,33.6,7,5,57.8,32.2,0.959
c_thur,497,2,5945,43.5,6,5,73.2,52.9,1.216
c_tilbrand,1053,2,5286,41.0,4,3,30.1,30.1,0.733
c_tilvers_gap,2572,1,3542,33.6,3,3,23.3,23.3,0.693
c_tilverton,328,2,5566,42.1,6,6,52.6,52.6,1.25
c_tinnir,1058,2,7340,48.3,5,5,62.6,62.6,1.296
c_tiry,757,2,9029,53.6,6,4,51.9,42.2,0.786
c_titan_peaks,2563,1,8004,50.5,6,5,6923.5,87.1,1.726
c_toa,509,1,10443,57.7,7,7,79.1,79.1,1.372
c_toaridge_at_the_suns_setting,180,1,320,10.1,6,2,52.9,5.4,0.534
c_tocpe,1295,1,21595,82.9,6,6,62.6,62.6,0.755
c_tokards_cross,367,1,16393,72.2,5,5,69.9,69.9,0.968
c_tomai,1070,1,26184,91.3,5,5,62.6,62.6,0.686
c_tomb_hills,2453,3,4328,37.1,3,3,24.2,24.2,0.651
c_toming,1363,3,27980,94.4,5,5,62.6,62.6,0.664
c_tomyris,2404,1,23041,85.6,5,5,71.6,71.6,0.836
c_tongchun,2481,3,30441,98.4,3,3,22.8,22.8,0.232
c_tonge,723,1,10186,56.9,5,4,62.6,41.3,0.726
c_tonli,867,1,30321,98.2,5,5,62.6,62.6,0.637
c_toraldur,1434,1,21032,81.8,7,6,5598.5,81.8,1.0
c_torsch,547,2,8820,53.0,5,4,63.3,63.3,1.194
c_traaskl_thorog,2549,1,3269,32.3,3,3,23.3,23.3,0.721
c_trademeet,83,3,5591,42.2,4,4,40.0,40.0,0.948
c_traders_road,1227,2,6910,46.9,7,4,4572.9,69.6,1.485
c_trailstone,88,3,6877,46.8,3,3,22.8,22.8,0.488
c_treacherous_isles,2478,1,360,10.7,3,2,22.5,9.9,0.925
c_treggi_jungle,1187,1,9419,54.8,6,5,80.8,62.6,1.144
c_treshla,1133,1,6786,46.5,5,5,69.5,69.5,1.495
c_triboar,4,3,8640,52.4,4,4,25.6,25.6,0.487
c_trielta_hills,1148,1,7094,47.5,5,5,62.6,62.6,1.318
c_trollbark_forest,58,3,6502,45.5,5,2,80.0,26.6,0.585
c_tsagang,1298,1,16738,73.0,5,5,64.2,64.2,0.88
c_tsan,290,3,4322,37.1,6,4,52.6,46.8,1.261
c_tsaparang,966,2,13382,65.3,5,5,61.8,61.8,0.948
c_tsetu,1327,1,30631,98.7,5,5,62.6,62.6,0.634
c_tshalkha,1170,1,21682,83.1,7,6,116.6,76.5,0.921
c_tsurlagol,404,3,3411,33.0,7,5,69.4,38.6,1.171
c_tuern,227,1,5611,42.3,6,4,74.3,73.5,1.739
c_tulbeghoth,231,2,4939,39.7,5,4,62.6,62.6,1.579
c_tulmene,1789,2,5576,42.1,7,3,3756.5,28.8,0.683
c_tulmon,2569,3,3267,32.2,7,6,70.4,70.4,2.183
c_tuma,895,1,14570,68.1,7,6,98.0,97.2,1.428
c_tun,1570,3,5230,40.8,7,4,4627.0,40.8,1.0
c_tungtairira,871,1,24242,87.8,5,5,91.8,91.8,1.045
c_turab,1588,4,7189,47.8,4,3,34.4,27.9,0.582
c_turelve,768,2,6947,47.0,5,3,75.2,37.9,0.807
c_turlangs_wood,37,4,7520,48.9,7,7,55.8,55.8,1.14
c_turmans,1749,1,16354,72.2,7,4,5027.3,42.4,0.588
c_turnback_mountain,2469,3,1885,24.5,3,3,23.3,23.3,0.95
c_two_stars,1006,3,5234,40.8,7,5,105.3,51.7,1.268
c_tymanchebar,1660,2,2007,25.3,5,4,48.0,29.6,1.172
c_tyraturos,1031,5,4084,36.1,3,3,23.5,23.5,0.653
c_ubar,2125,3,14664,68.3,4,4,32.6,32.6,0.477
c_uchan,1290,3,14159,67.1,5,5,63.3,63.3,0.942
c_ugewood,844,1,8259,51.3,6,5,75.3,65.7,1.282
c_uhon_tsa,1325,1,11220,59.8,6,6,62.6,62.6,1.048
c_uitoril,1082,1,21222,82.2,5,5,62.6,62.6,0.762
c_ulara,749,2,22297,84.2,6,6,62.6,62.6,0.743
c_ulark,1640,1,4204,36.6,4,4,38.3,38.3,1.048
c_uldoon,1182,2,10227,57.1,7,7,91.4,91.4,1.602
c_ulguum,1730,1,11194,59.7,7,4,3379.0,50.7,0.849
c_uluran,124,2,3051,31.2,5,3,73.8,34.9,1.119
c_uluvin,24,2,4562,38.1,3,3,31.6,31.6,0.829
c_ulvarr,1668,1,2616,28.9,5,5,56.3,56.3,1.951
c_ulzel,1441,2,6064,43.9,7,4,5449.1,30.3,0.689
c_umara,949,3,11770,61.2,6,5,82.2,82.2,1.343
c_umarah,705,2,8376,51.6,5,3,83.5,37.0,0.717
c_umbarra,1217,1,201,8.0,7,1,3357.8,0.0,0.0
c_umber_marsh,1014,1,3846,35.0,7,6,62.6,62.6,1.79
c_umberwood,858,1,15415,70.0,7,5,154.8,67.8,0.968
c_umbral_murk,2134,1,5224,40.8,4,3,63.6,34.7,0.85
c_umbthal,1043,2,3977,35.6,7,4,77.6,37.3,1.049
c_umratharos,1035,3,10568,58.0,7,5,93.5,84.7,1.461
c_umukek,229,1,1831,24.1,6,3,56.1,19.0,0.786
c_underhome,585,4,3413,33.0,7,4,87.3,30.5,0.924
c_undraeth,2560,1,1191,19.5,7,4,76.2,41.8,2.145
c_ungaran,1386,1,8744,52.8,7,6,65.9,37.9,0.718
c_unicorn_run,70,2,4058,35.9,7,7,69.6,69.6,1.938
c_unthalass,659,4,3750,34.5,4,4,47.7,47.7,1.38
c_untrivven,1262,2,9374,54.6,6,6,58.1,58.1,1.063
c_uplands,406,2,7087,47.5,7,7,60.7,60.7,1.279
c_upper_ama,2407,1,27801,94.1,3,3,34.0,34.0,0.361
c_upper_goldenflow,715,2,18517,76.8,5,5,63.1,63.1,0.821
c_upper_khedrun,2609,1,2815,29.9,7,7,38.5,38.5,1.285
c_upper_murghol,699,1,14580,68.1,7,6,91.6,63.6,0.934
c_upper_nix,1446,1,7943,50.3,7,4,6525.8,34.7,0.69
c_upper_pass,1763,1,19008,77.8,7,4,7364.2,54.0,0.695
c_upper_reddan,2409,1,5084,40.2,6,5,2620.9,47.0,1.169
c_upper_sempadan,1761,1,30394,98.4,7,5,6758.9,57.8,0.588
c_urlingwood,1019,2,5878,43.3,5,5,62.6,62.6,1.448
c_urmlaspyr,257,3,4406,37.4,4,3,40.0,30.5,0.813
c_uruk,1531,3,7281,48.1,5,4,49.4,49.4,1.026
c_urula,539,1,12535,63.2,7,6,89.4,63.1,0.999
c_urve,1027,2,2176,26.3,5,2,62.6,23.3,0.886
c_ust_natha,2507,2,1507,21.9,3,2,24.2,23.3,1.065
c_ustann_and_tuulish,703,4,6432,45.2,5,4,68.2,62.6,1.384
c_usurr,428,3,10515,57.9,5,4,89.4,62.6,1.082
c_utaqa,954,3,12503,63.1,7,5,102.6,41.2,0.653
c_uthangol,673,2,10987,59.1,7,6,80.4,60.7,1.027
c_uthmere,395,4,6327,44.9,5,4,62.6,62.6,1.395
c_utuerth,2525,2,4921,39.6,3,3,23.3,23.3,0.588
c_utui,1251,1,29499,96.9,5,5,67.1,67.1,0.692
c_uysos,1081,1,18936,77.6,6,6,54.6,54.6,0.703
c_vaelan,764,3,4852,39.3,5,4,69.7,63.3,1.61
c_valashar,134,2,10065,56.6,6,5,65.7,37.0,0.654
c_vale_of_clouds,1219,1,20664,81.1,7,6,6759.7,61.0,0.753
c_vale_of_lost_voices,337,1,3629,34.0,6,4,66.5,60.7,1.787
c_vale_of_the_reaver,1132,2,8120,50.8,5,5,62.6,62.6,1.232
c_valley_of_dread,447,1,9844,56.0,7,6,94.9,88.1,1.575
c_valley_of_embers,1565,1,5709,42.6,7,5,2534.5,53.5,1.256
c_valley_of_klaidson,1165,1,2835,30.0,7,6,53.5,53.5,1.782
c_valley_of_lost_honor,450,1,6335,44.9,7,7,52.0,52.0,1.159
c_valshada,148,3,3390,32.8,7,5,73.8,51.6,1.572
c_vanorva,1141,2,5930,43.4,5,4,66.7,66.7,1.535
c_vargath,619,1,10934,59.0,7,5,85.7,33.6,0.57
c_varshum,1747,1,17425,74.5,7,4,5427.4,41.2,0.553
c_varyth,131,2,8422,51.8,5,5,62.6,62.6,1.21
c_vast_swamp,1564,1,2841,30.1,6,4,44.6,44.6,1.482
c_vaults_of_record,2545,1,5273,41.0,3,3,24.2,24.2,0.59
c_veilstone,212,1,3720,34.4,6,5,52.9,44.4,1.29
c_vekkak,1243,1,13116,64.6,5,5,66.9,66.9,1.036
c_velandilmur,2144,2,2871,30.2,4,3,48.6,37.0,1.224
c_velarswood,2601,2,2173,26.3,6,6,44.8,44.8,1.703
c_velprintalar,1024,4,2359,27.4,5,2,61.8,22.5,0.82
c_velsit,599,1,12907,64.1,6,5,105.2,96.6,1.507
c_venasca,822,1,14054,66.9,6,6,62.6,62.6,0.936
c_venne,496,2,6692,46.2,5,4,69.8,61.8,1.34
c_vercy_wood,1431,1,5193,40.7,7,5,5585.9,47.0,1.156
c_verdigris,2467,2,6958,47.1,4,4,26.1,26.1,0.554
c_veshit,415,2,2926,30.5,5,3,62.6,37.0,1.212
c_vintal,682,2,5014,40.0,7,5,76.9,62.8,1.571
c_vintor,120,3,5941,43.5,6,4,61.4,28.3,0.651
c_volothamp,150,4,6458,45.3,5,3,42.2,37.0,0.816
c_voonlar,2613,1,4024,35.8,4,4,53.2,53.2,1.485
c_vordrorn_forest,1436,1,3513,33.4,7,5,5494.1,50.8,1.519
c_vral,1776,1,31160,99.6,7,4,6849.1,57.1,0.574
c_vrandaks_grave,1438,1,15840,71.0,7,6,5483.7,66.6,0.939
c_vuerthyl,1065,1,11300,60.0,6,6,69.4,69.4,1.158
c_vyridian_forest,1703,1,6525,45.6,7,4,4446.2,51.6,1.133
c_wahasha,1624,1,2944,30.6,3,2,26.9,23.3,0.762
c_wakrawa,1549,1,15154,69.5,4,4,33.0,33.0,0.475
c_wang,1368,2,19342,78.5,7,7,95.0,95.0,1.211
c_wards_islands,1123,1,482,12.4,7,2,59.8,19.0,1.532
c_warfields,1748,1,17838,75.4,7,4,5115.7,51.4,0.682
c_warmshores,255,2,1544,22.2,7,2,133.8,8.9,0.403
c_wasat,1461,4,4461,37.7,5,4,32.9,23.9,0.633
c_watchers_cape,633,1,5564,42.1,5,4,63.1,62.6,1.488
c_watchwall,1427,2,1424,21.3,7,6,5545.8,43.4,2.039
c_waterdeep,1,4,2053,25.6,7,5,45.0,35.1,1.374
c_wave_rocks,219,1,584,13.6,7,3,52.9,20.6,1.512
c_wavecrest,1208,1,238,8.7,7,2,4893.7,2.0,0.23
c_weathercote_wood,305,3,5370,41.3,6,5,52.9,42.6,1.031
c_weifei,1369,3,18290,76.3,7,6,73.8,59.3,0.777
c_well_of_dragons,115,3,7450,48.7,5,5,62.6,62.6,1.286
c_wellspring_hills,1394,1,35873,106.9,7,6,7901.9,59.7,0.559
c_wertikak,1256,1,11301,60.0,6,5,52.8,52.8,0.881
c_west_lethyr,991,1,9503,55.0,7,5,73.7,37.1,0.675
c_west_nanayok,2405,1,22953,85.5,5,5,61.1,61.1,0.715
c_west_rendai,1306,1,38507,110.7,5,5,62.6,62.6,0.566
c_west_road,1308,2,38677,111.0,5,5,69.9,69.9,0.63
c_west_tejarn,136,2,8910,53.3,3,3,23.8,23.8,0.446
c_west_toadsquat,1743,1,14545,68.0,7,4,4828.8,39.1,0.574
c_westbay,829,2,6623,45.9,6,4,87.0,37.0,0.806
c_westfells,2439,1,9168,54.0,3,3,24.2,24.2,0.447
c_westgate,190,5,3303,32.4,6,4,53.2,44.7,1.377
c_westgulth,571,1,12567,63.2,5,4,62.6,41.4,0.655
c_westmark,203,1,10855,58.8,5,5,62.6,62.6,1.065
c_westphal,220,1,1601,22.6,7,3,54.1,42.2,1.869
c_westwood,307,1,2755,29.6,6,5,54.6,45.4,1.533
c_whalers_end,2640,1,516,12.8,7,6,23.9,17.0,1.326
c_whamite_isles,1135,1,128,6.4,5,0,62.6,0.0,0.0
c_white_coast,692,2,4092,36.1,5,2,80.1,23.3,0.646
c_white_ford,2576,1,2070,25.7,4,3,46.8,46.8,1.821
c_white_hills,1415,3,16378,72.2,7,6,7840.7,58.9,0.815
c_whitehorn,352,1,9572,55.2,5,5,45.7,45.7,0.828
c_wide_cascades,1297,1,21797,83.3,5,5,62.6,62.6,0.752
c_widestep,193,1,10326,57.3,7,5,103.9,67.1,1.171
c_wild_hills,2532,1,5657,42.4,3,3,31.0,31.0,0.731
c_wild_yak_meadows,969,1,29193,96.4,6,6,65.9,65.9,0.683
c_wildergroves,1153,3,3969,35.5,7,7,77.5,77.5,2.18
c_wildstorm_vale,458,1,7957,50.3,6,5,51.9,51.9,1.032
c_winding_river,1444,1,8729,52.7,7,5,5000.9,64.1,1.215
c_windspear_hills,2535,2,4005,35.7,3,3,23.3,23.3,0.654
c_windswept_plain,2391,1,2112,25.9,5,4,43.0,31.6,1.22
c_wintercloak,601,1,6259,44.6,6,4,75.8,50.0,1.12
c_winterglen,323,2,4426,37.5,5,4,63.6,62.6,1.668
c_winterkeep,903,1,24835,88.9,6,5,113.2,62.6,0.704
c_winters_edge,1435,1,5892,43.3,7,5,5569.4,53.5,1.236
c_wintersburn,390,1,38438,110.6,5,5,62.6,62.6,0.566
c_wolfwoods,620,1,12632,63.4,5,4,62.6,62.6,0.988
c_womford,2429,2,6932,47.0,4,4,28.0,28.0,0.596
c_wood_of_flam,1423,1,6527,45.6,7,5,5719.4,37.2,0.816
c_wood_of_sharp_teeth,2529,1,9675,55.5,4,4,29.8,29.8,0.538
c_wrecking_coast,1635,1,4094,36.1,4,3,44.1,44.1,1.222
c_wrights_ferry,2610,1,2687,29.2,6,6,39.5,39.5,1.349
c_wyngate,325,2,2790,29.8,5,3,53.0,44.2,1.483
c_wyrmdoom_crag,2587,1,1189,19.5,6,6,29.5,29.5,1.518
c_wyrms_tooth,2424,2,1513,21.9,3,2,24.2,14.1,0.644
c_wyvernwater,250,3,2068,25.7,7,6,52.6,46.8,1.822
c_xair,1336,1,34583,104.9,5,5,62.6,62.6,0.597
c_xiltor,760,1,4492,37.8,7,6,54.8,41.9,1.108
c_xirev,2386,1,3624,34.0,5,5,57.0,57.0,1.678
c_xoraar,2152,2,2556,28.5,4,3,42.2,42.2,1.48
c_xorhun,244,2,7042,47.3,3,3,23.3,23.3,0.491
c_xuheing,1768,1,18985,77.7,7,4,7840.1,56.0,0.72
c_xul_jarak,2546,2,3147,31.6,3,2,23.8,14.1,0.447
c_yaks_horn,962,2,23713,86.9,5,4,68.9,57.7,0.664
c_yallasch,477,2,2403,27.7,6,4,51.9,39.5,1.427
c_yao_sai,1365,2,26083,91.1,5,5,62.6,62.6,0.687
c_yarlhang_la,974,1,19580,78.9,5,5,67.5,67.5,0.855
c_yarrat,1550,1,8146,50.9,5,4,139.3,53.1,1.042
c_yartar,156,4,7669,49.4,7,6,52.9,45.4,0.919
c_yarthrain,96,1,10920,59.0,7,7,64.1,64.1,1.088
c_yaulazna,656,1,10736,58.5,6,4,52.9,40.3,0.69
c_yaunoroth,2446,2,2012,25.3,4,4,32.4,32.4,1.282
c_yegororyanen,915,1,21704,83.1,6,6,61.8,61.8,0.744
c_yellow_serpent,815,1,12606,63.3,7,6,980.1,60.9,0.961
c_yenching,1302,4,20768,81.3,5,5,62.6,62.6,0.77
c_yeshpek,160,2,5411,41.5,5,4,71.6,62.6,1.509
c_yhaunn,261,4,6924,46.9,6,4,59.8,36.2,0.772
c_yhep,174,2,14679,68.4,5,4,76.1,62.6,0.916
c_yidyn,908,1,45605,120.5,7,6,302.8,58.9,0.489
c_yinazzil,1492,3,4478,37.8,4,3,52.9,33.0,0.874
c_ylraphon,271,2,3958,35.5,5,3,54.2,48.0,1.353
c_yohun_fields,1319,1,4763,38.9,5,4,62.6,41.4,1.063
c_yorash,566,1,20027,79.8,5,5,63.7,63.7,0.798
c_yorduul,1731,1,12080,62.0,7,4,3191.8,35.2,0.568
c_ysawis,1486,3,7223,47.9,4,3,66.8,22.5,0.469
c_yudol,1764,1,37019,108.6,7,4,7067.6,68.0,0.627
c_yuirwood,1057,3,7412,48.6,3,3,24.2,24.2,0.498
c_yulash,267,3,4174,36.5,5,3,55.2,40.3,1.106
c_yumbu_shan,983,2,2097,25.8,7,3,66.5,18.9,0.73
c_zabad,718,4,8734,52.7,5,5,62.6,62.6,1.188
c_zabbasz,1212,3,6902,46.9,7,4,5287.7,79.1,1.687
c_zada,1775,1,18093,75.9,7,4,6136.4,58.6,0.772
c_zamazda,412,2,5123,40.4,5,4,62.6,62.6,1.551
c_zamsgrove,610,1,18876,77.5,6,6,68.4,68.4,0.883
c_zanda_tholing,965,1,23188,85.9,5,5,62.6,62.6,0.729
c_zanhoriloch,2451,2,1331,20.6,3,3,27.3,27.3,1.326
c_zanzazzar,474,1,10862,58.8,5,5,61.8,61.8,1.052
c_zarif,1465,3,7506,48.9,5,4,82.6,41.8,0.855
c_zayir,1469,2,5796,43.0,4,3,51.0,22.0,0.512
c_zaym,1589,2,5639,42.4,5,4,67.7,24.2,0.57
c_zaz_in_vintor,1572,3,2906,30.4,7,3,3731.2,22.8,0.75
c_zeibiley,2121,3,6015,43.8,5,4,62.6,62.6,1.431
c_zelbross,59,3,3655,34.1,6,5,65.1,59.1,1.734
c_zelpir,759,2,4174,36.5,5,3,63.3,36.7,1.007
c_zendar,805,3,6869,46.8,6,3,51.9,23.3,0.499
c_zendum,804,4,16128,71.6,5,4,77.6,77.6,1.083
c_zhentil_keep,266,4,3442,33.1,7,5,52.6,30.0,0.905
c_zhoman,1772,1,35406,106.2,7,4,8070.2,54.7,0.515
c_zill,1462,2,4799,39.1,4,3,41.5,22.8,0.584
c_zoahua,1307,2,44596,119.1,5,5,69.9,69.9,0.586
c_zoajing,2482,3,36877,108.3,3,3,24.2,24.2,0.223
c_zolum,1049,3,6964,47.1,6,5,51.7,42.0,0.892
c_zoundar,1732,1,9283,54.4,7,4,3347.0,44.8,0.824
c_zoy_zando,1782,1,11886,61.5,7,3,6795.2,39.6,0.644
c_zundbridge,1445,2,1337,20.6,7,5,43.3,37.1,1.796
c_zutria,2431,2,4346,37.2,3,3,23.3,23.3,0.625
c_zuwaruk,1450,1,6855,46.7,5,4,44.1,30.0,0.642
c_zzuntal,651,2,12776,63.8,5,5,62.6,62.6,0.982
