barony,county,ck3_province,seed_x,seed_y,current_centroid_x,current_centroid_y,dist_px,seed_in_current_cell,current_seed_source
b_abarun,c_abarun,3137,7058,1014,7060.3,1011.9,3.1,yes,capital_position
b_abreon,c_abreon,1529,3233,3503,3233.6,3513.5,10.5,yes,capital_position
b_st_blencagolph,c_abreon,1530,3253,3515,3239.3,3475.0,42.3,no,sampled
b_achelar,c_achelar,2439,3833,3840,3846.0,3849.9,16.3,yes,capital_position
b_ravamyar_wood,c_achelar,2440,3815,3851,3783.8,3823.4,41.6,no,sampled
b_huorm,c_adamas_tooth,1196,5725,3257,5717.9,3260.8,8.1,yes,capital_position
b_mulur,c_adamas_tooth,1197,5696,3230,5749.1,3233.3,53.2,no,sampled
b_hall_of_kings,c_adbarrim,1895,2922,498,2924.7,502.7,5.4,yes,capital_position
b_adbarrim,c_adbarrim,1896,2932,488,2925.3,485.2,7.3,yes,sampled
b_vetkth,c_addak,2419,4503,3638,4514.3,3639.9,11.5,yes,capital_position
b_baex,c_adder_swamp,2884,4486,2344,4489.1,2349.9,6.7,yes,capital_position
b_adder_point,c_adder_woods,559,4212,2665,4213.2,2663.1,2.3,yes,capital_position
b_adderspring,c_adderspring,2869,4400,2604,4386.0,2617.2,19.3,yes,capital_position
b_adhal,c_adhal,3318,5275,5372,5267.0,5387.7,17.7,yes,capital_position
b_yagrah,c_adhal,3319,5273,5385,5320.5,5361.8,52.9,no,sampled
b_adrila,c_adrila,3345,5826,5415,5843.5,5404.0,20.6,yes,capital_position
b_banyshu,c_aerilpar_forest,1325,5340,3251,5351.0,3241.6,14.5,yes,capital_position
b_duhlnarim,c_ahlarkhem,2673,3387,2456,3392.0,2460.4,6.7,yes,capital_position
b_furrowswich,c_ahlarkhem,2674,3393,2468,3436.6,2477.2,44.6,no,sampled
b_saarlik,c_ahlarkhem,2675,3372,2479,3351.0,2480.0,21.0,yes,sampled
b_ahma,c_ahma,670,2432,3593,2432.4,3594.4,1.5,yes,capital_position
b_ahruukar,c_ahruukar,3655,4732,1748,4732.5,1746.1,1.9,yes,capital_position
b_arau,c_ahruukar,3656,4742,1739,4710.8,1742.7,31.4,no,sampled
b_vardetor,c_ahruukar,3657,4752,1760,4754.8,1748.5,11.8,yes,sampled
b_ahtitlak,c_ahtitlak,806,4257,961,4234.7,949.5,25.1,yes,capital_position
b_takari,c_ahtitlak,807,4308,965,4328.8,984.1,28.2,yes,sampled
b_aib,c_aib,3259,5586,5565,5591.2,5561.7,6.1,yes,capital_position
b_abu_azada,c_aib,3260,5635,5593,5652.4,5606.6,22.1,yes,sampled
b_aina,c_aina,1619,5000,2636,5012.2,2641.1,13.3,yes,capital_position
b_espesha,c_aina,1620,4992,2690,5020.3,2687.2,28.4,yes,sampled
b_airspur,c_airspur,2852,4351,2198,4353.3,2195.9,3.1,yes,capital_position
b_akanawater,c_airspur,2854,4322,2171,4352.6,2235.2,71.1,no,sampled
b_the_crimson_wall,c_airspur,2853,4335,2221,4317.3,2149.1,74.0,no,sampled
b_ajayib,c_ajayib,3495,5254,6265,5252.2,6272.0,7.2,yes,capital_position
b_buni,c_ajayib,3496,5240,6234,5233.9,6238.1,7.3,yes,sampled
b_khamah,c_ajayib,3497,5256,6249,5271.5,6236.8,19.7,no,sampled
b_orodan,c_ajmer_forest,1210,6012,3177,6009.9,3191.8,14.9,yes,capital_position
b_akaam,c_akaam,1570,2651,3558,2638.6,3562.1,13.0,yes,capital_position
b_trawich,c_akaam,1571,2635,3582,2682.7,3555.2,54.7,no,sampled
b_akanax,c_akanax,2873,4421,2395,4419.9,2409.7,14.8,yes,capital_position
b_tulach,c_akanax,2874,4431,2409,4448.8,2377.8,35.9,no,sampled
b_akararbasa,c_akararbasa,1246,5439,2921,5426.7,2928.3,14.4,yes,capital_position
b_akashay,c_akashay,3124,6561,2399,6562.3,2396.4,2.9,yes,capital_position
b_akshu,c_akshu,2996,8021,3851,8014.0,3835.2,17.3,yes,capital_position
b_mudanxing,c_akshu,2997,8056,3836,8085.0,3792.3,52.5,no,sampled
b_qingmay,c_akshu,2998,8017,3818,7996.1,3906.4,90.8,no,sampled
b_al_suweb,c_al_abib,3349,5397,5919,5381.9,5924.3,16.0,yes,capital_position
b_al_anwahr,c_al_anwahr,3343,6026,5225,6023.4,5225.2,2.6,yes,capital_position
b_al_asirr,c_al_asirr,3468,6727,6312,6722.6,6316.1,6.0,yes,capital_position
b_bashera,c_al_asirr,3469,6751,6296,6751.8,6251.1,44.9,no,sampled
b_taxal,c_al_asirr,3470,6731,6284,6719.7,6275.8,14.0,yes,sampled
b_al_azra,c_al_azra,3394,5455,4699,5440.1,4701.3,15.0,yes,capital_position
b_khanala,c_al_azra,3395,5439,4723,5490.6,4693.8,59.3,no,sampled
b_el_khrouled,c_al_faddi,3313,5400,5299,5440.5,5303.5,40.8,yes,capital_position
b_faihakus,c_al_faraq_islands,3283,5789,6321,5817.1,6348.2,39.1,yes,capital_position
b_al_hanieh,c_al_hanieh,3209,6575,5835,6569.5,5804.5,31.0,yes,capital_position
b_al_harir,c_al_harir,3396,5547,4711,5547.5,4709.7,1.4,yes,capital_position
b_al_harmah,c_al_harmah,3294,6116,6218,6119.8,6226.9,9.7,yes,capital_position
b_tetari,c_al_harmah,3295,6135,6230,6109.5,6184.3,52.4,no,sampled
b_al_haul,c_al_haul,3369,5764,4891,5772.7,4892.9,8.9,yes,capital_position
b_rana,c_al_kidr,3374,5924,4891,5926.3,4917.0,26.1,yes,capital_position
b_al_kurtum,c_al_kurtum,3465,6827,5972,6828.6,5996.5,24.6,yes,capital_position
b_al_mahabanah,c_al_mahabanah,3502,5312,6157,5300.1,6131.2,28.4,yes,capital_position
b_sadul,c_al_malih,3237,5889,5649,5896.2,5633.5,17.1,yes,capital_position
b_arehla,c_al_malih,3238,5858,5653,5841.7,5652.0,16.3,yes,sampled
b_biduraq,c_al_munamma,3292,6090,6083,6077.7,6085.9,12.6,yes,capital_position
b_umm_salal_barata,c_al_munamma,3293,6110,6095,6119.0,6074.4,22.5,no,sampled
b_al_nuziyyah,c_al_nuziyyah,3248,5682,5698,5685.8,5684.5,14.1,yes,capital_position
b_suwut,c_al_nuziyyah,3249,5678,5682,5659.2,5740.9,61.8,no,sampled
b_al_qahera,c_al_qahera,1229,5707,2985,5698.6,2989.7,9.6,yes,capital_position
b_abaghajin,c_al_qahera,1231,5678,2958,5691.7,2919.5,40.9,yes,sampled
b_atao,c_al_qahera,1230,5678,2968,5755.2,3061.0,120.8,no,sampled
b_wadurah,c_al_sarif,3230,5875,5759,5879.8,5758.8,4.8,yes,capital_position
b_bidbooth,c_al_tarik_islands,3562,5371,6415,5372.2,6412.9,2.4,yes,capital_position
b_budiya,c_al_wahl,3262,5510,5409,5482.1,5408.6,27.9,yes,capital_position
b_halura,c_al_wahl,3263,5510,5391,5523.0,5371.0,23.9,no,sampled
b_qudana,c_al_zabdiyat,3560,5676,6609,5678.7,6606.6,3.6,yes,capital_position
b_alaghon_city,c_alaghon,489,4048,2083,4051.6,2109.0,26.3,no,sampled
b_demstar,c_alaghon,491,4023,2094,4028.7,2109.5,16.5,no,sampled
b_karakast,c_alaghon,490,4042,2106,4028.9,2062.8,45.2,no,sampled
b_alamaqu,c_alamaqu,153,7503,998,7459.0,996.0,44.1,yes,capital_position
b_alamir_rock,c_alamirs_end,358,3153,2919,3158.7,2925.8,8.9,yes,capital_position
b_cliffcrest,c_alamirs_end,359,3139,2892,3152.4,2880.9,17.4,yes,sampled
b_wensin,c_alamirs_end,360,3137,2942,3175.0,2959.0,41.6,no,sampled
b_alamontyr,c_alamontyr,424,3847,2868,3849.0,2869.4,2.4,yes,capital_position
b_felshroum,c_alamontyr,426,3839,2870,3893.5,2853.8,56.9,no,sampled
b_morningstar_hollows,c_alaoreum,493,3974,2043,3980.9,2048.9,9.1,yes,capital_position
b_alashan,c_alashan,1480,6825,2376,6828.9,2376.5,3.9,yes,capital_position
b_dokpak,c_alashan,1482,6796,2348,6802.1,2359.1,12.7,yes,sampled
b_keldam,c_alashan,1481,6835,2366,6859.5,2370.2,24.9,no,sampled
b_wangdun,c_alashan,1483,6809,2399,6805.7,2390.6,9.0,yes,sampled
b_aldani,c_aldani_basin,619,1967,3396,1982.7,3385.9,18.7,yes,capital_position
b_aldoman,c_aldoman,163,7566,660,7592.0,659.2,26.0,yes,capital_position
b_aldreth,c_aldreth,117,906,2767,908.3,2762.9,4.7,yes,capital_position
b_alisiwhann,c_alisiwhann,432,3065,2645,3070.8,2647.3,6.2,yes,capital_position
b_adarthir,c_alisiwhann,433,3061,2618,3059.0,2613.6,4.8,yes,sampled
b_ragkyls_hold,c_alisiwhann,434,3032,2626,3042.2,2637.9,15.6,yes,sampled
b_marmadani,c_almawt,3450,4707,5614,4709.5,5613.0,2.7,yes,capital_position
b_almorel,c_almorel,2166,5676,1760,5671.0,1767.9,9.4,yes,capital_position
b_antoumek,c_almorel,2167,5713,1746,5716.8,1748.7,4.7,yes,sampled
b_almraiven,c_almraiven,356,3100,2858,3085.6,2865.8,16.4,yes,capital_position
b_st_ihrvyn,c_almraiven,357,3085,2882,3139.4,2837.0,70.7,no,sampled
b_barakmordin,c_alonmarch,2656,3008,2522,3007.2,2534.3,12.3,yes,capital_position
b_st_teresa,c_alonmarch,2657,2979,2495,2968.0,2507.1,16.3,yes,sampled
b_thrynnars_hold,c_alonmarch,2658,2993,2546,3040.4,2500.1,66.0,no,sampled
b_alorev,c_alorev,84,390,2554,392.3,2551.3,3.6,yes,capital_position
b_alphar,c_alphar_and_kelthan,1069,4087,1809,4082.3,1814.0,6.9,yes,capital_position
b_nishtul,c_aluar,2426,3694,3935,3715.7,3909.9,33.2,yes,capital_position
b_aluarim,c_aluar,2427,3679,3959,3678.9,3975.7,16.7,yes,sampled
b_prensak,c_aluivyn,1170,3802,1686,3802.2,1686.8,0.9,yes,capital_position
b_chimish,c_aluivyn,1172,3772,1658,3838.9,1693.8,75.9,no,sampled
b_obbles,c_aluivyn,1171,3794,1672,3756.6,1673.4,37.4,no,sampled
b_aman,c_aman,3355,5379,5610,5404.4,5614.0,25.7,yes,capital_position
b_amarrev,c_amarrev,131,595,2292,598.9,2287.0,6.4,yes,capital_position
b_amassa,c_amassa,3125,6378,2362,6368.6,2360.1,9.6,yes,capital_position
b_amazandar,c_amazandar,269,3440,1430,3437.6,1440.6,10.8,yes,capital_position
b_hlithal,c_amazandar,270,3456,1416,3464.0,1422.5,10.3,yes,sampled
b_ramanth,c_amazandar,271,3429,1416,3427.5,1411.7,4.6,yes,sampled
b_kufa,c_amekufa,3435,3599,6095,3602.6,6104.2,9.9,yes,capital_position
b_amekufa,c_amekufa,3436,3618,6107,3675.0,6059.0,74.5,no,sampled
b_amkethran,c_amkethran,338,2748,2647,2749.8,2645.8,2.2,yes,capital_position
b_assar,c_amkethran,339,2778,2643,2800.4,2637.2,23.1,yes,sampled
b_kemal,c_amkethran,340,2719,2651,2686.9,2648.4,32.2,no,sampled
b_ammathluir,c_ammathluir,2486,4841,3781,4852.9,3786.0,12.9,yes,capital_position
b_wharjila,c_ammathluir,2487,4800,3759,4799.8,3777.8,18.8,yes,sampled
b_ammathtar,c_ammathtar,2382,4685,3789,4681.0,3789.4,4.0,yes,capital_position
b_alarzou,c_ammathtar,2384,4656,3761,4712.3,3732.1,63.3,no,sampled
b_dunfeld,c_ammathtar,2383,4650,3800,4668.6,3848.5,52.0,no,sampled
b_amnwater,c_amnwater,207,2795,2053,2796.4,2062.1,9.2,yes,capital_position
b_ironseth,c_amnwater,209,2825,2059,2759.2,2055.9,65.9,no,sampled
b_wheelarit,c_amnwater,208,2815,2038,2832.6,2050.4,21.5,no,sampled
b_yhliivast,c_amnwater,210,2805,2047,2794.9,2033.4,16.9,no,sampled
b_bargewright_inn,c_amphail,2004,2373,990,2368.5,991.4,4.7,yes,capital_position
b_amphail,c_amphail,2005,2391,974,2408.7,964.6,20.1,no,sampled
b_rundreth,c_amphail,2006,2381,984,2395.7,981.7,14.9,no,sampled
b_amral,c_amral,20,497,2716,506.9,2701.5,17.5,yes,capital_position
b_amruthar,c_amruthar,1762,4922,1981,4905.7,1982.8,16.4,yes,capital_position
b_nethwatch,c_amruthar,1763,4906,1944,4879.2,1919.8,36.2,yes,sampled
b_amry,c_amry,1104,3823,1971,3806.6,1978.6,18.1,yes,capital_position
b_strestead,c_amry,1105,3829,1979,3874.9,1948.9,54.9,no,sampled
b_trollford,c_amstelar,197,2993,2118,3018.4,2115.7,25.5,yes,capital_position
b_turova,c_amstelar,198,3032,2098,2936.2,2117.7,97.8,no,sampled
b_warging,c_amtar_eave,2238,4593,3556,4593.8,3553.3,2.8,yes,capital_position
b_anarath,c_anarath,295,3167,593,3169.2,591.9,2.5,yes,capital_position
b_anauril,c_anauril,272,3460,1379,3461.8,1376.8,2.8,yes,capital_position
b_avian_keep,c_ancients_hollow,2718,329,648,332.1,638.2,10.3,yes,capital_position
b_angast,c_angast,1592,5066,2769,5061.0,2773.1,6.4,yes,capital_position
b_nimez,c_angast,1594,5037,2741,5049.3,2725.5,19.8,yes,sampled
b_sishapesh,c_angast,1593,5062,2735,5090.0,2819.0,88.5,no,sampled
b_angol,c_angol,2806,4841,2792,4825.9,2809.4,23.0,yes,capital_position
b_arojas,c_angol,2807,4847,2755,4877.8,2741.3,33.8,no,sampled
b_anhaurz,c_anhaurz,1764,4822,2018,4807.7,2018.6,14.3,yes,capital_position
b_mithana,c_anhaurz,1765,4832,2008,4846.0,2007.8,14.0,yes,sampled
b_ankatatra,c_ankatatra,3522,6174,5825,6167.0,5806.1,20.1,yes,capital_position
b_ankhapur,c_ankhapur,374,3610,2729,3609.5,2717.0,12.0,yes,capital_position
b_calers_hand,c_ankhapur,376,3581,2702,3569.1,2710.2,14.4,yes,sampled
b_st_sossor,c_ankhapur,377,3595,2753,3621.3,2768.3,30.4,no,sampled
b_yult,c_ankhapur,375,3630,2741,3660.3,2725.1,34.2,no,sampled
b_ankhur,c_ankhur,1804,5015,2049,5017.2,2043.0,6.4,yes,capital_position
b_dranikmor,c_ankhur,1805,5025,2040,5050.0,2053.8,28.5,no,sampled
b_yadara,c_ankhur,1806,5035,2061,4986.8,2045.1,50.8,no,sampled
b_telgath,c_ankhwood,396,3733,2702,3746.0,2694.5,15.0,yes,capital_position
b_tall_fallunawa,c_anklis_and_qusur,3557,5615,6400,5586.5,6395.6,28.8,yes,capital_position
b_anktarina,c_anktarina,3190,6725,4834,6725.8,4811.1,22.9,yes,capital_position
b_ansi,c_ansi,3146,7175,1442,7175.6,1411.0,31.0,yes,capital_position
b_ar_rasumah,c_ar_rasumah,3352,5557,5821,5555.1,5817.1,4.4,yes,capital_position
b_araash,c_araash,108,542,2602,543.9,2600.4,2.4,yes,capital_position
b_arabasi,c_arabalar,671,2469,3568,2456.4,3557.7,16.3,yes,capital_position
b_ngube,c_arabalar,672,2440,3540,2506.9,3583.1,79.6,no,sampled
b_the_citadel,c_arabel,1003,3401,1643,3400.3,1641.1,2.0,yes,capital_position
b_arabel,c_arabel,1004,3415,1658,3428.8,1641.1,21.8,no,sampled
b_the_ladys_hall,c_arabel,1005,3399,1625,3375.5,1634.1,25.2,no,sampled
b_yeoman_bridge,c_arabel,1006,3395,1660,3414.1,1666.9,20.3,no,sampled
b_aradiman,c_aradiman,25,479,2761,470.2,2752.1,12.5,yes,capital_position
b_arael,c_arael_hills,97,440,2890,436.2,2887.0,4.8,yes,capital_position
b_araksa,c_araksa,964,694,1375,696.7,1374.2,2.9,yes,capital_position
b_araneh,c_araneh,3498,5275,6198,5262.5,6195.5,12.8,yes,capital_position
b_sabakan,c_araneh,3499,5246,6167,5244.5,6158.2,8.9,yes,sampled
b_arangyn,c_arangyn,46,874,2522,865.1,2526.2,9.8,yes,capital_position
b_djerad_azaurand,c_arangyn,47,900,2516,894.7,2510.1,7.9,yes,sampled
b_arashand,c_arashand,33,481,2987,496.3,2975.0,19.4,yes,capital_position
b_araugul,c_araugul,282,3323,1487,3325.5,1483.9,4.0,yes,capital_position
b_ostrav,c_arcata,711,4224,1299,4220.2,1267.5,31.8,yes,capital_position
b_valls,c_arcata,712,4234,1289,4236.9,1351.5,62.6,no,sampled
b_arch_wood,c_arch_wood,924,3753,1623,3754.1,1621.5,1.8,yes,capital_position
b_archenbridge,c_archenbridge,917,3718,1645,3724.9,1646.1,7.0,yes,capital_position
b_nairning,c_archenbridge,919,3759,1649,3708.1,1667.0,54.0,no,sampled
b_ramblecoats,c_archenbridge,918,3737,1657,3751.9,1646.5,18.3,yes,sampled
b_archtassel,c_archtassel,880,3778,1592,3778.2,1593.4,1.5,yes,capital_position
b_moontassel,c_archtassel,881,3759,1590,3760.3,1589.1,1.6,yes,sampled
b_greentree_haven,c_ardeep_forest,2115,2401,1084,2399.5,1084.1,1.5,yes,capital_position
b_deepening_moon,c_ardeep_forest,2117,2391,1107,2410.7,1104.5,19.9,yes,sampled
b_glen_of_aloevan,c_ardeep_forest,2116,2416,1074,2407.3,1060.4,16.2,yes,sampled
b_floshin_manor,c_ardeepsward,2905,2403,1152,2399.0,1156.0,5.7,yes,capital_position
b_the_selpir,c_ardeepsward,2906,2393,1127,2421.7,1123.4,28.9,yes,sampled
b_kavu,c_ardhi_kavu,3438,3534,6321,3544.2,6337.4,19.3,yes,capital_position
b_luvu,c_ardhi_kavu,3439,3561,6320,3540.9,6241.9,80.7,no,sampled
b_aretax,c_aretax_bay,79,286,2710,264.5,2710.5,21.5,yes,capital_position
b_argaer,c_argaervale,129,878,2317,888.4,2313.3,11.1,yes,capital_position
b_argenmoor,c_argenmoor,549,3419,2208,3431.5,2203.2,13.4,yes,capital_position
b_argul,c_argul,68,950,2565,958.0,2562.2,8.5,yes,capital_position
b_arjol,c_arjol,2242,4998,3470,5001.0,3496.6,26.7,yes,capital_position
b_armridge,c_armridge,825,4898,406,4898.5,402.5,3.5,yes,capital_position
b_graevelwood,c_arn_forest,1901,3012,634,3007.3,646.3,13.1,yes,capital_position
b_arnrock,c_arnrock,382,3524,2825,3520.5,2824.4,3.6,yes,capital_position
b_arrabar,c_arrabar,448,3868,2411,3871.1,2412.0,3.3,yes,capital_position
b_arkhelar,c_arrabar,450,3870,2421,3878.1,2388.7,33.3,no,sampled
b_fort_arran,c_arran,566,3896,2507,3897.5,2507.3,1.5,yes,capital_position
b_arranford,c_arran,567,3866,2479,3890.1,2472.9,24.8,yes,sampled
b_elburh,c_arran,568,3896,2534,3901.9,2545.5,12.9,yes,sampled
b_arthyn,c_arthyn,406,3505,2948,3494.8,2950.6,10.5,yes,capital_position
b_waernd,c_arthyn,407,3489,2972,3531.7,2939.2,53.9,no,sampled
b_arylon,c_arylon,2512,2645,1635,2655.2,1625.7,13.8,yes,capital_position
b_asbravn,c_asbravn,2554,3028,1743,3037.4,1752.8,13.6,yes,capital_position
b_hellgate_keep,c_ascalhorn,2059,2895,720,2896.1,716.5,3.7,yes,capital_position
b_ascalharla,c_ascalhorn,2062,2893,761,2901.2,756.2,9.5,yes,sampled
b_orinthae,c_ascalhorn,2060,2881,744,2892.1,785.2,42.7,no,sampled
b_telkouns_tower,c_ascalhorn,2061,2901,742,2870.9,728.1,33.1,no,sampled
b_ascore_gates,c_ascore,1900,3040,607,3022.0,603.7,18.3,yes,capital_position
b_ashabenford,c_ashabenford,892,3733,1442,3734.8,1442.1,1.8,yes,capital_position
b_mistletarn,c_ashabenford,893,3759,1436,3755.9,1438.9,4.3,yes,sampled
b_the_golden_sheaf,c_ashabenford,894,3716,1449,3716.0,1443.2,5.8,yes,sampled
b_kannur,c_ashanvast,1873,4902,1576,4894.3,1557.8,19.8,yes,capital_position
b_ashenwood,c_ashenwood,2140,5054,1461,5056.9,1459.1,3.4,yes,capital_position
b_irahat,c_asher_plain,2246,4542,2995,4545.6,2995.2,3.7,yes,capital_position
b_niltuk,c_ashfields,2809,4834,2692,4846.2,2689.0,12.5,yes,capital_position
b_gilamuth,c_ashfields,2810,4843,2683,4803.3,2699.7,43.1,no,sampled
b_aspervi,c_aspervi,1827,5097,1041,5104.8,1036.4,9.0,yes,capital_position
b_assam,c_assam,540,3513,2192,3508.0,2183.7,9.7,yes,capital_position
b_khearan,c_assam,541,3536,2167,3552.0,2197.2,34.2,no,sampled
b_assundath,c_assundath,2458,3776,4137,3792.3,4126.0,19.7,yes,capital_position
b_kithala,c_assundath,2459,3747,4109,3781.7,4178.4,77.6,no,sampled
b_atai,c_atai,3003,7994,4029,7995.8,4022.5,6.8,yes,capital_position
b_vil,c_atars_looking_glass,281,3483,1256,3492.4,1257.1,9.5,yes,capital_position
b_athab,c_athab_cape,1663,5684,2473,5684.5,2485.2,12.3,yes,capital_position
b_khalab,c_athab_cape,1664,5654,2446,5685.5,2445.4,31.5,yes,sampled
b_scepter_district,c_athkatla,175,2600,2053,2594.7,2049.1,6.6,yes,capital_position
b_goldbridge,c_athkatla,177,2614,2049,2625.0,2049.8,11.0,yes,sampled
b_waukeens_promenade,c_athkatla,176,2614,2057,2613.8,2069.5,12.5,no,sampled
b_atoratgins,c_atoratgins,3116,6421,1731,6438.0,1714.4,23.7,yes,capital_position
b_deryks_tomb,c_aurils_end,835,4089,416,4108.4,401.9,24.0,yes,capital_position
b_urt,c_aurora,841,3913,674,3906.1,687.7,15.3,yes,capital_position
b_potong,c_aval,3182,7706,5100,7721.0,5088.1,19.2,yes,capital_position
b_avax,c_avax,2875,4290,2548,4291.5,2558.2,10.3,yes,capital_position
b_tevilla,c_avax,2876,4269,2557,4238.8,2556.6,30.2,no,sampled
b_avyn,c_avyn,2178,5639,1264,5648.0,1250.5,16.3,yes,capital_position
b_rethgaard,c_axard,2701,1750,1047,1749.5,1048.1,1.2,yes,capital_position
b_zhal,c_azhul_pass,2404,3972,4105,3979.0,4107.0,7.3,yes,capital_position
b_azna_camp,c_aznawood,2418,4372,3628,4387.4,3616.0,19.6,yes,capital_position
b_aztul,c_aztul,683,2657,3795,2676.7,3798.5,20.0,yes,capital_position
b_bona,c_aztul,684,2633,3787,2629.4,3795.5,9.3,yes,sampled
b_azun,c_azun,2220,5000,2968,4976.8,2938.2,37.7,yes,capital_position
b_eathbeg,c_azun,2221,4970,2941,5008.6,3031.7,98.6,no,sampled
b_warrington,c_azun,2222,5010,2958,5040.9,2983.7,40.2,no,sampled
b_zalazuu,c_azuni,2456,3667,4119,3650.3,4131.8,21.1,yes,capital_position
b_githim,c_azuni,2457,3704,4111,3706.9,4071.2,39.9,yes,sampled
b_bab_al_gaba,c_bab_al_gaba,3466,6823,6099,6822.1,6108.8,9.9,yes,capital_position
b_gadin,c_bab_al_gaba,3467,6800,6073,6831.4,6049.1,39.4,no,sampled
b_babado,c_babado,3424,3116,6380,3117.2,6379.4,1.3,yes,capital_position
b_lino,c_babado,3425,3122,6384,3065.2,6411.3,63.0,no,sampled
b_baelrah,c_baelrah,1446,1881,3038,1882.2,3052.8,14.9,yes,capital_position
b_anchoril,c_baelrah,1447,1865,3062,1883.2,3002.0,62.7,no,sampled
b_bahat,c_bahat,3174,6301,1166,6292.7,1161.2,9.6,yes,capital_position
b_bakhuk,c_bakhuk,3163,6481,1492,6492.7,1496.0,12.4,yes,capital_position
b_balaj,c_balaj,2254,4642,3331,4644.3,3337.0,6.4,yes,capital_position
b_high_hall,c_baldurs_gate,2505,2576,1676,2573.8,1674.1,2.9,yes,capital_position
b_bloomridge,c_baldurs_gate,2507,2557,1651,2613.9,1656.9,57.2,no,sampled
b_twin_songs,c_baldurs_gate,2508,2571,1660,2586.6,1645.6,21.2,no,sampled
b_ulgoths_beard,c_baldurs_gate,2506,2574,1660,2551.0,1655.5,23.5,no,sampled
b_bamas,c_bamas,1560,3237,3685,3261.0,3684.0,24.0,yes,capital_position
b_banai,c_banai,3159,7835,1309,7838.0,1307.0,3.7,yes,capital_position
b_banda,c_banda,3141,6919,2012,6913.1,2027.3,16.4,yes,capital_position
b_banlm,c_banlm,3097,6079,1666,6046.7,1662.4,32.6,yes,capital_position
b_sago,c_banlm,3098,6032,1647,6159.0,1664.1,128.1,no,sampled
b_banu,c_banu,1696,5998,2335,6000.2,2325.0,10.3,yes,capital_position
b_dar_al_kalif,c_banu,1697,5973,2341,6053.6,2335.4,80.8,no,sampled
b_nimrikki,c_banu,1698,5985,2313,5964.1,2341.0,35.0,no,sampled
b_bara,c_bara,3147,7407,1434,7409.4,1444.9,11.1,yes,capital_position
b_anshola,c_barbarians_road,1284,6268,3441,6271.7,3447.2,7.2,yes,capital_position
b_saharkhan,c_bardshyr,2648,2698,2475,2696.8,2464.1,11.0,yes,capital_position
b_alemanders_needle,c_bardshyr,2649,2688,2497,2728.5,2473.7,46.7,no,sampled
b_castle_tethir,c_bardshyr,2650,2717,2487,2672.2,2490.8,45.0,no,sampled
b_bariya,c_bariya,3131,6993,1344,7002.0,1341.9,9.2,yes,capital_position
b_peldans_helm,c_barrowfield,895,3681,1453,3689.6,1450.4,9.0,yes,capital_position
b_oakengrove,c_barrowfield,896,3698,1444,3671.4,1465.2,34.0,no,sampled
b_duindelve,c_barze,758,3999,1035,4000.5,1034.0,1.9,yes,capital_position
b_bathme,c_bathme,2428,3534,3898,3524.9,3891.6,11.1,yes,capital_position
b_thom,c_bathme,2429,3544,3888,3567.3,3901.5,26.9,no,sampled
b_batiri,c_batiriland,628,2018,3480,2008.6,3471.5,12.7,yes,capital_position
b_keep_of_pale_night,c_battle_of_bones,2932,3112,1477,3112.2,1473.2,3.8,yes,capital_position
b_the_mantle,c_bauthwaf,3589,2666,546,2663.7,548.3,3.2,yes,capital_position
b_beacon_cairn,c_beacon_cairn,2154,5418,1735,5403.1,1727.5,16.7,yes,capital_position
b_star_beacon,c_beacon_rocks,1429,1871,4072,1884.5,4076.1,14.1,yes,capital_position
b_beast_country,c_beast_country,871,3634,1477,3634.3,1470.6,6.4,yes,capital_position
b_karat,c_beast_lands,1318,5475,3415,5480.7,3414.2,5.7,yes,capital_position
b_ihyrennstar,c_beast_marches,848,3800,1348,3796.7,1344.2,5.0,yes,capital_position
b_garnets_pure,c_beast_marches,849,3831,1363,3834.4,1355.7,8.0,yes,sampled
b_north_post,c_beastburn,2498,4519,3853,4516.0,3840.6,12.8,yes,capital_position
b_olodel,c_beasts_coast,384,3174,2747,3183.1,2748.1,9.2,yes,capital_position
b_beland,c_beland,2223,5234,2987,5248.2,2972.7,20.2,yes,capital_position
b_beldenshyn,c_beldenshyn,2513,2573,1569,2580.5,1550.6,19.8,yes,capital_position
b_belhancol,c_belhancol,3443,4484,5680,4485.9,5658.5,21.6,yes,capital_position
b_morosi,c_belhancol,3444,4529,5702,4554.8,5698.4,26.1,yes,sampled
b_mtwabako,c_belhancol,3445,4503,5692,4437.2,5704.6,67.0,no,sampled
b_beliard,c_beliard,2017,2463,892,2465.5,908.9,17.0,yes,capital_position
b_gladestone,c_beliard,2018,2504,879,2523.4,861.8,25.9,yes,sampled
b_belintholme,c_belintholme,965,393,1756,396.1,1754.9,3.3,yes,capital_position
b_bellakh,c_bellakh,61,864,2569,867.3,2567.9,3.4,yes,capital_position
b_belprins_hold,c_belprins_hold,65,974,2692,973.0,2691.9,1.0,yes,capital_position
b_beluir,c_beluir,2476,4926,3843,4928.7,3855.8,13.1,yes,capital_position
b_chaibrook,c_beluir,2478,4896,3816,4889.2,3832.3,17.7,yes,sampled
b_helmsong,c_beluir,2477,4910,3867,4907.2,3796.3,70.7,no,sampled
b_nalukkhath,c_beluir,2479,4912,3814,4939.6,3810.2,27.9,no,sampled
b_tall_kuthah,c_bender_adewah,3578,7265,6478,7256.5,6487.1,12.5,yes,capital_position
b_el_gamahimiya,c_bender_berdh,3580,7341,6359,7342.3,6357.0,2.4,yes,capital_position
b_beowood,c_beowood,1379,6546,4580,6561.6,4566.7,20.5,yes,capital_position
b_berdusk,c_berdusk,2555,2946,1778,2947.4,1773.4,4.9,yes,capital_position
b_evensong_tower,c_berdusk,2557,2977,1772,2976.9,1770.3,1.7,yes,sampled
b_qheldins_mask,c_berdusk,2556,2967,1793,2974.6,1798.6,9.4,yes,sampled
b_cragmyr_keep,c_beregost,2524,2600,1873,2602.5,1874.4,2.9,yes,capital_position
b_beregost,c_beregost,2525,2639,1926,2571.5,1923.8,67.5,no,sampled
b_song_of_the_morning,c_beregost,2526,2604,1938,2644.5,1910.4,49.0,no,sampled
b_bezantur,c_bezantur,1789,5006,2102,5006.0,2097.9,4.1,yes,capital_position
b_balber,c_bezantur,1792,4976,2075,4976.2,2100.1,25.1,yes,sampled
b_hexcidon,c_bezantur,1791,5035,2100,5048.3,2093.5,14.8,yes,sampled
b_thrakhos,c_bezantur,1793,4990,2126,5083.8,2112.5,94.8,no,sampled
b_unnakan,c_bezantur,1790,5013,2090,5102.2,2119.7,94.0,no,sampled
b_bezentil,c_bezentil,1844,4769,1436,4784.2,1430.6,16.1,yes,capital_position
b_bhaerlith,c_bhaerlith,261,3346,1217,3372.1,1209.5,27.2,yes,capital_position
b_bhaluin,c_bhaluin,1702,5848,2323,5850.4,2320.5,3.5,yes,capital_position
b_bhaulaea,c_bhaulaea,303,3583,718,3537.9,720.5,45.2,yes,capital_position
b_bidnop_so,c_bidnop_so,2341,7593,4166,7584.6,4180.4,16.7,yes,capital_position
b_hun_chao,c_bidnop_so,2343,7603,4156,7510.2,4104.6,106.1,no,sampled
b_lii,c_bidnop_so,2342,7564,4139,7702.9,4206.8,154.6,no,sampled
b_bildoobaris,c_bildoobaris,1816,4881,1307,4888.1,1315.5,11.0,yes,capital_position
b_runalundr,c_bildoobaris,1817,4851,1279,4872.5,1285.4,22.4,yes,sampled
b_rambut,c_binatang,2331,7908,4938,7922.7,4919.9,23.4,yes,capital_position
b_bisatare,c_bisatare,3544,6245,6355,6256.2,6356.0,11.3,yes,capital_position
b_byoranga,c_bisatare,3545,6245,6323,6250.5,6310.3,13.9,yes,sampled
b_bisoturi,c_bisoturi,3168,6540,1287,6524.7,1285.3,15.4,yes,capital_position
b_charig,c_bitter_well,3142,7011,2094,7051.9,2126.3,52.1,yes,capital_position
b_meadhall,c_bjeoerns_pass,1384,6643,4627,6649.9,4615.8,13.2,yes,capital_position
b_ashenstars,c_black_ash_plain,2825,4611,2702,4612.6,2706.4,4.7,yes,capital_position
b_blackfeather_bridge,c_blackfeather_bridge,908,3831,1549,3827.1,1549.0,3.9,yes,capital_position
b_blackford,c_blackford,1961,2238,539,2246.2,533.6,9.8,yes,capital_position
b_icemelt,c_blackford,1962,2211,554,2202.9,556.2,8.4,yes,sampled
b_blackhold,c_blackhold,139,706,2262,718.7,2265.4,13.2,yes,capital_position
b_caraemar,c_blackhold,140,675,2251,666.8,2244.7,10.3,yes,sampled
b_kaz,c_blackvale,1555,3012,3675,3017.4,3675.8,5.5,yes,capital_position
b_jahaai,c_bladed_coast,3380,5443,5135,5461.1,5151.6,24.5,yes,capital_position
b_bloodhawk_hold,c_bloodhawk_hold,2511,2592,1616,2556.2,1599.3,39.6,yes,capital_position
b_faeniel,c_bloodlake,1321,5146,3341,5142.2,3323.4,18.0,yes,capital_position
b_bloodstone,c_bloodstone,709,4242,1178,4248.6,1176.2,6.8,yes,capital_position
b_engsbar,c_bloodstone,710,4265,1188,4247.0,1195.1,19.4,yes,sampled
b_fort_blumantle,c_blumantle_pass,1290,6276,3103,6272.4,3105.4,4.4,yes,capital_position
b_bridgefort,c_boareskyr_bridge,2542,2748,1475,2736.2,1466.4,14.6,yes,capital_position
b_boorva,c_boorva,2170,5520,1901,5517.7,1897.6,4.1,yes,capital_position
b_borich,c_borich,3117,6135,1895,6127.3,1888.6,10.0,yes,capital_position
b_moortown,c_bottomless_bog,767,4140,1098,4141.2,1097.0,1.6,yes,capital_position
b_giants_stone,c_bottomless_bog,769,4159,1109,4144.0,1138.5,33.1,no,sampled
b_kond,c_bottomless_bog,768,4120,1105,4138.3,1056.9,51.5,no,sampled
b_bowshot,c_bowshot,2900,2471,1221,2472.4,1224.5,3.8,yes,capital_position
b_gillians_hill,c_bowshot,2901,2487,1209,2475.1,1187.1,24.9,no,sampled
b_roosting_griffon,c_bowshot,2902,2442,1193,2495.7,1261.2,86.8,no,sampled
b_braleuz,c_braleuz,2185,5690,1592,5695.6,1584.6,9.3,yes,capital_position
b_goliad,c_brandiar,707,4288,1215,4287.0,1230.2,15.3,yes,capital_position
b_omskar,c_brandiar,708,4298,1205,4327.8,1173.8,43.1,no,sampled
b_mariphim,c_bregenduth,71,1091,2591,1090.8,2591.8,0.9,yes,capital_position
b_llewellyn,c_bregonshire,2732,2035,1660,2036.9,1659.5,1.9,yes,capital_position
b_brightfields,c_brightfields,2247,4714,3017,4717.9,3015.5,4.2,yes,capital_position
b_brittlebone_well,c_brittlebone_coast,30,644,2888,646.2,2885.5,3.3,yes,capital_position
b_fenders_run,c_broadfields,547,3401,2102,3405.4,2098.2,5.8,yes,capital_position
b_broaspu,c_broaspu,1260,5629,2786,5627.5,2786.3,1.5,yes,capital_position
b_swordsbane,c_broken_swords,2274,3425,3662,3429.4,3658.8,5.4,yes,capital_position
b_luntse_dzong,c_broken_wall_pass,1484,6991,2391,6961.6,2390.2,29.4,yes,capital_position
b_barkhul,c_broken_wall_pass,1485,7001,2382,7044.3,2392.3,44.5,no,sampled
b_broken_well,c_broken_well,1949,2291,441,2289.1,446.6,6.0,yes,capital_position
b_unjhur,c_bronze_falcon,1407,6628,5063,6637.4,5042.1,22.9,yes,capital_position
b_tiliggal,c_bronze_falcon,1408,6624,5088,6606.9,5151.6,65.9,no,sampled
b_bronzehelms,c_bronzehelms,3624,3774,2208,3767.0,2203.5,8.3,yes,capital_position
b_bigwahr,c_bronzehelms,3625,3784,2198,3805.2,2197.3,21.2,no,sampled
b_brost,c_brost,230,2799,2227,2819.6,2242.5,25.8,yes,capital_position
b_imnesvale,c_brost,231,2809,2217,2765.7,2200.1,46.5,no,sampled
b_duras_vale,c_brynwood,1128,4157,1635,4161.1,1636.4,4.3,yes,capital_position
b_budais_cleft,c_budais_cleft,1279,6354,3226,6339.4,3236.4,17.9,yes,capital_position
b_kerrechi,c_budais_cleft,1280,6325,3198,6397.7,3207.0,73.3,no,sampled
b_bukhouk,c_bukhouk,3113,6583,1838,6568.9,1832.4,15.1,yes,capital_position
b_bukitega,c_bukitega,3197,6636,5294,6639.0,5293.4,3.1,yes,capital_position
b_bulaantaro,c_bulaantaro,3134,6892,918,6903.7,921.1,12.1,yes,capital_position
b_bulangalant,c_bulangalant,3139,6645,1160,6674.1,1151.9,30.2,yes,capital_position
b_buldamar,c_buldamar,2218,5146,2933,5161.0,2918.0,21.2,yes,capital_position
b_bulobo,c_bulobo,611,2072,3417,2067.8,3409.8,8.3,yes,capital_position
b_bunsha,c_bunsha,167,7878,896,7869.0,886.8,12.9,yes,capital_position
b_bunshin,c_bunshin,3177,6911,1588,6909.6,1603.6,15.7,yes,capital_position
b_burich,c_burich,3167,6501,1146,6530.6,1147.3,29.6,yes,capital_position
b_burj,c_burj,3275,5989,6089,5990.0,6086.7,2.5,yes,capital_position
b_bahlalah,c_burj,3276,5973,6114,5962.1,6098.7,18.8,yes,sampled
b_shaga,c_burj,3277,6008,6101,6020.2,6082.7,21.9,yes,sampled
b_surardaha,c_burning_shore,3379,6180,4682,6179.5,4687.6,5.6,yes,capital_position
b_bynua,c_bynua,2171,5670,1840,5667.8,1847.5,7.8,yes,capital_position
b_caer_moray,c_caer_moray,2762,1760,1641,1770.6,1638.7,10.8,yes,capital_position
b_fortress_of_the_five_vultures,c_calaunt,1112,4056,1518,4063.3,1519.5,7.5,yes,capital_position
b_calaunt,c_calaunt,1113,4116,1498,4120.7,1491.6,7.9,yes,sampled
b_moonsilver_house,c_calaunt,1114,4099,1492,4095.6,1495.3,4.8,yes,sampled
b_zenitrag,c_calim_desert,330,2612,2720,2606.3,2713.3,8.8,yes,capital_position
b_dallabad,c_calim_desert,331,2637,2735,2639.8,2732.1,4.1,yes,sampled
b_calim_river,c_calim_river,328,2727,2749,2729.6,2747.8,2.9,yes,capital_position
b_calimban_knoll,c_calimban,341,2631,2671,2633.9,2669.0,3.5,yes,capital_position
b_daraqadim,c_calimmon,2601,2651,2579,2643.5,2590.0,13.3,yes,capital_position
b_fort_agis,c_calimmon,2603,2700,2610,2691.8,2608.8,8.3,yes,sampled
b_memnonnar,c_calimmon,2602,2635,2602,2730.1,2584.4,96.7,no,sampled
b_pashas_sabban,c_calimport,315,2653,2763,2652.7,2764.4,1.4,yes,capital_position
b_calephs_court,c_calimport,316,2637,2786,2697.8,2758.0,66.9,no,sampled
b_calimport,c_calimport,320,2645,2753,2626.5,2755.3,18.7,no,sampled
b_khandaq,c_calimport,319,2664,2765,2675.6,2763.2,11.7,no,sampled
b_calimstone,c_calimstone,334,2696,2671,2711.6,2685.8,21.5,yes,capital_position
b_caer_callidyrr,c_callidyrr,2723,2006,1524,2008.5,1529.7,6.2,yes,capital_position
b_llandeilo,c_callidyrr,2724,2012,1533,2009.1,1510.1,23.1,no,sampled
b_noanars_hold,c_calling_horns,2023,2578,769,2560.5,773.2,18.0,yes,capital_position
b_calling_horns,c_calling_horns,2024,2551,775,2633.5,730.0,94.0,no,sampled
b_darkhorn_castle,c_cambro,2759,1955,1698,1950.9,1694.9,5.1,yes,capital_position
b_cambro,c_cambro,2760,1945,1678,1971.2,1676.8,26.2,yes,sampled
b_candlekeep,c_candlekeep,2527,2531,1858,2545.2,1843.7,20.1,yes,capital_position
b_exhaltation,c_candlekeep,2528,2541,1897,2549.3,1884.2,15.3,yes,sampled
b_rokmond_gate,c_caraguir,2402,4460,3996,4465.1,3964.0,32.4,yes,capital_position
b_ravensburg,c_carmathan,694,4288,1322,4289.7,1322.7,1.9,yes,capital_position
b_vladistone,c_carmathan,695,4298,1313,4297.1,1374.7,61.7,no,sampled
b_tibold,c_carrelath,2664,3272,2446,3273.2,2460.8,14.8,yes,capital_position
b_golconda,c_carrelath,2665,3282,2436,3278.0,2414.3,22.1,no,sampled
b_carwyth_hold,c_carwyth,1845,4656,1494,4656.3,1493.7,0.4,yes,capital_position
b_evreltheds_hill,c_carwyth,1846,4666,1485,4712.9,1470.2,49.2,no,sampled
b_cathyr,c_cathyr,2371,4699,4049,4686.0,4054.6,14.2,yes,capital_position
b_angoman,c_cathyr,2374,4642,3990,4663.6,3996.6,22.6,no,sampled
b_lahyrst,c_cathyr,2372,4656,4041,4627.5,4002.7,47.7,no,sampled
b_melina,c_cathyr,2373,4671,4017,4706.5,3985.3,47.6,no,sampled
b_cedarsproke,c_cedarvale,1092,3737,2042,3751.3,2044.4,14.5,yes,capital_position
b_cennuroth,c_cennuroth,1643,5326,2286,5328.0,2265.3,20.8,yes,capital_position
b_qikkha,c_cennuroth,1644,5320,2264,5296.8,2279.7,28.0,no,sampled
b_nordahaeril,c_centaur_run,2040,2735,969,2726.4,963.6,10.2,yes,capital_position
b_far_forount,c_centaur_run,2042,2719,992,2765.2,945.5,65.6,no,sampled
b_morynarth,c_centaur_run,2041,2725,986,2723.4,1011.6,25.6,no,sampled
b_chaikou,c_chaikou_hills,3018,7792,2509,7813.1,2497.1,24.2,yes,capital_position
b_taronerdist,c_chain_of_broken_dreams,147,1093,2153,1095.1,2150.7,3.2,yes,capital_position
b_chama,c_chama,160,7505,830,7517.0,817.4,17.4,yes,capital_position
b_chan,c_chan,150,7058,750,7054.6,726.8,23.5,yes,capital_position
b_chan_liu_shui,c_chan_liu_shui,3162,6628,1412,6638.0,1400.8,15.0,yes,capital_position
b_chandlerscross,c_chandlerscross,905,3903,1569,3897.8,1569.4,5.2,yes,capital_position
b_wyverns_rift,c_chandlerscross,906,3909,1584,3919.5,1565.2,21.5,no,sampled
b_changdao,c_changdao,3086,7630,3087,7632.4,3084.5,3.5,yes,capital_position
b_hartvold,c_channath_rise,2271,3997,3361,3988.1,3356.9,9.8,yes,capital_position
b_rochdale,c_channath_rise,2272,4028,3345,4023.7,3345.8,4.4,yes,sampled
b_channathgate,c_channathgate,2264,4027,3421,4030.2,3425.4,5.5,yes,capital_position
b_lordsthrone,c_channathgate,2265,4073,3408,4080.1,3405.4,7.6,yes,sampled
b_rosebridge,c_channathgate,2266,4103,3406,3979.8,3421.7,124.2,no,sampled
b_yeshi,c_channathwood,2267,4089,3331,4081.0,3323.8,10.8,yes,capital_position
b_chao_yang,c_chao_yang,3047,7830,1825,7792.6,1825.5,37.4,yes,capital_position
b_jiaxian,c_chao_yang,3049,7865,1797,7855.0,1732.7,65.0,no,sampled
b_yincha,c_chao_yang,3048,7800,1797,7921.3,1822.1,123.9,no,sampled
b_ched_nasad,c_ched_nasad,3588,2920,861,2923.0,860.0,3.2,yes,capital_position
b_chegoyui,c_chegoyui,3148,7474,1254,7476.2,1264.2,10.4,yes,capital_position
b_dunkapple_castle,c_chelimber,2928,2952,1273,2946.2,1258.7,15.4,yes,capital_position
b_chiem,c_chiem,1244,5551,3054,5544.5,3053.6,6.6,yes,capital_position
b_akkadash,c_chilled_plain,838,3743,976,3764.5,972.9,21.7,yes,capital_position
b_wyrms_crossing,c_chionthar,2509,2627,1682,2658.2,1689.9,32.2,yes,capital_position
b_rivington,c_chionthar,2510,2625,1700,2592.9,1703.3,32.2,no,sampled
b_cholta,c_cholta,151,7015,521,7038.7,505.2,28.5,yes,capital_position
b_chowok,c_chowok,2315,7634,4524,7637.8,4525.9,4.2,yes,capital_position
b_barit,c_chulacca,3187,7910,5294,7911.7,5292.0,2.6,yes,capital_position
b_chulq,c_chulq,162,7705,910,7669.4,921.6,37.4,yes,capital_position
b_branestria,c_cimarine_isles,2774,2375,1744,2371.3,1739.2,6.0,yes,capital_position
b_palace_of_the_sceptanar,c_cimbar,2849,4425,2237,4417.8,2245.6,11.2,yes,capital_position
b_new_cimbar,c_cimbar,2851,4410,2260,4412.1,2217.6,42.4,no,sampled
b_old_cimbar,c_cimbar,2850,4445,2249,4453.4,2235.2,16.2,yes,sampled
b_telos,c_cinnabar,778,4210,1135,4204.8,1134.1,5.3,yes,capital_position
b_cinnabar_wastes,c_cinnabar,780,4255,1107,4245.8,1145.9,39.9,no,sampled
b_dead_mans_bridge,c_cinnabar,781,4240,1131,4242.0,1105.8,25.3,no,sampled
b_iron_sky,c_cinnabar,779,4228,1113,4200.3,1096.6,32.2,no,sampled
b_citadel_adbar,c_citadel_adbar,1897,2934,533,2931.6,545.7,12.9,yes,capital_position
b_dragonspikes,c_citadel_adbar,1898,2952,545,2965.9,552.5,15.8,yes,sampled
b_citadel_of_the_raven,c_citadel_of_the_raven,750,3747,1213,3730.0,1210.4,17.2,yes,capital_position
b_camnods_cairn,c_citadel_of_the_raven,751,3735,1191,3752.5,1184.1,18.8,yes,sampled
b_citadel_rashemar,c_citadel_rashemar,2144,5287,1516,5288.8,1514.1,2.7,yes,capital_position
b_clearflow_keep,c_clearflow_vale,2156,5404,1866,5407.2,1863.1,4.3,yes,capital_position
b_borlyth,c_cloak_bay,2523,2524,1797,2522.3,1791.2,6.1,yes,capital_position
b_brown_bear_lodge,c_cloakwood,2522,2541,1748,2543.6,1747.4,2.7,yes,capital_position
b_lupeiros,c_cloven_hills,400,3393,2536,3375.7,2540.9,18.0,yes,capital_position
b_yllenora,c_cloven_hills,401,3368,2550,3432.5,2535.1,66.2,no,sampled
b_clovis_fields,c_clovis_fields,2659,2932,2546,2943.8,2542.7,12.2,yes,capital_position
b_ezzagard,c_clovis_fields,2660,2905,2544,2905.4,2531.8,12.2,yes,sampled
b_friendly_arm_inn,c_coast_way,2529,2616,1770,2620.2,1758.8,11.9,yes,capital_position
b_temple_of_wisdom,c_coast_way,2530,2586,1743,2612.2,1819.5,80.9,no,sampled
b_codscove,c_codsbay,2761,1896,1651,1903.5,1644.8,9.7,yes,capital_position
b_serpar,c_coilvines,1561,3094,3599,3095.9,3601.6,3.3,yes,capital_position
b_cold_field,c_cold_field,886,3929,1528,3931.0,1525.4,3.3,yes,capital_position
b_meruindelve,c_cold_vale,1899,2868,541,2871.9,531.8,10.0,yes,capital_position
b_frosteeth,c_coldcrag,2722,1079,232,1077.1,232.2,1.9,yes,capital_position
b_arrlaur,c_coldlight_cliffs,112,444,2219,447.5,2216.8,4.1,yes,capital_position
b_thradulf,c_coldwood,1990,2840,470,2845.3,462.0,9.6,yes,capital_position
b_colletro,c_colletro,478,4240,2303,4234.8,2304.5,5.4,yes,capital_position
b_galb,c_colletro,479,4259,2315,4256.7,2295.8,19.4,yes,sampled
b_timarl,c_conaluil,2391,4372,4097,4367.7,4085.8,12.0,yes,capital_position
b_madia,c_conaluil,2392,4310,4070,4352.2,4143.4,84.7,no,sampled
b_umes,c_conaluil,2393,4324,4121,4308.0,4077.9,46.0,no,sampled
b_condish,c_conaluil_range,2388,4212,4043,4209.4,4039.8,4.2,yes,capital_position
b_phandalin,c_cony_gap,2106,2262,838,2264.6,836.0,3.3,yes,capital_position
b_axeholm,c_cony_gap,2108,2244,853,2274.6,855.3,30.7,no,sampled
b_ieirithymbul,c_cony_gap,2109,2277,824,2245.0,851.0,41.9,no,sampled
b_umbrage_hill,c_cony_gap,2107,2250,822,2268.1,815.7,19.2,yes,sampled
b_conyberry,c_conyberry,2111,2365,793,2353.9,797.6,12.0,yes,capital_position
b_corellons_grove,c_corellons_grove,947,384,1332,393.6,1344.2,15.5,yes,capital_position
b_lynrion,c_corellons_grove,948,378,1359,401.8,1307.1,57.1,no,sampled
b_nythle_serin,c_corellons_grove,949,403,1344,353.0,1329.0,52.2,no,sampled
b_corm_orp,c_corm_orp,2578,3051,1586,3055.7,1598.7,13.5,yes,capital_position
b_cokhis,c_cormanda,53,1072,2444,1073.9,2442.3,2.6,yes,capital_position
b_valash,c_cortrynn,226,3128,2151,3124.2,2134.1,17.4,yes,capital_position
b_kingard,c_cortrynn,227,3137,2141,3142.9,2187.8,47.2,no,sampled
b_dynnatt,c_corwell,2744,1910,1770,1897.6,1776.0,13.8,yes,sampled
b_kalax,c_couatl_wilds,639,1924,3456,1913.9,3445.9,14.2,yes,capital_position
b_feathered_port,c_couatls_landing,1454,605,5131,606.6,5129.0,2.6,yes,capital_position
b_hillgard,c_council_hills,2244,4881,2991,4883.6,2991.6,2.6,yes,capital_position
b_azil,c_council_hills,2245,4847,2991,4834.1,2976.0,19.8,yes,sampled
b_raerest,c_crab_reach,2532,2485,1827,2486.1,1826.3,1.3,yes,capital_position
b_cragmaw,c_cragmaw,2136,2250,781,2253.9,783.1,4.5,yes,capital_position
b_crimmor,c_crimmor,184,2660,2022,2660.6,2018.8,3.2,yes,capital_position
b_chaunteas_cradle,c_crimmor,186,2680,2034,2643.2,2024.5,38.0,no,sampled
b_crytrapper,c_crimmor,185,2670,2012,2678.5,2019.3,11.3,yes,sampled
b_culmaster,c_culmaster,1864,4621,1758,4624.3,1750.5,8.2,yes,capital_position
b_thassalra,c_culmaster,1865,4591,1731,4590.4,1748.1,17.1,yes,sampled
b_curstallyon,c_curstallyon,1415,1355,4318,1361.3,4313.3,7.9,yes,capital_position
b_esdul,c_curstallyon,1416,1326,4291,1406.2,4354.7,102.4,no,sampled
b_tethmore,c_curstallyon,1417,1375,4330,1317.4,4306.8,62.1,no,sampled
b_al_sisarran,c_dabab,3559,5484,6476,5485.3,6477.6,2.0,yes,capital_position
b_daerlun,c_daerlun,1154,3577,1743,3578.6,1743.1,1.6,yes,capital_position
b_bergun_hall,c_daerlun,1155,3583,1717,3523.6,1746.9,66.5,no,sampled
b_griffonfang_bridge,c_daerlun,1157,3546,1739,3551.6,1742.2,6.4,yes,sampled
b_house_of_firehair,c_daerlun,1156,3556,1760,3592.1,1712.2,59.9,no,sampled
b_daerr,c_daerr,40,861,2487,855.3,2482.5,7.3,yes,capital_position
b_corglaak,c_daerr,41,876,2440,879.4,2444.9,6.0,yes,sampled
b_castle_daggerdale,c_dagger_falls,912,3620,1301,3613.4,1297.7,7.4,yes,capital_position
b_dagger_falls,c_dagger_falls,913,3632,1285,3646.3,1295.2,17.5,yes,sampled
b_white_chalk_hollow,c_daggerdale,909,3612,1346,3617.5,1340.8,7.6,yes,capital_position
b_dordrien_keep,c_daggerdale,911,3583,1328,3614.0,1363.9,47.4,no,sampled
b_teshmere,c_daggerdale,910,3630,1336,3594.2,1328.2,36.6,no,sampled
b_ducal_castle,c_daggerford,2897,2440,1152,2436.0,1154.4,4.7,yes,capital_position
b_daggerford,c_daggerford,2898,2457,1125,2467.1,1127.1,10.4,yes,sampled
b_morninglow_tower,c_daggerford,2899,2451,1139,2445.9,1127.1,12.9,yes,sampled
b_al_fujinat,c_dahab_island,3406,5082,5426,5083.7,5424.1,2.6,yes,capital_position
b_dakan,c_dakan,3273,5983,6013,5975.7,6013.4,7.3,yes,capital_position
b_hamail,c_dakan,3274,5963,6024,6008.2,6010.3,47.2,no,sampled
b_dalath,c_dalath,2790,4740,2589,4740.5,2582.2,6.8,yes,capital_position
b_nidunch,c_dalath,2792,4759,2600,4766.9,2589.4,13.2,yes,sampled
b_talukad,c_dalath,2791,4750,2579,4711.3,2587.0,39.5,no,sampled
b_fort_dalton,c_daltonsvale,743,4071,1361,4076.5,1369.5,10.1,yes,capital_position
b_maskyrs_trail,c_daltonsvale,744,4091,1373,4067.0,1340.3,40.5,no,sampled
b_ashavasa,c_dalvind,1285,6428,3453,6430.3,3451.9,2.5,yes,capital_position
b_emu,c_damu,3433,4285,6042,4361.8,6043.0,76.8,yes,capital_position
b_dolphin_waters,c_dancing_dolphins,2412,4658,4139,4647.8,4151.5,16.2,yes,capital_position
b_daong,c_daong_forest,1466,7585,3187,7588.5,3175.7,11.8,yes,capital_position
b_dapplegate,c_dapplegate,415,3491,3062,3491.0,3052.5,9.5,yes,capital_position
b_gallard,c_dapplegate,416,3475,3085,3463.9,3073.7,15.8,yes,sampled
b_selpt,c_dapplegate,417,3481,3052,3526.5,3054.7,45.5,no,sampled
b_darabjind,c_darabjind,1681,5858,2520,5858.7,2526.8,6.9,yes,capital_position
b_apashann,c_darabjind,1683,5877,2532,5825.7,2519.8,52.8,no,sampled
b_darakh,c_darakh,3108,6448,2124,6491.2,2115.2,44.1,yes,capital_position
b_taynligola,c_darakh,3109,6405,2139,6357.0,2131.3,48.6,yes,sampled
b_dareth_citadel,c_dareth,826,5135,679,5135.9,678.2,1.2,yes,capital_position
b_dark_arrow_keep,c_dark_arrow,1974,2645,484,2645.3,478.5,5.5,yes,capital_position
b_darkhold,c_darkhold,2574,3096,1651,3094.9,1652.2,1.6,yes,capital_position
b_far_hills_post,c_darkhold,2575,3118,1666,3083.8,1673.9,35.1,no,sampled
b_ink_dell,c_darkhold,2576,3081,1674,3117.1,1665.7,37.0,no,sampled
b_arnda,c_darkturret,82,337,2733,337.2,2730.4,2.6,yes,capital_position
b_minauthkeep,c_darkwoods,858,3888,1397,3896.1,1396.5,8.1,yes,capital_position
b_darmesh,c_darmesh,2413,4566,4213,4548.9,4199.6,21.7,yes,capital_position
b_far_outpost,c_darmesh,2414,4578,4185,4593.6,4172.6,20.0,yes,sampled
b_darmshall,c_darmshall,771,4187,1180,4190.1,1175.8,5.2,yes,capital_position
b_iron_divide,c_darmshall,774,4204,1176,4172.1,1170.3,32.4,no,sampled
b_maur_eturo,c_darmshall,772,4187,1164,4210.8,1171.2,24.8,no,sampled
b_nigels_ford,c_darmshall,773,4200,1176,4180.0,1197.8,29.6,no,sampled
b_darrawn,c_darrawn,132,743,2182,733.3,2176.6,11.1,yes,capital_position
b_kor_tera,c_darrawn,133,775,2186,793.9,2189.0,19.2,yes,sampled
b_mrorg,c_darrawn,134,755,2174,774.3,2153.1,28.5,no,sampled
b_black_quarter,c_darromar,2592,2916,2491,2886.1,2502.3,32.0,no,sampled
b_darromar,c_darromar,2589,2873,2487,2863.3,2497.0,13.9,no,sampled
b_garden_of_rhinda,c_darromar,2590,2895,2505,2883.1,2483.2,24.8,no,sampled
b_queens_market,c_darromar,2591,2907,2499,2911.4,2485.3,14.4,yes,sampled
b_dashadjen,c_dashadjen,332,2559,2683,2569.3,2686.4,10.8,yes,capital_position
b_altar_of_the_air,c_dashadjen,333,2578,2694,2538.3,2664.4,49.5,no,sampled
b_daunting,c_daunting,2206,4427,3163,4429.0,3162.5,2.1,yes,capital_position
b_sagat,c_dawihi_island,3519,6444,6065,6445.6,6063.7,2.1,yes,capital_position
b_parnast,c_dawn_pass,2949,2946,1086,2937.6,1084.1,8.6,yes,capital_position
b_dawn_pass,c_dawn_pass,2950,2987,1117,2987.6,1109.7,7.3,yes,sampled
b_dawngleam,c_dawngleam,989,3454,1770,3448.7,1766.9,6.2,yes,capital_position
b_kirinwood,c_dawngleam,990,3473,1774,3480.0,1775.7,7.2,yes,sampled
b_daynk,c_daynk,3104,6708,2327,6712.5,2331.3,6.2,yes,capital_position
b_dead_orc_pass,c_dead_orc_pass,1918,2883,582,2885.7,579.6,3.6,yes,capital_position
b_wasterun,c_deadstars,2275,3675,3546,3673.6,3552.7,6.9,yes,capital_position
b_planners_citadel,c_deep_imaskar,3639,5400,1270,5395.5,1276.1,7.6,yes,capital_position
b_deep_imaskar,c_deep_imaskar,3640,5434,1275,5387.6,1242.2,56.8,no,sampled
b_purple_library,c_deep_imaskar,3641,5383,1273,5429.7,1267.0,47.1,no,sampled
b_dekanter,c_dekanter,3615,2938,1127,2929.2,1125.1,9.0,yes,capital_position
b_dethdor,c_dekanter,3616,2948,1117,2962.5,1123.3,15.8,no,sampled
b_dekar,c_dekar,1336,6428,3714,6432.5,3685.9,28.5,yes,capital_position
b_pyra,c_dekar,1337,6399,3687,6431.1,3775.1,93.8,no,sampled
b_delbyl,c_delbyl,1671,5428,2399,5437.3,2413.7,17.4,yes,capital_position
b_tjenni,c_delbyl,1672,5447,2411,5407.9,2356.7,66.9,no,sampled
b_delliun,c_delliun,3060,8084,1774,8104.6,1796.8,30.7,yes,capital_position
b_darkvale,c_delliun,3062,8093,1764,8009.0,1818.3,100.0,no,sampled
b_pingliang,c_delliun,3061,8103,1786,8121.6,1687.3,100.4,no,sampled
b_procalith,c_delphin,1566,2971,3529,2966.3,3537.5,9.7,yes,capital_position
b_delrune,c_delrune,1204,5670,3191,5684.3,3181.9,16.9,yes,capital_position
b_delselar,c_delselar,680,2668,3748,2674.0,3759.5,13.0,yes,capital_position
b_chamba,c_delselar,682,2653,3771,2678.5,3729.0,49.1,no,sampled
b_chiko,c_delselar,681,2657,3736,2651.7,3729.3,8.6,yes,sampled
b_deltar,c_deltar,664,2475,3802,2492.9,3791.4,20.8,yes,capital_position
b_mpashi,c_deltar,665,2459,3826,2418.9,3831.3,40.4,no,sampled
b_delthuntle,c_delthuntle,2834,4417,1997,4431.4,1994.6,14.6,yes,capital_position
b_tyrnakaia,c_delthuntle,2835,4388,1969,4391.1,1993.2,24.4,yes,sampled
b_delzimmer,c_delzimmer,2234,4711,3615,4719.7,3600.3,17.1,yes,capital_position
b_avasta,c_delzimmer,2236,4697,3589,4714.9,3665.1,78.2,no,sampled
b_sacoth,c_delzimmer,2235,4736,3607,4658.6,3613.7,77.7,no,sampled
b_denderdale,c_denderdale,1831,4695,1352,4696.5,1338.7,13.4,yes,capital_position
b_denzar,c_denzar,1757,5250,1862,5248.3,1849.4,12.7,yes,capital_position
b_chur_gathos,c_denzar,1758,5226,1821,5227.1,1823.1,2.4,yes,sampled
b_deraala,c_deraala,2165,5424,1483,5429.2,1458.1,25.4,yes,capital_position
b_deraiairgak,c_deraiairgak,3149,7198,1608,7223.6,1626.4,31.5,yes,capital_position
b_derlusk,c_derlusk,421,3712,2913,3706.4,2924.5,12.8,yes,capital_position
b_luthbaern,c_derlusk,423,3704,2880,3747.4,2912.4,54.2,no,sampled
b_splondar,c_derlusk,422,3696,2937,3681.2,2883.4,55.6,no,sampled
b_doncastle,c_dernall,2733,2002,1569,2001.6,1563.5,5.5,yes,capital_position
b_aithelar,c_dernall,2734,1986,1582,2004.8,1583.1,18.8,yes,sampled
b_des,c_des,1297,5866,3400,5865.4,3397.6,2.5,yes,capital_position
b_despair,c_des,1299,5850,3423,5838.1,3406.1,20.7,yes,sampled
b_nisich,c_des,1298,5885,3412,5896.0,3395.3,20.0,yes,sampled
b_izots_tomb,c_despond,2241,4890,3386,4895.9,3365.5,21.4,yes,capital_position
b_saridang,c_detar_land,3186,7789,5213,7791.1,5211.6,2.6,yes,capital_position
b_dharvil,c_dharvil,824,4904,634,4928.1,600.3,41.4,yes,capital_position
b_dhaztanar,c_dhaztanar,1676,5821,2466,5822.2,2470.0,4.2,yes,capital_position
b_baduraya,c_dhaztanar,1678,5791,2438,5826.7,2435.9,35.8,no,sampled
b_hunam,c_dhaztanar,1680,5805,2489,5797.9,2481.1,10.6,yes,sampled
b_kili,c_dhaztanar,1679,5840,2477,5793.7,2450.3,53.4,no,sampled
b_dihliz,c_dihliz,3540,6297,6286,6304.2,6273.6,14.3,yes,capital_position
b_jura,c_dihliz,3542,6272,6255,6271.8,6266.7,11.7,yes,sampled
b_tescahaqd,c_dihliz,3541,6286,6269,6287.3,6319.7,50.7,no,sampled
b_dilpur,c_dilpur,1024,4402,1682,4395.9,1673.6,10.4,yes,capital_position
b_red_bluffs,c_dilpur,1025,4394,1668,4419.6,1680.0,28.3,no,sampled
b_djerad_dimee,c_dimee_moor,73,1087,2514,1088.5,2512.9,1.9,yes,capital_position
b_saasakhoura,c_dirs,3556,5897,6620,5897.7,6618.5,1.6,yes,capital_position
b_djerad_harngha,c_djerad_harngha,80,274,2810,280.0,2816.4,8.8,yes,capital_position
b_arora,c_djerad_harngha,81,288,2780,267.9,2776.0,20.5,yes,sampled
b_dlusk,c_dlusk,1057,4675,1934,4680.1,1931.0,5.9,yes,capital_position
b_mesring,c_dlusk,1058,4646,1907,4648.8,1916.5,9.9,yes,sampled
b_dmir,c_dmir,1734,4943,1819,4950.9,1821.7,8.3,yes,capital_position
b_alharera,c_dmir,1736,5012,1811,4914.4,1828.5,99.1,no,sampled
b_komikor,c_dmir,1735,4927,1842,5002.0,1809.8,81.6,no,sampled
b_quental,c_doegenflow,1355,6655,3916,6682.2,3937.3,34.5,yes,capital_position
b_agapu,c_doegenflow,1356,6690,3896,6681.7,3875.0,22.6,yes,sampled
b_iuham,c_doegwood,1357,6536,3849,6568.4,3856.2,33.2,yes,capital_position
b_masinamu,c_doegwood,1358,6507,3822,6482.8,3816.0,24.9,yes,sampled
b_dolblunde,c_dolblunde,3598,2334,1023,2338.4,1020.4,5.1,yes,capital_position
b_dolselgar,c_dolsel_gap,685,2723,3701,2723.5,3698.5,2.5,yes,capital_position
b_arechar,c_dragonbones,136,900,2215,901.0,2213.5,1.8,yes,capital_position
b_dragonbones,c_dragongrounds,2714,306,345,314.6,339.6,10.2,yes,capital_position
b_immurks_hold,c_dragonisle,1070,3999,1866,4004.1,1860.1,7.8,yes,capital_position
b_dragonspear_castle,c_dragonspear,2939,2659,1389,2697.5,1395.0,38.9,yes,capital_position
b_dralpur,c_dralpur,1276,6245,3327,6247.7,3327.2,2.7,yes,capital_position
b_mabagan,c_dralpur,1277,6284,3314,6299.4,3301.2,20.0,yes,sampled
b_zart,c_dralpur,1278,6215,3300,6203.0,3344.5,46.1,no,sampled
b_draya,c_draya,2350,7476,3613,7444.4,3597.6,35.2,yes,capital_position
b_fij,c_draya,2351,7540,3582,7558.7,3592.1,21.2,yes,sampled
b_drelagara,c_drelagara,955,313,1627,315.6,1624.8,3.4,yes,capital_position
b_drik_hargunen,c_drik_hargunen,3629,3772,2231,3773.3,2228.3,3.0,yes,capital_position
b_frostrill,c_druarwood,1989,2756,461,2756.3,459.1,1.9,yes,capital_position
b_drubiev,c_drubiev,2169,5488,1784,5464.3,1771.2,26.9,yes,capital_position
b_dubegat,c_dubegat,3264,5606,5403,5617.8,5400.7,12.0,yes,capital_position
b_duirtanal,c_duirtanal,1699,6002,2395,6005.4,2401.5,7.3,yes,capital_position
b_khalis,c_duirtanal,1700,6012,2386,6048.0,2366.8,40.8,no,sampled
b_wadieskab,c_duirtanal,1701,5973,2368,5959.1,2406.1,40.6,yes,sampled
b_dunland,c_dun_hills,1536,3493,3443,3503.8,3446.3,11.3,yes,capital_position
b_dun_orthass,c_dun_orthass,1028,4370,1629,4372.5,1626.1,3.8,yes,capital_position
b_dun_tharos,c_dun_tharos,1852,4625,1381,4626.6,1379.5,2.2,yes,capital_position
b_dunod,c_dunod,2638,2860,2427,2860.4,2428.1,1.2,yes,capital_position
b_pansemil,c_dunod,2639,2870,2417,2804.9,2426.2,65.8,no,sampled
b_dunspeirrin,c_dunspeirrin,3628,3790,2253,3792.2,2250.8,3.1,yes,capital_position
b_dag_nast,c_dunwood,1854,4627,1438,4627.8,1436.6,1.7,yes,capital_position
b_durgach,c_durgach,1221,5656,3421,5657.6,3430.1,9.2,yes,capital_position
b_gust,c_durgach,1222,5641,3445,5663.7,3394.4,55.4,no,sampled
b_durlags_tower,c_durlags_tower,2545,2692,1848,2694.1,1846.0,2.9,yes,capital_position
b_dusklan,c_dusklan,28,653,2815,652.2,2807.2,7.9,yes,capital_position
b_rondim,c_dusklan,29,663,2839,661.1,2834.6,4.7,yes,sampled
b_cointoll,c_dust_road,2224,5125,3109,5136.1,3092.7,19.7,yes,capital_position
b_bralizzar,c_dustwall,1203,5819,3195,5822.9,3184.9,10.9,yes,capital_position
b_lexx,c_dustwaves,1718,5905,2622,5922.8,2630.5,19.7,yes,capital_position
b_nulbundum,c_dustwaves,1719,5875,2595,5864.9,2607.3,15.9,yes,sampled
b_dwarven_valley,c_dwarven_valley,1932,2123,402,2121.9,403.4,1.8,yes,capital_position
b_termalaine,c_dwarven_valley,1933,2105,378,2111.9,382.2,8.1,yes,sampled
b_dynnegall,c_dynnegall,2763,1777,1666,1772.8,1661.9,5.9,yes,capital_position
b_dzoulins_cradle,c_dzoulins_cradle,2001,2500,341,2503.5,354.0,13.5,yes,capital_position
b_helespa,c_eagle_hills,936,341,1399,339.8,1379.6,19.5,yes,capital_position
b_uadinsa,c_eagle_hills,937,347,1418,349.3,1439.5,21.6,yes,sampled
b_eartheart,c_eartheart,2194,4535,3394,4537.0,3395.0,2.2,yes,capital_position
b_lowstair,c_eartheart,2196,4505,3367,4509.2,3380.8,14.4,yes,sampled
b_riftedge,c_eartheart,2195,4544,3384,4562.8,3382.1,18.9,no,sampled
b_earthfast,c_earthfast,1132,4306,1602,4301.3,1596.7,7.1,yes,capital_position
b_halrunedar,c_earthfast,1133,4298,1614,4323.0,1608.1,25.7,no,sampled
b_tomrav,c_earthwood,713,4275,1420,4275.7,1421.3,1.5,yes,capital_position
b_east_keep,c_east_keep,3603,2909,945,2908.1,946.9,2.1,yes,capital_position
b_mithril_pick_hall,c_east_keep,3605,2895,943,2902.9,925.0,19.7,no,sampled
b_wyrmstrike_mines,c_east_keep,3604,2911,931,2917.8,972.0,41.6,no,sampled
b_nanath,c_east_lluirwood,2492,5146,3689,5136.1,3695.1,11.6,yes,capital_position
b_myth_valorthae,c_east_methwood,2832,4736,2507,4738.8,2504.4,3.8,yes,capital_position
b_yuanqihar,c_east_rendai,2986,8031,2122,8009.3,2096.0,33.9,yes,capital_position
b_shanshan,c_east_rendai,2987,8041,2112,8108.0,2095.9,68.9,no,sampled
b_tengcheng,c_east_rendai,2988,8050,2133,7989.9,2197.9,88.5,no,sampled
b_rekkavik,c_east_soravia,705,4617,1137,4623.7,1129.0,10.4,yes,capital_position
b_hillfort_keshla,c_east_tejarn,222,3065,2172,3078.7,2174.0,13.8,yes,capital_position
b_junest,c_east_tejarn,223,3075,2163,3039.3,2159.7,35.8,no,sampled
b_tanglefoot,c_eastgulth,1093,3874,2004,3861.8,1999.0,13.2,yes,capital_position
b_easting,c_easting,2552,3118,1848,3126.1,1841.7,10.3,yes,capital_position
b_eastwood,c_eastwood,2050,2823,937,2826.0,944.6,8.2,yes,capital_position
b_karscragg,c_eastwood,2051,2832,928,2866.3,902.7,42.6,no,sampled
b_starpoint,c_eastwood,2052,2829,904,2833.6,902.3,4.9,yes,sampled
b_al_bariya,c_eayan_aljunun,3554,6055,6443,6057.1,6440.3,3.4,yes,capital_position
b_ebenfar,c_ebenfar,2941,2684,1316,2668.1,1309.6,17.2,yes,capital_position
b_hark,c_ebenfar,2942,2694,1307,2734.9,1324.6,44.5,no,sampled
b_edenvale,c_edenvale,1361,6792,3841,6785.0,3840.6,7.0,yes,capital_position
b_akarin,c_edenvale,1362,6763,3836,6735.2,3853.8,33.0,no,sampled
b_myizapu,c_edenvale,1363,6739,3881,6831.3,3835.9,102.7,no,sampled
b_edouura,c_edouura,2444,3692,3783,3704.9,3769.7,18.5,yes,capital_position
b_alathil,c_edouura,2446,3663,3755,3658.1,3767.2,13.1,yes,sampled
b_hamphal,c_edouura,2445,3702,3773,3710.2,3822.9,50.6,no,sampled
b_eghagu,c_eghagu,808,4492,871,4493.6,867.2,4.2,yes,capital_position
b_cassiddifel,c_ejen_horo,2174,5647,2057,5650.0,2057.9,3.2,yes,capital_position
b_ekwong,c_ekwong,2352,7771,3824,7783.2,3830.0,13.6,yes,capital_position
b_elbencort,c_elbencort,2628,3202,2343,3215.4,2351.5,15.8,yes,capital_position
b_tagarath,c_elbencort,2629,3219,2325,3199.0,2313.3,23.2,yes,sampled
b_elbulder,c_elbulder,570,3960,2538,3956.3,2539.4,4.0,yes,capital_position
b_eveshades,c_elbulder,571,4013,2528,4016.8,2572.3,44.5,no,sampled
b_perlshaw,c_elbulder,572,3968,2567,4018.9,2527.9,64.2,no,sampled
b_elchul,c_elchulmarch,2435,3808,3953,3789.3,3966.2,22.9,yes,capital_position
b_everspree,c_elchulmarch,2436,3759,3970,3781.7,3902.1,71.6,no,sampled
b_eldaths_water,c_eldaths_water,2916,2563,1252,2561.9,1257.0,5.1,yes,capital_position
b_eldersvale,c_eldergroves,579,4144,2712,4132.3,2718.9,13.6,yes,capital_position
b_eldrinfar,c_eldrinfar,1351,6620,3939,6619.7,3933.3,5.7,yes,capital_position
b_alarpo,c_eldrinfar,1353,6577,3933,6573.4,3946.7,14.1,yes,sampled
b_anylpe,c_eldrinfar,1352,6626,3972,6600.5,3993.3,33.2,no,sampled
b_elahi,c_eldrinfar,1354,6606,3961,6634.3,3970.3,29.8,no,sampled
b_myratma,c_elemetar,2651,2672,2536,2668.3,2537.6,4.0,yes,capital_position
b_khaarysaim,c_elemetar,2652,2702,2530,2714.9,2536.2,14.3,yes,sampled
b_elghal,c_elghal,482,4259,2468,4243.7,2460.3,17.1,yes,capital_position
b_latun_stronghold,c_elghal,483,4230,2440,4291.5,2493.7,81.7,no,sampled
b_craulnober_keep,c_elion,950,337,1285,326.1,1282.7,11.1,yes,capital_position
b_elion,c_elion,951,356,1297,373.4,1285.1,21.0,yes,sampled
b_elmwood,c_elmwood,731,4011,1356,4004.8,1352.8,7.0,yes,capital_position
b_littleford,c_elmwood,732,4034,1375,4031.2,1370.9,4.9,yes,sampled
b_elne,c_elne,3547,6364,6206,6343.2,6204.1,20.9,yes,capital_position
b_eltabbar,c_eltabbar,1747,5074,1868,5071.3,1867.0,2.9,yes,capital_position
b_daerath,c_eltabbar,1748,5080,1895,5073.6,1833.1,62.3,no,sampled
b_pargethos,c_eltabbar,1750,5058,1891,5066.2,1892.7,8.4,yes,sampled
b_elturel,c_elturel,2534,2813,1643,2811.6,1639.3,4.0,yes,capital_position
b_chesseni,c_elturel,2537,2829,1616,2841.0,1642.7,29.3,no,sampled
b_ferngul,c_elturel,2536,2838,1637,2827.5,1616.5,23.0,no,sampled
b_fort_morninglord,c_elturel,2535,2819,1625,2806.3,1599.7,28.3,no,sampled
b_elven_court,c_elven_court,856,3962,1397,3954.6,1397.8,7.5,yes,capital_position
b_xenphal,c_elven_court,857,3933,1369,3990.3,1381.0,58.5,no,sampled
b_elven_port,c_elven_port,2053,2852,812,2843.8,811.1,8.3,yes,capital_position
b_nar_kerymhoarth,c_elven_port,2054,2815,836,2859.1,852.1,46.9,no,sampled
b_elventree,c_elventree,729,3935,1330,3931.8,1333.9,5.0,yes,capital_position
b_halls_of_the_unicorn,c_elventree,730,3962,1354,3962.0,1345.9,8.1,yes,sampled
b_moonstorm_house,c_elversult,1082,3309,1854,3309.6,1853.4,0.8,yes,capital_position
b_elversult,c_elversult,1083,3280,1827,3341.0,1851.8,65.8,no,sampled
b_temple_hill,c_elversult,1084,3294,1877,3275.1,1842.4,39.4,no,sampled
b_the_fair,c_elversult,1085,3323,1862,3295.1,1882.6,34.7,no,sampled
b_elveswatch,c_elveswatch,2385,4584,3712,4597.4,3701.3,17.1,yes,capital_position
b_emmech,c_emmech,1055,4709,1893,4712.6,1881.5,12.1,yes,capital_position
b_viedana,c_emmech,1056,4679,1866,4686.9,1877.1,13.6,yes,sampled
b_end_of_light,c_end_of_light,833,3974,375,3989.8,365.4,18.5,yes,capital_position
b_deathpines,c_end_of_light,834,3958,347,3899.2,331.5,60.8,no,sampled
b_endar_aglandtor,c_endar_aglandtor,2937,3004,1342,2996.0,1351.8,12.7,yes,capital_position
b_mansfield,c_endar_aglandtor,2938,2977,1348,3020.7,1309.3,58.3,no,sampled
b_fir_palace,c_endless_blizzard,1994,2942,390,2957.2,403.2,20.1,yes,capital_position
b_storming_gorge,c_endless_blizzard,1995,2961,402,2896.1,339.8,89.9,no,sampled
b_tikana,c_enlightened_ring,1389,6585,4860,6563.8,4843.2,27.1,yes,capital_position
b_dattaramopahe,c_enlightened_ring,1390,6567,4883,6593.8,4907.7,36.5,no,sampled
b_gafolh,c_envarl,1187,5508,3531,5493.8,3533.0,14.3,yes,capital_position
b_mangori,c_envarl,1188,5525,3546,5547.0,3532.2,25.9,no,sampled
b_erebos,c_erebos,2855,4498,2229,4499.1,2227.9,1.6,yes,capital_position
b_amalin,c_erebos,2856,4494,2217,4520.0,2224.3,27.0,no,sampled
b_boscara,c_erebos,2857,4507,2235,4477.7,2227.2,30.3,no,sampled
b_julrish,c_erech_forest,1823,5045,1305,5045.7,1303.2,1.9,yes,capital_position
b_errusk,c_errusk,1315,5178,3429,5163.0,3444.8,21.8,yes,capital_position
b_edgelight,c_erum,1311,5617,3501,5608.1,3495.3,10.6,yes,capital_position
b_cedtarzahs_rock,c_erum,1312,5643,3480,5673.9,3487.0,31.6,yes,sampled
b_eryndlyn,c_eryndlyn,3593,2592,1221,2594.9,1227.3,7.0,yes,capital_position
b_five_pillars,c_eryndlyn,3594,2602,1211,2590.0,1202.8,14.5,no,sampled
b_esbresh,c_esbresh,1333,6086,3527,6087.6,3524.7,2.8,yes,capital_position
b_charinc,c_esbresh,1334,6057,3499,6124.8,3526.2,73.1,no,sampled
b_sharenda,c_esbresh,1335,6071,3550,6051.1,3532.5,26.5,yes,sampled
b_escalant,c_escalant,1759,4785,2069,4780.7,2064.4,6.3,yes,capital_position
b_asha_masdak,c_escalant,1760,4781,2051,4781.1,2091.0,40.0,no,sampled
b_stal_masdak,c_escalant,1761,4795,2067,4802.2,2058.3,11.3,no,sampled
b_eshpurta,c_eshpurta,193,3036,2055,3031.9,2051.7,5.3,yes,capital_position
b_golden_fortress,c_eshpurta,194,3012,2059,2992.1,2045.1,24.3,no,sampled
b_towers_of_the_vengeful_hand,c_eshpurta,195,3032,2071,3001.0,2070.6,31.0,no,sampled
b_towers_of_willful_suffering,c_eshpurta,196,3022,2049,3048.7,2072.3,35.4,no,sampled
b_true_eskat,c_eskat,2233,4666,3476,4671.3,3470.7,7.5,yes,capital_position
b_esmeltaran,c_esmeltaran,203,2801,2104,2818.9,2099.3,18.5,yes,capital_position
b_kings_arch,c_esmeltaran,204,2827,2088,2763.5,2099.4,64.5,no,sampled
b_essembra,c_essembra,897,3769,1516,3777.8,1514.3,9.0,yes,capital_position
b_oaknoll,c_essembra,899,3759,1471,3753.2,1522.0,51.4,no,sampled
b_tangled_trees,c_essembra,898,3761,1492,3764.5,1479.2,13.3,yes,sampled
b_erath,c_estan,1725,6018,2176,6039.6,2160.8,26.4,yes,capital_position
b_alech,c_estan,1726,6004,2212,5972.8,2209.2,31.3,yes,sampled
b_ethvale,c_ethvale,1878,4748,1821,4762.6,1826.9,15.8,yes,capital_position
b_avargand,c_ethvale,1879,4775,1807,4705.7,1791.7,70.9,no,sampled
b_eveningstar,c_eveningstar,1010,3325,1629,3321.2,1631.3,4.4,yes,capital_position
b_espar,c_eveningstar,1011,3356,1635,3305.2,1649.3,52.8,no,sampled
b_harkstead,c_eveningstar,1013,3313,1653,3332.0,1613.9,43.5,no,sampled
b_tyrluk,c_eveningstar,1012,3315,1621,3350.0,1632.0,36.7,no,sampled
b_cloudcrown,c_evereska,2917,3102,1316,3100.7,1320.3,4.5,yes,capital_position
b_evereska,c_evereska,2918,3112,1307,3107.6,1292.8,14.9,yes,sampled
b_fountainheart_of_shimmering_gold,c_evereska,2921,3073,1289,3081.3,1336.0,47.7,no,sampled
b_shaeradim,c_evereska,2919,3087,1340,3072.7,1304.8,38.0,no,sampled
b_the_sisters,c_evereska,2920,3087,1303,3122.0,1325.3,41.5,no,sampled
b_hall_of_the_elders,c_everlund,1919,2711,683,2723.9,686.2,13.3,yes,capital_position
b_everlund,c_everlund,1920,2729,674,2692.1,672.3,36.9,no,sampled
b_moongleam,c_everlund,1921,2690,664,2684.9,705.1,41.4,no,sampled
b_evermelt,c_evermelt,1943,2211,373,2218.2,384.6,13.7,yes,capital_position
b_alhanar,c_everwide,1323,5010,3355,5021.4,3356.5,11.5,yes,capital_position
b_fortress_eyegad,c_eyegad,1977,2574,466,2577.9,465.0,4.0,yes,capital_position
b_faeressar,c_faeressar,368,2848,2677,2824.8,2688.0,25.7,yes,capital_position
b_fahhas,c_fahhas,3269,5914,6013,5915.1,6016.6,3.8,yes,capital_position
b_sabam,c_fahhas,3270,5932,6038,5955.0,6044.6,24.0,no,sampled
b_shamai,c_fahhas,3271,5910,6024,5926.1,6042.8,24.7,no,sampled
b_blackstone,c_fairheight,2741,2059,1465,2052.0,1462.9,7.3,yes,capital_position
b_white_rock,c_fairheight,2742,2045,1471,2020.7,1482.7,27.0,no,sampled
b_negarath,c_fallen_giant_rift,306,3393,990,3387.7,971.5,19.3,yes,capital_position
b_saharelgard,c_fallen_lands,2067,2958,937,2965.5,940.2,8.2,yes,capital_position
b_dry_hills,c_fallen_lands,2068,2954,978,2952.0,1006.1,28.2,yes,sampled
b_ustark,c_fallen_lands,2069,2977,949,2976.4,874.4,74.6,no,sampled
b_open_fields,c_fallow_steppe,1463,7363,2974,7361.0,2969.4,5.1,yes,capital_position
b_ixxim,c_falls_of_erech,1824,5058,1231,5060.1,1228.0,3.7,yes,capital_position
b_fanedown,c_fanedown,10,939,2839,933.5,2834.2,7.2,yes,capital_position
b_mraelarneka,c_fanedown,11,917,2821,982.9,2825.1,66.1,no,sampled
b_haantamm,c_fangmoor,144,1009,2262,1012.0,2260.8,3.3,yes,capital_position
b_fanus,c_fanus,3278,5871,6226,5879.8,6222.5,9.4,yes,capital_position
b_haralus,c_fanus,3279,5907,6220,5896.9,6185.0,36.4,no,sampled
b_taerymdoom,c_far_forest,2063,2952,775,2972.3,759.8,25.3,yes,capital_position
b_far_nemoree,c_far_nemoree,3400,6012,4277,6012.8,4276.0,1.3,yes,capital_position
b_shaqu,c_far_ulhai,157,7450,365,7490.3,334.6,50.4,yes,capital_position
b_farpoint,c_farhaven,1427,993,4592,1002.0,4584.7,11.6,yes,capital_position
b_torlar_under_sun,c_farhaven,1428,984,4613,969.5,4604.6,16.7,yes,sampled
b_oakmere,c_farsea_marsh,283,3251,1584,3256.1,1590.7,8.4,yes,capital_position
b_asple,c_farshore,521,4120,2182,4114.5,2179.1,6.2,yes,capital_position
b_gildensails,c_farshore,523,4138,2184,4145.6,2158.5,26.6,no,sampled
b_torl,c_farshore,522,4105,2172,4079.4,2215.2,50.2,no,sampled
b_fasriul,c_fasriul,2480,4969,3738,4975.9,3736.3,7.1,yes,capital_position
b_crimmel,c_fasriul,2481,5008,3744,5042.8,3744.3,34.8,yes,sampled
b_paerzula,c_fasriul,2482,4992,3722,4916.3,3753.9,82.1,no,sampled
b_fatuta_chuba,c_fatuta_chuba,1455,7105,2851,7117.5,2839.4,17.1,yes,capital_position
b_feifeng,c_feifeng,2999,8107,3970,8108.0,3979.6,9.6,yes,capital_position
b_itu,c_feifeng,3000,8093,3933,8084.6,3912.3,22.4,yes,sampled
b_citadel_felbarr,c_felbarr,1916,2772,574,2757.3,575.0,14.8,yes,capital_position
b_felbarr_fields,c_felbarr,1917,2788,562,2804.7,569.8,18.4,yes,sampled
b_shallows,c_fell_pass,1975,2588,494,2584.5,494.1,3.5,yes,capital_position
b_castle_of_illusion,c_fell_pass,1976,2614,509,2617.4,498.5,11.0,yes,sampled
b_fendarls_gate,c_fendarls_gate,2560,2999,1844,2987.7,1847.4,11.9,yes,capital_position
b_kaleth,c_fergana,1727,6067,2278,6061.9,2273.8,6.6,yes,capital_position
b_far_amegal,c_fergana,1728,6081,2303,6145.4,2284.3,67.1,no,sampled
b_meiliang,c_fertile_moon,3019,7621,2438,7629.2,2431.4,10.5,yes,capital_position
b_fida,c_fida,3455,5062,6009,5064.7,6007.6,3.0,yes,capital_position
b_nimjammir,c_fields_of_ganath,1645,5256,2270,5260.0,2269.9,4.0,yes,capital_position
b_punjwar,c_fields_of_ganath,1646,5230,2262,5207.1,2265.8,23.2,yes,sampled
b_kesker,c_fields_of_kesk,1605,5350,2464,5330.3,2464.9,19.8,yes,capital_position
b_ghujel,c_fields_of_kesk,1606,5359,2454,5405.6,2457.0,46.7,no,sampled
b_fields_of_nun,c_fields_of_nun,466,4130,2323,4131.3,2320.5,2.8,yes,capital_position
b_aktyn,c_fields_of_pryollus,2891,4804,2251,4797.6,2251.2,6.4,yes,capital_position
b_gonnach,c_fields_of_pryollus,2892,4824,2262,4837.3,2259.8,13.5,yes,sampled
b_eski,c_fields_of_rime,829,3665,552,3673.5,536.8,17.4,yes,capital_position
b_tonglish,c_fields_of_salt,2968,7640,2309,7681.7,2319.0,42.9,yes,capital_position
b_tighyshi,c_fiends_wing,1405,6585,4729,6568.9,4707.6,26.8,yes,capital_position
b_raladha,c_fiends_wing,1406,6593,4709,6621.3,4741.2,42.8,no,sampled
b_chapterhouse,c_finger_pass,235,2729,2182,2730.3,2180.8,1.8,yes,capital_position
b_dragon_falls,c_fire_river,1120,4157,1582,4157.8,1577.1,4.9,yes,capital_position
b_goldenford,c_fire_river,1121,4130,1576,4128.3,1573.1,3.4,yes,sampled
b_firealm_tower,c_firealm,1347,6718,3548,6691.3,3560.7,29.6,yes,capital_position
b_vorshtish,c_firealm,1348,6682,3574,6762.8,3517.0,98.9,no,sampled
b_millvulthan,c_firedrake,2612,2360,2215,2363.5,2212.6,4.3,yes,capital_position
b_the_stoneblade,c_firedrake,2615,2401,2212,2414.6,2215.8,14.1,yes,sampled
b_tordraken,c_firedrake,2614,2328,2206,2322.1,2226.5,21.4,yes,sampled
b_velen,c_firedrake,2613,2377,2192,2420.6,2187.4,43.9,no,sampled
b_fireforges,c_fireforges,3634,4750,2217,4746.9,2220.5,4.7,yes,capital_position
b_chund_peak,c_fireforges,3635,4759,2208,4771.2,2219.6,16.9,no,sampled
b_siremun,c_firepeaks,3645,5998,1807,5995.1,1808.8,3.4,yes,capital_position
b_diarintarj,c_firepeaks,3647,5969,1780,6009.3,1778.3,40.4,yes,sampled
b_natoigo,c_firepeaks,3646,5981,1825,5984.4,1841.3,16.7,yes,sampled
b_windlyne_fort,c_fireshear,1935,2047,531,2060.1,535.3,13.8,yes,capital_position
b_fireshear,c_fireshear,1936,2031,554,2003.5,512.3,49.9,no,sampled
b_imval_vale,c_firesteap_hills,2289,3978,2931,4001.1,2925.3,23.8,yes,capital_position
b_firepost,c_firesteap_woods,578,4091,2839,4084.9,2849.9,12.5,yes,capital_position
b_firetrees,c_firetrees,2787,4736,2663,4736.6,2661.4,1.7,yes,capital_position
b_kingsarch,c_firetrees,2788,4746,2653,4764.3,2655.2,18.4,no,sampled
b_sige,c_firetrees,2789,4755,2675,4710.0,2664.1,46.3,no,sampled
b_firewine_bridge,c_firewine,2561,2735,1905,2726.2,1898.7,10.8,yes,capital_position
b_gullykin,c_firewine,2562,2702,1915,2724.3,1946.2,38.4,no,sampled
b_flamsterd,c_flamsterd,2756,1783,1819,1785.9,1816.7,3.7,yes,capital_position
b_flatshield_rise,c_flatshield,2283,4023,3537,4043.7,3533.2,21.1,yes,capital_position
b_flint_rock,c_flint_rock,1988,2488,732,2491.4,730.6,3.6,yes,capital_position
b_terva,c_flowery_well,3115,6667,1770,6686.8,1748.4,29.3,yes,capital_position
b_flyndagol,c_flyndagol,1291,6125,3109,6101.7,3125.2,28.4,yes,capital_position
b_dispura,c_flyndagol,1292,6096,3081,6139.7,3062.7,47.4,no,sampled
b_serpents_cowl,c_forest_of_wyrms,2926,2844,1473,2843.6,1470.5,2.5,yes,capital_position
b_jianggong,c_forests_edge,3087,7800,3071,7802.7,3068.9,3.5,yes,capital_position
b_forgefires,c_forgefires,141,708,2219,710.8,2217.9,3.0,yes,capital_position
b_oaksong_tower,c_forgotten_forest,2931,2991,1207,2992.3,1195.3,11.7,yes,capital_position
b_forharn,c_forharn,3681,3782,1047,3778.8,1044.8,3.9,yes,capital_position
b_geshun,c_forharn,3683,3800,1037,3800.7,1036.6,0.8,yes,sampled
b_kossuths_ire,c_forharn,3682,3810,1059,3809.9,1055.7,3.3,yes,sampled
b_firehammer_hold,c_forlorn_hills,2101,2492,1051,2498.4,1048.7,6.8,yes,capital_position
b_house_of_taeros,c_forlorn_hills,2103,2465,1033,2491.1,1086.1,59.1,no,sampled
b_torstultok,c_forlorn_hills,2102,2492,1094,2456.1,1027.2,75.8,no,sampled
b_keldsgar,c_fornaluit_plain,2499,4341,3843,4341.5,3846.2,3.3,yes,capital_position
b_forol,c_forol,2228,4711,3109,4706.5,3113.7,6.5,yes,capital_position
b_earalnst,c_free_heights,1283,6370,3372,6388.3,3359.8,22.0,yes,capital_position
b_freedale,c_freedale,890,3657,1430,3659.6,1423.1,7.3,yes,capital_position
b_rogarsheim,c_frostfenn,2766,1769,1465,1787.1,1462.1,18.3,yes,capital_position
b_frozen_flindyke,c_frozen_flindyke,836,3858,949,3873.6,916.3,36.2,yes,capital_position
b_gartthalt,c_frozen_forest,842,3761,705,3763.0,702.5,3.2,yes,capital_position
b_acks,c_fuirgar,1236,5352,2772,5338.7,2758.5,18.9,yes,capital_position
b_telser,c_fuirgar,1237,5338,2802,5404.1,2759.9,78.4,no,sampled
b_vasherjar,c_fuirgar,1238,5322,2745,5340.4,2810.8,68.4,no,sampled
b_fujegat,c_fujegat,3303,5952,5849,5967.2,5853.5,15.9,yes,capital_position
b_banad,c_fujegat,3304,5922,5862,5925.9,5833.9,28.4,yes,sampled
b_fukiow,c_fukiow,3057,8004,1635,8008.2,1631.4,5.5,yes,capital_position
b_donggyi,c_fukiow,3058,7974,1657,7980.4,1724.4,67.7,no,sampled
b_fusselflow,c_fussellshade,2821,4460,2720,4483.1,2730.3,25.3,yes,capital_position
b_ari_avelba,c_fussellshade,2822,4421,2733,4361.0,2723.2,60.8,no,sampled
b_fustat,c_fustat,1711,6151,2368,6177.3,2373.4,26.8,yes,capital_position
b_yarkamm,c_fustat,1712,6129,2358,6108.9,2355.9,20.2,yes,sampled
b_jhaansciim,c_fyraven,2616,2496,2257,2493.4,2263.4,6.9,yes,capital_position
b_honourguard,c_fyraven,2617,2481,2280,2567.6,2236.2,97.1,no,sampled
b_khalids_wall,c_fyraven,2618,2516,2268,2459.7,2241.1,62.4,no,sampled
b_vangsland,c_gaethluntar,830,3778,566,3790.0,565.6,12.0,yes,capital_position
b_kinbrace,c_galena_snake,699,4396,1156,4392.1,1155.4,4.0,yes,capital_position
b_kinnery,c_galena_snake,700,4425,1188,4423.6,1210.1,22.2,yes,sampled
b_sulasspryn,c_galenarr,748,4109,1252,4127.1,1250.6,18.2,yes,capital_position
b_gallads_garden,c_gallads_garden,2002,2664,382,2651.4,384.1,12.7,yes,capital_position
b_galuka,c_galuka,2161,5586,1373,5560.5,1380.1,26.5,yes,capital_position
b_gamruhan,c_gamruhan,3353,5627,5790,5625.2,5793.1,3.6,yes,capital_position
b_gana,c_gana,3476,5479,6218,5472.5,6215.2,7.0,yes,capital_position
b_kache,c_gana,3477,5463,6177,5432.8,6200.0,37.9,no,sampled
b_wad_menar,c_gana,3478,5481,6189,5484.3,6172.8,16.5,yes,sampled
b_shendra,c_ganathwood,1647,5277,2204,5254.4,2202.8,22.7,yes,capital_position
b_imasq,c_ganathwood,1648,5287,2194,5328.6,2200.1,42.0,no,sampled
b_nathong,c_gate_of_heaven,1387,6567,4815,6571.2,4823.2,9.2,yes,capital_position
b_taranvanp,c_gate_of_heaven,1388,6577,4828,6561.7,4793.5,37.7,no,sampled
b_gauros_keep,c_gauros,1755,5221,1737,5223.8,1748.7,12.1,yes,capital_position
b_achnizu,c_gauros,1756,5230,1760,5270.4,1750.2,41.6,no,sampled
b_geman,c_geman,2183,5336,890,5351.4,907.2,23.1,yes,capital_position
b_ermani,c_generals_stand,3063,7617,1565,7619.2,1562.7,3.2,yes,capital_position
b_genies_garden,c_genies_garden,3334,6079,4995,6089.0,4969.6,27.3,yes,capital_position
b_genval,c_genval,2291,3776,3142,3778.6,3129.9,12.4,yes,capital_position
b_bexel,c_ghaastwood,1729,5750,2153,5754.1,2147.2,7.1,yes,capital_position
b_ghajar,c_ghajar,3391,5375,4850,5376.1,4848.0,2.3,yes,capital_position
b_borah,c_ghalagar,2430,3491,3970,3492.0,3973.3,3.5,yes,capital_position
b_gheldaneth,c_gheldaneth,1621,5012,2587,5013.1,2593.4,6.5,yes,capital_position
b_azala,c_gheldaneth,1623,5060,2591,5075.7,2589.4,15.8,yes,sampled
b_dazarqash,c_gheldaneth,1624,5041,2579,5043.8,2585.5,7.1,yes,sampled
b_delgora,c_gheldaneth,1622,5025,2602,5061.9,2615.8,39.4,no,sampled
b_ings,c_ghost_leopard,1396,6442,4733,6432.2,4755.7,24.7,yes,capital_position
b_narmuli,c_ghost_leopard,1397,6424,4735,6479.5,4666.2,88.4,no,sampled
b_giant_gap,c_giant_gap,1835,4537,1256,4539.5,1254.3,3.0,yes,capital_position
b_iisilmark,c_giants_run,543,3290,2088,3307.0,2075.6,21.1,yes,capital_position
b_gildenglade,c_gildenglade,496,3980,2180,3981.5,2174.3,5.9,yes,capital_position
b_banathar,c_gildenglade,498,3999,2192,3951.2,2169.5,52.8,no,sampled
b_merrydell,c_gildenglade,497,3989,2171,4010.8,2166.6,22.3,no,sampled
b_gimise,c_gimise,3215,6401,5508,6379.4,5517.6,23.7,yes,capital_position
b_giniracha,c_giniracha,3210,6860,5852,6861.0,5829.9,22.1,yes,capital_position
b_giteyosha,c_giteyosha,3418,3053,6284,3060.5,6287.0,8.1,yes,capital_position
b_godaayacado,c_giteyosha,3419,3073,6290,3105.2,6237.3,61.8,no,sampled
b_kibongari,c_giteyosha,3420,3055,6278,3000.4,6313.9,65.3,no,sampled
b_mount_wormlook,c_glacier_of_the_white_worm,749,4197,1395,4199.3,1392.7,3.3,yes,capital_position
b_glakis,c_glakis,298,3145,885,3144.0,872.0,13.0,yes,capital_position
b_glarn,c_glarn,44,935,2460,925.0,2473.8,17.0,yes,capital_position
b_tyebar,c_glarn,45,923,2479,962.8,2429.1,63.8,no,sampled
b_glaurachyndaar,c_glaurachyndaar,2055,2932,715,2930.8,715.5,1.3,yes,capital_position
b_star_mausoleum,c_glaurachyndaar,2057,2926,742,2916.3,703.5,39.7,no,sampled
b_talgotha,c_glaurachyndaar,2056,2918,705,2927.8,743.5,39.7,no,sampled
b_tuerel,c_glaurachyndaar,2058,2928,726,2947.6,714.0,23.0,no,sampled
b_kustaelau,c_glaurflow,87,401,2620,402.8,2617.8,2.9,yes,capital_position
b_glister,c_glister,765,4009,1154,4011.8,1151.5,3.7,yes,capital_position
b_glitterdelve,c_glitterdelve,2207,4396,3132,4398.0,3131.6,2.0,yes,capital_position
b_gnarhelm,c_gnarhelm,2735,2012,1445,2002.3,1446.6,9.9,yes,capital_position
b_deaths_door,c_gnarhelm,2736,2000,1430,1998.5,1414.7,15.4,yes,sampled
b_ouargh,c_gnollhomes,2420,4462,3736,4447.8,3746.7,17.8,yes,capital_position
b_lundar,c_goblin_marches,284,3270,1533,3272.0,1531.8,2.3,yes,capital_position
b_aurinstrat,c_golden_crossing,574,4015,2630,4005.2,2634.7,10.9,yes,capital_position
b_fereej_al_amail,c_golden_falcon,3239,6028,5510,6022.7,5505.1,7.2,yes,capital_position
b_ganak,c_golden_fields,1307,5807,3462,5810.9,3458.0,5.6,yes,capital_position
b_sish,c_golden_fields,1308,5762,3478,5744.3,3485.3,19.1,yes,sampled
b_nagaford,c_golden_road,573,3909,2618,3913.7,2625.0,8.4,yes,capital_position
b_pharus,c_golden_shore,1579,5047,2382,5077.9,2395.2,33.6,yes,capital_position
b_zassatam,c_golden_shore,1580,5090,2397,5052.2,2345.2,64.1,no,sampled
b_goldenfields,c_goldenfields,2007,2381,1031,2381.5,1038.6,7.6,yes,capital_position
b_harvesthome,c_goldenfields,2008,2391,1021,2388.4,1010.0,11.3,yes,sampled
b_gomwenk,c_gomwenk,815,4548,746,4545.0,746.5,3.0,yes,capital_position
b_gondistho,c_gondistho,146,993,2210,1001.1,2189.3,22.2,yes,capital_position
b_gontal,c_gontal,74,327,2782,323.4,2787.1,6.2,yes,capital_position
b_areyn,c_gontal,76,304,2784,313.5,2763.7,22.4,no,sampled
b_sanda,c_gontal,75,311,2767,344.3,2779.7,35.7,no,sampled
b_djerad_saari,c_gontal_pass,24,436,2790,420.9,2782.9,16.7,yes,capital_position
b_gracklstugh,c_gracklstugh,3592,2479,697,2481.3,694.2,3.6,yes,capital_position
b_atag,c_granuin_forest,2485,4810,3931,4817.3,3888.0,43.7,yes,capital_position
b_graskynar,c_graskynar,1837,4595,1293,4594.3,1292.5,0.9,yes,capital_position
b_tavwurn,c_graskynar,1839,4613,1301,4613.2,1297.5,3.5,yes,sampled
b_yaughsonn,c_graskynar,1838,4605,1283,4576.7,1281.0,28.3,no,sampled
b_graulthanc,c_graulthanc,98,362,2462,364.9,2459.8,3.7,yes,capital_position
b_graxan,c_graxan_forest,32,534,2915,532.2,2905.5,9.7,yes,capital_position
b_maatar,c_great_sands,266,3225,1299,3228.6,1296.1,4.6,yes,capital_position
b_thruldar,c_great_traders_way,2493,5047,3623,5105.2,3613.5,59.0,yes,capital_position
b_astranar,c_green_fields,2565,2813,1819,2815.0,1816.8,3.0,yes,capital_position
b_thurgabanteth,c_green_shadows,552,4130,2401,4119.2,2398.1,11.2,yes,capital_position
b_tempushrine,c_green_shadows,553,4163,2415,4172.5,2405.4,13.5,yes,sampled
b_greenest,c_greenest,2558,2885,1832,2879.8,1833.8,5.6,yes,capital_position
b_millstone,c_greenest,2559,2903,1809,2925.7,1823.8,27.1,yes,sampled
b_kirgard,c_greenshores,2622,2625,2325,2626.9,2318.2,7.0,yes,capital_position
b_kirlyntar,c_greenshores,2623,2619,2305,2610.5,2257.9,47.9,no,sampled
b_st_domin,c_greenshores,2624,2625,2305,2630.8,2359.0,54.3,no,sampled
b_greengrove,c_greentree,850,3731,1340,3729.3,1342.5,3.0,yes,capital_position
b_kerymiir,c_greentree,852,3757,1350,3760.5,1342.1,8.6,yes,sampled
b_ushaalnoth,c_greentree,851,3747,1328,3689.0,1326.8,58.1,no,sampled
b_urhar,c_grendel,1359,6618,4096,6637.9,4061.6,39.7,yes,capital_position
b_bemame,c_grendel,1360,6645,4133,6634.4,4139.2,12.3,yes,sampled
b_caerenvalt,c_grey_wood,1124,4243,1670,4235.3,1660.1,12.5,yes,capital_position
b_greyhome,c_greycloak_hills,2922,3069,1260,3057.0,1259.0,12.0,yes,capital_position
b_halfway_inn,c_greycloak_hills,2923,3079,1250,3103.4,1254.1,24.7,no,sampled
b_grimroost,c_grimroost,137,876,2167,859.0,2164.0,17.3,yes,capital_position
b_arsthar,c_grimroost,138,925,2172,927.7,2168.6,4.3,yes,sampled
b_arndtbergon,c_grondsgrunn,2767,1795,1537,1786.8,1555.9,20.6,yes,capital_position
b_grunwald,c_grunwald,1982,2358,611,2353.7,591.7,19.8,yes,capital_position
b_guihar,c_guihar,2985,7963,2325,7964.6,2323.8,2.0,yes,capital_position
b_guilmarl,c_guilmarl,2389,4247,4195,4247.6,4194.9,0.6,yes,capital_position
b_coibal,c_guilmarl,2390,4283,4203,4232.6,4145.5,76.5,no,sampled
b_gukh,c_gukh,3171,6442,1086,6414.3,1077.1,29.0,yes,capital_position
b_gull_nest,c_gullrocks,2710,1410,1873,1395.8,1888.8,21.3,yes,capital_position
b_gundar_kanga,c_gundar_forest,1189,5563,3605,5563.4,3603.8,1.3,yes,capital_position
b_gundbarg,c_gundarlun,2704,1726,730,1728.7,727.5,3.7,yes,capital_position
b_gurvandene,c_gurvandene,3135,6974,842,7009.7,831.2,37.3,yes,capital_position
b_guth,c_guth,686,2662,3662,2671.8,3640.3,23.8,yes,capital_position
b_olmfarth,c_guth,687,2647,3685,2654.9,3699.5,16.5,yes,sampled
b_hillsafar_hall,c_haatar_baen,775,4128,1193,4139.0,1197.0,11.7,yes,capital_position
b_black_hole,c_haatar_baen,776,4144,1180,4094.8,1164.4,51.6,no,sampled
b_mt_throndor,c_haatar_baen,777,4093,1168,4092.8,1204.6,36.6,no,sampled
b_haelev,c_haelwood,969,253,1444,259.3,1444.3,6.3,yes,capital_position
b_afen_allanar,c_haelwood,971,272,1455,266.0,1406.2,49.2,no,sampled
b_onorar,c_haelwood,970,255,1465,236.3,1473.2,20.4,no,sampled
b_hafaya,c_hafaya,3370,5889,4826,5890.8,4823.1,3.4,yes,capital_position
b_dammaydah,c_hafaya,3373,5873,4850,5884.8,4851.0,11.8,yes,sampled
b_umm_gafago,c_hafaya,3372,5909,4838,5841.6,4827.7,68.2,no,sampled
b_hahami,c_hahami,3272,5864,6048,5865.0,6045.0,3.2,yes,capital_position
b_hai,c_hai_jungle,1464,7810,3251,7811.0,3244.1,7.0,yes,capital_position
b_hakim,c_hakim,3508,5361,6001,5354.4,6005.3,7.9,yes,capital_position
b_halagard,c_halagard,2466,3503,4045,3490.8,4046.9,12.3,yes,capital_position
b_kithymm,c_halagard,2467,3473,4017,3544.5,4034.1,73.5,no,sampled
b_talmost,c_halangorn,2118,2442,1078,2445.3,1077.0,3.4,yes,capital_position
b_hardstone,c_halangorn,2120,2440,1045,2436.4,1053.7,9.4,yes,sampled
b_loghann,c_halangorn,2119,2463,1064,2456.9,1098.8,35.3,no,sampled
b_mathass,c_halar_hills,2449,3438,3861,3452.2,3868.2,15.9,yes,capital_position
b_nuundal,c_halar_hills,2450,3378,3867,3388.1,3853.1,17.2,yes,sampled
b_halarahh,c_halarahh,2422,3606,3943,3595.6,3953.0,14.4,yes,capital_position
b_halabar,c_halarahh,2424,3591,3967,3638.7,3941.3,54.2,no,sampled
b_lath,c_halarahh,2423,3624,3939,3657.4,3916.7,40.2,no,sampled
b_mardala,c_halarahh,2425,3610,3927,3607.9,3917.6,9.6,yes,sampled
b_halaze,c_halaze,2468,3470,4101,3462.1,4083.2,19.5,yes,capital_position
b_maezoun,c_halaze,2469,3440,4074,3486.9,4130.3,73.3,no,sampled
b_broken_helms,c_halruaan_heights,2503,4015,3664,4023.4,3665.7,8.6,yes,capital_position
b_guizen,c_halu,3004,8066,4154,8070.5,4154.8,4.6,yes,capital_position
b_halwa,c_halwa,3231,5969,5591,5961.6,5586.8,8.5,yes,capital_position
b_qurtai,c_halwa,3232,5953,5610,5999.0,5574.9,57.9,no,sampled
b_shinuraiq,c_halwa,3233,5983,5608,5950.0,5626.0,37.6,no,sampled
b_hame,c_hame,3046,7279,2771,7265.1,2787.0,21.2,yes,capital_position
b_hamid,c_hamid,3356,5508,5735,5507.0,5717.4,17.6,yes,capital_position
b_arnise,c_hamlar_hills,187,2594,2020,2601.8,2021.6,8.0,yes,capital_position
b_st_carwells_vale,c_hamlar_hills,188,2586,2010,2570.1,1993.1,23.2,no,sampled
b_hammer_hall,c_hammer_hall,2943,2819,1156,2801.8,1169.3,21.8,yes,capital_position
b_surireb,c_hand_of_the_sky,3344,5995,5378,5999.2,5385.2,8.3,yes,capital_position
b_laou,c_hanya_maut,2316,7310,4486,7304.2,4450.4,36.1,yes,capital_position
b_hap,c_hap,900,3815,1504,3818.0,1510.7,7.4,yes,capital_position
b_tower_of_dracandros,c_hap,901,3835,1516,3817.7,1483.4,36.9,no,sampled
b_askamal,c_haqar,1730,5907,2129,5910.6,2125.4,5.1,yes,capital_position
b_harb,c_harb,1703,5944,2313,5941.8,2313.1,2.2,yes,capital_position
b_shahar,c_harb,1705,5928,2337,5983.1,2275.0,83.0,no,sampled
b_uman,c_harb,1704,5944,2317,5901.7,2351.0,54.3,no,sampled
b_hardangheight,c_hardang,2737,1961,1467,1969.6,1456.4,13.7,yes,capital_position
b_hardcastle,c_hardcastle,2248,4482,2903,4476.9,2917.7,15.6,yes,capital_position
b_bilgunar,c_hardcastle,2250,4453,2876,4556.5,2893.2,104.9,no,sampled
b_naporia,c_hardcastle,2249,4492,2894,4411.8,2887.0,80.5,no,sampled
b_harglast,c_harglast,8,843,2913,837.4,2912.5,5.7,yes,capital_position
b_ironguard,c_harglast,9,870,2911,865.8,2914.6,5.5,yes,sampled
b_akalentar,c_hargleth_forest,67,1034,2526,1028.8,2536.9,12.1,yes,capital_position
b_harheldur,c_harheldur,3662,5264,2120,5258.7,2113.7,8.3,yes,capital_position
b_firedelves,c_harheldur,3664,5283,2131,5266.0,2136.2,17.8,no,sampled
b_mordinsonn,c_harheldur,3663,5273,2110,5282.7,2112.7,10.1,yes,sampled
b_harlending,c_harlending,2208,4535,3247,4533.4,3249.2,2.7,yes,capital_position
b_nulukkhol,c_harlending,2210,4554,3259,4550.8,3245.1,14.2,yes,sampled
b_orpool,c_harlending,2209,4544,3238,4512.1,3245.6,32.8,no,sampled
b_harngel,c_harngel,1316,5297,3445,5301.7,3438.7,7.9,yes,capital_position
b_harrowdale,c_harrowdale,882,3974,1500,3971.5,1503.9,4.6,yes,capital_position
b_two_rocks,c_harrowdale,883,3991,1479,3990.9,1478.5,0.5,yes,sampled
b_stagwick,c_hartsvale,1993,3001,474,3012.8,479.2,12.9,yes,capital_position
b_shasira,c_hasira,3440,3864,6017,3866.8,6014.0,4.1,yes,capital_position
b_kashira,c_hasira,3441,3833,5974,3793.5,5882.6,99.6,no,sampled
b_hatgiainli,c_hatgiainli,3136,7191,996,7180.5,976.5,22.1,yes,capital_position
b_havraquoar,c_havraquoar,2712,306,244,318.1,242.4,12.2,yes,capital_position
b_hawa,c_hawa,3387,5389,4760,5383.1,4759.6,5.9,yes,capital_position
b_diraraht,c_hawa,3389,5359,4733,5372.9,4733.5,13.9,yes,sampled
b_safe_cove,c_hawa,3388,5373,4783,5428.2,4760.8,59.5,no,sampled
b_tissemgara,c_hawa,3390,5408,4772,5378.5,4787.9,33.5,no,sampled
b_hawksroost,c_hawksroost,764,3925,1160,3933.9,1156.6,9.5,yes,capital_position
b_haxkhun,c_haxkhun,3129,7359,1129,7336.3,1129.9,22.7,yes,capital_position
b_hayyir,c_hayyir,3244,5754,5565,5753.6,5561.0,4.1,yes,capital_position
b_busaib,c_hayyir,3245,5785,5575,5766.1,5529.4,49.4,no,sampled
b_jahrarak,c_hayyir,3246,5766,5563,5794.3,5580.5,33.3,no,sampled
b_mourning_stones,c_hazamarch,2630,3083,2427,3085.3,2438.2,11.4,yes,capital_position
b_chevangard,c_hazamarch,2631,3077,2442,3090.1,2387.4,56.1,no,sampled
b_hazuth,c_hazuth,2375,4748,3974,4756.0,3984.9,13.5,yes,capital_position
b_geddye,c_hazuth,2376,4703,3918,4698.5,3895.6,22.9,yes,sampled
b_hashimi,c_hazuth,2377,4732,3945,4730.8,3923.4,21.6,yes,sampled
b_lhuve,c_heartblood,2036,2803,877,2799.6,883.7,7.5,yes,capital_position
b_karse,c_heartblood,2037,2746,896,2755.0,882.1,16.5,yes,sampled
b_standing_stone,c_heartwood,862,3825,1408,3808.8,1416.7,18.3,yes,capital_position
b_greatstone,c_heartwood,863,3833,1397,3854.2,1382.2,25.8,no,sampled
b_heldapan,c_heldar,1191,5842,3281,5839.8,3273.1,8.2,yes,capital_position
b_agankmu,c_heldar,1193,5813,3253,5865.7,3322.7,87.4,no,sampled
b_ramumbua,c_heldar,1194,5862,3292,5870.1,3266.9,26.3,no,sampled
b_nighthawk_tower,c_helenas_wood,1853,4791,1365,4792.5,1363.3,2.3,yes,capital_position
b_heliogabalus,c_heliogabalus,688,4367,1262,4361.8,1260.0,5.6,yes,capital_position
b_rosekeep,c_heliogabalus,689,4388,1250,4392.1,1247.0,5.1,yes,sampled
b_iouloum,c_helm_rift,308,3452,1117,3447.7,1117.3,4.3,yes,capital_position
b_helms_hold,c_helms_hold,2125,2213,808,2218.7,820.1,13.4,yes,capital_position
b_crossroad_keep,c_helms_hold,2127,2209,789,2197.1,788.1,11.9,yes,sampled
b_helms_cathedral,c_helms_hold,2126,2215,816,2217.0,779.1,36.9,no,sampled
b_hengfena,c_hengfena,3017,7605,2581,7604.4,2570.8,10.2,yes,capital_position
b_heptios,c_heptios,2882,4607,2405,4620.8,2389.4,20.9,yes,capital_position
b_nekala,c_heptios,2883,4627,2417,4580.7,2439.0,51.3,no,sampled
b_herath,c_herath,2386,4292,3982,4306.9,3965.3,22.4,yes,capital_position
b_gramander,c_herath,2387,4267,3998,4259.7,4010.9,14.8,yes,sampled
b_po,c_herders_crook,3001,7908,3697,7901.0,3714.1,18.5,yes,capital_position
b_tanggong,c_herders_crook,3002,7943,3707,7971.1,3736.1,40.4,no,sampled
b_funashi,c_hernes_wood,3189,6776,4692,6796.9,4688.3,21.2,yes,capital_position
b_heroes_height,c_heroes_height,828,4904,734,4923.3,726.5,20.7,yes,capital_position
b_hethar,c_hethar,2409,4398,4215,4399.2,4204.1,11.0,yes,capital_position
b_gahyrst,c_hethar,2410,4361,4168,4468.6,4193.1,110.5,no,sampled
b_ghikuli,c_hethar,2411,4390,4195,4336.2,4184.2,54.9,no,sampled
b_hidden_hopes,c_hidden_hopes,1441,1496,3404,1506.9,3406.1,11.1,yes,capital_position
b_hidden_vale,c_hidden_vale,927,3614,1660,3618.0,1662.4,4.7,yes,capital_position
b_obrynns_landing,c_high_gap,3609,2915,892,2912.3,894.1,3.4,yes,capital_position
b_lothamar,c_high_gap,3610,2907,875,2943.8,876.5,36.8,no,sampled
b_high_horn,c_high_horn,1014,3260,1639,3252.9,1644.8,9.2,yes,capital_position
b_huthduth,c_high_horn,1015,3249,1623,3283.2,1622.3,34.2,no,sampled
b_marts_keep,c_high_moors,288,3356,1569,3358.3,1566.3,3.5,yes,capital_position
b_ankherhome,c_high_valley,1649,5326,2149,5324.2,2145.4,4.0,yes,capital_position
b_highcastle,c_highcastle,925,3651,1670,3653.2,1669.8,2.2,yes,capital_position
b_dancing_place,c_highcastle,926,3608,1682,3609.8,1679.9,2.7,yes,sampled
b_helmsdale,c_highcountry,704,4369,1197,4370.5,1206.7,9.8,yes,capital_position
b_highmoon,c_highmoon,874,3696,1608,3690.1,1610.0,6.2,yes,capital_position
b_bristar,c_highmoon,875,3724,1604,3722.5,1598.0,6.2,yes,sampled
b_highplume_station,c_highplume_station,1934,2170,341,2178.8,330.3,13.9,yes,capital_position
b_kemva,c_highstars,1349,6534,3726,6525.7,3722.1,9.2,yes,capital_position
b_thufuj,c_highstars,1350,6577,3724,6598.2,3738.2,25.6,yes,sampled
b_hills_edge,c_hills_edge,2570,3010,1569,3015.3,1562.5,8.4,yes,capital_position
b_gilting,c_hills_edge,2571,2971,1571,2972.3,1569.6,1.9,yes,sampled
b_elahzad,c_hills_of_scent,259,3366,1281,3380.2,1268.3,19.1,yes,capital_position
b_bhyanaga,c_hills_of_the_dead_kings,2378,4597,3929,4570.3,3927.4,26.8,yes,capital_position
b_mithyme,c_hills_of_the_dead_kings,2379,4570,3918,4661.9,3926.4,92.2,no,sampled
b_castle_maalthiir,c_hillsfar,726,3876,1332,3871.8,1337.7,7.1,yes,capital_position
b_hillsfar,c_hillsfar,727,3894,1311,3868.0,1305.9,26.5,yes,sampled
b_tailings_bay,c_hillsfar,728,3896,1344,3897.4,1344.9,1.7,yes,sampled
b_hilm,c_hilm,3296,5998,5935,6001.3,5938.0,4.5,yes,capital_position
b_as_bidbiyat,c_hilm,3299,6018,5946,6007.2,5893.1,54.0,no,sampled
b_hisari,c_hisari,621,2240,3488,2260.4,3484.9,20.6,yes,capital_position
b_aggen,c_hisari,622,2217,3486,2199.7,3484.0,17.4,yes,sampled
b_sibbaqiyah,c_hitan_island,3280,5783,6044,5784.8,6042.3,2.5,yes,capital_position
b_hiyal,c_hiyal,3255,5543,5456,5548.9,5452.9,6.7,yes,capital_position
b_hamuwa,c_hiyal,3257,5529,5430,5537.6,5425.6,9.6,yes,sampled
b_jurdaiya,c_hiyal,3256,5568,5452,5511.2,5469.7,59.5,no,sampled
b_sabus,c_hiyal,3258,5549,5440,5514.5,5440.0,34.5,no,sampled
b_hlammach,c_hlammach,1021,4347,1674,4345.8,1667.2,6.9,yes,capital_position
b_amgoth,c_hlammach,1022,4370,1688,4368.7,1678.7,9.4,yes,sampled
b_pick_and_axe,c_hlammach,1023,4361,1662,4367.7,1655.0,9.7,yes,sampled
b_hlath,c_hlath,467,4189,2225,4193.5,2233.8,9.9,yes,capital_position
b_alatar,c_hlath,469,4212,2217,4197.8,2201.4,21.1,no,sampled
b_skasar,c_hlath,468,4197,2206,4225.4,2211.8,29.0,no,sampled
b_hlaungadath,c_hlaungadath,294,3075,589,3084.4,638.7,50.6,yes,capital_position
b_hlintar,c_hlintar,1119,4124,1531,4107.6,1536.9,17.5,yes,capital_position
b_hlondeth,c_hlondeth,512,3839,2317,3846.7,2307.4,12.3,yes,capital_position
b_amphisbaena,c_hlondeth,514,3802,2303,3811.2,2293.5,13.3,yes,sampled
b_halfling_vale,c_hlondeth,515,3835,2294,3810.8,2312.7,30.5,no,sampled
b_tanarspear,c_hlondeth,513,3823,2309,3785.3,2317.2,38.6,no,sampled
b_hluthvar,c_hluthvar,2577,3038,1684,3038.6,1681.7,2.4,yes,capital_position
b_hoarbridge,c_hoarbridge,1826,4914,1096,4915.3,1094.5,1.9,yes,capital_position
b_holdensword,c_holdensword,494,4056,2147,4039.0,2139.8,18.4,yes,capital_position
b_obelners_well,c_holdensword,495,4075,2159,4083.6,2140.0,20.8,yes,sampled
b_hollow_mountain,c_hollow_mountain,1138,4167,1440,4162.0,1445.2,7.2,yes,capital_position
b_deepfires,c_hollow_mountain,1139,4177,1430,4163.1,1422.9,15.6,no,sampled
b_glimmering_swords,c_hollow_mountain,1140,4171,1445,4183.2,1444.9,12.2,no,sampled
b_horaholm,c_horaholm,2158,5217,1158,5220.5,1152.5,6.5,yes,capital_position
b_cerrek,c_horizons,2306,4146,2970,4143.2,2966.8,4.2,yes,capital_position
b_horn_of_afyal,c_horn_of_afyal,3474,6657,6247,6653.8,6240.3,7.4,yes,capital_position
b_wazikkar,c_horn_of_afyal,3475,6694,6247,6694.1,6228.0,19.0,yes,sampled
b_bogon,c_horseshoe_oasis,3143,7107,1926,7168.0,1908.4,63.5,yes,capital_position
b_mirar_green,c_hosttower_of_the_arcane,1939,2105,558,2100.1,559.1,5.0,yes,capital_position
b_central_spire,c_hosttower_of_the_arcane,1940,2086,560,2124.3,549.1,39.8,no,sampled
b_istafa,c_howling_gap,1713,6235,2563,6238.1,2559.3,4.9,yes,capital_position
b_hrakhamar,c_hrakhamar,636,1824,3480,1833.6,3474.4,11.1,yes,capital_position
b_wyrmheart,c_hrakhamar,637,1836,3462,1817.8,3501.6,43.6,no,sampled
b_huai,c_huai,3035,7687,2853,7690.2,2835.5,17.8,yes,capital_position
b_hudariyah,c_hudariyah,3207,6729,5849,6702.9,5855.9,27.0,yes,capital_position
b_huddagh,c_huddagh,1158,3653,1750,3653.4,1752.4,2.5,yes,capital_position
b_halfknot,c_huddagh,1159,3673,1762,3686.3,1753.0,16.0,yes,sampled
b_kulta,c_huddagh,1160,3663,1741,3623.2,1734.2,40.3,no,sampled
b_hudid,c_hudid,3288,5975,6183,5977.4,6183.7,2.5,yes,capital_position
b_araitan,c_hudid,3289,5959,6177,5944.0,6197.9,25.7,no,sampled
b_hususan,c_hudid,3290,5979,6189,5940.8,6164.4,45.4,no,sampled
b_hulan,c_hulan,3158,7527,1490,7528.1,1488.8,1.7,yes,capital_position
b_griffonwatch_keep,c_hulburg,735,4052,1250,4045.3,1245.7,8.0,yes,capital_position
b_hulburg,c_hulburg,736,4036,1273,4071.8,1244.6,45.7,no,sampled
b_tethgard,c_hullack_forest,999,3513,1625,3522.8,1611.9,16.3,yes,capital_position
b_wyvernstones,c_hullack_forest,1000,3499,1647,3507.5,1655.3,11.9,yes,sampled
b_hulm,c_hulm,3358,5168,5612,5146.4,5628.5,27.2,yes,capital_position
b_hundelstone,c_hundelstone,1954,2060,496,2053.5,496.9,6.6,yes,capital_position
b_chevlarin,c_hundelstone,1955,2070,486,2074.9,486.7,4.9,yes,sampled
b_hundred_spears,c_hundred_spears,1240,5244,2827,5250.0,2827.5,6.0,yes,capital_position
b_huplik,c_huplik,798,4660,654,4664.5,652.7,4.7,yes,capital_position
b_huzuz,c_huzuz,3218,5785,5806,5782.7,5809.9,4.5,yes,capital_position
b_gamremah,c_huzuz,3220,5805,5796,5806.5,5783.2,12.9,yes,sampled
b_marirah,c_huzuz,3219,5795,5804,5811.8,5755.9,51.0,no,sampled
b_hykopgrok,c_hykopgrok,805,4412,951,4411.0,949.7,1.6,yes,capital_position
b_ibelgrak,c_ibelgrak,800,4754,906,4751.4,917.8,12.1,yes,capital_position
b_ibreb,c_ibreb,3505,5185,6488,5172.9,6453.9,36.2,yes,capital_position
b_icelace,c_icelace,1829,4847,1002,4908.2,1002.3,61.2,yes,capital_position
b_bura,c_iceroot_forest,3138,6634,1041,6638.3,1022.7,18.8,yes,capital_position
b_icespire_peak,c_icespire_peak,2110,2303,808,2305.5,813.1,5.7,yes,capital_position
b_peltarch,c_icetail,1830,4712,1221,4714.6,1219.7,2.9,yes,capital_position
b_icewind_coast,c_icewind_coast,1942,2232,273,2238.7,267.5,8.6,yes,capital_position
b_igenghack,c_igenghack,802,4574,973,4571.6,960.7,12.5,yes,capital_position
b_iirgar,c_iirgar,2276,3851,3593,3865.5,3589.7,14.9,yes,capital_position
b_makthar,c_ikemmu,3653,4705,1926,4706.7,1927.1,2.0,yes,capital_position
b_pyton,c_ikemmu,3654,4734,1934,4726.5,1937.1,8.1,yes,sampled
b_sapra,c_ilighon,461,4189,2102,4194.2,2101.9,5.2,yes,capital_position
b_ilimar,c_ilimar,2405,4101,3980,4080.0,3989.6,23.1,yes,capital_position
b_ilinvur,c_ilinvur,755,3909,1111,3899.7,1113.3,9.5,yes,capital_position
b_aetherglen,c_ilinvur,756,3876,1092,3845.0,1075.9,34.9,no,sampled
b_verrunmill,c_ilinvur,757,3896,1103,3884.5,1072.1,33.0,no,sampled
b_iliphanar,c_iliphanar,1716,5936,2557,5924.6,2545.1,16.5,yes,capital_position
b_kel_erish,c_iliphanar,1717,5907,2530,5984.4,2571.2,87.7,no,sampled
b_ilipur,c_ilipur,1086,3303,1815,3305.4,1817.5,3.5,yes,capital_position
b_bloodtower,c_ilipur,1087,3274,1787,3273.2,1801.7,14.8,yes,sampled
b_iljak,c_iljak,454,3984,2370,3985.3,2367.4,2.9,yes,capital_position
b_illuks,c_illuks,557,4165,2542,4169.3,2540.1,4.7,yes,capital_position
b_everwinter,c_illuskwood,2135,2197,652,2198.4,650.6,2.0,yes,capital_position
b_ilmwatch,c_ilmwatch,1029,4484,1502,4485.4,1501.8,1.4,yes,capital_position
b_cairnpur,c_ilmwatch,1030,4468,1526,4484.8,1542.9,23.8,yes,sampled
b_maracath,c_ilmwatch,1031,4474,1483,4486.8,1468.2,19.6,yes,sampled
b_imajuvisik,c_imajuvisik,792,4177,832,4176.8,832.5,0.6,yes,capital_position
b_imdolphyn,c_imdolphyn,6,876,2892,871.2,2887.1,6.9,yes,capital_position
b_dexal,c_imdolphyn,7,888,2907,891.2,2899.0,8.6,yes,sampled
b_hillmarch,c_immerflow,1001,3462,1617,3471.4,1613.1,10.2,yes,capital_position
b_masoners_bridge,c_immerflow,1002,3464,1639,3460.1,1649.1,10.8,yes,sampled
b_immilmar,c_immilmar,2148,5072,1402,5087.7,1398.2,16.2,yes,capital_position
b_trancana,c_immilmar,2149,5041,1406,5041.7,1404.0,2.1,yes,sampled
b_imnescar,c_imnescar,213,2686,2139,2685.7,2142.4,3.4,yes,capital_position
b_battlescarred_bard,c_imnescar,215,2660,2104,2708.0,2107.4,48.1,no,sampled
b_hydcont_hall,c_imnescar,214,2694,2102,2668.6,2101.3,25.4,no,sampled
b_carradoon_isle,c_impresk,2669,3255,2300,3249.5,2300.0,5.5,yes,capital_position
b_caradoon,c_impresk,2670,3262,2258,3292.3,2217.7,50.4,no,sampled
b_castle_trinity,c_impresk,2672,3239,2323,3269.3,2252.0,77.2,no,sampled
b_spirit_soaring,c_impresk,2671,3264,2286,3269.2,2335.7,49.9,no,sampled
b_imroley,c_imroley,1241,5510,2731,5509.7,2726.1,4.9,yes,capital_position
b_ingdals_arm,c_ingdals_arm,2836,4408,1948,4416.2,1950.9,8.7,yes,capital_position
b_cardended,c_ingdals_arm,2837,4427,1959,4393.0,1933.9,42.2,no,sampled
b_ingmur,c_ingmur,1673,5422,2122,5430.4,2121.4,8.5,yes,capital_position
b_majma,c_inkelvale,1382,6548,4453,6563.5,4444.0,17.9,yes,capital_position
b_qamisha,c_inkelvale,1383,6571,4463,6523.4,4492.0,55.8,no,sampled
b_inkrath,c_inkrath,2818,4967,2833,4956.5,2814.9,20.9,yes,capital_position
b_mesa,c_inkrath,2819,4976,2823,5001.8,2871.6,55.0,no,sampled
b_innarlith,c_innarlith,390,3984,2806,3997.5,2810.5,14.2,yes,capital_position
b_eamford,c_innarlith,391,3954,2778,3952.7,2850.1,72.1,no,sampled
b_stathmore,c_innarlith,392,4003,2817,3987.9,2762.4,56.6,no,sampled
b_kengarun,c_inner_ama,168,7869,482,7888.5,476.8,20.2,yes,capital_position
b_intibah,c_intibah,3500,5185,6263,5187.2,6267.0,4.6,yes,capital_position
b_noubin,c_intibah,3501,5199,6234,5196.5,6213.4,20.8,yes,sampled
b_inupras,c_inupras,1261,5756,2808,5764.0,2802.1,9.9,yes,capital_position
b_iomaport,c_ioma,243,2186,2245,2188.5,2253.6,9.0,yes,capital_position
b_ompalarn,c_ioma,244,2162,2223,2152.4,2239.4,19.0,yes,sampled
b_evth,c_irestone,2415,4232,3650,4228.6,3646.5,4.9,yes,capital_position
b_the_tor,c_iriaebor,2548,3045,1821,3046.8,1819.1,2.6,yes,capital_position
b_blacktalon,c_iriaebor,2551,3087,1799,3085.2,1811.5,12.7,yes,sampled
b_dragonrise_keep,c_iriaebor,2550,3061,1801,3087.6,1775.9,36.6,no,sampled
b_iriaebor,c_iriaebor,2549,3075,1809,3116.0,1789.4,45.4,no,sampled
b_saintkho,c_iris_spring,3118,6274,2169,6236.2,2184.6,40.9,yes,capital_position
b_iritasker,c_iritasker,2579,3098,1698,3100.6,1695.9,3.3,yes,capital_position
b_ironfang_deep,c_ironfang_deep,3620,3737,2157,3729.0,2157.5,8.0,yes,capital_position
b_dhoggari,c_ironfang_deep,3623,3722,2180,3757.7,2151.4,45.8,no,sampled
b_thogh,c_ironfang_deep,3621,3747,2147,3732.3,2129.7,22.7,no,sampled
b_zigila,c_ironfang_deep,3622,3726,2141,3738.6,2181.9,42.7,no,sampled
b_ironfang_keep,c_ironfang_keep,745,4156,1330,4153.6,1326.9,3.9,yes,capital_position
b_eastwall,c_ironfang_keep,746,4136,1311,4154.6,1297.1,23.2,no,sampled
b_tel_verinal,c_ironfang_keep,747,4163,1340,4164.5,1350.0,10.1,yes,sampled
b_ironmaster,c_ironmaster,1937,2035,455,2046.1,446.5,14.0,yes,capital_position
b_firestone,c_ironmaster,1938,2019,478,2009.6,466.0,15.3,yes,sampled
b_ironspur,c_ironspur,701,4398,1105,4407.8,1115.7,14.5,yes,capital_position
b_justins_mine,c_ironspur,702,4406,1117,4373.2,1106.9,34.3,no,sampled
b_samek,c_ironspur,703,4392,1117,4409.1,1073.4,46.8,no,sampled
b_jokkursbay,c_irphong,249,2254,2169,2261.1,2156.2,14.6,yes,capital_position
b_isfasan,c_isfasan,1633,5537,2280,5537.2,2282.2,2.2,yes,capital_position
b_eveh,c_isfasan,1634,5570,2288,5579.6,2288.1,9.6,yes,sampled
b_laho,c_isfasan,1635,5508,2253,5503.0,2261.4,9.8,yes,sampled
b_ishamar,c_ishamar_isles,16,896,3015,898.0,3013.5,2.5,yes,capital_position
b_ishau,c_ishau,620,2227,3433,2236.5,3428.0,10.8,yes,capital_position
b_iskashyoll,c_iskashyoll,430,2928,2610,2938.0,2599.4,14.6,yes,capital_position
b_khanall,c_iskashyoll,431,2901,2624,2873.8,2628.4,27.6,yes,sampled
b_badest,c_isle_of_prespur,1068,3901,1844,3900.1,1842.8,1.5,yes,capital_position
b_sana,c_isle_of_quelthiir,2488,5107,3828,5110.4,3820.4,8.3,yes,capital_position
b_ithal_pass,c_ithal_pass,435,3104,2616,3097.1,2615.9,7.0,yes,capital_position
b_formithlind,c_ithal_pass,436,3114,2606,3134.1,2601.8,20.6,no,sampled
b_ithan,c_ithan,104,458,2386,454.8,2390.4,5.5,yes,capital_position
b_ithmong,c_ithmong,1516,3350,3404,3348.3,3416.0,12.1,yes,capital_position
b_rabluff,c_ithmong,1517,3335,3427,3357.7,3358.3,72.4,no,sampled
b_loranse,c_ithmonn,2593,2789,2499,2773.8,2497.7,15.3,yes,capital_position
b_hostim,c_ithmonn,2594,2823,2497,2829.7,2478.1,20.0,yes,sampled
b_itiraf,c_itiraf,3265,5905,6114,5907.7,6114.7,2.7,yes,capital_position
b_badais,c_itiraf,3268,5928,6122,5921.3,6140.0,19.2,yes,sampled
b_samaybi,c_itiraf,3266,5909,6110,5931.4,6090.4,29.7,no,sampled
b_ixinos,c_ixinos,462,4216,2135,4216.9,2136.0,1.4,yes,capital_position
b_iyrandrar,c_iyrandrar,558,4273,2630,4273.0,2627.1,2.9,yes,capital_position
b_jaasa_hold,c_jaasa,1511,3503,3130,3504.5,3129.8,1.5,yes,capital_position
b_demongulch,c_jaasa,1513,3473,3103,3511.6,3098.1,38.9,yes,sampled
b_great_stronghold,c_jaasa,1512,3487,3154,3500.8,3159.1,14.7,yes,sampled
b_jab,c_jab,1243,5561,2907,5544.5,2900.7,17.6,yes,capital_position
b_jabal_sarahin,c_jabal_sarahin,3346,5942,5282,5945.2,5263.4,18.8,yes,capital_position
b_jade_gate,c_jade_gate,2975,7458,2026,7474.5,2020.1,17.5,yes,capital_position
b_panchun,c_jade_gate,2976,7488,2010,7407.4,2036.8,84.9,no,sampled
b_askix,c_jade_hills,2893,4693,2309,4688.5,2314.9,7.4,yes,capital_position
b_bratun,c_jade_hills,2894,4664,2282,4725.1,2320.8,72.4,no,sampled
b_leeside,c_jade_hills,2895,4677,2333,4682.1,2283.3,50.0,no,sampled
b_jahaka,c_jahaka_bay,614,1838,3386,1843.2,3383.0,6.0,yes,capital_position
b_kengabar,c_jahaka_bay,615,1822,3410,1797.7,3379.6,38.9,no,sampled
b_jajam,c_jajam,804,4066,625,4063.9,620.2,5.3,yes,capital_position
b_thapadan,c_jakadiri,3184,8031,5061,8032.2,5059.6,1.8,yes,capital_position
b_jalanthar,c_jalanthar,1922,2776,691,2766.6,687.5,10.0,yes,capital_position
b_moon_pass,c_jalanthar,1923,2795,703,2800.5,690.6,13.5,yes,sampled
b_jamal,c_jamal,3357,5400,5766,5407.3,5755.4,12.8,yes,capital_position
b_jaria,c_jaria,161,7771,779,7782.8,758.7,23.5,yes,capital_position
b_jarir,c_jarir,3119,6051,2020,6035.8,1998.2,26.6,yes,capital_position
b_tujul,c_jasan_pass,3378,6116,4803,6138.1,4792.9,24.3,yes,capital_position
b_suralah,c_jazayir_al_alfar,3565,5221,6607,5222.8,6605.9,2.1,yes,capital_position
b_jelnesh,c_jelnesh,3126,6503,2497,6507.3,2488.2,9.8,yes,capital_position
b_hedrun,c_jelvak,2300,4212,3275,4215.9,3272.0,4.9,yes,capital_position
b_jelvym,c_jelvym,1832,4720,1295,4734.0,1282.4,18.8,yes,capital_position
b_jeradin,c_jeradin,2251,4726,2919,4722.3,2913.7,6.5,yes,capital_position
b_jeranjah,c_jeranjah,3202,6813,5663,6803.7,5628.8,35.4,yes,capital_position
b_jebafi,c_jezarh_jadew,3577,7191,6300,7192.9,6279.5,20.6,yes,capital_position
b_amudani,c_jezarh_mah_alewd,3584,6921,6501,6920.4,6516.5,15.6,yes,capital_position
b_dawarout,c_jezarh_mar,3582,6798,6452,6800.1,6451.0,2.3,yes,capital_position
b_karza,c_jezarh_restakhaz,3586,6882,6597,6877.2,6608.3,12.3,yes,capital_position
b_al_qusanawat,c_jezarh_shemshar,3579,7255,6341,7256.5,6339.2,2.3,yes,capital_position
b_jhalhoran,c_jhalhoran,1607,5174,2544,5157.9,2528.6,22.3,yes,capital_position
b_dimish,c_jhalhoran,1608,5168,2513,5214.1,2569.2,72.7,no,sampled
b_jhalolokati,c_jhalolokati,3194,6802,4971,6807.5,4977.2,8.3,yes,capital_position
b_haimaq,c_jibal_al_taif,3250,5879,5548,5885.1,5545.4,6.6,yes,capital_position
b_jinutt,c_jinutt,3572,6546,6298,6554.6,6306.5,12.1,yes,capital_position
b_aprech,c_jinutt,3574,6526,6327,6565.1,6272.6,67.0,no,sampled
b_sarhak,c_jinutt,3573,6546,6329,6523.3,6335.2,23.5,yes,sampled
b_jorhat_shan,c_jorhat_shan,1255,6350,2677,6345.2,2665.4,12.6,yes,capital_position
b_joums,c_joums,655,2289,3716,2289.8,3703.6,12.4,yes,capital_position
b_degai,c_joums,656,2315,3699,2298.8,3743.6,47.5,no,sampled
b_joya,c_joya,2366,7935,4209,7965.2,4230.1,36.8,yes,capital_position
b_jugicha,c_jugicha,3151,7566,1197,7567.3,1195.4,2.1,yes,capital_position
b_athgard_keep,c_julkoun,2959,2528,1131,2527.6,1124.5,6.5,yes,capital_position
b_julkoun,c_julkoun,2960,2494,1127,2499.8,1116.9,11.6,yes,sampled
b_jumlat,c_jumlat,3489,5629,6128,5628.6,6114.5,13.5,yes,capital_position
b_dibba_qorewah,c_jumlat,3491,5580,6107,5586.8,6156.2,49.6,no,sampled
b_zaralfa,c_jumlat,3490,5596,6124,5580.0,6102.9,26.5,no,sampled
b_caldarth,c_jundarwood,412,3423,3038,3425.5,3035.5,3.5,yes,capital_position
b_arak,c_jungled_approach,1449,266,4928,302.6,4933.9,37.0,yes,capital_position
b_kaarekh,c_kaarekh,1559,3335,3615,3349.0,3599.6,20.8,yes,capital_position
b_olah_raga,c_kabus_highlands,2321,7505,4889,7502.5,4889.0,2.5,yes,capital_position
b_utara,c_kabut,2320,7583,4731,7586.0,4729.6,3.3,yes,capital_position
b_kadarasto,c_kadarasto,3529,6249,6165,6248.6,6165.7,0.8,yes,capital_position
b_milaydah,c_kadarasto,3530,6231,6177,6203.5,6200.9,36.5,no,sampled
b_salname,c_kadarasto,3532,6217,6167,6228.6,6172.7,13.0,no,sampled
b_taqqa,c_kadarasto,3531,6235,6181,6210.7,6178.7,24.4,no,sampled
b_kaget,c_kaget_valley,2317,7310,4699,7316.6,4685.8,14.8,yes,capital_position
b_kai_shan,c_kai_shan,3069,8115,3433,8117.9,3429.7,4.4,yes,capital_position
b_donghua,c_kai_shan,3071,8086,3406,8133.2,3533.5,136.0,no,sampled
b_guijiang,c_kai_shan,3072,8107,3456,8102.9,3486.1,30.4,no,sampled
b_qinggong,c_kai_shan,3070,8134,3445,8130.2,3359.3,85.8,no,sampled
b_kajiaruti,c_kajiaruti,3206,6667,5776,6684.8,5792.9,24.5,yes,capital_position
b_kalathtyr,c_kalathtyr,178,2596,2120,2598.1,2123.5,4.1,yes,capital_position
b_ankara,c_kalathtyr,179,2617,2108,2635.4,2095.2,22.4,no,sampled
b_sassalt,c_kalathtyr,181,2608,2116,2599.6,2095.0,22.6,no,sampled
b_wulen,c_kalathtyr,180,2617,2118,2631.0,2123.5,15.1,yes,sampled
b_kalish,c_kalish,2159,5201,1324,5201.9,1320.6,3.5,yes,capital_position
b_kalmins_grove,c_kalmins_grove,2691,2727,2356,2729.4,2353.3,3.6,yes,capital_position
b_hunters_tree,c_kalmins_grove,2693,2698,2329,2761.0,2358.4,69.5,no,sampled
b_old_oak_dell,c_kalmins_grove,2692,2752,2343,2697.2,2337.4,55.1,no,sampled
b_way_of_the_powrie,c_kalterland,837,3876,996,3898.1,993.1,22.3,yes,capital_position
b_kaluth,c_kaluth,37,857,2401,858.6,2396.5,4.8,yes,capital_position
b_kanaglym,c_kanaglym,3595,2737,1365,2737.0,1367.4,2.4,yes,capital_position
b_hunnabar,c_kanaglym,3597,2709,1371,2759.7,1376.6,51.0,no,sampled
b_nepenthe_basin,c_kanaglym,3596,2756,1377,2711.9,1370.4,44.6,no,sampled
b_kangste,c_kangste,3066,8017,1328,7982.2,1354.3,43.7,yes,capital_position
b_anzhoun,c_kangste,3067,7994,1340,8107.6,1241.1,150.6,no,sampled
b_kaoll,c_kaoll,2813,4943,2665,4946.2,2662.9,3.8,yes,capital_position
b_chiosina,c_kaoll,2814,4953,2638,4935.2,2695.5,60.2,no,sampled
b_kapuli,c_kapuli,3528,6360,5892,6354.7,5897.7,7.8,yes,capital_position
b_quarrelshigh,c_karlyns_vale,542,3094,1969,3099.5,1968.6,5.5,yes,capital_position
b_karmhold,c_karmsteppe,544,3207,2059,3194.2,2056.4,13.0,yes,capital_position
b_toshayuy,c_karoah,174,8009,720,8040.4,719.1,31.4,yes,capital_position
b_karon,c_karondar,1131,4212,1573,4239.1,1576.2,27.3,yes,capital_position
b_karzuwa,c_karzuwa,3261,5582,5489,5566.1,5499.8,19.3,yes,capital_position
b_kasal,c_kasal,3463,6692,6148,6694.4,6150.3,3.4,yes,capital_position
b_lyareka,c_kasal,3464,6727,6159,6728.4,6138.7,20.4,yes,sampled
b_kaslaib,c_kaslaib,3320,5336,5501,5299.0,5501.8,37.0,yes,capital_position
b_kasper,c_kasper,1281,6229,3230,6219.4,3227.8,9.8,yes,capital_position
b_etedin,c_kasper,1282,6258,3220,6270.0,3214.9,13.1,yes,sampled
b_kassa_stand,c_kassa_bay,1550,2809,3798,2802.9,3789.4,10.5,yes,capital_position
b_penshan,c_katakoro_pass,1467,6387,2985,6368.7,2987.5,18.5,yes,capital_position
b_fengze,c_katakoro_tundra,1472,7189,2960,7186.9,2950.2,10.0,yes,capital_position
b_kayari,c_kayari,173,7792,613,7821.5,613.4,29.5,yes,capital_position
b_keczulla,c_keczulla,205,2915,2071,2933.0,2061.1,20.6,yes,capital_position
b_karlyn_bridge,c_keczulla,206,2944,2059,2874.7,2070.6,70.2,no,sampled
b_kelazzan,c_kelazzan,1267,6045,3462,6059.0,3462.9,14.0,yes,capital_position
b_naguda,c_kelazzan,1268,6016,3435,6020.2,3454.2,19.6,yes,sampled
b_kelereng,c_kelereng_valley,2310,7343,4789,7309.9,4779.5,34.4,yes,capital_position
b_kellesar,c_kellesar,1269,6213,3511,6214.6,3510.9,1.6,yes,capital_position
b_keltar,c_keltar,321,2746,2726,2748.7,2727.2,2.9,yes,capital_position
b_evenstar,c_keltar,322,2764,2694,2772.8,2686.5,11.5,no,sampled
b_yuram,c_keltar,323,2766,2729,2758.3,2705.2,25.0,no,sampled
b_penong,c_keluh,2334,8025,4582,8019.9,4561.7,20.9,yes,capital_position
b_keluthar,c_keluthar,1744,5094,1791,5097.8,1790.1,3.9,yes,capital_position
b_bez_eska,c_keluthar,1745,5131,1789,5191.9,1791.7,60.9,no,sampled
b_naldiskor,c_keluthar,1746,5160,1797,5148.2,1788.9,14.3,yes,sampled
b_kelvins_cairn,c_kelvins_cairn,1931,2152,382,2146.4,373.6,10.1,yes,capital_position
b_kemati,c_kemati_valley,2357,7208,4264,7195.8,4252.7,16.7,yes,capital_position
b_lobcha,c_kemati_valley,2358,7228,4271,7272.5,4324.1,69.3,no,sampled
b_durkon,c_kera,2335,8052,4416,8064.0,4415.7,12.0,yes,capital_position
b_shokan,c_kera,2336,8082,4373,8045.8,4362.3,37.8,yes,sampled
b_asham,c_kesh,1609,5228,2483,5245.7,2484.9,17.8,yes,capital_position
b_sumelel,c_kesh,1610,5238,2473,5182.8,2470.1,55.3,no,sampled
b_ket_bel,c_ket_bel,1251,5533,2516,5544.4,2518.3,11.7,yes,capital_position
b_selatan,c_ketcheel,2322,7597,4828,7596.1,4825.4,2.8,yes,capital_position
b_kethid,c_kethid,2403,4111,4109,4111.1,4109.9,0.9,yes,capital_position
b_khaa,c_khaa,2186,5891,1725,5876.0,1718.7,16.2,yes,capital_position
b_khaelud,c_khaelud,3636,4564,2645,4557.5,2646.2,6.7,yes,capital_position
b_axebite,c_khaelud,3637,4574,2636,4582.0,2636.9,8.1,yes,sampled
b_khedvallahir,c_khedrun_valley,1970,2410,486,2407.4,487.6,3.0,yes,capital_position
b_shield_way,c_khedrun_valley,1971,2377,488,2369.0,492.3,9.1,yes,sampled
b_khelas,c_khelas,1376,6552,4352,6560.2,4343.8,11.6,yes,capital_position
b_sammal,c_khelas,1377,6518,4391,6501.8,4395.1,16.7,yes,sampled
b_kheldrivver,c_kheldrivver,2521,2590,1440,2567.2,1454.7,27.1,yes,capital_position
b_khivak,c_khivak,171,8037,371,8057.8,370.5,20.8,yes,capital_position
b_khol,c_khol,3169,6766,1479,6781.0,1477.1,15.1,yes,capital_position
b_murmaan,c_kholaa,2179,5803,1203,5805.1,1199.8,3.8,yes,capital_position
b_kholassa,c_kholassa,3178,7089,1727,7063.9,1686.2,47.9,yes,capital_position
b_kholtar,c_kholtar,2256,4386,3308,4382.1,3307.8,3.9,yes,capital_position
b_basincross,c_kholtar,2257,4429,3312,4446.5,3290.7,27.6,no,sampled
b_narakib,c_kholtar,2258,4404,3316,4425.0,3315.8,21.0,yes,sampled
b_buukhinkh,c_khopet_dag,2175,5879,1975,5879.5,1971.4,3.6,yes,capital_position
b_khuld,c_khuld,1247,5621,2608,5617.1,2608.0,3.9,yes,capital_position
b_muinach,c_khuld,1248,5670,2626,5645.1,2677.4,57.1,no,sampled
b_kiasia,c_kiasia,3421,3110,6320,3108.2,6316.5,3.9,yes,capital_position
b_gisetara,c_kiasia,3423,3079,6316,3041.1,6362.2,59.8,no,sampled
b_maligi,c_kiasia,3422,3130,6304,3179.6,6275.1,57.4,no,sampled
b_kilastann,c_kilastann,1653,5643,2253,5640.0,2265.1,12.4,yes,capital_position
b_sughra,c_kilastann,1654,5672,2243,5655.9,2225.8,23.6,yes,sampled
b_kindle,c_kindle,2504,4208,3505,4209.5,3504.6,1.6,yes,capital_position
b_waymoot,c_kings_forest,983,3335,1676,3332.7,1680.4,4.9,yes,capital_position
b_stag_steads,c_kings_forest,984,3362,1682,3365.1,1675.8,6.9,yes,sampled
b_kings_reach,c_kings_reach,1129,4206,1508,4220.6,1508.5,14.6,yes,capital_position
b_swords_pool,c_kings_reach,1130,4216,1498,4165.2,1492.2,51.1,no,sampled
b_kingsbay,c_kingsbay,2747,1975,1766,1977.2,1765.7,2.2,yes,capital_position
b_macsheehan,c_kingsbay,2748,1984,1758,1983.1,1736.7,21.3,no,sampled
b_gapure,c_kingshore,1179,5285,3658,5267.9,3662.8,17.8,yes,capital_position
b_nerahu,c_kingshore,1180,5256,3630,5333.6,3638.0,78.0,no,sampled
b_kinyo,c_kinyo,1551,2830,3718,2837.9,3701.4,18.4,yes,capital_position
b_kitbezi,c_kitbezi,3527,6344,5792,6343.7,5790.2,1.9,yes,capital_position
b_kituzeelal,c_kituzeelal,3114,6307,1637,6312.0,1624.9,13.0,yes,capital_position
b_klionna,c_klionna,1175,5395,3625,5392.2,3623.4,3.2,yes,capital_position
b_chavyondat,c_klionna,1176,5379,3636,5453.0,3581.2,92.1,no,sampled
b_helshagar,c_klionna,1178,5441,3611,5407.8,3595.4,36.7,no,sampled
b_tammat,c_klionna,1177,5389,3601,5433.3,3613.2,45.9,no,sampled
b_klondor,c_klondor,1595,5199,2643,5207.4,2657.0,16.3,yes,capital_position
b_nindur,c_klondor,1596,5183,2653,5206.8,2613.9,45.8,no,sampled
b_panas,c_kobar,2337,8011,4479,8014.4,4477.2,3.8,yes,capital_position
b_kochar_steppe,c_kochar_steppe,365,2932,2741,2932.9,2741.5,1.0,yes,capital_position
b_two_falls_end,c_kochar_steppe,367,2952,2753,2973.9,2751.0,22.0,yes,sampled
b_zains_crossing,c_kochar_steppe,366,2942,2731,2894.5,2721.9,48.4,no,sampled
b_kochung,c_kochung,3073,7789,3525,7757.3,3523.6,31.7,yes,capital_position
b_hengwei,c_kochung,3074,7855,3503,7902.7,3485.8,50.7,yes,sampled
b_kolapur,c_kolapur,1304,5645,3556,5645.8,3555.9,0.8,yes,capital_position
b_zelar,c_kolapur,1306,5629,3580,5594.9,3560.1,39.5,no,sampled
b_zhiyanyi,c_kolapur,1305,5656,3564,5700.6,3545.1,48.4,no,sampled
b_kolium,c_kolium,1819,4965,1264,4966.3,1264.3,1.4,yes,capital_position
b_kollyat,c_kollyat,2259,4306,3206,4306.7,3202.1,3.9,yes,capital_position
b_konigstadt,c_konig_hills,1380,6653,4357,6666.1,4346.7,16.7,yes,capital_position
b_ushalab,c_konig_hills,1381,6643,4393,6629.5,4403.2,16.9,yes,sampled
b_konigheim,c_konigheim,1372,6596,4260,6591.5,4268.5,9.6,yes,capital_position
b_natiasa,c_konigheim,1374,6581,4213,6635.7,4207.5,55.0,no,sampled
b_rurmpo,c_konigheim,1375,6630,4252,6644.8,4282.9,34.3,no,sampled
b_sivuzkma,c_konigheim,1373,6610,4240,6576.1,4186.9,63.0,no,sampled
b_korar,c_korar_hills,90,386,2757,386.4,2749.9,7.1,yes,capital_position
b_djerad_arandal,c_korar_hills,91,393,2716,419.5,2698.0,32.1,yes,sampled
b_caftenor,c_korinn,2769,2031,1303,2025.5,1319.7,17.6,yes,capital_position
b_kormul,c_kormul,2295,3810,3271,3794.8,3263.0,17.1,yes,capital_position
b_boyhill,c_kormul,2297,3796,3228,3817.3,3316.8,91.4,no,sampled
b_kinbarukth,c_kormul,2296,3819,3302,3835.6,3205.3,98.1,no,sampled
b_kothask,c_kothask,124,1025,2948,1028.1,2950.2,3.8,yes,capital_position
b_kouangi,c_kouangi,2147,5371,1637,5359.3,1627.8,14.9,yes,capital_position
b_kourmira,c_kourmira,3093,6217,1531,6216.6,1549.5,18.5,yes,capital_position
b_balenulalik,c_kourmira,3094,6211,1500,6147.9,1565.8,91.2,no,sampled
b_nanshark,c_kourmira,3096,6233,1582,6178.9,1490.4,106.5,no,sampled
b_tenji,c_kourmira,3095,6204,1555,6261.1,1507.1,74.5,no,sampled
b_krak_al_mazhar,c_krak_al_mazhar,3339,6167,5155,6176.1,5132.2,24.6,yes,capital_position
b_krak_al_niraan,c_krak_al_niraan,3329,5858,5174,5831.3,5195.4,34.2,yes,capital_position
b_ghaliha,c_krak_al_niraan,3330,5836,5204,5931.0,5161.9,103.9,no,sampled
b_krak_al_sajjaan,c_krak_al_sajjaan,3535,6174,6171,6173.9,6172.5,1.5,yes,capital_position
b_qudsamanah,c_krak_al_sajjaan,3536,6176,6128,6194.9,6090.6,41.9,no,sampled
b_touinana,c_krak_al_sajjaan,3537,6182,6148,6172.5,6121.6,28.1,no,sampled
b_krak_al_shidda,c_krak_al_shidda,3479,5539,6189,5537.9,6168.7,20.3,yes,capital_position
b_krak_al_uruj,c_krak_al_uruj,3520,6213,5931,6204.7,5938.9,11.5,yes,capital_position
b_sahala,c_krak_al_uruj,3521,6188,5909,6159.8,5911.7,28.3,yes,sampled
b_kresttet,c_kresttet,811,4269,509,4269.7,508.6,0.8,yes,capital_position
b_kront,c_kront,1822,4896,1401,4899.4,1398.5,4.2,yes,capital_position
b_southkrypt,c_kryptgarden_forest,2097,2322,894,2327.6,886.3,9.5,yes,capital_position
b_ku_akh,c_ku_akh,1627,5051,2518,5041.1,2517.3,10.0,yes,capital_position
b_panalu,c_ku_akh,1628,5051,2544,5076.7,2554.6,27.8,no,sampled
b_taicheng,c_kuan_road,3010,8074,2642,8072.9,2636.1,6.0,yes,capital_position
b_mudanramay,c_kuan_road,3012,8093,2653,8010.6,2627.7,86.2,no,sampled
b_nangong,c_kuan_road,3011,8084,2632,8133.8,2652.8,54.0,no,sampled
b_zhouramay,c_kuang_chu_road,3064,7875,1608,7860.8,1620.9,19.2,yes,capital_position
b_shanchun,c_kuang_chu_road,3065,7869,1635,7914.4,1513.6,129.6,no,sampled
b_sumitra,c_kumandang,2311,7546,4688,7554.1,4677.5,13.3,yes,capital_position
b_simbilan,c_kuning,3181,7615,5024,7611.5,4985.5,38.6,yes,capital_position
b_kuo_meilan,c_kuo_meilan,3059,8070,1569,8081.9,1532.9,38.0,yes,capital_position
b_kupote,c_kupoteza,3432,4116,5942,4119.1,5939.8,3.8,yes,capital_position
b_kuraakim,c_kuraakim,2284,3896,3496,3909.3,3490.7,14.3,yes,capital_position
b_kurrsh,c_kurrsh,581,3933,2706,3929.1,2706.8,4.0,yes,capital_position
b_kurth,c_kurth,1136,4116,1418,4121.9,1404.9,14.4,yes,capital_position
b_maskyrs_eye,c_kurth,1137,4109,1430,4111.4,1448.6,18.7,no,sampled
b_kushk,c_kushk,1504,6454,2602,6456.0,2591.9,10.3,yes,capital_position
b_dabterm,c_kushk,1506,6516,2610,6498.6,2637.7,32.7,no,sampled
b_shama,c_kushk,1505,6497,2614,6517.6,2609.7,21.0,yes,sampled
b_kwachow,c_kwachow,3154,7333,1666,7335.3,1665.0,2.5,yes,capital_position
b_kzelter,c_kzelter,440,3167,2667,3161.8,2680.7,14.6,yes,capital_position
b_xora,c_kzelter,441,3200,2651,3188.7,2636.1,18.7,yes,sampled
b_laas,c_laas,647,2125,3707,2117.3,3701.5,9.5,yes,capital_position
b_easthaven,c_lac_dinneshere,1926,2135,431,2129.4,432.9,5.9,yes,capital_position
b_caer_dineval,c_lac_dinneshere,1927,2115,435,2155.7,421.4,42.9,no,sampled
b_lachom,c_lachom,588,3614,2403,3615.3,2408.9,6.0,yes,capital_position
b_lagiluri,c_lagiluri,1495,6637,2491,6642.0,2488.6,5.6,yes,capital_position
b_namuto,c_lagiluri,1496,6624,2497,6683.5,2468.2,66.1,no,sampled
b_lahib,c_lahib_island,3402,5103,5352,5105.6,5348.5,4.4,yes,capital_position
b_laila,c_laila,1534,3554,3333,3556.8,3336.4,4.4,yes,capital_position
b_hila,c_laila,1535,3538,3357,3520.4,3353.3,18.0,yes,sampled
b_laiwei,c_laiwei,3028,7921,2929,7941.5,2932.4,20.8,yes,capital_position
b_jiangyi,c_laiwei,3029,7908,2946,7871.0,2900.7,58.5,no,sampled
b_lajang,c_lajang,3180,7329,4952,7346.7,4921.0,35.7,yes,capital_position
b_minsor_vale,c_lake_weng,191,2746,2022,2754.4,2016.5,10.1,yes,capital_position
b_citadel_rashturl,c_lake_weng,192,2758,2030,2707.5,2021.2,51.3,no,sampled
b_lion_rock,c_lammasus_plain,2713,171,416,196.4,319.6,99.7,yes,capital_position
b_lamrar,c_lamrar,38,911,2360,909.3,2357.5,3.0,yes,capital_position
b_maura_rauth,c_lamrar,39,941,2352,939.1,2356.1,4.5,yes,sampled
b_pyraxia,c_land_of_ash_and_smoke,642,2039,3607,2044.3,3610.3,6.2,yes,capital_position
b_landithust,c_landithust,102,505,2434,512.0,2441.9,10.6,yes,capital_position
b_langdarma,c_langdarma,2359,7185,4146,7188.1,4145.3,3.2,yes,capital_position
b_gahong,c_langdarma,2360,7210,4144,7272.5,4133.4,63.4,no,sampled
b_kamsoperi,c_langdarma,2361,7185,4178,7166.4,4186.0,20.2,yes,sampled
b_kirtilamai,c_langdarma,2362,7171,4127,7226.6,4127.5,55.6,no,sampled
b_laothkund,c_laothkund,2840,4566,2045,4558.7,2036.0,11.6,yes,capital_position
b_enus,c_laothkund,2841,4587,2047,4587.5,2028.9,18.1,yes,sampled
b_lapaalis_waters,c_lapaalis,1556,3032,3779,3062.8,3759.4,36.5,yes,capital_position
b_lapalgard,c_lapalgard,1518,3413,3478,3426.1,3465.8,17.9,yes,capital_position
b_glouto,c_lapalgard,1519,3393,3494,3367.3,3490.5,26.0,yes,sampled
b_lapalstar,c_lapalgulph,1554,2924,3824,2906.7,3824.8,17.4,yes,capital_position
b_laphe,c_laphe,1537,3653,3228,3629.8,3232.4,23.6,yes,capital_position
b_todahling,c_laphe,1538,3620,3224,3708.0,3234.7,88.7,no,sampled
b_larut,c_larut,2370,7576,4293,7576.9,4295.1,2.3,yes,capital_position
b_lashghar,c_lashghar,1471,6718,2966,6739.9,2958.5,23.1,yes,capital_position
b_lashloc,c_lashloc,305,3573,660,3598.7,652.2,26.9,yes,capital_position
b_lastarr,c_lastarr,1320,5406,3435,5406.4,3433.6,1.5,yes,capital_position
b_laviguer,c_laviguer,1039,4296,1516,4289.4,1515.9,6.6,yes,capital_position
b_leaping_hold,c_leaping_grasses,2308,4312,2931,4316.9,2931.8,4.9,yes,capital_position
b_five_guard,c_legionsway,2229,4996,3107,4991.5,3112.4,7.0,yes,capital_position
b_leilon,c_leilon,2104,2211,871,2215.8,869.5,5.0,yes,capital_position
b_highcliff,c_leilon,2105,2229,885,2259.3,897.2,32.6,no,sampled
b_baytown,c_lenchvale,1032,4445,1455,4446.1,1441.0,14.1,yes,capital_position
b_lenchford,c_lenchvale,1033,4461,1441,4449.8,1504.2,64.2,no,sampled
b_bidburaq,c_leneta,3581,7140,6615,7142.4,6613.4,2.9,yes,capital_position
b_leopard_shan,c_leopard_shan,3123,6387,2497,6386.5,2496.2,0.9,yes,capital_position
b_lethtar,c_leth,1435,1754,2882,1784.9,2893.4,32.9,yes,capital_position
b_myth_iiscar,c_leth,1436,1808,2915,1782.2,2947.1,41.2,no,sampled
b_moonstone_palace,c_leuthilspar,931,362,1502,363.6,1501.8,1.6,yes,capital_position
b_leuthilspar,c_leuthilspar,932,382,1514,394.3,1520.1,13.8,yes,sampled
b_sunstone_common,c_leuthilspar,935,350,1512,354.0,1520.7,9.6,yes,sampled
b_lhair,c_lhair,2470,3382,4029,3398.9,4037.1,18.7,yes,capital_position
b_nuulatha,c_lhair,2471,3352,4002,3332.5,4003.0,19.6,yes,sampled
b_lheshayl,c_lheshayl,526,3366,2325,3387.4,2326.6,21.5,yes,capital_position
b_lothia,c_lheshayl,527,3337,2323,3321.8,2312.7,18.4,yes,sampled
b_khephal,c_lhespenbog,2298,3925,3214,3927.8,3211.5,3.7,yes,capital_position
b_lhesper,c_lhesper,2294,3882,3120,3884.1,3119.2,2.3,yes,capital_position
b_li_raz,c_li_raz,3127,7467,1142,7454.3,1148.7,14.4,yes,capital_position
b_liham,c_liham,3309,5385,5215,5383.7,5201.3,13.7,yes,capital_position
b_al_sari,c_liham,3310,5402,5245,5322.5,5235.2,80.1,no,sampled
b_rabali,c_liham,3312,5369,5239,5375.0,5252.5,14.8,yes,sampled
b_umm_rahud,c_liham,3311,5404,5223,5423.1,5208.1,24.2,no,sampled
b_lilinuk,c_lilinuk,791,4425,662,4428.3,661.4,3.3,yes,capital_position
b_daroush,c_lilit_pass,524,3954,2262,3942.8,2259.1,11.5,yes,capital_position
b_aelor,c_lilit_pass,525,3980,2255,4015.7,2242.2,37.9,no,sampled
b_limjung,c_limjung,3201,6684,5645,6682.0,5617.5,27.6,yes,capital_position
b_lipo,c_lipo,1391,6350,4553,6345.5,4545.2,9.0,yes,capital_position
b_kawa,c_lipo,1392,6297,4537,6283.2,4611.0,75.3,no,sampled
b_halvans_wood,c_liswood,859,4009,1428,4013.9,1428.0,4.9,yes,capital_position
b_cromms_hold,c_lizard_marsh,2903,2432,1219,2427.9,1208.4,11.4,yes,capital_position
b_rock_island,c_lizard_marsh,2904,2420,1207,2438.9,1247.8,45.0,no,sampled
b_goulous,c_lizards_tongue_pass,3327,5215,5448,5215.4,5452.5,4.5,yes,capital_position
b_llorkh,c_llorkh,2947,2842,1064,2832.7,1060.1,10.1,yes,capital_position
b_iron_hill,c_llorkh,2948,2813,1037,2883.4,1065.4,75.9,no,sampled
b_al_tana,c_lluirwood,2494,4853,3707,4839.1,3702.1,14.7,yes,capital_position
b_llurth_dreier,c_llurth_dreier,2215,4390,3021,4392.4,3022.3,2.7,yes,capital_position
b_mudflats,c_llurth_dreier,2217,4367,3040,4368.1,3038.8,1.6,yes,sampled
b_overflowing_pit,c_llurth_dreier,2216,4410,2991,4409.7,3001.5,10.5,yes,sampled
b_lo_tu,c_lo_tu,2969,7157,2264,7155.3,2243.8,20.2,yes,capital_position
b_xumay,c_lo_tu,2971,7177,2319,7140.8,2340.3,42.0,yes,sampled
b_zoachong,c_lo_tu,2970,7128,2237,7254.6,2309.1,145.7,no,sampled
b_deadstone_cleft,c_loagrann,3601,2862,990,2866.7,989.4,4.7,yes,capital_position
b_orlbar,c_loagrann,3602,2850,1010,2820.7,1018.9,30.6,no,sampled
b_lomatra,c_lomatra,480,4263,2382,4275.1,2378.0,12.7,yes,capital_position
b_lomoli,c_lomatra,481,4283,2393,4243.4,2382.2,41.1,no,sampled
b_lonefang,c_lonefang,2003,2602,228,2602.8,224.2,3.9,yes,capital_position
b_aumvors_castle,c_lonely_moor,2930,3053,1197,3048.0,1176.5,21.1,yes,capital_position
b_last_stop,c_lonely_rock,2721,481,468,482.8,465.8,2.8,yes,capital_position
b_kens_rise,c_long_arm,534,3450,1993,3457.4,1967.7,26.3,yes,capital_position
b_port_orlam,c_long_arm,535,3387,1977,3406.7,1997.9,28.8,yes,sampled
b_mossy_stone,c_long_marsh,126,1099,2931,1101.1,2935.3,4.8,yes,capital_position
b_longsaddle,c_longsaddle,2025,2358,672,2356.8,665.2,6.9,yes,capital_position
b_harpell_hill,c_longsaddle,2026,2381,674,2386.7,693.2,20.0,no,sampled
b_gorag_citadel,c_lopango,1448,206,4447,196.9,4470.5,25.2,yes,capital_position
b_djerad_tarora,c_lost_land,115,511,2278,512.7,2275.9,2.7,yes,capital_position
b_morndinvuddrin,c_lost_peaks,2075,2639,793,2637.7,799.6,6.7,yes,capital_position
b_grandfather_tree,c_lost_peaks,2077,2623,816,2638.9,766.0,52.5,no,sampled
b_rornfaern,c_lost_peaks,2076,2659,804,2669.7,795.4,13.7,yes,sampled
b_tarkhaldarth,c_lost_vale,278,3546,1369,3550.9,1372.6,6.1,yes,capital_position
b_lothen,c_lothen,2070,2606,824,2606.9,813.3,10.7,yes,capital_position
b_aelyth,c_lothen,2071,2586,830,2570.8,834.8,15.9,yes,sampled
b_loudwater,c_loudwater,2951,2756,1041,2761.8,1048.6,9.6,yes,capital_position
b_kauth,c_loudwater,2952,2789,1027,2785.3,1024.3,4.6,yes,sampled
b_veltienorethal,c_loudwater,2953,2741,1064,2727.3,1067.0,14.0,yes,sampled
b_loulan,c_loulan,3052,7871,1979,7869.9,1982.3,3.5,yes,capital_position
b_putai,c_loulan,3053,7880,1969,7933.3,1997.1,60.3,no,sampled
b_suizhou,c_loulan,3054,7890,1991,7810.7,1946.5,90.9,no,sampled
b_orantrax,c_lower_glaur,100,419,2481,440.2,2503.3,30.7,yes,capital_position
b_padang,c_lower_kayu,2326,7998,4729,8021.3,4730.0,23.4,yes,capital_position
b_barat,c_lower_kuning,2323,7636,4797,7650.2,4796.4,14.2,yes,capital_position
b_rarila,c_lower_red_goat,1401,6571,5030,6563.3,5011.7,19.9,yes,capital_position
b_kanabris,c_lower_red_goat,1402,6544,5024,6538.1,5083.4,59.6,no,sampled
b_temphish,c_lower_terrace,1369,6696,4230,6734.8,4261.6,50.0,yes,capital_position
b_tharig,c_lower_terrace,1370,6720,4262,6703.2,4163.6,99.8,no,sampled
b_biliduda,c_lower_wing,1409,6636,4879,6637.3,4902.2,23.2,yes,capital_position
b_apragada,c_lower_wing,1410,6637,4842,6627.7,4822.6,21.5,yes,sampled
b_midstride,c_lowfork,2268,3864,3425,3893.5,3418.6,30.1,yes,capital_position
b_luenath,c_luenath,2394,4517,4049,4513.9,4045.5,4.7,yes,capital_position
b_alamplon,c_luenath,2395,4503,3994,4573.7,3998.3,70.8,no,sampled
b_shaing,c_luenath,2396,4535,4010,4518.8,4004.7,17.1,yes,sampled
b_lugabi,c_lugabi,3415,3208,6220,3215.5,6227.0,10.3,yes,capital_position
b_mabansenyi,c_lugabi,3417,3188,6216,3160.7,6207.4,28.6,no,sampled
b_nyachedo,c_lugabi,3416,3208,6228,3282.7,6200.2,79.7,no,sampled
b_lugotak,c_lugotak,793,4079,748,4070.4,752.9,9.9,yes,capital_position
b_vestil,c_luirbrech,1825,5054,1158,5062.0,1147.4,13.3,yes,capital_position
b_krenatir,c_luirund,2489,5025,3883,5023.3,3886.4,3.8,yes,capital_position
b_shibiki,c_luirund,2490,5010,3906,4950.3,3911.9,60.0,no,sampled
b_lundeth,c_lundeth,265,3214,1473,3210.0,1494.8,22.2,yes,capital_position
b_old_lundeth,c_lundeth_bay,675,2604,3644,2596.3,3639.2,9.0,yes,capital_position
b_vestilun,c_lundeth_bay,676,2592,3634,2631.5,3635.5,39.6,no,sampled
b_tapakgan,c_lunru,3188,7869,5090,7869.9,5089.2,1.2,yes,capital_position
b_halanaskarr,c_lurkwood,1978,2430,556,2410.6,548.4,20.8,yes,capital_position
b_maraks_tor,c_lurkwood,1979,2473,552,2493.9,545.7,21.8,yes,sampled
b_lushpool,c_lushpool,1520,3446,3370,3461.7,3372.2,15.9,yes,capital_position
b_beacastle,c_lushpool,1522,3430,3394,3416.4,3394.6,13.6,yes,sampled
b_beda,c_lushpool,1521,3466,3382,3396.5,3357.7,73.7,no,sampled
b_captains_court,c_luskan,1958,2137,588,2134.2,584.0,4.9,yes,capital_position
b_whitesails_harbour,c_luskan,1959,2154,578,2165.3,567.9,15.2,no,sampled
b_winter_palace,c_luskan,1960,2135,570,2137.7,567.2,3.9,yes,sampled
b_war_college,c_luthcheq,2879,4572,2364,4570.5,2375.1,11.2,yes,capital_position
b_house_of_tchazzar,c_luthcheq,2881,4570,2407,4539.5,2393.2,33.4,yes,sampled
b_luthcheq,c_luthcheq,2880,4539,2382,4531.5,2431.7,50.2,no,sampled
b_lylkara,c_lylkara_valley,145,839,2255,825.1,2255.9,13.9,yes,capital_position
b_lylorn,c_lylorn,17,562,2714,549.9,2699.7,18.7,yes,capital_position
b_arombar,c_lylorn,18,530,2694,537.8,2756.4,62.8,no,sampled
b_lyndar,c_lyndar,85,335,2632,335.5,2631.7,0.6,yes,capital_position
b_port_wyn,c_lyntara,1963,2150,605,2157.4,621.7,18.2,yes,capital_position
b_valarholm,c_lyntara,1964,2182,597,2206.5,588.3,26.0,yes,sampled
b_lyrabar,c_lyrabar,1018,4310,1678,4306.8,1679.5,3.5,yes,capital_position
b_bertiholm,c_lyrabar,1020,4320,1647,4320.8,1650.6,3.7,yes,sampled
b_moranay,c_lyrabar,1019,4304,1653,4288.0,1653.8,16.0,yes,sampled
b_maarlith,c_maarlith,2380,4584,4080,4594.1,4058.8,23.5,yes,capital_position
b_adrinden,c_maarlith,2381,4546,4041,4549.2,4080.8,39.9,yes,sampled
b_mabasha,c_mabasha,149,6876,660,6831.3,624.7,57.0,yes,capital_position
b_mache,c_mache_gap,2353,7470,3718,7433.6,3722.4,36.7,yes,capital_position
b_maelar,c_maelar,1590,5197,2395,5177.6,2395.8,19.4,yes,capital_position
b_gemijo,c_maelar,1591,5207,2386,5243.1,2387.8,36.1,no,sampled
b_maelevarar,c_maelevarar,121,1099,2712,1106.4,2693.9,19.5,yes,capital_position
b_blindwood,c_maelevarar,122,1128,2681,1083.3,2761.9,92.4,no,sampled
b_maer_dualdon,c_maer_dualdon,1924,2100,421,2096.5,417.3,5.1,yes,capital_position
b_jarlmoot,c_maer_dualdon,1925,2076,433,2077.9,423.1,10.1,yes,sampled
b_maerch,c_maerch,2863,4574,2499,4557.3,2533.2,38.1,yes,capital_position
b_egarama,c_maerch,2864,4580,2532,4611.6,2515.3,35.7,no,sampled
b_maerchlin,c_maerchlin,2866,4496,2511,4514.2,2500.5,21.0,yes,capital_position
b_alexandis,c_maerchlin,2867,4515,2514,4457.8,2550.8,68.0,no,sampled
b_calmaersor,c_maerchwoods,2868,4470,2583,4480.5,2587.8,11.6,yes,capital_position
b_maerduuth,c_maerduuth,2870,4455,2454,4462.8,2462.3,11.4,yes,capital_position
b_saden,c_maerduuth,2872,4474,2466,4422.1,2465.9,51.9,no,sampled
b_uslin,c_maerduuth,2871,4464,2444,4475.8,2423.7,23.5,no,sampled
b_castle_maerimydra,c_maerimydra,3666,3694,1483,3696.5,1481.6,2.8,yes,capital_position
b_maeruhal,c_maeruhal,2433,3898,3970,3891.3,3946.4,24.5,yes,capital_position
b_orbedal,c_maeruhal,2434,3872,3963,3868.2,4004.7,41.9,no,sampled
b_chelms_roost,c_maerwatch,2877,4378,2534,4357.9,2539.2,20.7,yes,capital_position
b_mantan,c_maerwatch,2878,4388,2524,4424.8,2520.8,36.9,no,sampled
b_maerzalar,c_maerzalar,2437,3862,4058,3883.7,4058.6,21.7,yes,capital_position
b_zaralara,c_maerzalar,2438,3808,4064,3782.7,4053.7,27.3,yes,sampled
b_djerad_aramazath,c_maeynda,43,763,2471,764.8,2468.7,2.9,yes,capital_position
b_mafrad,c_mafrad,3516,6272,6017,6262.0,6015.8,10.1,yes,capital_position
b_anaah,c_mafrad,3518,6231,5997,6225.2,6051.7,55.0,no,sampled
b_hutan,c_mafrad,3517,6247,6032,6260.4,5966.9,66.5,no,sampled
b_magis_tor,c_magis_tor,429,3004,2606,3011.5,2605.1,7.6,yes,capital_position
b_magrib,c_magrib,3222,5707,5827,5695.1,5827.9,11.9,yes,capital_position
b_bareel,c_magrib,3224,5682,5825,5690.5,5784.3,41.6,no,sampled
b_jeral,c_magrib,3223,5701,5837,5656.2,5857.3,49.1,no,sampled
b_mahabba,c_mahabba,3284,6059,6157,6067.6,6160.6,9.3,yes,capital_position
b_hamz_al_jasrail,c_mahabba,3285,6049,6144,6007.8,6146.1,41.3,no,sampled
b_khaligat,c_mahabba,3286,6069,6155,6039.2,6124.8,42.4,no,sampled
b_maharas_vale,c_maharas_vale,3367,5787,4987,5790.0,4985.2,3.5,yes,capital_position
b_mahazaka,c_mahazaka,3523,6266,5895,6257.0,5881.9,15.9,yes,capital_position
b_mahligwi,c_mahligwi,2330,7804,4658,7810.3,4630.7,28.1,yes,capital_position
b_makaxar,c_makaxar,1526,3178,3531,3171.1,3539.4,10.9,yes,capital_position
b_hohai,c_makaxar,1528,3149,3503,3174.2,3505.7,25.3,yes,sampled
b_kyani,c_makaxar,1527,3163,3554,3204.9,3536.9,45.2,no,sampled
b_malaarar,c_malaarar,109,462,2341,463.9,2339.0,2.7,yes,capital_position
b_maldali,c_maldali,155,7232,664,7217.6,650.8,19.5,yes,capital_position
b_malualti,c_malualti,3323,5449,5532,5439.7,5530.7,9.3,yes,capital_position
b_manass,c_manass,1486,6927,2343,6926.4,2341.5,1.6,yes,capital_position
b_dampab,c_manass,1487,6936,2333,6892.8,2359.0,50.4,no,sampled
b_ngdengp,c_manass,1488,6946,2354,6956.8,2329.0,27.3,no,sampled
b_mangale,c_mangale,2285,4183,3384,4179.0,3396.0,12.6,yes,capital_position
b_mangangan,c_mangangan,2177,5488,1236,5486.1,1213.4,22.7,yes,capital_position
b_al_hamim,c_manhus_and_saliam,3558,5654,6460,5653.3,6490.0,30.0,yes,capital_position
b_manshaka,c_manshaka,342,2805,2774,2802.5,2776.2,3.4,yes,capital_position
b_faerinstar,c_manshaka,345,2825,2786,2832.9,2762.4,24.9,no,sampled
b_sessemal,c_manshaka,343,2789,2774,2828.3,2796.7,45.4,no,sampled
b_marangor,c_marangor,34,904,2401,898.2,2408.0,9.1,yes,capital_position
b_araxaur,c_marangor,36,929,2399,895.3,2383.1,37.2,no,sampled
b_oriph,c_marangor,35,884,2389,926.1,2400.6,43.7,no,sampled
b_sumedhimiya,c_marching_camels_road,3457,5078,5927,5100.4,5935.5,24.0,yes,capital_position
b_samak,c_maribar_island,3488,5617,6003,5619.0,6001.7,2.4,yes,capital_position
b_marrauk,c_marrauk,19,618,2667,615.0,2667.1,3.0,yes,capital_position
b_marsember,c_marsember,985,3399,1756,3400.2,1755.0,1.6,yes,capital_position
b_antanmarans_isle,c_marsember,987,3380,1735,3415.1,1747.8,37.4,no,sampled
b_kings_tower,c_marsember,988,3397,1741,3379.3,1744.1,17.9,no,sampled
b_sharmran_isle,c_marsember,986,3399,1748,3395.3,1729.1,19.2,no,sampled
b_wyrmhall,c_marsh_of_tun,2583,3196,1686,3194.5,1681.3,4.9,yes,capital_position
b_threetrees,c_marsh_of_tun,2584,3190,1658,3199.7,1646.2,15.2,yes,sampled
b_maskana,c_maskana,1242,5404,2681,5405.7,2675.8,5.5,yes,capital_position
b_maskath,c_maskath,13,1005,2884,1008.8,2881.0,4.9,yes,capital_position
b_bandar_al_saadat,c_masud_jazayir,3561,5557,6607,5552.2,6615.7,9.9,yes,capital_position
b_mata_bol,c_mata,3164,6415,1250,6395.6,1259.4,21.5,yes,capital_position
b_matolo,c_matolo,618,1978,3243,1967.9,3249.1,11.8,yes,capital_position
b_maviddi,c_maviddi_forest,1468,7107,3107,7109.3,3102.0,5.5,yes,capital_position
b_mazat,c_mazat,3386,5547,5196,5549.0,5194.3,2.6,yes,capital_position
b_mbala,c_mbala,616,1982,3298,2001.6,3304.3,20.6,yes,capital_position
b_medang_perang,c_medang_perang,2313,7320,4606,7346.2,4633.7,38.1,yes,capital_position
b_akota,c_medina_akota,3452,4969,5958,4976.0,5969.7,13.7,yes,capital_position
b_regdaruk,c_medina_akota,3454,4990,5958,4990.2,5926.8,31.2,no,sampled
b_yawoon,c_medina_akota,3453,4970,5946,4942.1,5930.7,31.9,no,sampled
b_medina_al_afyal,c_medina_al_afyal,3460,6725,6056,6727.0,6051.9,4.6,yes,capital_position
b_gimba,c_medina_al_afyal,3461,6766,6069,6748.1,6024.1,48.4,no,sampled
b_kayunhunga,c_medina_al_afyal,3462,6747,6058,6763.1,6079.0,26.4,no,sampled
b_medinat_muskawoon,c_medinat_muskawoon,1259,5897,2817,5904.2,2802.7,16.0,yes,capital_position
b_meinan,c_meinan,3085,8070,3259,8101.2,3264.3,31.7,yes,capital_position
b_coryllvol,c_meiritin,224,2920,2159,2938.4,2157.8,18.4,yes,capital_position
b_shimmalshyr,c_meiritin,225,2930,2149,2887.2,2154.3,43.1,no,sampled
b_mekebat,c_mekebat,3427,2946,6386,2951.8,6382.9,6.6,yes,capital_position
b_indole,c_mekebat,3428,2983,6357,3005.5,6423.6,70.3,no,sampled
b_kinana,c_mekebat,3429,2967,6392,2950.0,6338.2,56.5,no,sampled
b_mella,c_mella,1553,2778,3625,2780.9,3623.5,3.2,yes,capital_position
b_asberyth,c_melvaunt,733,3946,1238,3939.7,1235.4,6.8,yes,capital_position
b_melvaunt,c_melvaunt,734,3935,1227,3965.3,1241.5,33.6,no,sampled
b_memnon,c_memnon,335,2600,2632,2599.2,2634.9,3.0,yes,capital_position
b_scarlet_gate,c_memnon,336,2584,2655,2631.9,2635.1,51.9,no,sampled
b_vesparal,c_memnon,337,2578,2640,2574.8,2648.9,9.4,yes,sampled
b_quellarzorl,c_menzoberranzan,3587,2645,570,2644.1,567.7,2.5,yes,capital_position
b_uthtower,c_mere_of_dead_men,2112,2248,943,2247.6,938.5,4.5,yes,capital_position
b_west_harbor,c_mere_of_dead_men,2113,2250,922,2232.9,918.3,17.5,yes,sampled
b_kilad,c_mergu,3576,6637,6347,6638.9,6345.5,2.4,yes,capital_position
b_madirah,c_mergu_saah,3583,7026,6497,7009.5,6507.6,19.6,yes,capital_position
b_merkun,c_merkungard,1836,4470,1246,4479.9,1240.7,11.3,yes,capital_position
b_messemprar,c_messemprar,2794,4847,2327,4855.5,2327.2,8.5,yes,capital_position
b_dotho,c_messemprar,2796,4818,2300,4854.0,2299.6,36.0,no,sampled
b_kenna,c_messemprar,2797,4838,2300,4806.9,2299.7,31.1,no,sampled
b_thamor,c_messemprar,2795,4855,2319,4804.7,2318.9,50.3,no,sampled
b_methwood,c_methwood,2831,4644,2565,4645.1,2562.6,2.7,yes,capital_position
b_kuthnuk,c_mettledale,1859,4830,1567,4831.4,1564.2,3.1,yes,capital_position
b_mevarand,c_mevarand,103,563,2526,566.4,2519.7,7.2,yes,capital_position
b_mezro,c_mezro,595,2168,3279,2176.6,3276.3,9.0,yes,capital_position
b_agwux,c_mezro,600,2137,3277,2152.9,3268.1,18.2,no,sampled
b_deda,c_mezro,599,2158,3304,2139.0,3295.8,20.7,no,sampled
b_kanu,c_mezro,596,2191,3286,2142.8,3317.7,57.7,no,sampled
b_nkinge,c_mezro,598,2154,3290,2158.5,3305.5,16.2,yes,sampled
b_rotheha,c_mezro,597,2168,3288,2131.3,3276.7,38.4,no,sampled
b_mhaelos,c_mhaelos,279,3567,1248,3577.5,1239.4,13.6,yes,capital_position
b_addas_babar,c_mhaelos,280,3587,1260,3540.3,1278.9,50.4,no,sampled
b_mhair_pass,c_mhair_pass,1549,3325,3814,3327.6,3813.2,2.8,yes,capital_position
b_mhairhetel,c_mhairhetel,1540,3145,4060,3142.3,4062.5,3.6,yes,capital_position
b_amahtal,c_mhairhetel,1541,3116,4033,3180.2,4106.2,97.3,no,sampled
b_burpond,c_mhairhetel,1542,3130,4084,3117.8,4017.3,67.8,no,sampled
b_mhairling,c_mhairling,1543,3124,3798,3127.2,3802.2,5.3,yes,capital_position
b_mhiilamniir,c_mhiilamnir,2078,2725,832,2711.5,831.4,13.5,yes,capital_position
b_fhaorkerymkiir,c_mhiilamnir,2079,2768,824,2736.1,795.6,42.7,no,sampled
b_xeler,c_mhiilamnir,2080,2696,804,2776.4,815.0,81.1,no,sampled
b_mal,c_middenlands,1042,4394,1510,4405.3,1505.0,12.3,yes,capital_position
b_black_rose,c_middenlands,1043,4394,1543,4387.3,1556.5,15.0,yes,sampled
b_mortling,c_middle_longwood,2495,4996,3685,4985.9,3685.1,10.1,yes,capital_position
b_shengyi,c_middle_rendai,2989,7849,2128,7834.9,2127.2,14.1,yes,capital_position
b_jellik,c_middlewoods,1849,4748,1543,4750.4,1542.1,2.5,yes,capital_position
b_midnight_waters,c_midnight_waters,3338,6282,5401,6297.3,5385.8,21.6,yes,capital_position
b_midstone,c_midvale,442,3112,2763,3116.6,2761.8,4.8,yes,capital_position
b_tervish,c_midways,1327,5441,3243,5442.9,3222.4,20.7,yes,capital_position
b_narer,c_midwinter_pass,1328,5426,3169,5423.6,3155.7,13.5,yes,capital_position
b_miirsar,c_miir,277,3503,1320,3514.9,1327.2,14.0,yes,capital_position
b_milvarune,c_milvarune,1868,4627,1832,4623.8,1824.4,8.2,yes,capital_position
b_marbelaga,c_milvarune,1869,4652,1832,4657.7,1786.6,45.8,no,sampled
b_mimph,c_mimph,589,3823,2427,3826.3,2427.6,3.4,yes,capital_position
b_emeralda,c_mimph,591,3794,2399,3801.9,2397.6,8.1,yes,sampled
b_vale_vassara,c_mimph,590,3821,2399,3856.5,2451.7,63.5,no,sampled
b_mina,c_mina,3324,5180,5389,5168.8,5398.0,14.4,yes,capital_position
b_gokorhisar,c_mina,3326,5146,5385,5221.2,5391.5,75.5,no,sampled
b_muyar,c_mina,3325,5178,5362,5196.1,5355.2,19.4,yes,sampled
b_minlow,c_minlow,2982,8109,2217,8088.0,2219.0,21.1,yes,capital_position
b_edgeforest,c_minlow,2984,8129,2229,8131.2,2176.1,53.0,no,sampled
b_tangqihar,c_minlow,2983,8119,2208,8131.4,2254.6,48.2,no,sampled
b_stharelle,c_minta_vale,402,3307,2655,3310.3,2654.7,3.4,yes,capital_position
b_mintar,c_mintar,372,3270,2716,3253.4,2703.8,20.6,yes,capital_position
b_delliam,c_mintar,373,3241,2688,3302.7,2728.5,73.8,no,sampled
b_mintarn,c_mintarn,2773,2209,1420,2201.4,1402.8,18.8,yes,capital_position
b_mirabar,c_mirabar,1966,2297,515,2298.2,517.5,2.7,yes,capital_position
b_alemaster,c_mirabar,1968,2342,494,2279.2,493.7,62.8,no,sampled
b_crag_creek,c_mirabar,1969,2268,488,2336.3,522.5,76.5,no,sampled
b_duronds_town,c_mirabar,1967,2317,496,2325.9,493.8,9.2,yes,sampled
b_mirande,c_mirande,54,980,2366,969.7,2371.2,11.5,yes,capital_position
b_djerad_laxand,c_mirande,55,1005,2360,1009.6,2352.3,9.0,yes,sampled
b_etuabe,c_mirror_lake,766,4122,971,4131.7,1006.9,37.2,yes,capital_position
b_misbahd,c_misbahd,3569,6467,6380,6479.3,6378.7,12.3,yes,capital_position
b_adaba,c_misbahd,3571,6444,6400,6431.1,6393.1,14.6,yes,sampled
b_lakar,c_misbahd,3570,6462,6398,6446.7,6421.9,28.3,no,sampled
b_mishan,c_mishan,3026,7830,2978,7799.9,2951.9,39.9,yes,capital_position
b_hangping,c_mishan,3027,7839,2968,7925.2,3044.4,115.1,no,sampled
b_mishtan,c_mishtan,1597,5160,2745,5154.3,2742.9,6.1,yes,capital_position
b_azalhar,c_mishtan,1598,5140,2733,5196.0,2718.7,57.8,no,sampled
b_nishal,c_mishtan,1599,5142,2755,5156.8,2782.6,31.4,no,sampled
b_olyseserin,c_misted_court,594,3722,2554,3705.3,2563.2,19.0,yes,capital_position
b_misthaul,c_mistfells,130,800,2348,803.4,2345.8,4.1,yes,capital_position
b_mistshaws,c_mistshaws,64,933,2659,935.1,2656.8,3.1,yes,capital_position
b_altand,c_misty_forest,2914,2524,1188,2530.3,1191.4,7.2,yes,capital_position
b_elderstone,c_misty_forest,2915,2561,1172,2568.5,1160.0,14.2,yes,sampled
b_stawindis,c_misty_plains,395,3671,2661,3681.0,2655.8,11.3,yes,capital_position
b_misty_keep,c_misty_vale,2278,3573,3433,3586.7,3432.3,13.7,yes,capital_position
b_mithel,c_mithel,2460,3595,4094,3583.9,4099.3,12.3,yes,capital_position
b_letharr,c_mithel,2461,3565,4066,3637.9,4066.8,72.9,no,sampled
b_mithral_hall,c_mithral_hall,1904,2629,535,2628.5,532.4,2.6,yes,capital_position
b_fourthpeak,c_mithral_hall,1905,2639,525,2611.4,522.1,27.7,no,sampled
b_morgu,c_mnyama,3434,4243,6169,4244.8,6167.1,2.6,yes,capital_position
b_chuapli,c_mokalonni_islands,1450,646,4903,638.3,4917.7,16.6,yes,capital_position
b_maju,c_mokalonni_islands,1451,646,4953,842.1,4856.5,218.5,no,sampled
b_molken,c_molken,2417,4308,3736,4304.1,3739.4,5.2,yes,capital_position
b_monksblade,c_monksblade,991,3472,1733,3472.6,1737.9,4.9,yes,capital_position
b_juniril,c_monksblade,992,3456,1735,3462.5,1713.0,22.9,no,sampled
b_pelmarin,c_monteshi,2604,2846,2559,2840.6,2553.8,7.5,yes,capital_position
b_ruba,c_monteshi,2605,2866,2561,2796.1,2560.9,69.9,no,sampled
b_st_rucir,c_monteshi,2607,2817,2532,2874.2,2552.7,60.8,no,sampled
b_st_sarils,c_monteshi,2606,2829,2583,2845.7,2604.9,27.5,yes,sampled
b_eights_tree,c_moonglade,2685,2940,2372,2933.6,2358.5,14.9,yes,capital_position
b_eldaths_gate,c_moonglade,2687,2918,2358,2973.4,2360.7,55.4,no,sampled
b_zoastrias_stand,c_moonglade,2686,2961,2360,2892.7,2387.2,73.5,no,sampled
b_moonrise_towers,c_moonrise,2514,2770,1631,2757.9,1628.0,12.4,yes,capital_position
b_selunes_sanctum,c_moonrise,2515,2760,1596,2754.7,1590.5,7.6,yes,sampled
b_moonkind,c_moonvales,1544,3088,3931,3090.2,3929.2,2.8,yes,capital_position
b_quaervarr,c_moonwood,1991,2686,545,2694.5,537.1,11.6,yes,capital_position
b_moraan,c_moraan,3446,4296,5839,4298.7,5841.1,3.4,yes,capital_position
b_babondo,c_moraan,3448,4285,5835,4338.4,5784.9,73.2,no,sampled
b_rini,c_moraan,3447,4306,5845,4218.5,5827.4,89.3,no,sampled
b_moradask,c_moradask,3340,6081,5106,6087.6,5093.5,14.2,yes,capital_position
b_sugola,c_moradask,3341,6092,5114,6123.9,5081.5,45.6,no,sampled
b_mordulkin,c_mordulkin,2885,4638,2290,4642.7,2296.9,8.4,yes,capital_position
b_toreus,c_mordulkin,2886,4650,2296,4635.0,2270.3,29.8,no,sampled
b_morninggold_keep,c_morninggold,2625,3171,2409,3179.7,2402.0,11.2,yes,capital_position
b_lyllburg,c_morninggold,2627,3139,2446,3137.9,2396.3,49.7,no,sampled
b_mt_noblesse,c_morninggold,2626,3141,2382,3158.5,2462.6,82.5,no,sampled
b_morrowikik,c_morrowikik,796,4601,459,4603.6,424.6,34.5,yes,capital_position
b_qaini,c_morrowikik,797,4621,433,4588.7,529.1,101.4,no,sampled
b_morten,c_mortens_gap,2176,5533,2172,5527.7,2169.2,6.0,yes,capital_position
b_chethel,c_mortik_swamp,2491,4969,3884,4969.8,3883.1,1.2,yes,capital_position
b_morvar,c_morvar,1207,6000,3259,5998.9,3262.9,4.0,yes,capital_position
b_carmuel,c_morvar,1208,5985,3283,6024.8,3254.6,48.9,no,sampled
b_fasianad,c_morvar,1209,6020,3271,5975.5,3249.4,49.5,no,sampled
b_arauvuddelve,c_mosstrunks,868,3710,1496,3727.7,1490.6,18.5,yes,capital_position
b_the_old_stone,c_mosstrunks,869,3720,1487,3696.3,1521.3,41.7,no,sampled
b_moszabbar,c_moszabbar,1782,5201,2059,5186.2,2062.3,15.2,yes,capital_position
b_thazar,c_moszabbar,1783,5221,2071,5243.6,2041.8,36.9,no,sampled
b_treys_anchorage,c_mother_of_mists,1440,1777,3173,1777.7,3173.3,0.7,yes,capital_position
b_motra,c_motra,2344,7888,4146,7861.6,4153.9,27.6,yes,capital_position
b_talung,c_motra,2345,7851,4148,7891.6,4047.1,108.7,no,sampled
b_illefarn_keep,c_mount_illefarn,2099,2481,1156,2477.0,1152.7,5.2,yes,capital_position
b_laughing_hollow,c_mount_illefarn,2100,2490,1146,2497.5,1146.5,7.5,yes,sampled
b_mount_sar,c_mount_sar,2095,2309,1031,2307.2,1028.6,3.0,yes,capital_position
b_sarengard_keep,c_mount_sarengard,3687,3010,2659,3007.6,2653.0,6.5,yes,capital_position
b_vault_of_cloaked_midnight,c_mount_sarengard,3688,3028,2673,3017.9,2677.0,10.9,yes,sampled
b_sundabar_citadel,c_mount_sundabar,827,5049,674,5051.2,671.5,3.3,yes,capital_position
b_ubarka,c_mountain_of_iron,148,6862,507,6863.7,506.0,1.9,yes,capital_position
b_mourktar,c_mourktar,2798,4884,2270,4886.0,2274.0,4.4,yes,capital_position
b_broken_shield,c_mourktar,2800,4869,2260,4860.1,2274.8,17.3,yes,sampled
b_oros,c_mourktar,2799,4884,2274,4909.1,2256.7,30.5,no,sampled
b_ara_mraar,c_mraar_forest,120,1031,2825,1035.4,2825.5,4.4,yes,capital_position
b_mratanga,c_mratanga,48,980,2489,983.3,2488.3,3.3,yes,capital_position
b_mreyelundar,c_mreyelundar,26,605,2831,613.1,2837.9,10.6,yes,capital_position
b_dragonwing,c_mreyelundar,27,614,2810,592.0,2807.7,22.2,yes,sampled
b_msalin,c_msalin,3503,5373,6192,5374.0,6185.4,6.7,yes,capital_position
b_glaurimm_keep,c_mt_hotenow,3590,2234,668,2231.8,669.9,2.9,yes,capital_position
b_gauntlgrym,c_mt_hotenow,3591,2246,652,2246.7,647.7,4.3,yes,sampled
b_muara,c_muara,3183,7450,5010,7453.5,4984.6,25.7,yes,capital_position
b_mulharahold,c_mulharahold,1586,5330,2370,5326.0,2384.7,15.3,yes,capital_position
b_sidu,c_mulharahold,1587,5340,2360,5342.1,2331.0,29.0,no,sampled
b_mulhessen,c_mulhessen,1150,3728,1719,3722.6,1723.3,6.9,yes,capital_position
b_olturret,c_mulhessen,1151,3747,1721,3754.4,1721.4,7.4,yes,sampled
b_mulmaster,c_mulmaster,740,4109,1342,4106.9,1346.5,4.9,yes,capital_position
b_black_altar,c_mulmaster,741,4118,1352,4128.2,1355.1,10.6,yes,sampled
b_mulptan,c_mulptan,2150,5148,1387,5156.8,1395.9,12.6,yes,capital_position
b_mulp_phim,c_mulptan,2151,5131,1373,5135.6,1360.1,13.7,yes,sampled
b_mulsantir,c_mulsantir,2138,5058,1584,5051.4,1568.0,17.3,yes,capital_position
b_arashamar,c_mulsantir,2139,5043,1563,5086.5,1583.7,48.2,no,sampled
b_rikthana,c_mulsanyaar,1780,5185,1643,5219.4,1635.8,35.2,yes,capital_position
b_muluk,c_muluk,3363,5604,4918,5607.2,4928.3,10.7,yes,capital_position
b_ashfah,c_muluk,3364,5651,4924,5656.9,4878.9,45.4,no,sampled
b_athuw,c_muluk,3365,5602,4885,5652.6,4946.9,80.0,no,sampled
b_munli,c_munli,3130,6944,1244,6958.5,1218.3,29.6,yes,capital_position
b_murann,c_murann,228,2596,2196,2609.6,2208.2,18.3,yes,capital_position
b_ommlur_hills,c_murann,229,2631,2214,2608.2,2175.1,45.1,no,sampled
b_murbant,c_murbant,1794,4845,2085,4859.6,2077.1,16.6,yes,capital_position
b_pytharigla,c_murbant,1795,4816,2057,4802.2,2097.3,42.6,yes,sampled
b_muren_tso,c_muren_tso,1473,6813,2880,6816.0,2874.1,6.6,yes,capital_position
b_murghyr,c_murghyr,1636,5383,2262,5380.5,2274.5,12.8,yes,capital_position
b_desarwin,c_murghyr,1638,5354,2235,5376.2,2228.1,23.3,yes,sampled
b_shavshannar,c_murghyr,1637,5367,2268,5412.9,2236.6,55.6,no,sampled
b_murpeth,c_murpeth,528,3456,2372,3458.0,2370.5,2.5,yes,capital_position
b_tulhaspyr,c_murpeth,529,3479,2380,3530.5,2376.0,51.7,no,sampled
b_murr,c_murr,3509,5365,6099,5371.2,6108.2,11.1,yes,capital_position
b_admash,c_murthil,1874,4939,1510,4942.2,1507.1,4.3,yes,capital_position
b_mussum,c_mussum,452,3931,2393,3914.4,2388.5,17.2,yes,capital_position
b_house_of_holy_suffering,c_mussum,453,3929,2372,3964.1,2394.9,41.9,no,sampled
b_deepglen,c_myrloch_vale,2752,1892,1694,1892.5,1691.8,2.2,yes,capital_position
b_blackhoof,c_myrloch_vale,2754,1902,1684,1918.9,1689.2,17.7,no,sampled
b_myrmyr,c_myrmyr,1300,5897,3441,5883.3,3450.5,16.7,yes,capital_position
b_kulpurai,c_myrmyr,1301,5881,3464,5908.2,3418.3,53.2,no,sampled
b_castle_cormanthor,c_myth_drannor,843,3798,1391,3797.3,1391.8,1.1,yes,capital_position
b_cormanthor,c_myth_drannor,844,3776,1397,3773.2,1408.6,12.0,no,sampled
b_dlabraddath,c_myth_drannor,847,3778,1379,3769.7,1388.9,12.9,no,sampled
b_kerradunath,c_myth_drannor,846,3814,1385,3818.0,1384.7,4.0,yes,sampled
b_sheshyrinnam,c_myth_drannor,845,3796,1383,3779.8,1370.5,20.4,no,sampled
b_myth_dyraalis,c_myth_dyraalis,437,3083,2694,3089.4,2694.9,6.5,yes,capital_position
b_argentor,c_myth_dyraalis,438,3049,2696,3051.5,2687.1,9.2,yes,sampled
b_myth_telvondial,c_myth_telvondial,1856,4578,1328,4579.1,1326.1,2.2,yes,capital_position
b_myth_rhynn,c_mytharan_woods,2689,2748,2282,2759.7,2294.0,16.7,yes,capital_position
b_cairn_wheel,c_mytharan_woods,2690,2774,2272,2737.9,2241.4,47.3,no,sampled
b_iphlain,c_naga_plain,569,3847,2585,3848.9,2583.2,2.6,yes,capital_position
b_thalep,c_nagaflow,582,3833,2679,3828.0,2674.9,6.4,yes,capital_position
b_nagai,c_nagai_terrace,3155,7310,1772,7312.5,1770.4,2.9,yes,capital_position
b_nagarana,c_nagarana,2820,4900,2864,4888.2,2875.0,16.2,yes,capital_position
b_nagarr,c_nagarr,580,3747,2612,3771.4,2606.9,25.0,yes,capital_position
b_nagoo,c_nagoo,3144,7335,1985,7324.5,1976.3,13.6,yes,capital_position
b_nahr_al_fil,c_nahr_al_fil,3472,6806,6204,6788.0,6200.5,18.3,yes,capital_position
b_bahandri,c_nahr_al_fil,3473,6788,6177,6790.4,6157.8,19.3,yes,sampled
b_naiganga,c_naiganga,2180,5756,1408,5749.8,1380.1,28.6,yes,capital_position
b_ssthartissssum,c_najara,2924,2881,1379,2890.7,1381.5,10.0,yes,capital_position
b_namtan,c_namtan,2369,7454,4271,7454.2,4267.8,3.2,yes,capital_position
b_nangalore,c_nangalore,610,2117,3441,2133.6,3453.3,20.7,yes,capital_position
b_nanhu,c_nanhu,3105,6532,2258,6520.6,2263.4,12.6,yes,capital_position
b_nanxun,c_nanxun,3039,7480,2866,7512.6,2866.1,32.6,yes,capital_position
b_yueh,c_nanxun,3040,7527,2886,7394.2,2860.8,135.2,no,sampled
b_naon,c_naon,3030,8054,2952,8069.3,2945.9,16.5,yes,capital_position
b_naqayna,c_naqayna,3458,4914,5749,4939.9,5727.4,33.8,yes,capital_position
b_al_ralilah,c_naqq_and_qutil,3553,5873,6531,5905.2,6516.2,35.4,yes,capital_position
b_nar_ormpur,c_nar_ormpur,1833,4787,1219,4788.0,1216.3,2.8,yes,capital_position
b_narari,c_narari,3200,6808,5151,6813.0,5147.6,6.1,yes,capital_position
b_fortress_narder,c_narderwood,1848,4836,1479,4839.9,1475.9,5.0,yes,capital_position
b_narodara,c_narodara,3198,6772,5311,6774.6,5309.7,2.9,yes,capital_position
b_narubel,c_narubel,668,2408,3509,2390.0,3513.4,18.5,yes,capital_position
b_tradewind,c_narubel,669,2393,3533,2420.8,3483.9,56.4,no,sampled
b_narvarr,c_narvarr,51,1027,2411,1017.2,2424.5,16.6,yes,capital_position
b_thera,c_narvarr,52,1052,2393,1055.2,2397.2,5.3,yes,sampled
b_nashkel,c_nashkel,189,2655,1965,2642.8,1968.8,12.8,yes,capital_position
b_high_song,c_nashkel,190,2627,1963,2686.0,1964.2,59.0,no,sampled
b_achernath,c_nath_pass,2475,3966,3771,3966.1,3775.9,4.9,yes,capital_position
b_nathenje,c_nathenje,3205,6755,5516,6751.3,5495.4,20.9,yes,capital_position
b_nathlekh,c_nathlekh,532,3503,2004,3500.9,2015.3,11.5,yes,capital_position
b_kesstar,c_nathlekh,533,3487,2028,3531.8,1975.3,69.2,no,sampled
b_nathoud,c_nathoud,2157,5309,1250,5300.6,1238.6,14.2,yes,capital_position
b_naupau,c_naupau,818,5219,539,5218.5,548.2,9.2,yes,capital_position
b_aktokisasaq,c_naupau,820,5189,511,5176.4,449.5,62.8,no,sampled
b_immuyak,c_naupau,819,5242,515,5243.8,453.0,62.0,no,sampled
b_rrinlurgh,c_naurogloth,3617,2909,1150,2909.7,1153.6,3.6,yes,capital_position
b_sstharalam,c_naurogloth,3618,2870,1156,2963.5,1150.1,93.6,no,sampled
b_sstissamuun,c_naurogloth,3619,2930,1158,2860.3,1165.3,70.0,no,sampled
b_nawal,c_nawal,3211,6485,5602,6451.2,5603.1,33.8,yes,capital_position
b_naysabur,c_naysabur,1714,6114,2540,6132.1,2534.2,19.0,yes,capital_position
b_quas_al_hasani,c_naysabur,1715,6081,2550,6072.3,2550.7,8.8,yes,sampled
b_morgala,c_ndoto,3430,4552,5829,4518.7,5841.1,35.4,yes,capital_position
b_neachal_fountain,c_neachal,1456,7009,2731,6974.7,2734.2,34.4,yes,capital_position
b_moranth,c_neachal,1457,6966,2720,7070.3,2700.3,106.1,no,sampled
b_sarketh,c_nearwoods,554,3972,2454,3961.6,2451.4,10.7,yes,capital_position
b_neldorild,c_neldorild,1616,4965,2554,4965.0,2551.2,2.8,yes,capital_position
b_akimarkia,c_neldorild,1618,4998,2559,4995.1,2533.8,25.3,no,sampled
b_azarota,c_neldorild,1617,4980,2544,5007.4,2565.8,35.0,no,sampled
b_nember,c_nember,2567,2854,1961,2894.7,1943.8,44.1,yes,capital_position
b_nemessor,c_nemessor,248,2244,2227,2241.8,2252.6,25.7,yes,capital_position
b_nemoree_high,c_nemoree_isles,3399,6145,4314,6145.4,4318.4,4.4,yes,capital_position
b_nenvar,c_nenvar,2160,5158,1240,5159.7,1238.4,2.4,yes,capital_position
b_nerth,c_nerth,2702,1699,1217,1701.7,1214.2,3.9,yes,capital_position
b_neryudzhan,c_neryudzhan,2182,5316,1059,5313.8,1050.9,8.4,yes,capital_position
b_nesme,c_nesme,1985,2518,644,2529.5,644.5,11.5,yes,capital_position
b_mornbryns_shield,c_nesme,1986,2520,672,2516.0,684.7,13.3,yes,sampled
b_nethentir,c_nethentir,1766,4810,1875,4795.8,1877.8,14.5,yes,capital_position
b_the_fanfare,c_nethentir,1767,4818,1850,4821.5,1821.2,29.0,no,sampled
b_nether_keep,c_nether_mountains,3611,2950,687,2955.6,684.7,6.1,yes,capital_position
b_ammarindar,c_nether_mountains,3612,2959,677,2895.8,680.9,63.4,no,sampled
b_aerithaes_rest,c_netheril_river,311,3518,926,3502.9,943.0,22.7,yes,capital_position
b_nethjet,c_nethjet,1768,4824,1918,4832.6,1918.2,8.6,yes,capital_position
b_eshyas,c_nethjet,1769,4828,1930,4832.0,1953.9,24.2,no,sampled
b_melmas,c_nethjet,1770,4810,1913,4792.8,1921.1,19.1,no,sampled
b_nethra,c_nethra,2846,4496,2024,4489.5,2009.4,16.0,yes,capital_position
b_teth,c_nethra,2847,4523,2030,4525.1,2022.6,7.7,yes,sampled
b_castle_never,c_neverwinter,2121,2178,748,2179.0,751.3,3.4,yes,capital_position
b_blacklake,c_neverwinter,2123,2188,767,2203.2,755.1,19.3,yes,sampled
b_neverdeath,c_neverwinter,2124,2197,754,2187.4,729.0,26.8,no,sampled
b_the_academy,c_neverwinter,2122,2189,754,2167.1,726.9,34.8,no,sampled
b_thundertree,c_neverwinter_wood,2130,2223,724,2224.8,725.2,2.2,yes,capital_position
b_charwood,c_neverwinter_wood,2131,2248,746,2248.1,740.6,5.4,yes,sampled
b_xinlenal,c_neverwinter_wood,2132,2246,724,2200.2,713.3,47.0,no,sampled
b_new_sarshel,c_new_sarshel,1847,4570,1574,4572.7,1572.4,3.2,yes,capital_position
b_nezras,c_nezras,1239,5303,2671,5307.9,2634.2,37.1,yes,capital_position
b_ni_ko,c_ni_ko,3165,6321,1432,6308.1,1412.9,23.0,yes,capital_position
b_beorunnas_well,c_night_trees,1992,2764,517,2767.9,514.6,4.6,yes,capital_position
b_nimlith,c_nimlith,966,270,1524,260.1,1524.9,10.0,yes,capital_position
b_alens,c_nimlith,968,276,1547,280.0,1555.5,9.4,yes,sampled
b_jave_alari,c_nimlith,967,286,1537,267.9,1489.6,50.7,no,sampled
b_nimpeth,c_nimpeth,584,3726,2407,3723.2,2404.7,3.7,yes,capital_position
b_acham,c_nimpeth,587,3710,2430,3750.9,2385.1,60.7,no,sampled
b_kelgeth,c_nimpeth,586,3749,2407,3683.8,2417.0,66.0,no,sampled
b_woren,c_nimpeth,585,3728,2387,3775.0,2422.2,58.7,no,sampled
b_nimsur,c_nimsur,1418,1302,4185,1301.2,4190.4,5.5,yes,capital_position
b_vessyral,c_nimsur,1420,1285,4158,1304.1,4142.7,24.5,yes,sampled
b_vindal,c_nimsur,1419,1287,4209,1314.3,4105.8,106.7,no,sampled
b_nisalin,c_nisalin,1584,5113,2456,5116.9,2449.9,7.3,yes,capital_position
b_alirmote,c_nisalin,1585,5090,2452,5101.0,2491.8,41.3,no,sampled
b_nixning,c_nix,1385,6751,4516,6744.3,4524.7,11.0,yes,capital_position
b_njast,c_njast,1820,4865,1223,4866.3,1220.7,2.6,yes,capital_position
b_nleeth,c_nleeth_and_amah,519,3878,2280,3872.7,2280.5,5.3,yes,capital_position
b_amah,c_nleeth_and_amah,520,3864,2264,3903.2,2271.4,39.9,no,sampled
b_nogoonraat,c_nogoonraat,3133,6905,1059,6891.5,1075.1,21.0,yes,capital_position
b_nolin,c_nolin,1164,3538,1784,3525.5,1776.9,14.4,yes,capital_position
b_jarliel,c_nolin,1165,3516,1774,3567.5,1792.7,54.8,no,sampled
b_nonthal,c_nonthal,500,3976,2112,3974.8,2111.7,1.2,yes,capital_position
b_peldrathans_pool,c_nonthal,503,3995,2124,3970.4,2132.7,26.1,no,sampled
b_sambryntyn,c_nonthal,502,3985,2102,4001.1,2105.3,16.5,no,sampled
b_noondai,c_noondai,3172,6124,1217,6140.4,1209.8,17.9,yes,capital_position
b_hammerstaad,c_norheim,2768,1881,1356,1868.4,1363.5,14.6,yes,capital_position
b_nornglast,c_nornglast,62,931,2604,932.2,2600.9,3.3,yes,capital_position
b_sethemyne,c_north_fornaluit,2500,4144,3765,4141.8,3760.1,5.4,yes,capital_position
b_north_peak,c_north_peak,3606,2918,803,2918.0,800.7,2.3,yes,capital_position
b_fellridge,c_north_peak,3607,2926,814,2943.2,839.5,30.8,no,sampled
b_vigilant_towers,c_north_peak,3608,2940,834,2930.1,822.4,15.3,no,sampled
b_quickwinds,c_north_reaching_wood,2569,2946,1616,2943.8,1603.5,12.7,yes,capital_position
b_coniferia,c_north_rystall,725,3681,1098,3685.8,1100.3,5.3,yes,capital_position
b_misthome,c_north_winterwood,592,3704,2466,3703.1,2464.0,2.1,yes,capital_position
b_drawn_swords,c_northdark_woods,2572,2987,1522,2986.5,1518.6,3.4,yes,capital_position
b_graystaad,c_northwind,2771,1928,1367,1940.5,1335.8,33.6,yes,capital_position
b_nouarada,c_nouarada,3328,5117,5501,5131.9,5481.4,24.6,yes,capital_position
b_kir_sabal,c_nsi,612,2146,3423,2159.4,3428.8,14.6,yes,capital_position
b_edieh,c_nsi,613,2160,3423,2151.9,3393.2,30.9,no,sampled
b_nun,c_nun,464,4181,2276,4174.9,2268.7,9.5,yes,capital_position
b_horlord,c_nun,465,4200,2288,4202.2,2286.1,2.9,yes,sampled
b_st_vale,c_nunwood,470,4242,2251,4251.5,2247.6,10.1,yes,capital_position
b_nuthretos,c_nuthretos,1807,5043,1965,5043.1,1960.1,4.9,yes,capital_position
b_hurkh,c_nuthretos,1808,5060,1938,5065.9,1926.3,13.1,yes,sampled
b_mophur,c_nuthretos,1809,5027,1989,5011.4,1986.0,15.9,yes,sampled
b_chalasam,c_nyangumi,3431,4658,5954,4665.3,5950.7,8.0,yes,capital_position
b_port_nyanzaru,c_nyanzaru,605,2082,3241,2074.7,3247.3,9.6,yes,capital_position
b_agwun,c_nyanzaru,606,2053,3214,2051.2,3201.8,12.3,yes,sampled
b_babyth,c_nyanzaru,607,2066,3265,2121.1,3247.6,57.8,no,sampled
b_nykkar,c_nykkar,362,2887,2696,2885.8,2691.7,4.4,yes,capital_position
b_olympus_dag,c_nykkar,364,2913,2683,2908.8,2693.7,11.5,no,sampled
b_st_faelar,c_nykkar,363,2883,2679,2914.8,2676.2,32.0,no,sampled
b_nymphwood,c_nymphwood,2688,2887,2298,2883.3,2299.4,3.9,yes,capital_position
b_nyth,c_nyth,1866,4589,1637,4596.8,1642.9,9.8,yes,capital_position
b_ethdale,c_nyth,1867,4560,1610,4574.5,1614.8,15.3,yes,sampled
b_obarval,c_obarval,546,3186,1950,3184.8,1959.9,10.0,yes,capital_position
b_oceansigh,c_oceans_sigh,58,1150,2286,1147.5,2285.6,2.5,yes,capital_position
b_ochoq,c_ochoq,2184,5238,720,5231.8,740.5,21.4,yes,capital_position
b_qugong,c_ochre_hills,2972,7269,2454,7272.3,2458.3,5.4,yes,capital_position
b_battachi,c_odesh,3196,7165,4901,7149.4,4875.4,30.0,yes,capital_position
b_citadel_oghrann,c_oghrann,2580,3133,1731,3135.9,1729.2,3.5,yes,capital_position
b_ohmai,c_ohmai,2364,7787,4295,7842.4,4300.8,55.7,yes,capital_position
b_pabex,c_ohmai,2365,7796,4285,7687.9,4292.3,108.4,no,sampled
b_mount_okk,c_okk,809,4114,933,4113.0,933.1,1.0,yes,capital_position
b_ice_castle,c_okk,810,4144,957,4160.7,961.9,17.5,yes,sampled
b_olafstaad,c_olafstaad,2739,1945,1492,1948.0,1494.9,4.2,yes,capital_position
b_norcaster,c_olafstaad,2740,1935,1463,1939.9,1459.0,6.3,yes,sampled
b_olattan,c_olattan,169,7597,492,7628.4,481.1,33.2,yes,capital_position
b_drivendelve,c_old_drivendelve,3626,3788,2110,3778.1,2112.0,10.1,yes,capital_position
b_khagkohldur,c_old_drivendelve,3627,3798,2100,3818.6,2101.8,20.6,no,sampled
b_tolling_hill,c_old_road,577,4070,2776,4066.6,2763.5,13.0,yes,capital_position
b_old_well,c_old_well,2566,3010,1928,2999.8,1935.1,12.4,yes,capital_position
b_olomaa,c_olomaa,262,3233,1225,3235.8,1220.9,5.0,yes,capital_position
b_olstone,c_olstone,1364,6731,3783,6729.1,3779.0,4.5,yes,capital_position
b_pebrook,c_olstone,1365,6696,3773,6676.9,3759.8,23.2,yes,sampled
b_olum,c_olum,556,4095,2575,4098.8,2570.2,6.1,yes,capital_position
b_olung,c_olung,608,2096,3345,2096.3,3329.6,15.4,yes,capital_position
b_olyniak,c_olyniak,812,4415,418,4416.4,415.3,3.1,yes,capital_position
b_omm,c_ommvale,1345,6581,3626,6556.7,3623.4,24.5,yes,capital_position
b_orurva,c_ommvale,1346,6546,3626,6634.9,3634.8,89.3,no,sampled
b_omu,c_omu,629,1980,3527,1974.5,3528.1,5.6,yes,capital_position
b_aataz_yklawzi,c_omu,630,2019,3535,2048.3,3540.0,29.8,no,sampled
b_bibiwe,c_omu,631,1961,3517,2011.0,3550.7,60.3,no,sampled
b_biloga,c_omu,632,2000,3527,2037.6,3512.2,40.4,no,sampled
b_ondathel,c_ondathel,3678,3722,1023,3715.8,1020.0,6.9,yes,capital_position
b_brightfalls,c_ondathel,3680,3755,1029,3738.7,1023.9,17.1,no,sampled
b_esham,c_ondathel,3679,3741,1025,3756.4,1030.5,16.3,no,sampled
b_ondene,c_ondene,3160,7730,1229,7733.0,1226.6,3.8,yes,capital_position
b_arselyndaar,c_ong_woods,2072,2598,890,2605.9,890.6,7.9,yes,capital_position
b_caelpiir,c_ong_woods,2074,2596,875,2563.3,897.4,39.6,no,sampled
b_sylfaaril,c_ong_woods,2073,2631,853,2646.8,852.2,15.8,yes,sampled
b_oostar,c_oostar,1562,3258,3593,3248.6,3591.6,9.5,yes,capital_position
b_seatower_of_ilinyth,c_open_marches,2907,2465,1303,2469.8,1299.8,5.8,yes,capital_position
b_moon_isle,c_open_marches,2909,2483,1305,2453.6,1275.0,42.0,no,sampled
b_scathril,c_open_marches,2908,2467,1289,2505.7,1313.5,45.9,no,sampled
b_maranetha,c_oraundil,31,581,2952,583.8,2946.9,5.8,yes,capital_position
b_orbedal_tower,c_orbedal,2913,2496,1389,2498.0,1387.3,2.6,yes,capital_position
b_little_orbrekh,c_orbrekh_hills,1095,3628,2108,3630.5,2107.9,2.5,yes,capital_position
b_kenvale,c_orbrekhland,536,3511,2088,3521.8,2083.9,11.6,yes,capital_position
b_ordulin,c_ordulin,921,3815,1619,3808.9,1613.4,8.3,yes,capital_position
b_bower_of_the_lady,c_ordulin,922,3841,1602,3847.0,1607.7,8.3,yes,sampled
b_ornstar,c_ordulin,923,3800,1643,3811.0,1647.0,11.7,yes,sampled
b_oreme,c_oreme,297,3137,1090,3129.7,1091.7,7.5,yes,capital_position
b_orgymist,c_orgymist,12,950,2907,953.6,2907.2,3.6,yes,capital_position
b_orithar,c_orithar,1050,4589,1911,4589.4,1914.4,3.4,yes,capital_position
b_dahst,c_orithar,1051,4560,1883,4561.3,1892.2,9.3,yes,sampled
b_furthinghome,c_orithar,1052,4609,1922,4618.7,1899.1,24.8,no,sampled
b_orlil,c_orlil,1437,1906,2939,1907.4,2938.8,1.4,yes,capital_position
b_orlumbor,c_orlumbor,2531,2428,1358,2429.9,1356.5,2.5,yes,capital_position
b_ormath,c_ormath,537,3509,2296,3490.0,2294.4,19.1,yes,capital_position
b_stessarun,c_ormath,538,3557,2282,3581.8,2286.4,25.2,yes,sampled
b_ormen,c_ormen,1411,1300,4268,1302.6,4265.3,3.7,yes,capital_position
b_kengers,c_ormen,1414,1271,4240,1319.4,4283.8,65.2,no,sampled
b_ovrdal,c_ormen,1413,1289,4248,1300.3,4242.4,12.6,yes,sampled
b_promasur,c_ormen,1412,1304,4258,1345.6,4279.2,46.7,no,sampled
b_ormpe,c_ormpe,1223,5582,3398,5581.8,3393.2,4.8,yes,capital_position
b_chanyist,c_ormpe,1225,5553,3370,5548.9,3386.7,17.2,yes,sampled
b_muramba,c_ormpe,1224,5602,3410,5613.2,3407.9,11.4,yes,sampled
b_ormpetarr,c_ormpetarr,562,3829,2503,3824.6,2498.8,6.1,yes,capital_position
b_glukharks_delve,c_ormpetarr,564,3814,2526,3853.4,2511.3,42.1,no,sampled
b_tillisetr,c_ormpetarr,565,3841,2520,3823.6,2523.4,17.7,no,sampled
b_xems,c_ormpetarr,563,3849,2503,3830.9,2469.4,38.2,no,sampled
b_ormpur,c_ormpur,1514,3522,3210,3544.4,3211.5,22.5,yes,capital_position
b_makath_jaam,c_ormpur,1515,3493,3183,3479.0,3199.5,21.6,yes,sampled
b_orogoth,c_orogoth,2946,2750,1234,2738.7,1243.5,14.8,yes,capital_position
b_orolunga,c_orolunga,617,1892,3326,1894.7,3332.4,6.9,yes,capital_position
b_oroth,c_oroth,70,1017,2667,1020.0,2665.2,3.5,yes,capital_position
b_orphar,c_orphar,1557,3028,3824,3004.0,3833.0,25.7,yes,capital_position
b_orpher,c_orpher,1198,5565,3228,5576.7,3232.9,12.7,yes,capital_position
b_vurpar,c_orpher,1199,5535,3200,5528.6,3188.0,13.6,yes,sampled
b_orvyltar,c_orvyltar,1262,6133,3441,6132.5,3439.5,1.6,yes,capital_position
b_anksal,c_orvyltar,1263,6104,3413,6104.8,3435.1,22.1,yes,sampled
b_asbalt,c_orvyltar,1264,6118,3464,6144.3,3410.7,59.4,no,sampled
b_monyri,c_orvyltar,1265,6153,3453,6131.4,3469.9,27.5,no,sampled
b_oryndoll,c_oryndoll,3630,3688,2184,3689.0,2183.0,1.4,yes,capital_position
b_ring_caverns,c_oryndoll,3631,3698,2174,3680.8,2165.0,19.4,no,sampled
b_thrall_caverns,c_oryndoll,3632,3708,2196,3703.3,2199.0,5.5,yes,sampled
b_oslin,c_oslin,484,4335,2452,4328.2,2460.8,11.1,yes,capital_position
b_fel_atas,c_oslin,485,4306,2425,4345.6,2409.3,42.6,no,sampled
b_stormsteer,c_ospkur,516,3663,2352,3648.2,2353.1,14.8,yes,capital_position
b_praka,c_ostel,696,4339,1324,4335.9,1320.8,4.5,yes,capital_position
b_brotha,c_ostel,697,4339,1346,4323.5,1271.1,76.5,no,sampled
b_portith,c_ostel,698,4331,1303,4353.6,1367.6,68.5,no,sampled
b_otennath,c_otennath,2483,5006,3789,4988.8,3786.3,17.4,yes,capital_position
b_shoun,c_otennath,2484,4976,3761,5054.8,3788.0,83.3,no,sampled
b_othars_hand,c_othars_hand,956,392,1584,390.4,1589.6,5.8,yes,capital_position
b_springshadow,c_othars_hand,958,372,1574,349.3,1577.0,22.9,yes,sampled
b_thilvetheas,c_othars_hand,957,413,1584,431.3,1579.0,19.0,no,sampled
b_outer_reghed,c_outer_reghed,1946,2461,265,2462.5,262.5,2.9,yes,capital_position
b_vephal,c_outlaw_waste,2497,4073,3828,4061.2,3838.7,15.9,yes,capital_position
b_thelaena,c_oyargh,3661,5320,1916,5308.1,1905.9,15.6,yes,capital_position
b_byongab,c_palevash,166,7785,973,7811.2,980.9,27.4,yes,capital_position
b_palischuk,c_palischuk,786,4320,1074,4314.0,1064.1,11.6,yes,capital_position
b_howling_kupuk,c_palischuk,788,4312,1086,4311.1,1094.0,8.0,yes,sampled
b_ishe,c_palischuk,787,4329,1064,4346.2,1064.0,17.2,yes,sampled
b_panforza,c_panforza,2173,5703,1940,5695.2,1940.0,7.8,yes,capital_position
b_kanori,c_panjang_river,3185,8000,5297,8001.3,5295.3,2.1,yes,capital_position
b_panjuis,c_panjuis,156,7411,562,7407.6,544.2,18.1,yes,capital_position
b_pasar,c_pasar,2324,7927,4596,7924.0,4578.0,18.3,yes,capital_position
b_tempat,c_pasar,2325,7949,4633,7964.6,4642.2,18.1,yes,sampled
b_patatak,c_patatak,816,4435,754,4440.8,751.3,6.4,yes,capital_position
b_pazar,c_pazar,1232,5993,2991,5987.0,3012.8,22.6,yes,capital_position
b_sule,c_pazar,1233,5993,2950,6012.9,2938.1,23.2,yes,sampled
b_durrar,c_pearl_banks,3494,5557,6320,5576.3,6297.9,29.3,yes,capital_position
b_mytran,c_pehrrifaal,2679,3262,2600,3263.6,2594.4,5.8,yes,capital_position
b_pelandar,c_pelandar,143,988,2303,975.8,2293.5,15.5,yes,capital_position
b_bridge_of_kin,c_pelauvir,760,4023,949,4013.9,952.2,9.7,yes,capital_position
b_peldvale,c_peldvale,2546,2703,1731,2706.1,1728.6,3.9,yes,capital_position
b_gavelstone,c_pelleors_prairie,2933,3049,1402,3065.3,1420.6,24.7,yes,capital_position
b_penuh_susak,c_penuh_susak,2329,7787,4768,7798.3,4756.2,16.3,yes,capital_position
b_peqqir,c_peqqir,152,7445,1064,7361.1,1041.0,87.0,yes,capital_position
b_castle_perilous,c_perilous,782,4243,1066,4241.0,1063.3,3.4,yes,capital_position
b_daerthe,c_perilous,783,4253,1057,4210.0,1057.2,43.0,no,sampled
b_lugsaas_slopes,c_perilous,785,4255,1074,4274.7,1082.8,21.6,no,sampled
b_perpustakaan,c_perpustakaan,2318,7728,4688,7730.6,4690.2,3.4,yes,capital_position
b_peskar,c_peskar,1245,5570,3128,5560.5,3127.0,9.6,yes,capital_position
b_phannaskul,c_phannaskul,1629,5559,2350,5563.9,2344.9,7.1,yes,capital_position
b_dorosi,c_phannaskul,1632,5529,2323,5530.7,2359.8,36.8,no,sampled
b_madan,c_phannaskul,1630,5578,2362,5599.0,2355.7,21.9,yes,sampled
b_banshee_hold,c_phantom_pass,1371,6921,4127,6944.9,4102.0,34.6,yes,capital_position
b_pharren,c_pharren,2045,2635,1025,2639.6,1020.5,6.4,yes,capital_position
b_phelajarama,c_phelajarama,275,3452,1330,3450.4,1339.0,9.1,yes,capital_position
b_orolin,c_phelajarama,276,3438,1340,3459.5,1309.6,37.2,no,sampled
b_phelzol,c_phelzol,1693,5891,2405,5892.6,2405.2,1.6,yes,capital_position
b_nihawand,c_phelzol,1695,5875,2428,5861.9,2427.9,13.1,yes,sampled
b_saaid,c_phelzol,1694,5867,2395,5924.6,2379.4,59.7,no,sampled
b_phent,c_phent,1876,4673,1717,4678.6,1705.2,13.1,yes,capital_position
b_inkra,c_phent,1877,4701,1703,4662.7,1736.8,51.1,no,sampled
b_valjevo_castle,c_phlan,718,3866,1236,3867.6,1234.5,2.2,yes,capital_position
b_phlan,c_phlan,719,3851,1260,3903.0,1225.8,62.3,no,sampled
b_sokol_keep,c_phlan,720,3851,1232,3835.5,1241.8,18.3,no,sampled
b_carthag,c_phoenix,1234,6002,2858,6008.8,2871.4,15.0,yes,capital_position
b_akhir,c_phoenix,1235,5995,2894,5999.2,2814.9,79.2,no,sampled
b_phsant,c_phsant,1880,4750,1678,4738.1,1678.9,11.9,yes,capital_position
b_klonna,c_phsant,1881,4734,1701,4777.6,1669.0,54.1,no,sampled
b_phutan,c_phutan,2356,7392,4135,7388.8,4130.1,5.9,yes,capital_position
b_taria,c_pigeon_rock,3150,7341,1291,7329.7,1283.6,13.5,yes,capital_position
b_pike_hold,c_pikemans_folly,517,3685,2315,3668.1,2308.4,18.2,yes,capital_position
b_troll_bridge,c_pikemans_folly,518,3749,2335,3738.8,2294.1,42.2,yes,sampled
b_deadfels,c_plain_of_heroes,1706,5881,2249,5866.1,2241.9,16.5,yes,capital_position
b_cutholme,c_plain_of_heroes,1707,5852,2221,5926.8,2257.1,83.1,no,sampled
b_tower_of_the_talon,c_plain_of_the_talon,1249,5412,2583,5416.4,2565.9,17.6,yes,capital_position
b_talvannir,c_plainsmarch,346,2834,2720,2831.9,2723.9,4.5,yes,capital_position
b_carteneg,c_plainsmarch,348,2809,2731,2857.2,2715.8,50.5,no,sampled
b_urkest,c_plainsmarch,347,2813,2722,2796.1,2725.8,17.3,yes,sampled
b_haimang,c_po_yul_dzayul,2346,7462,3957,7434.4,3939.7,32.6,yes,capital_position
b_withermeet,c_polten,690,4384,1297,4383.1,1294.4,2.8,yes,capital_position
b_daleport,c_polten,691,4406,1326,4380.4,1335.5,27.3,no,sampled
b_tellerth,c_polten,692,4372,1328,4410.1,1309.7,42.3,no,sampled
b_halriden,c_poltensmark,693,4415,1369,4417.9,1386.7,18.0,yes,capital_position
b_port_ghast,c_port_ghast,1650,5688,2278,5691.8,2277.2,3.9,yes,capital_position
b_graumot,c_port_ghast,1652,5672,2301,5682.4,2302.4,10.5,yes,sampled
b_taj,c_port_ghast,1651,5707,2290,5697.3,2246.8,44.3,no,sampled
b_port_llast,c_port_llast,2128,2156,687,2161.4,677.7,10.8,yes,capital_position
b_graths_hold,c_port_llast,2129,2158,672,2168.3,705.2,34.8,no,sampled
b_prastuil,c_prastuil,2397,4396,4023,4393.0,4018.6,5.4,yes,capital_position
b_albang,c_prastuil,2399,4333,4011,4382.4,3964.3,68.0,no,sampled
b_suuriris,c_prastuil,2398,4369,4000,4341.7,4003.3,27.5,yes,sampled
b_priapurl,c_priapurl,1088,3212,1877,3192.6,1877.1,19.4,yes,capital_position
b_mindulgulph,c_priapurl,1089,3182,1850,3248.5,1873.2,70.4,no,sampled
b_prints_floe,c_prints_floe,1944,2317,423,2340.2,408.1,27.5,yes,capital_position
b_procampur,c_procampur,1122,4109,1678,4112.6,1681.2,4.8,yes,capital_position
b_maerstar,c_procampur,1123,4093,1701,4080.6,1667.7,35.5,no,sampled
b_proskur,c_proskur,1090,3210,1797,3221.0,1798.2,11.1,yes,capital_position
b_illimpakh,c_proskur,1091,3194,1821,3157.4,1795.7,44.5,no,sampled
b_protain,c_protain,1211,6069,3240,6063.5,3245.0,7.4,yes,capital_position
b_vanamu,c_protain,1212,6088,3263,6093.9,3215.1,48.3,no,sampled
b_eyrie,c_pterafolk_eyries,626,2152,3613,2158.0,3611.0,6.4,yes,capital_position
b_punakha_dzong,c_punakha_dzong,1476,6782,2681,6782.1,2670.7,10.3,yes,capital_position
b_ulf_of_thuger,c_purple_rocks,2705,1406,646,1407.0,647.0,1.4,yes,capital_position
b_purskul,c_purskul,182,2690,2071,2710.5,2060.1,23.2,yes,capital_position
b_karastra,c_purskul,183,2717,2053,2659.5,2053.0,57.5,no,sampled
b_pyrados,c_pyarados,1771,5117,2042,5124.3,2043.7,7.5,yes,capital_position
b_delluk,c_pyarados,1774,5137,2053,5083.6,2051.2,53.5,no,sampled
b_eracaz,c_pyarados,1773,5127,2032,5101.8,2079.4,53.7,no,sampled
b_pyratar,c_pyratar,1293,5723,3433,5724.4,3440.0,7.1,yes,capital_position
b_angarany,c_pyratar,1295,5707,3456,5702.4,3447.0,10.1,yes,sampled
b_jeeti,c_pyratar,1294,5742,3445,5731.6,3408.4,38.0,no,sampled
b_qadib,c_qadib,3368,5735,4832,5729.6,4831.6,5.4,yes,capital_position
b_fort_ilbratha,c_qadim_hills,199,3102,2042,3102.0,2053.7,11.7,yes,capital_position
b_qanadad,c_qanadad,3216,6481,5714,6482.0,5692.3,21.8,yes,capital_position
b_qantun,c_qantun,3170,6753,1301,6747.4,1317.4,17.3,yes,capital_position
b_qaragar,c_qaragar,56,1058,2343,1053.2,2345.6,5.4,yes,capital_position
b_djerad_rorgaechara,c_qaragar,57,1050,2362,1083.0,2325.2,49.4,no,sampled
b_qarintg,c_qarintg,2181,5584,1092,5583.2,1088.1,4.0,yes,capital_position
b_qarlondrar,c_qarlondrar,3642,6223,2315,6221.8,2314.0,1.6,yes,capital_position
b_cave_of_sighs,c_qarlondrar,3643,6233,2305,6235.1,2343.0,38.0,no,sampled
b_gorfaern,c_qarlondrar,3644,6243,2327,6221.5,2283.1,48.9,no,sampled
b_qinyi,c_qinyi,3045,7282,2606,7271.6,2608.2,10.7,yes,capital_position
b_qorkh,c_qorkh,3102,6667,2020,6653.7,2045.9,29.1,yes,capital_position
b_qosodera,c_qosodera,3551,6137,6290,6139.9,6295.0,5.8,yes,capital_position
b_qota,c_qota,1547,3198,3797,3213.9,3802.8,16.9,yes,capital_position
b_quaraband,c_quaraband,3107,6489,1948,6487.5,1937.5,10.6,yes,capital_position
b_quaraqand,c_quaraqand,3152,7658,1131,7683.7,1122.1,27.2,yes,capital_position
b_firecaverns,c_quarat,2197,4386,3185,4387.0,3182.6,2.6,yes,capital_position
b_quarat,c_quarat,2198,4396,3175,4356.4,3145.9,49.1,no,sampled
b_vendy,c_quarat,2199,4357,3157,4423.2,3211.9,86.1,no,sampled
b_lions_eye,c_quarter_of_emptiness,267,3210,1391,3217.5,1390.6,7.5,yes,capital_position
b_quaver,c_quaver,299,3026,836,3039.3,828.8,15.1,yes,capital_position
b_quchang,c_quchang,3013,8062,2784,8064.1,2781.5,3.2,yes,capital_position
b_qudalla,c_qudalla,3538,6254,6204,6268.9,6191.9,19.2,yes,capital_position
b_wad_bangola,c_qudalla,3539,6266,6222,6268.0,6236.6,14.7,yes,sampled
b_qudao,c_qudao,3068,7773,1477,7774.5,1475.8,1.9,yes,capital_position
b_qudra,c_qudra,3305,5244,5333,5241.8,5330.5,3.3,yes,capital_position
b_ain_smafarik,c_qudra,3308,5260,5340,5267.4,5346.0,9.5,yes,sampled
b_hamsaad,c_qudra,3306,5238,5344,5279.1,5327.6,44.2,no,sampled
b_jawfah,c_qudra,3307,5240,5327,5237.1,5353.9,27.1,no,sampled
b_selmast,c_quistrade,1834,4603,1244,4610.0,1241.2,7.5,yes,capital_position
b_quli,c_quli,158,7220,416,7197.3,394.5,31.3,yes,capital_position
b_shinalel,c_quorat,1324,5252,3245,5251.5,3223.8,21.3,yes,capital_position
b_quretta,c_quretta,2808,4896,2618,4897.7,2640.9,22.9,yes,capital_position
b_qurthing,c_qurth_forest,427,3651,2944,3653.4,2945.0,2.6,yes,capital_position
b_nar_sek_qutel,c_qutel,1828,4787,1125,4789.5,1123.8,2.8,yes,capital_position
b_ragado,c_ragado,3552,6112,6372,6110.8,6362.6,9.4,yes,capital_position
b_rago,c_rago,3322,5441,5507,5439.1,5496.7,10.4,yes,capital_position
b_rainbow_falls,c_rainbow_falls,1497,6651,2556,6645.0,2555.2,6.1,yes,capital_position
b_dakten,c_rainbow_falls,1499,6620,2571,6689.3,2530.4,80.3,no,sampled
b_nyangyenda,c_rainbow_falls,1498,6649,2559,6576.0,2576.3,75.0,no,sampled
b_rulasuu,c_ralasuu_isle,2465,3409,4150,3411.3,4149.4,2.4,yes,capital_position
b_ramekho,c_ramekho,5,896,2872,898.7,2870.1,3.3,yes,capital_position
b_rashaflow,c_rashaflow,2141,5086,1514,5073.0,1518.9,13.9,yes,capital_position
b_raskuldin,c_raskuldin,3648,5866,3120,5865.9,3116.4,3.6,yes,capital_position
b_gorduun,c_raskuldin,3649,5875,3111,5891.4,3114.6,16.7,no,sampled
b_skull_peak,c_raskuldin,3650,5885,3132,5843.6,3127.9,41.6,no,sampled
b_rassalantars_keep,c_rassalantar,2092,2348,1055,2349.4,1050.2,5.0,yes,capital_position
b_maidens_tomb_tor,c_rassalantar,2094,2361,1039,2359.9,1032.3,6.8,yes,sampled
b_rassalantar,c_rassalantar,2093,2360,1059,2367.8,1063.4,9.0,yes,sampled
b_rassatan,c_rassatan,648,2317,3802,2302.2,3800.8,14.9,yes,capital_position
b_diboyo,c_rassatan,649,2305,3783,2343.4,3807.9,45.8,no,sampled
b_rastaal,c_rastaal,1190,5481,3482,5509.0,3475.8,28.7,yes,capital_position
b_thossos,c_rathmar,1751,4896,1772,4906.3,1786.2,17.5,yes,capital_position
b_rauder,c_rauder,1250,5780,2655,5789.8,2660.4,11.2,yes,capital_position
b_raurokh,c_raurokh,69,1052,2645,1053.9,2643.3,2.5,yes,capital_position
b_equan,c_rauthgor,1581,5115,2335,5116.0,2339.0,4.2,yes,capital_position
b_narqa,c_rauthgor,1583,5125,2325,5083.9,2336.4,42.6,no,sampled
b_narvi,c_rauthgor,1582,5135,2346,5146.3,2322.5,26.1,no,sampled
b_rauthil,c_rauthil,1588,5223,2331,5244.1,2329.8,21.2,yes,capital_position
b_ninki,c_rauthil,1589,5232,2321,5184.7,2326.9,47.7,no,sampled
b_ravendark_castle,c_ravens_bluff,1115,4068,1621,4067.5,1620.9,0.5,yes,capital_position
b_altarside,c_ravens_bluff,1116,4089,1621,4104.6,1608.5,20.0,no,sampled
b_bitterstone,c_ravens_bluff,1117,4077,1627,4047.9,1633.3,29.8,no,sampled
b_seaglimpse,c_ravens_bluff,1118,4058,1617,4091.0,1628.0,34.8,no,sampled
b_raziz,c_raziz,3359,5303,5852,5308.6,5833.4,19.4,yes,capital_position
b_reachgard,c_reaching_wood,2568,2977,1692,2981.7,1678.0,14.7,yes,capital_position
b_hespheira,c_red_cliffs,2096,2285,1029,2283.7,1029.4,1.3,yes,capital_position
b_shimundra,c_red_goat,1398,6505,4875,6509.1,4877.1,4.6,yes,capital_position
b_rakaranf,c_red_goat,1399,6509,4895,6546.1,4931.9,52.3,no,sampled
b_sinelin,c_red_goat,1400,6522,4946,6479.4,4832.8,121.0,no,sampled
b_red_larch,c_red_larch,2011,2378,930,2366.7,934.3,12.1,yes,capital_position
b_helvenblade,c_red_larch,2013,2391,900,2385.7,885.2,15.7,yes,sampled
b_westbridge,c_red_larch,2012,2361,908,2417.1,872.0,66.7,no,sampled
b_red_haven,c_red_shores,2780,4849,2520,4844.3,2521.5,5.0,yes,capital_position
b_burbo,c_red_shores,2781,4820,2493,4858.4,2541.3,61.7,no,sampled
b_sisud,c_red_shores,2782,4834,2544,4821.5,2503.2,42.7,no,sampled
b_reddansyr,c_reddansyr,1099,3464,1872,3465.4,1860.0,12.1,yes,capital_position
b_castle_kilgrave,c_redspring,1007,3415,1612,3412.1,1606.8,6.0,yes,capital_position
b_castle_crag,c_redspring,1008,3384,1598,3370.9,1604.4,14.6,yes,sampled
b_redspring,c_redspring,1009,3401,1606,3441.8,1594.2,42.5,no,sampled
b_bloodstark,c_redstar,1317,5322,3308,5307.7,3317.7,17.3,yes,capital_position
b_redwater,c_redwater_dale,1081,3561,1879,3557.1,1875.8,5.1,yes,capital_position
b_good_mead,c_redwaters,1928,2107,449,2108.6,450.3,2.1,yes,capital_position
b_dougans_hole,c_redwaters,1929,2088,451,2078.7,454.9,10.1,yes,sampled
b_redwaters,c_redwaters,1930,2072,457,2093.9,464.2,23.0,no,sampled
b_regdasaid,c_regdasaid,3504,5236,6364,5236.7,6340.2,23.8,yes,capital_position
b_royal_hall,c_relkaths_foot,1061,4492,1971,4491.5,1969.5,1.6,yes,capital_position
b_house_of_the_leaflord,c_relkaths_foot,1063,4511,1983,4457.6,1964.9,56.4,no,sampled
b_relkaths_foot,c_relkaths_foot,1062,4501,1961,4525.2,1971.1,26.2,no,sampled
b_bluestone,c_remorhaz_ride,840,3767,840,3765.3,838.1,2.6,yes,capital_position
b_reth,c_reth,471,4267,2194,4278.2,2197.6,11.8,yes,capital_position
b_sleeping_dragons,c_reth,472,4279,2157,4284.3,2150.5,8.3,yes,sampled
b_mudhill,c_rethild_shore,2406,4083,4226,4091.3,4210.9,17.2,yes,capital_position
b_rethmar,c_rethmar,2269,3900,3341,3894.5,3322.6,19.2,yes,capital_position
b_teewick,c_rethmar,2270,3880,3298,3948.0,3320.1,71.5,no,sampled
b_riatavin,c_riatavin,236,3085,2245,3084.6,2235.3,9.7,yes,capital_position
b_rhianna,c_riatavin,238,3104,2257,3126.2,2242.4,26.6,no,sampled
b_tannithall,c_riatavin,239,3094,2235,3082.7,2275.3,41.8,no,sampled
b_shuruppak,c_riders_to_the_sky,2828,4660,2456,4691.7,2425.0,44.4,yes,capital_position
b_riftwood,c_riftwood,2239,4777,3378,4760.1,3379.5,16.9,yes,capital_position
b_aerilon,c_riftwood,2240,4748,3396,4818.0,3370.9,74.3,no,sampled
b_riimlost,c_riimlost,88,450,2640,450.4,2633.2,6.8,yes,capital_position
b_bleak_pass,c_riimlost,89,444,2655,440.1,2657.8,4.8,yes,sampled
b_rimba,c_rimba,2332,7789,4969,7816.9,4961.3,29.0,yes,capital_position
b_rimlost,c_rimlost,135,626,2161,633.6,2164.8,8.5,yes,capital_position
b_rimmator,c_rimmator,2203,4542,3290,4544.1,3284.7,5.7,yes,capital_position
b_nalatho,c_rimmator,2205,4527,3314,4534.5,3316.7,7.9,yes,sampled
b_nargabuz,c_rimmator,2204,4535,3312,4541.9,3344.9,33.6,no,sampled
b_al_jarracha,c_risha,3282,5807,6239,5840.4,6253.5,36.4,yes,capital_position
b_keltash,c_riven_frost,296,3264,677,3234.8,700.3,37.3,yes,capital_position
b_ulphish,c_river_of_metals,2801,4822,2350,4817.8,2353.2,5.3,yes,capital_position
b_zembral,c_river_of_metals,2802,4802,2341,4857.6,2369.2,62.3,no,sampled
b_rivermoot,c_rivermoot,1889,2600,599,2622.5,602.6,22.8,yes,capital_position
b_winter_edge,c_rivermoot,1890,2578,605,2562.7,604.0,15.3,yes,sampled
b_ashanva,c_riverride,2301,4044,3171,4040.3,3172.5,4.0,yes,capital_position
b_rivers_run,c_rivers_run,486,4210,2346,4210.5,2338.5,7.5,yes,capital_position
b_anatras,c_rivers_run,488,4195,2370,4212.6,2383.5,22.2,yes,sampled
b_kalamata,c_rivers_run,487,4230,2358,4215.5,2419.7,63.4,no,sampled
b_lhestyns_hearth,c_rivershire,2595,2918,2454,2913.3,2459.3,7.1,yes,capital_position
b_st_ostus,c_rivershire,2596,2938,2454,2935.0,2424.4,29.8,no,sampled
b_kasawak,c_road_less_traveled,1500,6753,2495,6743.1,2487.4,12.5,yes,capital_position
b_satsote,c_road_less_traveled,1501,6786,2501,6795.3,2498.6,9.6,yes,sampled
b_imkath,c_road_of_dust,2811,4732,2757,4720.8,2779.2,24.9,yes,capital_position
b_uluzam,c_road_of_dust,2812,4742,2747,4757.5,2718.4,32.5,no,sampled
b_roaringshore,c_roaringshore,2518,2494,1492,2503.2,1468.3,25.5,yes,capital_position
b_lathtarls_lantern,c_roaringshore,2519,2522,1502,2523.1,1525.5,23.5,yes,sampled
b_rodanar,c_rodanar,2858,4388,2301,4375.7,2299.2,12.4,yes,capital_position
b_thurik,c_rodanar,2859,4398,2292,4425.4,2301.1,28.9,no,sampled
b_rogosto,c_rogosto,3510,6360,5991,6359.9,5986.0,5.0,yes,capital_position
b_hadirma,c_rogosto,3511,6358,6026,6338.6,6052.3,32.6,no,sampled
b_taleik,c_rogosto,3512,6338,6015,6316.1,6007.2,23.2,yes,sampled
b_rokthorl,c_rokthorl,127,696,2323,686.5,2327.3,10.4,yes,capital_position
b_harone_thar,c_rokthorl,128,675,2317,742.6,2308.8,68.1,no,sampled
b_rondeval,c_rondeval,60,878,2624,880.1,2622.5,2.6,yes,capital_position
b_frosthold,c_roof_of_the_world,2716,456,175,476.2,165.6,22.2,yes,capital_position
b_roraari,c_roraari,111,438,2284,443.9,2282.4,6.1,yes,capital_position
b_rorst,c_rorst,119,1036,2737,1039.0,2734.5,3.9,yes,capital_position
b_ruathym,c_ruathym,2699,1711,1125,1718.9,1144.9,21.4,yes,capital_position
b_hastor,c_ruathym,2700,1681,1098,1700.8,1081.4,25.8,yes,sampled
b_al_maralem,c_rubbans_tears,3575,6397,6462,6401.6,6482.3,20.8,yes,capital_position
b_rucien_xan,c_rucien_xan,550,4126,2448,4122.8,2445.7,4.0,yes,capital_position
b_villia,c_rucien_xan,551,4103,2470,4109.4,2476.2,8.9,yes,sampled
b_lighthouse_keep,c_ruith,944,397,1461,397.6,1453.2,7.8,yes,capital_position
b_ruith,c_ruith,945,446,1461,452.8,1512.4,51.9,no,sampled
b_the_thousand_trees,c_ruith,946,388,1485,406.7,1505.5,27.8,no,sampled
b_rume,c_rume,1665,5518,2423,5518.2,2428.1,5.1,yes,capital_position
b_amsa,c_rume,1666,5527,2413,5489.2,2421.5,38.8,no,sampled
b_nisudu,c_rume,1667,5537,2434,5549.7,2410.2,27.0,no,sampled
b_rurikar,c_ruriks_end,1945,2356,328,2352.6,313.1,15.3,yes,capital_position
b_snowmantle,c_rystall_wood,724,3645,1223,3650.0,1209.0,14.9,yes,capital_position
b_sabrasha,c_sabrasha,3456,4924,5872,4934.5,5860.8,15.3,yes,capital_position
b_sadamzar,c_sadamzar,2829,4787,2405,4787.3,2414.1,9.1,yes,capital_position
b_outava,c_sadamzar,2830,4795,2386,4796.9,2373.2,13.0,yes,sampled
b_sadazeh,c_sadazeh,3362,5027,5854,5047.1,5842.3,23.3,yes,capital_position
b_saekolath,c_saekolath,1215,6026,3126,6020.5,3124.3,5.7,yes,capital_position
b_place_of_shade,c_saekolath,1216,6045,3138,6042.8,3102.8,35.2,no,sampled
b_vinetrunks,c_saekolath,1217,6036,3116,6020.9,3145.1,32.7,no,sampled
b_saelmur,c_saelmur,378,3421,2714,3393.3,2715.1,27.7,yes,capital_position
b_vodariim,c_saelmur,379,3391,2686,3501.7,2703.9,112.2,no,sampled
b_saerb,c_saerb,1152,3673,1700,3658.6,1699.3,14.4,yes,capital_position
b_fairhaven,c_saerb,1153,3683,1690,3704.7,1696.4,22.7,no,sampled
b_saerloon,c_saerloon,1146,3757,1760,3752.0,1758.0,5.4,yes,capital_position
b_aria,c_saerloon,1149,3716,1754,3750.9,1802.4,59.7,no,sampled
b_dolphin_market,c_saerloon,1147,3739,1768,3703.3,1780.1,37.7,no,sampled
b_safaq,c_safaq,3492,5567,6243,5557.7,6241.7,9.4,yes,capital_position
b_rawdat_azizair,c_safaq,3493,5561,6206,5585.9,6210.0,25.3,yes,sampled
b_saichik,c_saichik,794,4279,718,4280.3,714.7,3.6,yes,capital_position
b_saigai,c_saigai,3090,7652,3580,7645.2,3593.0,14.7,yes,capital_position
b_hunhai,c_saigai,3092,7693,3576,7697.7,3602.0,26.4,yes,sampled
b_tenghai,c_saigai,3091,7622,3552,7612.2,3531.0,23.2,yes,sampled
b_saikhoi,c_saikhoi,1491,6745,2536,6746.0,2530.8,5.3,yes,capital_position
b_chongye,c_saikhoi,1493,6722,2565,6790.5,2540.6,72.7,no,sampled
b_gyamam,c_saikhoi,1494,6741,2557,6716.7,2559.5,24.4,no,sampled
b_sangmm,c_saikhoi,1492,6751,2548,6757.7,2567.4,20.5,no,sampled
b_sakh,c_sakh,3128,7095,1174,7156.9,1168.1,62.2,yes,capital_position
b_talv,c_sakina,3366,5684,4991,5704.3,5002.6,23.4,yes,capital_position
b_salira,c_salira,3110,6258,1815,6269.3,1835.6,23.5,yes,capital_position
b_natangoj,c_salira,3111,6290,1860,6247.7,1733.5,133.4,no,sampled
b_bumi_gerak,c_salju,2312,7814,4471,7789.5,4497.9,36.4,yes,capital_position
b_salpir,c_salpir,1421,1242,4322,1249.1,4328.4,9.5,yes,capital_position
b_bromtor,c_salpir,1423,1226,4346,1272.0,4292.2,70.8,no,sampled
b_suthaven,c_salpir,1422,1261,4334,1202.6,4344.0,59.3,no,sampled
b_samagard,c_samagard,666,2455,3742,2458.0,3725.0,17.2,yes,capital_position
b_chada,c_samagard,667,2440,3765,2444.3,3777.9,13.6,yes,sampled
b_samargol,c_samargol,643,2236,3765,2242.0,3757.0,10.0,yes,capital_position
b_gemhar,c_samargol,646,2207,3738,2196.7,3770.5,34.1,no,sampled
b_ingress,c_samargol,644,2256,3777,2268.0,3790.2,17.8,yes,sampled
b_sambar,c_sambar,1431,1857,2933,1852.8,2925.2,8.8,yes,capital_position
b_illul,c_sambar,1432,1867,2915,1820.4,2939.3,52.5,no,sampled
b_perlinvast,c_sambar,1433,1863,2941,1878.8,2911.1,33.8,no,sampled
b_sambral,c_sambral,14,906,2927,928.5,2936.8,24.5,yes,capital_position
b_the_high_rise,c_sambral,15,947,2933,882.9,2942.9,64.9,no,sampled
b_sammaresh,c_sammaresh,1531,3106,3537,3107.0,3537.4,1.1,yes,capital_position
b_mafor_tower,c_sammaresh,1533,3090,3560,3135.8,3529.3,55.1,no,sampled
b_tule,c_sammaresh,1532,3126,3548,3077.1,3551.7,49.0,no,sampled
b_samphos,c_samphos,3203,6841,5737,6852.2,5721.2,19.4,yes,capital_position
b_sampranasz,c_sampranasz,1625,4951,2495,4953.3,2485.1,10.2,yes,capital_position
b_akisath,c_sampranasz,1626,4953,2473,4988.6,2492.8,40.7,no,sampled
b_samra,c_samra,455,4015,2346,4012.3,2347.4,3.1,yes,capital_position
b_cormins,c_samra,457,4036,2341,4049.9,2346.5,15.0,yes,sampled
b_orbrech,c_samra,456,4025,2352,4072.5,2326.1,54.0,no,sampled
b_sandsrun,c_sandsrun,1213,5930,3300,5925.7,3309.5,10.4,yes,capital_position
b_pharsul,c_sandsrun,1214,5901,3273,5945.3,3273.0,44.3,yes,sampled
b_sant,c_sant,2172,5846,1829,5836.8,1826.8,9.5,yes,capital_position
b_bindra,c_sapphire_shores,623,2324,3435,2315.8,3439.0,9.1,yes,capital_position
b_adeoyen,c_sapphire_shores,624,2367,3419,2364.0,3444.6,25.8,yes,sampled
b_ophat,c_saraath,1552,2944,3611,2948.6,3612.6,4.9,yes,capital_position
b_saraq,c_saraq,3225,5770,5847,5769.2,5849.5,2.6,yes,capital_position
b_dirhan,c_saraq,3227,5758,5831,5793.2,5847.2,38.7,no,sampled
b_mahan,c_saraq,3226,5778,5849,5749.0,5833.7,32.7,no,sampled
b_sarenestar_glade,c_sarenestar,439,3045,2737,3038.2,2757.3,21.4,yes,capital_position
b_sariban,c_sariban,3217,6577,5696,6602.7,5692.9,25.9,yes,capital_position
b_sarrukoth,c_sarrukoth,2225,5101,3001,5090.5,2999.5,10.6,yes,capital_position
b_khuzdar_hall,c_sarrukoth,2226,5121,3013,5133.7,2996.1,21.1,yes,sampled
b_sarshel,c_sarshel,1036,4453,1592,4452.2,1588.8,3.3,yes,capital_position
b_arns_cove,c_sarshel,1038,4437,1616,4415.7,1586.9,36.1,no,sampled
b_thelnam,c_sarshel,1037,4472,1604,4488.6,1599.3,17.2,yes,sampled
b_sarara,c_sartha_coast,95,354,2927,358.3,2923.9,5.3,yes,capital_position
b_sathadech,c_sathadech,99,352,2413,355.0,2410.5,3.9,yes,capital_position
b_satous,c_satous,2163,5377,1336,5362.2,1331.7,15.5,yes,capital_position
b_holyheart_house,c_satyr_road,555,4048,2468,4046.3,2457.0,11.1,yes,capital_position
b_sawsh,c_sawsh,63,882,2698,874.2,2699.3,7.9,yes,capital_position
b_mahaireb,c_sayf,3563,5340,6374,5340.3,6347.5,26.5,yes,capital_position
b_scardale_town,c_scardale,902,3931,1573,3933.2,1575.8,3.5,yes,capital_position
b_scar_harbor,c_scardale,904,3964,1553,3949.3,1581.5,32.1,no,sampled
b_scarsdeep,c_scardale,903,3941,1588,3959.0,1555.0,37.6,no,sampled
b_peshaj,c_scarlet_jungle,1469,6649,3011,6619.4,3031.1,35.8,yes,capital_position
b_schamedar,c_schamedar,349,2893,2792,2889.6,2792.7,3.5,yes,capital_position
b_bakkals_sabban,c_schamedar,350,2913,2804,2913.2,2818.9,14.9,yes,sampled
b_scornubel,c_scornubel,2538,2881,1623,2894.4,1634.4,17.5,yes,capital_position
b_scornubel_hall,c_scornubel,2539,2852,1596,2859.6,1592.4,8.4,yes,sampled
b_teths_stand,c_scrabbleground,2273,3507,3585,3499.0,3578.0,10.7,yes,capital_position
b_khor_biligat,c_sea_of_salt,3342,6059,5159,6061.6,5156.8,3.4,yes,capital_position
b_sebben,c_sebben,2299,4058,3249,4058.6,3250.3,1.4,yes,capital_position
b_undarls_tower,c_secomber,2955,2580,1105,2589.7,1095.3,13.7,yes,capital_position
b_secomber,c_secomber,2956,2580,1084,2540.2,1088.5,40.0,no,sampled
b_sefriszar,c_sefriszar,1752,5033,1737,5033.2,1734.2,2.8,yes,capital_position
b_thaldax,c_sefriszar,1753,5035,1743,5047.5,1792.2,50.7,no,sampled
b_zuldana,c_sefriszar,1754,5017,1760,4986.9,1738.0,37.2,no,sampled
b_adapra,c_segaran_swamp,3195,6929,4869,6920.2,4838.8,31.4,yes,capital_position
b_seikung,c_seikung,2992,8088,3691,8091.0,3687.3,4.8,yes,capital_position
b_meiyuan,c_seikung,2995,8058,3664,8041.2,3696.6,36.7,yes,sampled
b_mianxiang,c_seikung,2993,8107,3673,8118.9,3644.0,31.3,no,sampled
b_shizuiguan,c_seikung,2994,8072,3714,8113.3,3731.7,44.9,no,sampled
b_sekola_atas,c_sekola_atas,2319,7728,4858,7719.0,4852.9,10.4,yes,capital_position
b_sekras,c_sekras,2815,4970,2743,4974.0,2752.1,9.9,yes,capital_position
b_oss,c_sekras,2817,4949,2747,4940.0,2722.6,26.0,no,sampled
b_ruinspoke,c_sekras,2816,4959,2737,4931.3,2758.8,35.2,no,sampled
b_selgaunt,c_selgaunt,1141,3804,1748,3799.5,1747.3,4.6,yes,capital_position
b_firehairs_house,c_selgaunt,1145,3771,1703,3790.6,1769.1,68.9,no,sampled
b_oxblood,c_selgaunt,1144,3786,1725,3817.0,1769.3,54.1,no,sampled
b_palace_of_the_hulorn,c_selgaunt,1142,3784,1754,3807.0,1787.7,40.8,no,sampled
b_the_high_bridge,c_selgaunt,1143,3802,1739,3781.3,1724.5,25.3,no,sampled
b_andalbruin,c_selskar_vale,1908,2555,558,2553.5,556.3,2.2,yes,capital_position
b_sembabule,c_sembabule,3410,3337,6329,3276.3,6330.0,60.8,yes,capital_position
b_karuyaga,c_sembabule,3411,3288,6302,3349.3,6258.5,75.2,no,sampled
b_sember,c_semberholme,865,3651,1535,3645.0,1531.7,6.9,yes,capital_position
b_caer_cadrin,c_semberholme,867,3636,1559,3636.3,1555.9,3.1,yes,sampled
b_zulmas,c_semberholme,866,3661,1526,3652.9,1512.3,15.9,no,sampled
b_semkhrun,c_semkhrun,1684,5975,2501,5965.6,2511.2,13.9,yes,capital_position
b_ubbaresh,c_semkhrun,1685,6024,2522,6036.1,2512.3,15.5,yes,sampled
b_darrabhar,c_semphar_water,1720,5752,2563,5725.1,2561.7,26.9,yes,capital_position
b_fars,c_semphar_water,1721,5737,2587,5798.2,2587.2,61.2,no,sampled
b_qumis,c_sempharin,1686,5938,2473,5938.3,2457.1,15.9,yes,capital_position
b_babis,c_sempharin,1688,5924,2448,5896.8,2458.1,29.0,yes,sampled
b_siniyat,c_sempharin,1687,5914,2464,5991.3,2462.2,77.3,no,sampled
b_sendalam,c_sendalam,3533,6243,6134,6246.7,6131.0,4.8,yes,capital_position
b_metawet,c_sendalam,3534,6270,6130,6288.7,6082.4,51.2,no,sampled
b_senia,c_senia_plateau,3193,7124,4590,7125.5,4587.3,3.0,yes,capital_position
b_sentinel_stand,c_sentinel_island,1452,491,5170,502.8,5184.0,18.4,yes,capital_position
b_fortress_of_the_old_man,c_sentinel_spire,3120,6167,2071,6159.8,2075.0,8.3,yes,capital_position
b_budaarcha,c_sentinel_spire,3121,6198,2059,6216.8,2035.2,30.3,no,sampled
b_chintshen,c_sentinel_spire,3122,6151,2094,6200.5,2073.4,53.6,no,sampled
b_sskhanaja,c_serpent_hills,2927,2821,1340,2815.0,1315.2,25.5,yes,capital_position
b_jevall,c_serpent_valley,1366,6825,3722,6824.2,3715.0,7.1,yes,capital_position
b_alahita,c_serpent_valley,1367,6804,3748,6816.2,3783.0,37.1,no,sampled
b_kasidikals_keep,c_serpents_tail,2929,2862,1250,2862.0,1231.5,18.5,yes,capital_position
b_al_salakamah,c_serzeman_bamar,3585,6874,6388,6883.5,6395.7,12.2,yes,capital_position
b_seshano,c_seshano,3100,6112,1369,6116.3,1413.0,44.3,yes,capital_position
b_sesserash,c_sesserash,1558,2932,3730,2932.5,3715.5,14.5,yes,capital_position
b_sessrenglade,c_sessrenglade,928,3630,1602,3614.3,1593.3,17.9,yes,capital_position
b_oversember_vale,c_sessrenglade,929,3614,1604,3653.6,1618.8,42.3,no,sampled
b_settlestone,c_settlestone,1909,2596,578,2595.1,573.7,4.4,yes,capital_position
b_keepers_dale,c_settlestone,1910,2606,568,2612.0,566.4,6.2,yes,sampled
b_gers,c_seventon,310,3497,816,3461.0,849.7,49.3,yes,capital_position
b_severed_hand,c_severed_hand,1956,2094,484,2093.9,482.6,1.4,yes,capital_position
b_vale_of_shadows,c_severed_hand,1957,2102,500,2097.0,499.3,5.1,yes,sampled
b_sezilinta,c_sezilinta,1200,5645,3253,5634.8,3259.0,11.8,yes,capital_position
b_narba,c_sezilinta,1202,5615,3226,5675.4,3246.9,63.9,no,sampled
b_ssundyl,c_sezilinta,1201,5629,3277,5626.4,3228.0,49.1,no,sampled
b_estacell,c_shaareach_forest,2279,3786,3423,3799.6,3404.0,23.4,yes,capital_position
b_shaargald,c_shaargald,2302,4191,3150,4169.1,3150.2,21.9,yes,capital_position
b_shaarmid,c_shaarmid,2286,3991,3050,3992.7,3048.5,2.3,yes,capital_position
b_hurtlepool,c_shaarmid,2288,4034,3028,3947.2,3019.7,87.2,no,sampled
b_stewich,c_shaarmid,2287,3962,3023,4041.8,3077.2,96.4,no,sampled
b_rausrawna,c_shaddath,287,3450,1475,3460.9,1472.3,11.3,yes,capital_position
b_twisted_tower,c_shadowdale,887,3630,1391,3632.0,1391.2,2.0,yes,capital_position
b_elminster_tower,c_shadowdale,889,3618,1412,3617.1,1414.8,2.9,yes,sampled
b_shadowdale,c_shadowdale,888,3640,1369,3640.8,1371.2,2.4,yes,sampled
b_xilberos_ridge,c_shadowed_grave,2277,3673,3634,3670.9,3632.6,2.5,yes,capital_position
b_shadowglade,c_shadowglade,891,3679,1369,3679.7,1359.8,9.2,yes,capital_position
b_hall_of_echoes,c_shadows_end,2200,4415,3257,4418.2,3260.7,4.9,yes,capital_position
b_jurunvalt,c_shadows_end,2202,4400,3281,4394.4,3271.7,10.8,yes,sampled
b_oldfast,c_shadows_end,2201,4439,3247,4448.4,3246.0,9.4,yes,sampled
b_summer_palace,c_shaelyn,938,319,1520,318.1,1518.6,1.7,yes,capital_position
b_shaelynsrun,c_shaelyn,939,354,1549,312.2,1487.1,74.7,no,sampled
b_yessael,c_shaelyn,940,321,1549,331.0,1547.3,10.1,yes,sampled
b_shakham,c_shakham,3253,5672,5483,5699.4,5499.3,31.9,yes,capital_position
b_wubufi,c_shakham,3254,5721,5487,5707.5,5444.6,44.5,no,sampled
b_shakkak,c_shakkak,813,4294,447,4296.7,444.7,3.6,yes,capital_position
b_khlarsamryn,c_shalanar,2661,3329,2419,3332.3,2437.6,18.9,yes,capital_position
b_ellhimars_tower,c_shalanar,2663,3300,2391,3273.6,2373.4,31.7,no,sampled
b_llorbauth,c_shalanar,2662,3317,2399,3306.5,2372.3,28.7,no,sampled
b_shamandra,c_shamandra,2839,4341,2006,4323.4,1994.5,21.0,yes,capital_position
b_shamph,c_shamph,458,4050,2382,4051.0,2381.4,1.2,yes,capital_position
b_taranth,c_shamph,460,4070,2393,4009.6,2388.3,60.6,no,sampled
b_timindar,c_shamph,459,4060,2372,4087.9,2371.4,27.9,no,sampled
b_shan_sao,c_shan_sao,1465,7439,3128,7386.6,3109.3,55.7,yes,capital_position
b_shandaular,c_shandaular,1821,4937,1354,4938.3,1351.4,2.9,yes,capital_position
b_shangtao,c_shangtao,3031,8129,3062,8126.3,3080.6,18.8,yes,capital_position
b_qindong,c_shangtao,3032,8138,3052,8138.7,3011.4,40.6,no,sampled
b_shannath,c_shannath,799,4748,578,4753.6,572.0,8.2,yes,capital_position
b_shanshu,c_shanshu,2977,7380,2176,7426.8,2176.1,46.8,yes,capital_position
b_xuanchai,c_shanshu,2978,7378,2214,7267.9,2170.4,118.4,no,sampled
b_blackbarn,c_shantal,418,3515,3005,3516.2,3004.0,1.6,yes,capital_position
b_sharandar,c_sharandar,2133,2272,707,2282.6,706.6,10.6,yes,capital_position
b_eveninglight,c_sharandar,2134,2281,697,2248.3,691.1,33.2,no,sampled
b_sharawood,c_sharawood,1322,5123,3216,5127.8,3210.0,7.7,yes,capital_position
b_farahah,c_sharira,3451,4742,5704,4738.1,5719.9,16.3,yes,capital_position
b_heroes_helm,c_shattered_tower,312,3540,1033,3555.4,1053.1,25.3,yes,capital_position
b_port_castigliar,c_shatterwave,601,2191,3226,2193.0,3223.0,3.6,yes,capital_position
b_akhrasut_nath,c_shay_hills,2187,5846,1551,5860.4,1562.4,18.4,yes,capital_position
b_shederran_grove,c_shederran_grove,2137,2293,758,2296.1,760.0,3.7,yes,capital_position
b_sheirtalar,c_sheirtalar,1507,3515,3284,3509.2,3277.0,9.1,yes,capital_position
b_bifars_hold,c_sheirtalar,1510,3499,3308,3543.2,3272.1,57.0,no,sampled
b_gashags,c_sheirtalar,1508,3534,3296,3476.7,3297.1,57.3,no,sampled
b_shentsa,c_shentsa,2349,7728,3443,7724.6,3436.9,7.0,yes,capital_position
b_shey_chorten,c_shey_chorten,1477,6952,2624,6948.2,2637.6,14.1,yes,capital_position
b_shih_tuh,c_shih_tuh,1458,7155,2706,7146.6,2689.8,18.2,yes,capital_position
b_naxu,c_shih_tuh,1459,7202,2677,7188.7,2642.0,37.4,yes,sampled
b_shihfang,c_shihfang,3033,7548,2694,7579.8,2720.8,41.6,yes,capital_position
b_zhongzhou,c_shihfang,3034,7576,2741,7489.5,2638.7,134.0,no,sampled
b_shilku,c_shilku_bay,634,1824,3548,1829.3,3534.9,14.1,yes,capital_position
b_jeboye,c_shilku_bay,635,1795,3513,1775.4,3525.2,23.1,yes,sampled
b_fort_mirasandoral,c_shilmista,201,3192,2227,3193.4,2218.6,8.5,yes,capital_position
b_evus,c_shining_gap,2502,4134,3660,4129.5,3634.3,26.1,yes,capital_position
b_shining_white,c_shining_white,1981,2485,617,2485.0,616.1,0.9,yes,capital_position
b_tannath,c_ship_isle,1313,5952,3396,5953.3,3393.8,2.6,yes,capital_position
b_eye_of_insight,c_ship_of_the_gods,2793,4898,2415,4899.7,2413.1,2.5,yes,capital_position
b_shipgrave,c_shipgrave_isles,2464,3556,4340,3598.5,4325.8,44.8,yes,capital_position
b_shirc,c_shirc,3140,6790,1021,6782.0,1031.3,13.0,yes,capital_position
b_coldsand,c_shivering_coast,2717,593,185,619.8,174.0,28.9,yes,capital_position
b_sister_of_rains,c_shoal_of_thirst,254,3411,1315,3413.6,1321.3,6.8,yes,capital_position
b_ioriere,c_shoal_of_thirst,258,3374,1354,3417.9,1289.9,77.7,no,sampled
b_oracakon,c_shoal_of_thirst,255,3397,1342,3366.6,1351.5,31.8,no,sampled
b_fort_teqlar,c_shoonach,2608,2782,2597,2781.1,2592.2,4.9,yes,capital_position
b_agis,c_shoonach,2609,2758,2597,2810.9,2613.8,55.5,no,sampled
b_debukkher,c_shoonach,2611,2795,2604,2803.2,2591.6,14.9,no,sampled
b_iltakar,c_shoonach,2610,2752,2589,2754.2,2597.5,8.8,yes,sampled
b_shota,c_shota,3179,7003,1496,7005.5,1489.4,7.1,yes,capital_position
b_shou_kuan,c_shou_kuan,3005,7822,2655,7811.4,2646.6,13.5,yes,capital_position
b_xinging,c_shou_kuan,3006,7832,2645,7948.4,2649.9,116.5,no,sampled
b_xutou,c_shou_kuan,3007,7792,2628,7880.8,2627.6,88.8,no,sampled
b_fenton,c_shrouded_lands,2746,1861,1729,1855.7,1728.1,5.3,yes,capital_position
b_shussel,c_shussel,2803,4828,2428,4824.9,2428.1,3.1,yes,capital_position
b_hawold,c_shussel,2804,4812,2452,4851.9,2400.1,65.4,no,sampled
b_kapidum,c_shussel,2805,4816,2415,4807.7,2462.0,47.7,no,sampled
b_fortress_clymph,c_sidewinder_wood,1855,4501,1350,4499.5,1349.4,1.6,yes,capital_position
b_sidi,c_sidi_island,3546,6338,6321,6339.9,6320.2,2.1,yes,capital_position
b_sierrak,c_sierrak,83,372,2679,373.4,2677.3,2.2,yes,capital_position
b_sigram,c_sigram,3208,6739,5702,6715.8,5702.5,23.3,yes,capital_position
b_siiluth_keep,c_siiluth,959,368,1655,375.7,1658.0,8.3,yes,capital_position
b_esela,c_siiluth,961,386,1617,391.2,1623.4,8.2,yes,sampled
b_minarisa,c_siiluth,962,390,1651,346.5,1672.2,48.4,no,sampled
b_sikak,c_sikak,3481,5568,6034,5562.7,6038.1,6.7,yes,capital_position
b_al_tudah,c_sikak,3483,5567,6062,5553.9,6070.4,15.5,yes,sampled
b_sahazz,c_sikak,3482,5547,6050,5516.4,6041.7,31.7,no,sampled
b_siksuv,c_siksuv,814,4439,511,4449.5,509.3,10.6,yes,capital_position
b_silapathar,c_silapathar,3199,6688,5184,6708.8,5163.4,29.3,yes,capital_position
b_everantha,c_silver_hills,941,306,1408,302.9,1407.6,3.1,yes,capital_position
b_fyfe_ortheiad,c_silver_hills,943,296,1375,301.9,1367.7,9.4,yes,sampled
b_tyathalael,c_silver_hills,942,306,1440,317.4,1446.8,13.3,yes,sampled
b_hawks_nest,c_silvermoon_pass,1891,2760,629,2761.4,632.3,3.5,yes,capital_position
b_auvandell,c_silvermoon_pass,1892,2770,619,2786.0,624.2,16.8,no,sampled
b_deckon_thar,c_silvermoon_pass,1893,2750,625,2735.9,631.1,15.4,no,sampled
b_olostins_hold,c_silverwood,1894,2664,656,2659.6,664.8,9.9,yes,capital_position
b_silverymoon,c_silverymoon,1885,2698,627,2704.7,627.2,6.7,yes,capital_position
b_khelb,c_silverymoon,1888,2709,611,2677.8,607.7,31.4,no,sampled
b_ladys_hand,c_silverymoon,1887,2684,609,2701.3,646.1,40.9,no,sampled
b_rauvinwatch,c_silverymoon,1886,2703,629,2714.2,609.1,22.8,no,sampled
b_simbaya,c_simbaya,3381,5561,5024,5577.5,5013.7,19.4,yes,capital_position
b_ghumra,c_simbaya,3382,5623,5041,5630.6,5038.3,8.1,yes,sampled
b_khapo,c_sinking_palace,172,8072,582,8073.9,580.2,2.6,yes,capital_position
b_sinna,c_sinna,3350,5252,5946,5275.3,5941.7,23.7,yes,capital_position
b_helvara,c_sixstreams,273,3503,1397,3508.6,1397.4,5.7,yes,capital_position
b_skadaurak,c_skadaurak,2770,2039,1256,2039.1,1244.7,11.3,yes,capital_position
b_skarou,c_skarou,1489,6851,2419,6869.0,2425.3,19.1,yes,capital_position
b_shonang,c_skarou,1490,6860,2409,6796.3,2418.3,64.4,no,sampled
b_skeskia,c_skeska,2292,3700,3060,3703.3,3052.8,7.9,yes,capital_position
b_skouth,c_skouth,2253,4673,3210,4671.1,3208.3,2.6,yes,capital_position
b_skuld,c_skuld,1574,5004,2456,5006.3,2454.2,2.9,yes,capital_position
b_donar,c_skuld,1576,5070,2456,5054.7,2437.5,24.0,no,sampled
b_ganathari,c_skuld,1578,5054,2479,5031.8,2461.9,28.0,no,sampled
b_selag,c_skuld,1577,5027,2442,5017.5,2429.3,15.9,yes,sampled
b_uthragkan,c_skuld,1575,5049,2464,5060.8,2468.8,12.7,yes,sampled
b_southshore,c_skuldusk,2541,2866,1719,2877.6,1718.1,11.6,yes,capital_position
b_skurrukh,c_skurrukh,2666,3239,2442,3237.5,2440.4,2.1,yes,capital_position
b_mount_turbold,c_skurrukh,2668,3241,2411,3243.7,2465.6,54.7,no,sampled
b_ravimors_cave,c_skurrukh,2667,3245,2438,3244.0,2412.2,25.8,no,sampled
b_jiaoguan,c_sky_fields,3041,7404,2692,7404.3,2698.8,6.8,yes,capital_position
b_changzhou,c_sky_fields,3043,7327,2712,7396.2,2764.1,86.6,no,sampled
b_sharbei,c_sky_fields,3042,7421,2729,7398.1,2641.9,90.1,no,sampled
b_skytower_shelter,c_skytower_shelter,1951,2240,461,2238.2,464.4,3.8,yes,capital_position
b_chamar,c_skyvale,2363,7273,4025,7263.3,4008.3,19.3,yes,capital_position
b_archerpost,c_skywall,2303,4265,3028,4252.6,3044.2,20.4,yes,capital_position
b_gunala,c_skywall,2304,4255,3044,4313.0,3035.5,58.6,no,sampled
b_noriande,c_skywall,2305,4308,2987,4261.0,2984.0,47.1,yes,sampled
b_urumph,c_smokeholes,304,3438,625,3430.6,631.7,10.0,yes,capital_position
b_smokespire,c_smokespire,3684,3040,1995,3055.7,1997.3,15.9,yes,capital_position
b_arsof,c_smoking_mountains,2823,4673,2628,4672.6,2629.2,1.3,yes,capital_position
b_citadel_of_black_ash,c_smoking_mountains,2824,4646,2632,4619.6,2631.0,26.4,yes,sampled
b_boar_pike,c_snakewood,200,2983,2014,2973.4,2007.2,11.7,yes,capital_position
b_belit,c_snapping_turtle_bay,640,2037,3668,2033.1,3681.6,14.2,yes,capital_position
b_snokkok,c_snokkok,817,4537,664,4537.4,661.8,2.2,yes,capital_position
b_temmah,c_snout_of_omgar,650,2156,3812,2159.1,3807.0,5.9,yes,capital_position
b_sokkar,c_sokkar,3331,5938,5086,5933.3,5064.3,22.2,yes,capital_position
b_maracrath,c_soleineflow,1034,4525,1444,4525.5,1435.5,8.5,yes,capital_position
b_guidodale,c_soleineflow,1035,4509,1467,4533.2,1461.9,24.8,yes,sampled
b_solon,c_solon,1252,6227,2737,6222.7,2733.1,5.8,yes,capital_position
b_salarijab,c_solon,1253,6202,2763,6244.9,2678.6,94.7,no,sampled
b_tatsalarana,c_solon,1254,6198,2710,6194.7,2796.8,86.9,no,sampled
b_sombor,c_sombor,1424,1240,4207,1232.0,4201.9,9.4,yes,capital_position
b_arevar,c_sombor,1426,1210,4180,1245.0,4239.9,69.3,no,sampled
b_nimith,c_sombor,1425,1224,4230,1265.8,4157.2,83.9,no,sampled
b_somraggah,c_somraggah,1668,5594,2471,5595.0,2467.1,4.0,yes,capital_position
b_kishorc,c_somraggah,1670,5565,2444,5555.5,2457.4,16.4,yes,sampled
b_wakirnayskul,c_somraggah,1669,5617,2462,5632.7,2481.7,25.2,no,sampled
b_songfarla,c_songfarla,3658,5354,1805,5347.5,1792.3,14.3,yes,capital_position
b_covarrkar_cave,c_songfarla,3660,5373,1817,5346.4,1828.7,29.1,no,sampled
b_gilded_nugget,c_songfarla,3659,5363,1795,5374.0,1799.4,11.9,yes,sampled
b_songhal,c_songhal,1026,4421,1643,4419.2,1639.7,3.7,yes,capital_position
b_filfur,c_songhal,1027,4441,1655,4454.2,1648.1,14.9,yes,sampled
b_soolabax,c_soolabax,2887,4660,2358,4663.4,2361.0,4.5,yes,capital_position
b_heptics,c_soolabax,2889,4630,2331,4692.7,2365.5,71.5,no,sampled
b_samnur,c_soolabax,2888,4679,2370,4637.2,2329.3,58.3,no,sampled
b_soorenar,c_soorenar,2860,4468,2280,4463.8,2276.3,5.6,yes,capital_position
b_arikrlundr,c_soorenar,2862,4505,2272,4450.3,2304.0,63.4,no,sampled
b_pleham,c_soorenar,2861,4453,2303,4492.5,2262.1,56.9,no,sampled
b_soranda,c_soranda,2164,5598,1496,5604.4,1489.9,8.8,yes,capital_position
b_lo_pan,c_sorghum_fields,2973,7431,2384,7416.7,2357.2,30.3,yes,capital_position
b_xinhai,c_sorghum_fields,2974,7423,2407,7503.6,2474.0,104.8,no,sampled
b_sorib,c_sorib,3543,6262,6419,6266.8,6417.5,5.0,yes,capital_position
b_sorl,c_sorl,653,2352,3754,2348.0,3758.6,6.0,yes,capital_position
b_fairgrasp,c_sorl,654,2387,3750,2389.8,3736.1,14.2,yes,sampled
b_sossvaal,c_sossvaal,821,5097,337,5136.9,341.3,40.1,yes,capital_position
b_kainiq,c_sossvaal,822,5068,310,5002.0,319.0,66.6,no,sampled
b_sepusang,c_soto,2333,7959,4852,7969.4,4828.6,25.6,yes,capital_position
b_soubar,c_soubar,2543,2789,1531,2797.5,1539.1,11.7,yes,capital_position
b_lyrans_hold,c_soubar,2544,2748,1506,2737.7,1518.9,16.5,yes,sampled
b_soussal,c_soussal,657,2365,3673,2357.6,3684.8,13.9,yes,capital_position
b_rewold,c_soussal,658,2408,3669,2411.5,3667.0,4.1,yes,sampled
b_blue_pana,c_south_fornaluit,2501,4202,3875,4195.8,3891.4,17.5,yes,capital_position
b_chestam,c_south_winterwood,593,3630,2567,3630.3,2564.2,2.8,yes,capital_position
b_southern_shandaular,c_southern_shandaular,2243,4933,2997,4934.8,2995.2,2.5,yes,capital_position
b_mere,c_southspar,96,390,2978,397.3,2974.2,8.2,yes,capital_position
b_southhome,c_southwatch,1453,702,5282,704.7,5280.3,3.2,yes,capital_position
b_highluthholt,c_southwood,2954,2743,1115,2733.0,1108.2,12.1,yes,capital_position
b_spandeliyon,c_spandeliyon,2833,4343,1915,4342.6,1911.6,3.4,yes,capital_position
b_spearhead,c_spearhead_point,2719,413,595,429.9,582.5,21.1,yes,capital_position
b_spearsmouth,c_spearsmouth_dale,1857,4761,1617,4754.2,1612.0,8.4,yes,capital_position
b_arglith,c_spearsmouth_dale,1858,4771,1608,4783.6,1620.5,17.8,no,sampled
b_spellgard,c_spellgard,300,3026,1014,3055.7,994.1,35.7,yes,capital_position
b_toralath,c_spellshire,2597,3008,2321,3006.7,2300.8,20.3,yes,capital_position
b_shildamere,c_spellshire,2598,3018,2300,3028.0,2353.1,54.1,no,sampled
b_ajhuutal,c_spider_swamp,361,3044,2849,3046.6,2842.4,7.1,yes,capital_position
b_finders_keep,c_spiderhaunt_woods,872,3579,1432,3566.9,1441.2,15.2,yes,capital_position
b_stormpenhauder,c_spiderhaunt_woods,873,3557,1424,3595.9,1398.2,46.7,no,sampled
b_djerad_axatar,c_spiteful_isles,72,1163,2616,1166.9,2615.4,3.9,yes,capital_position
b_adamantine_palace,c_splendarrmornn,3599,2795,973,2793.3,974.4,2.2,yes,capital_position
b_splendarrmornn,c_splendarrmornn,3600,2788,992,2802.9,996.3,15.5,yes,sampled
b_sragadha,c_sragadha,1393,6342,4465,6339.6,4449.1,16.1,yes,capital_position
b_house_of_lolth,c_sschindylryn,3670,3305,1688,3300.0,1685.7,5.5,yes,capital_position
b_ssensval,c_ssensval,2293,3636,3148,3622.3,3134.8,19.0,yes,capital_position
b_sshamath,c_sshamath,2581,3106,1616,3103.4,1618.7,3.8,yes,capital_position
b_zorrbauth,c_sshamath,2582,3116,1606,3120.6,1606.4,4.6,yes,sampled
b_ssintar,c_ssintar,2783,4789,2557,4799.9,2552.6,11.7,yes,capital_position
b_ssrenshen,c_ssrenshen,870,3683,1573,3679.2,1568.3,6.1,yes,capital_position
b_stagford,c_stagford,2725,1984,1535,1987.3,1536.9,3.8,yes,capital_position
b_holyhead,c_stagford,2726,1992,1543,1961.3,1521.3,37.6,no,sampled
b_hartblood_spring,c_star_mounts,2085,2698,877,2699.7,874.8,2.8,yes,capital_position
b_chatlarhune,c_starfields,2553,3075,1879,3088.9,1894.3,20.7,yes,capital_position
b_starmantle,c_starmantle,1101,3700,1948,3679.4,1951.9,21.0,yes,capital_position
b_inske,c_starmantle,1103,3651,1946,3740.3,1975.8,94.2,no,sampled
b_vamars_tower,c_starmantle,1102,3685,1971,3601.4,1960.2,84.3,no,sampled
b_beruns_hill,c_starmetal_hills,2030,2334,720,2330.3,708.3,12.3,yes,capital_position
b_twilight_tor,c_starmetal_hills,2031,2340,746,2352.0,752.6,13.7,yes,sampled
b_djerad_kurar,c_starspire,101,558,2450,590.0,2448.7,32.0,yes,capital_position
b_zazesspur,c_starspur,2634,2627,2403,2627.7,2398.1,4.9,yes,capital_position
b_karlaggar,c_starspur,2636,2655,2409,2655.7,2406.3,2.7,yes,sampled
b_oldspire,c_starspur,2637,2625,2386,2636.8,2416.0,32.2,no,sampled
b_st_ramedar,c_starspur,2635,2643,2403,2606.4,2389.0,39.2,no,sampled
b_granite_tower,c_stillmoors,770,4077,1113,4080.6,1087.3,25.9,yes,capital_position
b_stingvale,c_stingfields,2237,4826,3507,4819.6,3513.6,9.2,yes,capital_position
b_blythe,c_stirgewick,2730,2037,1610,2030.4,1609.5,6.6,yes,capital_position
b_regents_field,c_stirgewick,2731,2053,1608,2058.4,1605.1,6.2,yes,sampled
b_skull_crag,c_storm_horns,1016,3257,1721,3255.1,1735.2,14.4,yes,capital_position
b_greatgaunt,c_storm_horns,1017,3266,1711,3266.8,1688.2,22.8,no,sampled
b_stormhelm,c_stormhelm,59,870,2653,871.8,2652.4,1.9,yes,capital_position
b_djerad_tauro,c_stormslough,66,990,2612,1001.9,2609.1,12.3,yes,capital_position
b_stormy_high,c_stormy_high,1286,6550,3398,6580.6,3396.8,30.6,yes,capital_position
b_sulaziir,c_sulaziir,2431,3683,4025,3673.3,4013.7,14.9,yes,capital_position
b_marrass,c_sulaziir,2432,3653,3998,3728.0,4007.1,75.5,no,sampled
b_suldanessellar,c_suldanessellar,2680,2842,2372,2844.1,2372.1,2.1,yes,capital_position
b_kinbranch,c_suldanessellar,2684,2817,2362,2876.7,2356.8,59.9,no,sampled
b_kings_tree,c_suldanessellar,2682,2846,2346,2811.4,2345.0,34.6,no,sampled
b_nebulae_pool,c_suldanessellar,2683,2862,2370,2816.4,2391.1,50.3,no,sampled
b_swanmays_glade,c_suldanessellar,2681,2830,2370,2786.0,2381.0,45.3,no,sampled
b_suldolphor,c_suldolphor,383,3278,2919,3266.5,2925.1,13.0,yes,capital_position
b_sultim,c_sultim,1611,5092,2243,5096.4,2253.9,11.7,yes,capital_position
b_haripan,c_sultim,1613,5144,2260,5158.2,2231.7,31.6,no,sampled
b_vursanj,c_sultim,1612,5076,2266,5142.6,2275.9,67.3,no,sampled
b_scarlet_moon_hall,c_sumber_hills,2014,2412,918,2405.2,919.3,7.0,yes,capital_position
b_rivergard,c_sumber_hills,2016,2406,924,2412.0,900.1,24.6,no,sampled
b_sacred_stone,c_sumber_hills,2015,2404,920,2410.8,940.6,21.7,no,sampled
b_sumbrar,c_sumbrar,963,515,1578,515.0,1582.3,4.3,yes,capital_position
b_sumbria,c_sumbria,473,4261,2325,4262.2,2325.4,1.3,yes,capital_position
b_geguna,c_sumbria,475,4281,2337,4273.6,2344.5,10.5,yes,sampled
b_kirenzia,c_sumbria,474,4279,2315,4288.0,2318.4,9.6,yes,sampled
b_alarah,c_sumuk_island,3281,5811,6138,5813.5,6135.3,3.7,yes,capital_position
b_masters_hall_sbr,c_sundabar,1912,2836,650,2827.0,652.8,9.4,yes,capital_position
b_hall_of_vigilance,c_sundabar,1914,2858,623,2882.4,623.1,24.4,yes,sampled
b_newfort,c_sundabar,1915,2868,644,2868.8,658.9,14.9,yes,sampled
b_sundabar,c_sundabar,1913,2848,632,2836.2,598.5,35.5,no,sampled
b_sundasz,c_sundasz,2211,4488,3175,4489.5,3172.9,2.6,yes,capital_position
b_sunderstaad,c_sunder,2738,2014,1404,2023.3,1386.6,19.7,yes,capital_position
b_sundice,c_sundice,823,5058,545,5071.4,535.1,16.6,yes,capital_position
b_sundrah,c_sundrah,1438,1830,2853,1838.4,2864.7,14.4,yes,capital_position
b_orostling,c_sundrah,1439,1801,2825,1814.4,2817.2,15.5,yes,sampled
b_sunglade,c_sunglade,1064,4644,1983,4681.9,1983.8,37.9,yes,capital_position
b_rotimur,c_sunrise_hills,125,1091,2880,1098.2,2874.8,8.9,yes,capital_position
b_kash,c_suns_eye,1394,6432,4596,6437.6,4564.0,32.5,yes,capital_position
b_aguland,c_suns_eye,1395,6385,4621,6334.4,4663.6,66.2,no,sampled
b_sunset,c_sunset,2765,1687,1694,1691.2,1691.9,4.7,yes,capital_position
b_thandril,c_sunset_foothills,285,3180,1551,3183.9,1550.0,4.0,yes,capital_position
b_mordyr,c_sunset_rocks,1314,5686,3363,5669.8,3345.5,23.9,yes,capital_position
b_suntar,c_suntar,1270,6065,3408,6055.7,3414.0,11.1,yes,capital_position
b_carish,c_suntar,1272,6049,3431,6087.1,3412.4,42.4,no,sampled
b_khis,c_suntar,1271,6084,3419,6071.3,3378.5,42.4,no,sampled
b_suormpar,c_suormpar,1287,6167,3177,6173.8,3180.0,7.5,yes,capital_position
b_jata,c_suormpar,1289,6151,3200,6180.1,3139.2,67.4,no,sampled
b_ravvan,c_suormpar,1288,6186,3189,6148.3,3220.2,49.0,no,sampled
b_surag,c_surag,1810,5127,1940,5124.3,1944.0,4.9,yes,capital_position
b_kurkha,c_surag,1812,5094,1971,5108.2,1968.6,14.4,yes,sampled
b_thazrumaros,c_surag,1811,5117,1974,5106.2,1917.4,57.6,no,sampled
b_surbar,c_surbar,1273,6143,3324,6140.6,3324.3,2.5,yes,capital_position
b_halahanyl,c_surbar,1274,6114,3296,6148.1,3276.9,39.1,yes,sampled
b_shandan,c_surbar,1275,6127,3347,6143.5,3371.8,29.8,no,sampled
b_griffons_nest,c_surbrin_hills,1980,2420,658,2422.1,655.9,3.0,yes,capital_position
b_surbroar,c_surbroar,1600,5123,2612,5119.1,2604.8,8.2,yes,capital_position
b_arshe,c_surbroar,1602,5094,2585,5099.1,2642.4,57.6,no,sampled
b_azanana,c_surbroar,1601,5103,2632,5155.4,2597.5,62.8,no,sampled
b_surcross,c_surcross,1882,4818,1727,4827.3,1724.7,9.6,yes,capital_position
b_saradush,c_surkazar,2653,3114,2534,3131.0,2541.0,18.3,yes,capital_position
b_colbertann,c_surkazar,2654,3085,2540,3130.2,2501.9,59.1,no,sampled
b_spires_against_the_stars,c_surkazar,2655,3085,2507,3066.2,2553.3,50.0,no,sampled
b_surkh,c_surkh,530,3481,2419,3478.4,2417.8,2.9,yes,capital_position
b_ulken,c_surkh,531,3419,2403,3406.0,2395.1,15.2,yes,sampled
b_dagleth,c_surmarsh,1781,5029,1672,4984.6,1690.7,48.2,yes,capital_position
b_surraer,c_surraer,92,476,2579,476.1,2589.3,10.3,yes,capital_position
b_surtowers,c_surthay,1777,5058,1672,5056.0,1674.9,3.5,yes,capital_position
b_true_surthay,c_surthay,1779,5119,1674,5095.6,1667.3,24.3,no,sampled
b_westsulkh,c_surthay,1778,5043,1696,5143.3,1669.0,103.9,no,sampled
b_azoun_palace,c_suzail,974,3339,1741,3342.8,1741.0,3.8,yes,capital_position
b_hilp,c_suzail,976,3323,1717,3349.2,1721.5,26.6,no,sampled
b_jesters_green,c_suzail,977,3343,1725,3325.6,1727.8,17.6,no,sampled
b_suzail,c_suzail,975,3343,1731,3369.6,1723.2,27.7,no,sampled
b_suzhai,c_suzhai,2979,7683,1918,7687.7,1919.3,4.8,yes,capital_position
b_svardborg,c_svardborg,2708,1838,392,1839.1,390.8,1.6,yes,capital_position
b_ouranalathas_tower,c_syevyer_forest,2188,5631,1678,5646.9,1664.5,20.9,yes,capital_position
b_argen_tellirynd,c_synnoria,2751,1950,1744,1948.3,1736.7,7.5,yes,capital_position
b_szant,c_szant,77,317,2825,318.4,2822.5,2.9,yes,capital_position
b_achaurax,c_szant,78,307,2804,293.4,2858.8,56.5,no,sampled
b_szith_morcane,c_szith_morcane,3669,3585,1363,3582.8,1358.5,5.1,yes,capital_position
b_szul,c_szul,1737,4974,1930,4976.2,1926.5,4.2,yes,capital_position
b_rautham,c_szul,1738,4998,1938,5018.6,1911.9,33.3,no,sampled
b_taam,c_taam,3480,5455,6126,5461.8,6124.0,7.1,yes,capital_position
b_tadabbur,c_tadabbur,3212,6542,5602,6535.3,5605.8,7.7,yes,capital_position
b_al_hamidiyah,c_tadabbur,3213,6581,5587,6537.5,5568.9,47.1,no,sampled
b_ronralal,c_tadabbur,3214,6575,5604,6585.9,5596.0,13.5,yes,sampled
b_nhobel,c_taertal_gates,2472,3292,4078,3295.2,4091.6,14.0,yes,capital_position
b_grasmere,c_taertal_gates,2473,3313,4053,3306.6,4036.6,17.6,yes,sampled
b_taham,c_taham,3332,5608,5327,5605.9,5316.6,10.6,yes,capital_position
b_al_qufag,c_taham,3333,5643,5321,5700.4,5277.4,72.1,no,sampled
b_taikho,c_taikho_gaze,3156,7417,1721,7418.3,1719.2,2.2,yes,capital_position
b_taishan,c_taishan,3088,7767,3650,7792.7,3651.2,25.7,yes,capital_position
b_nanxing,c_taishan,3089,7755,3681,7704.2,3677.6,50.9,no,sampled
b_tajar,c_tajar,3347,5438,5917,5439.6,5920.3,3.7,yes,capital_position
b_miladis,c_tajar,3348,5461,5915,5446.1,5880.0,38.1,no,sampled
b_takeyef,c_takeyef,3351,5426,5825,5429.6,5827.5,4.3,yes,capital_position
b_takrit,c_takrit,1708,6174,2466,6177.7,2468.0,4.2,yes,capital_position
b_dayr,c_takrit,1710,6139,2471,6218.0,2447.1,82.5,no,sampled
b_simman,c_takrit,1709,6159,2489,6138.8,2466.7,30.1,no,sampled
b_sangal,c_takt_muren,1478,7032,2505,7014.0,2518.0,22.2,yes,capital_position
b_talab,c_talab,3300,6084,5948,6075.4,5959.4,14.3,yes,capital_position
b_jurdabis,c_talab,3301,6094,5938,6127.7,5961.7,41.2,no,sampled
b_zabrila,c_talab,3302,6104,5960,6061.2,5912.7,63.8,no,sampled
b_ataz_muhaha,c_talacoast,602,2197,3345,2193.0,3335.7,10.1,yes,capital_position
b_hastou,c_talacoast,603,2143,3339,2158.9,3353.1,21.3,yes,sampled
b_kunnya,c_talacoast,604,2172,3367,2185.5,3378.1,17.5,yes,sampled
b_talagbar,c_talagbar,789,4290,1125,4282.0,1124.3,8.0,yes,capital_position
b_the_rock,c_talagbar,790,4300,1115,4317.7,1117.8,17.9,no,sampled
b_talara,c_talaran_highlands,110,399,2360,400.1,2358.2,2.2,yes,capital_position
b_hundard,c_talarvale,2280,3692,3468,3682.5,3464.7,10.0,yes,capital_position
b_talathgard,c_talathgard,2441,3589,3728,3588.5,3728.0,0.5,yes,capital_position
b_achathila,c_talathgard,2443,3559,3701,3631.6,3733.4,79.5,no,sampled
b_talath_pass,c_talathgard,2442,3599,3718,3540.9,3713.2,58.3,no,sampled
b_oeble,c_talduth_vale,419,3624,3011,3599.4,3013.1,24.7,yes,capital_position
b_emrys,c_talduth_vale,420,3610,3030,3695.2,2995.9,91.7,no,sampled
b_ogden,c_talffolk,2727,2043,1559,2044.1,1557.5,1.8,yes,capital_position
b_cobh,c_talffolk,2728,2027,1582,2050.8,1575.6,24.7,yes,sampled
b_torriage_wood,c_talffolk,2729,2049,1571,2042.3,1535.8,35.8,no,sampled
b_taliat,c_taliat,3314,5269,5292,5271.0,5293.4,2.4,yes,capital_position
b_omidihreza,c_taliat,3315,5301,5286,5337.6,5279.1,37.2,no,sampled
b_qatimis,c_taliat,3317,5285,5274,5289.8,5261.8,13.2,yes,sampled
b_teuveamanthaar,c_tall_trees,2046,2821,746,2811.2,745.1,9.8,yes,capital_position
b_kerymnaar,c_tall_trees,2048,2788,783,2820.7,718.7,72.1,no,sampled
b_morkermhoarth,c_tall_trees,2047,2842,728,2852.3,761.2,34.7,no,sampled
b_vale_of_memory,c_tall_trees,2049,2803,736,2803.9,775.7,39.7,no,sampled
b_taltempla,c_taltempla,952,413,1387,392.5,1393.3,21.4,yes,capital_position
b_grove_of_the_four_winds,c_taltempla,953,386,1404,454.7,1391.0,70.0,no,sampled
b_the_green_paths,c_taltempla,954,433,1399,437.6,1356.2,43.1,no,sampled
b_talukhi,c_talukhi,2162,5316,1379,5282.9,1409.2,44.8,yes,capital_position
b_tammar,c_tammar,1883,4836,1649,4827.8,1648.2,8.2,yes,capital_position
b_simbath,c_tammar,1884,4806,1621,4890.4,1634.9,85.5,no,sampled
b_tane,c_tane,2155,5504,1625,5491.5,1617.1,14.7,yes,capital_position
b_tangkap,c_tangkap,2314,7468,4590,7463.3,4568.5,22.0,yes,capital_position
b_the_tangled_trees,c_tangled_trees,860,3890,1471,3879.7,1471.0,10.3,yes,capital_position
b_gielaph,c_tangled_trees,861,3860,1444,3923.3,1449.0,63.5,no,sampled
b_five_spears_hold,c_tanistan,2676,3258,2520,3257.2,2529.1,9.1,yes,capital_position
b_praskallest,c_tanistan,2677,3239,2534,3214.8,2512.5,32.3,no,sampled
b_rivenshield,c_tanistan,2678,3286,2532,3303.0,2514.5,24.4,yes,sampled
b_tantay,c_tantay,170,7720,355,7742.6,351.6,22.8,yes,capital_position
b_highbank_forest,c_tantras,1111,4066,1586,4078.5,1589.2,12.9,yes,sampled
b_house_of_glory,c_tantras,1109,4097,1580,4081.4,1564.3,22.1,no,sampled
b_orlimmin,c_tantras,1110,4075,1571,4061.2,1567.7,14.2,no,sampled
b_tantras,c_tantras,1108,4070,1569,4100.5,1575.3,31.1,no,sampled
b_jinchou,c_taotie,3055,8064,1948,8036.7,1931.0,32.2,yes,capital_position
b_guanghai,c_taotie,3056,8035,1948,8128.6,1980.6,99.1,no,sampled
b_tapenga,c_tapenga,3036,7589,3005,7590.1,3006.2,1.7,yes,capital_position
b_guangqiu,c_tapenga,3037,7599,2995,7656.7,2964.5,65.3,no,sampled
b_suchun,c_tapenga,3038,7560,2978,7519.4,3008.7,50.9,no,sampled
b_taran,c_taranmire,114,534,2356,538.4,2353.2,5.2,yes,capital_position
b_tariatooroi,c_tariatooroi,3132,6809,1270,6826.1,1237.0,37.2,yes,capital_position
b_kharaifat,c_tarikat_island,3564,5281,6476,5283.3,6474.4,2.8,yes,capital_position
b_tarmalune,c_tarmalune,1,884,2815,881.5,2812.7,3.4,yes,capital_position
b_arendenmore,c_tarmalune,2,902,2806,895.9,2839.7,34.3,no,sampled
b_tarnhall,c_tarnhall,2212,4472,3202,4472.3,3204.3,2.3,yes,capital_position
b_hithlade,c_tarnhall,2213,4482,3193,4490.6,3222.0,30.2,no,sampled
b_nargabar,c_tarnhall,2214,4492,3214,4457.7,3186.2,44.2,no,sampled
b_tarsith,c_tarsith,21,528,2821,517.3,2813.0,13.4,yes,capital_position
b_kust,c_tarsith,22,571,2833,561.6,2833.9,9.5,yes,sampled
b_taruin,c_taruin,659,2307,3634,2290.0,3639.7,17.9,yes,capital_position
b_ash_kaba,c_taruin,660,2342,3638,2373.2,3633.7,31.5,yes,sampled
b_tangath,c_tashan_gap,1567,2832,3576,2833.0,3575.1,1.3,yes,capital_position
b_tashluta,c_tashluta,1564,2741,3544,2728.9,3542.6,12.2,yes,capital_position
b_kondo,c_tashluta,1565,2760,3556,2769.9,3543.3,16.1,yes,sampled
b_taskaunt,c_taskaunt,2842,4726,2072,4726.0,2064.0,8.0,yes,capital_position
b_lasdur,c_taskaunt,2843,4752,2055,4737.9,2027.6,30.8,yes,sampled
b_tatanulgts,c_tatanulgts,3145,6882,2217,6878.6,2222.2,6.2,yes,capital_position
b_sunrise_peak,c_taurax,832,3954,502,3943.8,516.5,17.7,yes,capital_position
b_tauros,c_tauros,307,3237,1010,3223.9,994.0,20.6,yes,capital_position
b_tayabuk,c_tayabuk,3204,6663,5532,6655.9,5495.6,37.1,yes,capital_position
b_tayaraan,c_tayaraan,3524,6454,5823,6469.1,5838.3,21.5,yes,capital_position
b_momayo,c_tayaraan,3525,6481,5870,6418.2,5834.7,72.0,no,sampled
b_senza,c_tayaraan,3526,6473,5835,6465.8,5781.2,54.3,no,sampled
b_tchinggult,c_tching,677,2528,3644,2523.7,3640.2,5.7,yes,capital_position
b_heyt,c_tching,678,2492,3650,2480.9,3650.8,11.2,yes,sampled
b_moba,c_tching,679,2498,3617,2555.3,3639.8,61.7,no,sampled
b_tegals_mark,c_tegals_mark,877,3786,1561,3782.8,1562.8,3.7,yes,capital_position
b_tasselheart,c_tegals_mark,879,3800,1580,3784.0,1543.0,40.3,no,sampled
b_the_just_hammer,c_tegals_mark,878,3790,1541,3806.4,1574.9,37.7,no,sampled
b_tehing,c_tehing,2327,7869,4770,7881.5,4757.4,17.8,yes,capital_position
b_teladem,c_teladem,3459,4967,5614,4998.8,5597.1,36.0,yes,capital_position
b_telah,c_telah,3354,5225,5548,5242.4,5548.0,17.4,yes,capital_position
b_telflamm,c_telflamm,1860,4609,1682,4613.8,1682.1,4.8,yes,capital_position
b_castle_balindre,c_telflamm,1861,4593,1705,4645.8,1661.1,68.7,no,sampled
b_hall_of_the_avenging_hammer,c_telflamm,1863,4628,1694,4593.2,1708.2,37.6,no,sampled
b_telox,c_telox,23,462,2831,464.8,2828.6,3.7,yes,capital_position
b_telpir,c_telpir,1106,3937,1942,3929.3,1938.2,8.6,yes,capital_position
b_st_caham,c_telpir,1107,3952,1965,3950.8,1983.9,19.0,yes,sampled
b_tembasi,c_tembasi,641,1926,3566,1923.2,3572.8,7.4,yes,capital_position
b_tempat_larang,c_tempat_larang,2309,7493,4793,7444.2,4816.9,54.3,yes,capital_position
b_cirik,c_tensteps,2255,4413,3070,4419.2,3072.7,6.8,yes,capital_position
b_tera_dur,c_tera_dur,113,599,2376,595.7,2380.4,5.5,yes,capital_position
b_terbakar,c_terbakar,1228,5877,2970,5882.9,2963.6,8.7,yes,capital_position
b_teri,c_teri,3101,6806,1879,6796.5,1892.0,16.1,yes,capital_position
b_teshburl,c_teshburl,324,2537,2724,2538.2,2730.9,7.1,yes,capital_position
b_ibinhalt,c_teshburl,327,2522,2747,2504.8,2720.0,32.0,no,sampled
b_st_litwans,c_teshburl,326,2557,2735,2515.9,2688.7,61.9,no,sampled
b_teshwave,c_teshwave,914,3686,1279,3677.9,1281.3,8.4,yes,capital_position
b_teshwave_manor,c_teshwave,915,3665,1272,3694.0,1251.1,35.7,no,sampled
b_teshyll,c_teshyll,329,2674,2726,2670.2,2717.6,9.3,yes,capital_position
b_tethyamar,c_tethyamar,3672,3556,1303,3551.9,1300.4,4.9,yes,capital_position
b_helgrinns_arch,c_tethyamar,3674,3579,1295,3554.2,1322.9,37.3,no,sampled
b_ironthrone,c_tethyamar,3673,3579,1311,3579.2,1295.7,15.3,yes,sampled
b_tezarbal,c_tezarbal,2290,3868,2984,3870.5,2990.0,6.5,yes,capital_position
b_teziir,c_teziir,1096,3401,1858,3396.0,1854.2,6.3,yes,capital_position
b_daragang,c_teziir,1097,3386,1881,3363.7,1874.6,23.2,yes,sampled
b_noum,c_teziir,1098,3393,1848,3423.6,1844.4,30.8,no,sampled
b_tezir_on_the_marsh,c_tezir,1875,5019,1641,4969.1,1652.9,51.3,yes,capital_position
b_thandyl,c_thandyl,1639,5451,2339,5432.6,2322.2,24.9,yes,capital_position
b_alzayat,c_thandyl,1640,5426,2313,5492.1,2361.5,82.0,no,sampled
b_fangjaws_hold,c_thar,761,3960,1195,3963.1,1193.3,3.6,yes,capital_position
b_thargill,c_thargill,2698,2723,2382,2719.7,2384.7,4.3,yes,capital_position
b_tharkar,c_tharkar,1329,6192,3578,6191.0,3581.6,3.8,yes,capital_position
b_dasoda,c_tharkar,1330,6163,3550,6269.1,3603.6,118.8,no,sampled
b_dimu,c_tharkar,1332,6211,3589,6179.9,3546.2,52.9,no,sampled
b_urbeth,c_tharsult,443,3098,3236,3098.1,3231.7,4.3,yes,capital_position
b_aunthurr,c_tharsult,444,3083,3259,3121.9,3213.6,59.8,no,sampled
b_chastel,c_tharsult,446,3083,3224,3092.4,3261.0,38.2,no,sampled
b_funearil,c_tharsult,445,3104,3234,3068.4,3242.3,36.6,no,sampled
b_thasselen,c_thasselen,1796,4926,2114,4914.7,2119.8,12.7,yes,capital_position
b_nishkashes,c_thasselen,1798,4910,2137,4952.5,2125.8,43.9,no,sampled
b_sekbrax,c_thasselen,1797,4945,2126,4930.5,2085.1,43.4,no,sampled
b_shevel,c_thasunta,2145,5180,1506,5181.5,1498.8,7.4,yes,capital_position
b_thasunta,c_thasunta,2146,5164,1510,5193.6,1534.8,38.6,no,sampled
b_thaymount_citadel,c_thaymount,1731,4988,1885,4983.3,1888.5,5.9,yes,capital_position
b_bolchal,c_thaymount,1732,5015,1895,5017.8,1882.5,12.9,yes,sampled
b_csim,c_thaymount,1733,5015,1887,4990.9,1865.8,32.1,no,sampled
b_thazar_keep,c_thazar,1784,5201,2006,5213.2,2004.3,12.3,yes,capital_position
b_hebe,c_thazar,1785,5168,1979,5163.3,1970.9,9.3,yes,sampled
b_thazar_pass,c_thazar_pass,3665,5277,2008,5284.2,2009.6,7.4,yes,capital_position
b_krenlith,c_thazarim,1786,5137,2110,5135.1,2110.7,2.0,yes,capital_position
b_zunthra,c_thazarim,1787,5168,2128,5173.9,2123.1,7.7,yes,sampled
b_thund_greatharbor_anchorage,c_the_alaor,1788,4988,2210,4992.4,2204.9,6.7,yes,capital_position
b_five_lions,c_the_allascar,509,3849,2161,3845.9,2160.4,3.2,yes,capital_position
b_marikor,c_the_allascar,511,3858,2151,3856.9,2186.0,35.0,no,sampled
b_shaus,c_the_allascar,510,3868,2172,3849.7,2129.1,46.6,no,sampled
b_jockteleg,c_the_alley,313,3604,853,3618.3,831.3,26.0,yes,capital_position
b_portage,c_the_anchorage,2715,450,230,453.9,231.1,4.1,yes,capital_position
b_al_tir,c_the_bird,3401,5312,5104,5311.5,5104.5,0.7,yes,capital_position
b_twilight_hold,c_the_bleak_plain,1996,3090,421,3119.3,428.9,30.4,yes,capital_position
b_truespir,c_the_bleak_plain,1997,3122,419,3031.6,397.2,92.9,no,sampled
b_chanth,c_the_burn,274,3366,1434,3367.3,1431.8,2.6,yes,capital_position
b_the_calves,c_the_calves,3471,6843,6222,6868.1,6200.6,33.0,yes,capital_position
b_ravenwing,c_the_camels_hump,3408,5226,4776,5228.2,4773.9,3.1,yes,capital_position
b_muzefroun,c_the_chador,3409,5180,4711,5180.8,4709.6,1.6,yes,capital_position
b_chova_step,c_the_chultengar,625,2189,3554,2190.1,3553.8,1.1,yes,capital_position
b_orglaunt,c_the_crags,1983,2264,588,2268.4,585.7,5.0,yes,capital_position
b_al_raqsa,c_the_dancer,3403,5205,5079,5193.5,5074.9,12.2,yes,capital_position
b_kerkejez,c_the_dancer,3404,5176,5051,5230.8,5085.9,65.0,no,sampled
b_keep_of_dawn,c_the_dawn_warrior,1442,2350,3298,2351.0,3295.4,2.8,yes,capital_position
b_daoine_dun,c_the_dells,202,3227,2151,3230.7,2145.6,6.5,yes,capital_position
b_jarazah,c_the_dune,3407,5338,4692,5337.9,4691.4,0.7,yes,sampled
b_hesparin,c_the_duskwood,428,3800,2931,3800.3,2931.1,0.3,yes,capital_position
b_startop,c_the_evermoors,1987,2565,660,2584.2,677.8,26.2,yes,capital_position
b_al_oyun,c_the_eyes,3392,5490,4826,5496.0,4831.7,8.2,yes,capital_position
b_alarara,c_the_eyes,3393,5520,4824,5499.1,4784.2,44.9,no,sampled
b_djerad_madara,c_the_fang,105,612,2556,622.1,2546.9,13.6,yes,capital_position
b_dauntshield,c_the_faraway,505,3909,2126,3906.9,2137.5,11.7,yes,capital_position
b_ravilars_cloak,c_the_faraway,506,3929,2137,3920.8,2098.5,39.4,no,sampled
b_farmeadows,c_the_farmeadows,972,261,1354,254.1,1366.0,13.9,yes,capital_position
b_ullhonoris,c_the_farmeadows,973,251,1328,279.6,1322.3,29.2,yes,sampled
b_blackstars,c_the_fell_wood,1965,2193,511,2181.2,517.6,13.5,yes,capital_position
b_argent_rock,c_the_flats,268,3159,1434,3161.6,1432.2,3.2,yes,capital_position
b_seaspray,c_the_flint,246,2158,2081,2140.0,2067.7,22.4,yes,capital_position
b_deadsnows,c_the_fork,1902,2956,603,2947.4,609.1,10.6,yes,capital_position
b_al_qalat,c_the_fortress,3405,5178,5227,5196.0,5213.5,22.5,yes,capital_position
b_kuldahar,c_the_great_oak,1947,2166,455,2168.8,453.2,3.3,yes,capital_position
b_treley,c_the_great_spire,3175,6051,560,6050.4,548.3,11.7,yes,capital_position
b_the_icefields,c_the_icefields,1941,2289,349,2286.4,340.8,8.6,yes,capital_position
b_aurilssbarg,c_the_icepeak,2703,1896,511,1898.7,508.7,3.5,yes,capital_position
b_esford,c_the_imnescourse,216,2803,2153,2799.1,2149.5,5.2,yes,capital_position
b_shepardston,c_the_imnescourse,217,2741,2139,2739.2,2131.6,7.6,yes,sampled
b_harnor,c_the_jaws,1071,4058,1893,4058.9,1902.3,9.3,yes,capital_position
b_fenzorwyn,c_the_nath,2474,3855,3769,3849.8,3745.8,23.8,yes,capital_position
b_ranraths_run,c_the_neth_stand,408,3391,2919,3393.3,2917.5,2.8,yes,capital_position
b_starshadow,c_the_old_trees,2038,2557,969,2544.2,964.5,13.6,yes,capital_position
b_old_trees,c_the_old_trees,2039,2555,988,2605.8,941.6,68.8,no,sampled
b_pearlhouse,c_the_pearls,251,2379,2728,2380.6,2726.5,2.2,yes,capital_position
b_tarnring,c_the_perloush,504,3909,2061,3912.4,2059.3,3.8,yes,capital_position
b_red_cove,c_the_red_giant,2407,3995,4391,3996.9,4388.4,3.2,yes,capital_position
b_halfhap,c_the_ride,291,3495,1551,3481.1,1559.3,16.2,yes,capital_position
b_darkenshield,c_the_ride,292,3477,1545,3519.8,1560.8,45.7,no,sampled
b_geneva_lake,c_the_ride,293,3479,1574,3475.7,1519.5,54.6,no,sampled
b_orlsfall,c_the_ridge,211,2873,2016,2855.6,2013.1,17.6,yes,capital_position
b_burrowville,c_the_ridge,212,2916,2016,2927.0,2017.7,11.1,yes,sampled
b_the_rift,c_the_rift,1948,2207,445,2207.2,446.5,1.6,yes,capital_position
b_greenleaf_vale,c_the_rockshaws,2944,2682,1178,2689.0,1167.9,12.3,yes,capital_position
b_the_rookery,c_the_rookery,247,2145,2143,2180.1,2133.0,36.5,yes,capital_position
b_orofin,c_the_saiyaddar,260,3321,1375,3315.7,1376.2,5.4,yes,capital_position
b_samargard,c_the_samarlogh,651,2207,3695,2189.3,3695.6,17.7,yes,capital_position
b_flatdrift,c_the_samarlogh,652,2178,3668,2239.2,3673.1,61.4,no,sampled
b_jullatgrave,c_the_scarland,2231,4800,3251,4803.0,3255.0,5.0,yes,capital_position
b_sendail,c_the_shaarwood,2307,4146,3073,4146.2,3072.2,0.8,yes,capital_position
b_council_glade,c_the_shield,2694,2664,2294,2669.8,2303.0,10.7,yes,capital_position
b_tall_trees,c_the_shield,2695,2684,2292,2654.7,2251.9,49.7,no,sampled
b_mermaid_cove,c_the_singing_rocks,252,2494,2634,2476.7,2623.3,20.3,yes,capital_position
b_eldathyn,c_the_sisters,2032,2678,933,2679.1,933.4,1.1,yes,capital_position
b_darmaerthe,c_the_sisters,2034,2653,881,2704.7,926.4,68.8,no,sampled
b_khlecayre,c_the_sisters,2033,2655,928,2649.3,898.7,29.9,no,sampled
b_talon_tower,c_the_sisters,2035,2686,920,2651.9,922.2,34.1,no,sampled
b_needlespires,c_the_stonelands,286,3378,1533,3399.7,1531.1,21.7,yes,capital_position
b_stormcliffs,c_the_stormtails,2463,3354,4269,3355.7,4254.9,14.2,yes,capital_position
b_onnaghi,c_the_surague,1775,5174,1922,5197.5,1942.5,31.2,yes,capital_position
b_ishtamir,c_the_surague,1776,5201,1918,5196.3,1873.6,44.6,no,sampled
b_the_swordpoint,c_the_swordpoint,309,3305,1102,3308.2,1097.5,5.5,yes,capital_position
b_muirenon,c_the_teardrops,1818,4957,1182,4950.9,1184.4,6.5,yes,capital_position
b_barth,c_the_teeth,2711,1371,2059,1372.3,2055.4,3.8,yes,capital_position
b_delia,c_the_throat,264,3550,1189,3531.4,1187.3,18.7,yes,capital_position
b_the_way_inn,c_the_tradeway,2940,2574,1336,2581.3,1347.1,13.3,yes,capital_position
b_trollclaw_ford,c_the_trollclaws,2520,2645,1494,2643.4,1494.0,1.6,yes,capital_position
b_borammur,c_the_tusks,253,2476,2322,2472.3,2328.3,7.3,yes,capital_position
b_hammer_and_anvil,c_the_vensal,2260,4445,3372,4446.4,3362.2,9.9,yes,capital_position
b_hellash,c_the_vensal,2261,4415,3345,4500.1,3419.3,113.0,no,sampled
b_shizdusharb,c_the_vensal,2262,4419,3386,4420.3,3415.7,29.8,yes,sampled
b_kelpar,c_the_wayrock,1072,4292,1797,4292.5,1798.1,1.2,yes,capital_position
b_urml,c_the_wetwoods,539,3614,2202,3630.5,2209.9,18.3,yes,capital_position
b_finback,c_the_whalebones,2775,1969,1115,1964.3,1106.2,9.9,yes,capital_position
b_waterhouse,c_the_whales_flukes,1430,1500,3636,1505.3,3632.6,6.3,yes,capital_position
b_white_rocks,c_the_white_rocks,1181,5459,3949,5460.8,3947.7,2.2,yes,capital_position
b_ghadal,c_the_wizards_reach,3397,5686,4713,5676.7,4718.5,10.8,yes,capital_position
b_kaha,c_the_wizards_reach,3398,5670,4737,5711.4,4699.6,55.8,no,sampled
b_aratha_hold,c_the_wormbones,1539,3665,3302,3663.3,3301.1,1.9,yes,capital_position
b_wyrmbone,c_the_wyrmbones,2282,3790,3499,3786.0,3499.0,4.0,yes,capital_position
b_themasulter,c_themasulter,405,3432,2960,3435.1,2958.5,3.4,yes,capital_position
b_watchlords_tower,c_thentia,737,3999,1268,3999.2,1272.0,4.0,yes,capital_position
b_house_of_the_moon,c_thentia,739,3984,1254,4020.9,1263.1,38.0,no,sampled
b_thentia,c_thentia,738,4003,1270,3978.3,1259.2,26.9,no,sampled
b_theymarsh,c_theymarsh,411,3362,2964,3363.0,2961.6,2.6,yes,capital_position
b_thilzoun,c_thilzoun,2452,3507,3802,3502.6,3815.7,14.4,yes,capital_position
b_erulala,c_thilzoun,2455,3477,3775,3542.4,3772.1,65.4,no,sampled
b_mairb,c_thilzoun,2454,3491,3826,3457.1,3789.5,49.8,no,sampled
b_ssorsil,c_thilzoun,2453,3516,3793,3546.6,3820.7,41.2,no,sampled
b_thindar,c_thindar,661,2506,3716,2500.5,3734.0,18.9,yes,capital_position
b_buta,c_thindar,663,2477,3689,2484.8,3681.1,11.1,yes,sampled
b_gurdeth,c_thindar,662,2537,3722,2533.2,3698.8,23.5,yes,sampled
b_askam,c_thingulphar,673,2582,3701,2582.3,3689.9,11.1,yes,capital_position
b_chionga,c_thingulphar,674,2569,3685,2592.7,3730.6,51.4,no,sampled
b_tholvarr,c_tholvarr,1998,2700,447,2714.1,440.9,15.4,yes,capital_position
b_thommardale,c_thommar,1205,5963,3120,5991.5,3098.9,35.4,yes,capital_position
b_ahatk,c_thommar,1206,5926,3154,5928.0,3174.6,20.7,yes,sampled
b_thonns_fist,c_thonns_fist,2838,4320,1969,4333.6,1961.0,15.7,yes,capital_position
b_elderbay,c_thordentor,250,2344,2442,2340.3,2429.1,13.5,yes,capital_position
b_thornhold,c_thornhold,2114,2262,971,2263.3,967.3,4.0,yes,capital_position
b_esparaal,c_thornwash_vale,403,3561,2632,3563.0,2629.4,3.2,yes,capital_position
b_temish,c_thornwood,397,3421,2599,3434.2,2600.5,13.3,yes,capital_position
b_three_horns,c_three_horns,1040,4361,1442,4359.1,1427.3,14.8,yes,capital_position
b_borgars_mill,c_three_horns,1041,4382,1445,4391.9,1450.9,11.5,yes,sampled
b_three_rivers,c_three_rivers,876,3733,1561,3735.9,1559.5,3.2,yes,capital_position
b_three_swords,c_three_swords,2263,4331,3400,4331.2,3401.4,1.4,yes,capital_position
b_al_dawhawa,c_thueban,3555,6077,6503,6077.6,6501.7,1.5,yes,capital_position
b_thulbane,c_thulbane,2890,4734,2262,4736.6,2261.2,2.8,yes,capital_position
b_rosymorn_monastery,c_thundars_ride,2516,2682,1571,2700.7,1563.2,20.3,yes,capital_position
b_gaernwood,c_thundars_ride,2517,2702,1582,2641.0,1580.2,61.0,no,sampled
b_thunderlun,c_thunder_gap,997,3559,1635,3565.5,1631.2,7.6,yes,capital_position
b_volkumburgh,c_thunder_gap,998,3573,1596,3561.1,1582.7,17.8,yes,sampled
b_zoachang,c_thunder_hills,3153,7964,1162,7949.3,1157.4,15.3,yes,capital_position
b_thunderholme,c_thunderholme,3671,3608,1639,3609.9,1637.8,2.3,yes,capital_position
b_thunderstone,c_thunderstone,993,3520,1680,3516.5,1682.0,4.1,yes,capital_position
b_besert,c_thunderstone,994,3491,1694,3475.4,1694.8,15.6,yes,sampled
b_ghars,c_thunderstone,995,3493,1674,3563.5,1667.1,70.8,no,sampled
b_thur,c_thur,409,3587,2935,3580.3,2942.3,9.9,yes,capital_position
b_blackalblade,c_thur,410,3557,2907,3631.1,2896.8,74.8,no,sampled
b_tilbrand,c_tilbrand,2844,4632,2055,4623.2,2042.3,15.5,yes,capital_position
b_ritherhithe,c_tilbrand,2845,4662,2053,4673.9,2036.3,20.5,yes,sampled
b_tilvers_gap,c_tilvers_gap,930,3599,1533,3600.9,1531.5,2.4,yes,capital_position
b_tilverton,c_tilverton,289,3544,1502,3529.9,1503.4,14.2,yes,capital_position
b_griffon_hill,c_tilverton,290,3563,1490,3572.5,1490.2,9.5,yes,sampled
b_tinnir,c_tinnir,2142,5137,1574,5129.3,1568.4,9.5,yes,capital_position
b_rence,c_tinnir,2143,5119,1578,5174.0,1580.5,55.1,no,sampled
b_tiry,c_tiry,1309,5815,3523,5786.3,3527.4,29.0,yes,capital_position
b_shivpure,c_tiry,1310,5783,3507,5871.7,3505.2,88.7,no,sampled
b_titan_peaks,c_titan_peaks,839,4009,908,4003.3,903.8,7.1,yes,capital_position
b_toa,c_toa,1545,3155,3920,3161.1,3912.8,9.5,yes,capital_position
b_toaridge_at_the_suns_setting,c_toaridge_at_the_suns_setting,245,2186,1952,2187.5,1949.6,2.9,yes,capital_position
b_tocpe,c_tocpe,2367,7544,4414,7560.0,4414.5,16.0,yes,capital_position
b_tokard,c_tokards_cross,706,4478,1127,4492.9,1108.8,23.5,yes,capital_position
b_tomai,c_tomai,1256,6122,2933,6124.3,2933.2,2.3,yes,capital_position
b_nuz,c_tomb_hills,2784,4804,2630,4796.8,2638.9,11.5,yes,capital_position
b_tell_keggri,c_tomb_hills,2785,4814,2620,4834.2,2630.1,22.6,no,sampled
b_unzez_os,c_tomb_hills,2786,4824,2642,4798.4,2603.4,46.3,no,sampled
b_toming,c_toming,3023,8047,3116,8035.4,3129.5,17.8,yes,capital_position
b_guusai,c_toming,3024,8056,3107,8114.0,3169.3,85.1,no,sampled
b_jiangjin,c_toming,3025,8017,3089,8001.8,3044.8,46.7,no,sampled
b_kakhi,c_tomyris,164,8011,830,8026.9,827.2,16.2,yes,capital_position
b_tongchun,c_tongchun,3020,8080,2387,8095.6,2347.5,42.5,yes,capital_position
b_shizuiliang,c_tongchun,3022,8090,2378,8120.0,2443.0,71.6,no,sampled
b_shizuitong,c_tongchun,3021,8099,2399,8006.3,2425.1,96.3,no,sampled
b_tonge,c_tonge,1724,5602,2204,5603.9,2201.6,3.1,yes,capital_position
b_tonli,c_tonli,3166,6716,1576,6703.8,1597.4,24.7,yes,capital_position
b_toraldur,c_toraldur,2000,2735,312,2733.5,311.6,1.6,yes,capital_position
b_torsch,c_torsch,575,4247,2841,4216.5,2834.1,31.3,yes,capital_position
b_araric,c_torsch,576,4216,2829,4314.7,2848.0,100.5,no,sampled
b_traaskl_thorog,c_traaskl_thorog,3638,4369,2692,4369.3,2689.2,2.8,yes,capital_position
b_trademeet,c_trademeet,232,2682,2202,2683.4,2200.7,1.9,yes,capital_position
b_bormton,c_trademeet,233,2692,2192,2713.6,2211.0,28.8,no,sampled
b_twin_towers,c_trademeet,234,2702,2214,2654.7,2195.6,50.7,no,sampled
b_karsus_keep,c_traders_road,1079,3495,1905,3504.6,1912.0,11.9,yes,capital_position
b_smugglers_bank,c_traders_road,1080,3563,1920,3594.0,1917.8,31.1,yes,sampled
b_trailstone,c_trailstone,240,2944,2247,2942.5,2241.8,5.4,yes,capital_position
b_spulzeer,c_trailstone,241,2963,2258,2888.2,2247.2,75.5,no,sampled
b_spulzeer_vale,c_trailstone,242,2954,2237,2993.4,2248.4,41.0,no,sampled
b_caspias,c_treacherous_isles,2533,2444,1531,2446.2,1529.5,2.6,yes,capital_position
b_treggiland,c_treggi_jungle,1378,6407,4469,6422.4,4445.5,28.1,yes,capital_position
b_gerns_hold,c_treshla,404,3450,2659,3452.3,2657.9,2.5,yes,capital_position
b_triboar,c_triboar,2027,2393,799,2407.6,793.1,15.7,yes,capital_position
b_lost_moon,c_triboar,2029,2406,777,2405.1,833.5,56.5,no,sampled
b_westpharl,c_triboar,2028,2416,799,2403.4,741.3,59.1,no,sampled
b_hardbuckler,c_trielta_hills,2573,2891,1551,2895.9,1544.2,8.4,yes,capital_position
b_watchtower_of_syorathil,c_trollbark_forest,2910,2496,1352,2502.1,1348.8,6.9,yes,capital_position
b_banshee_woods,c_trollbark_forest,2912,2518,1367,2541.7,1375.8,25.3,yes,sampled
b_tsagang,c_tsagang,2348,7550,3474,7544.9,3468.8,7.3,yes,capital_position
b_tsan,c_tsan,1443,1816,3011,1817.3,3015.9,5.0,yes,capital_position
b_darluj,c_tsan,1444,1801,3034,1847.4,3002.2,56.3,no,sampled
b_dtakkar,c_tsan,1445,1836,3003,1785.0,3012.5,51.9,no,sampled
b_tsaparang,c_tsaparang,1460,6964,2845,6942.3,2846.2,21.8,yes,capital_position
b_wanpa,c_tsaparang,1461,6964,2868,7017.7,2832.2,64.6,no,sampled
b_tsetsu,c_tsetu,2347,7744,4076,7746.0,4068.9,7.3,yes,capital_position
b_tshalkha,c_tshalkha,3192,6936,4715,6934.1,4684.9,30.1,yes,capital_position
b_tsurlagol,c_tsurlagol,1125,4163,1680,4157.0,1678.5,6.2,yes,capital_position
b_graypike,c_tsurlagol,1127,4148,1703,4186.7,1681.0,44.5,no,sampled
b_sevencho,c_tsurlagol,1126,4179,1688,4147.3,1712.6,40.1,no,sampled
b_uttersea,c_tuern,2706,1234,447,1236.6,445.5,3.0,yes,capital_position
b_tulbegh,c_tulbeghoth,1173,3901,1719,3912.1,1730.1,15.6,yes,capital_position
b_highpoint,c_tulbeghoth,1174,3872,1692,3887.9,1689.9,16.0,yes,sampled
b_tulmene,c_tulmene,2620,2389,2266,2376.1,2265.9,12.9,yes,capital_position
b_monguldarath,c_tulmene,2621,2399,2239,2432.3,2262.9,41.0,no,sampled
b_sultans_citadel,c_tulmon,387,3264,2878,3264.8,2877.8,0.8,yes,capital_position
b_skullspire,c_tulmon,389,3329,2894,3290.5,2903.1,39.6,no,sampled
b_tulmon,c_tulmon,388,3315,2886,3320.5,2897.8,13.0,yes,sampled
b_tuma,c_tuma,3103,6784,2036,6768.3,2035.1,15.7,yes,capital_position
b_zorastyl_keep,c_tun,2585,3182,1723,3179.7,1728.0,5.5,yes,capital_position
b_malorens_rest,c_tun,2587,3198,1741,3209.7,1731.8,14.9,yes,sampled
b_tun,c_tun,2586,3165,1717,3146.5,1692.3,30.8,no,sampled
b_tungtairira,c_tungtairira,3176,6895,1778,6936.7,1784.8,42.3,yes,capital_position
b_turab,c_turab,3484,5508,5964,5500.0,5960.8,8.6,yes,capital_position
b_al_manurah,c_turab,3487,5482,5974,5467.3,5964.8,17.4,yes,sampled
b_el_boudouaou,c_turab,3485,5502,5985,5432.1,5966.9,72.2,no,sampled
b_turelve,c_turelve,1226,5504,3279,5514.2,3273.6,11.5,yes,capital_position
b_atalans,c_turelve,1227,5488,3302,5454.2,3289.8,35.9,no,sampled
b_citadel_of_the_mists,c_turlangs_wood,2081,2721,744,2718.1,744.8,3.0,yes,capital_position
b_darkmaidens_leap,c_turlangs_wood,2084,2750,752,2753.6,764.3,12.9,yes,sampled
b_orlgotha,c_turlangs_wood,2082,2750,742,2684.2,750.8,66.4,no,sampled
b_shilrua,c_turlangs_wood,2083,2711,769,2756.9,728.0,61.5,no,sampled
b_turmans,c_turmans,2232,4855,3118,4854.3,3121.8,3.9,yes,capital_position
b_aefarn_citadel,c_turnback_mountain,3675,3726,933,3728.0,932.7,2.0,yes,capital_position
b_aefarn,c_turnback_mountain,3676,3745,945,3755.3,933.9,15.1,yes,sampled
b_house_of_gold,c_turnback_mountain,3677,3735,924,3738.5,915.7,9.0,yes,sampled
b_two_stars,c_two_stars,1870,4986,1582,4981.8,1585.4,5.4,yes,capital_position
b_klinthruk,c_two_stars,1872,4947,1616,4937.5,1600.1,18.6,no,sampled
b_mulsantir_ferry,c_two_stars,1871,4949,1580,4942.5,1632.9,53.3,no,sampled
b_tetath,c_tymanchebar,49,1140,2415,1132.1,2420.3,9.5,yes,capital_position
b_mandisk,c_tymanchebar,50,1115,2413,1140.2,2398.5,29.0,no,sampled
b_tyraturos,c_tyraturos,1799,5070,2004,5071.8,2014.0,10.2,yes,capital_position
b_belizir,c_tyraturos,1801,5093,1999,5046.8,2011.4,47.9,no,sampled
b_delabbar,c_tyraturos,1800,5090,2016,5101.2,2007.3,14.2,yes,sampled
b_ubar,c_ubar,3335,6153,5282,6172.7,5289.0,20.9,yes,capital_position
b_akhmedo,c_ubar,3337,6163,5251,6180.3,5234.8,23.7,yes,sampled
b_baqarm,c_ubar,3336,6172,5272,6112.2,5236.9,69.3,no,sampled
b_uchan,c_uchan,2338,7581,4041,7582.1,4035.3,5.8,yes,capital_position
b_ji,c_uchan,2339,7591,4031,7550.0,3975.6,68.9,no,sampled
b_pokarr,c_uchan,2340,7552,4013,7615.2,4089.6,99.3,no,sampled
b_uzbeg,c_ugewood,2168,5565,1760,5567.6,1784.6,24.7,yes,capital_position
b_uhon_tsa,c_uhon_tsa,2368,7714,4398,7736.8,4392.5,23.5,yes,capital_position
b_uitoril,c_uitoril,1257,6086,2782,6080.8,2775.5,8.4,yes,capital_position
b_ulara,c_ulara,1185,5334,3554,5301.8,3558.5,32.5,yes,capital_position
b_thancha,c_ulara,1186,5354,3521,5402.6,3533.0,50.1,no,sampled
b_ulark,c_ulark,118,966,2772,968.7,2770.0,3.3,yes,capital_position
b_uldoon_post,c_uldoon,2563,2870,1897,2862.5,1889.6,10.5,yes,capital_position
b_merrydales,c_uldoon,2564,2823,1918,2805.8,1928.5,20.2,yes,sampled
b_ulguum,c_ulguum,1546,3311,3742,3325.7,3741.8,14.7,yes,capital_position
b_uluran_keep,c_uluran,2640,2721,2407,2708.8,2409.0,12.3,yes,capital_position
b_tresper_hall,c_uluran,2641,2752,2423,2754.4,2416.1,7.3,yes,sampled
b_uluvin,c_uluvin,2957,2559,1045,2545.2,1039.8,14.8,yes,capital_position
b_starshadow_vale,c_uluvin,2958,2590,1039,2593.2,1046.9,8.5,yes,sampled
b_ulvarr,c_ulvarr,42,820,2450,820.6,2448.9,1.3,yes,capital_position
b_ulzel,c_ulzel,1603,5103,2679,5100.6,2688.2,9.5,yes,capital_position
b_sisan,c_ulzel,1604,5133,2675,5143.5,2690.8,18.9,yes,sampled
b_umara,c_umara,3383,5514,5082,5524.4,5087.4,11.7,yes,capital_position
b_khenlal,c_umara,3384,5592,5108,5557.3,5132.4,42.4,no,sampled
b_rinina,c_umara,3385,5557,5120,5595.3,5095.3,45.5,no,sampled
b_umarah,c_umarah,1655,5768,2251,5755.0,2256.9,14.3,yes,capital_position
b_talathat,c_umarah,1656,5752,2274,5802.4,2233.6,64.6,no,sampled
b_umbarra,c_umbarra,447,3155,3224,3157.1,3225.0,2.3,yes,capital_position
b_autumant,c_umber_marsh,2848,4775,1985,4783.6,1977.2,11.6,yes,capital_position
b_byog,c_umberwood,3173,6233,1342,6237.2,1321.5,20.9,yes,capital_position
b_halorar,c_umbral_murk,86,333,2544,334.9,2541.2,3.5,yes,capital_position
b_umbthal,c_umbthal,1739,4920,1893,4928.4,1877.1,18.0,yes,capital_position
b_eltab,c_umbthal,1740,4937,1907,4939.1,1915.6,8.8,yes,sampled
b_umratharos,c_umratharos,1741,5094,1737,5083.2,1734.5,11.1,yes,capital_position
b_gulduk,c_umratharos,1743,5142,1737,5130.7,1713.4,26.2,no,sampled
b_umatula,c_umratharos,1742,5127,1733,5172.2,1738.3,45.5,no,sampled
b_umukek,c_umukek,2707,1687,355,1688.9,352.3,3.4,yes,capital_position
b_the_gates,c_underhome,2190,4492,3310,4489.3,3311.1,2.9,yes,capital_position
b_scaaminter,c_underhome,2192,4474,3292,4479.2,3262.3,30.1,no,sampled
b_tumar,c_underhome,2193,4470,3314,4478.3,3290.7,24.7,no,sampled
b_underhome,c_underhome,2191,4498,3302,4518.4,3342.2,45.1,no,sampled
b_undraeth,c_undraeth,3633,4079,2182,4066.6,2193.0,16.6,yes,capital_position
b_ungaran,c_ungaran,2328,7871,4651,7874.5,4627.8,23.5,yes,capital_position
b_caerilcarn,c_unicorn_run,2043,2670,967,2667.9,972.1,5.6,yes,capital_position
b_ellatharion,c_unicorn_run,2044,2639,969,2628.2,975.5,12.6,yes,sampled
b_unthalass,c_unthalass,2776,4853,2583,4855.8,2590.7,8.2,yes,capital_position
b_barina,c_unthalass,2779,4896,2577,4855.2,2561.3,43.7,no,sampled
b_narr,c_unthalass,2778,4849,2569,4831.7,2592.2,28.9,no,sampled
b_rijath,c_unthalass,2777,4867,2579,4884.5,2567.8,20.7,no,sampled
b_untrivven,c_untrivven,301,3571,570,3556.5,571.5,14.6,yes,capital_position
b_achal,c_untrivven,302,3595,550,3610.3,559.8,18.2,yes,sampled
b_uphold,c_uplands,1044,4349,1492,4355.1,1494.4,6.6,yes,capital_position
b_ithfel,c_uplands,1045,4337,1514,4322.6,1518.3,15.1,yes,sampled
b_melganavin,c_upper_ama,159,7226,269,7228.4,267.3,3.0,yes,capital_position
b_fasa,c_upper_goldenflow,1722,6049,2638,6052.5,2622.3,16.1,yes,capital_position
b_aranare,c_upper_goldenflow,1723,6081,2626,6048.9,2683.9,66.2,no,sampled
b_upper_khedrun,c_upper_khedrun,1973,2461,488,2464.2,482.8,6.1,yes,capital_position
b_illix,c_upper_murghol,1674,5383,2002,5361.2,2026.6,32.9,yes,capital_position
b_norgrim,c_upper_nix,1386,6804,4379,6832.9,4368.5,30.8,yes,capital_position
b_lan,c_upper_pass,2355,7538,3810,7561.1,3822.6,26.3,yes,capital_position
b_wyrms_hamlet,c_upper_reddan,1100,3409,1909,3408.4,1922.2,13.2,yes,capital_position
b_amithiph,c_upper_sempadan,3191,7097,4723,7083.2,4733.6,17.4,yes,capital_position
b_urling,c_urlingwood,2152,5139,1459,5142.3,1448.7,10.8,yes,capital_position
b_taporan,c_urlingwood,2153,5129,1475,5128.1,1484.4,9.4,yes,sampled
b_urmlaspyr,c_urmlaspyr,1161,3614,1791,3619.3,1786.7,6.8,yes,capital_position
b_sentry_hill,c_urmlaspyr,1163,3642,1803,3593.0,1773.4,57.3,no,sampled
b_waham,c_urmlaspyr,1162,3622,1791,3655.6,1804.0,36.0,no,sampled
b_uruk,c_uruk,3566,6542,6382,6537.6,6376.2,7.3,yes,capital_position
b_jemdet,c_uruk,3567,6526,6407,6465.9,6453.4,75.9,no,sampled
b_warka,c_uruk,3568,6544,6361,6506.2,6423.1,72.7,no,sampled
b_urula,c_urula,2281,3718,3376,3717.8,3366.5,9.5,yes,capital_position
b_urve,c_urve,1053,4472,1934,4469.9,1935.9,2.8,yes,capital_position
b_urst,c_urve,1054,4492,1946,4489.0,1915.3,30.8,no,sampled
b_baenth,c_ust_natha,2696,2674,2364,2682.5,2379.2,17.4,no,sampled
b_ichein,c_ust_natha,2697,2694,2376,2661.8,2368.5,33.1,no,sampled
b_ustann,c_ustann_and_tuulish,1659,5615,2411,5613.7,2407.6,3.6,yes,capital_position
b_aransum,c_ustann_and_tuulish,1661,5586,2384,5651.7,2404.3,68.8,no,sampled
b_tuulish,c_ustann_and_tuulish,1660,5600,2434,5581.9,2398.0,40.3,no,sampled
b_varstoth,c_ustann_and_tuulish,1662,5635,2423,5641.2,2433.6,12.3,yes,sampled
b_usurr,c_usurr,1523,3296,3492,3297.7,3490.7,2.1,yes,capital_position
b_arcorht_hill,c_usurr,1525,3266,3464,3311.8,3531.6,81.7,no,sampled
b_mayanjo,c_usurr,1524,3280,3515,3285.3,3446.0,69.3,no,sampled
b_utaqa,c_utaqa,3375,6012,4756,6007.8,4755.1,4.3,yes,capital_position
b_khaniw,c_utaqa,3377,6010,4789,5987.9,4802.4,25.9,no,sampled
b_muqdawja,c_utaqa,3376,6036,4764,6059.8,4740.6,33.4,no,sampled
b_uthangol,c_uthangol,2826,4625,2806,4635.2,2809.0,10.6,yes,capital_position
b_ari_ethos,c_uthangol,2827,4642,2778,4574.5,2797.1,70.2,no,sampled
b_uthmere,c_uthmere,1840,4576,1510,4577.1,1510.4,1.2,yes,capital_position
b_hall_of_the_just,c_uthmere,1842,4546,1483,4566.9,1476.5,21.9,yes,sampled
b_lords_palace,c_uthmere,1843,4560,1533,4606.6,1520.5,48.3,no,sampled
b_maubergs_oak,c_uthmere,1841,4595,1522,4548.2,1528.3,47.2,no,sampled
b_utuerth,c_utuerth,3651,5264,2731,5255.8,2728.6,8.5,yes,capital_position
b_white_sand,c_utuerth,3652,5273,2722,5292.9,2730.3,21.5,no,sampled
b_utui,c_utui,801,4703,804,4695.6,803.4,7.4,yes,capital_position
b_uysos,c_uysos,1258,6249,2884,6244.9,2883.5,4.1,yes,capital_position
b_vaelan,c_vaelan,1218,5484,3355,5477.4,3362.7,10.1,yes,capital_position
b_assur,c_vaelan,1219,5455,3327,5516.8,3360.9,70.5,no,sampled
b_atarem,c_vaelan,1220,5469,3378,5471.4,3330.9,47.1,no,sampled
b_caer_dusk,c_valashar,2632,3112,2333,3101.2,2331.4,10.9,yes,capital_position
b_nomerritin,c_valashar,2633,3098,2317,3160.5,2299.3,65.0,no,sampled
b_clouds_on_high,c_vale_of_clouds,1470,6833,3136,6827.3,3137.7,5.9,yes,capital_position
b_vale_of_lost_voices,c_vale_of_lost_voices,864,3798,1453,3810.7,1451.9,12.8,yes,capital_position
b_lin,c_vale_of_the_reaver,398,3503,2554,3492.0,2548.9,12.1,yes,capital_position
b_stanish,c_vale_of_the_reaver,399,3534,2538,3552.9,2538.9,18.9,yes,sampled
b_klossolo,c_valley_of_dread,627,2309,3562,2311.4,3564.0,3.1,yes,capital_position
b_aataz_kahakla,c_valley_of_embers,633,2105,3519,2098.4,3514.9,7.8,yes,capital_position
b_klaidson,c_valley_of_klaidson,1972,2518,500,2533.4,500.1,15.4,yes,capital_position
b_ataaz_yklwazi,c_valley_of_lost_honor,638,1887,3511,1891.9,3505.5,7.3,yes,capital_position
b_valshada,c_valshada,369,2952,2698,2944.3,2692.8,9.3,yes,capital_position
b_st_doblas,c_valshada,371,2979,2706,2973.7,2713.0,8.8,yes,sampled
b_traispek,c_valshada,370,2928,2698,2977.8,2685.0,51.4,no,sampled
b_vanorva,c_vanorva,1641,5465,2290,5475.7,2302.7,16.6,yes,capital_position
b_ebbaresh,c_vanorva,1642,5479,2313,5448.1,2256.6,64.3,no,sampled
b_karns,c_vargath,2416,4331,3529,4332.2,3535.3,6.5,yes,capital_position
b_brackhill,c_varshum,1326,5281,3124,5291.2,3124.1,10.2,yes,capital_position
b_tor_arcana,c_varyth,2599,3008,2432,3025.6,2417.0,23.1,yes,capital_position
b_sulduskooner,c_varyth,2600,2987,2438,2975.8,2429.9,13.8,yes,sampled
b_lost_refuge,c_vast_swamp,996,3528,1713,3538.5,1707.1,12.0,yes,capital_position
b_vaults_of_record,c_vaults_of_record,2227,5154,2966,5156.0,2963.8,3.0,yes,capital_position
b_aris_castle,c_veilstone,2588,3180,1621,3153.4,1624.3,26.7,yes,capital_position
b_vekkak,c_vekkak,795,4326,836,4327.4,834.0,2.5,yes,capital_position
b_velandilmur,c_velandilmur,93,390,2833,392.4,2835.2,3.2,yes,capital_position
b_djerad_thar_ghul,c_velandilmur,94,397,2810,381.0,2799.9,18.9,yes,sampled
b_velarswood,c_velarswood,884,3946,1487,3942.9,1487.3,3.1,yes,capital_position
b_harvest_moon,c_velarswood,885,3980,1465,3966.7,1459.1,14.5,yes,sampled
b_velprintalar,c_velprintalar,1046,4527,1920,4530.7,1920.2,3.7,yes,capital_position
b_corth,c_velprintalar,1048,4546,1932,4540.2,1906.3,26.3,no,sampled
b_velsit,c_velsit,560,4290,2763,4280.3,2766.6,10.4,yes,capital_position
b_venasci,c_venasca,1368,6778,4187,6803.9,4189.6,26.0,yes,capital_position
b_venne,c_venne,393,3886,2765,3870.8,2760.4,15.9,yes,capital_position
b_hyge_castle,c_venne,394,3857,2737,3929.5,2767.8,78.7,no,sampled
b_vercy_hold,c_vercy_wood,759,3942,1082,3948.2,1071.6,12.1,yes,capital_position
b_verdigris,c_verdigris,753,3843,1180,3830.1,1177.0,13.3,yes,capital_position
b_castle_of_the_twins,c_verdigris,754,3845,1154,3844.2,1146.2,7.9,yes,sampled
b_veshit,c_veshit,1572,2571,3585,2558.6,3589.6,13.2,yes,capital_position
b_ghawa,c_veshit,1573,2555,3609,2598.0,3576.4,54.0,no,sampled
b_vintal,c_vintal,1614,5148,2174,5147.4,2179.2,5.2,yes,capital_position
b_kethar,c_vintal,1615,5191,2174,5186.7,2188.5,15.2,yes,sampled
b_vineshade,c_vintor,2642,2619,2489,2622.8,2484.0,6.2,yes,capital_position
b_barrowsmorn,c_vintor,2643,2604,2513,2616.7,2543.6,33.2,no,sampled
b_st_rhyndas,c_vintor,2644,2625,2511,2613.6,2516.4,12.6,yes,sampled
b_volothamp,c_volothamp,352,2973,2817,2975.2,2824.2,7.5,yes,capital_position
b_awagadust,c_volothamp,354,2958,2841,2964.9,2785.9,55.5,no,sampled
b_dainar,c_volothamp,353,2993,2829,3003.1,2820.5,13.2,yes,sampled
b_voonlar,c_voonlar,916,3726,1293,3727.9,1292.0,2.2,yes,capital_position
b_vordrorn,c_vordrorn_forest,1903,3030,570,3029.9,561.3,8.7,yes,capital_position
b_vral,c_vral,3112,6307,1999,6298.7,1985.3,16.1,yes,capital_position
b_vrandaks_grave,c_vrandaks_grave,314,3636,970,3634.9,1013.3,43.3,yes,capital_position
b_vuerthyl,c_vuerthyl,263,3145,1180,3149.7,1176.1,6.1,yes,capital_position
b_wisteria_vale,c_vyridian_forest,2540,2756,1686,2757.8,1677.6,8.6,yes,capital_position
b_wanrifa,c_wahasha,3449,3999,5921,4001.3,5918.6,3.3,yes,capital_position
b_wakrawa,c_wakrawa,3361,5166,5862,5177.9,5844.0,21.6,yes,capital_position
b_wang,c_wang,3083,7951,3195,7934.8,3170.6,29.3,yes,capital_position
b_qinshu,c_wang,3084,7975,3208,8010.6,3247.3,53.0,no,sampled
b_wards_port,c_wards_islands,2408,4134,4365,4145.2,4363.7,11.2,yes,capital_position
b_wemskall,c_warfields,2230,4969,3243,4986.4,3231.3,20.9,yes,capital_position
b_warmshores,c_warmshores,981,3300,1746,3298.4,1748.7,3.1,yes,capital_position
b_zundle,c_warmshores,982,3296,1754,3308.1,1719.4,36.6,no,sampled
b_wasat,c_wasat,3240,5725,5641,5726.0,5638.1,3.1,yes,capital_position
b_huwaga,c_wasat,3242,5746,5644,5739.7,5614.0,30.6,no,sampled
b_qalat,c_wasat,3243,5735,5639,5740.4,5664.5,26.0,no,sampled
b_wusan,c_wasat,3241,5726,5631,5770.4,5631.3,44.4,no,sampled
b_drakelight,c_watchers_cape,2896,4640,2237,4650.8,2233.8,11.2,yes,capital_position
b_thayguard,c_watchwall,1059,4742,1961,4744.9,1955.6,6.1,yes,capital_position
b_glarondar,c_watchwall,1060,4712,1952,4714.1,1954.0,2.9,yes,sampled
b_castle_waterdeep,c_waterdeep,2086,2344,1098,2344.8,1099.9,2.1,yes,capital_position
b_castle_ward,c_waterdeep,2087,2330,1076,2332.0,1060.3,15.9,no,sampled
b_north_ward,c_waterdeep,2089,2338,1086,2351.9,1077.7,16.2,no,sampled
b_sea_ward,c_waterdeep,2088,2342,1109,2328.6,1083.4,28.9,no,sampled
b_tower_of_storms,c_wave_rocks,2709,1419,1377,1410.4,1376.0,8.6,yes,capital_position
b_queen_of_the_water,c_wavecrest,463,4251,2112,4251.6,2106.5,5.5,yes,capital_position
b_veska,c_weathercote_wood,2064,3004,1068,3007.4,1061.3,7.6,yes,capital_position
b_juloth,c_weathercote_wood,2066,2975,1041,2979.1,1045.9,6.4,yes,sampled
b_tamm,c_weathercote_wood,2065,3002,1047,3029.6,1095.0,55.4,no,sampled
b_weifei,c_weifei,3075,7925,3615,7929.4,3601.9,13.8,yes,capital_position
b_hengliang,c_weifei,3077,7984,3609,7863.6,3586.4,122.5,no,sampled
b_zhaojing,c_weifei,3076,7964,3623,8023.4,3618.5,59.5,no,sampled
b_well_of_dragons,c_well_of_dragons,2934,3108,1528,3116.6,1524.4,9.3,yes,capital_position
b_lady_dove,c_well_of_dragons,2935,3079,1500,3127.6,1562.6,79.3,no,sampled
b_skull_gorge,c_well_of_dragons,2936,3092,1551,3059.1,1527.1,40.7,no,sampled
b_beijiangm,c_wellspring_hills,3008,7865,2774,7864.5,2787.0,13.0,yes,capital_position
b_wertikak,c_wertikak,803,4183,582,4186.3,582.0,3.3,yes,capital_position
b_lethywald,c_west_lethyr,1850,4644,1569,4640.3,1573.5,5.8,yes,capital_position
b_adzha,c_west_nanayok,165,8035,947,8061.7,935.9,28.9,yes,capital_position
b_tongwei,c_west_rendai,2990,7609,2088,7612.4,2086.4,3.8,yes,capital_position
b_qingliang,c_west_road,3050,7679,1686,7709.1,1687.7,30.2,yes,capital_position
b_guangtou,c_west_road,3051,7718,1674,7605.0,1667.7,113.2,no,sampled
b_hillfort_torbold,c_west_tejarn,220,2944,2200,2974.6,2193.0,31.4,yes,capital_position
b_archring,c_west_tejarn,221,2954,2190,2876.4,2208.7,79.8,no,sampled
b_st_xanvalor,c_west_toadsquat,2496,4861,3626,4871.8,3620.9,12.0,yes,capital_position
b_westbay,c_westbay,2400,4451,4088,4445.3,4090.8,6.4,yes,capital_position
b_unan,c_westbay,2401,4431,4092,4452.4,4036.4,59.5,no,sampled
b_mistfells,c_westfells,2945,2631,1215,2633.8,1213.2,3.3,yes,capital_position
b_crownhall,c_westgate,1074,3548,1838,3547.3,1839.2,1.4,yes,capital_position
b_spirestone,c_westgate,1077,3511,1813,3525.5,1852.7,42.2,no,sampled
b_tidetown,c_westgate,1076,3509,1838,3524.1,1823.4,21.0,no,sampled
b_westarend,c_westgate,1078,3528,1850,3504.6,1842.2,24.7,no,sampled
b_gurnth,c_westgulth,1094,3612,2004,3625.9,2008.3,14.6,yes,capital_position
b_estafern,c_westmark,548,3341,2219,3341.8,2217.2,1.9,yes,capital_position
b_caer_westphal,c_westphal,2743,2047,1756,2052.3,1761.3,7.5,yes,capital_position
b_kheldell,c_westwood,2098,2328,992,2328.7,970.3,21.7,yes,capital_position
b_shark_point,c_whalers_end,2720,788,373,793.3,371.6,5.4,yes,capital_position
b_jurash,c_white_coast,1657,5623,2325,5613.2,2323.4,10.0,yes,capital_position
b_isa,c_white_coast,1658,5643,2337,5650.8,2320.4,18.3,yes,sampled
b_white_ford,c_white_ford,920,3688,1645,3689.6,1643.2,2.4,yes,capital_position
b_zhouang,c_white_hills,3078,8023,3537,8032.9,3534.0,10.4,yes,capital_position
b_guaoun,c_white_hills,3079,8015,3564,8091.4,3581.1,78.3,no,sampled
b_shutong,c_white_hills,3080,7994,3509,7973.1,3550.4,46.4,no,sampled
b_whitehorn,c_whitehorn,752,3761,1072,3770.5,1114.5,43.6,yes,capital_position
b_rokstang,c_wide_cascades,2354,7599,3705,7602.0,3703.0,3.6,yes,capital_position
b_qord,c_widestep,545,3278,1954,3291.0,1963.1,15.8,yes,capital_position
b_white_tree,c_wild_hills,1984,2305,631,2307.7,628.6,3.6,yes,capital_position
b_loeng,c_wild_yak_meadows,1474,6583,2880,6579.9,2855.9,24.3,yes,capital_position
b_caronal,c_wildergroves,853,3716,1410,3716.7,1408.8,1.4,yes,capital_position
b_stareyes,c_wildergroves,855,3671,1389,3744.5,1396.3,73.9,no,sampled
b_trenahess,c_wildergroves,854,3743,1389,3689.1,1399.3,54.9,no,sampled
b_port_beluarian,c_wildstorm_vale,609,2143,3181,2146.2,3174.7,7.1,yes,capital_position
b_markais,c_winding_river,2865,4523,2614,4514.0,2629.1,17.6,yes,capital_position
b_hillfort_ishla,c_windspear_hills,218,2834,2178,2825.3,2179.4,8.8,yes,capital_position
b_zinner,c_windspear_hills,219,2850,2167,2863.1,2172.9,14.4,yes,sampled
b_marghu,c_windswept_plain,116,632,2343,633.2,2339.9,3.4,yes,capital_position
b_wintercloak_keep,c_wintercloak,583,3761,2526,3763.0,2511.9,14.2,yes,capital_position
b_citadel_umbra,c_winterglen,2757,1955,1639,1946.6,1634.5,9.5,yes,capital_position
b_taeya,c_winterglen,2758,1926,1612,1984.8,1640.0,65.1,no,sampled
b_winterkeep,c_winterkeep,3099,6032,1467,6018.7,1487.3,24.3,yes,capital_position
b_tharitesh,c_winters_edge,1999,2803,386,2813.2,378.6,12.6,yes,capital_position
b_wintersburn,c_wintersburn,831,3806,392,3773.4,391.8,32.6,yes,capital_position
b_helmsa,c_wolfwoods,2421,4470,3509,4477.5,3483.9,26.2,yes,capital_position
b_womford,c_womford,2009,2434,994,2432.4,1001.3,7.5,yes,capital_position
b_ganstars_creek,c_womford,2010,2457,978,2483.7,975.5,26.8,yes,sampled
b_flamhold,c_wood_of_flam,1851,4695,1604,4699.1,1623.4,19.8,yes,capital_position
b_stepping_stones,c_wood_of_sharp_teeth,2547,2739,1782,2749.9,1775.5,12.7,yes,capital_position
b_qamaphut,c_wrecking_coast,123,1124,2784,1125.3,2781.6,2.7,yes,capital_position
b_wrights_ferry,c_wrights_ferry,907,3866,1561,3866.4,1554.8,6.2,yes,capital_position
b_wyngate,c_wyngate,2749,1847,1809,1843.6,1818.7,10.3,yes,capital_position
b_graystone,c_wyngate,2750,1832,1832,1867.4,1787.2,57.0,no,sampled
b_wyrmdoom_crag,c_wyrmdoom_crag,1950,2242,449,2250.0,436.8,14.6,yes,capital_position
b_wyrms_tooth,c_wyrms_tooth,1952,2125,476,2124.0,479.3,3.4,yes,capital_position
b_dorns_deep,c_wyrms_tooth,1953,2135,466,2137.9,463.0,4.1,yes,sampled
b_wheloon,c_wyvernwater,978,3413,1705,3415.2,1715.5,10.8,yes,capital_position
b_immersea,c_wyvernwater,980,3382,1684,3387.1,1704.2,20.8,no,sampled
b_redstone,c_wyvernwater,979,3391,1701,3392.9,1680.5,20.6,no,sampled
b_xair,c_xair,3161,7630,1373,7633.5,1372.2,3.5,yes,capital_position
b_xiltor,c_xiltor,1319,5400,3331,5407.3,3343.5,14.5,yes,capital_position
b_xirev,c_xirev,142,585,2223,587.4,2220.6,3.4,yes,capital_position
b_xoraar,c_xoraar,106,622,2628,610.1,2620.5,14.1,yes,capital_position
b_handia,c_xoraar,107,663,2638,660.0,2639.9,3.5,yes,sampled
b_xorhun,c_xorhun,507,3896,2217,3912.3,2209.8,17.8,yes,capital_position
b_ulvers_lance,c_xorhun,508,3915,2229,3859.4,2232.7,55.7,no,sampled
b_xuheing,c_xuheing,3009,7705,2653,7707.1,2660.7,7.9,yes,capital_position
b_xul_jarak,c_xul_jarak,762,4013,1215,4020.5,1205.1,12.5,yes,capital_position
b_gray_citadel,c_xul_jarak,763,4023,1205,4000.0,1233.7,36.8,no,sampled
b_alhala,c_yaks_horn,1403,6428,4973,6451.9,5000.6,36.5,yes,capital_position
b_dammi,c_yaks_horn,1404,6464,4969,6440.0,4886.1,86.3,no,sampled
b_yallasch,c_yallasch,413,3389,3005,3394.7,2996.6,10.2,yes,capital_position
b_myrinjar,c_yallasch,414,3374,3028,3384.0,3027.7,10.0,yes,sampled
b_yao_sai,c_yao_sai,3081,8011,3392,8005.7,3420.8,29.3,yes,capital_position
b_baohou,c_yao_sai,3082,7984,3415,8012.5,3328.7,90.9,no,sampled
b_yarlhang_la,c_yarlhang_la,1479,6616,2708,6608.4,2697.6,12.9,yes,capital_position
b_yarrat,c_yarrat,3360,5137,5759,5151.4,5732.9,29.8,yes,capital_position
b_waterbarons_hall,c_yartar,2019,2467,787,2464.1,778.9,8.6,yes,capital_position
b_shield_tower,c_yartar,2022,2461,830,2503.0,775.6,68.7,no,sampled
b_two_hap_fort_hall,c_yartar,2021,2490,803,2495.8,814.7,13.1,yes,sampled
b_yartar,c_yartar,2020,2487,797,2461.4,844.6,54.0,no,sampled
b_yarthrain,c_yarthrain,2925,2971,1420,2959.6,1451.5,33.5,yes,capital_position
b_zoulalah,c_yaulazna,2462,3905,4219,3889.2,4203.3,22.3,yes,capital_position
b_citadel_yaunoroth,c_yaunoroth,3613,2873,1129,2862.6,1128.4,10.4,yes,capital_position
b_yaunoroth,c_yaunoroth,3614,2883,1119,2893.7,1122.8,11.4,yes,sampled
b_yegororyanen,c_yegororyanen,3106,6679,2188,6686.4,2188.6,7.5,yes,capital_position
b_jingong,c_yellow_serpent,3044,7140,2487,7129.4,2460.8,28.3,yes,capital_position
b_yenching,c_yenching,2964,7429,2556,7431.5,2551.4,5.2,yes,capital_position
b_mianqihar,c_yenching,2966,7400,2528,7482.2,2539.4,83.0,no,sampled
b_pude,c_yenching,2967,7413,2579,7385.1,2568.2,30.0,no,sampled
b_shaozuishan,c_yenching,2965,7398,2544,7342.1,2559.0,57.9,no,sampled
b_yeshpek,c_yeshpek,385,3221,2856,3225.8,2861.8,7.5,yes,capital_position
b_bezrim_bay,c_yeshpek,386,3192,2829,3185.1,2826.5,7.4,yes,sampled
b_roadkeep,c_yhaunn,1166,3898,1631,3892.4,1622.0,10.6,yes,capital_position
b_moonshadow_hall,c_yhaunn,1168,3882,1655,3866.9,1654.9,15.1,yes,sampled
b_stiltways,c_yhaunn,1169,3878,1619,3927.0,1608.5,50.1,no,sampled
b_yhaunn,c_yhaunn,1167,3896,1633,3958.5,1631.3,62.6,no,sampled
b_yhep,c_yhep,380,3759,2771,3787.3,2768.8,28.4,yes,capital_position
b_forvane,c_yhep,381,3729,2743,3704.6,2769.2,35.9,yes,sampled
b_yidyn,c_yidyn,154,7300,857,7291.3,852.2,10.0,yes,capital_position
b_yinazzil,c_yinazzil,3513,6344,6110,6340.9,6110.1,3.1,yes,capital_position
b_ar_rahiriyah,c_yinazzil,3515,6311,6110,6310.8,6111.8,1.8,yes,sampled
b_hasdames,c_yinazzil,3514,6331,6122,6330.2,6147.4,25.4,no,sampled
b_ylraphon,c_ylraphon,1134,4073,1436,4074.9,1420.4,15.7,yes,capital_position
b_tavilar,c_ylraphon,1135,4058,1459,4067.3,1464.0,10.6,yes,sampled
b_yohun,c_yohun_fields,3157,7404,1617,7404.5,1615.0,2.0,yes,capital_position
b_yorash,c_yorash,2252,4578,3159,4558.2,3145.0,24.2,yes,capital_position
b_yorduul,c_yorduul,1548,3219,3974,3220.1,3974.1,1.1,yes,capital_position
b_ysawis,c_ysawis,3548,6204,6259,6206.0,6258.5,2.1,yes,capital_position
b_areef,c_ysawis,3549,6215,6275,6207.6,6297.9,24.1,no,sampled
b_qurirah,c_ysawis,3550,6196,6263,6180.1,6229.0,37.5,no,sampled
b_yudol,c_yudol,1475,6985,2966,6958.0,2978.6,29.8,yes,capital_position
b_yuirin,c_yuirwood,1065,4587,1973,4571.9,1960.6,19.5,yes,capital_position
b_caer_malla,c_yuirwood,1066,4597,1963,4577.3,1999.7,41.6,no,sampled
b_enens,c_yuirwood,1067,4607,1985,4621.8,1966.9,23.3,no,sampled
b_yulash,c_yulash,721,3825,1309,3829.1,1315.3,7.5,yes,capital_position
b_abarats_folly,c_yulash,723,3796,1281,3819.9,1285.1,24.3,yes,sampled
b_maidens_loss,c_yulash,722,3808,1293,3786.9,1300.6,22.4,no,sampled
b_yumbu_citadel,c_yumbu_shan,1502,6784,2458,6780.7,2459.3,3.6,yes,capital_position
b_sasho,c_yumbu_shan,1503,6798,2458,6803.1,2446.4,12.6,no,sampled
b_zabad,c_zabad,1689,6084,2434,6084.6,2448.5,14.5,yes,capital_position
b_anbar,c_zabad,1690,6079,2460,6125.8,2428.6,56.3,no,sampled
b_kelareth,c_zabad,1692,6055,2407,6084.8,2398.3,31.0,yes,sampled
b_taquasma,c_zabad,1691,6104,2446,6047.3,2440.9,56.9,no,sampled
b_zabbasz,c_zabbasz,1182,5426,3648,5435.9,3643.9,10.7,yes,capital_position
b_hurambash,c_zabbasz,1184,5475,3626,5394.4,3673.8,93.7,no,sampled
b_perambapur,c_zabbasz,1183,5410,3671,5493.7,3595.3,112.9,no,sampled
b_zada,c_zada,1675,5498,2010,5498.3,2009.8,0.3,yes,capital_position
b_zamazda,c_zamazda,1568,2836,3523,2819.3,3521.8,16.7,yes,capital_position
b_garmsbar,c_zamazda,1569,2807,3496,2875.1,3522.3,73.0,no,sampled
b_zams,c_zamsgrove,561,4417,2798,4437.8,2814.4,26.5,yes,capital_position
b_zanda_tholing,c_zanda_tholing,1462,6800,2784,6806.7,2781.7,7.1,yes,capital_position
b_castle_zanhoriloch,c_zanhoriloch,3667,3855,1500,3852.3,1501.6,3.2,yes,capital_position
b_zanhoriloch,c_zanhoriloch,3668,3847,1508,3872.0,1507.4,25.0,no,sampled
b_zanzazzar,c_zanzazzar,1563,3159,3675,3155.3,3673.9,3.8,yes,capital_position
b_zarif,c_zarif,3234,5883,5688,5884.4,5694.2,6.4,yes,capital_position
b_rawdat_thematah,c_zarif,3235,5864,5706,5843.9,5712.9,21.3,yes,sampled
b_shahaid,c_zarif,3236,5905,5698,5928.3,5685.0,26.7,no,sampled
b_zayir,c_zayir,3228,5858,5835,5876.1,5827.8,19.5,yes,capital_position
b_farwuraq,c_zayir,3229,5858,5813,5826.7,5843.8,43.9,no,sampled
b_zaym,c_zaym,3506,5420,6060,5430.0,6060.3,10.0,yes,capital_position
b_khaldun,c_zaym,3507,5430,6038,5405.8,6020.1,30.1,no,sampled
b_marakir,c_zaz_in_vintor,2645,2645,2440,2641.7,2446.7,7.5,yes,capital_position
b_hhune,c_zaz_in_vintor,2646,2625,2442,2611.4,2444.5,13.9,yes,sampled
b_venazir,c_zaz_in_vintor,2647,2643,2456,2663.8,2443.7,24.2,no,sampled
b_zeibiley,c_zeibiley,3412,3415,6202,3420.0,6220.5,19.1,yes,capital_position
b_byri,c_zeibiley,3414,3364,6185,3377.5,6203.7,23.1,yes,sampled
b_cyanbungo,c_zeibiley,3413,3403,6234,3340.6,6192.6,74.9,no,sampled
b_zelbross,c_zelbross,2961,2655,1090,2657.8,1078.7,11.6,yes,capital_position
b_gallywal,c_zelbross,2963,2625,1062,2628.9,1069.6,8.5,yes,sampled
b_urmish,c_zelbross,2962,2684,1066,2691.6,1058.0,11.0,yes,sampled
b_zelpir,c_zelpir,1302,5783,3400,5794.5,3398.7,11.5,yes,capital_position
b_abam,c_zelpir,1303,5768,3423,5747.0,3391.8,37.6,no,sampled
b_zendar,c_zendar,1338,6315,3650,6313.9,3644.3,5.8,yes,capital_position
b_fivirah,c_zendar,1339,6329,3652,6351.4,3623.6,36.2,no,sampled
b_saury,c_zendar,1340,6309,3640,6353.5,3670.7,54.0,no,sampled
b_zendum,c_zendum,1341,6366,3583,6369.0,3570.0,13.4,yes,capital_position
b_devysurys,c_zendum,1343,6409,3585,6319.3,3551.3,95.8,no,sampled
b_henvafa,c_zendum,1342,6337,3556,6469.8,3600.0,139.8,no,sampled
b_muspil,c_zendum,1344,6385,3595,6416.5,3592.6,31.6,no,sampled
b_zhentil_keep,c_zhentil_keep,714,3790,1256,3793.6,1260.2,5.5,yes,capital_position
b_linitra,c_zhentil_keep,717,3761,1252,3764.8,1244.1,8.7,no,sampled
b_lone_tower,c_zhentil_keep,716,3774,1279,3804.3,1237.2,51.6,no,sampled
b_thargate,c_zhentil_keep,715,3772,1264,3761.5,1265.7,10.6,yes,sampled
b_zhoman,c_zhoman,2991,7761,2231,7789.5,2230.5,28.5,yes,capital_position
b_zill,c_zill,3251,5785,5684,5788.1,5669.8,14.5,yes,capital_position
b_abrura,c_zill,3252,5805,5680,5810.8,5712.9,33.4,no,sampled
b_zoahua,c_zoahua,2980,7531,1813,7541.1,1863.6,51.6,yes,capital_position
b_jiaoyang,c_zoahua,2981,7529,1850,7515.7,1690.1,160.4,no,sampled
b_zoajing,c_zoajing,3014,8009,2524,8012.8,2526.1,4.3,yes,capital_position
b_guirao,c_zoajing,3015,8019,2514,8109.8,2535.9,93.4,no,sampled
b_shangxing,c_zoajing,3016,8029,2536,7926.1,2509.2,106.3,no,sampled
b_zolum,c_zolum,1813,4945,2020,4950.0,2027.0,8.6,yes,capital_position
b_arkira,c_zolum,1815,4955,2010,4912.5,2039.6,51.8,no,sampled
b_solzepar,c_zolum,1814,4929,2043,4976.1,1983.4,75.9,no,sampled
b_zoundar,c_zoundar,2451,3391,3927,3377.3,3933.7,15.2,yes,capital_position
b_zoy_zando,c_zoy_zando,2189,5883,1434,5876.6,1437.7,7.4,yes,capital_position
b_rat_hills,c_zundbridge,2091,2360,1121,2372.3,1102.4,22.3,no,sampled
b_roaring_dragon_house,c_zundbridge,2090,2397,1123,2377.4,1123.9,19.6,yes,sampled
b_zutria,c_zutria,476,4324,2301,4324.6,2312.3,11.3,yes,capital_position
b_nisse,c_zutria,477,4343,2313,4328.1,2271.0,44.6,no,sampled
b_zuwaruk,c_zuwaruk,3321,5365,5452,5389.3,5431.4,31.8,yes,capital_position
b_zzuntal,c_zzuntal,2447,3618,3843,3604.1,3837.8,14.8,yes,capital_position
b_eru,c_zzuntal,2448,3628,3834,3662.3,3862.6,44.7,no,sampled
