stage,level,count
before,7099,1340319
before,7376,1462376
before,7653,1178679
before,7930,1368584
before,8207,1004823
before,8484,1177032
before,8761,978825
before,9038,737365
before,9315,700969
before,9592,635472
before,9869,540968
before,10146,554237
before,10423,517855
before,10700,563851
before,10977,470873
before,11254,434198
before,11531,422200
before,11808,411110
before,12085,421554
before,12362,371535
before,12639,335863
before,12916,328672
before,13193,308840
before,13470,283402
before,13747,276077
now,7000,2911
now,7001,2952
now,7002,2872
now,7003,2785
now,7004,2937
now,7005,2838
now,7006,2797
now,7007,2941
now,7008,2949
now,7009,2836
now,7010,2990
now,7011,2828
now,7012,2972
now,7013,2900
now,7014,2800
now,7015,2866
now,7016,2767
now,7017,2796
now,7018,2817
now,7019,2841
now,7020,2832
now,7021,2780
now,7022,2837
now,7023,2751
now,7024,2807
now,7025,2861
now,7026,2791
now,7027,2864
now,7028,2847
now,7029,2939
now,7030,2821
now,7031,2893
now,7032,2829
now,7033,2869
now,7034,2854
now,7035,2758
now,7036,2925
now,7037,2810
now,7038,2814
now,7039,2809
now,7040,2851
now,7041,2874
now,7042,2825
now,7043,2744
now,7044,2806
now,7045,2916
now,7046,3018
now,7047,2872
now,7048,2870
now,7049,2855
now,7050,2968
now,7051,2895
now,7052,3244
now,7053,3072
now,7054,2950
now,7055,2848
now,7056,2868
now,7057,2866
now,7058,2950
now,7059,3005
now,7060,2788
now,7061,2843
now,7062,2822
now,7063,2875
now,7064,2889
now,7065,2911
now,7066,2876
now,7067,2953
now,7068,2996
now,7069,2948
now,7070,2948
now,7071,2868
now,7072,2997
now,7073,2972
now,7074,2973
now,7075,2905
now,7076,2953
now,7077,2898
now,7078,2924
now,7079,2972
now,7080,2948
now,7081,3064
now,7082,2965
now,7083,2987
now,7084,3141
now,7085,2903
now,7086,2999
now,7087,2987
now,7088,3188
now,7089,3110
now,7090,2952
now,7091,2947
now,7092,3044
now,7093,3256
now,7094,3137
now,7095,3355
now,7096,3503
now,7097,3231
now,7098,3888
now,7099,9938
now,7100,4775
now,7101,3575
now,7102,3737
now,7103,4000
now,7104,3229
now,7105,3447
now,7106,3125
now,7107,3069
now,7108,3061
now,7109,3194
now,7110,3460
now,7111,3163
now,7112,3165
now,7113,2971
now,7114,3126
now,7115,3290
now,7116,3158
now,7117,3132
now,7118,3076
now,7119,3128
now,7120,3056
now,7121,2967
now,7122,2977
now,7123,2907
now,7124,3031
now,7125,2923
now,7126,3166
now,7127,2855
now,7128,2945
now,7129,3036
now,7130,3170
now,7131,3076
now,7132,2974
now,7133,2905
now,7134,2873
now,7135,2848
now,7136,2943
now,7137,2926
now,7138,2920
now,7139,2979
now,7140,2862
now,7141,2959
now,7142,2958
now,7143,2948
now,7144,3041
now,7145,3007
now,7146,3546
now,7147,3097
now,7148,3105
now,7149,2969
now,7150,2948
now,7151,2993
now,7152,3135
now,7153,3047
now,7154,2855
now,7155,3076
now,7156,2844
now,7157,2910
now,7158,2875
now,7159,2929
now,7160,2884
now,7161,2891
now,7162,2851
now,7163,2763
now,7164,2869
now,7165,2936
now,7166,2912
now,7167,3032
now,7168,3031
now,7169,3039
now,7170,2988
now,7171,3001
now,7172,2858
now,7173,2877
now,7174,2869
now,7175,2963
now,7176,2855
now,7177,2831
now,7178,2874
now,7179,2994
now,7180,2934
now,7181,2923
now,7182,2822
now,7183,2947
now,7184,2857
now,7185,2907
now,7186,2946
now,7187,2870
now,7188,3021
now,7189,2892
now,7190,2971
now,7191,3074
now,7192,3080
now,7193,3130
now,7194,3001
now,7195,2980
now,7196,2891
now,7197,2938
now,7198,3080
now,7199,2885
now,7200,2978
now,7201,3013
now,7202,3036
now,7203,3286
now,7204,3077
now,7205,3023
now,7206,2991
now,7207,3001
now,7208,2880
now,7209,2885
now,7210,3000
now,7211,2921
now,7212,2900
now,7213,2851
now,7214,2920
now,7215,2863
now,7216,2943
now,7217,2921
now,7218,2849
now,7219,2917
now,7220,3021
now,7221,2986
now,7222,2979
now,7223,2997
now,7224,3030
now,7225,3165
now,7226,3050
now,7227,2976
now,7228,2856
now,7229,2859
now,7230,2890
now,7231,2937
now,7232,2898
now,7233,2776
now,7234,2879
now,7235,3002
now,7236,2866
now,7237,2965
now,7238,3131
now,7239,2841
now,7240,2954
now,7241,2876
now,7242,3009
now,7243,3066
now,7244,2904
now,7245,2914
now,7246,2866
now,7247,2888
now,7248,2969
now,7249,2944
now,7250,2998
now,7251,3018
now,7252,2964
now,7253,3102
now,7254,2856
now,7255,3051
now,7256,3057
now,7257,2994
now,7258,3123
now,7259,2846
now,7260,2908
now,7261,2890
now,7262,2841
now,7263,2885
now,7264,2902
now,7265,2962
now,7266,2943
now,7267,2970
now,7268,2869
now,7269,2895
now,7270,2940
now,7271,2908
now,7272,3262
now,7273,3052
now,7274,3001
now,7275,3029
now,7276,3027
now,7277,3111
now,7278,2998
now,7279,2922
now,7280,3032
now,7281,3020
now,7282,3086
now,7283,2989
now,7284,3124
now,7285,2983
now,7286,2930
now,7287,3100
now,7288,2993
now,7289,2986
now,7290,3075
now,7291,3022
now,7292,2984
now,7293,2949
now,7294,2927
now,7295,2970
now,7296,2963
now,7297,2937
now,7298,2976
now,7299,2902
now,7300,2891
now,7301,2851
now,7302,2855
now,7303,2942
now,7304,2992
now,7305,2963
now,7306,3154
now,7307,3001
now,7308,3077
now,7309,2897
now,7310,2981
now,7311,2897
now,7312,2899
now,7313,2903
now,7314,2857
now,7315,2992
now,7316,2901
now,7317,3012
now,7318,2983
now,7319,3040
now,7320,3033
now,7321,2862
now,7322,3033
now,7323,3114
now,7324,3100
now,7325,3010
now,7326,2990
now,7327,3032
now,7328,3061
now,7329,3271
now,7330,3171
now,7331,3176
now,7332,3135
now,7333,3033
now,7334,3028
now,7335,2931
now,7336,3043
now,7337,2987
now,7338,2979
now,7339,2907
now,7340,2898
now,7341,2955
now,7342,2957
now,7343,2893
now,7344,3021
now,7345,3161
now,7346,3119
now,7347,2998
now,7348,3048
now,7349,3123
now,7350,3115
now,7351,3019
now,7352,3022
now,7353,2982
now,7354,3032
now,7355,2992
now,7356,3115
now,7357,3061
now,7358,3097
now,7359,2970
now,7360,3144
now,7361,3321
now,7362,3127
now,7363,3178
now,7364,3127
now,7365,3422
now,7366,3318
now,7367,3162
now,7368,2937
now,7369,3122
now,7370,3225
now,7371,3103
now,7372,3586
now,7373,3525
now,7374,3354
now,7375,4105
now,7376,10413
now,7377,4732
now,7378,3512
now,7379,3888
now,7380,3764
now,7381,3263
now,7382,3516
now,7383,3167
now,7384,3023
now,7385,3185
now,7386,3346
now,7387,3568
now,7388,3144
now,7389,3250
now,7390,3095
now,7391,3245
now,7392,3368
now,7393,3174
now,7394,3253
now,7395,3151
now,7396,3297
now,7397,3211
now,7398,3071
now,7399,2992
now,7400,2957
now,7401,3084
now,7402,3104
now,7403,3248
now,7404,2956
now,7405,3125
now,7406,3071
now,7407,3187
now,7408,3139
now,7409,3163
now,7410,2972
now,7411,3091
now,7412,2932
now,7413,2909
now,7414,3059
now,7415,2995
now,7416,3052
now,7417,2965
now,7418,3041
now,7419,2911
now,7420,2990
now,7421,3096
now,7422,3144
now,7423,3242
now,7424,2994
now,7425,3199
now,7426,3033
now,7427,3145
now,7428,3080
now,7429,3062
now,7430,3106
now,7431,2971
now,7432,3035
now,7433,2949
now,7434,3014
now,7435,2964
now,7436,2942
now,7437,2952
now,7438,2919
now,7439,2911
now,7440,2960
now,7441,2959
now,7442,2958
now,7443,3036
now,7444,3018
now,7445,2932
now,7446,3030
now,7447,3117
now,7448,3034
now,7449,2970
now,7450,2984
now,7451,3082
now,7452,2954
now,7453,3017
now,7454,2936
now,7455,2843
now,7456,3021
now,7457,2943
now,7458,2945
now,7459,2883
now,7460,2922
now,7461,2953
now,7462,2965
now,7463,2970
now,7464,2944
now,7465,3015
now,7466,3070
now,7467,3064
now,7468,3151
now,7469,3006
now,7470,3148
now,7471,3113
now,7472,3034
now,7473,2986
now,7474,3009
now,7475,2951
now,7476,2908
now,7477,2988
now,7478,2993
now,7479,3126
now,7480,3139
now,7481,3007
now,7482,3047
now,7483,2916
now,7484,2900
now,7485,3035
now,7486,3006
now,7487,3100
now,7488,3015
now,7489,2982
now,7490,2906
now,7491,2954
now,7492,3003
now,7493,2959
now,7494,2836
now,7495,2999
now,7496,2979
now,7497,2952
now,7498,2973
now,7499,2905
now,7500,2945
now,7501,2841
now,7502,3059
now,7503,2986
now,7504,2921
now,7505,3000
now,7506,3032
now,7507,2876
now,7508,2935
now,7509,2905
now,7510,2958
now,7511,2926
now,7512,2884
now,7513,2895
now,7514,2972
now,7515,2903
now,7516,3066
now,7517,3014
now,7518,2921
now,7519,2891
now,7520,3009
now,7521,2897
now,7522,2874
now,7523,2973
now,7524,2954
now,7525,2936
now,7526,3023
now,7527,3086
now,7528,3006
now,7529,3017
now,7530,3012
now,7531,2936
now,7532,3079
now,7533,2970
now,7534,2861
now,7535,2967
now,7536,2975
now,7537,2924
now,7538,2961
now,7539,2949
now,7540,2930
now,7541,2949
now,7542,3002
now,7543,2865
now,7544,2902
now,7545,2951
now,7546,2938
now,7547,2973
now,7548,3002
now,7549,3012
now,7550,3031
now,7551,2941
now,7552,2996
now,7553,3106
now,7554,2915
now,7555,3035
now,7556,2919
now,7557,2930
now,7558,2987
now,7559,3020
now,7560,2946
now,7561,3011
now,7562,3056
now,7563,2918
now,7564,3036
now,7565,3094
now,7566,2926
now,7567,2892
now,7568,3006
now,7569,2943
now,7570,2830
now,7571,2981
now,7572,3005
now,7573,2962
now,7574,2932
now,7575,2944
now,7576,2880
now,7577,2955
now,7578,2865
now,7579,2968
now,7580,3027
now,7581,3037
now,7582,3000
now,7583,3030
now,7584,3099
now,7585,2959
now,7586,2960
now,7587,3011
now,7588,3004
now,7589,2980
now,7590,2983
now,7591,2983
now,7592,3015
now,7593,2953
now,7594,2931
now,7595,3008
now,7596,3069
now,7597,2931
now,7598,2913
now,7599,2974
now,7600,3049
now,7601,3075
now,7602,3079
now,7603,2969
now,7604,3098
now,7605,2935
now,7606,3031
now,7607,3049
now,7608,2985
now,7609,3015
now,7610,2986
now,7611,3008
now,7612,3013
now,7613,3024
now,7614,2968
now,7615,3013
now,7616,2996
now,7617,2960
now,7618,2927
now,7619,2924
now,7620,2993
now,7621,3062
now,7622,3077
now,7623,3003
now,7624,2979
now,7625,3003
now,7626,2851
now,7627,2997
now,7628,3051
now,7629,2968
now,7630,2978
now,7631,3078
now,7632,2916
now,7633,3093
now,7634,3049
now,7635,3010
now,7636,3003
now,7637,3085
now,7638,3129
now,7639,3193
now,7640,3125
now,7641,2954
now,7642,3114
now,7643,3038
now,7644,3109
now,7645,3077
now,7646,2998
now,7647,2973
now,7648,2900
now,7649,3232
now,7650,3137
now,7651,3244
now,7652,3429
now,7653,4246
now,7654,3543
now,7655,3221
now,7656,3254
now,7657,3277
now,7658,3107
now,7659,3097
now,7660,3085
now,7661,2968
now,7662,3030
now,7663,3159
now,7664,3204
now,7665,3006
now,7666,3074
now,7667,3056
now,7668,3179
now,7669,3168
now,7670,3027
now,7671,3114
now,7672,2991
now,7673,3212
now,7674,2986
now,7675,3035
now,7676,3014
now,7677,3063
now,7678,3060
now,7679,2997
now,7680,3033
now,7681,3137
now,7682,3028
now,7683,3079
now,7684,2997
now,7685,3042
now,7686,2929
now,7687,2991
now,7688,3019
now,7689,2966
now,7690,2993
now,7691,3076
now,7692,3048
now,7693,3008
now,7694,3000
now,7695,3052
now,7696,3040
now,7697,3083
now,7698,3039
now,7699,3077
now,7700,3247
now,7701,2987
now,7702,2964
now,7703,3097
now,7704,2864
now,7705,3078
now,7706,3103
now,7707,2959
now,7708,2917
now,7709,3157
now,7710,3088
now,7711,2975
now,7712,3003
now,7713,3039
now,7714,2867
now,7715,2986
now,7716,3031
now,7717,3024
now,7718,3152
now,7719,3032
now,7720,2953
now,7721,2945
now,7722,2912
now,7723,3008
now,7724,3032
now,7725,2999
now,7726,2961
now,7727,2968
now,7728,2974
now,7729,2973
now,7730,2906
now,7731,2926
now,7732,3077
now,7733,2975
now,7734,2955
now,7735,2973
now,7736,2885
now,7737,3055
now,7738,3032
now,7739,3009
now,7740,2962
now,7741,2883
now,7742,2949
now,7743,2999
now,7744,2921
now,7745,2958
now,7746,3031
now,7747,2982
now,7748,2946
now,7749,3034
now,7750,3065
now,7751,3071
now,7752,3063
now,7753,3042
now,7754,2948
now,7755,3067
now,7756,3020
now,7757,3126
now,7758,3004
now,7759,2953
now,7760,2903
now,7761,2974
now,7762,2920
now,7763,3098
now,7764,2966
now,7765,2983
now,7766,3018
now,7767,2910
now,7768,2946
now,7769,2979
now,7770,2873
now,7771,2971
now,7772,2858
now,7773,2976
now,7774,2941
now,7775,2953
now,7776,2990
now,7777,2977
now,7778,2891
now,7779,3157
now,7780,3078
now,7781,3016
now,7782,3027
now,7783,2957
now,7784,2929
now,7785,2922
now,7786,2946
now,7787,2936
now,7788,3008
now,7789,2987
now,7790,3011
now,7791,2947
now,7792,2934
now,7793,2954
now,7794,2871
now,7795,2927
now,7796,2965
now,7797,2980
now,7798,2925
now,7799,2994
now,7800,2999
now,7801,2953
now,7802,2960
now,7803,2926
now,7804,3066
now,7805,3018
now,7806,2951
now,7807,3018
now,7808,2843
now,7809,2915
now,7810,2996
now,7811,2939
now,7812,2923
now,7813,2955
now,7814,3039
now,7815,2978
now,7816,2927
now,7817,2871
now,7818,2997
now,7819,2935
now,7820,2918
now,7821,2890
now,7822,2986
now,7823,2980
now,7824,2991
now,7825,3099
now,7826,3152
now,7827,3127
now,7828,3059
now,7829,2967
now,7830,2963
now,7831,2984
now,7832,3011
now,7833,3032
now,7834,3060
now,7835,2998
now,7836,2948
now,7837,3004
now,7838,3043
now,7839,2939
now,7840,2953
now,7841,3025
now,7842,2980
now,7843,3113
now,7844,3056
now,7845,2848
now,7846,2865
now,7847,2929
now,7848,2943
now,7849,3001
now,7850,3023
now,7851,2920
now,7852,2896
now,7853,2958
now,7854,2974
now,7855,2873
now,7856,3015
now,7857,3018
now,7858,2995
now,7859,2998
now,7860,3068
now,7861,3011
now,7862,2876
now,7863,3029
now,7864,3081
now,7865,2934
now,7866,2782
now,7867,2946
now,7868,2961
now,7869,2945
now,7870,2946
now,7871,2924
now,7872,2938
now,7873,2924
now,7874,3069
now,7875,3060
now,7876,3122
now,7877,3113
now,7878,3028
now,7879,2961
now,7880,3037
now,7881,3056
now,7882,3008
now,7883,3391
now,7884,3253
now,7885,3072
now,7886,2993
now,7887,2999
now,7888,2939
now,7889,2965
now,7890,2993
now,7891,2935
now,7892,2968
now,7893,2978
now,7894,2940
now,7895,3019
now,7896,3031
now,7897,3021
now,7898,3083
now,7899,3104
now,7900,2981
now,7901,2986
now,7902,2915
now,7903,3018
now,7904,3110
now,7905,3086
now,7906,3033
now,7907,2918
now,7908,3099
now,7909,3096
now,7910,3066
now,7911,3114
now,7912,3049
now,7913,3106
now,7914,3107
now,7915,3255
now,7916,3126
now,7917,3112
now,7918,3169
now,7919,3416
now,7920,3288
now,7921,3143
now,7922,3052
now,7923,3074
now,7924,3360
now,7925,3274
now,7926,3737
now,7927,3615
now,7928,3392
now,7929,4229
now,7930,7907
now,7931,4015
now,7932,3499
now,7933,3578
now,7934,3539
now,7935,3252
now,7936,3248
now,7937,3113
now,7938,3169
now,7939,3270
now,7940,3283
now,7941,3361
now,7942,3106
now,7943,3254
now,7944,3065
now,7945,3211
now,7946,3179
now,7947,3088
now,7948,3140
now,7949,3107
now,7950,3097
now,7951,3114
now,7952,3066
now,7953,3048
now,7954,3010
now,7955,2941
now,7956,3110
now,7957,3006
now,7958,3021
now,7959,3079
now,7960,3027
now,7961,3141
now,7962,3048
now,7963,3157
now,7964,2899
now,7965,2927
now,7966,3026
now,7967,3028
now,7968,2996
now,7969,2941
now,7970,3027
now,7971,2976
now,7972,2909
now,7973,2965
now,7974,3023
now,7975,3129
now,7976,3102
now,7977,3241
now,7978,2996
now,7979,3127
now,7980,3023
now,7981,2960
now,7982,2917
now,7983,3041
now,7984,3051
now,7985,2922
now,7986,3017
now,7987,3003
now,7988,2912
now,7989,2992
now,7990,2875
now,7991,2783
now,7992,2876
now,7993,2977
now,7994,2977
now,7995,2991
now,7996,2967
now,7997,2913
now,7998,2939
now,7999,2945
now,8000,3034
now,8001,2992
now,8002,2994
now,8003,2959
now,8004,2889
now,8005,2938
now,8006,2911
now,8007,2892
now,8008,2909
now,8009,2908
now,8010,2924
now,8011,2991
now,8012,2909
now,8013,2920
now,8014,2880
now,8015,2878
now,8016,2947
now,8017,2929
now,8018,2964
now,8019,2986
now,8020,2960
now,8021,3003
now,8022,2941
now,8023,3045
now,8024,2994
now,8025,2957
now,8026,2948
now,8027,2886
now,8028,2863
now,8029,2961
now,8030,2949
now,8031,2912
now,8032,3004
now,8033,3085
now,8034,3093
now,8035,2975
now,8036,3019
now,8037,2913
now,8038,2930
now,8039,2869
now,8040,2878
now,8041,2898
now,8042,3012
now,8043,2877
now,8044,2957
now,8045,2963
now,8046,2986
now,8047,2834
now,8048,2812
now,8049,2971
now,8050,2869
now,8051,2995
now,8052,2896
now,8053,2886
now,8054,2976
now,8055,2904
now,8056,2964
now,8057,2906
now,8058,2923
now,8059,3009
now,8060,2950
now,8061,2853
now,8062,2993
now,8063,2814
now,8064,2929
now,8065,2935
now,8066,2895
now,8067,2843
now,8068,2934
now,8069,2943
now,8070,2913
now,8071,2918
now,8072,2955
now,8073,2989
now,8074,2898
now,8075,2897
now,8076,2785
now,8077,2899
now,8078,2914
now,8079,2981
now,8080,2948
now,8081,3045
now,8082,3046
now,8083,2968
now,8084,2895
now,8085,3005
now,8086,2919
now,8087,2896
now,8088,2995
now,8089,2788
now,8090,2889
now,8091,2889
now,8092,2876
now,8093,2837
now,8094,2915
now,8095,2954
now,8096,3000
now,8097,2889
now,8098,2939
now,8099,2897
now,8100,2883
now,8101,2917
now,8102,2989
now,8103,2908
now,8104,2924
now,8105,3014
now,8106,2916
now,8107,2995
now,8108,2893
now,8109,2856
now,8110,2947
now,8111,2961
now,8112,2924
now,8113,2885
now,8114,2927
now,8115,2853
now,8116,2974
now,8117,2987
now,8118,2874
now,8119,2774
now,8120,2812
now,8121,2877
now,8122,2856
now,8123,2911
now,8124,2987
now,8125,2871
now,8126,2988
now,8127,2892
now,8128,2848
now,8129,2906
now,8130,2842
now,8131,2903
now,8132,2856
now,8133,2935
now,8134,2929
now,8135,2941
now,8136,2937
now,8137,2887
now,8138,2942
now,8139,2825
now,8140,2928
now,8141,2877
now,8142,2986
now,8143,2878
now,8144,3004
now,8145,2874
now,8146,2794
now,8147,2948
now,8148,2905
now,8149,2958
now,8150,2966
now,8151,2811
now,8152,2976
now,8153,2968
now,8154,2950
now,8155,2894
now,8156,2966
now,8157,2927
now,8158,2886
now,8159,2911
now,8160,2964
now,8161,2951
now,8162,2911
now,8163,2899
now,8164,2896
now,8165,2887
now,8166,3011
now,8167,2902
now,8168,2988
now,8169,2831
now,8170,2999
now,8171,3028
now,8172,2870
now,8173,2954
now,8174,3011
now,8175,3058
now,8176,2858
now,8177,2969
now,8178,2851
now,8179,2875
now,8180,2951
now,8181,2895
now,8182,3043
now,8183,2982
now,8184,2919
now,8185,2948
now,8186,3021
now,8187,2956
now,8188,2844
now,8189,2938
now,8190,3000
now,8191,2975
now,8192,3064
now,8193,2984
now,8194,2954
now,8195,2891
now,8196,3037
now,8197,3016
now,8198,2949
now,8199,2856
now,8200,2983
now,8201,3088
now,8202,3001
now,8203,3060
now,8204,3080
now,8205,3147
now,8206,3348
now,8207,4076
now,8208,3187
now,8209,3014
now,8210,2974
now,8211,2873
now,8212,2873
now,8213,2980
now,8214,2884
now,8215,2916
now,8216,2972
now,8217,2963
now,8218,2900
now,8219,2897
now,8220,2906
now,8221,2879
now,8222,3003
now,8223,2906
now,8224,2899
now,8225,2987
now,8226,2954
now,8227,2993
now,8228,2885
now,8229,2811
now,8230,2928
now,8231,2933
now,8232,2911
now,8233,2861
now,8234,2968
now,8235,2826
now,8236,2928
now,8237,2918
now,8238,2912
now,8239,2940
now,8240,2918
now,8241,2847
now,8242,2872
now,8243,2992
now,8244,2836
now,8245,2860
now,8246,2802
now,8247,2863
now,8248,2945
now,8249,2834
now,8250,2965
now,8251,2937
now,8252,2825
now,8253,2993
now,8254,2814
now,8255,2829
now,8256,2939
now,8257,2881
now,8258,2849
now,8259,2825
now,8260,2906
now,8261,2852
now,8262,2836
now,8263,2878
now,8264,2973
now,8265,2839
now,8266,2732
now,8267,2875
now,8268,2895
now,8269,2865
now,8270,2829
now,8271,2827
now,8272,2852
now,8273,2894
now,8274,2928
now,8275,2898
now,8276,2896
now,8277,2905
now,8278,2820
now,8279,2830
now,8280,2901
now,8281,2833
now,8282,2823
now,8283,2830
now,8284,2845
now,8285,2894
now,8286,2787
now,8287,2768
now,8288,2869
now,8289,2875
now,8290,2899
now,8291,2968
now,8292,2934
now,8293,2860
now,8294,2905
now,8295,2776
now,8296,2873
now,8297,2880
now,8298,2852
now,8299,2837
now,8300,2970
now,8301,2837
now,8302,2851
now,8303,2802
now,8304,2855
now,8305,2793
now,8306,2971
now,8307,2941
now,8308,2853
now,8309,2856
now,8310,2893
now,8311,2867
now,8312,2802
now,8313,2842
now,8314,2812
now,8315,2820
now,8316,2841
now,8317,2859
now,8318,2906
now,8319,2873
now,8320,2794
now,8321,2812
now,8322,2768
now,8323,2817
now,8324,2839
now,8325,2804
now,8326,2796
now,8327,2819
now,8328,2869
now,8329,2885
now,8330,2843
now,8331,2874
now,8332,2914
now,8333,2948
now,8334,2837
now,8335,2826
now,8336,2794
now,8337,2760
now,8338,2875
now,8339,2776
now,8340,2875
now,8341,2784
now,8342,2908
now,8343,2829
now,8344,2870
now,8345,2823
now,8346,2816
now,8347,2811
now,8348,2863
now,8349,2837
now,8350,2925
now,8351,2854
now,8352,2712
now,8353,2728
now,8354,2830
now,8355,2873
now,8356,2824
now,8357,2828
now,8358,2929
now,8359,2789
now,8360,2888
now,8361,2841
now,8362,2823
now,8363,2818
now,8364,2862
now,8365,2837
now,8366,2839
now,8367,2818
now,8368,2861
now,8369,2828
now,8370,2780
now,8371,2738
now,8372,2846
now,8373,2854
now,8374,2746
now,8375,2807
now,8376,2855
now,8377,2899
now,8378,2798
now,8379,2893
now,8380,2776
now,8381,2846
now,8382,2833
now,8383,2728
now,8384,2929
now,8385,2798
now,8386,2753
now,8387,2813
now,8388,2801
now,8389,2837
now,8390,2776
now,8391,2881
now,8392,2845
now,8393,2826
now,8394,2766
now,8395,2872
now,8396,2776
now,8397,2842
now,8398,2763
now,8399,2841
now,8400,2790
now,8401,2853
now,8402,2834
now,8403,2833
now,8404,2760
now,8405,2767
now,8406,2870
now,8407,2754
now,8408,2784
now,8409,2769
now,8410,2834
now,8411,2879
now,8412,2826
now,8413,2856
now,8414,2745
now,8415,2865
now,8416,2820
now,8417,2768
now,8418,2803
now,8419,2893
now,8420,2834
now,8421,2856
now,8422,2850
now,8423,2883
now,8424,2805
now,8425,2828
now,8426,2839
now,8427,2811
now,8428,2807
now,8429,2934
now,8430,2937
now,8431,2871
now,8432,2874
now,8433,2838
now,8434,2886
now,8435,2895
now,8436,2923
now,8437,2991
now,8438,2845
now,8439,2945
now,8440,2843
now,8441,2840
now,8442,2796
now,8443,2905
now,8444,2786
now,8445,2946
now,8446,2787
now,8447,2775
now,8448,2821
now,8449,2774
now,8450,2934
now,8451,2901
now,8452,2939
now,8453,2959
now,8454,3004
now,8455,2902
now,8456,2726
now,8457,2818
now,8458,2808
now,8459,2851
now,8460,2773
now,8461,2855
now,8462,2815
now,8463,2876
now,8464,2902
now,8465,2904
now,8466,2918
now,8467,2907
now,8468,3047
now,8469,2920
now,8470,2998
now,8471,2910
now,8472,2842
now,8473,3049
now,8474,3005
now,8475,2870
now,8476,2876
now,8477,2962
now,8478,3025
now,8479,2993
now,8480,3249
now,8481,3254
now,8482,3134
now,8483,3470
now,8484,8778
now,8485,3612
now,8486,3276
now,8487,3260
now,8488,3225
now,8489,3092
now,8490,2994
now,8491,2926
now,8492,2928
now,8493,2938
now,8494,2967
now,8495,3092
now,8496,2818
now,8497,2943
now,8498,2927
now,8499,2965
now,8500,2880
now,8501,2886
now,8502,2840
now,8503,2876
now,8504,2928
now,8505,2865
now,8506,2874
now,8507,2805
now,8508,2818
now,8509,3013
now,8510,2827
now,8511,2854
now,8512,2782
now,8513,2886
now,8514,2916
now,8515,2928
now,8516,2866
now,8517,2942
now,8518,2724
now,8519,2851
now,8520,2753
now,8521,2829
now,8522,2768
now,8523,2935
now,8524,2796
now,8525,2710
now,8526,2786
now,8527,2827
now,8528,2860
now,8529,2731
now,8530,2894
now,8531,2994
now,8532,2852
now,8533,2989
now,8534,2761
now,8535,2809
now,8536,2785
now,8537,2860
now,8538,2806
now,8539,2830
now,8540,2829
now,8541,2665
now,8542,2734
now,8543,2833
now,8544,2642
now,8545,2779
now,8546,2732
now,8547,2689
now,8548,2754
now,8549,2776
now,8550,2892
now,8551,2695
now,8552,2820
now,8553,2719
now,8554,2694
now,8555,2746
now,8556,2648
now,8557,2730
now,8558,2722
now,8559,2721
now,8560,2676
now,8561,2775
now,8562,2711
now,8563,2661
now,8564,2827
now,8565,2654
now,8566,2759
now,8567,2787
now,8568,2726
now,8569,2787
now,8570,2764
now,8571,2871
now,8572,2750
now,8573,2790
now,8574,2761
now,8575,2719
now,8576,2766
now,8577,2915
now,8578,2787
now,8579,2790
now,8580,2762
now,8581,2701
now,8582,2735
now,8583,2749
now,8584,2802
now,8585,2852
now,8586,2781
now,8587,2771
now,8588,2850
now,8589,2835
now,8590,2696
now,8591,2781
now,8592,2718
now,8593,2702
now,8594,2716
now,8595,2726
now,8596,2712
now,8597,2784
now,8598,2704
now,8599,2678
now,8600,2794
now,8601,2727
now,8602,2693
now,8603,2722
now,8604,2707
now,8605,2698
now,8606,2705
now,8607,2697
now,8608,2709
now,8609,2830
now,8610,2759
now,8611,2742
now,8612,2734
now,8613,2664
now,8614,2736
now,8615,2682
now,8616,2697
now,8617,2727
now,8618,2653
now,8619,2724
now,8620,2792
now,8621,2712
now,8622,2648
now,8623,2772
now,8624,2581
now,8625,2796
now,8626,2685
now,8627,2694
now,8628,2741
now,8629,2637
now,8630,2719
now,8631,2777
now,8632,2733
now,8633,2719
now,8634,2779
now,8635,2779
now,8636,2729
now,8637,2832
now,8638,2654
now,8639,2683
now,8640,2741
now,8641,2695
now,8642,2620
now,8643,2707
now,8644,2670
now,8645,2714
now,8646,2651
now,8647,2789
now,8648,2710
now,8649,2720
now,8650,2750
now,8651,2700
now,8652,2635
now,8653,2634
now,8654,2624
now,8655,2723
now,8656,2754
now,8657,2879
now,8658,2801
now,8659,2725
now,8660,2825
now,8661,2725
now,8662,2677
now,8663,2772
now,8664,2736
now,8665,2775
now,8666,2793
now,8667,2740
now,8668,2789
now,8669,2780
now,8670,2763
now,8671,2698
now,8672,2730
now,8673,2682
now,8674,2737
now,8675,2660
now,8676,2699
now,8677,2765
now,8678,2654
now,8679,2679
now,8680,2693
now,8681,2676
now,8682,2654
now,8683,2666
now,8684,2603
now,8685,2683
now,8686,2746
now,8687,2609
now,8688,2685
now,8689,2775
now,8690,2717
now,8691,2681
now,8692,2704
now,8693,2674
now,8694,2661
now,8695,2740
now,8696,2788
now,8697,2679
now,8698,2650
now,8699,2685
now,8700,2712
now,8701,2684
now,8702,2741
now,8703,2572
now,8704,2718
now,8705,2741
now,8706,2684
now,8707,2692
now,8708,2717
now,8709,2775
now,8710,2736
now,8711,2712
now,8712,2923
now,8713,2691
now,8714,2964
now,8715,2830
now,8716,2656
now,8717,2786
now,8718,2780
now,8719,2604
now,8720,2699
now,8721,2663
now,8722,2702
now,8723,2624
now,8724,2773
now,8725,2652
now,8726,2812
now,8727,2758
now,8728,2689
now,8729,2839
now,8730,2847
now,8731,2688
now,8732,2764
now,8733,2731
now,8734,2850
now,8735,2794
now,8736,2822
now,8737,2735
now,8738,2695
now,8739,2614
now,8740,2733
now,8741,2789
now,8742,2692
now,8743,2775
now,8744,2815
now,8745,2847
now,8746,2810
now,8747,2660
now,8748,2720
now,8749,2725
now,8750,2940
now,8751,2815
now,8752,2788
now,8753,2784
now,8754,2875
now,8755,2996
now,8756,2834
now,8757,3263
now,8758,3094
now,8759,3032
now,8760,3722
now,8761,5997
now,8762,2986
now,8763,2853
now,8764,2903
now,8765,2797
now,8766,2741
now,8767,2826
now,8768,2692
now,8769,2732
now,8770,2871
now,8771,2746
now,8772,2675
now,8773,2676
now,8774,2716
now,8775,2753
now,8776,2696
now,8777,2692
now,8778,2730
now,8779,2631
now,8780,2722
now,8781,2703
now,8782,2567
now,8783,2640
now,8784,2639
now,8785,2604
now,8786,2653
now,8787,2665
now,8788,2706
now,8789,2650
now,8790,2599
now,8791,2716
now,8792,2591
now,8793,2628
now,8794,2636
now,8795,2659
now,8796,2661
now,8797,2682
now,8798,2626
now,8799,2656
now,8800,2680
now,8801,2625
now,8802,2750
now,8803,2602
now,8804,2705
now,8805,2682
now,8806,2629
now,8807,2617
now,8808,2746
now,8809,2596
now,8810,2646
now,8811,2746
now,8812,2617
now,8813,2692
now,8814,2750
now,8815,2604
now,8816,2631
now,8817,2615
now,8818,2585
now,8819,2604
now,8820,2578
now,8821,2631
now,8822,2519
now,8823,2646
now,8824,2654
now,8825,2655
now,8826,2628
now,8827,2561
now,8828,2754
now,8829,2648
now,8830,2585
now,8831,2670
now,8832,2651
now,8833,2557
now,8834,2642
now,8835,2601
now,8836,2597
now,8837,2686
now,8838,2573
now,8839,2587
now,8840,2674
now,8841,2614
now,8842,2614
now,8843,2689
now,8844,2611
now,8845,2595
now,8846,2644
now,8847,2662
now,8848,2557
now,8849,2590
now,8850,2563
now,8851,2600
now,8852,2648
now,8853,2596
now,8854,2640
now,8855,2609
now,8856,2640
now,8857,2691
now,8858,2577
now,8859,2637
now,8860,2692
now,8861,2611
now,8862,2624
now,8863,2604
now,8864,2596
now,8865,2544
now,8866,2609
now,8867,2572
now,8868,2580
now,8869,2529
now,8870,2623
now,8871,2559
now,8872,2580
now,8873,2562
now,8874,2587
now,8875,2602
now,8876,2607
now,8877,2539
now,8878,2499
now,8879,2590
now,8880,2546
now,8881,2497
now,8882,2628
now,8883,2667
now,8884,2588
now,8885,2573
now,8886,2631
now,8887,2560
now,8888,2582
now,8889,2529
now,8890,2674
now,8891,2591
now,8892,2581
now,8893,2539
now,8894,2577
now,8895,2634
now,8896,2621
now,8897,2536
now,8898,2608
now,8899,2547
now,8900,2616
now,8901,2542
now,8902,2561
now,8903,2572
now,8904,2628
now,8905,2628
now,8906,2575
now,8907,2556
now,8908,2575
now,8909,2584
now,8910,2476
now,8911,2525
now,8912,2586
now,8913,2581
now,8914,2575
now,8915,2589
now,8916,2537
now,8917,2725
now,8918,2602
now,8919,2516
now,8920,2626
now,8921,2534
now,8922,2540
now,8923,2577
now,8924,2644
now,8925,2488
now,8926,2608
now,8927,2669
now,8928,2539
now,8929,2522
now,8930,2578
now,8931,2565
now,8932,2592
now,8933,2618
now,8934,2487
now,8935,2547
now,8936,2500
now,8937,2536
now,8938,2639
now,8939,2538
now,8940,2463
now,8941,2565
now,8942,2496
now,8943,2475
now,8944,2494
now,8945,2540
now,8946,2531
now,8947,2570
now,8948,2536
now,8949,2476
now,8950,2499
now,8951,2509
now,8952,2544
now,8953,2573
now,8954,2637
now,8955,2537
now,8956,2595
now,8957,2525
now,8958,2501
now,8959,2485
now,8960,2504
now,8961,2477
now,8962,2603
now,8963,2455
now,8964,2559
now,8965,2590
now,8966,2540
now,8967,2650
now,8968,2654
now,8969,2529
now,8970,2533
now,8971,2527
now,8972,2618
now,8973,2571
now,8974,2527
now,8975,2475
now,8976,2434
now,8977,2460
now,8978,2474
now,8979,2537
now,8980,2452
now,8981,2538
now,8982,2633
now,8983,2546
now,8984,2554
now,8985,2523
now,8986,2595
now,8987,2509
now,8988,2416
now,8989,2589
now,8990,2534
now,8991,2547
now,8992,2565
now,8993,2566
now,8994,2537
now,8995,2503
now,8996,2502
now,8997,2509
now,8998,2503
now,8999,2498
now,9000,2502
now,9001,2613
now,9002,2524
now,9003,2410
now,9004,2583
now,9005,2454
now,9006,2476
now,9007,2473
now,9008,2486
now,9009,2441
now,9010,2530
now,9011,2567
now,9012,2569
now,9013,2515
now,9014,2513
now,9015,2561
now,9016,2612
now,9017,2470
now,9018,2571
now,9019,2522
now,9020,2545
now,9021,2502
now,9022,2538
now,9023,2478
now,9024,2469
now,9025,2574
now,9026,2614
now,9027,2543
now,9028,2546
now,9029,2564
now,9030,2457
now,9031,2474
now,9032,2498
now,9033,2519
now,9034,2583
now,9035,2544
now,9036,2624
now,9037,2672
now,9038,2825
now,9039,2555
now,9040,2490
now,9041,2554
now,9042,2618
now,9043,2558
now,9044,2565
now,9045,2463
now,9046,2563
now,9047,2583
now,9048,2490
now,9049,2436
now,9050,2539
now,9051,2561
now,9052,2516
now,9053,2550
now,9054,2521
now,9055,2528
now,9056,2473
now,9057,2519
now,9058,2501
now,9059,2505
now,9060,2490
now,9061,2546
now,9062,2554
now,9063,2431
now,9064,2443
now,9065,2404
now,9066,2548
now,9067,2435
now,9068,2483
now,9069,2530
now,9070,2462
now,9071,2534
now,9072,2416
now,9073,2468
now,9074,2545
now,9075,2408
now,9076,2499
now,9077,2416
now,9078,2445
now,9079,2508
now,9080,2465
now,9081,2473
now,9082,2488
now,9083,2429
now,9084,2479
now,9085,2463
now,9086,2417
now,9087,2461
now,9088,2533
now,9089,2483
now,9090,2507
now,9091,2499
now,9092,2446
now,9093,2496
now,9094,2444
now,9095,2523
now,9096,2472
now,9097,2414
now,9098,2391
now,9099,2479
now,9100,2475
now,9101,2451
now,9102,2506
now,9103,2444
now,9104,2503
now,9105,2479
now,9106,2405
now,9107,2497
now,9108,2527
now,9109,2418
now,9110,2548
now,9111,2525
now,9112,2400
now,9113,2433
now,9114,2441
now,9115,2519
now,9116,2463
now,9117,2432
now,9118,2464
now,9119,2522
now,9120,2386
now,9121,2412
now,9122,2451
now,9123,2453
now,9124,2550
now,9125,2407
now,9126,2441
now,9127,2520
now,9128,2456
now,9129,2459
now,9130,2390
now,9131,2447
now,9132,2566
now,9133,2386
now,9134,2483
now,9135,2428
now,9136,2440
now,9137,2458
now,9138,2407
now,9139,2440
now,9140,2491
now,9141,2479
now,9142,2515
now,9143,2555
now,9144,2455
now,9145,2480
now,9146,2483
now,9147,2433
now,9148,2425
now,9149,2399
now,9150,2345
now,9151,2466
now,9152,2378
now,9153,2459
now,9154,2467
now,9155,2356
now,9156,2455
now,9157,2415
now,9158,2444
now,9159,2541
now,9160,2401
now,9161,2389
now,9162,2328
now,9163,2464
now,9164,2487
now,9165,2392
now,9166,2389
now,9167,2457
now,9168,2354
now,9169,2419
now,9170,2434
now,9171,2494
now,9172,2426
now,9173,2419
now,9174,2368
now,9175,2442
now,9176,2430
now,9177,2436
now,9178,2427
now,9179,2410
now,9180,2466
now,9181,2435
now,9182,2404
now,9183,2451
now,9184,2397
now,9185,2433
now,9186,2394
now,9187,2357
now,9188,2452
now,9189,2450
now,9190,2453
now,9191,2412
now,9192,2386
now,9193,2406
now,9194,2491
now,9195,2413
now,9196,2358
now,9197,2399
now,9198,2440
now,9199,2381
now,9200,2365
now,9201,2458
now,9202,2427
now,9203,2417
now,9204,2408
now,9205,2457
now,9206,2353
now,9207,2413
now,9208,2432
now,9209,2378
now,9210,2405
now,9211,2482
now,9212,2366
now,9213,2489
now,9214,2387
now,9215,2405
now,9216,2453
now,9217,2386
now,9218,2454
now,9219,2477
now,9220,2409
now,9221,2336
now,9222,2382
now,9223,2390
now,9224,2416
now,9225,2417
now,9226,2403
now,9227,2401
now,9228,2420
now,9229,2422
now,9230,2369
now,9231,2402
now,9232,2403
now,9233,2410
now,9234,2315
now,9235,2420
now,9236,2397
now,9237,2429
now,9238,2460
now,9239,2492
now,9240,2395
now,9241,2494
now,9242,2411
now,9243,2334
now,9244,2391
now,9245,2425
now,9246,2472
now,9247,2418
now,9248,2456
now,9249,2482
now,9250,2385
now,9251,2368
now,9252,2449
now,9253,2405
now,9254,2522
now,9255,2423
now,9256,2372
now,9257,2419
now,9258,2365
now,9259,2414
now,9260,2438
now,9261,2397
now,9262,2364
now,9263,2334
now,9264,2424
now,9265,2398
now,9266,2366
now,9267,2464
now,9268,2422
now,9269,2384
now,9270,2391
now,9271,2409
now,9272,2363
now,9273,2377
now,9274,2419
now,9275,2347
now,9276,2417
now,9277,2400
now,9278,2326
now,9279,2391
now,9280,2338
now,9281,2334
now,9282,2373
now,9283,2460
now,9284,2397
now,9285,2415
now,9286,2432
now,9287,2357
now,9288,2449
now,9289,2344
now,9290,2455
now,9291,2393
now,9292,2388
now,9293,2440
now,9294,2444
now,9295,2427
now,9296,2440
now,9297,2441
now,9298,2356
now,9299,2394
now,9300,2431
now,9301,2438
now,9302,2480
now,9303,2459
now,9304,2482
now,9305,2397
now,9306,2417
now,9307,2400
now,9308,2430
now,9309,2481
now,9310,2576
now,9311,2565
now,9312,2381
now,9313,2541
now,9314,2590
now,9315,2914
now,9316,2474
now,9317,2521
now,9318,2488
now,9319,2361
now,9320,2413
now,9321,2310
now,9322,2384
now,9323,2365
now,9324,2345
now,9325,2419
now,9326,2367
now,9327,2446
now,9328,2335
now,9329,2488
now,9330,2416
now,9331,2434
now,9332,2328
now,9333,2440
now,9334,2338
now,9335,2423
now,9336,2497
now,9337,2369
now,9338,2339
now,9339,2373
now,9340,2424
now,9341,2346
now,9342,2413
now,9343,2353
now,9344,2356
now,9345,2358
now,9346,2308
now,9347,2423
now,9348,2399
now,9349,2368
now,9350,2396
now,9351,2322
now,9352,2310
now,9353,2375
now,9354,2420
now,9355,2420
now,9356,2474
now,9357,2454
now,9358,2413
now,9359,2405
now,9360,2366
now,9361,2397
now,9362,2390
now,9363,2438
now,9364,2363
now,9365,2247
now,9366,2328
now,9367,2373
now,9368,2444
now,9369,2381
now,9370,2351
now,9371,2408
now,9372,2395
now,9373,2347
now,9374,2368
now,9375,2332
now,9376,2318
now,9377,2300
now,9378,2368
now,9379,2324
now,9380,2376
now,9381,2310
now,9382,2365
now,9383,2254
now,9384,2375
now,9385,2324
now,9386,2342
now,9387,2321
now,9388,2291
now,9389,2296
now,9390,2331
now,9391,2367
now,9392,2361
now,9393,2281
now,9394,2317
now,9395,2301
now,9396,2425
now,9397,2266
now,9398,2356
now,9399,2440
now,9400,2353
now,9401,2304
now,9402,2294
now,9403,2379
now,9404,2337
now,9405,2337
now,9406,2360
now,9407,2339
now,9408,2310
now,9409,2413
now,9410,2283
now,9411,2313
now,9412,2358
now,9413,2292
now,9414,2472
now,9415,2241
now,9416,2373
now,9417,2388
now,9418,2338
now,9419,2388
now,9420,2354
now,9421,2350
now,9422,2378
now,9423,2281
now,9424,2273
now,9425,2367
now,9426,2407
now,9427,2277
now,9428,2278
now,9429,2336
now,9430,2294
now,9431,2409
now,9432,2331
now,9433,2281
now,9434,2393
now,9435,2450
now,9436,2350
now,9437,2343
now,9438,2334
now,9439,2418
now,9440,2313
now,9441,2398
now,9442,2311
now,9443,2227
now,9444,2316
now,9445,2235
now,9446,2361
now,9447,2403
now,9448,2291
now,9449,2370
now,9450,2270
now,9451,2298
now,9452,2295
now,9453,2264
now,9454,2320
now,9455,2351
now,9456,2428
now,9457,2412
now,9458,2299
now,9459,2370
now,9460,2336
now,9461,2325
now,9462,2404
now,9463,2290
now,9464,2294
now,9465,2404
now,9466,2349
now,9467,2300
now,9468,2266
now,9469,2299
now,9470,2315
now,9471,2235
now,9472,2314
now,9473,2344
now,9474,2314
now,9475,2295
now,9476,2212
now,9477,2300
now,9478,2403
now,9479,2311
now,9480,2248
now,9481,2252
now,9482,2374
now,9483,2307
now,9484,2303
now,9485,2287
now,9486,2343
now,9487,2251
now,9488,2290
now,9489,2342
now,9490,2336
now,9491,2371
now,9492,2316
now,9493,2345
now,9494,2363
now,9495,2207
now,9496,2294
now,9497,2271
now,9498,2341
now,9499,2324
now,9500,2351
now,9501,2311
now,9502,2304
now,9503,2374
now,9504,2288
now,9505,2331
now,9506,2280
now,9507,2199
now,9508,2270
now,9509,2308
now,9510,2307
now,9511,2295
now,9512,2260
now,9513,2356
now,9514,2226
now,9515,2352
now,9516,2385
now,9517,2206
now,9518,2301
now,9519,2322
now,9520,2335
now,9521,2292
now,9522,2290
now,9523,2343
now,9524,2260
now,9525,2271
now,9526,2314
now,9527,2404
now,9528,2190
now,9529,2230
now,9530,2347
now,9531,2283
now,9532,2280
now,9533,2312
now,9534,2362
now,9535,2226
now,9536,2305
now,9537,2317
now,9538,2276
now,9539,2309
now,9540,2241
now,9541,2324
now,9542,2307
now,9543,2292
now,9544,2316
now,9545,2322
now,9546,2305
now,9547,2305
now,9548,2302
now,9549,2333
now,9550,2311
now,9551,2362
now,9552,2297
now,9553,2352
now,9554,2246
now,9555,2310
now,9556,2302
now,9557,2290
now,9558,2264
now,9559,2359
now,9560,2281
now,9561,2301
now,9562,2332
now,9563,2364
now,9564,2292
now,9565,2241
now,9566,2272
now,9567,2261
now,9568,2312
now,9569,2337
now,9570,2306
now,9571,2287
now,9572,2271
now,9573,2255
now,9574,2313
now,9575,2287
now,9576,2380
now,9577,2396
now,9578,2288
now,9579,2314
now,9580,2315
now,9581,2369
now,9582,2350
now,9583,2299
now,9584,2355
now,9585,2288
now,9586,2302
now,9587,2339
now,9588,2332
now,9589,2341
now,9590,2334
now,9591,2298
now,9592,2416
now,9593,2309
now,9594,2242
now,9595,2268
now,9596,2316
now,9597,2294
now,9598,2337
now,9599,2267
now,9600,2314
now,9601,2254
now,9602,2294
now,9603,2276
now,9604,2333
now,9605,2433
now,9606,2224
now,9607,2261
now,9608,2312
now,9609,2375
now,9610,2308
now,9611,2374
now,9612,2291
now,9613,2242
now,9614,2333
now,9615,2254
now,9616,2234
now,9617,2263
now,9618,2330
now,9619,2262
now,9620,2242
now,9621,2300
now,9622,2302
now,9623,2358
now,9624,2267
now,9625,2319
now,9626,2301
now,9627,2304
now,9628,2254
now,9629,2309
now,9630,2247
now,9631,2262
now,9632,2300
now,9633,2239
now,9634,2248
now,9635,2262
now,9636,2274
now,9637,2281
now,9638,2304
now,9639,2261
now,9640,2265
now,9641,2287
now,9642,2189
now,9643,2213
now,9644,2209
now,9645,2295
now,9646,2301
now,9647,2326
now,9648,2250
now,9649,2271
now,9650,2232
now,9651,2246
now,9652,2209
now,9653,2253
now,9654,2179
now,9655,2323
now,9656,2252
now,9657,2311
now,9658,2252
now,9659,2203
now,9660,2231
now,9661,2167
now,9662,2247
now,9663,2128
now,9664,2235
now,9665,2167
now,9666,2268
now,9667,2241
now,9668,2255
now,9669,2291
now,9670,2257
now,9671,2257
now,9672,2198
now,9673,2291
now,9674,2292
now,9675,2308
now,9676,2247
now,9677,2186
now,9678,2248
now,9679,2166
now,9680,2297
now,9681,2130
now,9682,2312
now,9683,2274
now,9684,2198
now,9685,2267
now,9686,2164
now,9687,2188
now,9688,2265
now,9689,2205
now,9690,2159
now,9691,2196
now,9692,2153
now,9693,2236
now,9694,2308
now,9695,2192
now,9696,2216
now,9697,2198
now,9698,2239
now,9699,2252
now,9700,2217
now,9701,2187
now,9702,2262
now,9703,2219
now,9704,2274
now,9705,2307
now,9706,2176
now,9707,2268
now,9708,2268
now,9709,2333
now,9710,2196
now,9711,2197
now,9712,2297
now,9713,2286
now,9714,2241
now,9715,2227
now,9716,2200
now,9717,2200
now,9718,2315
now,9719,2273
now,9720,2240
now,9721,2167
now,9722,2095
now,9723,2155
now,9724,2038
now,9725,2336
now,9726,2264
now,9727,2259
now,9728,2257
now,9729,2254
now,9730,2220
now,9731,2230
now,9732,2236
now,9733,2152
now,9734,2233
now,9735,2250
now,9736,2204
now,9737,2283
now,9738,2224
now,9739,2290
now,9740,2242
now,9741,2183
now,9742,2228
now,9743,2215
now,9744,2260
now,9745,2197
now,9746,2230
now,9747,2141
now,9748,2188
now,9749,2244
now,9750,2137
now,9751,2238
now,9752,2178
now,9753,2150
now,9754,2177
now,9755,2174
now,9756,2122
now,9757,2228
now,9758,2258
now,9759,2182
now,9760,2223
now,9761,2146
now,9762,2215
now,9763,2159
now,9764,2181
now,9765,2148
now,9766,2223
now,9767,2250
now,9768,2249
now,9769,2139
now,9770,2244
now,9771,2174
now,9772,2334
now,9773,2200
now,9774,2242
now,9775,2218
now,9776,2168
now,9777,2223
now,9778,2228
now,9779,2175
now,9780,2188
now,9781,2187
now,9782,2233
now,9783,2235
now,9784,2206
now,9785,2259
now,9786,2151
now,9787,2181
now,9788,2264
now,9789,2250
now,9790,2108
now,9791,2146
now,9792,2198
now,9793,2209
now,9794,2120
now,9795,2211
now,9796,2299
now,9797,2167
now,9798,2158
now,9799,2292
now,9800,2262
now,9801,2183
now,9802,2231
now,9803,2260
now,9804,2239
now,9805,2181
now,9806,2180
now,9807,2178
now,9808,2178
now,9809,2135
now,9810,2192
now,9811,2245
now,9812,2214
now,9813,2127
now,9814,2197
now,9815,2144
now,9816,2330
now,9817,2178
now,9818,2183
now,9819,2228
now,9820,2235
now,9821,2183
now,9822,2204
now,9823,2231
now,9824,2209
now,9825,2186
now,9826,2202
now,9827,2275
now,9828,2180
now,9829,2251
now,9830,2202
now,9831,2097
now,9832,2217
now,9833,2144
now,9834,2227
now,9835,2227
now,9836,2190
now,9837,2243
now,9838,2178
now,9839,2188
now,9840,2228
now,9841,2184
now,9842,2247
now,9843,2197
now,9844,2194
now,9845,2271
now,9846,2118
now,9847,2215
now,9848,2173
now,9849,2253
now,9850,2133
now,9851,2193
now,9852,2154
now,9853,2210
now,9854,2258
now,9855,2188
now,9856,2220
now,9857,2191
now,9858,2136
now,9859,2160
now,9860,2224
now,9861,2267
now,9862,2188
now,9863,2211
now,9864,2177
now,9865,2241
now,9866,2268
now,9867,2239
now,9868,2316
now,9869,2382
now,9870,2261
now,9871,2230
now,9872,2208
now,9873,2207
now,9874,2200
now,9875,2288
now,9876,2229
now,9877,2198
now,9878,2193
now,9879,2195
now,9880,2199
now,9881,2230
now,9882,2161
now,9883,2225
now,9884,2181
now,9885,2207
now,9886,2258
now,9887,2126
now,9888,2102
now,9889,2231
now,9890,2228
now,9891,2190
now,9892,2214
now,9893,2194
now,9894,2245
now,9895,2239
now,9896,2118
now,9897,2195
now,9898,2173
now,9899,2228
now,9900,2114
now,9901,2259
now,9902,2214
now,9903,2144
now,9904,2131
now,9905,2134
now,9906,2112
now,9907,2166
now,9908,2180
now,9909,2128
now,9910,2154
now,9911,2154
now,9912,2064
now,9913,2135
now,9914,2196
now,9915,2230
now,9916,2240
now,9917,2161
now,9918,2112
now,9919,2202
now,9920,2133
now,9921,2221
now,9922,2129
now,9923,2231
now,9924,2194
now,9925,2208
now,9926,2141
now,9927,2236
now,9928,2150
now,9929,2134
now,9930,2140
now,9931,2241
now,9932,2250
now,9933,2144
now,9934,2126
now,9935,2078
now,9936,2102
now,9937,2056
now,9938,2203
now,9939,2145
now,9940,2116
now,9941,2173
now,9942,2124
now,9943,2125
now,9944,2063
now,9945,2119
now,9946,2173
now,9947,2150
now,9948,2101
now,9949,2234
now,9950,2112
now,9951,2144
now,9952,2233
now,9953,2179
now,9954,2158
now,9955,2156
now,9956,2176
now,9957,2170
now,9958,2159
now,9959,2108
now,9960,2068
now,9961,2081
now,9962,2206
now,9963,2145
now,9964,2186
now,9965,2140
now,9966,2135
now,9967,2120
now,9968,2049
now,9969,2125
now,9970,2242
now,9971,2099
now,9972,2161
now,9973,2081
now,9974,2104
now,9975,2161
now,9976,2026
now,9977,2211
now,9978,2076
now,9979,2197
now,9980,2105
now,9981,2112
now,9982,2040
now,9983,2153
now,9984,2128
now,9985,2133
now,9986,2151
now,9987,2142
now,9988,2137
now,9989,2140
now,9990,2201
now,9991,2167
now,9992,2139
now,9993,2157
now,9994,2151
now,9995,2218
now,9996,2155
now,9997,2202
now,9998,2085
now,9999,2221
now,10000,2122
now,10001,2151
now,10002,2078
now,10003,2167
now,10004,2116
now,10005,2136
now,10006,2051
now,10007,2100
now,10008,2069
now,10009,2178
now,10010,2158
now,10011,2107
now,10012,2172
now,10013,2158
now,10014,2038
now,10015,2178
now,10016,2178
now,10017,2042
now,10018,2204
now,10019,2154
now,10020,2104
now,10021,2116
now,10022,2124
now,10023,2162
now,10024,2179
now,10025,2137
now,10026,2175
now,10027,2073
now,10028,2103
now,10029,2076
now,10030,2098
now,10031,2116
now,10032,2162
now,10033,2069
now,10034,2135
now,10035,2116
now,10036,2031
now,10037,2143
now,10038,2041
now,10039,2006
now,10040,2114
now,10041,2135
now,10042,2060
now,10043,2063
now,10044,2163
now,10045,2107
now,10046,2102
now,10047,2066
now,10048,2035
now,10049,2129
now,10050,2092
now,10051,2119
now,10052,2100
now,10053,2104
now,10054,2176
now,10055,2100
now,10056,2172
now,10057,2126
now,10058,2119
now,10059,2099
now,10060,2061
now,10061,2177
now,10062,2027
now,10063,2038
now,10064,2142
now,10065,2070
now,10066,2100
now,10067,2089
now,10068,2003
now,10069,2128
now,10070,2112
now,10071,2103
now,10072,2119
now,10073,2125
now,10074,2097
now,10075,2063
now,10076,2133
now,10077,2135
now,10078,2061
now,10079,2012
now,10080,2017
now,10081,2129
now,10082,2115
now,10083,2059
now,10084,2070
now,10085,2054
now,10086,2038
now,10087,2146
now,10088,2078
now,10089,1997
now,10090,2083
now,10091,2041
now,10092,2084
now,10093,2144
now,10094,2151
now,10095,2220
now,10096,2056
now,10097,2094
now,10098,2110
now,10099,2086
now,10100,2181
now,10101,2081
now,10102,2085
now,10103,1977
now,10104,2077
now,10105,2110
now,10106,2130
now,10107,2201
now,10108,2046
now,10109,2018
now,10110,2081
now,10111,2085
now,10112,2087
now,10113,2029
now,10114,2063
now,10115,2114
now,10116,2121
now,10117,2119
now,10118,2007
now,10119,2097
now,10120,1962
now,10121,2156
now,10122,2046
now,10123,2100
now,10124,2088
now,10125,2009
now,10126,2144
now,10127,2040
now,10128,2119
now,10129,2003
now,10130,2065
now,10131,2032
now,10132,2088
now,10133,2097
now,10134,2092
now,10135,1950
now,10136,2115
now,10137,2174
now,10138,2020
now,10139,2113
now,10140,2061
now,10141,2089
now,10142,2141
now,10143,2002
now,10144,2119
now,10145,2074
now,10146,2090
now,10147,2134
now,10148,2106
now,10149,2052
now,10150,2076
now,10151,2086
now,10152,2090
now,10153,2095
now,10154,2094
now,10155,2062
now,10156,2196
now,10157,2023
now,10158,2088
now,10159,2120
now,10160,2036
now,10161,2044
now,10162,2054
now,10163,2039
now,10164,2074
now,10165,2019
now,10166,2090
now,10167,2058
now,10168,2037
now,10169,2010
now,10170,2004
now,10171,2077
now,10172,2096
now,10173,2062
now,10174,2115
now,10175,2093
now,10176,1992
now,10177,2100
now,10178,2042
now,10179,2018
now,10180,2055
now,10181,2030
now,10182,2041
now,10183,1990
now,10184,2043
now,10185,2009
now,10186,2036
now,10187,2052
now,10188,2097
now,10189,2091
now,10190,2077
now,10191,2107
now,10192,2078
now,10193,2075
now,10194,2068
now,10195,2098
now,10196,2027
now,10197,2081
now,10198,2008
now,10199,1978
now,10200,2020
now,10201,2101
now,10202,1983
now,10203,2048
now,10204,2059
now,10205,2029
now,10206,2032
now,10207,2133
now,10208,2028
now,10209,2036
now,10210,1972
now,10211,2025
now,10212,2054
now,10213,1977
now,10214,2098
now,10215,2086
now,10216,2057
now,10217,2054
now,10218,2020
now,10219,2126
now,10220,2050
now,10221,1996
now,10222,2008
now,10223,1979
now,10224,2028
now,10225,2115
now,10226,2043
now,10227,2020
now,10228,2124
now,10229,2015
now,10230,1986
now,10231,1950
now,10232,1975
now,10233,2052
now,10234,2022
now,10235,2018
now,10236,1967
now,10237,2016
now,10238,2030
now,10239,2018
now,10240,1965
now,10241,2010
now,10242,2024
now,10243,1972
now,10244,1988
now,10245,2079
now,10246,2074
now,10247,1970
now,10248,1996
now,10249,1946
now,10250,2031
now,10251,1967
now,10252,1965
now,10253,2079
now,10254,2012
now,10255,2018
now,10256,2009
now,10257,2025
now,10258,2048
now,10259,2018
now,10260,2041
now,10261,1973
now,10262,2038
now,10263,2139
now,10264,1999
now,10265,2028
now,10266,2045
now,10267,1954
now,10268,2111
now,10269,2060
now,10270,2049
now,10271,2061
now,10272,1979
now,10273,2023
now,10274,2074
now,10275,1996
now,10276,2014
now,10277,2013
now,10278,1938
now,10279,2018
now,10280,1924
now,10281,2096
now,10282,1995
now,10283,1972
now,10284,1996
now,10285,2025
now,10286,2079
now,10287,2015
now,10288,2100
now,10289,1977
now,10290,2003
now,10291,2038
now,10292,2028
now,10293,1930
now,10294,1985
now,10295,2003
now,10296,1956
now,10297,2095
now,10298,1983
now,10299,2037
now,10300,2007
now,10301,2020
now,10302,1995
now,10303,2031
now,10304,1941
now,10305,1978
now,10306,2022
now,10307,2015
now,10308,2079
now,10309,2100
now,10310,1980
now,10311,1964
now,10312,2038
now,10313,2086
now,10314,1892
now,10315,1962
now,10316,2048
now,10317,2021
now,10318,1957
now,10319,2052
now,10320,2039
now,10321,2053
now,10322,1985
now,10323,2043
now,10324,2006
now,10325,1943
now,10326,2039
now,10327,2007
now,10328,2082
now,10329,1949
now,10330,1957
now,10331,1989
now,10332,1998
now,10333,1974
now,10334,1926
now,10335,2039
now,10336,1999
now,10337,1953
now,10338,2017
now,10339,1996
now,10340,2007
now,10341,2009
now,10342,1973
now,10343,2006
now,10344,1978
now,10345,1966
now,10346,1997
now,10347,1920
now,10348,2013
now,10349,1962
now,10350,2021
now,10351,1893
now,10352,2036
now,10353,1966
now,10354,2029
now,10355,1898
now,10356,1965
now,10357,1998
now,10358,1948
now,10359,2023
now,10360,2035
now,10361,1947
now,10362,1896
now,10363,1952
now,10364,1914
now,10365,2013
now,10366,1956
now,10367,1921
now,10368,2015
now,10369,1981
now,10370,2025
now,10371,2073
now,10372,1946
now,10373,2038
now,10374,1964
now,10375,1974
now,10376,2056
now,10377,2062
now,10378,2082
now,10379,1992
now,10380,1968
now,10381,2022
now,10382,1961
now,10383,2015
now,10384,1956
now,10385,1851
now,10386,2008
now,10387,1934
now,10388,1980
now,10389,1931
now,10390,2002
now,10391,1952
now,10392,1947
now,10393,1951
now,10394,1905
now,10395,1979
now,10396,2041
now,10397,1894
now,10398,1940
now,10399,1934
now,10400,2015
now,10401,1944
now,10402,2003
now,10403,1967
now,10404,1892
now,10405,2041
now,10406,1981
now,10407,1974
now,10408,1970
now,10409,1920
now,10410,1914
now,10411,2054
now,10412,1899
now,10413,1951
now,10414,1992
now,10415,2021
now,10416,1904
now,10417,2005
now,10418,2027
now,10419,1993
now,10420,1927
now,10421,2035
now,10422,1892
now,10423,1951
now,10424,1973
now,10425,1918
now,10426,1978
now,10427,1920
now,10428,2005
now,10429,1923
now,10430,1929
now,10431,1974
now,10432,1952
now,10433,1934
now,10434,1904
now,10435,1940
now,10436,1998
now,10437,2031
now,10438,1971
now,10439,1985
now,10440,1921
now,10441,1970
now,10442,1986
now,10443,1914
now,10444,1932
now,10445,1967
now,10446,1929
now,10447,1933
now,10448,1947
now,10449,1920
now,10450,1945
now,10451,1981
now,10452,1963
now,10453,1940
now,10454,1941
now,10455,1919
now,10456,1921
now,10457,2000
now,10458,1919
now,10459,1912
now,10460,1888
now,10461,1931
now,10462,1980
now,10463,1899
now,10464,1947
now,10465,1963
now,10466,2000
now,10467,1872
now,10468,1815
now,10469,1905
now,10470,1856
now,10471,2017
now,10472,2039
now,10473,1936
now,10474,1981
now,10475,1943
now,10476,1894
now,10477,1937
now,10478,1935
now,10479,1943
now,10480,1955
now,10481,1956
now,10482,1986
now,10483,1935
now,10484,1967
now,10485,1900
now,10486,1975
now,10487,1866
now,10488,1786
now,10489,1941
now,10490,1944
now,10491,1936
now,10492,1899
now,10493,1976
now,10494,1954
now,10495,1894
now,10496,1914
now,10497,1857
now,10498,1837
now,10499,1925
now,10500,1886
now,10501,1954
now,10502,1902
now,10503,1910
now,10504,1929
now,10505,1971
now,10506,1884
now,10507,1912
now,10508,1938
now,10509,1944
now,10510,1893
now,10511,1859
now,10512,1927
now,10513,1942
now,10514,1888
now,10515,1970
now,10516,1939
now,10517,1846
now,10518,1866
now,10519,1878
now,10520,1960
now,10521,1886
now,10522,1992
now,10523,1982
now,10524,1871
now,10525,1908
now,10526,1962
now,10527,1966
now,10528,1946
now,10529,1962
now,10530,1961
now,10531,2002
now,10532,1945
now,10533,1957
now,10534,1858
now,10535,1795
now,10536,1872
now,10537,1944
now,10538,1952
now,10539,1903
now,10540,1914
now,10541,1845
now,10542,1883
now,10543,1870
now,10544,1960
now,10545,1958
now,10546,1865
now,10547,1951
now,10548,1991
now,10549,1821
now,10550,1848
now,10551,2013
now,10552,1895
now,10553,1899
now,10554,1967
now,10555,1892
now,10556,1903
now,10557,1853
now,10558,1969
now,10559,1876
now,10560,1980
now,10561,1888
now,10562,1922
now,10563,1949
now,10564,1922
now,10565,1903
now,10566,1966
now,10567,1858
now,10568,1920
now,10569,1872
now,10570,1899
now,10571,1881
now,10572,1915
now,10573,1936
now,10574,1952
now,10575,1949
now,10576,1963
now,10577,1869
now,10578,1918
now,10579,1849
now,10580,1871
now,10581,1846
now,10582,1955
now,10583,1943
now,10584,1949
now,10585,1886
now,10586,1961
now,10587,1817
now,10588,1861
now,10589,1974
now,10590,1818
now,10591,1870
now,10592,1950
now,10593,1923
now,10594,1912
now,10595,1948
now,10596,1938
now,10597,1969
now,10598,1904
now,10599,1933
now,10600,1834
now,10601,1952
now,10602,1934
now,10603,1936
now,10604,1896
now,10605,1910
now,10606,1900
now,10607,1854
now,10608,1987
now,10609,1944
now,10610,1928
now,10611,1826
now,10612,1983
now,10613,1895
now,10614,1935
now,10615,1945
now,10616,1933
now,10617,1949
now,10618,1879
now,10619,1872
now,10620,1942
now,10621,1904
now,10622,1908
now,10623,1873
now,10624,1879
now,10625,1871
now,10626,1908
now,10627,1819
now,10628,1929
now,10629,1960
now,10630,1893
now,10631,1980
now,10632,1917
now,10633,1974
now,10634,1895
now,10635,1910
now,10636,1878
now,10637,1902
now,10638,1878
now,10639,1879
now,10640,1869
now,10641,1849
now,10642,1878
now,10643,1961
now,10644,1948
now,10645,1837
now,10646,1879
now,10647,1881
now,10648,1880
now,10649,1971
now,10650,1926
now,10651,1865
now,10652,1957
now,10653,1938
now,10654,1928
now,10655,1920
now,10656,1892
now,10657,1967
now,10658,1927
now,10659,2024
now,10660,1920
now,10661,1896
now,10662,1927
now,10663,1892
now,10664,1946
now,10665,1812
now,10666,1778
now,10667,1901
now,10668,1894
now,10669,1849
now,10670,1885
now,10671,1958
now,10672,1956
now,10673,1900
now,10674,1892
now,10675,1943
now,10676,1927
now,10677,1906
now,10678,1899
now,10679,1874
now,10680,1933
now,10681,1830
now,10682,1933
now,10683,1871
now,10684,1860
now,10685,1908
now,10686,1880
now,10687,1904
now,10688,1899
now,10689,1893
now,10690,1910
now,10691,1909
now,10692,1899
now,10693,1951
now,10694,1955
now,10695,1916
now,10696,2041
now,10697,1941
now,10698,1990
now,10699,1977
now,10700,2083
now,10701,1939
now,10702,1908
now,10703,1947
now,10704,1931
now,10705,1959
now,10706,1879
now,10707,1945
now,10708,1898
now,10709,1910
now,10710,1858
now,10711,1870
now,10712,1901
now,10713,1954
now,10714,1915
now,10715,1820
now,10716,1848
now,10717,1808
now,10718,1962
now,10719,1931
now,10720,1937
now,10721,1880
now,10722,1830
now,10723,1932
now,10724,1853
now,10725,1799
now,10726,1928
now,10727,1844
now,10728,1873
now,10729,1866
now,10730,1931
now,10731,1885
now,10732,1863
now,10733,1925
now,10734,1949
now,10735,1852
now,10736,1928
now,10737,1934
now,10738,1848
now,10739,1875
now,10740,1848
now,10741,1924
now,10742,1887
now,10743,1922
now,10744,1821
now,10745,1882
now,10746,1909
now,10747,1850
now,10748,1885
now,10749,1926
now,10750,1849
now,10751,1876
now,10752,1888
now,10753,1810
now,10754,1949
now,10755,1912
now,10756,1940
now,10757,1872
now,10758,1930
now,10759,1825
now,10760,1815
now,10761,1895
now,10762,1829
now,10763,1846
now,10764,1933
now,10765,1903
now,10766,1912
now,10767,1846
now,10768,1817
now,10769,1858
now,10770,1879
now,10771,1865
now,10772,1915
now,10773,1843
now,10774,1870
now,10775,1910
now,10776,1864
now,10777,1864
now,10778,1833
now,10779,1775
now,10780,1850
now,10781,1853
now,10782,1924
now,10783,1831
now,10784,1854
now,10785,1792
now,10786,1886
now,10787,1805
now,10788,1828
now,10789,1861
now,10790,1840
now,10791,1864
now,10792,1890
now,10793,1861
now,10794,1744
now,10795,1795
now,10796,1823
now,10797,1790
now,10798,1805
now,10799,1811
now,10800,1916
now,10801,1875
now,10802,1840
now,10803,1804
now,10804,1881
now,10805,1769
now,10806,1883
now,10807,1794
now,10808,1853
now,10809,1727
now,10810,1750
now,10811,1872
now,10812,1893
now,10813,1910
now,10814,1831
now,10815,1841
now,10816,1863
now,10817,1893
now,10818,1839
now,10819,1806
now,10820,1913
now,10821,1802
now,10822,1809
now,10823,1850
now,10824,1814
now,10825,1860
now,10826,1916
now,10827,1813
now,10828,1795
now,10829,1753
now,10830,1776
now,10831,1820
now,10832,1861
now,10833,1855
now,10834,1823
now,10835,1781
now,10836,1813
now,10837,1867
now,10838,1833
now,10839,1789
now,10840,1806
now,10841,1810
now,10842,1791
now,10843,1796
now,10844,1838
now,10845,1748
now,10846,1728
now,10847,1861
now,10848,1849
now,10849,1890
now,10850,1775
now,10851,1731
now,10852,1837
now,10853,1800
now,10854,1872
now,10855,1814
now,10856,1853
now,10857,1861
now,10858,1922
now,10859,1829
now,10860,1740
now,10861,1811
now,10862,1785
now,10863,1735
now,10864,1788
now,10865,1810
now,10866,1738
now,10867,1846
now,10868,1771
now,10869,1891
now,10870,1818
now,10871,1840
now,10872,1735
now,10873,1859
now,10874,1766
now,10875,1806
now,10876,1853
now,10877,1758
now,10878,1869
now,10879,1852
now,10880,1813
now,10881,1772
now,10882,1812
now,10883,1804
now,10884,1803
now,10885,1746
now,10886,1847
now,10887,1825
now,10888,1798
now,10889,1774
now,10890,1808
now,10891,1767
now,10892,1792
now,10893,1824
now,10894,1748
now,10895,1787
now,10896,1798
now,10897,1732
now,10898,1792
now,10899,1788
now,10900,1783
now,10901,1865
now,10902,1862
now,10903,1807
now,10904,1738
now,10905,1897
now,10906,1835
now,10907,1862
now,10908,1790
now,10909,1750
now,10910,1721
now,10911,1721
now,10912,1792
now,10913,1769
now,10914,1702
now,10915,1774
now,10916,1750
now,10917,1869
now,10918,1791
now,10919,1791
now,10920,1809
now,10921,1692
now,10922,1835
now,10923,1722
now,10924,1769
now,10925,1765
now,10926,1760
now,10927,1761
now,10928,1878
now,10929,1789
now,10930,1759
now,10931,1796
now,10932,1756
now,10933,1858
now,10934,1782
now,10935,1778
now,10936,1799
now,10937,1773
now,10938,1758
now,10939,1759
now,10940,1764
now,10941,1836
now,10942,1781
now,10943,1774
now,10944,1772
now,10945,1863
now,10946,1760
now,10947,1814
now,10948,1709
now,10949,1823
now,10950,1855
now,10951,1809
now,10952,1767
now,10953,1785
now,10954,1842
now,10955,1797
now,10956,1791
now,10957,1798
now,10958,1815
now,10959,1806
now,10960,1778
now,10961,1772
now,10962,1788
now,10963,1862
now,10964,1845
now,10965,1769
now,10966,1781
now,10967,1738
now,10968,1753
now,10969,1786
now,10970,1719
now,10971,1822
now,10972,1815
now,10973,1759
now,10974,1820
now,10975,1797
now,10976,1864
now,10977,1845
now,10978,1818
now,10979,1858
now,10980,1832
now,10981,1826
now,10982,1765
now,10983,1784
now,10984,1788
now,10985,1804
now,10986,1813
now,10987,1783
now,10988,1820
now,10989,1777
now,10990,1804
now,10991,1817
now,10992,1855
now,10993,1853
now,10994,1807
now,10995,1632
now,10996,1781
now,10997,1703
now,10998,1765
now,10999,1740
now,11000,1763
now,11001,1813
now,11002,1758
now,11003,1805
now,11004,1808
now,11005,1753
now,11006,1786
now,11007,1776
now,11008,1806
now,11009,1813
now,11010,1776
now,11011,1741
now,11012,1746
now,11013,1725
now,11014,1769
now,11015,1692
now,11016,1736
now,11017,1770
now,11018,1778
now,11019,1749
now,11020,1723
now,11021,1806
now,11022,1759
now,11023,1824
now,11024,1730
now,11025,1752
now,11026,1727
now,11027,1790
now,11028,1761
now,11029,1787
now,11030,1777
now,11031,1754
now,11032,1709
now,11033,1718
now,11034,1740
now,11035,1691
now,11036,1789
now,11037,1747
now,11038,1799
now,11039,1733
now,11040,1766
now,11041,1668
now,11042,1785
now,11043,1756
now,11044,1817
now,11045,1701
now,11046,1862
now,11047,1729
now,11048,1810
now,11049,1830
now,11050,1791
now,11051,1722
now,11052,1681
now,11053,1721
now,11054,1755
now,11055,1747
now,11056,1724
now,11057,1731
now,11058,1722
now,11059,1794
now,11060,1782
now,11061,1733
now,11062,1653
now,11063,1711
now,11064,1690
now,11065,1697
now,11066,1689
now,11067,1721
now,11068,1805
now,11069,1705
now,11070,1744
now,11071,1720
now,11072,1757
now,11073,1689
now,11074,1715
now,11075,1717
now,11076,1812
now,11077,1716
now,11078,1778
now,11079,1657
now,11080,1775
now,11081,1760
now,11082,1701
now,11083,1782
now,11084,1697
now,11085,1754
now,11086,1754
now,11087,1758
now,11088,1711
now,11089,1673
now,11090,1702
now,11091,1712
now,11092,1716
now,11093,1623
now,11094,1687
now,11095,1733
now,11096,1769
now,11097,1617
now,11098,1713
now,11099,1713
now,11100,1673
now,11101,1776
now,11102,1684
now,11103,1751
now,11104,1700
now,11105,1740
now,11106,1672
now,11107,1693
now,11108,1738
now,11109,1668
now,11110,1652
now,11111,1690
now,11112,1728
now,11113,1710
now,11114,1675
now,11115,1713
now,11116,1682
now,11117,1701
now,11118,1626
now,11119,1749
now,11120,1601
now,11121,1758
now,11122,1714
now,11123,1735
now,11124,1716
now,11125,1757
now,11126,1667
now,11127,1732
now,11128,1660
now,11129,1760
now,11130,1771
now,11131,1726
now,11132,1732
now,11133,1730
now,11134,1689
now,11135,1688
now,11136,1682
now,11137,1724
now,11138,1720
now,11139,1702
now,11140,1703
now,11141,1706
now,11142,1700
now,11143,1696
now,11144,1736
now,11145,1762
now,11146,1648
now,11147,1663
now,11148,1782
now,11149,1718
now,11150,1696
now,11151,1740
now,11152,1683
now,11153,1698
now,11154,1749
now,11155,1742
now,11156,1668
now,11157,1653
now,11158,1751
now,11159,1660
now,11160,1691
now,11161,1700
now,11162,1650
now,11163,1653
now,11164,1681
now,11165,1781
now,11166,1662
now,11167,1741
now,11168,1638
now,11169,1685
now,11170,1690
now,11171,1655
now,11172,1671
now,11173,1680
now,11174,1657
now,11175,1603
now,11176,1683
now,11177,1673
now,11178,1510
now,11179,1646
now,11180,1648
now,11181,1640
now,11182,1645
now,11183,1723
now,11184,1672
now,11185,1725
now,11186,1697
now,11187,1694
now,11188,1666
now,11189,1588
now,11190,1646
now,11191,1720
now,11192,1673
now,11193,1695
now,11194,1665
now,11195,1682
now,11196,1678
now,11197,1658
now,11198,1689
now,11199,1682
now,11200,1739
now,11201,1602
now,11202,1587
now,11203,1613
now,11204,1671
now,11205,1609
now,11206,1663
now,11207,1699
now,11208,1677
now,11209,1700
now,11210,1694
now,11211,1632
now,11212,1700
now,11213,1732
now,11214,1617
now,11215,1560
now,11216,1673
now,11217,1714
now,11218,1657
now,11219,1595
now,11220,1646
now,11221,1700
now,11222,1645
now,11223,1669
now,11224,1740
now,11225,1609
now,11226,1679
now,11227,1657
now,11228,1711
now,11229,1663
now,11230,1663
now,11231,1649
now,11232,1704
now,11233,1717
now,11234,1700
now,11235,1784
now,11236,1651
now,11237,1711
now,11238,1673
now,11239,1708
now,11240,1619
now,11241,1692
now,11242,1642
now,11243,1691
now,11244,1722
now,11245,1703
now,11246,1697
now,11247,1774
now,11248,1742
now,11249,1664
now,11250,1636
now,11251,1714
now,11252,1678
now,11253,1691
now,11254,1781
now,11255,1686
now,11256,1668
now,11257,1638
now,11258,1651
now,11259,1649
now,11260,1678
now,11261,1632
now,11262,1701
now,11263,1770
now,11264,1675
now,11265,1709
now,11266,1722
now,11267,1657
now,11268,1712
now,11269,1726
now,11270,1738
now,11271,1710
now,11272,1702
now,11273,1619
now,11274,1688
now,11275,1693
now,11276,1730
now,11277,1603
now,11278,1684
now,11279,1646
now,11280,1679
now,11281,1635
now,11282,1669
now,11283,1593
now,11284,1589
now,11285,1613
now,11286,1670
now,11287,1724
now,11288,1664
now,11289,1692
now,11290,1604
now,11291,1634
now,11292,1641
now,11293,1706
now,11294,1692
now,11295,1690
now,11296,1706
now,11297,1713
now,11298,1692
now,11299,1646
now,11300,1658
now,11301,1624
now,11302,1602
now,11303,1667
now,11304,1664
now,11305,1632
now,11306,1600
now,11307,1667
now,11308,1651
now,11309,1706
now,11310,1576
now,11311,1601
now,11312,1694
now,11313,1706
now,11314,1629
now,11315,1659
now,11316,1561
now,11317,1671
now,11318,1649
now,11319,1658
now,11320,1611
now,11321,1618
now,11322,1659
now,11323,1651
now,11324,1638
now,11325,1631
now,11326,1624
now,11327,1694
now,11328,1622
now,11329,1615
now,11330,1619
now,11331,1579
now,11332,1623
now,11333,1652
now,11334,1620
now,11335,1598
now,11336,1645
now,11337,1633
now,11338,1647
now,11339,1626
now,11340,1681
now,11341,1603
now,11342,1593
now,11343,1648
now,11344,1646
now,11345,1627
now,11346,1674
now,11347,1664
now,11348,1624
now,11349,1602
now,11350,1598
now,11351,1638
now,11352,1579
now,11353,1604
now,11354,1597
now,11355,1647
now,11356,1655
now,11357,1681
now,11358,1602
now,11359,1584
now,11360,1591
now,11361,1670
now,11362,1616
now,11363,1617
now,11364,1655
now,11365,1590
now,11366,1659
now,11367,1644
now,11368,1705
now,11369,1647
now,11370,1586
now,11371,1612
now,11372,1596
now,11373,1672
now,11374,1622
now,11375,1607
now,11376,1633
now,11377,1700
now,11378,1629
now,11379,1625
now,11380,1605
now,11381,1597
now,11382,1632
now,11383,1600
now,11384,1611
now,11385,1592
now,11386,1552
now,11387,1637
now,11388,1616
now,11389,1651
now,11390,1592
now,11391,1658
now,11392,1664
now,11393,1689
now,11394,1619
now,11395,1562
now,11396,1582
now,11397,1693
now,11398,1589
now,11399,1612
now,11400,1571
now,11401,1662
now,11402,1595
now,11403,1606
now,11404,1630
now,11405,1646
now,11406,1591
now,11407,1692
now,11408,1553
now,11409,1610
now,11410,1640
now,11411,1650
now,11412,1661
now,11413,1571
now,11414,1640
now,11415,1542
now,11416,1679
now,11417,1603
now,11418,1607
now,11419,1587
now,11420,1668
now,11421,1592
now,11422,1614
now,11423,1651
now,11424,1608
now,11425,1621
now,11426,1626
now,11427,1624
now,11428,1536
now,11429,1644
now,11430,1617
now,11431,1599
now,11432,1635
now,11433,1580
now,11434,1600
now,11435,1557
now,11436,1591
now,11437,1667
now,11438,1675
now,11439,1607
now,11440,1593
now,11441,1579
now,11442,1628
now,11443,1653
now,11444,1587
now,11445,1570
now,11446,1573
now,11447,1647
now,11448,1603
now,11449,1516
now,11450,1638
now,11451,1634
now,11452,1650
now,11453,1530
now,11454,1597
now,11455,1676
now,11456,1591
now,11457,1532
now,11458,1639
now,11459,1646
now,11460,1652
now,11461,1545
now,11462,1596
now,11463,1622
now,11464,1663
now,11465,1648
now,11466,1605
now,11467,1535
now,11468,1581
now,11469,1619
now,11470,1635
now,11471,1643
now,11472,1662
now,11473,1618
now,11474,1619
now,11475,1560
now,11476,1570
now,11477,1579
now,11478,1565
now,11479,1585
now,11480,1615
now,11481,1577
now,11482,1617
now,11483,1593
now,11484,1611
now,11485,1557
now,11486,1551
now,11487,1585
now,11488,1611
now,11489,1583
now,11490,1645
now,11491,1547
now,11492,1571
now,11493,1519
now,11494,1602
now,11495,1648
now,11496,1610
now,11497,1601
now,11498,1496
now,11499,1610
now,11500,1569
now,11501,1597
now,11502,1590
now,11503,1645
now,11504,1563
now,11505,1557
now,11506,1633
now,11507,1542
now,11508,1592
now,11509,1623
now,11510,1615
now,11511,1612
now,11512,1602
now,11513,1574
now,11514,1654
now,11515,1611
now,11516,1640
now,11517,1567
now,11518,1572
now,11519,1547
now,11520,1651
now,11521,1595
now,11522,1614
now,11523,1620
now,11524,1576
now,11525,1634
now,11526,1636
now,11527,1628
now,11528,1618
now,11529,1535
now,11530,1597
now,11531,1557
now,11532,1643
now,11533,1574
now,11534,1565
now,11535,1597
now,11536,1580
now,11537,1660
now,11538,1639
now,11539,1563
now,11540,1548
now,11541,1637
now,11542,1639
now,11543,1558
now,11544,1617
now,11545,1550
now,11546,1553
now,11547,1537
now,11548,1558
now,11549,1521
now,11550,1607
now,11551,1621
now,11552,1583
now,11553,1580
now,11554,1552
now,11555,1598
now,11556,1658
now,11557,1495
now,11558,1553
now,11559,1535
now,11560,1546
now,11561,1613
now,11562,1568
now,11563,1551
now,11564,1535
now,11565,1576
now,11566,1536
now,11567,1575
now,11568,1535
now,11569,1563
now,11570,1527
now,11571,1530
now,11572,1503
now,11573,1557
now,11574,1510
now,11575,1583
now,11576,1514
now,11577,1554
now,11578,1565
now,11579,1609
now,11580,1588
now,11581,1575
now,11582,1566
now,11583,1583
now,11584,1636
now,11585,1479
now,11586,1558
now,11587,1543
now,11588,1636
now,11589,1492
now,11590,1539
now,11591,1602
now,11592,1530
now,11593,1524
now,11594,1555
now,11595,1559
now,11596,1588
now,11597,1484
now,11598,1541
now,11599,1603
now,11600,1517
now,11601,1497
now,11602,1502
now,11603,1509
now,11604,1507
now,11605,1475
now,11606,1443
now,11607,1548
now,11608,1546
now,11609,1577
now,11610,1511
now,11611,1513
now,11612,1498
now,11613,1496
now,11614,1538
now,11615,1503
now,11616,1523
now,11617,1586
now,11618,1543
now,11619,1588
now,11620,1561
now,11621,1585
now,11622,1614
now,11623,1532
now,11624,1623
now,11625,1545
now,11626,1512
now,11627,1507
now,11628,1595
now,11629,1543
now,11630,1551
now,11631,1534
now,11632,1499
now,11633,1586
now,11634,1512
now,11635,1518
now,11636,1540
now,11637,1513
now,11638,1559
now,11639,1603
now,11640,1493
now,11641,1522
now,11642,1577
now,11643,1528
now,11644,1541
now,11645,1632
now,11646,1561
now,11647,1599
now,11648,1509
now,11649,1489
now,11650,1452
now,11651,1547
now,11652,1531
now,11653,1530
now,11654,1551
now,11655,1585
now,11656,1491
now,11657,1527
now,11658,1491
now,11659,1461
now,11660,1513
now,11661,1542
now,11662,1507
now,11663,1404
now,11664,1514
now,11665,1470
now,11666,1496
now,11667,1573
now,11668,1543
now,11669,1512
now,11670,1478
now,11671,1597
now,11672,1519
now,11673,1527
now,11674,1492
now,11675,1528
now,11676,1532
now,11677,1523
now,11678,1501
now,11679,1521
now,11680,1569
now,11681,1540
now,11682,1486
now,11683,1538
now,11684,1535
now,11685,1562
now,11686,1538
now,11687,1552
now,11688,1439
now,11689,1514
now,11690,1460
now,11691,1478
now,11692,1519
now,11693,1538
now,11694,1525
now,11695,1541
now,11696,1568
now,11697,1584
now,11698,1468
now,11699,1486
now,11700,1530
now,11701,1519
now,11702,1511
now,11703,1501
now,11704,1466
now,11705,1462
now,11706,1462
now,11707,1515
now,11708,1523
now,11709,1495
now,11710,1497
now,11711,1514
now,11712,1449
now,11713,1458
now,11714,1478
now,11715,1451
now,11716,1432
now,11717,1419
now,11718,1473
now,11719,1499
now,11720,1463
now,11721,1516
now,11722,1468
now,11723,1474
now,11724,1534
now,11725,1552
now,11726,1505
now,11727,1505
now,11728,1486
now,11729,1500
now,11730,1509
now,11731,1518
now,11732,1562
now,11733,1568
now,11734,1553
now,11735,1554
now,11736,1536
now,11737,1490
now,11738,1494
now,11739,1442
now,11740,1528
now,11741,1452
now,11742,1501
now,11743,1521
now,11744,1448
now,11745,1503
now,11746,1540
now,11747,1514
now,11748,1541
now,11749,1515
now,11750,1490
now,11751,1451
now,11752,1423
now,11753,1493
now,11754,1471
now,11755,1423
now,11756,1469
now,11757,1493
now,11758,1449
now,11759,1545
now,11760,1509
now,11761,1437
now,11762,1524
now,11763,1492
now,11764,1566
now,11765,1502
now,11766,1527
now,11767,1531
now,11768,1532
now,11769,1499
now,11770,1416
now,11771,1481
now,11772,1553
now,11773,1532
now,11774,1526
now,11775,1442
now,11776,1519
now,11777,1446
now,11778,1481
now,11779,1481
now,11780,1530
now,11781,1500
now,11782,1438
now,11783,1456
now,11784,1458
now,11785,1520
now,11786,1467
now,11787,1504
now,11788,1549
now,11789,1539
now,11790,1479
now,11791,1517
now,11792,1489
now,11793,1449
now,11794,1553
now,11795,1546
now,11796,1616
now,11797,1479
now,11798,1451
now,11799,1505
now,11800,1550
now,11801,1516
now,11802,1567
now,11803,1525
now,11804,1436
now,11805,1461
now,11806,1486
now,11807,1555
now,11808,1589
now,11809,1564
now,11810,1559
now,11811,1502
now,11812,1601
now,11813,1449
now,11814,1502
now,11815,1447
now,11816,1524
now,11817,1417
now,11818,1475
now,11819,1450
now,11820,1458
now,11821,1378
now,11822,1434
now,11823,1434
now,11824,1524
now,11825,1466
now,11826,1511
now,11827,1463
now,11828,1521
now,11829,1437
now,11830,1556
now,11831,1565
now,11832,1488
now,11833,1460
now,11834,1525
now,11835,1466
now,11836,1482
now,11837,1467
now,11838,1519
now,11839,1428
now,11840,1529
now,11841,1422
now,11842,1429
now,11843,1472
now,11844,1472
now,11845,1426
now,11846,1490
now,11847,1443
now,11848,1491
now,11849,1574
now,11850,1449
now,11851,1484
now,11852,1529
now,11853,1523
now,11854,1463
now,11855,1521
now,11856,1450
now,11857,1419
now,11858,1480
now,11859,1446
now,11860,1500
now,11861,1459
now,11862,1499
now,11863,1485
now,11864,1447
now,11865,1517
now,11866,1468
now,11867,1416
now,11868,1486
now,11869,1494
now,11870,1489
now,11871,1402
now,11872,1461
now,11873,1431
now,11874,1474
now,11875,1559
now,11876,1432
now,11877,1438
now,11878,1503
now,11879,1428
now,11880,1486
now,11881,1448
now,11882,1459
now,11883,1462
now,11884,1441
now,11885,1479
now,11886,1511
now,11887,1429
now,11888,1560
now,11889,1492
now,11890,1475
now,11891,1410
now,11892,1396
now,11893,1367
now,11894,1499
now,11895,1421
now,11896,1463
now,11897,1381
now,11898,1407
now,11899,1472
now,11900,1425
now,11901,1480
now,11902,1400
now,11903,1505
now,11904,1427
now,11905,1579
now,11906,1521
now,11907,1431
now,11908,1443
now,11909,1453
now,11910,1451
now,11911,1444
now,11912,1392
now,11913,1512
now,11914,1369
now,11915,1482
now,11916,1368
now,11917,1449
now,11918,1483
now,11919,1449
now,11920,1416
now,11921,1408
now,11922,1416
now,11923,1517
now,11924,1461
now,11925,1497
now,11926,1468
now,11927,1531
now,11928,1465
now,11929,1425
now,11930,1504
now,11931,1395
now,11932,1532
now,11933,1422
now,11934,1427
now,11935,1397
now,11936,1458
now,11937,1435
now,11938,1427
now,11939,1434
now,11940,1427
now,11941,1421
now,11942,1381
now,11943,1426
now,11944,1416
now,11945,1454
now,11946,1436
now,11947,1464
now,11948,1395
now,11949,1408
now,11950,1503
now,11951,1500
now,11952,1438
now,11953,1490
now,11954,1437
now,11955,1445
now,11956,1463
now,11957,1377
now,11958,1449
now,11959,1445
now,11960,1425
now,11961,1488
now,11962,1472
now,11963,1401
now,11964,1445
now,11965,1479
now,11966,1453
now,11967,1386
now,11968,1429
now,11969,1468
now,11970,1392
now,11971,1470
now,11972,1488
now,11973,1495
now,11974,1446
now,11975,1470
now,11976,1420
now,11977,1498
now,11978,1461
now,11979,1470
now,11980,1478
now,11981,1464
now,11982,1449
now,11983,1435
now,11984,1444
now,11985,1357
now,11986,1451
now,11987,1377
now,11988,1403
now,11989,1473
now,11990,1439
now,11991,1464
now,11992,1384
now,11993,1370
now,11994,1407
now,11995,1454
now,11996,1441
now,11997,1392
now,11998,1447
now,11999,1445
now,12000,1426
now,12001,1407
now,12002,1454
now,12003,1426
now,12004,1448
now,12005,1435
now,12006,1432
now,12007,1468
now,12008,1486
now,12009,1434
now,12010,1457
now,12011,1434
now,12012,1476
now,12013,1444
now,12014,1464
now,12015,1372
now,12016,1424
now,12017,1418
now,12018,1471
now,12019,1446
now,12020,1461
now,12021,1423
now,12022,1441
now,12023,1410
now,12024,1474
now,12025,1441
now,12026,1412
now,12027,1403
now,12028,1429
now,12029,1452
now,12030,1436
now,12031,1355
now,12032,1406
now,12033,1478
now,12034,1472
now,12035,1380
now,12036,1487
now,12037,1388
now,12038,1437
now,12039,1406
now,12040,1423
now,12041,1428
now,12042,1446
now,12043,1456
now,12044,1389
now,12045,1426
now,12046,1408
now,12047,1376
now,12048,1413
now,12049,1336
now,12050,1481
now,12051,1503
now,12052,1482
now,12053,1383
now,12054,1434
now,12055,1426
now,12056,1437
now,12057,1415
now,12058,1470
now,12059,1373
now,12060,1379
now,12061,1436
now,12062,1407
now,12063,1404
now,12064,1436
now,12065,1380
now,12066,1398
now,12067,1403
now,12068,1388
now,12069,1446
now,12070,1388
now,12071,1466
now,12072,1478
now,12073,1410
now,12074,1442
now,12075,1432
now,12076,1458
now,12077,1380
now,12078,1393
now,12079,1427
now,12080,1355
now,12081,1429
now,12082,1431
now,12083,1467
now,12084,1455
now,12085,1439
now,12086,1503
now,12087,1409
now,12088,1406
now,12089,1387
now,12090,1408
now,12091,1444
now,12092,1430
now,12093,1435
now,12094,1448
now,12095,1372
now,12096,1404
now,12097,1345
now,12098,1414
now,12099,1461
now,12100,1414
now,12101,1392
now,12102,1400
now,12103,1355
now,12104,1393
now,12105,1312
now,12106,1381
now,12107,1394
now,12108,1336
now,12109,1381
now,12110,1404
now,12111,1415
now,12112,1469
now,12113,1412
now,12114,1442
now,12115,1407
now,12116,1406
now,12117,1431
now,12118,1353
now,12119,1350
now,12120,1367
now,12121,1379
now,12122,1365
now,12123,1317
now,12124,1393
now,12125,1379
now,12126,1379
now,12127,1360
now,12128,1340
now,12129,1408
now,12130,1401
now,12131,1424
now,12132,1417
now,12133,1353
now,12134,1407
now,12135,1436
now,12136,1375
now,12137,1391
now,12138,1372
now,12139,1425
now,12140,1340
now,12141,1400
now,12142,1378
now,12143,1364
now,12144,1420
now,12145,1421
now,12146,1403
now,12147,1370
now,12148,1366
now,12149,1391
now,12150,1345
now,12151,1386
now,12152,1390
now,12153,1365
now,12154,1399
now,12155,1354
now,12156,1403
now,12157,1402
now,12158,1405
now,12159,1347
now,12160,1441
now,12161,1343
now,12162,1322
now,12163,1343
now,12164,1401
now,12165,1376
now,12166,1381
now,12167,1430
now,12168,1370
now,12169,1422
now,12170,1393
now,12171,1344
now,12172,1434
now,12173,1325
now,12174,1371
now,12175,1284
now,12176,1373
now,12177,1327
now,12178,1376
now,12179,1376
now,12180,1373
now,12181,1368
now,12182,1334
now,12183,1350
now,12184,1383
now,12185,1357
now,12186,1358
now,12187,1339
now,12188,1386
now,12189,1334
now,12190,1344
now,12191,1323
now,12192,1378
now,12193,1367
now,12194,1415
now,12195,1332
now,12196,1415
now,12197,1289
now,12198,1327
now,12199,1377
now,12200,1421
now,12201,1408
now,12202,1296
now,12203,1453
now,12204,1342
now,12205,1402
now,12206,1356
now,12207,1316
now,12208,1392
now,12209,1366
now,12210,1384
now,12211,1324
now,12212,1415
now,12213,1328
now,12214,1306
now,12215,1328
now,12216,1349
now,12217,1320
now,12218,1338
now,12219,1334
now,12220,1332
now,12221,1427
now,12222,1338
now,12223,1361
now,12224,1362
now,12225,1411
now,12226,1371
now,12227,1322
now,12228,1350
now,12229,1348
now,12230,1300
now,12231,1353
now,12232,1334
now,12233,1352
now,12234,1359
now,12235,1389
now,12236,1408
now,12237,1385
now,12238,1345
now,12239,1306
now,12240,1336
now,12241,1363
now,12242,1451
now,12243,1342
now,12244,1398
now,12245,1347
now,12246,1372
now,12247,1390
now,12248,1401
now,12249,1360
now,12250,1355
now,12251,1325
now,12252,1398
now,12253,1336
now,12254,1327
now,12255,1299
now,12256,1404
now,12257,1334
now,12258,1427
now,12259,1349
now,12260,1301
now,12261,1348
now,12262,1337
now,12263,1322
now,12264,1342
now,12265,1314
now,12266,1332
now,12267,1411
now,12268,1330
now,12269,1310
now,12270,1380
now,12271,1359
now,12272,1316
now,12273,1305
now,12274,1409
now,12275,1313
now,12276,1299
now,12277,1386
now,12278,1354
now,12279,1377
now,12280,1350
now,12281,1292
now,12282,1338
now,12283,1332
now,12284,1340
now,12285,1330
now,12286,1303
now,12287,1405
now,12288,1358
now,12289,1267
now,12290,1357
now,12291,1301
now,12292,1326
now,12293,1270
now,12294,1340
now,12295,1248
now,12296,1318
now,12297,1358
now,12298,1332
now,12299,1219
now,12300,1371
now,12301,1319
now,12302,1385
now,12303,1313
now,12304,1363
now,12305,1359
now,12306,1274
now,12307,1336
now,12308,1306
now,12309,1283
now,12310,1335
now,12311,1323
now,12312,1359
now,12313,1285
now,12314,1409
now,12315,1303
now,12316,1378
now,12317,1410
now,12318,1271
now,12319,1285
now,12320,1310
now,12321,1345
now,12322,1397
now,12323,1299
now,12324,1356
now,12325,1293
now,12326,1329
now,12327,1336
now,12328,1386
now,12329,1336
now,12330,1345
now,12331,1344
now,12332,1360
now,12333,1308
now,12334,1319
now,12335,1378
now,12336,1373
now,12337,1290
now,12338,1300
now,12339,1323
now,12340,1344
now,12341,1309
now,12342,1368
now,12343,1333
now,12344,1372
now,12345,1376
now,12346,1285
now,12347,1363
now,12348,1315
now,12349,1330
now,12350,1315
now,12351,1310
now,12352,1333
now,12353,1324
now,12354,1310
now,12355,1369
now,12356,1391
now,12357,1410
now,12358,1379
now,12359,1331
now,12360,1258
now,12361,1432
now,12362,1674
now,12363,1362
now,12364,1349
now,12365,1349
now,12366,1328
now,12367,1304
now,12368,1355
now,12369,1309
now,12370,1337
now,12371,1351
now,12372,1264
now,12373,1385
now,12374,1363
now,12375,1282
now,12376,1298
now,12377,1372
now,12378,1351
now,12379,1285
now,12380,1282
now,12381,1355
now,12382,1369
now,12383,1315
now,12384,1262
now,12385,1310
now,12386,1284
now,12387,1276
now,12388,1328
now,12389,1383
now,12390,1272
now,12391,1265
now,12392,1265
now,12393,1277
now,12394,1334
now,12395,1264
now,12396,1326
now,12397,1281
now,12398,1267
now,12399,1365
now,12400,1340
now,12401,1281
now,12402,1294
now,12403,1315
now,12404,1271
now,12405,1320
now,12406,1281
now,12407,1346
now,12408,1340
now,12409,1355
now,12410,1307
now,12411,1344
now,12412,1316
now,12413,1283
now,12414,1289
now,12415,1270
now,12416,1327
now,12417,1300
now,12418,1262
now,12419,1237
now,12420,1320
now,12421,1295
now,12422,1275
now,12423,1271
now,12424,1313
now,12425,1270
now,12426,1332
now,12427,1311
now,12428,1304
now,12429,1288
now,12430,1317
now,12431,1286
now,12432,1317
now,12433,1321
now,12434,1321
now,12435,1269
now,12436,1325
now,12437,1252
now,12438,1229
now,12439,1293
now,12440,1351
now,12441,1264
now,12442,1277
now,12443,1353
now,12444,1325
now,12445,1306
now,12446,1277
now,12447,1257
now,12448,1294
now,12449,1305
now,12450,1265
now,12451,1284
now,12452,1339
now,12453,1329
now,12454,1325
now,12455,1319
now,12456,1271
now,12457,1295
now,12458,1289
now,12459,1269
now,12460,1299
now,12461,1312
now,12462,1289
now,12463,1263
now,12464,1257
now,12465,1316
now,12466,1282
now,12467,1282
now,12468,1317
now,12469,1308
now,12470,1326
now,12471,1305
now,12472,1347
now,12473,1216
now,12474,1311
now,12475,1242
now,12476,1316
now,12477,1237
now,12478,1246
now,12479,1335
now,12480,1222
now,12481,1263
now,12482,1317
now,12483,1249
now,12484,1272
now,12485,1271
now,12486,1243
now,12487,1267
now,12488,1327
now,12489,1188
now,12490,1357
now,12491,1269
now,12492,1274
now,12493,1255
now,12494,1282
now,12495,1282
now,12496,1310
now,12497,1276
now,12498,1250
now,12499,1268
now,12500,1348
now,12501,1241
now,12502,1244
now,12503,1256
now,12504,1260
now,12505,1209
now,12506,1341
now,12507,1226
now,12508,1226
now,12509,1295
now,12510,1322
now,12511,1274
now,12512,1278
now,12513,1277
now,12514,1350
now,12515,1288
now,12516,1237
now,12517,1242
now,12518,1276
now,12519,1256
now,12520,1303
now,12521,1289
now,12522,1233
now,12523,1254
now,12524,1258
now,12525,1265
now,12526,1282
now,12527,1254
now,12528,1247
now,12529,1251
now,12530,1332
now,12531,1293
now,12532,1254
now,12533,1296
now,12534,1226
now,12535,1302
now,12536,1251
now,12537,1226
now,12538,1314
now,12539,1242
now,12540,1310
now,12541,1217
now,12542,1239
now,12543,1332
now,12544,1280
now,12545,1262
now,12546,1230
now,12547,1258
now,12548,1250
now,12549,1324
now,12550,1284
now,12551,1261
now,12552,1282
now,12553,1253
now,12554,1241
now,12555,1242
now,12556,1329
now,12557,1264
now,12558,1304
now,12559,1168
now,12560,1301
now,12561,1299
now,12562,1231
now,12563,1318
now,12564,1281
now,12565,1279
now,12566,1214
now,12567,1247
now,12568,1264
now,12569,1294
now,12570,1210
now,12571,1299
now,12572,1232
now,12573,1255
now,12574,1230
now,12575,1318
now,12576,1227
now,12577,1222
now,12578,1263
now,12579,1298
now,12580,1288
now,12581,1261
now,12582,1279
now,12583,1221
now,12584,1244
now,12585,1254
now,12586,1257
now,12587,1277
now,12588,1313
now,12589,1233
now,12590,1246
now,12591,1220
now,12592,1225
now,12593,1269
now,12594,1256
now,12595,1229
now,12596,1277
now,12597,1216
now,12598,1241
now,12599,1239
now,12600,1262
now,12601,1238
now,12602,1217
now,12603,1229
now,12604,1220
now,12605,1232
now,12606,1244
now,12607,1267
now,12608,1288
now,12609,1263
now,12610,1293
now,12611,1219
now,12612,1266
now,12613,1163
now,12614,1244
now,12615,1247
now,12616,1258
now,12617,1260
now,12618,1322
now,12619,1221
now,12620,1281
now,12621,1186
now,12622,1279
now,12623,1190
now,12624,1263
now,12625,1184
now,12626,1252
now,12627,1225
now,12628,1282
now,12629,1293
now,12630,1270
now,12631,1271
now,12632,1249
now,12633,1246
now,12634,1179
now,12635,1312
now,12636,1255
now,12637,1241
now,12638,1262
now,12639,1302
now,12640,1241
now,12641,1270
now,12642,1264
now,12643,1250
now,12644,1222
now,12645,1253
now,12646,1271
now,12647,1266
now,12648,1251
now,12649,1259
now,12650,1265
now,12651,1215
now,12652,1218
now,12653,1223
now,12654,1249
now,12655,1221
now,12656,1239
now,12657,1254
now,12658,1219
now,12659,1197
now,12660,1234
now,12661,1175
now,12662,1239
now,12663,1206
now,12664,1218
now,12665,1228
now,12666,1220
now,12667,1222
now,12668,1230
now,12669,1268
now,12670,1245
now,12671,1222
now,12672,1319
now,12673,1256
now,12674,1234
now,12675,1241
now,12676,1231
now,12677,1220
now,12678,1323
now,12679,1218
now,12680,1236
now,12681,1239
now,12682,1172
now,12683,1223
now,12684,1210
now,12685,1270
now,12686,1225
now,12687,1293
now,12688,1208
now,12689,1209
now,12690,1284
now,12691,1250
now,12692,1226
now,12693,1230
now,12694,1245
now,12695,1194
now,12696,1253
now,12697,1277
now,12698,1233
now,12699,1225
now,12700,1187
now,12701,1280
now,12702,1213
now,12703,1237
now,12704,1211
now,12705,1211
now,12706,1266
now,12707,1261
now,12708,1241
now,12709,1212
now,12710,1279
now,12711,1185
now,12712,1199
now,12713,1266
now,12714,1230
now,12715,1220
now,12716,1233
now,12717,1251
now,12718,1193
now,12719,1183
now,12720,1244
now,12721,1193
now,12722,1220
now,12723,1122
now,12724,1225
now,12725,1238
now,12726,1201
now,12727,1259
now,12728,1257
now,12729,1243
now,12730,1218
now,12731,1250
now,12732,1196
now,12733,1215
now,12734,1223
now,12735,1253
now,12736,1206
now,12737,1208
now,12738,1201
now,12739,1233
now,12740,1207
now,12741,1232
now,12742,1240
now,12743,1142
now,12744,1212
now,12745,1214
now,12746,1202
now,12747,1219
now,12748,1196
now,12749,1223
now,12750,1218
now,12751,1140
now,12752,1213
now,12753,1203
now,12754,1195
now,12755,1237
now,12756,1211
now,12757,1183
now,12758,1179
now,12759,1223
now,12760,1214
now,12761,1168
now,12762,1171
now,12763,1213
now,12764,1171
now,12765,1254
now,12766,1211
now,12767,1180
now,12768,1112
now,12769,1135
now,12770,1168
now,12771,1190
now,12772,1183
now,12773,1206
now,12774,1237
now,12775,1198
now,12776,1186
now,12777,1223
now,12778,1199
now,12779,1214
now,12780,1243
now,12781,1168
now,12782,1221
now,12783,1260
now,12784,1189
now,12785,1218
now,12786,1151
now,12787,1180
now,12788,1239
now,12789,1222
now,12790,1157
now,12791,1242
now,12792,1208
now,12793,1252
now,12794,1277
now,12795,1247
now,12796,1155
now,12797,1185
now,12798,1207
now,12799,1179
now,12800,1181
now,12801,1177
now,12802,1144
now,12803,1098
now,12804,1281
now,12805,1224
now,12806,1134
now,12807,1193
now,12808,1210
now,12809,1218
now,12810,1180
now,12811,1227
now,12812,1155
now,12813,1195
now,12814,1146
now,12815,1173
now,12816,1200
now,12817,1197
now,12818,1249
now,12819,1149
now,12820,1228
now,12821,1250
now,12822,1218
now,12823,1209
now,12824,1132
now,12825,1238
now,12826,1201
now,12827,1130
now,12828,1235
now,12829,1213
now,12830,1126
now,12831,1136
now,12832,1184
now,12833,1209
now,12834,1142
now,12835,1147
now,12836,1225
now,12837,1140
now,12838,1159
now,12839,1148
now,12840,1207
now,12841,1212
now,12842,1182
now,12843,1187
now,12844,1121
now,12845,1153
now,12846,1225
now,12847,1196
now,12848,1164
now,12849,1203
now,12850,1217
now,12851,1215
now,12852,1215
now,12853,1164
now,12854,1171
now,12855,1138
now,12856,1167
now,12857,1121
now,12858,1145
now,12859,1198
now,12860,1205
now,12861,1179
now,12862,1183
now,12863,1223
now,12864,1238
now,12865,1146
now,12866,1171
now,12867,1235
now,12868,1215
now,12869,1236
now,12870,1167
now,12871,1192
now,12872,1240
now,12873,1196
now,12874,1267
now,12875,1192
now,12876,1229
now,12877,1208
now,12878,1171
now,12879,1206
now,12880,1145
now,12881,1143
now,12882,1180
now,12883,1224
now,12884,1203
now,12885,1161
now,12886,1187
now,12887,1200
now,12888,1168
now,12889,1144
now,12890,1167
now,12891,1194
now,12892,1158
now,12893,1175
now,12894,1200
now,12895,1252
now,12896,1205
now,12897,1156
now,12898,1206
now,12899,1177
now,12900,1205
now,12901,1213
now,12902,1196
now,12903,1166
now,12904,1159
now,12905,1215
now,12906,1232
now,12907,1185
now,12908,1194
now,12909,1148
now,12910,1184
now,12911,1180
now,12912,1185
now,12913,1252
now,12914,1203
now,12915,1202
now,12916,1250
now,12917,1195
now,12918,1208
now,12919,1214
now,12920,1163
now,12921,1118
now,12922,1211
now,12923,1188
now,12924,1158
now,12925,1135
now,12926,1245
now,12927,1153
now,12928,1197
now,12929,1223
now,12930,1124
now,12931,1156
now,12932,1200
now,12933,1114
now,12934,1162
now,12935,1117
now,12936,1163
now,12937,1186
now,12938,1113
now,12939,1153
now,12940,1180
now,12941,1156
now,12942,1169
now,12943,1169
now,12944,1159
now,12945,1200
now,12946,1138
now,12947,1128
now,12948,1125
now,12949,1134
now,12950,1154
now,12951,1222
now,12952,1115
now,12953,1171
now,12954,1164
now,12955,1168
now,12956,1238
now,12957,1161
now,12958,1147
now,12959,1172
now,12960,1264
now,12961,1108
now,12962,1181
now,12963,1196
now,12964,1179
now,12965,1158
now,12966,1117
now,12967,1165
now,12968,1148
now,12969,1155
now,12970,1185
now,12971,1175
now,12972,1100
now,12973,1143
now,12974,1164
now,12975,1170
now,12976,1194
now,12977,1174
now,12978,1127
now,12979,1185
now,12980,1267
now,12981,1198
now,12982,1131
now,12983,1185
now,12984,1156
now,12985,1190
now,12986,1214
now,12987,1122
now,12988,1179
now,12989,1122
now,12990,1159
now,12991,1146
now,12992,1126
now,12993,1144
now,12994,1173
now,12995,1140
now,12996,1088
now,12997,1089
now,12998,1109
now,12999,1121
now,13000,1181
now,13001,1176
now,13002,1162
now,13003,1123
now,13004,1174
now,13005,1174
now,13006,1153
now,13007,1171
now,13008,1096
now,13009,1165
now,13010,1144
now,13011,1110
now,13012,1120
now,13013,1158
now,13014,1116
now,13015,1122
now,13016,1162
now,13017,1144
now,13018,1149
now,13019,1162
now,13020,1127
now,13021,1137
now,13022,1094
now,13023,1116
now,13024,1082
now,13025,1130
now,13026,1082
now,13027,1118
now,13028,1216
now,13029,1173
now,13030,1106
now,13031,1133
now,13032,1115
now,13033,1144
now,13034,1145
now,13035,1129
now,13036,1179
now,13037,1092
now,13038,1142
now,13039,1122
now,13040,1157
now,13041,1122
now,13042,1123
now,13043,1156
now,13044,1121
now,13045,1136
now,13046,1092
now,13047,1239
now,13048,1140
now,13049,1116
now,13050,1114
now,13051,1194
now,13052,1108
now,13053,1094
now,13054,1148
now,13055,1117
now,13056,1147
now,13057,1111
now,13058,1102
now,13059,1143
now,13060,1171
now,13061,1179
now,13062,1119
now,13063,1148
now,13064,1108
now,13065,1160
now,13066,1103
now,13067,1088
now,13068,1094
now,13069,1094
now,13070,1189
now,13071,1130
now,13072,1101
now,13073,1115
now,13074,1134
now,13075,1169
now,13076,1127
now,13077,1113
now,13078,1122
now,13079,1163
now,13080,1095
now,13081,1124
now,13082,1075
now,13083,1143
now,13084,1129
now,13085,1138
now,13086,1175
now,13087,1175
now,13088,1119
now,13089,1137
now,13090,1141
now,13091,1147
now,13092,1070
now,13093,1151
now,13094,1143
now,13095,1130
now,13096,1156
now,13097,1128
now,13098,1176
now,13099,1140
now,13100,1142
now,13101,1134
now,13102,1135
now,13103,1122
now,13104,1073
now,13105,1119
now,13106,1113
now,13107,1165
now,13108,1094
now,13109,1107
now,13110,1084
now,13111,1151
now,13112,1113
now,13113,1140
now,13114,1122
now,13115,1135
now,13116,1097
now,13117,1140
now,13118,1140
now,13119,1141
now,13120,1130
now,13121,1111
now,13122,1203
now,13123,1157
now,13124,1155
now,13125,1094
now,13126,1172
now,13127,1133
now,13128,1159
now,13129,1073
now,13130,1127
now,13131,1132
now,13132,1125
now,13133,1092
now,13134,1163
now,13135,1115
now,13136,1059
now,13137,1094
now,13138,1160
now,13139,1134
now,13140,1121
now,13141,1158
now,13142,1138
now,13143,1079
now,13144,1131
now,13145,1108
now,13146,1113
now,13147,1152
now,13148,1129
now,13149,1136
now,13150,1110
now,13151,1125
now,13152,1112
now,13153,1187
now,13154,1127
now,13155,1139
now,13156,1119
now,13157,1143
now,13158,1109
now,13159,1146
now,13160,1105
now,13161,1162
now,13162,1132
now,13163,1115
now,13164,1132
now,13165,1151
now,13166,1048
now,13167,1124
now,13168,1170
now,13169,1108
now,13170,1135
now,13171,1078
now,13172,1156
now,13173,1130
now,13174,1129
now,13175,1146
now,13176,1174
now,13177,1065
now,13178,1139
now,13179,1099
now,13180,1122
now,13181,1130
now,13182,1171
now,13183,1182
now,13184,1123
now,13185,1148
now,13186,1099
now,13187,1178
now,13188,1123
now,13189,1143
now,13190,1107
now,13191,1108
now,13192,1116
now,13193,1189
now,13194,1169
now,13195,1197
now,13196,1139
now,13197,1133
now,13198,1070
now,13199,1132
now,13200,1127
now,13201,1117
now,13202,1107
now,13203,1058
now,13204,1094
now,13205,1124
now,13206,1071
now,13207,1098
now,13208,1124
now,13209,1125
now,13210,1115
now,13211,1118
now,13212,1053
now,13213,1062
now,13214,1120
now,13215,1158
now,13216,1107
now,13217,1126
now,13218,1088
now,13219,1127
now,13220,1075
now,13221,1038
now,13222,1102
now,13223,1091
now,13224,1091
now,13225,1090
now,13226,1102
now,13227,1077
now,13228,1068
now,13229,1170
now,13230,1091
now,13231,1082
now,13232,1114
now,13233,1080
now,13234,1094
now,13235,1132
now,13236,1117
now,13237,1172
now,13238,1163
now,13239,1110
now,13240,1056
now,13241,1114
now,13242,1114
now,13243,1077
now,13244,1115
now,13245,1110
now,13246,1128
now,13247,1063
now,13248,1108
now,13249,1090
now,13250,1110
now,13251,1119
now,13252,1119
now,13253,1073
now,13254,1079
now,13255,1133
now,13256,1188
now,13257,1070
now,13258,1094
now,13259,1082
now,13260,1101
now,13261,1039
now,13262,1101
now,13263,1094
now,13264,1020
now,13265,1109
now,13266,1092
now,13267,1097
now,13268,1108
now,13269,1100
now,13270,1084
now,13271,1097
now,13272,1103
now,13273,1125
now,13274,1062
now,13275,1113
now,13276,1044
now,13277,1021
now,13278,1048
now,13279,1057
now,13280,1110
now,13281,1070
now,13282,1113
now,13283,1128
now,13284,1032
now,13285,1048
now,13286,1106
now,13287,1090
now,13288,1048
now,13289,1085
now,13290,1046
now,13291,1081
now,13292,1061
now,13293,1048
now,13294,1074
now,13295,1080
now,13296,1034
now,13297,1018
now,13298,1060
now,13299,1047
now,13300,1098
now,13301,1102
now,13302,1102
now,13303,1092
now,13304,1111
now,13305,1063
now,13306,1050
now,13307,1064
now,13308,1104
now,13309,1110
now,13310,1087
now,13311,1091
now,13312,1073
now,13313,1050
now,13314,1100
now,13315,1125
now,13316,1073
now,13317,1058
now,13318,1103
now,13319,1086
now,13320,1104
now,13321,1108
now,13322,1110
now,13323,1119
now,13324,1062
now,13325,1061
now,13326,1083
now,13327,1095
now,13328,1059
now,13329,1080
now,13330,1066
now,13331,1040
now,13332,1041
now,13333,1124
now,13334,1123
now,13335,1061
now,13336,1103
now,13337,1101
now,13338,1140
now,13339,1065
now,13340,1103
now,13341,1078
now,13342,1069
now,13343,1056
now,13344,1131
now,13345,1112
now,13346,1146
now,13347,1039
now,13348,1047
now,13349,1098
now,13350,1047
now,13351,1022
now,13352,1106
now,13353,1070
now,13354,1052
now,13355,1079
now,13356,1059
now,13357,1036
now,13358,1078
now,13359,1063
now,13360,1040
now,13361,1055
now,13362,1074
now,13363,1076
now,13364,1115
now,13365,1122
now,13366,1050
now,13367,1042
now,13368,1068
now,13369,1121
now,13370,1097
now,13371,1003
now,13372,1045
now,13373,1052
now,13374,1055
now,13375,1120
now,13376,1078
now,13377,1045
now,13378,1067
now,13379,1065
now,13380,1072
now,13381,1084
now,13382,1036
now,13383,1114
now,13384,1027
now,13385,1001
now,13386,1086
now,13387,1011
now,13388,1104
now,13389,1047
now,13390,1076
now,13391,1040
now,13392,1068
now,13393,1058
now,13394,974
now,13395,1084
now,13396,1036
now,13397,1057
now,13398,1051
now,13399,1001
now,13400,1061
now,13401,1037
now,13402,1069
now,13403,1071
now,13404,1040
now,13405,1066
now,13406,1015
now,13407,1000
now,13408,1063
now,13409,1071
now,13410,1052
now,13411,1029
now,13412,1049
now,13413,1017
now,13414,1055
now,13415,1033
now,13416,1014
now,13417,1089
now,13418,1055
now,13419,1073
now,13420,1067
now,13421,990
now,13422,1060
now,13423,1122
now,13424,1034
now,13425,1098
now,13426,1025
now,13427,1034
now,13428,992
now,13429,1072
now,13430,1048
now,13431,1065
now,13432,1110
now,13433,1074
now,13434,1087
now,13435,1075
now,13436,1092
now,13437,1078
now,13438,1105
now,13439,1041
now,13440,1023
now,13441,1042
now,13442,1083
now,13443,1063
now,13444,1054
now,13445,1112
now,13446,1033
now,13447,1066
now,13448,992
now,13449,1111
now,13450,1076
now,13451,1064
now,13452,1046
now,13453,1042
now,13454,1028
now,13455,1034
now,13456,1073
now,13457,1080
now,13458,1069
now,13459,1015
now,13460,1077
now,13461,1119
now,13462,1033
now,13463,1056
now,13464,979
now,13465,1055
now,13466,1049
now,13467,1075
now,13468,1015
now,13469,991
now,13470,1065
now,13471,1018
now,13472,1065
now,13473,1109
now,13474,1063
now,13475,984
now,13476,1089
now,13477,1038
now,13478,1092
now,13479,1044
now,13480,1012
now,13481,1017
now,13482,1059
now,13483,994
now,13484,1080
now,13485,1051
now,13486,1082
now,13487,1063
now,13488,1092
now,13489,1043
now,13490,1109
now,13491,1096
now,13492,1011
now,13493,1050
now,13494,1061
now,13495,1059
now,13496,1014
now,13497,1076
now,13498,1075
now,13499,1025
now,13500,1032
now,13501,1074
now,13502,1067
now,13503,1101
now,13504,1054
now,13505,1065
now,13506,1027
now,13507,1077
now,13508,1087
now,13509,985
now,13510,978
now,13511,1062
now,13512,1087
now,13513,1076
now,13514,984
now,13515,994
now,13516,1038
now,13517,1043
now,13518,1032
now,13519,1062
now,13520,983
now,13521,1070
now,13522,1074
now,13523,1061
now,13524,999
now,13525,1038
now,13526,1059
now,13527,1062
now,13528,1067
now,13529,1027
now,13530,1092
now,13531,1032
now,13532,1016
now,13533,1078
now,13534,978
now,13535,1058
now,13536,1055
now,13537,990
now,13538,1077
now,13539,1060
now,13540,1015
now,13541,1035
now,13542,1020
now,13543,1015
now,13544,1002
now,13545,1055
now,13546,1064
now,13547,1032
now,13548,1057
now,13549,1019
now,13550,1064
now,13551,1033
now,13552,1118
now,13553,1025
now,13554,1014
now,13555,1045
now,13556,969
now,13557,1054
now,13558,983
now,13559,1053
now,13560,1056
now,13561,1042
now,13562,1040
now,13563,1018
now,13564,1037
now,13565,1015
now,13566,1040
now,13567,1006
now,13568,1024
now,13569,1068
now,13570,994
now,13571,1082
now,13572,976
now,13573,988
now,13574,1044
now,13575,1013
now,13576,1033
now,13577,1025
now,13578,1021
now,13579,1018
now,13580,1036
now,13581,1049
now,13582,1007
now,13583,1004
now,13584,989
now,13585,1005
now,13586,1028
now,13587,1022
now,13588,1100
now,13589,1025
now,13590,987
now,13591,1019
now,13592,1057
now,13593,971
now,13594,993
now,13595,1052
now,13596,995
now,13597,1017
now,13598,1056
now,13599,983
now,13600,1022
now,13601,997
now,13602,1024
now,13603,989
now,13604,983
now,13605,1041
now,13606,1051
now,13607,1064
now,13608,1025
now,13609,1015
now,13610,1020
now,13611,1118
now,13612,1026
now,13613,1026
now,13614,991
now,13615,1026
now,13616,1002
now,13617,1010
now,13618,1016
now,13619,1046
now,13620,1055
now,13621,1039
now,13622,1036
now,13623,1075
now,13624,992
now,13625,972
now,13626,1014
now,13627,1057
now,13628,1076
now,13629,1028
now,13630,990
now,13631,1059
now,13632,1026
now,13633,1028
now,13634,977
now,13635,991
now,13636,978
now,13637,994
now,13638,1060
now,13639,999
now,13640,1050
now,13641,1044
now,13642,1036
now,13643,1041
now,13644,986
now,13645,1035
now,13646,997
now,13647,1075
now,13648,1008
now,13649,968
now,13650,1069
now,13651,1012
now,13652,978
now,13653,993
now,13654,990
now,13655,987
now,13656,1019
now,13657,951
now,13658,1057
now,13659,991
now,13660,1012
now,13661,1089
now,13662,1041
now,13663,1012
now,13664,979
now,13665,1005
now,13666,1013
now,13667,970
now,13668,1014
now,13669,979
now,13670,1026
now,13671,1070
now,13672,1042
now,13673,1054
now,13674,1019
now,13675,1005
now,13676,1015
now,13677,1018
now,13678,1040
now,13679,1002
now,13680,1093
now,13681,1035
now,13682,1006
now,13683,1012
now,13684,1020
now,13685,1051
now,13686,1035
now,13687,973
now,13688,994
now,13689,1000
now,13690,978
now,13691,1054
now,13692,990
now,13693,975
now,13694,987
now,13695,1013
now,13696,1045
now,13697,976
now,13698,1022
now,13699,990
now,13700,1015
now,13701,1021
now,13702,985
now,13703,1061
now,13704,987
now,13705,984
now,13706,1039
now,13707,987
now,13708,1017
now,13709,1002
now,13710,1039
now,13711,989
now,13712,1038
now,13713,990
now,13714,981
now,13715,985
now,13716,1005
now,13717,994
now,13718,1030
now,13719,981
now,13720,997
now,13721,1007
now,13722,1018
now,13723,1026
now,13724,985
now,13725,1000
now,13726,1032
now,13727,1033
now,13728,936
now,13729,1035
now,13730,993
now,13731,988
now,13732,982
now,13733,982
now,13734,1035
now,13735,1013
now,13736,991
now,13737,1006
now,13738,1069
now,13739,1016
now,13740,1019
now,13741,1004
now,13742,1037
now,13743,902
now,13744,996
now,13745,1031
now,13746,959
now,13747,1017
now,13748,1065
now,13749,1018
now,13750,978
now,13751,1007
now,13752,1016
now,13753,975
now,13754,978
now,13755,1030
now,13756,1038
now,13757,1003
now,13758,1025
now,13759,1057
now,13760,1056
now,13761,949
now,13762,1004
now,13763,1010
now,13764,987
now,13765,972
now,13766,1016
now,13767,1039
now,13768,1017
now,13769,948
now,13770,989
now,13771,1015
now,13772,957
now,13773,998
now,13774,1027
now,13775,988
now,13776,1019
now,13777,985
now,13778,1022
now,13779,1042
now,13780,951
now,13781,1006
now,13782,1010
now,13783,983
now,13784,1006
now,13785,961
now,13786,1011
now,13787,934
now,13788,982
now,13789,931
now,13790,1018
now,13791,984
now,13792,966
now,13793,1043
now,13794,1001
now,13795,1010
now,13796,1003
now,13797,990
now,13798,1001
now,13799,995
now,13800,974
now,13801,981
now,13802,953
now,13803,1035
now,13804,1035
now,13805,1011
now,13806,967
now,13807,1026
now,13808,978
now,13809,925
now,13810,985
now,13811,973
now,13812,963
now,13813,953
now,13814,995
now,13815,970
now,13816,988
now,13817,968
now,13818,983
now,13819,995
now,13820,963
now,13821,973
now,13822,992
now,13823,1021
now,13824,1015
now,13825,962
now,13826,999
now,13827,1025
now,13828,1018
now,13829,994
now,13830,1017
now,13831,985
now,13832,968
now,13833,1002
now,13834,1021
now,13835,1010
now,13836,1023
now,13837,944
now,13838,964
now,13839,978
now,13840,955
now,13841,981
now,13842,994
now,13843,980
now,13844,991
now,13845,991
now,13846,964
now,13847,1036
now,13848,1019
now,13849,870
now,13850,967
now,13851,961
now,13852,982
now,13853,1020
now,13854,1001
now,13855,956
now,13856,981
now,13857,954
now,13858,1003
now,13859,961
now,13860,963
now,13861,957
now,13862,996
now,13863,991
now,13864,935
now,13865,960
now,13866,969
now,13867,971
now,13868,927
now,13869,949
now,13870,953
now,13871,1010
now,13872,963
now,13873,929
now,13874,942
now,13875,993
now,13876,971
now,13877,978
now,13878,962
now,13879,902
now,13880,967
now,13881,953
now,13882,978
now,13883,1007
now,13884,903
now,13885,928
now,13886,893
now,13887,969
now,13888,1021
now,13889,946
now,13890,941
now,13891,961
now,13892,973
now,13893,994
now,13894,916
now,13895,1007
now,13896,940
now,13897,1002
now,13898,1039
now,13899,981
now,13900,995
now,13901,951
now,13902,906
now,13903,925
now,13904,972
now,13905,1027
now,13906,947
now,13907,996
now,13908,966
now,13909,959
now,13910,941
now,13911,998
now,13912,1002
now,13913,944
now,13914,975
now,13915,961
now,13916,935
now,13917,970
now,13918,946
now,13919,922
now,13920,981
now,13921,969
now,13922,970
now,13923,981
now,13924,983
now,13925,972
now,13926,920
now,13927,918
now,13928,986
now,13929,945
now,13930,961
now,13931,1028
now,13932,906
now,13933,978
now,13934,938
now,13935,977
now,13936,1035
now,13937,1016
now,13938,904
now,13939,967
now,13940,936
now,13941,929
now,13942,905
now,13943,971
now,13944,931
now,13945,946
now,13946,927
now,13947,953
now,13948,967
now,13949,915
now,13950,969
now,13951,954
now,13952,923
now,13953,940
now,13954,887
now,13955,965
now,13956,958
now,13957,989
now,13958,922
now,13959,949
now,13960,1001
now,13961,959
now,13962,956
now,13963,963
now,13964,958
now,13965,939
now,13966,933
now,13967,960
now,13968,935
now,13969,920
now,13970,963
now,13971,948
now,13972,937
now,13973,927
now,13974,934
now,13975,923
now,13976,874
now,13977,947
now,13978,982
now,13979,890
now,13980,941
now,13981,944
now,13982,933
now,13983,988
now,13984,960
now,13985,945
now,13986,941
now,13987,941
now,13988,916
now,13989,932
now,13990,921
now,13991,973
now,13992,953
now,13993,1001
now,13994,948
now,13995,954
now,13996,1029
now,13997,883
now,13998,976
now,13999,975
